step,t_u_l,fx_solver,fy_solver,fz_solver,drag_solver,downforce_solver,pressure_fx_solver,pressure_fy_solver,pressure_fz_solver,viscous_fx_solver,viscous_fy_solver,viscous_fz_solver
8.0,0.05868399888277054,1402.0069086772553,5.766653669254827,-757.6302527766809,1402.0069086772553,757.6302527766809,889.4413908807888,4.94739618658107,-823.8326763666732,512.5655177964665,0.8192574826737573,66.20242358999229
16.0,0.12008021771907806,1023.9146708641053,4.3236532879827605,-584.652056323074,1023.9146708641053,584.652056323074,630.6013428435342,3.3745647837892854,-636.4214123825267,393.3133280205712,0.9490885041934749,51.769356059452605
24.0,0.18346141278743744,891.0835214990701,3.8337877251568178,-558.2602449954163,891.0835214990701,558.2602449954163,555.217585635963,2.8137104833672932,-604.2593977197284,335.8659358631071,1.0200772417895245,45.99915272431207
32.0,0.24810227751731873,813.1354378818155,3.430103367340556,-552.8116020177487,813.1354378818155,552.8116020177487,512.3399622999018,2.3450291181411735,-594.7037656424566,300.79547558191365,1.0850742491993826,41.892163624707884
40.0,0.3138759732246399,766.8726542017346,3.1236055149368456,-559.9955439776638,766.8726542017346,559.9955439776638,489.52313886125694,1.9874507435373658,-598.4341753943295,277.34951534047764,1.1361547713994797,38.43863141666561
48.0,0.38046273589134216,732.7278614388957,2.800372995360859,-568.4509778536021,732.7278614388957,568.4509778536021,472.59322270580975,1.6245129878940352,-603.7433056148526,260.134638733086,1.1758600074668237,35.292327761250455
56.0,0.4476539194583893,708.80259493023,2.525947929589077,-578.6971337030557,708.80259493023,578.6971337030557,461.6178089672973,1.31949954921883,-611.14541790628,247.18478596293272,1.2064483803702473,32.448284203224404
64.0,0.5154357552528381,689.3333411466261,2.259799495596635,-587.600689326079,689.3333411466261,587.600689326079,452.36919098493604,1.0294862326147145,-617.452462286963,236.9641501616901,1.2303132629819205,29.851772960884077
72.0,0.5836341381072998,674.9328088071995,2.0272132841820105,-596.5860854759811,674.9328088071995,596.5860854759811,446.14592897897893,0.7778951768646141,-624.0776934947187,228.78687982822055,1.2493181073173965,27.491608018737587
80.0,0.6521204113960266,662.7332096360323,1.8222105997470526,-603.9984222891463,662.7332096360323,603.9984222891463,440.68231519233916,0.5578309434309352,-629.3372422880686,222.0508944436931,1.2643796563161174,25.338819998922265
88.0,0.7208763360977173,653.0607192859043,1.64751457967893,-610.66662172844,653.0607192859043,610.66662172844,436.57371455692976,0.37138038293899633,-634.0609333126471,216.4870047289745,1.2761341967399336,23.394311584207067
96.0,0.7898908853530884,644.7508249566312,1.4899598966759102,-616.1426654548654,644.7508249566312,616.1426654548654,432.94691601398085,0.20552754766459103,-637.77606069093,211.80390894265034,1.2844323490113192,21.633395236064526
104.0,0.859153151512146,637.8274782710276,1.3539679961701223,-620.7749295789583,637.8274782710276,620.7749295789583,429.9793092202979,0.06373872891437049,-640.8235970085948,207.84816905072972,1.2902292672557518,20.048667429636506
112.0,0.9286453723907471,631.7263172665913,1.232738941236555,-624.4107906114401,631.7263172665913,624.4107906114401,427.2621950838061,-0.0611370134971958,-643.0356954005555,204.46412218278522,1.2938759547337508,18.62490478911536
120.0,0.9983327984809875,626.4660347370848,1.1217705801449878,-627.2801525698966,626.4660347370848,627.2801525698966,424.90759374819527,-0.17450348447000152,-644.6314893075591,201.55844098888957,1.2962740646149893,17.35133673766258
128.0,1.0681978464126587,621.7279653526052,1.0202874789246965,-629.3401757894492,621.7279653526052,629.3401757894492,422.6825584039977,-0.2773748438708914,-645.5557137351128,199.04540694860754,1.297662322795588,16.21553794566363
136.0,1.1381994485855103,617.5039669577941,0.925761149115778,-630.7304886891806,617.5039669577941,630.7304886891806,420.6416318743011,-0.37212912960054867,-645.9356141295655,196.86233508349298,1.2978902787163267,15.20512544038487
144.0,1.2083183526992798,613.6267836551178,0.837265549924294,-631.4591043301516,613.6267836551178,631.4591043301516,418.66807541923987,-0.45956917335005265,-645.7680140951998,194.95870823587796,1.2968347232743467,14.308909765048213
152.0,1.2785476446151733,610.0722675239426,0.753940850844224,-631.6137754273427,610.0722675239426,631.6137754273427,416.7749528081994,-0.5406075420843441,-645.1325912823256,193.2973147157433,1.2945483929285682,13.518815854982936
160.0,1.348879098892212,606.7657130527703,0.6749592972588689,-631.2389691254771,606.7657130527703,631.2389691254771,414.92257462624843,-0.6164224176011643,-644.0655469516031,191.84313842652185,1.2913817148600333,12.826577826126083
168.0,1.4193065166473389,603.6943166423667,0.5976333010729564,-630.4051901121356,603.6943166423667,630.4051901121356,413.12499994931886,-0.6897742502099948,-642.6306013832145,190.56931669304785,1.2874075512829513,12.22541127107889
176.0,1.4898219108581543,600.8226451362211,0.5249973304642388,-629.1745985512507,600.8226451362211,629.1745985512507,411.37147011126495,-0.7576118329649759,-640.883136563054,189.4511750249562,1.2826091634292147,11.708538011803235
184.0,1.5604149103164673,598.1346134371477,0.45405220369081345,-627.6084999696424,598.1346134371477,627.6084999696424,409.66641554102273,-0.8230286644743661,-638.8783802049539,188.46819789612493,1.2770808681651795,11.26988023531159
192.0,1.6310749053955078,595.6192808746623,0.3852990577671538,-625.7678937069949,595.6192808746623,625.7678937069949,408.0171231594934,-0.885646469634457,-636.6712011023649,187.60215771516891,1.2709455274016108,10.903307395369978
200.0,1.701792597770691,593.2740864834841,0.31820932565435944,-623.7211550835134,593.2740864834841,623.7211550835134,406.43622190911236,-0.9459110561495967,-634.3239611920648,186.8378645743718,1.2641203818039561,10.60280610855133
208.0,1.7725589275360107,591.0784959794942,0.25491534242431624,-621.5146782186907,591.0784959794942,621.5146782186907,404.91666994267626,-1.0019088152241593,-631.8766690155725,186.1618260368179,1.2568241576484755,10.361990796881706
216.0,1.843366265296936,589.0337745964839,0.19133229846137412,-619.2072649516078,589.0337745964839,619.2072649516078,403.4713139258345,-1.057659910464305,-629.3813381020153,185.56246067064944,1.248992208925679,10.174073150407441
224.0,1.914207100868225,587.1248191399873,0.12956850679372534,-616.8407132778084,587.1248191399873,616.8407132778084,402.09567551822875,-1.1113931921863616,-626.8731256260966,185.02914362175852,1.240961698980087,10.032412348288144
232.0,1.9850757122039795,585.3484424617509,0.06966071253182315,-614.458163321633,585.3484424617509,614.458163321633,400.7955108563606,-1.1630684799324698,-624.3888112379925,184.5529316053903,1.232729192464293,9.930647916359488
240.0,2.0559659004211426,583.6884063533317,0.01338073780553417,-612.0866466093745,583.6884063533317,612.0866466093745,399.56246175372263,-1.2108910348230237,-621.9493840788684,184.1259445996091,1.224271772628558,9.862737469493913
248.0,2.126873731613159,582.1440668524048,-0.040624437360671894,-609.7596795948112,582.1440668524048,609.7596795948112,398.4025668237187,-1.2563777641366873,-619.5827496580824,183.74150002868606,1.2157533267760154,9.823070063271167
256.0,2.1977949142456055,580.7061317666621,-0.09273396593481564,-607.4972579787674,580.7061317666621,607.4972579787674,397.31243574700125,-1.2999738498755877,-617.3037709953858,183.39369601966092,1.207239883940772,9.806513016618432
264.0,2.2687265872955322,579.3656051601671,-0.14261739838145004,-605.3153785016897,579.3656051601671,605.3153785016897,396.28786309694766,-1.3413579261500845,-615.1238519565769,183.07774206321943,1.1987405277686345,9.808473454887196
272.0,2.339665651321411,578.1164919135003,-0.18995792403785838,-603.2286801269612,578.1164919135003,603.2286801269612,395.3274027374399,-1.3802784904844536,-613.0535179955571,182.78908917606043,1.1903205664465952,9.824837868595848
280.0,2.410609245300293,576.9526797714256,-0.2348168672521278,-601.2463269717554,576.9526797714256,601.2463269717554,394.4284439392226,-1.4168227794081605,-611.0984179295167,182.524235832203,1.1820059121560327,9.85209095776133
288.0,2.481555461883545,575.8691638530181,-0.27693020403917035,-599.3760523383487,575.8691638530181,599.3760523383487,393.58903058830424,-1.4507439530864983,-609.2632896305474,182.28013326471392,1.173813749047328,9.887237292198709
296.0,2.5525026321411133,574.8609730567167,-0.3171921290703781,-597.6211101989451,574.8609730567167,597.6211101989451,392.8066014310285,-1.4829570112467896,-607.548859532635,182.0543716256882,1.1657648821764115,9.927749333689915
304.0,2.62345027923584,573.9237210761138,-0.3555531659705107,-595.9857305892557,573.9237210761138,595.9857305892557,392.07893005487705,-1.513442263709841,-605.9572010919101,181.84479102123674,1.1578890977393304,9.97147050265437
312.0,2.6943979263305664,573.0501075753793,-0.3904517752167873,-594.4657717674222,573.0501075753793,594.4657717674222,391.40054645939836,-1.5405806647699907,-604.4824385630636,181.64956111598104,1.1501288895532034,10.01666679564147
320.0,2.765345573425293,572.2350403342595,-0.4249115316007259,-593.0586589476301,572.2350403342595,593.0586589476301,390.7680341232832,-1.567331725807251,-603.1203756670093,181.46700621097628,1.142420194206525,10.061716719379213
328.0,2.8362932205200195,571.4800163265396,-0.45644388894127386,-591.7684712903025,571.4800163265396,591.7684712903025,390.18409373898953,-1.5914713483477223,-601.8740011634584,181.29592258755008,1.1350274594064484,10.105529873155845
336.0,2.9072375297546387,570.7753678200967,-0.48518262857826944,-590.5844685588321,570.7753678200967,590.5844685588321,389.6401424973483,-1.6131742617605935,-600.7318867360228,181.1352253227484,1.127991633182324,10.14741817719078
344.0,2.978179931640625,570.1223087138769,-0.5128601503765633,-589.5052980834732,570.1223087138769,589.5052980834732,389.1385609925032,-1.634023046530574,-599.69189579007,180.98374772137367,1.1211628961540108,10.1865977065968
352.0,3.049119710922241,569.5133971516343,-0.5391820400416711,-588.5222124447401,569.5133971516343,588.5222124447401,388.67251756947303,-1.6537510508744395,-598.7448832571515,180.84087958216122,1.1145690108327684,10.222670812411312
360.0,3.1200573444366455,568.946854688405,-0.5639735718304344,-587.6298192031287,568.946854688405,587.6298192031287,388.2410494886951,-1.6721870694046692,-597.8851250365033,180.70580519970983,1.1082134975742348,10.255305833374582
368.0,3.1909923553466797,568.4212586119127,-0.5859453552434175,-586.824490718639,568.4212586119127,586.824490718639,387.84326907200233,-1.6880292005126858,-597.108787470233,180.5779895399104,1.1020838452692683,10.284296751594013
376.0,3.261925220489502,567.9294767715226,-0.6085439791816389,-586.0937156544308,567.9294767715226,586.0937156544308,387.4726664615636,-1.7046755969326632,-596.4033969998985,180.45681030995894,1.0961316177510243,10.309681345467823
384.0,3.332855463027954,567.4715758741429,-0.6295537032652145,-585.4352016749734,567.4715758741429,585.4352016749734,387.129499927241,-1.7199772384877146,-595.7667469419728,180.3420759469019,1.0904235352225,10.331545266999342
392.0,3.4037833213806152,567.0446042152718,-0.649173174013415,-584.8416702772712,567.0446042152718,584.8416702772712,386.81144931574204,-1.734128350614597,-595.1917493608983,180.23315489952972,1.084955176601182,10.350079083627092
400.0,3.4747092723846436,566.6445269695391,-0.6680519082826628,-584.3046320364014,566.6445269695391,584.3046320364014,386.5147278670836,-1.7477407993987804,-594.6700451593449,180.12979910245548,1.0796888911161175,10.36541312294356
408.0,3.545633316040039,566.2725089949282,-0.6875496437333442,-583.820513364063,566.2725089949282,583.820513364063,386.2407554072628,-1.7621506098058894,-594.1983044694972,180.03175358766543,1.0746009660725453,10.377791105434234
416.0,3.616555690765381,565.9205936433218,-0.7045510151098173,-583.3804216233677,565.9205936433218,583.3804216233677,385.98198295487805,-1.7742553537274137,-593.7678678288034,179.9386106884437,1.0697043386175964,10.387446205435664
424.0,3.687476634979248,565.5933582385276,-0.7204753056777231,-582.9836477019314,565.5933582385276,582.9836477019314,385.7430292930789,-1.7855329772179998,-593.3783518397562,179.85032894544872,1.0650576715402766,10.394704137824704
432.0,3.7583956718444824,565.2842423285713,-0.7357602312451674,-582.6203447389398,565.2842423285713,582.6203447389398,385.5177486093976,-1.7963792976549908,-593.0201894314555,179.7664937191737,1.0606190664098234,10.399844692515666
440.0,3.8293137550354004,564.995966144371,-0.7502334657711212,-582.290399623774,564.995966144371,582.290399623774,385.30892120172314,-1.8066175716081663,-592.693565789497,179.68704494264784,1.0563841058370451,10.403166165723109
448.0,3.900230884552002,564.7223880772315,-0.7640202802326339,-581.985546670123,564.7223880772315,581.985546670123,385.11074029701734,-1.816375151246854,-592.3904773898167,179.61164778021418,1.05235487101422,10.404930719693816
456.0,3.9711475372314453,564.4654682987366,-0.776895114106501,-581.7051625513063,564.4654682987366,581.7051625513063,384.92518222577,-1.8254258648957822,-592.1105971776356,179.54028607296658,1.0485307507892812,10.405434626329244
464.0,4.042062759399414,564.2213215905659,-0.7898096256015341,-581.4432996761452,564.2213215905659,581.4432996761452,384.7487448633784,-1.8346833259469832,-591.8481847720914,179.47257672718752,1.0448737003454491,10.404885095946186
472.0,4.112977981567383,563.9903575389096,-0.8025478721990993,-581.1987177517913,563.9903575389096,581.1987177517913,384.5818476799051,-1.843934282382548,-591.6022446935233,179.40850985900454,1.0413864101834487,10.403526941732007
480.0,4.183893203735352,563.7725039423277,-0.8139898328499591,-580.969381091258,563.7725039423277,580.969381091258,384.4246641989496,-1.8520720780931272,-591.3709267983187,179.34783974337813,1.0380822452431682,10.401545707060723
488.0,4.25480842590332,563.5660513682983,-0.8227966706858889,-580.7532436223804,563.5660513682983,580.7532436223804,384.2755905633675,-1.8577848027193737,-591.152338618188,179.29046080493077,1.0349881320334848,10.399094995807605
496.0,4.325723648071289,563.3697420259452,-0.8333329837016534,-580.5465607045692,563.3697420259452,580.5465607045692,384.1335905959088,-1.8653544147495977,-590.9429487635326,179.2361514300364,1.0320214310479443,10.396388058963407
504.0,4.396638870239258,563.1822709262422,-0.8444075864533334,-580.3490164187787,563.1822709262422,580.3490164187787,383.99746074582197,-1.8735205700119328,-590.7426200302652,179.1848101804202,1.0291129835585995,10.393603611486533
512.0,4.467554092407227,563.0040927750081,-0.8536170448679572,-580.1583823858635,563.0040927750081,580.1583823858635,383.867758784334,-1.880153473558778,-590.5492875645816,179.1363339906741,1.0265364286908207,10.390905178718072
520.0,4.538466453552246,562.8348660888714,-0.8617568585034956,-579.9753167423772,562.8348660888714,579.9753167423772,383.74444843496747,-1.8858931451256398,-590.3636154467647,179.09041765390396,1.0241362866221442,10.388298704387498
528.0,4.609381675720215,562.6702352964909,-0.8695625749507099,-579.795335866296,562.6702352964909,579.795335866296,383.6231501104397,-1.891440356134419,-590.1812152359395,179.04708518605116,1.0218777811837092,10.385879369643433
536.0,4.680296897888184,562.5182306070917,-0.8783863508933045,-579.6249230671268,562.5182306070917,579.6249230671268,383.51208117008207,-1.8981229736606422,-590.0086378902481,179.00614943700964,1.0197366227673377,10.383714823121334
544.0,4.751212120056152,562.3697223269452,-0.8851663051482723,-579.4579774552234,562.3697223269452,579.4579774552234,383.4023155009179,-1.9029198092251485,-589.8397629924574,178.9674068260273,1.0177535040768761,10.381785537234006
552.0,4.822127342224121,562.2295266102816,-0.8916730667989632,-579.2965417155539,562.2295266102816,579.2965417155539,383.2986564437093,-1.907596114985186,-589.676718107872,178.93087016657228,1.015923048186223,10.380176392318207
560.0,4.89304256439209,562.0952400618005,-0.8976592350657293,-579.1401065921333,562.0952400618005,579.1401065921333,383.1989985406112,-1.9118850791920932,-589.5189831165017,178.8962415211892,1.0142258441263639,10.378876524368344
568.0,4.963957786560059,561.9680691204192,-0.9032704957305575,-578.988897668366,561.9680691204192,578.988897668366,383.10449219501015,-1.9159191851765747,-589.3668118294333,178.86357692540895,1.0126486894460172,10.377914161067334
576.0,5.034873008728027,561.8456654361904,-0.908535124207487,-578.8413708112294,561.8456654361904,578.8413708112294,383.0130251946516,-1.919723892227827,-589.2186294742087,178.8326402415388,1.01118876802034,10.377258662979276
584.0,5.105794429779053,561.7294987423513,-0.9133487550872816,-578.69898513743,561.7294987423513,578.69898513743,382.9260624220557,-1.9231908694742366,-589.0758974108253,178.80343632029565,1.009842114386955,10.37691227339526
592.0,5.176713466644287,561.617081879795,-0.91794184998811,-578.5595073004193,561.617081879795,578.5595073004193,382.8413669253014,-1.92654241059995,-588.9363424615478,178.77571495449365,1.00860056061184,10.376835161128506
600.0,5.2476325035095215,561.5131060432145,-0.9221301690151913,-578.4282088963115,561.5131060432145,578.4282088963115,382.76352320395654,-1.9295905284987729,-588.8052383116666,178.74958283925793,1.0074603594835816,10.377029415355079
608.0,5.318551540374756,561.4115184692043,-0.926048528572303,-578.2994097501216,561.4115184692043,578.2994097501216,382.68677244947247,-1.9324645932199402,-588.6768543916609,178.72474601973187,1.0064160646476372,10.377444641539181
616.0,5.389466762542725,561.3159379346861,-0.9296150295239958,-578.1756246625915,561.3159379346861,578.1756246625915,382.6146269470142,-1.9350787738585025,-588.5537065236363,178.70131098767186,1.0054637443345067,10.378081861044745
624.0,5.460385799407959,561.2231964319553,-0.9329725724328242,-578.0554310730604,561.2231964319553,578.0554310730604,382.5441960218443,-1.9375688195381118,-588.4343147391958,178.67900041011106,1.0045962471052876,10.37888366613538
632.0,5.531304836273193,561.1367688256846,-0.9360375308116913,-577.9418157377551,561.1367688256846,577.9418157377551,382.47883672167956,-1.9398460017238293,-588.3216639128027,178.6579321040051,1.003808470912138,10.379848175047632
640.0,5.602223873138428,561.0529420678939,-0.9388442117571303,-577.8309475774295,561.0529420678939,577.8309475774295,382.4150485611116,-1.9419382194658599,-588.2118793276989,178.63789350678235,1.0030940077087296,10.380931750269388
648.0,5.6731414794921875,560.9745945882419,-0.9414658535954792,-577.7266775261129,560.9745945882419,577.7266775261129,382.3556903478957,-1.9439121942216988,-588.1087905477495,178.61890424034618,1.0024463406262196,10.382113021636634
656.0,5.744060516357422,560.8969679449631,-0.9439595555802267,-577.6241254866289,560.8969679449631,577.6241254866289,382.29614645404007,-1.9458206801640232,-588.0074871091624,178.60082149092304,1.0018611245837965,10.383361622533442
664.0,5.814979553222656,560.8275595985186,-0.9461313994839449,-577.530058703074,560.8275595985186,577.530058703074,382.24382007637826,-1.9474652128330403,-587.9147287476499,178.58373952214038,1.0013338133490954,10.384670044575863
672.0,5.885898590087891,560.7582034011962,-0.9481802529066066,-577.4378961801359,560.7582034011962,577.4378961801359,382.1907954913488,-1.949038430997101,-587.8238826521897,178.5674079098473,1.0008581780904944,10.385986472053734
680.0,5.956819534301758,560.6939481354136,-0.9500425746949208,-577.3514074877459,560.6939481354136,577.3514074877459,382.1420112449068,-1.950473174525095,-587.7387273513291,178.55193689050674,1.0004305998301741,10.387319863583278
688.0,6.027738571166992,560.6319207630735,-0.9518470776014398,-577.2680350872856,560.6319207630735,577.2680350872856,382.09474263072894,-1.951896710499633,-587.6566709468874,178.5371781323445,1.0000496328981932,10.388635859601832
696.0,6.098657608032227,560.5728605256483,-0.9534351276307769,-577.1886826296595,560.5728605256483,577.1886826296595,382.04965031295774,-1.953145279674593,-587.5786199205927,178.52321021269051,0.9997101520438161,10.38993729093313
704.0,6.169576644897461,560.5167985482003,-0.9549151678786987,-577.1140039385255,560.5167985482003,577.1140039385255,382.00699695125775,-1.9543229681343761,-587.5051851838193,178.50980159694254,0.9994078002556774,10.391181245293895
712.0,6.240499496459961,560.4635139802426,-0.9562440448829692,-577.0431029599293,560.4635139802426,577.0431029599293,381.96637135830764,-1.9553839709636769,-587.4354928670473,178.49714262193498,0.9991399260807077,10.39238990711799
720.0,6.311418533325195,560.4117024320924,-0.9575831419342844,-576.974878836593,560.4117024320924,576.974878836593,381.9267198568426,-1.9564839004803973,-587.3684037326354,178.48498257524983,0.9989007585461129,10.393524896042384
728.0,6.38233757019043,560.3642263274097,-0.9587144781708474,-576.9125037660274,560.3642263274097,576.9125037660274,381.8907494679721,-1.9574044542873965,-587.3071064207031,178.4734768594376,0.9986899761165491,10.394602654675722
736.0,6.453256607055664,560.320689956687,-0.959729128877278,-576.8546925779298,560.320689956687,576.8546925779298,381.85817221816933,-1.9582328706923304,-587.2502987638445,178.4625177385177,0.9985037418150524,10.395606185914769
744.0,6.5241804122924805,560.2761528170824,-0.9607679734502099,-576.7975421056334,560.2761528170824,576.7975421056334,381.8241525302233,-1.9591069346983518,-587.194066311436,178.45200028685915,0.9983389612481419,10.396524205802608
752.0,6.595099449157715,560.2355842724053,-0.9616598027915062,-576.7450873496311,560.2355842724053,576.7450873496311,381.79353998627323,-1.959853861848491,-587.1424627809248,178.44204428613207,0.9981940590569849,10.397375431293689
760.0,6.666018486022949,560.1952744177315,-0.9626390819444572,-576.6940110124656,560.1952744177315,576.6940110124656,381.7627835958132,-1.960706080331505,-587.0921524457394,178.43249082191835,0.9980669983870478,10.398141433273873
768.0,6.736937522888184,560.1604249579169,-0.9634656580670065,-576.6488786155755,560.1604249579169,576.6488786155755,381.7369654888706,-1.96142438505942,-587.0477181027245,178.4234594690463,0.9979587269924135,10.398839487149006
776.0,6.807861328125,560.1236933171999,-0.9643360785249186,-576.6033916908749,560.1236933171999,576.6033916908749,381.7089343140657,-1.9622018128744543,-587.0028443133972,178.41475900313424,0.9978657343495356,10.399452622522247
784.0,6.878780364990234,560.0929245423247,-0.9650894781483546,-576.5643663665902,560.0929245423247,576.5643663665902,381.68638073806954,-1.9628762836379199,-586.9643708928443,178.40654380425516,0.9977868054895653,10.400004526254046
792.0,6.949699401855469,560.0597059151485,-0.965881144465345,-576.523888685274,560.0597059151485,576.523888685274,381.66106295412453,-1.963600896476267,-586.9243725994256,178.39864296102388,0.997719752010922,10.400483914151625
800.0,7.020618438720703,560.0306456465407,-0.9666214644278233,-576.4876023688497,560.0306456465407,576.4876023688497,381.6395077151404,-1.9642851525298433,-586.8885087496252,178.3911379314003,0.99766368810202,10.400906380775538
808.0,7.091543197631836,560.0024578939498,-0.9672013791139413,-576.4532322088814,560.0024578939498,576.4532322088814,381.6184663255174,-1.9648172808522633,-586.8545023814199,178.3839915684324,0.9976159017383219,10.401270172538458
816.0,7.16246223449707,559.9777765992134,-0.9678272765476279,-576.4230344520435,559.9777765992134,576.4230344520435,381.60065509206197,-1.965408453901907,-586.8246027326355,178.37712150715137,0.9975811773542791,10.401568280592091
824.0,7.233381271362305,559.952447350468,-0.9685058209696642,-576.3929877825633,559.952447350468,576.3929877825633,381.581750664536,-1.9661719348723512,-586.794912346636,178.370696685932,0.997666113902687,10.401924564072695
832.0,7.304300308227539,559.9305194062999,-0.9687274636175003,-576.3657136439227,559.9305194062999,576.3657136439227,381.5659382601572,-1.9666553539762992,-586.7680806309108,178.36458114614274,0.9979278903587989,10.40236698698814
840.0,7.3752241134643555,559.9085803613932,-0.9692469998847475,-576.3399278403143,559.9085803613932,576.3399278403143,381.5498597713462,-1.96714558926546,-586.7424706832253,178.35872059004697,0.9978985893807124,10.402542842910979
848.0,7.44614315032959,559.8869869414584,-0.9696144235984798,-576.3141001199436,559.8869869414584,576.3141001199436,381.5338456502089,-1.9674781316065229,-586.7167714647205,178.35314129124953,0.997863708008043,10.402671344776902
856.0,7.517062187194824,559.8691258629017,-0.9687790840729731,-576.2927586830973,559.8691258629017,576.2927586830973,381.52124614823526,-1.9666369310265788,-586.6955068701511,178.34787971466648,0.9978578469536057,10.402748187053787
864.0,7.587981224060059,559.8468167206586,-0.9689145492723581,-576.2672916901404,559.8468167206586,576.2672916901404,381.5040167688045,-1.9667340349619584,-586.6701121907629,178.34279995185403,0.9978194856896003,10.402820500622548
872.0,7.658905982971191,559.8304844633897,-0.9695120341727979,-576.2478772915966,559.8304844633897,576.2478772915966,381.4924293645089,-1.9673007591315486,-586.6507586831408,178.33805509888072,0.9977887249587507,10.402881391544142
880.0,7.729825019836426,559.8113036126346,-0.9699524606449783,-576.2266101096907,559.8113036126346,576.2266101096907,381.4778480881642,-1.9677141309038868,-586.6295153126013,178.33345552447034,0.9977616702589085,10.402905202910613
888.0,7.80074405670166,559.7962450712982,-0.9703869275729895,-576.2084444614197,559.7962450712982,576.2084444614197,381.4670756367311,-1.9681193349645563,-586.6113699861223,178.32916943456718,0.9977324073915668,10.402925524702626
896.0,7.8716630935668945,559.7790248263155,-0.9708239724129832,-576.1889972016561,559.7790248263155,576.1889972016561,381.45397803889864,-1.9685268353280714,-586.5919221948861,178.3250467874169,0.9977028629150881,10.402924993230044
904.0,7.942587375640869,559.7641277898261,-0.971163098622875,-576.1714052119577,559.7641277898261,576.1714052119577,381.44295716552506,-1.9688463325155885,-586.5743322884853,178.3211706243011,0.9976832338927135,10.402927076527575
912.0,8.013506889343262,559.7497712095035,-0.9701639912622335,-576.1546203450936,559.7497712095035,576.1546203450936,381.4322763615629,-1.967952678376764,-586.5575657794196,178.31749484794057,0.9977886871145305,10.402945434326085
920.0,8.084429740905762,559.7362417975112,-0.9698456332224259,-576.1384098260354,559.7362417975112,576.1384098260354,381.4222043381899,-1.9676221218343573,-586.5412838543928,178.31403745932127,0.9977764886119314,10.402874028357328
928.0,8.155352592468262,559.7241985455611,-0.9699807072155036,-576.1248264033508,559.7241985455611,576.1248264033508,381.413404232683,-1.9677281621059572,-586.5276371926684,178.3107943128781,0.9977474548904537,10.402810789317664
936.0,8.226272583007812,559.710636831529,-0.9699439218146289,-576.1087975322155,559.710636831529,576.1087975322155,381.40293587979846,-1.9676298800176077,-586.511541385157,178.30770095173057,0.9976859582029789,10.402743852941505
944.0,8.297195434570312,559.6967770517989,-0.9700468327559424,-576.0931658276918,559.6967770517989,576.0931658276918,381.3921615808581,-1.9673952003891815,-586.495652316417,178.3046154709408,0.9973483676332391,10.402486488725184
952.0,8.368118286132812,559.6844336481993,-0.9701211988452085,-576.079485284755,559.6844336481993,576.079485284755,381.382656800261,-1.9673690133813375,-586.4818387103896,178.30177684793836,0.997247814536129,10.402353425634605
960.0,8.439041137695312,559.6742190198913,-0.9701317233396383,-576.0670208520553,559.6742190198913,576.0670208520553,381.3751467477656,-1.9673617100461778,-586.4693802017761,178.29907227212567,0.9972299867065395,10.402359349720754
968.0,8.509954452514648,559.6641260646194,-0.9705133312151242,-576.0551662868331,559.6641260646194,576.0551662868331,381.3676287600609,-1.9677111131249285,-586.4575595186689,178.2964973045585,0.9971977819098043,10.402393231835728
976.0,8.580877304077148,559.6531573121753,-0.9716095656955783,-576.0421434955385,559.6531573121753,576.0421434955385,381.35913044339253,-1.9687777179286652,-586.4446137495247,178.29402686878274,0.9971681522330869,10.402470253986209
984.0,8.651800155639648,559.6435420659385,-0.9729475755585901,-576.030569152338,559.6435420659385,576.030569152338,381.3518706396411,-1.97007075506359,-586.433098418274,178.2916714262974,0.997123179505,10.402529265935987
992.0,8.722723007202148,559.6346519234096,-0.9735392625745751,-576.0194336651878,559.6346519234096,576.0194336651878,381.3451887041875,-1.9706131531110191,-586.4220171929846,178.28946321922217,0.997073890536444,10.402583527796835
1000.0,8.7936372756958,559.6251654613994,-0.9738974171328376,-576.0083252154299,559.6251654613994,576.0083252154299,381.33782400807945,-1.9709363354290135,-586.4109688500748,178.28734145331995,0.9970389182961759,10.402643634644976
1008.0,8.8645601272583,559.6192950049258,-0.9741446795884228,-576.0000993341797,559.6192950049258,576.0000993341797,381.33392374861387,-1.971149316044757,-586.4028112016115,178.28537125631195,0.9970046364563343,10.402711867431744
1016.0,8.9354829788208,559.6100300445856,-0.9745137823120276,-575.9891611953474,559.6100300445856,575.9891611953474,381.3265865579851,-1.971482744700129,-586.3919360821404,178.28344348660056,0.9969689623881015,10.402774886793031
1024.0,9.0064058303833,559.6043735817783,-0.9747328739106598,-575.9812035015497,559.6043735817783,575.9812035015497,381.32267534126686,-1.9716673050687197,-586.3840593199977,178.28169824051147,0.9969344311580599,10.402855818448105
1032.0,9.07731819152832,559.5957421597411,-0.9749614486624987,-575.9708947508351,559.5957421597411,575.9708947508351,381.31579158676595,-1.9718608746121138,-586.3738223716156,178.27995057297517,0.9968994259496151,10.402927620780455
1040.0,9.148239135742188,559.5907405245928,-0.9752155836814183,-575.9639182784065,559.5907405245928,575.9639182784065,381.31239246240045,-1.9720802574181624,-586.3669291854931,178.27834806219226,0.9968646737367441,10.403010907086628
1048.0,9.219158172607422,559.5830140731873,-0.9755045857208859,-575.9543564002938,559.5830140731873,575.9543564002938,381.3062068239415,-1.9723347910489402,-586.3574498435108,178.2768072492458,0.9968302053280542,10.403093443217049
1056.0,9.290079116821289,559.5775638187963,-0.9757579818729534,-575.9469030738657,559.5775638187963,575.9469030738657,381.30220959528833,-1.9725542701812664,-586.3500819002835,178.27535422350792,0.996796288308313,10.403178826417868
1064.0,9.360998153686523,559.5699823588345,-0.9760528678903135,-575.9376729317818,559.5699823588345,575.9376729317818,381.29603200750256,-1.9728151050300742,-586.3409372981607,178.27395035133202,0.9967622371397606,10.40326436637892
1072.0,9.431918144226074,559.5650978096797,-0.9762212431368216,-575.9313285803327,559.5650978096797,575.9313285803327,381.2924530530298,-1.9729500694492401,-586.3346806597617,178.2726447566499,0.9967288263124185,10.403352079429085
1080.0,9.502838134765625,559.5611615176117,-0.9764362721390585,-575.9255803384208,559.5611615176117,575.9255803384208,381.2897584245602,-1.9731312746099903,-586.3290192088466,178.27140309305156,0.9966950024709318,10.403438870425795
1088.0,9.573760032653809,559.5556848978257,-0.9766793601782897,-575.918520390794,559.5556848978257,575.918520390794,381.2854978708595,-1.9733407261475922,-586.3220417234427,178.2701870269662,0.9966613659693024,10.403521332648706
1096.0,9.644685745239258,559.5503529695676,-0.9768963318139434,-575.9118831599076,559.5503529695676,575.9118831599076,381.28129362261365,-1.9735249813021305,-586.3154905680265,178.26905934695392,0.9966286494881871,10.403607408118903
1104.0,9.715607643127441,559.546960557195,-0.9771129444557873,-575.906938305356,559.546960557195,575.906938305356,381.27896663681486,-1.9737089447469742,-586.310631074304,178.26799392038015,0.9965960002911869,10.403692768947913
1112.0,9.786529541015625,559.5412351445235,-0.9773022875197537,-575.8999040592907,559.5412351445235,575.8999040592907,381.27427907901745,-1.9738662762494457,-586.3036780821051,178.2669560655061,0.996563988729692,10.403774022814389
1120.0,9.857450485229492,559.5390686668968,-0.9774340629955738,-575.8962781999467,559.5390686668968,575.8962781999467,381.27306011646533,-1.9739667750404255,-586.3001329387789,178.26600855043148,0.9965327120448517,10.403854738832274
1128.0,9.928372383117676,559.5343045165489,-0.9776424947622093,-575.8903841842975,559.5343045165489,575.8903841842975,381.26924125582434,-1.9741436214566601,-586.2943122782046,178.2650632607245,0.9965011266944508,10.403928093907059
1136.0,9.999293327331543,559.5306268000292,-0.9778246559384849,-575.8857672092428,559.5306268000292,575.8857672092428,381.26646596707883,-1.9742948116556676,-586.289767060258,178.26416083295032,0.9964701557171827,10.403999851015225
1144.0,10.07021427154541,559.527701834565,-0.9779585907284005,-575.8815509612602,559.527701834565,575.8815509612602,381.2643325858589,-1.9743987141238701,-586.2856278068173,178.26336924870623,0.9964401233954696,10.404076845557078
1152.0,10.141135215759277,559.5232849125398,-0.978119204870211,-575.8758562529521,559.5232849125398,575.8758562529521,381.26074603427446,-1.9745300826226106,-586.2799979965669,178.2625388782653,0.9964108777523997,10.404141743614746
1160.0,10.212053298950195,559.5217832157858,-0.9781669285280774,-575.8734317851321,559.5217832157858,575.8734317851321,381.25996138516166,-1.974549875256102,-586.2776405884653,178.26182183062414,0.9963829467280245,10.40420880333322
1168.0,10.282976150512695,559.5178273165584,-0.9783602947075964,-575.8685439269938,559.5178273165584,575.8685439269938,381.2567833426689,-1.9747154747880362,-586.2728069183938,178.2610439738895,0.9963551800804398,10.4042629914001
1176.0,10.353899002075195,559.5149464729213,-0.9784670295337881,-575.8646301373568,559.5149464729213,575.8646301373568,381.25456534765647,-1.9747964424371638,-586.2689562931564,178.26038112526481,0.9963294129033757,10.404326155799621
1184.0,10.424821853637695,559.5124756585841,-0.9786169348452844,-575.8611272516678,559.5124756585841,575.8611272516678,381.2527442742962,-1.9749187023799895,-586.2655084451128,178.2597313842879,0.996301767534705,10.404381193445069
1192.0,10.495744705200195,559.5094457698904,-0.9787448481575414,-575.8573894098778,559.5094457698904,575.8573894098778,381.25033785062647,-1.975020832317746,-586.2618238359873,178.25910791926384,0.9962759841602047,10.404434426109574
1200.0,10.566667556762695,559.5080029127628,-0.9788036012513119,-575.8550686453698,559.5080029127628,575.8550686453698,381.24946802989393,-1.9750549415135303,-586.2595533319704,178.2585348828689,0.9962513402622184,10.404484686600622
1208.0,10.637589454650879,559.5036833255642,-0.9789541360263048,-575.8503788388449,559.5036833255642,575.8503788388449,381.24575954109986,-1.97518164648414,-586.2549045040839,178.25792378446437,0.9962275104578353,10.404525665239019
1216.0,10.708511352539062,559.5039198690945,-0.9789966725939445,-575.8495711250183,559.5039198690945,575.8495711250183,381.24646303280076,-1.9752012026220882,-586.2541465757536,178.25745683629367,0.9962045300281437,10.404575450735301
1224.0,10.779422760009766,559.5001168040646,-0.9791164670072563,-575.845474968631,559.5001168040646,575.845474968631,381.2432266416084,-1.9752989389246185,-586.2500818214467,178.2568901624563,0.9961824719173622,10.404606852815576
1232.0,10.850345611572266,559.4981627927589,-0.9792677813094892,-575.8425633498624,559.4981627927589,575.8425633498624,381.2417085919419,-1.975428981179979,-586.2472178884706,178.256454200817,0.9961611998704898,10.404654538608153
1240.0,10.921268463134766,559.4963139353152,-0.9792815456464368,-575.8399394557189,559.4963139353152,575.8399394557189,381.24035456128667,-1.975422514533868,-586.2446247033608,178.25595937402855,0.9961409688874312,10.404685247641995
1248.0,10.992189407348633,559.4960146282029,-0.9793812910286901,-575.839120318718,559.4960146282029,575.839120318718,381.2404724219657,-1.9755024508709393,-586.2438447448633,178.25554220623724,0.9961211598422492,10.40472442614529
1256.0,11.063112258911133,559.4924933452583,-0.9794735034185322,-575.8349580109601,559.4924933452583,575.8349580109601,381.23736119180705,-1.9755760938191447,-586.2397212454415,178.25513215345126,0.9961025904006124,10.40476323448137
1264.0,11.134035110473633,559.4919349297662,-0.9795820462357918,-575.8334918906572,559.4919349297662,575.8334918906572,381.23721462907224,-1.975666913590448,-586.2382838948658,178.25472030069398,0.9960848673546563,10.404792004208575
1272.0,11.2049560546875,559.489846953237,-0.9796540028583873,-575.8310205170826,559.489846953237,575.8310205170826,381.23548664288614,-1.9757211967006274,-586.2358492965218,178.25436031035085,0.9960671938422401,10.404828779439157
1280.0,11.27587890625,559.4889403700992,-0.9797583713097424,-575.8297254496197,559.4889403700992,575.8297254496197,381.23495852036416,-1.975809498153371,-586.2345813950589,178.25398184973497,0.9960511268436285,10.404855945439145
1288.0,11.34679126739502,559.4869895985528,-0.9798091131902389,-575.82724144119,559.4869895985528,575.82724144119,381.2333082921584,-1.975845242546372,-586.2321342451664,178.2536813063944,0.9960361293561331,10.404892803976402
1296.0,11.417713165283203,559.4857463309996,-0.9798405039538824,-575.8252554578877,559.4857463309996,575.8252554578877,381.23240663351123,-1.9758614017849787,-586.2301751008365,178.25333969748837,0.9960208978310963,10.40491964294881
1304.0,11.488635063171387,559.4838996241089,-0.9799434402110085,-575.8230594536847,559.4838996241089,575.8230594536847,381.230852153038,-1.9759498111096754,-586.2280128430142,178.25304747107086,0.9960063708986668,10.404953389329496
1312.0,11.55955696105957,559.4833020036417,-0.980015508817492,-575.8218131496182,559.4833020036417,575.8218131496182,381.23055741968085,-1.976009185705978,-586.2267925173362,178.25274458396092,0.9959936768884861,10.404979367718097
1320.0,11.630478858947754,559.482134013267,-0.9800398934724486,-575.8202411785169,559.482134013267,575.8202411785169,381.2296270085611,-1.9760211243751815,-586.22525581302,178.25250700470585,0.9959812309027329,10.40501463450307
1328.0,11.701400756835938,559.4806573130002,-0.9801045085049651,-575.8181620157985,559.4806573130002,575.8181620157985,381.22845248073264,-1.9760735527034967,-586.2231994545804,178.25220483226752,0.9959690441985316,10.405037438781854
1336.0,11.772322654724121,559.4802826670007,-0.9801229418375232,-575.817359248948,559.4802826670007,575.817359248948,381.22827954109516,-1.976079955735015,-586.2224324896388,178.25200312590556,0.9959570138974918,10.405073240690768
1344.0,11.843243598937988,559.4794193610846,-0.9801906697704101,-575.8162112618338,559.4794193610846,575.8162112618338,381.2276851077154,-1.9761376170082379,-586.22130365259,178.25173425336925,0.9959469472378277,10.405092390756156
1352.0,11.914159774780273,559.478336210755,-0.9801905847309991,-575.8144663301907,559.478336210755,575.8144663301907,381.22679241185995,-1.976127726708464,-586.2195944863249,178.251543798895,0.995937141977465,10.405128156134209
1360.0,11.985081672668457,559.4778905326577,-0.980270578491659,-575.8138433973727,559.4778905326577,575.8138433973727,381.2265869201858,-1.9761981857710236,-586.2189937921895,178.25130361247193,0.9959276072793646,10.405150394816854
1368.0,12.05600357055664,559.4762785566612,-0.9803505684347007,-575.8114321649814,559.4762785566612,575.8114321649814,381.22516407794353,-1.976269116796784,-586.2166175882824,178.25111447871768,0.9959185483620834,10.40518542330096
1376.0,12.126924514770508,559.4755108579359,-0.9804130113038942,-575.8102777268095,559.4755108579359,575.8102777268095,381.22456356646046,-1.9763232340183912,-586.2154951438421,178.25094729147543,0.9959102227144969,10.405217417032555
1384.0,12.197846412658691,559.4745544848356,-0.9803966980556122,-575.8087941355335,559.4745544848356,575.8087941355335,381.22379299472914,-1.9762996769064092,-586.2140405790095,178.25076149010647,0.9959029788507969,10.405246443476043
1392.0,12.268768310546875,559.4747251009093,-0.9804628186840283,-575.808521316579,559.4747251009093,575.808521316579,381.22413791852864,-1.976358306319323,-586.2137970185961,178.25058718238063,0.9958954876352948,10.40527570201709
1400.0,12.339689254760742,559.4731599778103,-0.9804766468177428,-575.8066928830912,559.4731599778103,575.8066928830912,381.2227206815721,-1.9763651051124782,-586.2120014568504,178.25043929623814,0.9958884582947354,10.40530857375927
1408.0,12.41061019897461,559.4725128895589,-0.9805576238499691,-575.805378166745,559.4725128895589,575.805378166745,381.2222540936193,-1.9764400230025991,-586.2107116706825,178.2502587959396,0.99588239915263,10.4053335039375
1416.0,12.481529235839844,559.471616005314,-0.9805528039822438,-575.8043358877285,559.471616005314,575.8043358877285,381.221467864469,-1.9764296938161277,-586.20970223279,178.250148140845,0.9958768898338839,10.405366345061584
1424.0,12.552451133728027,559.471350250989,-0.9805686175584052,-575.8033477096233,559.471350250989,575.8033477096233,381.2213552822967,-1.9764398007548856,-586.2087399355208,178.2499949686922,0.9958711831964804,10.405392225897552
1432.0,12.623372077941895,559.4706672287596,-0.9806039469939352,-575.8022950141898,559.4706672287596,575.8022950141898,381.22080268129906,-1.9764692082637634,-586.2077197266815,178.24986454746056,0.9958652612698282,10.405424712491671
1440.0,12.694293975830078,559.4698806041977,-0.9806200669554439,-575.8011358423583,559.4698806041977,575.8011358423583,381.22012832728444,-1.9764808593386753,-586.2065925854581,178.24975227691323,0.9958607923832314,10.405456743099741
1448.0,12.765214920043945,559.4695504047023,-0.9806775738198246,-575.8004027446793,559.4695504047023,575.8004027446793,381.2199238161339,-1.9765339130881916,-586.2058880002683,178.24962658856836,0.995856339268367,10.40548525558897
1456.0,12.836136817932129,559.4689230476142,-0.9806657921372244,-575.799494009103,559.4689230476142,575.799494009103,381.2193747685644,-1.9765183338362196,-586.2050134451943,178.24954827904975,0.9958525416989952,10.405519436091245
1464.0,12.907057762145996,559.4681143177276,-0.9807002879209472,-575.7981165730577,559.4681143177276,575.7981165730577,381.2186867396968,-1.9765485282020787,-586.203664138777,178.24942757803078,0.9958482402811315,10.405547565719335
1472.0,12.97797966003418,559.4668961589566,-0.9807431050273516,-575.7966684313138,559.4668961589566,575.7966684313138,381.2175819624878,-1.976588019049819,-586.2022454110826,178.24931419646884,0.9958449140224674,10.40557697976877
1480.0,13.048898696899414,559.4677960729416,-0.9807498417351264,-575.7971014459474,559.4677960729416,575.7971014459474,381.218559912778,-1.976591470497949,-586.2027052721478,178.24923616016358,0.9958416287628227,10.405603826200366
1488.0,13.119819641113281,559.4679923553608,-0.9807685671011086,-575.7972697388731,559.4679923553608,575.7972697388731,381.21886152366596,-1.9766065932288956,-586.2028962201372,178.24913083169486,0.995838026127787,10.405626481264076
1496.0,13.190741539001465,559.466789031492,-0.980815392951417,-575.7953188029486,559.466789031492,575.7953188029486,381.21774134733124,-1.9766502778636514,-586.200977829961,178.24904768416073,0.9958348849122345,10.405659027012348
1504.0,13.261663436889648,559.4666873274134,-0.9808150409006826,-575.794897313765,559.4666873274134,575.794897313765,381.21767842660154,-1.9766472676763396,-586.2005909156032,178.24900890081182,0.995832226775657,10.405693601838315
1512.0,13.332584381103516,559.4653659738622,-0.9808375684865798,-575.7933397084201,559.4653659738622,575.7933397084201,381.21647454026026,-1.9766677322465078,-586.1990532500577,178.24889143360195,0.995830163759928,10.405713541637468
1520.0,13.403505325317383,559.4658291966587,-0.9809042693744008,-575.7930573738691,559.4658291966587,575.7930573738691,381.21699537337986,-1.9767310372460045,-586.1988014627036,178.24883382327886,0.9958267678716037,10.405744088834496
1528.0,13.474427223205566,559.4655953847271,-0.9808688372869634,-575.7925070559032,559.4655953847271,575.7925070559032,381.21682839985783,-1.9766931574035862,-586.1982800729945,178.24876698486918,0.9958243201166228,10.405773017091336
1536.0,13.545348167419434,559.4649837017633,-0.9809080965964743,-575.7914889637212,559.4649837017633,575.7914889637212,381.2162788500241,-1.9767300648123296,-586.1972920011272,178.24870485173926,0.9958219682158553,10.405803037405967
1544.0,13.616268157958984,559.4652939911103,-0.9808899569786069,-575.7913957390766,559.4652939911103,575.7913957390766,381.2166520801481,-1.9767099288638814,-586.19722505672,178.24864191096225,0.9958199718852745,10.405829317643363
1552.0,13.687189102172852,559.463818194022,-0.9809350981556193,-575.7901514485961,559.463818194022,575.7901514485961,381.21525813054075,-1.9767525832067996,-586.1960012251245,178.2485600634813,0.9958174850511803,10.405849776528358
1560.0,13.758110046386719,559.464291637817,-0.980959579099685,-575.7899417002689,559.464291637817,575.7899417002689,381.2157849996505,-1.9767745752511647,-586.1958179800686,178.24850663816653,0.9958149961514797,10.405876279799676
1568.0,13.829031944274902,559.4634229657199,-0.9809933231065457,-575.7885130294043,559.4634229657199,575.7885130294043,381.2149559032561,-1.9768071393518145,-586.1944206360226,178.24846706246376,0.9958138162452688,10.405907606618328
1576.0,13.899953842163086,559.4624538658614,-0.980978320356507,-575.787561054958,559.4624538658614,575.787561054958,381.214010405119,-1.9767910709597611,-586.1935006871427,178.24844346074244,0.9958127506032541,10.405939632184655
1584.0,13.970874786376953,559.4633982398102,-0.9809550204879924,-575.7879370721389,559.4633982398102,575.7879370721389,381.2150311156497,-1.9767668767444597,-586.1938926703597,178.24836712416055,0.9958118562564673,10.40595559822072
1592.0,14.04179573059082,559.4625133485583,-0.9810145626499187,-575.7867908227473,559.4625133485583,575.7867908227473,381.2141796332403,-1.9768244728351991,-586.1927770111665,178.24833371531804,0.9958099101852804,10.40598618841918
1600.0,14.112717628479004,559.4631772944957,-0.9810623354271,-575.7870794503054,559.4631772944957,575.7870794503054,381.21489334672316,-1.9768706362873107,-586.1930863561622,178.24828394777256,0.9958083008602108,10.406006905856756
1608.0,14.183637619018555,559.462341268593,-0.9810345003122167,-575.7860166408069,559.462341268593,575.7860166408069,381.2140706827324,-1.976840449988007,-586.1920538582177,178.24827058586058,0.9958059496757903,10.406037217410828
1616.0,14.254559516906738,559.4631361455091,-0.9810959923574956,-575.7870126049155,559.4631361455091,575.7870126049155,381.214945705543,-1.9769005149480154,-586.1930622323248,178.2481904399661,0.9958045225905199,10.40604962740927
1624.0,14.325480461120605,559.461904486039,-0.9810683644321605,-575.7850957500893,559.461904486039,575.7850957500893,381.21372193090053,-1.9768714181044622,-586.1911787318322,178.24818255513844,0.9958030536723017,10.406082981742864
1632.0,14.396402359008789,559.4625540156098,-0.9810555866327277,-575.7851907974267,559.4625540156098,575.7851907974267,381.21439070322026,-1.9768575988186274,-586.19130062006,178.24816331238958,0.9958020121858997,10.40610982263336
1640.0,14.467323303222656,559.4615096988464,-0.9810906407849878,-575.7843813983128,559.4615096988464,575.7843813983128,381.21340264939624,-1.976891321165219,-586.1905103186045,178.2481070494501,0.9958006803802313,10.406128920291742
1648.0,14.538244247436523,559.4612153561377,-0.9811129602195274,-575.7833965774211,559.4612153561377,575.7833965774211,381.2131358800611,-1.9769126712061098,-586.1895505764919,178.24807947607655,0.9957997109865824,10.406153999070831
1656.0,14.609166145324707,559.459983048232,-0.9811581735486019,-575.7818651964246,559.459983048232,575.7818651964246,381.21191728594897,-1.9769562944209333,-586.1880472279033,178.24806576228298,0.9957981208723314,10.406182031478698
1664.0,14.680087089538574,559.4606203563582,-0.9811267214000186,-575.7822123488323,559.4606203563582,575.7822123488323,381.21257268811485,-1.9769234369645883,-586.1884159652932,178.24804766824332,0.9957967155645697,10.406203616460884
1672.0,14.751007080078125,559.4616384730364,-0.9811924699118884,-575.7832338864893,559.4616384730364,575.7832338864893,381.2136561444604,-1.9769876189126432,-586.1894480524975,178.24798232857592,0.9957951490007548,10.406214166008274
1680.0,14.821928024291992,559.4612055325117,-0.9811802062180446,-575.7825445493827,559.4612055325117,575.7825445493827,381.2132233632799,-1.9769745307554718,-586.1887828849206,178.2479821692318,0.9957943245374272,10.406238335537836
1688.0,14.892849922180176,559.4613864241979,-0.9811987830410152,-575.7821495386916,559.4613864241979,575.7821495386916,381.213429702796,-1.9769915825726887,-586.1884108466584,178.24795672140192,0.9957927995316735,10.406261307966833
1696.0,14.963770866394043,559.4599572172938,-0.9812182112487138,-575.7805216875126,559.4599572172938,575.7805216875126,381.2120182757168,-1.9770099741248828,-586.1868092548505,178.24793894157693,0.995791762876169,10.406287567337852
1704.0,15.034692764282227,559.4602438271763,-0.9811914449452566,-575.7804058509804,559.4602438271763,575.7804058509804,381.21231662781565,-1.9769821919772657,-586.1867177873476,178.24792719936073,0.9957907470320091,10.40631193636719
1712.0,15.105613708496094,559.4595907595888,-0.9812150944060445,-575.7793962256503,559.4595907595888,575.7793962256503,381.2116839914839,-1.9770054737552325,-586.185733230993,178.24790676810488,0.995790379349188,10.406337005342763
1720.0,15.176535606384277,559.4596339409763,-0.9812177955203163,-575.779091917953,559.4596339409763,575.779091917953,381.21172776493,-1.9770072247714907,-586.1854551820885,178.2479061760464,0.9957894292511744,10.406363264135503
1728.0,15.247456550598145,559.4597126117823,-0.9812414967368515,-575.7788745055236,559.4597126117823,575.7788745055236,381.21182932674384,-1.9770298422848942,-586.1852582704516,178.24788328503843,0.9957883455480427,10.406383764928034
1736.0,15.318376541137695,559.4590500106239,-0.9812345284078186,-575.7781727595126,559.4590500106239,575.7781727595126,381.2111713212609,-1.9770211524617327,-586.1845824812362,178.24787868936298,0.9957866240539142,10.406409721723694
1744.0,15.389298439025879,559.4587543839317,-0.9812445457682646,-575.7775726388834,559.4587543839317,575.7775726388834,381.2109056816897,-1.9770303270416107,-586.1840012637451,178.24784870224198,0.9957857812733462,10.406428624861796
1752.0,15.460220336914062,559.4591390975728,-0.9812665642159439,-575.7776696985261,559.4591390975728,575.7776696985261,381.2113069096138,-1.977051218974431,-586.1841187303332,178.24783218795898,0.995784654758487,10.406449031807135
1760.0,15.53114128112793,559.4588097101316,-0.981286447378948,-575.7769605359966,559.4588097101316,575.7769605359966,381.2109770591622,-1.977069723918076,-586.1834339789264,178.24783265096946,0.9957832765391279,10.406473442929778
1768.0,15.602062225341797,559.4591487156505,-0.9812630427268161,-575.7773521784586,559.4591487156505,575.7773521784586,381.2113435900968,-1.9770461443722986,-586.1838418739287,178.24780512555367,0.9957831016454826,10.406489695470066
1776.0,15.67298412322998,559.4584462777793,-0.981221853597269,-575.7762188547588,559.4584462777793,575.7762188547588,381.21060695103256,-1.9770034463741286,-586.1827393143476,178.24783932674683,0.9957815927768596,10.406520459588874
1784.0,15.743905067443848,559.4589005334515,-0.9812232007440427,-575.7765124058523,559.4589005334515,575.7765124058523,381.21110270029146,-1.977003444618024,-586.1830427158383,178.24779783316,0.9957802438739813,10.406530309985955
1792.0,15.814826965332031,559.4577640381804,-0.9812379291780093,-575.7750698426913,559.4577640381804,575.7750698426913,381.2099661727523,-1.9770182421714413,-586.1816253926729,178.24779786542814,0.995780312993432,10.406555549981606
1800.0,15.885746002197266,559.4574862837217,-0.9812464071999116,-575.774528618717,559.4574862837217,575.774528618717,381.2097133408157,-1.977025464791117,-586.1811009925802,178.2477729429059,0.9957790575912053,10.406572373863224
1808.0,15.956666946411133,559.457954474572,-0.9812708040149962,-575.7748497259934,559.457954474572,575.7748497259934,381.21019589493204,-1.9770481354130656,-586.1814402336609,178.24775857964,0.9957773313980693,10.406590507667456
1816.0,16.027587890625,559.4582433995078,-0.9812404368391325,-575.7746491379363,559.4582433995078,575.7746491379363,381.2104556492682,-1.9770172877816634,-586.1812670428384,178.24778775023952,0.9957768509425309,10.406617904902086
1824.0,16.0985107421875,559.4575978219885,-0.9812305843342894,-575.7740108852031,559.4575978219885,575.7740108852031,381.20983365098164,-1.9770062750261772,-586.1806454919154,178.24776417100693,0.9957756906918878,10.406634606712224
1832.0,16.16943359375,559.4568982985127,-0.9812271319817416,-575.7729269096177,559.4568982985127,575.7729269096177,381.20915291273786,-1.9770021570119596,-586.1795815297681,178.24774538577475,0.995775025030218,10.40665462015048
1840.0,16.2403564453125,559.4582782425296,-0.9812185507508531,-575.7736789059762,559.4582782425296,575.7736789059762,381.21051899355723,-1.9769920948543138,-586.1803563058725,178.2477592489723,0.9957735441034608,10.406677399896262
1848.0,16.311279296875,559.457909050313,-0.9812855402295861,-575.7737248283372,559.457909050313,575.7737248283372,381.21019488295286,-1.9770577295816487,-586.1804111277148,178.24771416736007,0.9957721893520626,10.406686299377668
1856.0,16.3822021484375,559.4584370196341,-0.9812596182767264,-575.7734604066197,559.4584370196341,575.7734604066197,381.21069411449315,-1.9770309756433893,-586.1801734360674,178.2477429051409,0.9957713573666629,10.406713029447692
1864.0,16.45311737060547,559.4579958182437,-0.9812381738179372,-575.7728135297289,559.4579958182437,575.7728135297289,381.2102472594579,-1.9770084765222133,-586.1795492108508,178.24774855878587,0.9957703027042761,10.406735681121992
1872.0,16.52404022216797,559.457233244089,-0.9812564982226046,-575.7720655914865,559.457233244089,575.7720655914865,381.2094868208789,-1.9770256092485106,-586.1788237558333,178.24774642321012,0.9957691110259059,10.406758164346833
1880.0,16.59496307373047,559.4570128597129,-0.9812042838143604,-575.7715065656473,559.4570128597129,575.7715065656473,381.2092739118941,-1.9769735840153135,-586.178284230109,178.2477389478188,0.9957693002009531,10.406777664461714
1888.0,16.66588592529297,559.4570043138554,-0.9812336488081357,-575.7713208471322,559.4570043138554,575.7713208471322,381.2092800281863,-1.9770012997617776,-586.1781156282431,178.247724285669,0.995767650953642,10.406794781110893
1896.0,16.7368106842041,559.4580609317704,-0.9812397263534596,-575.771862019706,559.4580609317704,575.771862019706,381.21033468556857,-1.9770065244748487,-586.1786743981021,178.24772624620192,0.9957667981213891,10.40681237839616
1904.0,16.8077335357666,559.4572908353896,-0.9812958417677988,-575.7711553598484,559.4572908353896,575.7711553598484,381.2095726270802,-1.977061892131438,-586.177983786752,178.24771820830944,0.9957660503636392,10.406828426903528
1912.0,16.8786563873291,559.4562042201779,-0.9812561692655999,-575.7700521303939,559.4562042201779,575.7700521303939,381.20849016243335,-1.9770217681129534,-586.1769013998398,178.2477140577446,0.9957655988473535,10.40684926944591
1920.0,16.9495792388916,559.4579083267221,-0.9813087081990641,-575.771076046205,559.4579083267221,575.771076046205,381.2102077946587,-1.977073583514457,-586.1779358126262,178.2477005320634,0.9957648753153929,10.406859766421126
1928.0,17.02048683166504,559.4563443446062,-0.9812926190534252,-575.769661402696,559.4563443446062,575.769661402696,381.2086104527108,-1.9770567138555322,-586.1765477165877,178.24773389189542,0.9957640948021069,10.406886313891707
1936.0,17.09140968322754,559.4569249949856,-0.9813344743027876,-575.7698661729271,559.4569249949856,575.7698661729271,381.20922564320233,-1.977098055967371,-586.176761451608,178.2476993517832,0.9957635816645833,10.406895278680864
1944.0,17.16233253479004,559.4561735426958,-0.981376329062047,-575.7690787123112,559.4561735426958,575.7690787123112,381.20848114533294,-1.9771391563690752,-586.1759937733409,178.24769239736287,0.9957628273070283,10.406915061029778
1952.0,17.23325538635254,559.4577157060903,-0.9813464807453478,-575.7699075614337,559.4577157060903,575.7699075614337,381.20999007092934,-1.977108275545925,-586.1768462242611,178.24772563516098,0.9957617948005772,10.406938662827484
1960.0,17.30417823791504,559.4560301485557,-0.9813373511627059,-575.7685648489071,559.4560301485557,575.7685648489071,381.20828459644434,-1.9770985615201422,-586.175523454959,178.2477455521113,0.9957612103574363,10.40695860605199
1968.0,17.37510108947754,559.4566950208291,-0.9813348974117293,-575.7688828026345,559.4566950208291,575.7688828026345,381.2089946362566,-1.9770952299327487,-586.1758457329802,178.24770038457257,0.9957603325210194,10.40696293034571
1976.0,17.44602394104004,559.4560656185831,-0.9813949676873044,-575.7684699167263,559.4560656185831,575.7684699167263,381.20840480470383,-1.9771549158462545,-586.1754439728855,178.24766081387924,0.9957599481589501,10.40697405615925
1984.0,17.516948699951172,559.4572933122749,-0.9813963800565384,-575.7688424843969,559.4572933122749,575.7688424843969,381.20957806624864,-1.9771563440106181,-586.1758418581787,178.24771524602636,0.9957599639540797,10.406999373781748
1992.0,17.58785629272461,559.4560507964281,-0.9814226174744975,-575.7675592184357,559.4560507964281,575.7675592184357,381.20832361066,-1.9771816220514555,-586.1745788960882,178.2477271857682,0.995759004576958,10.40701967765248
2000.0,17.65877914428711,559.4563408296106,-0.981429037532692,-575.7679378849501,559.4563408296106,575.7679378849501,381.20868564043747,-1.9771865535737732,-586.1749555973718,178.24765518917314,0.9957575160410812,10.407017712421602
2008.0,17.72970199584961,559.4564770210466,-0.9814749018992011,-575.7675661422716,559.4564770210466,575.7675661422716,381.20878736880354,-1.9772324771761838,-586.174610508712,178.24768965224297,0.9957575752769827,10.407044366440436
2016.0,17.80062484741211,559.4564409955102,-0.9814933106090757,-575.7671666555673,559.4564409955102,575.7671666555673,381.20874984373495,-1.9772497672072245,-586.174231723638,178.24769115177526,0.9957564565981487,10.407065068070704
2024.0,17.87154769897461,559.4570496599345,-0.9815176289305452,-575.7674493542164,559.4570496599345,575.7674493542164,381.20932801295487,-1.9772738757840056,-586.1745390177774,178.24772164697953,0.9957562468534604,10.407089663561033
2032.0,17.94247055053711,559.4566195262297,-0.9815138375431323,-575.767147657033,559.4566195262297,575.767147657033,381.2088495822581,-1.97726936962834,-586.1742589596163,178.24776994397158,0.9957555320852078,10.407111302583292
2040.0,18.01339340209961,559.4560148637634,-0.9815024876416647,-575.7663604049767,559.4560148637634,575.7663604049767,381.2082934422779,-1.9772578997103825,-586.1734780755451,178.24772142148538,0.9957554120687178,10.407117670568393
2048.0,18.08431625366211,559.4559848412416,-0.981519355053603,-575.7663138079769,559.4559848412416,575.7663138079769,381.20830159289187,-1.9772739140460942,-586.1734386156106,178.24768324834974,0.9957545589924912,10.407124807633704
2056.0,18.155227661132812,559.4554770134805,-0.9816196247811417,-575.7655189384876,559.4554770134805,575.7655189384876,381.20779929678565,-1.9773729220303196,-586.1726615494598,178.2476777166948,0.9957532972491778,10.4071426109722
2064.0,18.22614860534668,559.4572789126915,-0.981580347915477,-575.7665405420667,559.4572789126915,575.7665405420667,381.2095705710348,-1.9773333949000396,-586.1737013013046,178.24770834165673,0.9957530469845626,10.407160759237941
2072.0,18.297069549560547,559.4564268951809,-0.9815768335905304,-575.7659189282866,559.4564268951809,575.7659189282866,381.20865220600683,-1.9773300582557063,-586.1731029185835,178.24777468917407,0.9957532246651759,10.40718399029681
2080.0,18.367992401123047,559.4556794568932,-0.9815522432420405,-575.7651471715544,559.4556794568932,575.7651471715544,381.2079554586898,-1.9773046281196667,-586.1723372068229,178.24772399820336,0.9957523848776262,10.407190035268501
2088.0,18.438913345336914,559.4552854596055,-0.9815949278000486,-575.7647038518361,559.4552854596055,575.7647038518361,381.20758674164443,-1.9773466563115285,-586.1719066946483,178.2476987179611,0.9957517285114799,10.407202842812206
2096.0,18.50983428955078,559.4564943347386,-0.981568390132332,-575.7652579291748,559.4564943347386,575.7652579291748,381.20875512131,-1.9773186922636459,-586.1724837479112,178.2477392134286,0.9957503021313139,10.40722581873636
2104.0,18.58075714111328,559.456018147871,-0.9815738573018589,-575.7645039884335,559.456018147871,575.7645039884335,381.2082768296282,-1.977323842925255,-586.1717474020153,178.24774131824273,0.9957499856233962,10.407243413581751
2112.0,18.65167999267578,559.4552960403265,-0.9815373112955381,-575.7639513174954,559.4552960403265,575.7639513174954,381.2075704477284,-1.9772870623793821,-586.1712093151494,178.24772559259813,0.995749751083844,10.407257997654083
2120.0,18.722599029541016,559.4557852816521,-0.9816275765132048,-575.7644370075268,559.4557852816521,575.7644370075268,381.208104460641,-1.9773767667385709,-586.1716969162269,178.2476808210111,0.9957491902253661,10.40725990870007
2128.0,18.793521881103516,559.4561025888092,-0.9816414643073843,-575.7641787284349,559.4561025888092,575.7641787284349,381.2083935951398,-1.9773899747199835,-586.1714616036811,178.24770899366945,0.9957485104125992,10.407282875246231
2136.0,18.864444732666016,559.456656677557,-0.9816287236600045,-575.7644581707989,559.456656677557,575.7644581707989,381.2088943175271,-1.9773765921548847,-586.1717650383387,178.24776236002998,0.9957478684948802,10.407306867539814
2144.0,18.93536376953125,559.4558303030834,-0.9816435190351909,-575.7635002177626,559.4558303030834,575.7635002177626,381.2080632980352,-1.9773902559283414,-586.1708234042667,178.24776700504825,0.9957467368931505,10.407323186504037
2152.0,19.00628662109375,559.456026140791,-0.9815982524490101,-575.7633936146223,559.456026140791,575.7633936146223,381.20825213190915,-1.977344996373711,-586.1707351970726,178.2477740088819,0.995746743924701,10.407341582450373
2160.0,19.077207565307617,559.4551286190883,-0.9816141538427852,-575.7628715393375,559.4551286190883,575.7628715393375,381.207387143181,-1.9773604266915932,-586.1702206215878,178.2477414759073,0.995746272848808,10.407349082250224
2168.0,19.148128509521484,559.4555818943905,-0.9816635361415269,-575.7628117526513,559.4555818943905,575.7628117526513,381.207832374213,-1.977408506125025,-586.1701761761283,178.24774952017754,0.9957449699834982,10.407364423477029
2176.0,19.219051361083984,559.4556518959062,-0.9816102565668885,-575.7625985580153,559.4556518959062,575.7625985580153,381.2078859654994,-1.9773551384351045,-586.1699813727948,178.24776593040673,0.995744881868216,10.407382814779544
2184.0,19.289966583251953,559.4549195372215,-0.9816473197621045,-575.7618924490532,559.4549195372215,575.7618924490532,381.20715758782075,-1.9773917368272151,-586.1692903371542,178.24776194940068,0.9957444170651106,10.407397888100945
2192.0,19.360889434814453,559.4548839224225,-0.9816634769652195,-575.762179050125,559.4548839224225,575.762179050125,381.2071794227751,-1.9774074641680546,-586.1695733510546,178.24770449964737,0.9957439872028351,10.407394300929564
2200.0,19.431812286376953,559.4554793087982,-0.9817443438274633,-575.761894778647,559.4554793087982,575.761894778647,381.20776030845025,-1.9774876280962648,-586.169306242472,178.247719000348,0.9957432842688014,10.407411463824928
2208.0,19.502735137939453,559.4557430118464,-0.9818008205080755,-575.7619269494073,559.4557430118464,575.7619269494073,381.20798669490335,-1.977543756483307,-586.1693604137531,178.24775631694308,0.9957429359752314,10.40743346434573
2216.0,19.57365608215332,559.4563061537597,-0.9817635419246917,-575.7622297030014,559.4563061537597,575.7622297030014,381.20851274652944,-1.977505992425133,-586.1696821590918,178.2477934072303,0.9957424505004413,10.407452456090454
2224.0,19.64457893371582,559.4558750717342,-0.9817567984582922,-575.7617804770186,559.4558750717342,575.7617804770186,381.2080529414517,-1.9774995380158469,-586.1692494535835,178.24782213028254,0.9957427395575547,10.407468976564859
2232.0,19.715499877929688,559.45491229597,-0.981803069979164,-575.7607958687864,559.45491229597,575.7607958687864,381.20711576252444,-1.9775451121674354,-586.1682745844978,178.24779653344547,0.9957420421882714,10.407478715711331
2240.0,19.786422729492188,559.4552906096001,-0.9817711530821427,-575.7608510663684,559.4552906096001,575.7608510663684,381.20750715847066,-1.9775124531084138,-586.1683396224057,178.2477834511294,0.9957413000262711,10.407488556037237
2248.0,19.857345581054688,559.4544218071248,-0.9818776676389955,-575.7604165317103,559.4544218071248,575.7604165317103,381.20667981283043,-1.9776183208149334,-586.1679089739032,178.2477419942944,0.9957406531759379,10.407492442192874
2256.0,19.928268432617188,559.4562005408154,-0.981849416776222,-575.7615991090461,559.4562005408154,575.7615991090461,381.2083842079719,-1.9775895657664257,-586.1691128695785,178.2478163328435,0.9957401489902038,10.407513760532416
2264.0,19.999191284179688,559.4549326828846,-0.9818734666615212,-575.7603968726743,559.4549326828846,575.7603968726743,381.2071427239729,-1.9776135698356256,-586.167916989693,178.24778995891182,0.9957401031741044,10.407520117018706
2272.0,20.070112228393555,559.4554505247991,-0.9818747711077762,-575.7603623934276,559.4554505247991,575.7603623934276,381.2076680675963,-1.9776144739602817,-586.1678949226875,178.24778245720285,0.9957397028525055,10.407532529259907
2280.0,20.141035079956055,559.4549358248862,-0.981910894082362,-575.759947692881,559.4549358248862,575.759947692881,381.2071666627636,-1.977649945230473,-586.1674905033499,178.24776916212267,0.995739051148111,10.40754281046883
2288.0,20.211956024169922,559.4554768129108,-0.9819323720798563,-575.7601673833836,559.4554768129108,575.7601673833836,381.207694372466,-1.9776717000964439,-586.1677277688117,178.24778244044472,0.9957393280165876,10.40756038542809
2296.0,20.282878875732422,559.4557571168461,-0.9819577241526689,-575.7600621599756,559.4557571168461,575.7600621599756,381.2079444603921,-1.9776966729764531,-586.1676419889532,178.24781265645402,0.9957389488237842,10.40757982897753
2304.0,20.353801727294922,559.4559699157119,-0.9819213072142237,-575.7602199449348,559.4559699157119,575.7602199449348,381.2081271160507,-1.9776599108794422,-586.1678164599431,178.24784279966116,0.9957386036652185,10.407596515008354
2312.0,20.424707412719727,559.4549013023702,-0.9819808631055436,-575.7592640792354,559.4549013023702,575.7592640792354,381.2070662083063,-1.9777190931636959,-586.1668711358636,178.247835094064,0.9957382300581523,10.407607056628205
2320.0,20.495628356933594,559.4554303765651,-0.9818907107478276,-575.7593872752643,559.4554303765651,575.7593872752643,381.20760300614836,-1.9776289586266085,-586.1670047127261,178.24782737041673,0.9957382478787808,10.407617437461846
2328.0,20.566551208496094,559.4554472830731,-0.9819079223464255,-575.7592896647195,559.4554472830731,575.7592896647195,381.207592948929,-1.9776459569655334,-586.1669255977044,178.2478543341441,0.9957380346191078,10.407635932984894
2336.0,20.637474060058594,559.4548318568482,-0.9819387107370137,-575.7586289120245,559.4548318568482,575.7586289120245,381.206988030061,-1.977676140188894,-586.1662762218772,178.24784382678723,0.9957374294518804,10.407647309852676
2344.0,20.708396911621094,559.4546640377555,-0.9819211847572893,-575.758307337983,559.4546640377555,575.758307337983,381.2068370964928,-1.9776587895156599,-586.1659639576642,178.24782694126267,0.9957376047583706,10.407656619681283
2352.0,20.779319763183594,559.4548540169653,-0.981896233070553,-575.7582989235668,559.4548540169653,575.7582989235668,381.20702810126454,-1.97763316729292,-586.1659659833449,178.24782591570073,0.995736934222367,10.4076670597781
2360.0,20.850242614746094,559.4545860240796,-0.9819244407062273,-575.7579062222192,559.4545860240796,575.7579062222192,381.20674965267983,-1.9776607816985425,-586.1655884728855,178.24783637139976,0.9957363409923152,10.407682250666255
2368.0,20.921167373657227,559.4540629563433,-0.9819672136964037,-575.7577036771889,559.4540629563433,575.7577036771889,381.20625578460886,-1.9777028887602022,-586.1653907717877,178.24780717173434,0.9957356750637985,10.407687094598685
2376.0,20.992090225219727,559.4545503709774,-0.9820104278333801,-575.7578771412619,559.4545503709774,575.7578771412619,381.20677617617196,-1.9777459315083767,-586.1655634684134,178.24777419480534,0.9957355036749966,10.407686327151486
2384.0,21.063013076782227,559.4569456672334,-0.9820316497010291,-575.75979959082,559.4569456672334,575.75979959082,381.20911756343855,-1.9777667544405393,-586.1675034043454,178.24782810379483,0.9957351047395102,10.40770381352551
2392.0,21.133935928344727,559.4556850035435,-0.9820641124475378,-575.7585272077368,559.4556850035435,575.7585272077368,381.20779607112274,-1.9777988073028663,-586.1662455667596,178.24788893242072,0.9957346948553285,10.407718359022695
2400.0,21.204858779907227,559.4547655722213,-0.9820419731200412,-575.7575137191262,559.4547655722213,575.7575137191262,381.20690014048944,-1.9777767062442262,-586.1652413743838,178.2478654317319,0.995734733124185,10.4077276552575
2408.0,21.275781631469727,559.4548007419144,-0.9819908875526728,-575.7571650392899,559.4548007419144,575.7571650392899,381.2069232027286,-1.9777256317322234,-586.1649087916934,178.24787753918574,0.9957347441795505,10.40774375240349
2416.0,21.346702575683594,559.4541068351273,-0.982037103985367,-575.7565482928408,559.4541068351273,575.7565482928408,381.2062533587128,-1.9777714759072467,-586.1643005100709,178.2478534764145,0.9957343719218796,10.407752217230133
2424.0,21.417625427246094,559.4549426077067,-0.9820010764922973,-575.7570831808833,559.4549426077067,575.7570831808833,381.207088446474,-1.97773488915416,-586.1648464190173,178.2478541612327,0.9957338126618627,10.407763238133974
2432.0,21.488548278808594,559.4547154827033,-0.9819695429320578,-575.7567344794439,559.4547154827033,575.7567344794439,381.2068402089684,-1.977703161376656,-586.1645137736315,178.2478752737348,0.9957336184445982,10.407779294187538
2440.0,21.5594482421875,559.454494914347,-0.9819632084013685,-575.756319679198,559.454494914347,575.756319679198,381.2066138791423,-1.9776955608797984,-586.164112201925,178.24788103520473,0.9957323524784298,10.407792522727053
2448.0,21.63037109375,559.454458680747,-0.9819672603059404,-575.7561872506177,559.454458680747,575.7561872506177,381.20658686966624,-1.9776994719493306,-586.1639897716645,178.2478718110808,0.9957322116433902,10.407802521046888
2456.0,21.7012939453125,559.4547809692468,-0.9819205508584359,-575.756299833332,559.4547809692468,575.756299833332,381.206891036339,-1.977652466119114,-586.1641172435238,178.2478899329078,0.9957319152606781,10.407817410191786
2464.0,21.772216796875,559.4541760314025,-0.9819117667589774,-575.755743558313,559.4541760314025,575.755743558313,381.20629013321206,-1.9776434254072868,-586.1635712697293,178.24788589819042,0.9957316586483094,10.407827711416267
2472.0,21.8431396484375,559.4542581228751,-0.9818931783533627,-575.7556323527084,559.4542581228751,575.7556323527084,381.20637688693466,-1.9776246282007932,-586.1634700964455,178.24788123594047,0.9957314498474306,10.407837743737147
2480.0,21.9140625,559.4539658472249,-0.9819126425032545,-575.7551791465813,559.4539658472249,575.7551791465813,381.20606644683755,-1.9776435052128676,-586.1630305782307,178.24789940038733,0.9957308627096131,10.407851431649467
2488.0,21.9849853515625,559.4539351225491,-0.981908841678842,-575.7554584378462,559.4539351225491,575.7554584378462,381.2060728400645,-1.9776394835320108,-586.1633088152746,178.24786228248456,0.9957306418531688,10.40785037742839
2496.0,22.055906295776367,559.454035469959,-0.9819075694844086,-575.7551957263609,559.454035469959,575.7551957263609,381.20616433568546,-1.977637795729029,-586.1630589280935,178.2478711342735,0.9957302262446204,10.407863201732626
2504.0,22.126829147338867,559.4538193371961,-0.9819356816893725,-575.7548541802793,559.4538193371961,575.7548541802793,381.2059566532471,-1.9776658668858502,-586.1627266322557,178.24786268394905,0.9957301851964777,10.407872451976445
2512.0,22.19775390625,559.4537345957864,-0.9820023536083777,-575.7545594826814,559.4537345957864,575.7545594826814,381.20588723959844,-1.977731949713604,-586.1624387943727,178.24784735618795,0.9957295961052264,10.407879311691367
2520.0,22.2686767578125,559.4537655632228,-0.9820757105135431,-575.754517502903,559.4537655632228,575.754517502903,381.20592675839987,-1.9778050742143218,-586.1624046327744,178.24783880482286,0.9957293637007787,10.407887129871341
2528.0,22.339599609375,559.4539024214074,-0.9821380536145492,-575.7545411043878,559.4539024214074,575.7545411043878,381.2060692597048,-1.9778671445172424,-586.1624367519626,178.2478331617026,0.9957290909026932,10.407895647574723
2536.0,22.410518646240234,559.4546029924334,-0.9821969765892504,-575.7548169175005,559.4546029924334,575.7548169175005,381.2067565380705,-1.9779254635775168,-586.1627245742177,178.2478464543629,0.9957284869882663,10.407907656717137
2544.0,22.481441497802734,559.4547846725579,-0.982293995646998,-575.7549070848888,559.4547846725579,575.7549070848888,381.206901082254,-1.9780228149417134,-586.1628296976754,178.2478835903039,0.9957288192947154,10.40792261278658
2552.0,22.552366256713867,559.4549462595614,-0.9822990738438202,-575.7548461778315,559.4549462595614,575.7548461778315,381.20703769417804,-1.9780278047250004,-586.162781611428,178.24790856538334,0.9957287308811802,10.407935433596569
2560.0,22.623289108276367,559.455037525798,-0.9823069496713757,-575.7548189327374,559.455037525798,575.7548189327374,381.20710964000347,-1.9780353566354156,-586.1627662070885,178.24792788579458,0.99572840696404,10.407947274351056
2568.0,22.694189071655273,559.4550453588929,-0.9822904562050923,-575.7547461347569,559.4550453588929,575.7547461347569,381.2071055566556,-1.9780188619870867,-586.1627049077695,178.24793980223728,0.9957284057819944,10.407958773012517
2576.0,22.76511001586914,559.4550079767305,-0.9823063951164768,-575.7544943093412,559.4550079767305,575.7544943093412,381.2070451358004,-1.978034424283618,-586.1624659175467,178.2479628409301,0.9957280291671413,10.407971608205452
2584.0,22.836034774780273,559.4542128055898,-0.9823369639515187,-575.7536933653348,559.4542128055898,575.7536933653348,381.2062580012072,-1.9780651078848566,-586.1616731079387,178.2479548043827,0.9957281439333379,10.40797974260387
2592.0,22.90695571899414,559.4538430253267,-0.9823368655512166,-575.7534920182171,559.4538430253267,575.7534920182171,381.205919280517,-1.9780649277489726,-586.1614742246006,178.24792374480967,0.995728062197756,10.407982206383457
2600.0,22.97787857055664,559.4547581579213,-0.9823160785452298,-575.7542926126612,559.4547581579213,575.7542926126612,381.206853902547,-1.978042754984246,-586.1622758612062,178.2479042553743,0.9957266764390162,10.407983248545076
2608.0,23.04880142211914,559.4547600788429,-0.9823043230197914,-575.7540100044839,559.4547600788429,575.7540100044839,381.20680904722735,-1.9780313858963323,-586.162011179591,178.24795103161557,0.9957270628765409,10.408001175107103
2616.0,23.11972427368164,559.454025251217,-0.9823896346815557,-575.7532891056977,559.454025251217,575.7532891056977,381.20608851357855,-1.978116049905867,-586.16129708266,178.2479367376385,0.9957264152243113,10.40800797696223
2624.0,23.19064712524414,559.4548488575684,-0.9823680905050836,-575.7536893685577,559.4548488575684,575.7536893685577,381.206903062571,-1.9780938687415075,-586.1617073694308,178.24794579499746,0.9957257782364239,10.408018000873126
2632.0,23.26156997680664,559.4542506687328,-0.9823417790425726,-575.7531279784257,559.4542506687328,575.7531279784257,381.2062926421712,-1.9780675578967948,-586.1611585177862,178.24795802656166,0.9957257788542222,10.408030539360565
2640.0,23.33249282836914,559.4539195833622,-0.9824046991847482,-575.7527654396656,559.4539195833622,575.7527654396656,381.20598406094155,-1.9781298144550137,-586.1608011925963,178.24793552242073,0.9957251152702655,10.40803575293073
2648.0,23.403413772583008,559.4539587735364,-0.9824220796209926,-575.7527514542172,559.4539587735364,575.7527514542172,381.2060408207477,-1.9781477311195155,-586.1607919146137,178.24791795278867,0.9957256514985229,10.40804046039649
2656.0,23.474336624145508,559.4540630599267,-0.9825079254993561,-575.7526367441571,559.4540630599267,575.7526367441571,381.206149718007,-1.9782325081191459,-586.1606856427029,178.24791334191968,0.9957245826197898,10.40804889854571
2664.0,23.545257568359375,559.4552631927825,-0.9824443175561466,-575.753600570428,559.4552631927825,575.753600570428,381.2072773730471,-1.9781691067400275,-586.1616673324571,178.24798581973533,0.995724789183881,10.408066762029133
2672.0,23.616180419921875,559.4543083914075,-0.9825067179909099,-575.7524834476495,559.4543083914075,575.7524834476495,381.20632144557425,-1.9782308757743106,-586.1605578550497,178.2479869458332,0.9957241577834006,10.408074407400175
2680.0,23.687103271484375,559.4541183325339,-0.9824837376714313,-575.7523805586923,559.4541183325339,575.7523805586923,381.2061566727912,-1.9782080928666539,-586.1604593969648,178.24796165974266,0.9957243551952226,10.408078838272525
2688.0,23.758026123046875,559.4541370656253,-0.9825169650365448,-575.7522056692611,559.4541370656253,575.7522056692611,381.20618515104263,-1.9782404179779038,-586.1602925292971,178.2479519145827,0.995723452941359,10.408086860035915
2696.0,23.828929901123047,559.4541645053691,-0.9825321171094297,-575.7521038491512,559.4541645053691,575.7521038491512,381.20621459322666,-1.9782551839033422,-586.1602004579843,178.24794991214253,0.9957230667939125,10.408096608833084
2704.0,23.899852752685547,559.4547612024098,-0.9826124771125135,-575.7525086108741,559.4547612024098,575.7525086108741,381.20680120020796,-1.978334985778221,-586.1606153311324,178.2479600022018,0.9957225086657076,10.408106720258253
2712.0,23.970775604248047,559.4552574348297,-0.9826205820583707,-575.7528818472701,559.4552574348297,575.7528818472701,381.2072544004122,-1.9783431136906855,-586.1610025278353,178.24800303441754,0.9957225316323148,10.408120680565142
2720.0,24.041698455810547,559.4546805762127,-0.9825620902194245,-575.7522104014939,559.4546805762127,575.7522104014939,381.20665597747364,-1.9782850713091324,-586.1603408866256,178.24802459873908,0.9957229810897079,10.408130485131718
2728.0,24.112619400024414,559.4540200974357,-0.9826098049960938,-575.7515448349085,559.4540200974357,575.7515448349085,381.20602263352936,-1.9783322117830648,-586.1596797589013,178.24799746390636,0.995722406786971,10.408134923992861
2736.0,24.183542251586914,559.4540462163591,-0.9826464613346344,-575.7515819291629,559.4540462163591,575.7515819291629,381.2060694633161,-1.978368632830426,-586.1597200616745,178.2479767530429,0.9957221714957916,10.408138132511684
2744.0,24.254465103149414,559.4547258449925,-0.9826087055137904,-575.7517861221731,559.4547258449925,575.7517861221731,381.2067295102738,-1.9783307068072808,-586.159937164541,178.24799633471872,0.9957220012934904,10.40815104236788
2752.0,24.32538604736328,559.4541980755068,-0.9826199633832964,-575.7513190186312,559.4541980755068,575.7513190186312,381.2061917339786,-1.9783418252518965,-586.1594808494838,178.24800634152825,0.9957218618686001,10.408161830852624
2760.0,24.39630889892578,559.4539890482656,-0.9826801648301675,-575.7511297072091,559.4539890482656,575.7511297072091,381.20599998830323,-1.9784016537463902,-586.1592960780191,178.24798905996232,0.9957214889162227,10.408166370810036
2768.0,24.46723175048828,559.4539915602394,-0.9826725141931174,-575.7509053711503,559.4539915602394,575.7509053711503,381.20601460367754,-1.978393741120959,-586.1590775638033,178.24797695656184,0.9957212269278415,10.408172192652906
2776.0,24.53815460205078,559.4540666400987,-0.9827619874804627,-575.7508688435581,559.4540666400987,575.7508688435581,381.2060932600262,-1.9784823192412482,-586.1590486687578,178.2479733800726,0.9957203317607854,10.408179825199694
2784.0,24.60907745361328,559.4541414471847,-0.9828322291083644,-575.750888136937,559.4541414471847,575.750888136937,381.20617112963555,-1.9785524717767302,-586.1590749116748,178.2479703175492,0.9957202426683658,10.408186774737773
2792.0,24.68000030517578,559.4541880082597,-0.982880526420324,-575.7509053180162,559.4541880082597,575.7509053180162,381.20622225562147,-1.978600926519281,-586.1590990303279,178.24796575263832,0.995720400098957,10.408193712311668
2800.0,24.75092124938965,559.4542336306474,-0.9829924444475298,-575.7507457511299,559.4542336306474,575.7507457511299,381.2062736887814,-1.9787121015908689,-586.1589459173201,178.2479599418661,0.9957196571433391,10.408200166190271
2808.0,24.821842193603516,559.4543546240759,-0.9830587195251494,-575.7506581143703,559.4543546240759,575.7506581143703,381.2063974012238,-1.9787787964342574,-586.1588656597733,178.24795722285205,0.9957200769091079,10.408207545403052
2816.0,24.892765045166016,559.4544437495144,-0.9831802156443485,-575.7506545113838,559.4544437495144,575.7506545113838,381.20648952066557,-1.9789001757708622,-586.1588691677482,178.2479542288489,0.9957199601265136,10.408214656364452
2824.0,24.963672637939453,559.4545349899057,-0.9832955971526651,-575.7505846158925,559.4545349899057,575.7505846158925,381.20658370973536,-1.9790153101376742,-586.1588063918299,178.24795128017038,0.995719712985009,10.408221775937404
2832.0,25.034595489501953,559.4563127566564,-0.9832741457022056,-575.7521869464555,559.4563127566564,575.7521869464555,381.2082481182956,-1.9789937322145388,-586.1604259227515,178.24806463836086,0.9957195865123332,10.408238976296051
2840.0,25.105518341064453,559.454740554073,-0.9833456194441466,-575.7506268869842,559.454740554073,575.7506268869842,381.20669603719887,-1.9790650004191388,-586.1588669974863,178.24804451687416,0.9957193809749922,10.408240110502119
2848.0,25.176441192626953,559.454735152084,-0.9833859486125176,-575.7505791617886,559.454735152084,575.7505791617886,381.20672814702385,-1.9791054332550466,-586.1588191619611,178.24800700506017,0.995719484642529,10.40824000017257
2856.0,25.24736213684082,559.4564080190092,-0.9834114107875722,-575.7518607325952,559.4564080190092,575.7518607325952,381.2083826573911,-1.979130704782019,-586.160110420782,178.24802536161812,0.9957192939944468,10.408249688186698
2864.0,25.318283081054688,559.4558346300693,-0.9833851326424918,-575.7513078386959,559.4558346300693,575.7513078386959,381.20774500551346,-1.9791045374599694,-586.1595727209515,178.24808962455577,0.9957194048174776,10.40826488225563
2872.0,25.389205932617188,559.454873033758,-0.9833966475684228,-575.7503651779961,559.454873033758,575.7503651779961,381.206806452589,-1.9791160028764718,-586.158634124865,178.248066581169,0.995719355308049,10.408268946868947
2880.0,25.460128784179688,559.4548460167609,-0.9834361984619244,-575.7502065783635,559.4548460167609,575.7502065783635,381.20680468159827,-1.9791558143591708,-586.1584797395158,178.24804133516267,0.9957196158972463,10.408273161152197
2888.0,25.531051635742188,559.4548912864087,-0.9834952845347606,-575.7501364170025,559.4548912864087,575.7501364170025,381.20685822922536,-1.979213942959836,-586.1584162264903,178.24803305718333,0.9957186584250755,10.408279809487789
2896.0,25.601972579956055,559.4548959723661,-0.9835422246463974,-575.7499985916284,559.4548959723661,575.7499985916284,381.2068667131447,-1.9792606085281097,-586.1582867756481,178.24802925922148,0.9957183838817123,10.408288184019694
2904.0,25.672895431518555,559.4549007042361,-0.9835924398968743,-575.7498582885632,559.4549007042361,575.7498582885632,381.2068769138084,-1.9793110105364988,-586.1581538549779,178.2480237904277,0.9957185706396245,10.408295566414614
2912.0,25.743816375732422,559.4554345979227,-0.9836202468898909,-575.7501738095538,559.4554345979227,575.7501738095538,381.20738941162074,-1.9793387932265407,-586.1584806313078,178.248045186302,0.9957185463366498,10.408306821754069
2920.0,25.814739227294922,559.4551018938661,-0.9836789443275338,-575.7498746299361,559.4551018938661,575.7498746299361,381.20705863698,-1.9793973076004292,-586.1581890114253,178.2480432568861,0.9957183632728954,10.408314381489214
2928.0,25.885662078857422,559.4558907220659,-0.9837111853659746,-575.7503918072523,559.4558907220659,575.7503918072523,381.20783669462634,-1.979429321433777,-586.158714694319,178.24805402743957,0.9957181360678025,10.408322887066687
2936.0,25.95658302307129,559.4561881280296,-0.9837356618287423,-575.75056025234,559.4561881280296,575.75056025234,381.2080898144304,-1.979453137283743,-586.158895425532,178.24809831359912,0.9957174754550007,10.408335173191988
2944.0,26.02750587463379,559.4551272882184,-0.9837504497062488,-575.7495600652487,559.4551272882184,575.7495600652487,381.2070363825307,-1.9794679949443381,-586.1579001862442,178.24809090568772,0.9957175452380893,10.408340120995502
2952.0,26.098413467407227,559.4553828671302,-0.9837724519506312,-575.7496357695626,559.4553828671302,575.7496357695626,381.20730550987116,-1.9794902627283761,-586.157981181464,178.24807735725904,0.9957178107777449,10.408345411901427
2960.0,26.169334411621094,559.455160459615,-0.9838337509203292,-575.7494247954652,559.455160459615,575.7494247954652,381.2070877832788,-1.9795515522971652,-586.1577771743782,178.2480726763361,0.995717801376836,10.408352378913014
2968.0,26.240257263183594,559.4551188690666,-0.9838402943687603,-575.7493608912257,559.4551188690666,575.7493608912257,381.20706610240717,-1.9795582108355116,-586.1577155396678,178.24805276665938,0.9957179164667513,10.408354648442126
2976.0,26.311180114746094,559.4563211980724,-0.9838812510809003,-575.7502517977434,559.4563211980724,575.7502517977434,381.20825781831815,-1.979598524160357,-586.1586123369541,178.24806337975426,0.9957172730794568,10.408360539210618
2984.0,26.382102966308594,559.4560254641389,-0.9839623008251723,-575.7498637045434,559.4560254641389,575.7498637045434,381.20791598261263,-1.979679190550474,-586.1582373572776,178.2481094815262,0.9957168897253017,10.408373652734207
2992.0,26.45302391052246,559.456113662928,-0.983936207871722,-575.7498116833013,559.456113662928,575.7498116833013,381.2080121906748,-1.9796530487611417,-586.1581893925356,178.24810147225324,0.9957168408894197,10.408377709234237
3000.0,26.523944854736328,559.4559763930854,-0.983941151095546,-575.7496711410155,559.4559763930854,575.7496711410155,381.2078486786894,-1.9796575714396845,-586.1580601771583,178.24812771439593,0.9957164203441384,10.40838903614286
3008.0,26.594867706298828,559.4553594993595,-0.9840483204769157,-575.7489688846888,559.4553594993595,575.7489688846888,381.2072462679778,-1.9797644274236479,-586.1573632812594,178.2481132313817,0.9957161069467322,10.408394396570637
3016.0,26.665790557861328,559.4553506544801,-0.9840085922555186,-575.7490729726832,559.4553506544801,575.7490729726832,381.20725794390444,-1.9797250944387148,-586.1574695925112,178.2480927105757,0.9957165021831962,10.408396619828034
3024.0,26.736713409423828,559.4553831241927,-0.9840684227786607,-575.7488879709078,559.4553831241927,575.7488879709078,381.2073013400823,-1.9797847821954324,-586.1572893365367,178.24808178411038,0.9957163594167717,10.408401365628883
3032.0,26.807636260986328,559.4554677404695,-0.9841269048724377,-575.7488777874172,559.4554677404695,575.7488777874172,381.20739129428017,-1.979842274241122,-586.1572849920499,178.2480764461894,0.9957153693686842,10.408407204632649
3040.0,26.878557205200195,559.4570246758467,-0.9841612942134388,-575.7501078202162,559.4570246758467,575.7501078202162,381.2089347846571,-1.9798764950916112,-586.1585214709191,178.24808989118952,0.9957152008781724,10.408413650703022
3048.0,26.949480056762695,559.4566595574181,-0.9841003466391753,-575.7499894328168,559.4566595574181,575.7499894328168,381.20847271481324,-1.9798167463367484,-586.1584180491857,178.24818684260487,0.9957163996975731,10.40842861636881
3056.0,27.020401000976562,559.455455261138,-0.9841216843867304,-575.7487347864559,559.455455261138,575.7487347864559,381.20729956141986,-1.9798375570379196,-586.157163667877,178.2481556997181,0.9957158726511892,10.408428881421056
3064.0,27.091323852539062,559.4554124719468,-0.9841018877624732,-575.7486200216006,559.4554124719468,575.7486200216006,381.2072863637144,-1.979817823747858,-586.1570495677499,178.2481261082325,0.9957159359853849,10.408429546149389
3072.0,27.162246704101562,559.4555031437312,-0.9840824685304272,-575.7484854127758,559.4555031437312,575.7484854127758,381.2073793721584,-1.9797981538333342,-586.1569225751496,178.24812377157275,0.995715685302907,10.408437162373767
3080.0,27.233154296875,559.4554365027863,-0.9840842331878035,-575.7482521945392,559.4554365027863,575.7482521945392,381.2073138601211,-1.97979988935767,-586.1566979029346,178.24812264266515,0.9957156561698666,10.408445708395485
3088.0,27.304075241088867,559.4553964772382,-0.9841057370479391,-575.7483241722555,559.4553964772382,575.7483241722555,381.20727991900515,-1.9798217385069474,-586.1567750237766,178.24811655823308,0.9957160014590083,10.40845085152118
3096.0,27.374996185302734,559.4553945186494,-0.9841403802148574,-575.7482701686664,559.4553945186494,575.7482701686664,381.20728481772016,-1.9798559594675442,-586.1567257938939,178.2481097009292,0.9957155792526868,10.408455625227484
3104.0,27.445919036865234,559.4563061998145,-0.9841039466007606,-575.7488220627371,559.4563061998145,575.7488220627371,381.20815614449464,-1.9798197017742893,-586.157289235294,178.2481500553199,0.9957157551735287,10.408467172556968
3112.0,27.516841888427734,559.4557516094687,-0.9841101173068725,-575.7482925360679,559.4557516094687,575.7482925360679,381.2075918023903,-1.9798254576563643,-586.1567670097763,178.24815980707848,0.9957153403494918,10.408474473708443
3120.0,27.5877628326416,559.4554504592314,-0.9841485677346715,-575.7480180413436,559.4554504592314,575.7480180413436,381.20730454917384,-1.979863350177384,-586.1564962868122,178.2481459100576,0.9957147824427124,10.408478245468586
3128.0,27.6586856842041,559.4554093526084,-0.984103935894769,-575.7478238001626,559.4554093526084,575.7478238001626,381.2072724760568,-1.9798188181564385,-586.1563073049394,178.2481368765516,0.9957148822616695,10.408483504776862
3136.0,27.7296085357666,559.4554425892635,-0.9841692369184845,-575.7478372176686,559.4554425892635,575.7478372176686,381.20730901590775,-1.9798839059747486,-586.1563264268779,178.24813357335577,0.9957146690562642,10.408489209209236
3144.0,27.80052947998047,559.4554025758339,-0.9841807649828356,-575.7476347561797,559.4554025758339,575.7476347561797,381.2072710243201,-1.9798953884972281,-586.1561303082206,178.24813155151378,0.9957146235143925,10.408495552040959
3152.0,27.87145233154297,559.455371351272,-0.9842274711122516,-575.7475104759712,559.455371351272,575.7475104759712,381.20724358532743,-1.979941630697219,-586.1560111087717,178.24812776594456,0.9957141595849675,10.408500632800513
3160.0,27.94237518310547,559.4554012013953,-0.9842538216416519,-575.7475263787871,559.4554012013953,575.7475263787871,381.2072774912573,-1.9799677303017784,-586.1560317665762,178.24812371013792,0.9957139086601265,10.408505387789043
3168.0,28.01329803466797,559.4554459575372,-0.9842847267098196,-575.7474683043711,559.4554459575372,575.7474683043711,381.2073247231144,-1.9799986186778948,-586.1559794101827,178.24812123442283,0.9957138919680752,10.40851110581167
3176.0,28.084218978881836,559.4555091977874,-0.9843387434008637,-575.7473960059427,559.4555091977874,575.7473960059427,381.2073903613828,-1.9800527563576669,-586.1559121036423,178.24811883640456,0.9957140129568032,10.408516097699582
3184.0,28.155139923095703,559.4554305411824,-0.9843927135216011,-575.7471810343184,559.4554305411824,575.7471810343184,381.207314847803,-1.9801067367932177,-586.1557023743987,178.24811569337942,0.9957140232716166,10.408521340080341
3192.0,28.226062774658203,559.45609091097,-0.9844670309452623,-575.7478551792725,559.45609091097,575.7478551792725,381.20796982752466,-1.9801805602176135,-586.1563815579582,178.2481210834453,0.9957135292723511,10.40852637868565
3200.0,28.296985626220703,559.4564567902019,-0.9844463657780438,-575.7480115606779,559.4564567902019,575.7480115606779,381.2082976161971,-1.9801601009561178,-586.1565492568553,178.2481591740047,0.995713735178074,10.408537696177396
3208.0,28.36789321899414,559.4562239161532,-0.9845152498085803,-575.747731354885,559.4562239161532,575.747731354885,381.2080529914828,-1.9802287383489574,-586.1562756519199,178.24817092467043,0.9957134885403771,10.408544297034965
3216.0,28.43881607055664,559.4557932678633,-0.9845311620232018,-575.7471153633505,559.4557932678633,575.7471153633505,381.20762124568034,-1.9802447363206266,-586.1556658189241,178.248172022183,0.9957135742974248,10.40855045557361
3224.0,28.50973892211914,559.4556634112495,-0.9845401702262446,-575.7471182432982,559.4556634112495,575.7471182432982,381.2075060460328,-1.9802534186640788,-586.1556706876024,178.2481573652167,0.9957132484378342,10.408552444304146
3232.0,28.58066177368164,559.4556725279567,-0.98456762208268,-575.7469405203312,559.4556725279567,575.7469405203312,381.2075248646087,-1.9802810199133276,-586.1554969703668,178.24814766334808,0.9957133978306476,10.408556450035524
3240.0,28.651582717895508,559.4557533700178,-0.9846477144583516,-575.7469531008917,559.4557533700178,575.7469531008917,381.20760873678273,-1.9803608870576674,-586.1555141769638,178.24814463323503,0.9957131725993158,10.40856107607213
3248.0,28.722503662109375,559.4558028068618,-0.9846791970757021,-575.7469018609169,559.4558028068618,575.7469018609169,381.20765954441293,-1.9803919273314303,-586.1554683480437,178.24814326244893,0.9957127302557283,10.408566487126796
3256.0,28.793426513671875,559.4558402955877,-0.984735734941413,-575.7468997501117,559.4558402955877,575.7468997501117,381.2076989389069,-1.980448147528346,-586.1554712130805,178.24814135668083,0.995712412586933,10.408571462968876
3264.0,28.864349365234375,559.4562993635116,-0.984762187473733,-575.7472270776941,559.4562993635116,575.7472270776941,381.2081413256251,-1.9804746324773426,-586.1558059622187,178.24815803788653,0.9957124450036096,10.408578884524552
3272.0,28.935272216796875,559.4562352430612,-0.984829879988468,-575.7469994494587,559.4562352430612,575.7469994494587,381.2080741603347,-1.9805417387081583,-586.1555846934908,178.24816108272645,0.9957118587196903,10.40858524403208
3280.0,29.006193161010742,559.4566364452446,-0.9848256231053233,-575.7472434733738,559.4566364452446,575.7472434733738,381.20845609159664,-1.9805379540923589,-586.1558367504732,178.248180353648,0.9957123309870356,10.408593277099344
3288.0,29.07711410522461,559.4565334947404,-0.9848949942638141,-575.7470840780549,559.4565334947404,575.7470840780549,381.20834588779326,-1.9806070248603476,-586.1556829175539,178.24818760694717,0.9957120305965335,10.408598839499069
3296.0,29.14803695678711,559.4561794437641,-0.9849489976746912,-575.7467495245147,559.4561794437641,575.7467495245147,381.20799230479724,-1.9806608447360663,-586.1553535371561,178.2481871389669,0.995711847061375,10.408604012641359
3304.0,29.21895980834961,559.4564059703428,-0.9849428507997703,-575.7468410809179,559.4564059703428,575.7468410809179,381.2082146005232,-1.9806547182860577,-586.155451486697,178.24819136981955,0.9957118674862874,10.408610405779108
3312.0,29.28988265991211,559.4561981352118,-0.9849656552173118,-575.7467205763649,559.4561981352118,575.7467205763649,381.2080151165664,-1.9806772987951362,-586.1553340988307,178.24818301864542,0.9957116435778244,10.40861352246589
3320.0,29.36080551147461,559.4560779073113,-0.9850202692393908,-575.7464959144688,559.4560779073113,575.7464959144688,381.207906211388,-1.9807317147956187,-586.1551125058976,178.2481716959233,0.9957114455562279,10.408616591428792
3328.0,29.431726455688477,559.4562070353953,-0.9850860166765137,-575.7465626524515,559.4562070353953,575.7465626524515,381.208041112691,-1.9807978107225601,-586.1551822719323,178.24816592270435,0.9957117940460464,10.408619619480781
3336.0,29.502634048461914,559.4566726603999,-0.9851128479334159,-575.7466960723466,559.4566726603999,575.7466960723466,381.2084948047118,-1.9808236496689542,-586.1553223467583,178.24817785568814,0.9957108017355383,10.408626274411708
3344.0,29.573556900024414,559.4564069071793,-0.9851402613319438,-575.7464440430507,559.4564069071793,575.7464440430507,381.20822441085073,-1.980851655149575,-586.1550763173664,178.24818249632852,0.9957113938176312,10.408632274315694
3352.0,29.64447784423828,559.4563421115628,-0.9852105892430724,-575.7464333801336,559.4563421115628,575.7464333801336,381.2081666463631,-1.980922377128488,-586.155069262459,178.24817546519967,0.9957117878854157,10.408635882325434
3360.0,29.71540069580078,559.4563528891238,-0.9852840517904249,-575.746303616865,559.4563528891238,575.746303616865,381.2081850070064,-1.9809953242575649,-586.1549424194712,178.24816788211734,0.99571127246714,10.40863880260619
3368.0,29.78632354736328,559.4564681691548,-0.9853510932150671,-575.7461966429063,559.4564681691548,575.7461966429063,381.208302605437,-1.9810618374020006,-586.1548398479486,178.2481655637179,0.9957107441869335,10.408643205042281
3376.0,29.85724639892578,559.4566190442833,-0.9853750904095357,-575.7463878002279,559.4566190442833,575.7463878002279,381.20845570857244,-1.9810864627367106,-586.155034805156,178.24816333571096,0.9957113723271749,10.40864700492809
3384.0,29.92816734313965,559.4566287065766,-0.9854841188044329,-575.7462799560183,559.4566287065766,575.7462799560183,381.2084673690697,-1.9811955065741405,-586.1549308783642,178.24816133750693,0.9957113877697076,10.408650922345903
3392.0,29.999088287353516,559.4567349683489,-0.9855628560461407,-575.7464176863947,559.4567349683489,575.7464176863947,381.208574997396,-1.9812738333618594,-586.1550731713496,178.24815997095294,0.9957109773157187,10.408655484954954
3400.0,30.070011138916016,559.4572344472732,-0.9856559101151068,-575.7466335156358,559.4572344472732,575.7466335156358,381.2090615051168,-1.9813668704920566,-586.1552957287556,178.24817294215643,0.9957109603769498,10.408662213119808
3408.0,30.140933990478516,559.4574668979208,-0.9857346264892675,-575.7467318961632,559.4574668979208,575.7467318961632,381.20927777532194,-1.9814455159282023,-586.1554015898623,178.24818912259877,0.9957108894389348,10.408669693699158
3416.0,30.211856842041016,559.457513940702,-0.9857502164806294,-575.7467090945855,559.457513940702,575.7467090945855,381.20931464044463,-1.981461267145102,-586.1553840245347,178.2481993002574,0.9957110506644725,10.408674929949097
3424.0,30.282779693603516,559.4579107723423,-0.9858220792764325,-575.7469770982884,559.4579107723423,575.7469770982884,381.20969069514007,-1.9815328002619026,-586.155659056217,178.2482200772023,0.9957107209854701,10.40868195792856
3432.0,30.353700637817383,559.4581094532658,-0.9858508133453887,-575.7471934133488,559.4581094532658,575.7471934133488,381.2098649557035,-1.9815613538837429,-586.1558813349502,178.24824449756233,0.9957105405383542,10.408687921601446
3440.0,30.42462158203125,559.4576783894504,-0.9858499221765007,-575.7465820502839,559.4576783894504,575.7465820502839,381.2094303732796,-1.981560973084484,-586.1552746224456,178.24824801617078,0.9957110509079834,10.408692572161717
3448.0,30.49554443359375,559.4579615766972,-0.9858958084585828,-575.746800817423,559.4579615766972,575.746800817423,381.2097089803243,-1.9816065627484587,-586.155498553356,178.248252596373,0.9957107542898759,10.40869773593293
3456.0,30.56646728515625,559.4576185855069,-0.9858690136736761,-575.7466179930794,559.4576185855069,575.7466179930794,381.2093600871272,-1.981579649688756,-586.1553209377096,178.24825849837973,0.99571063601508,10.408702944630093
3464.0,30.637378692626953,559.4572827912779,-0.9859188319591528,-575.7462611928686,559.4572827912779,575.7462611928686,381.2090417022815,-1.981629203896448,-586.1549645171344,178.24824108899634,0.9957103719372953,10.408703324265856
3472.0,30.708297729492188,559.4572964987548,-0.9859495507729983,-575.746290784091,559.4572964987548,575.746290784091,381.20906802725995,-1.981660202060386,-586.1549962819101,178.2482284714948,0.9957106512873877,10.40870549781918
3480.0,30.779220581054688,559.4573952895526,-0.9859972094709046,-575.746268699311,559.4573952895526,575.746268699311,381.2091720172847,-1.9817064791490697,-586.1549773186739,178.24822327226784,0.9957092696781651,10.408708619362885
3488.0,30.850143432617188,559.4574036373738,-0.986030149129133,-575.7460594147595,559.4574036373738,575.7460594147595,381.2091817508927,-1.9817401326044912,-586.1547729070294,178.24822188648102,0.9957099834753582,10.408713492269886
3496.0,30.921066284179688,559.4573786120212,-0.9860533132748265,-575.7460479219285,559.4573786120212,575.7460479219285,381.209157902249,-1.9817624856472538,-586.1547656918885,178.2482207097722,0.9957091723724273,10.408717769960097
3504.0,30.991989135742188,559.4574991305424,-0.986062909628825,-575.746148348517,559.4574991305424,575.746148348517,381.20928138799593,-1.981772893586209,-586.1548695250318,178.24821774254647,0.9957099839573839,10.40872117651481
3512.0,31.062908172607422,559.4574660705464,-0.9861758435883159,-575.7460450078989,559.4574660705464,575.7460450078989,381.209251911903,-1.9818846497254672,-586.1547696163823,178.24821415864335,0.9957088061371513,10.408724608483366
3520.0,31.133831024169922,559.4575411805217,-0.9862096966281135,-575.7459558454036,559.4575411805217,575.7459558454036,381.2093283551875,-1.9819185214620756,-586.1546841849051,178.24821282533418,0.9957088248339621,10.408728339501513
3528.0,31.204753875732422,559.4576493089554,-0.9862972316188849,-575.7459454518296,559.4576493089554,575.7459454518296,381.20943874292834,-1.9820058257915303,-586.1546771272301,178.2482105660271,0.9957085941726453,10.408731675400583
3536.0,31.275676727294922,559.4577064937182,-0.9863181596137972,-575.746029783396,559.4577064937182,575.746029783396,381.2094974614662,-1.9820268033589858,-586.1547653144997,178.24820903225196,0.9957086437451886,10.408735531103678
3544.0,31.346599578857422,559.4582099146465,-0.9863884221125291,-575.7462902949205,559.4582099146465,575.7462902949205,381.20999043516014,-1.9820968996991475,-586.155031280858,178.24821947948638,0.9957084775866184,10.40874098593748
3552.0,31.41752052307129,559.4584449460251,-0.9864542142745674,-575.7464115532321,559.4584449460251,575.7464115532321,381.21020591699494,-1.982162939917309,-586.1551590264726,178.24823902903023,0.9957087256427417,10.40874747324048
3560.0,31.488441467285156,559.4584680415028,-0.9865050024067255,-575.74634823617,559.4584680415028,575.74634823617,381.2102121388722,-1.9822135926265805,-586.155102199265,178.24825590263066,0.995708590219855,10.40875396309504
3568.0,31.559364318847656,559.4581157386853,-0.9865049586962453,-575.7460434501913,559.4581157386853,575.7460434501913,381.2098653603533,-1.9822134560351277,-586.1547997406037,178.24825037833193,0.9957084973388823,10.40875629041243
3576.0,31.630287170410156,559.4584642998968,-0.9865917082002624,-575.7462283720558,559.4584642998968,575.7462283720558,381.21021687574694,-1.9822999947698339,-586.1549877174216,178.24824742414984,0.9957082865695714,10.40875934536573
3584.0,31.701210021972656,559.4586203460008,-0.9866391370491694,-575.7464328690254,559.4586203460008,575.7464328690254,381.2103573635392,-1.9823475406292026,-586.1551986025227,178.24826298246154,0.9957084035800332,10.408765733497304
3592.0,31.772117614746094,559.4586138960353,-0.9866596532203338,-575.7462211634886,559.4586138960353,575.7462211634886,381.2103471945446,-1.9823681507136985,-586.1549915566288,178.24826670149065,0.9957084974933648,10.408770393140227
3600.0,31.843040466308594,559.4583642526156,-0.9867083019136142,-575.7460178219183,559.4583642526156,575.7460178219183,381.21009828640433,-1.9824162023683822,-586.1547925423607,178.24826596621125,0.995707900454768,10.408774720442436
3608.0,31.913963317871094,559.4582395107511,-0.9867403974895363,-575.7458329990582,559.4582395107511,575.7458329990582,381.20998484833365,-1.9824484573842938,-586.1546092436674,178.24825466241745,0.9957080598947574,10.408776244609241
3616.0,31.98488426208496,559.4583043427076,-0.9867773564964331,-575.7458600602248,559.4583043427076,575.7458600602248,381.21005795797026,-1.9824858251509259,-586.1546377268137,178.24824638473734,0.9957084686544928,10.40877766658887
3624.0,32.055809020996094,559.4583656831012,-0.9868646466733828,-575.7458436909282,559.4583656831012,575.7458436909282,381.21012311335346,-1.9825728044490472,-586.1546247521687,178.24824256974773,0.9957081577756643,10.408781061240592
3632.0,32.12672805786133,559.4585024729768,-0.9869321049359954,-575.7458456784582,559.4585024729768,575.7458456784582,381.21026022459307,-1.9826397971076357,-586.1546305362153,178.2482422483837,0.9957076921716403,10.40878485775716
3640.0,32.19765090942383,559.458551047818,-0.9869909045559215,-575.7458432316921,559.458551047818,575.7458432316921,381.2103100524837,-1.982698487890172,-586.154632088836,178.24824099533436,0.9957075833342504,10.408788857143877
3648.0,32.26857376098633,559.4586789783062,-0.9870380323129342,-575.7459274546477,559.4586789783062,575.7459274546477,381.21043978593593,-1.9827459488377972,-586.1547186892615,178.24823919237033,0.995707916524863,10.408791234613721
3656.0,32.33949661254883,559.4587722132626,-0.9871261076573148,-575.7459771559917,559.4587722132626,575.7459771559917,381.2105348462645,-1.982834001337098,-586.1547718315646,178.24823736699804,0.9957078936797832,10.408794675572894
3664.0,32.41041946411133,559.4588668893991,-0.9872104967548627,-575.7459344468087,559.4588668893991,575.7459344468087,381.21063095432703,-1.9829178507529157,-586.1547328182389,178.24823593507207,0.995707353998053,10.40879837143019
3672.0,32.48134231567383,559.4589470812605,-0.9873039885085617,-575.7459806905879,559.4589470812605,575.7459806905879,381.2107126298872,-1.9830112258410608,-586.1547817215206,178.24823445137326,0.9957072373324991,10.408801030932738
3680.0,32.55226516723633,559.4589973951825,-0.987396627645732,-575.7458617779214,559.4589973951825,575.7458617779214,381.21076499057347,-1.9831041247044947,-586.1546664928592,178.24823240460904,0.9957074970587627,10.408804714937746
3688.0,32.623191833496094,559.4591173298444,-0.9874762997411439,-575.745871221925,559.4591173298444,575.745871221925,381.210886484149,-1.9831835002176295,-586.1546787174511,178.2482308456954,0.9957072004764855,10.408807495526121
3696.0,32.694114685058594,559.4597436317597,-0.9875693036780886,-575.746460305989,559.4597436317597,575.746460305989,381.2115051059181,-1.9832761632276856,-586.1552705053584,178.24823852584166,0.995706859549597,10.408810199369476
3704.0,32.765037536621094,559.4603680166224,-0.9876133851921558,-575.7469674461222,559.4603680166224,575.7469674461222,381.2120928683143,-1.9833205805963683,-586.1557870374443,178.2482751483081,0.9957071954042125,10.408819591322066
3712.0,32.835960388183594,559.4604508349777,-0.9876739378355204,-575.7468694853696,559.4604508349777,575.7468694853696,381.2121417394613,-1.983381581871372,-586.1556948170978,178.2483090955164,0.9957076440358517,10.40882533172816
3720.0,32.9068603515625,559.4597436432249,-0.987712449271295,-575.7462982000625,559.4597436432249,575.7462982000625,381.2114363159845,-1.9834201239818618,-586.1551261584692,178.24830732724038,0.9957076747105669,10.408827958406702
3728.0,32.977783203125,559.4599028281837,-0.9877860093278561,-575.7463818180147,559.4599028281837,575.7463818180147,381.21160946888756,-1.9834934720992248,-586.155209926578,178.24829335929607,0.9957074627713687,10.408828108563227
3736.0,33.0487060546875,559.4602076029128,-0.9878085752808321,-575.7465636622278,559.4602076029128,575.7465636622278,381.21190532076974,-1.983516251349256,-586.1553972009768,178.24830228214302,0.9957076760684238,10.408833538749091
3744.0,33.119632720947266,559.4603093873262,-0.9878428174337586,-575.7464574164412,559.4603093873262,575.7464574164412,381.2119994293523,-1.9835502993099894,-586.1552964356498,178.24830995797393,0.9957074818762308,10.408839019208628
3752.0,33.190555572509766,559.4603214894479,-0.9878750267503067,-575.7464441124368,559.4603214894479,575.7464441124368,381.212006856996,-1.9835824828674458,-586.1552878812113,178.2483146324519,0.9957074561171391,10.408843768774396
3760.0,33.261478424072266,559.4606451764112,-0.9878731641799448,-575.7467923088215,559.4606451764112,575.7467923088215,381.212314139874,-1.9835804107807355,-586.1556414887419,178.24833103653714,0.9957072466007908,10.408849179920525
3768.0,33.332401275634766,559.4608791008565,-0.9878770485627943,-575.7468776298837,559.4608791008565,575.7468776298837,381.2125265440028,-1.9835841562258576,-586.155732038414,178.2483525568537,0.9957071076630633,10.40885440853032
3776.0,33.403324127197266,559.460251749704,-0.9879115770758786,-575.7464126483885,559.460251749704,575.7464126483885,381.2118959208175,-1.9836192964717636,-586.1552698323214,178.2483558288865,0.995707719395885,10.408857183932954
3784.0,33.474246978759766,559.4598862724935,-0.9879227176057821,-575.7461928031637,559.4598862724935,575.7461928031637,381.2115548245994,-1.9836304415224841,-586.1550476717921,178.24833144789412,0.995707723916702,10.408854868628357
3792.0,33.54517364501953,559.4599029442206,-0.9879113630522469,-575.7460719184462,559.4599029442206,575.7460719184462,381.21158651259327,-1.983618796134671,-586.154926894422,178.2483164316273,0.995707433082424,10.408854975975855
3800.0,33.61609649658203,559.4599503583871,-0.987929455440903,-575.7459837065749,559.4599503583871,575.7459837065749,381.21163661179185,-1.9836367978419052,-586.1548422678577,178.24831374659524,0.9957073424010021,10.408858561282898
3808.0,33.68701934814453,559.4599555531233,-0.9879872946914303,-575.7459088473291,559.4599555531233,575.7459088473291,381.21164337909596,-1.9836941023557948,-586.1547710674525,178.24831217402738,0.9957068076643645,10.408862220123433
3816.0,33.75794219970703,559.4599923464825,-0.9880202923315546,-575.7459986690642,559.4599923464825,575.7459986690642,381.2116822606276,-1.9837268254434868,-586.1548644155253,178.248310085855,0.9957065331119321,10.40886574646108
3824.0,33.82886505126953,559.4603974311508,-0.9880389004072634,-575.746283462296,559.4603974311508,575.746283462296,381.212083261954,-1.9837451562589692,-586.1551528880309,178.24831416919676,0.9957062558517058,10.408869425734862
3832.0,33.89978790283203,559.460296526207,-0.9880657565333033,-575.7461058263102,559.460296526207,575.7461058263102,381.2119710075673,-1.9837726228990338,-586.15498085272,178.24832551863966,0.9957068663657305,10.408875026409754
3840.0,33.97071075439453,559.4600878964567,-0.9880794354937978,-575.7458273007801,559.4600878964567,575.7458273007801,381.21176674140344,-1.9837860114728603,-586.154705223547,178.24832115505322,0.9957065759790624,10.408877922766877
3848.0,34.041603088378906,559.4601175209082,-0.9881626341947847,-575.7458904310784,559.4601175209082,575.7458904310784,381.2118036581053,-1.9838692259920414,-586.1547696581572,178.24831386280295,0.9957065917972567,10.408879227078824
3856.0,34.112525939941406,559.4600545738068,-0.9881916654411107,-575.7457329400203,559.4600545738068,575.7457329400203,381.2117453105162,-1.9838982650624182,-586.1546140856572,178.2483092632906,0.9957065996213075,10.408881145636888
3864.0,34.183448791503906,559.4601751357973,-0.9882414339587811,-575.7458748609472,559.4601751357973,575.7458748609472,381.21186808133496,-1.9839474569326594,-586.154758185568,178.24830705446237,0.9957060229738783,10.408883324620826
3872.0,34.254371643066406,559.4602533374061,-0.9882848965622641,-575.7457532377645,559.4602533374061,575.7457532377645,381.21194810616964,-1.9839911393643312,-586.1546392586674,178.24830523123643,0.9957062428020671,10.408886020902967
3880.0,34.325294494628906,559.460357396181,-0.9883310352751364,-575.7459099128823,559.460357396181,575.7459099128823,381.2120538470869,-1.9840369170892185,-586.1547980215096,178.24830354909415,0.995705881814082,10.408888108627245
3888.0,34.396217346191406,559.460490034036,-0.988414565347123,-575.7459570567299,559.460490034036,575.7459570567299,381.2121875134409,-1.9841200907064884,-586.154847738633,178.24830252059513,0.9957055253593654,10.408890681903022
3896.0,34.467140197753906,559.4613521181825,-0.9884337112558175,-575.7465416312529,559.4613521181825,575.7465416312529,381.2130276661903,-1.9841394847823164,-586.1554385297511,178.2483244519922,0.9957057735264989,10.408896898498233
3904.0,34.538063049316406,559.4614441583565,-0.9884431384196475,-575.7465891184629,559.4614441583565,575.7465891184629,381.21307436568947,-1.9841488248606858,-586.1554936480403,178.24836979266703,0.9957056864410383,10.408904529577386
3912.0,34.608985900878906,559.46105221784,-0.9884831441629158,-575.7461493218713,559.46105221784,575.7461493218713,381.2126769761812,-1.9841889721009327,-586.1550565822164,178.24837524165878,0.9957058279380169,10.408907260345147
3920.0,34.679908752441406,559.460710448077,-0.9884920218876903,-575.7459857335162,559.460710448077,575.7459857335162,381.2123504792811,-1.9841979656663487,-586.1548928670668,178.24835996879585,0.9957059437786584,10.40890713355056
3928.0,34.75083541870117,559.4609120965277,-0.9885291024023748,-575.7459388781136,559.4609120965277,575.7459388781136,381.21255380180463,-1.9842353149886343,-586.1548491491405,178.24835829472315,0.9957062125862595,10.408910271026956
3936.0,34.82175827026367,559.4607968669836,-0.9885494957308261,-575.7458534906064,559.4607968669836,575.7458534906064,381.21244124473,-1.9842549872583337,-586.1547670154453,178.2483556222537,0.9957054915275076,10.40891352483886
3944.0,34.89268112182617,559.4607537825887,-0.9885704190030409,-575.7458598767489,559.4607537825887,575.7458598767489,381.21240551367805,-1.9842760823463728,-586.1547746761566,178.24834826891055,0.9957056633433319,10.408914799407746
3952.0,34.96360397338867,559.4607653011292,-0.9886267426602262,-575.7458118768709,559.4607653011292,575.7458118768709,381.2124232121894,-1.9843321710725341,-586.1547287936476,178.24834208893978,0.9957054284123079,10.408916916776693
3960.0,35.03453063964844,559.4608423399541,-0.9886651145573735,-575.7458492827901,559.4608423399541,575.7458492827901,381.2125042384573,-1.9843706411610569,-586.1547685724568,178.24833810149673,0.9957055266036834,10.408919289666661
3968.0,35.10545349121094,559.4608577607728,-0.9886822843481826,-575.7457547580749,559.4608577607728,575.7457547580749,381.2125229785666,-1.9843876656813055,-586.154676167705,178.24833478220614,0.9957053813331229,10.408921409630146
3976.0,35.17634582519531,559.4608923712295,-0.9887861607042154,-575.7458020001934,559.4608923712295,575.7458020001934,381.2125601518359,-1.9844912728317023,-586.1547255749468,178.2483322193937,0.9957051121274869,10.408923574753453
3984.0,35.24726867675781,559.4609753529403,-0.9888053890824668,-575.7458000734232,559.4609753529403,575.7458000734232,381.21264475841514,-1.984510900047896,-586.1547262430565,178.2483305945252,0.9957055109654291,10.4089261696333
3992.0,35.31819152832031,559.4610086027305,-0.9888843020612028,-575.745884796635,559.4610086027305,575.745884796635,381.21268031784217,-1.9845895166981986,-586.1548125122803,178.2483282848884,0.9957052146369958,10.408927715645298
4000.0,35.38911437988281,559.4611123158638,-0.988936049605277,-575.7457853032066,559.4611123158638,575.7457853032066,381.21278530735725,-1.9846411737062652,-586.1547155572657,178.24832700850652,0.9957051241009882,10.408930254059134
4008.0,35.46003723144531,559.4615918255262,-0.9889688218751682,-575.7460879333837,559.4615918255262,575.7460879333837,381.21326095424246,-1.984673922066035,-586.1550217627869,178.2483308712837,0.9957051001908668,10.408933829403155
4016.0,35.53096008300781,559.4615988681971,-0.989053115516203,-575.7461195745544,559.4615988681971,575.7461195745544,381.2132541642934,-1.9847583506338191,-586.1550583155908,178.2483447039038,0.9957052351176161,10.40893874103647
4024.0,35.60188293457031,559.4617644027044,-0.98908788644097,-575.7460891092041,559.4617644027044,575.7460891092041,381.2134105099885,-1.9847930321707938,-586.1550322405789,178.24835389271595,0.9957051457298238,10.408943131374759
4032.0,35.67280578613281,559.4620133271906,-0.9891320855938055,-575.7462609694576,559.4620133271906,575.7462609694576,381.21365054887735,-1.984837586372655,-586.1552077647991,178.24836277831315,0.9957055007788496,10.408946795341533
4040.0,35.74372863769531,559.4624790584239,-0.9891523314751973,-575.7467399250772,559.4624790584239,575.7467399250772,381.21408292813817,-1.9848574349089754,-586.1556933084483,178.2483961302858,0.995705103433778,10.408953383371168
4048.0,35.81465148925781,559.4620051311649,-0.9891686216429685,-575.7463539309695,559.4620051311649,575.7463539309695,381.2135950386892,-1.9848741485953565,-586.155309712407,178.24841009247564,0.995705526952388,10.408955781437554
4056.0,35.88557815551758,559.46197198546,-0.9891864541075437,-575.7461593727323,559.46197198546,575.7461593727323,381.2135672082072,-1.9848922149359316,-586.1551169812067,178.24840477725272,0.9957057608283879,10.408957608474305
4064.0,35.95650100708008,559.4619675172468,-0.9891869666288748,-575.746080681982,559.4619675172468,575.746080681982,381.2135594113766,-1.984892883375637,-586.1550422898348,178.24840810587017,0.9957059167467621,10.408961607852774
4072.0,36.02742385864258,559.4619550035575,-0.989160037319901,-575.7461043301621,559.4619550035575,575.7461043301621,381.2135421076152,-1.9848660542489345,-586.1550694043269,178.2484128959423,0.9957060169290335,10.408965074164778
4080.0,36.09834671020508,559.4617472919454,-0.9891739776727118,-575.7460539625368,559.4617472919454,575.7460539625368,381.21334423233174,-1.9848796185720712,-586.15501958823,178.24840305961357,0.9957056408993594,10.408965625693051
4088.0,36.16926956176758,559.4617547612683,-0.989171672903804,-575.745945590217,559.4617547612683,575.745945590217,381.213362145097,-1.9848775542164123,-586.1549114985426,178.24839261617126,0.9957058813126083,10.408965908325502
4096.0,36.24019241333008,559.4621718085823,-0.9891684946030086,-575.7462138997934,559.4621718085823,575.7462138997934,381.2137657752392,-1.9848739805264772,-586.1551853762005,178.24840603334303,0.9957054859234686,10.40897147640718
4104.0,36.311119079589844,559.4622017779288,-0.9891695846658868,-575.7461234794608,559.4622017779288,575.7461234794608,381.21377944683627,-1.9848750671874145,-586.1550999499557,178.24842233109263,0.9957054825215277,10.408976470494842
4112.0,36.38201141357422,559.4619563391213,-0.9891464986285587,-575.745935592515,559.4619563391213,575.745935592515,381.2135277789605,-1.9848519346990585,-586.1549155047444,178.2484285601608,0.9957054360704998,10.408979912229364
4120.0,36.45293426513672,559.4616258596444,-0.9891809490952679,-575.745659002658,559.4616258596444,575.745659002658,381.2132073207687,-1.984886140654893,-586.1546393047099,178.2484185388757,0.9957051915596251,10.408980302051917
4128.0,36.52385711669922,559.4621384577379,-0.9890869012626542,-575.7459733436316,559.4621384577379,575.7459733436316,381.2137123048184,-1.9847926115965375,-586.1549577925016,178.24842615291948,0.9957057103338833,10.408984448869967
4136.0,36.59477996826172,559.4618690324617,-0.989106753624343,-575.7456905798526,559.4618690324617,575.7456905798526,381.2134322184572,-1.9848121884761536,-586.1546786763197,178.2484368140045,0.9957054348518106,10.408988096467093
4144.0,36.66569900512695,559.4614964800928,-0.9890587735902585,-575.7454188872605,559.4614964800928,575.7454188872605,381.21306767050993,-1.9847639965360386,-586.154407790871,178.24842880958286,0.9957052229457801,10.408988903610496
4152.0,36.73662185668945,559.4613884250618,-0.9890470722732765,-575.7453091849585,559.4613884250618,575.7453091849585,381.21296952262117,-1.9847522067041998,-586.1542985890799,178.24841890244068,0.9957051344309233,10.408989404121408
4160.0,36.80754470825195,559.4613804403355,-0.9890465341316421,-575.7453834670451,559.4613804403355,575.7453834670451,381.2129677367218,-1.9847517606051266,-586.1543734575805,178.2484127036136,0.9957052264734845,10.40898999053541
4168.0,36.87846374511719,559.4613717781979,-0.9890210332906246,-575.7453674535768,559.4613717781979,575.7453674535768,381.2129624445321,-1.9847262256471572,-586.1543591291047,178.24840933366585,0.9957051923565325,10.408991675527844
4176.0,36.94938659667969,559.4612334994575,-0.9890321965292794,-575.7451260156191,559.4612334994575,575.7451260156191,381.2128268044487,-1.9847375198915698,-586.1541199515534,178.24840669500884,0.9957053233622903,10.408993935934246
4184.0,37.02030944824219,559.4612940523361,-0.9889946138832375,-575.7452798880475,559.4612940523361,575.7452798880475,381.2128892858053,-1.984699928974937,-586.154275240435,178.24840476653083,0.9957053150916995,10.408995352387489
4192.0,37.09123229980469,559.4612257468998,-0.9890069926971718,-575.7450433455255,559.4612257468998,575.7450433455255,381.2128244586206,-1.9847121677212813,-586.154040900312,178.24840128827918,0.9957051750241095,10.408997554786549
4200.0,37.16215515136719,559.4612252356944,-0.9890173869066086,-575.7451014366914,559.4612252356944,575.7451014366914,381.21282616045664,-1.984722970332185,-586.1541005664955,178.24839907523778,0.9957055834255764,10.40899912980407
4208.0,37.23307800292969,559.4612616606661,-0.9890029682396451,-575.7450943942948,559.4612616606661,575.7450943942948,381.2128649948071,-1.9847082511308969,-586.1540951183468,178.248396665859,0.9957052828912518,10.409000724052039
4216.0,37.30400085449219,559.4611838076446,-0.9890410154832607,-575.7449274990622,559.4611838076446,575.7449274990622,381.2127887180902,-1.9847461596786662,-586.1539301887576,178.24839508955444,0.9957051441954055,10.40900268969541
4224.0,37.37492370605469,559.4612385485582,-0.9890271065436389,-575.744974443443,559.4612385485582,575.744974443443,381.2128430483837,-1.9847326520208322,-586.1539788376035,178.2483955001744,0.9957055454771933,10.409004394160517
4232.0,37.44584274291992,559.4612240818635,-0.9890486143175838,-575.7448919513816,559.4612240818635,575.7448919513816,381.21282935757915,-1.9847537534315265,-586.1538988112056,178.24839472428442,0.9957051391139426,10.409006859823952
4240.0,37.51676559448242,559.4612536847105,-0.9890729262997375,-575.7448104601157,559.4612536847105,575.7448104601157,381.2128592913922,-1.9847783037653421,-586.1538196782116,178.2483943933184,0.9957053774656046,10.409009218095926
4248.0,37.58768844604492,559.4612826196169,-0.9891030362878359,-575.744934060975,559.4612826196169,575.744934060975,381.2128880015398,-1.9848085160479263,-586.1539446998217,178.24839461807707,0.9957054797600904,10.409010638846818
4256.0,37.65861129760742,559.4612436524526,-0.9890890802555674,-575.7448089604404,559.4612436524526,575.7448089604404,381.21284996663144,-1.984794264456243,-586.1538220047903,178.2483936858211,0.9957051842006757,10.409013044349836
4264.0,37.72953414916992,559.4612873708863,-0.9891312476526659,-575.7448548914653,559.4612873708863,575.7448548914653,381.21289420892674,-1.984836491347763,-586.1538698724829,178.24839316195954,0.995705243695097,10.409014981017666
4272.0,37.80045700073242,559.4617347985488,-0.9891577697209608,-575.7450800699858,559.4617347985488,575.7450800699858,381.21332648773796,-1.9848627161789119,-586.1540998940258,178.24840831081087,0.995704946457951,10.409019824040014
4280.0,37.871376037597656,559.4615828720364,-0.9891854214888269,-575.744893012345,559.4615828720364,575.744893012345,381.21316836767653,-1.9848901584112442,-586.1539165387613,178.2484145043599,0.9957047369224172,10.40902352641638
4288.0,37.942298889160156,559.4614508660443,-0.9891977503225329,-575.7448261435014,559.4614508660443,575.7448261435014,381.2130397777519,-1.9849028111350702,-586.1538507772154,178.2484110882924,0.9957050608125373,10.409024633714033
4296.0,38.013221740722656,559.4619307357281,-0.9891757406999337,-575.7451474268327,559.4619307357281,575.7451474268327,381.2135066190758,-1.9848808305491765,-586.1541763484188,178.24842411665225,0.9957050898492428,10.409028921586136
4304.0,38.084144592285156,559.4621300832725,-0.9891375255079184,-575.7453343112043,559.4621300832725,575.7453343112043,381.21368610461104,-1.984843301934526,-586.1543674010641,178.24844397866153,0.9957057764266075,10.409033089859781
4312.0,38.155067443847656,559.4617457025147,-0.9891265516328476,-575.7450021165713,559.4617457025147,575.7450021165713,381.213295291388,-1.984831862166648,-586.1540377306042,178.24845041112673,0.9957053105338005,10.40903561403291
4320.0,38.225990295410156,559.4614269058709,-0.9891765722387751,-575.7447152031253,559.4614269058709,575.7447152031253,381.21298849409186,-1.9848817712444866,-586.1537504056305,178.2484384117791,0.9957051990057115,10.409035202505178
4328.0,38.296913146972656,559.4607843390199,-0.9891687264534488,-575.7443100543258,559.4607843390199,575.7443100543258,381.2123636295426,-1.9848739899348251,-586.1533441000126,178.24842070947733,0.9957052634813763,10.409034045686875
4336.0,38.36783218383789,559.461854529316,-0.9891785451575226,-575.7449875836058,559.461854529316,575.7449875836058,381.213422228558,-1.9848834149025807,-586.1540237410203,178.24843230075805,0.9957048697450581,10.409036157414425
4344.0,38.43875503540039,559.461606038723,-0.9891441347969936,-575.7447337774938,559.461606038723,575.7447337774938,381.21316629588244,-1.9848496350907254,-586.1537742717487,178.24843974284056,0.9957055002937318,10.409040494254898
4352.0,38.50967788696289,559.4614479575395,-0.9891552929454122,-575.7445879045704,559.4614479575395,575.7445879045704,381.2130133811732,-1.9848609238447708,-586.1536295988183,178.24843457636626,0.9957056308993586,10.409041694247893
4360.0,38.58060073852539,559.461401986003,-0.9891998115673948,-575.7445485865435,559.461401986003,575.7445485865435,381.2129725048425,-1.9849052610212174,-586.1535914183191,178.24842948116054,0.9957054494538227,10.409042831775627
4368.0,38.651493072509766,559.4614432330234,-0.9892286394604408,-575.7445629656909,559.4614432330234,575.7445629656909,381.21301595063363,-1.9849339855152603,-586.1536077622363,178.24842728238968,0.9957053460548195,10.409044796545428
4376.0,38.722415924072266,559.4615201857672,-0.9892497546997223,-575.7446528583943,559.4615201857672,575.7446528583943,381.2130935011314,-1.9849551921173774,-586.1537000691039,178.24842668463575,0.995705437417655,10.40904721070966
4384.0,38.793338775634766,559.4614940979521,-0.9892549941621045,-575.7445676954503,559.4614940979521,575.7445676954503,381.21306863986456,-1.9849599992937765,-586.1536169050274,178.24842545808758,0.995705005131672,10.409049209577146
4392.0,38.864261627197266,559.461526538309,-0.9892997416628653,-575.744464795752,559.461526538309,575.744464795752,381.2131020790342,-1.9850051370729407,-586.1535163262777,178.24842445927484,0.9957053954100754,10.409051530525623
4400.0,38.935184478759766,559.4615131937192,-0.9893092100979013,-575.7444032338673,559.4615131937192,575.7444032338673,381.21308927595953,-1.9850145137226267,-586.1534565390588,178.24842391775968,0.9957053036247254,10.409053305191446
4408.0,39.006107330322266,559.4616130375368,-0.9893471823211302,-575.7445317737983,559.4616130375368,575.7445317737983,381.21318974387304,-1.9850520681966373,-586.1535866710668,178.2484232936638,0.9957048858755071,10.40905489726857
4416.0,39.077030181884766,559.4616308418804,-0.9893904673978566,-575.7445347346834,559.4616308418804,575.7445347346834,381.21320900042076,-1.9850965090942232,-586.1535912069755,178.24842184145956,0.9957060416963666,10.409056472292134
4424.0,39.147953033447266,559.4616472006313,-0.9894106662672719,-575.7445105298661,559.4616472006313,575.7445105298661,381.21322639523623,-1.9851158857316626,-586.1535685178889,178.24842080539509,0.9957052194643907,10.409057988022713
4432.0,39.2188720703125,559.4617699469665,-0.9894813541564789,-575.7446866662848,559.4617699469665,575.7446866662848,381.2133503742075,-1.9851862929130757,-586.1537463556997,178.24841957275896,0.9957049387565968,10.409059689414917
4440.0,39.289794921875,559.4617232026718,-0.9895073323672205,-575.7445671316683,559.4617232026718,575.7445671316683,381.21330446703047,-1.9852119415292222,-586.153628175995,178.24841873564134,0.9957046091620017,10.409061044326622
4448.0,39.3607177734375,559.4618006117848,-0.9895386552420566,-575.7444762906482,559.4618006117848,575.7444762906482,381.21338292494977,-1.9852430329596693,-586.1535396781851,178.2484176868351,0.9957043777176127,10.409063387536909
4456.0,39.431640625,559.4618642866986,-0.9895860015463711,-575.7446200951958,559.4618642866986,575.7446200951958,381.2134472491948,-1.985290909119696,-586.1536845178696,178.24841703750383,0.9957049075733249,10.409064422673683
4464.0,39.5025634765625,559.4618808687898,-0.9896317542285198,-575.7445336684856,559.4618808687898,575.7445336684856,381.21346457498396,-1.9853361823289273,-586.1536006596855,178.2484162938058,0.9957044281004075,10.409066991199943
4472.0,39.573486328125,559.4619921395547,-0.9896791735075183,-575.7446144126208,559.4619921395547,575.7446144126208,381.21357596840767,-1.9853841716974525,-586.1536827718196,178.24841617114708,0.9957049981899342,10.409068359198862
4480.0,39.6444091796875,559.4620382694878,-0.9897434291838101,-575.744610211851,559.4620382694878,575.744610211851,381.21362287370596,-1.9854482141696863,-586.1536798856282,178.24841539578188,0.9957047849858762,10.409069673777214
4488.0,39.71533203125,559.4625990263366,-0.9897836003732969,-575.7449392025497,559.4625990263366,575.7449392025497,381.2141609653048,-1.9854880033448143,-586.1540147419732,178.2484380610319,0.9957044029715174,10.409075539423535
4496.0,39.7862548828125,559.4623490288095,-0.9898394892811098,-575.744656955423,559.4623490288095,575.744656955423,381.2139032157721,-1.9855439550738136,-586.153735790286,178.24844581303745,0.9957044657927039,10.409078834862903
4504.0,39.857177734375,559.4627676485389,-0.989845780614921,-575.7450393461677,559.4627676485389,575.7450393461677,381.21431661816894,-1.9855501728399858,-586.1541195947026,178.24845103037,0.9957043922250648,10.40908024853486
4512.0,39.9281005859375,559.4626103424325,-0.9898722908403004,-575.7449266727754,559.4626103424325,575.7449266727754,381.21414879135745,-1.9855771821030075,-586.1540107514206,178.24846155107508,0.9957048912627071,10.40908407864522
4520.0,39.9990234375,559.4625382045466,-0.9898933085802,-575.7447279276483,559.4625382045466,575.7447279276483,381.21407876017446,-1.9855980716079653,-586.1538136882028,178.24845944437212,0.9957047630277653,10.409085760554525
4528.0,40.0699462890625,559.462714941969,-0.9898917238097811,-575.744847912351,559.462714941969,575.744847912351,381.2142450454796,-1.985596619397267,-586.1539371191454,178.24846989648944,0.9957048955874859,10.409089206794452
4536.0,40.140869140625,559.4629312938075,-0.9899219092414988,-575.7451253746923,559.4629312938075,575.7451253746923,381.2144557702756,-1.9856269433589233,-586.1542164618681,178.24847552353194,0.9957050341174245,10.40909108717588
4544.0,40.2117919921875,559.4627553727707,-0.9899039429448031,-575.7448875899935,559.4627553727707,575.7448875899935,381.21427213356276,-1.9856088938942555,-586.1539817131284,178.24848323920804,0.9957049509494524,10.409094123134915
4552.0,40.28271484375,559.4624730040553,-0.989936555097156,-575.7445717855037,559.4624730040553,575.7445717855037,381.2139963915433,-1.9856415126047828,-586.1536665376012,178.24847661251204,0.9957049575076269,10.409094752097552
4560.0,40.3536376953125,559.4624160898657,-0.9899505171002705,-575.7445908202726,559.4624160898657,575.7445908202726,381.2139468258533,-1.985655184838084,-586.1536855568331,178.24846926401233,0.9957046677378134,10.409094736560496
4568.0,40.424560546875,559.4624729178536,-0.9899543771497425,-575.744597169072,559.4624729178536,575.744597169072,381.21400797017907,-1.9856593141493466,-586.1536931176454,178.2484649476745,0.995704936999604,10.409095948573441
4576.0,40.495479583740234,559.4624586322068,-0.9899911989647885,-575.7445447007432,559.4624586322068,575.7445447007432,381.21399619570377,-1.9856962685229593,-586.1536419707295,178.24846243650296,0.9957050695581708,10.409097269986317
4584.0,40.566402435302734,559.4625134736569,-0.9899805687987451,-575.744615525336,559.4625134736569,575.744615525336,381.21405181972165,-1.9856854599182956,-586.1537148627701,178.2484616539353,0.9957048911195505,10.40909933743407
4592.0,40.637325286865234,559.4625131190713,-0.9900381951162007,-575.7446367835385,559.4625131190713,575.7446367835385,381.21405335440977,-1.9857423981214914,-586.1537369929596,178.24845976466156,0.9957042030052907,10.40910020942118
4600.0,40.708248138427734,559.4629619099096,-0.9900384423994115,-575.7449026648623,559.4629619099096,575.7449026648623,381.2144907016194,-1.9857432838293008,-586.1540067564049,178.24847120829023,0.9957048414298892,10.409104091542696
4608.0,40.779170989990234,559.4627466857906,-0.9900442072737636,-575.7446599878235,559.4627466857906,575.7446599878235,381.2142689560693,-1.9857489130038992,-586.1537671571214,178.24847772972137,0.9957047057301356,10.409107169297853
4616.0,40.850093841552734,559.4626014637847,-0.9900443875198173,-575.7445817310512,559.4626014637847,575.7445817310512,381.21412670243103,-1.9857487819037747,-586.153689829564,178.24847476135375,0.9957043943839574,10.409108098512812
4624.0,40.92097473144531,559.4628207523624,-0.990081434410615,-575.7448001085282,559.4628207523624,575.7448001085282,381.21434912669486,-1.9857856914593324,-586.1539085322629,178.2484716256675,0.9957042570487173,10.40910842373472
4632.0,40.99189758300781,559.4628393502743,-0.9900593870833063,-575.7445943359864,559.4628393502743,575.7445943359864,381.2143557795823,-1.9857636916268309,-586.1537068656105,178.248483570692,0.9957043045435245,10.409112529624045
4640.0,41.06282043457031,559.4627651060844,-0.9900586326038336,-575.7446696666345,559.4627651060844,575.7446696666345,381.21428083566923,-1.9857626243336615,-586.1537836812006,178.24848427041513,0.9957039917298278,10.409114014566113
4648.0,41.13374328613281,559.4626543914999,-0.9900781187500733,-575.7445871694081,559.4626543914999,575.7445871694081,381.2141745375494,-1.9857825476140327,-586.1537016733903,178.24847985395053,0.9957044288639594,10.409114503982167
4656.0,41.20466613769531,559.4626277531069,-0.9901000846753814,-575.7445628823828,559.4626277531069,575.7445628823828,381.21415291939104,-1.9858042495315562,-586.1536778691384,178.24847483371582,0.9957041648561749,10.409114986755656
4664.0,41.27558898925781,559.4625921321903,-0.990121224872456,-575.7444587113696,559.4625921321903,575.7444587113696,381.21412052937234,-1.9858247853434552,-586.1535745070994,178.24847160281792,0.9957035604709992,10.40911579572986
4672.0,41.34651184082031,559.4626404545979,-0.9901041741431982,-575.7444122791436,559.4626404545979,575.7444122791436,381.2141711347397,-1.9858084129481313,-586.1535295120711,178.24846931985826,0.9957042388049331,10.409117232927517
4680.0,41.41743469238281,559.4626784809993,-0.9901395235186143,-575.7444864022344,559.4626784809993,575.7444864022344,381.2142110216013,-1.9858434551854351,-586.1536044300738,178.24846745939806,0.9957039316668208,10.409118027839346
4688.0,41.48835754394531,559.4626795523307,-0.9901525091070145,-575.7444493267566,559.4626795523307,575.7444493267566,381.2142134380665,-1.9858562943255453,-586.1535686840168,178.24846611426412,0.9957037852185309,10.409119357260197
4696.0,41.55928039550781,559.4626855624405,-0.9902176404749969,-575.7444420961025,559.4626855624405,575.7444420961025,381.21422030747647,-1.9859214163528254,-586.1535635614262,178.24846525496403,0.9957037758778284,10.409121465323667
4704.0,41.63020324707031,559.4627421676598,-0.9901804058462291,-575.7445253963269,559.4627421676598,575.7445253963269,381.21427803588153,-1.9858844135444151,-586.1536477742486,178.24846413177823,0.995704007698186,10.409122377921678
4712.0,41.70112609863281,559.4626552709647,-0.9902281344557622,-575.7444150477999,559.4626552709647,575.7444150477999,381.21419325840907,-1.9859319605338719,-586.153538222811,178.24846201255554,0.9957038260781097,10.409123175011093
4720.0,41.77204895019531,559.4628015812318,-0.9902683545898068,-575.7444988155406,559.4628015812318,575.7444988155406,381.21434033720516,-1.9859719198860724,-586.1536228855151,178.2484612440267,0.9957035652962656,10.40912406997444
4728.0,41.84297180175781,559.4627219538378,-0.9903039929323345,-575.7442879062551,559.4627219538378,575.7442879062551,381.2142624094265,-1.9860077613292848,-586.1534138883035,178.24845954441128,0.9957037683969503,10.409125982048419
4736.0,41.91389465332031,559.4627675129589,-0.9903113028520565,-575.7443441287994,559.4627675129589,575.7443441287994,381.21430887538776,-1.9860146054475294,-586.1534707402307,178.24845863757105,0.9957033025954729,10.409126611431232
4744.0,41.98481750488281,559.4628444038384,-0.9903404110634755,-575.7444074264045,559.4628444038384,575.7444074264045,381.21438590141565,-1.9860439080543628,-586.1535353968587,178.24845850242272,0.9957034969908873,10.409127970454277
4752.0,42.05574035644531,559.4628466102085,-0.9903605874854087,-575.7442575518087,559.4628466102085,575.7442575518087,381.21438830256506,-1.9860642192621611,-586.1533870562257,178.24845830764343,0.9957036317767525,10.409129504417029
4760.0,42.12666320800781,559.4629332638018,-0.9904303296541519,-575.7444083920537,559.4629332638018,575.7444083920537,381.2144763827655,-1.986134029958368,-586.1535385348818,178.24845688103628,0.9957037003042162,10.409130142828067
4768.0,42.19758605957031,559.4629430419628,-0.9905117902335077,-575.7444643945942,559.4629430419628,575.7444643945942,381.2144885132948,-1.9862146007015173,-586.1535956292487,178.24845452866805,0.9957028104680097,10.409131234654561
4776.0,42.26850891113281,559.4630383408338,-0.9905132715554448,-575.7445218035398,559.4630383408338,575.7445218035398,381.2145852327326,-1.9862164224908785,-586.1536534929749,178.24845310810122,0.9957031509354337,10.409131689435064
4784.0,42.33943176269531,559.4630337301732,-0.9905886190631721,-575.7444082305693,559.4630337301732,575.7444082305693,381.2145818503594,-1.9862911985202505,-586.1535418459089,178.24845187981373,0.9957025794570784,10.409133615339588
4792.0,42.41035461425781,559.463138320019,-0.9905940648090805,-575.7444709149414,559.463138320019,575.7444709149414,381.2146863719595,-1.9862964315349867,-586.1536055337648,178.24845194805948,0.9957023667259062,10.409134618823414
4800.0,42.48127746582031,559.4632107951205,-0.9906626785377881,-575.7446229820033,559.4632107951205,575.7446229820033,381.2147598781021,-1.9863661812392053,-586.153758380845,178.24845091701843,0.9957035027014172,10.409135398841729
4808.0,42.55220031738281,559.4633221693069,-0.9907042914512827,-575.744627101434,559.4633221693069,575.744627101434,381.21487124572104,-1.9864073898355832,-586.1537639893622,178.24845092358586,0.9957030983843005,10.409136887928167
4816.0,42.62312316894531,559.4633578662308,-0.9907989939219588,-575.7446157608131,559.4633578662308,575.7446157608131,381.21490776956625,-1.9865020602212917,-586.1537537223942,178.2484500966646,0.9957030662993329,10.409137961581074
4824.0,42.69404602050781,559.4634239605248,-0.9908052688286793,-575.7445675633624,559.4634239605248,575.7445675633624,381.214974007864,-1.9865081900068722,-586.1537075037123,178.2484499526608,0.9957029211781929,10.409139940349943
4832.0,42.76496887207031,559.4635550142805,-0.9908968916912497,-575.7447252534085,559.4635550142805,575.7447252534085,381.21510448100116,-1.9866001050792492,-586.1538660937609,178.24845053327937,0.9957032133879995,10.40914084035239
4840.0,42.83589172363281,559.4636943639287,-0.9909227206006552,-575.7449218690067,559.4636943639287,575.7449218690067,381.2152428441286,-1.9866259700170013,-586.1540636054194,178.24845151980008,0.995703249416346,10.409141736412705
4848.0,42.90681457519531,559.4637132983189,-0.9909784986282832,-575.7447816098914,559.4637132983189,575.7447816098914,381.21526236210724,-1.9866814213328303,-586.1539243338528,178.24845093621173,0.9957029227045471,10.409142723961404
4856.0,42.97773742675781,559.4637789427957,-0.9910496499558423,-575.744801374986,559.4637789427957,575.744801374986,381.21532720768226,-1.9867523214188774,-586.1539453914045,178.2484517351134,0.995702671463035,10.409144016418551
4864.0,43.04866027832031,559.4638620537044,-0.991129716925597,-575.7447863161085,559.4638620537044,575.7447863161085,381.21540965535416,-1.9868325502519255,-586.1539313784588,178.24845239835014,0.9957028333263285,10.409145062350255
4872.0,43.11958312988281,559.4639903828736,-0.9912013631942251,-575.744939505353,559.4639903828736,575.744939505353,381.2155386298807,-1.9869045564212335,-586.1540860743254,178.24845175299285,0.9957031932270084,10.409146568972313
4880.0,43.190460205078125,559.4639867169076,-0.9912686921723974,-575.7447764645456,559.4639867169076,575.7447764645456,381.2155367401323,-1.9869715807103265,-586.1539249125174,178.24844997677525,0.9957028885379291,10.409148447971845
4888.0,43.261383056640625,559.4645604589268,-0.9913281364184856,-575.7452750983318,559.4645604589268,575.7452750983318,381.2160965173825,-1.9870311178514104,-586.154426671497,178.24846394154434,0.9957029814329248,10.409151573165225
4896.0,43.332305908203125,559.4648145331178,-0.9913732650415445,-575.7453233936249,559.4648145331178,575.7453233936249,381.21632534510786,-1.9870761299689388,-586.1544795738555,178.24848918800987,0.9957028649273942,10.409156180230596
4904.0,43.403228759765625,559.4649811742931,-0.991418387170615,-575.7455894379801,559.4649811742931,575.7455894379801,381.2164735542526,-1.9871216226854056,-586.1547487648245,178.24850762004053,0.9957032355147906,10.409159326844314
4912.0,43.474151611328125,559.4648413370559,-0.9914618350767164,-575.7453292094779,559.4648413370559,575.7453292094779,381.21633349642127,-1.9871653175900885,-586.1544892788221,178.2485078406346,0.9957034825133722,10.409160069344193
4920.0,43.545074462890625,559.4647525783575,-0.9914548628463349,-575.7452969261273,559.4647525783575,575.7452969261273,381.21624005347326,-1.9871585170415909,-586.1544594400925,178.24851252488423,0.995703654195256,10.409162513965223
4928.0,43.615997314453125,559.4648437256874,-0.9914799357658621,-575.7454044319807,559.4648437256874,575.7454044319807,381.21633471710135,-1.987182900070044,-586.1545668964923,178.24850900858607,0.9957029643041819,10.409162464511653
4936.0,43.686920166015625,559.4648934210536,-0.991526325049584,-575.7453671225702,559.4648934210536,575.7453671225702,381.21637755725305,-1.9872293142249582,-586.1545323633634,178.24851586380058,0.9957029891753741,10.409165240793135
4944.0,43.757843017578125,559.464790340101,-0.9915728257263252,-575.7452485616692,559.464790340101,575.7452485616692,381.2162766882616,-1.9872756154396214,-586.154414865432,178.2485136518394,0.9957027897132962,10.409166303762843
4952.0,43.828765869140625,559.465042086957,-0.9915420148124454,-575.7454743198379,559.465042086957,575.7454743198379,381.2165200589877,-1.9872448034661492,-586.1546432858584,178.2485220279693,0.9957027886537038,10.409168966020507
4960.0,43.899688720703125,559.4648182005898,-0.9916055617143744,-575.7452627958934,559.4648182005898,575.7452627958934,381.216298571293,-1.9873081994366153,-586.154431957599,178.24851962929674,0.9957026377222409,10.409169161705613
4968.0,43.970611572265625,559.4646826869514,-0.9915955935442007,-575.7452039492024,559.4646826869514,575.7452039492024,381.21617011163335,-1.9872984483117726,-586.1543733219414,178.24851257531807,0.9957028547675719,10.409169372739019
4976.0,44.041534423828125,559.4647728640747,-0.9916280438010352,-575.7453865526056,559.4647728640747,575.7453865526056,381.21626589202765,-1.987331062453027,-586.1545553103394,178.24850697204704,0.9957030186519917,10.409168757733807
4984.0,44.112457275390625,559.4647724933936,-0.9916431445902294,-575.7453775109959,559.4647724933936,575.7453775109959,381.216269365201,-1.987345754247965,-586.1545467821078,178.24850312819265,0.9957026096577355,10.40916927111185
4992.0,44.183380126953125,559.4647582685295,-0.9917143978178009,-575.7452313027497,559.4647582685295,575.7452313027497,381.2162574422274,-1.9874169034347702,-586.154401907869,178.24850082630215,0.9957025056169693,10.409170605119222
5000.0,44.254302978515625,559.4648488630019,-0.9917600383245224,-575.7452797685306,559.4648488630019,575.7452797685306,381.21634924223304,-1.9874624007133885,-586.1544515458311,178.24849962076888,0.9957023623888661,10.409171777300465
5008.0,44.325225830078125,559.4648282757518,-0.9917670993367,-575.7452269025309,559.4648282757518,575.7452269025309,381.2163300519217,-1.9874695212003441,-586.1543998938671,178.24849822383,0.9957024218636441,10.409172991336147
5016.0,44.396148681640625,559.4648451225655,-0.9917833744056912,-575.7451953243462,559.4648451225655,575.7451953243462,381.21634840517345,-1.98748596957339,-586.1543687299587,178.24849671739202,0.9957025951676988,10.409173405612513
5024.0,44.467071533203125,559.4649682704081,-0.9918286205688913,-575.7454399734829,559.4649682704081,575.7454399734829,381.2164735459597,-1.987531075394898,-586.1546138865881,178.24849472444845,0.9957024548260067,10.409173913105223
5032.0,44.537994384765625,559.4649789456324,-0.9918885076811819,-575.7453691801263,559.4649789456324,575.7453691801263,381.2164866735488,-1.9875908382695098,-586.1545433237679,178.24849227208364,0.9957023305883279,10.409174143641657
5040.0,44.608917236328125,559.4650712299957,-0.9919178589491189,-575.745394127013,559.4650712299957,575.745394127013,381.2165796948759,-1.987620161464628,-586.1545690006251,178.2484915351198,0.9957023025155092,10.409174873612024
5048.0,44.679840087890625,559.4650706113341,-0.991994753119938,-575.7452463208766,559.4650706113341,575.7452463208766,381.21658020825794,-1.9876963812582762,-586.1544229523396,178.24849040307618,0.9957016281383382,10.409176631462957
5056.0,44.750762939453125,559.465177744451,-0.9920339361934447,-575.7454326977982,559.465177744451,575.7454326977982,381.2166893228905,-1.9877360888903493,-586.1546094168045,178.2484884215605,0.9957021526969045,10.409176719006405
5064.0,44.821685791015625,559.4652146326447,-0.992069661016294,-575.745435666588,559.4652146326447,575.745435666588,381.2167282412141,-1.9877716214383057,-586.1546129331235,178.2484863914306,0.9957019604220116,10.409177266535533
5072.0,44.892608642578125,559.4652769670491,-0.9921229930372917,-575.745305553442,559.4652769670491,575.745305553442,381.2167919938463,-1.9878249186499506,-586.1544837728353,178.24848497320284,0.9957019256126589,10.4091782193933
5080.0,44.963531494140625,559.4653917414622,-0.9921797059932471,-575.7455428778052,559.4653917414622,575.7455428778052,381.21690774151966,-1.9878816916133495,-586.1547210974587,178.24848399994252,0.9957019856201024,10.409178219653521
5088.0,45.034454345703125,559.4654150393703,-0.9922326705377129,-575.7454175623079,559.4654150393703,575.7454175623079,381.21693140044454,-1.9879347430116674,-586.154597308318,178.2484836389258,0.9957020724739545,10.409179746010057
5096.0,45.105377197265625,559.4655966069406,-0.9922837940529936,-575.7455858605674,559.4655966069406,575.7455858605674,381.2171131563929,-1.987985647422601,-586.1547663890891,178.2484834505477,0.9957018533696074,10.409180528521686
5104.0,45.176300048828125,559.466047133425,-0.9923748854203378,-575.7460013757578,559.466047133425,575.7460013757578,381.2175589057542,-1.9880764801014656,-586.1551832193162,178.24848822767086,0.9957015946811278,10.409181843558343
5112.0,45.247222900390625,559.4664722311642,-0.9923894540923257,-575.7462949581632,559.4664722311642,575.7462949581632,381.21795841233245,-1.9880917144764858,-586.1554824891025,178.24851381883173,0.9957022603841601,10.409187530939302
5120.0,45.318145751953125,559.4665828959473,-0.9924134656708468,-575.7463276497162,559.4665828959473,575.7463276497162,381.21804985805466,-1.9881156121788308,-586.1555185747211,178.2485330378927,0.995702146507984,10.409190925004891
5128.0,45.389068603515625,559.4661343178864,-0.9924462029685586,-575.7458680427658,559.4661343178864,575.7458680427658,381.2175970064802,-1.9881484687355488,-586.155060582174,178.2485373114061,0.9957022657669903,10.409192539408219
5136.0,45.45994567871094,559.4663257295305,-0.9924924759494118,-575.7460865461741,559.4663257295305,575.7460865461741,381.2177923713894,-1.9881942604944367,-586.1552791130568,178.2485333581411,0.9957017845450249,10.409192566882778
5144.0,45.53086853027344,559.4662239514981,-0.9924798913735016,-575.7458398029593,559.4662239514981,575.7458398029593,381.2176861473207,-1.9881816059738053,-586.155034641491,178.24853780417746,0.9957017146003038,10.409194838531823
5152.0,45.60179138183594,559.4661235033376,-0.9925405159827969,-575.7457922788924,559.4661235033376,575.7457922788924,381.2175893479102,-1.988242154172605,-586.1549877097658,178.24853415542745,0.9957016381898081,10.409195430873442
5160.0,45.67271423339844,559.4660909051915,-0.9925923632532427,-575.7458730202587,559.4660909051915,575.7458730202587,381.21756201260735,-1.9882943126882466,-586.1550680008063,178.2485288925842,0.9957019494350039,10.409194980547623
5168.0,45.74363708496094,559.4661626734825,-0.9926279244173797,-575.7459723487813,559.4661626734825,575.7459723487813,381.2176375370044,-1.988329677394061,-586.155167811097,178.24852513647807,0.9957017529766814,10.40919546231576
5176.0,45.81455993652344,559.466175699921,-0.9926563100502994,-575.7458750619819,559.466175699921,575.7458750619819,381.21765218213733,-1.9883580037396715,-586.1550716190542,178.24852351778364,0.9957016936893721,10.409196557072248
5184.0,45.88548278808594,559.46624326868,-0.9926757913215383,-575.7459312154899,559.46624326868,575.7459312154899,381.2177205848666,-1.9883777215993756,-586.1551284818819,178.24852268381343,0.9957019302778374,10.409197266391972
5192.0,45.95640563964844,559.4662176499241,-0.9926886741071721,-575.7459274145558,559.4662176499241,575.7459274145558,381.2176964487151,-1.9883908359054043,-586.1551256541883,178.24852120120906,0.9957021617982322,10.409198239632431
5200.0,46.02732849121094,559.466363596264,-0.9927398719987313,-575.746031185667,559.466363596264,575.746031185667,381.2178430816593,-1.9884415145114804,-586.1552307634142,178.24852051460482,0.9957016425127492,10.409199577747229
5208.0,46.09825134277344,559.4663418336778,-0.9927847014889366,-575.7459522152434,559.4663418336778,575.7459522152434,381.21782252495916,-1.9884864001610687,-586.1551527018119,178.2485193087186,0.9957016986721321,10.409200486568446
5216.0,46.16917419433594,559.4668195933837,-0.9928179421753764,-575.7463309889328,559.4668195933837,575.7463309889328,381.21829362404156,-1.9885196937085592,-586.155533195138,178.24852596934204,0.9957017515331827,10.40920220620529
5224.0,46.24009704589844,559.4666897960102,-0.9928166697243821,-575.7461479392036,559.4666897960102,575.7461479392036,381.21815397321745,-1.9885182029119104,-586.1553534120612,178.24853582279272,0.9957015331875283,10.409205472857627
5232.0,46.31101989746094,559.4665617886163,-0.9928414883540437,-575.7460418991503,559.4665617886163,575.7460418991503,381.2180272919051,-1.988543181039832,-586.155248074551,178.24853449671122,0.9957016926857882,10.409206175400595
5240.0,46.38194274902344,559.4665215088947,-0.9928727758064637,-575.7460277110221,559.4665215088947,575.7460277110221,381.2179909880065,-1.988574401779866,-586.1552336942275,178.2485305208883,0.9957016259734024,10.409205983205414
5248.0,46.45286560058594,559.4671860801365,-0.992867301141592,-575.7463739046096,559.4671860801365,575.7463739046096,381.2186421642359,-1.9885692536117485,-586.155582849417,178.2485439159005,0.9957019524701565,10.409208944807318
5256.0,46.52378845214844,559.4673147531092,-0.9928831773553268,-575.7465748609054,559.4673147531092,575.7465748609054,381.2187452039998,-1.988584937630291,-586.1557883812236,178.24856954910942,0.9957017602749643,10.40921352031822
5264.0,46.59471130371094,559.4669686981913,-0.9928765147724219,-575.746255051228,559.4669686981913,575.746255051228,381.21839108252436,-1.9885784111257028,-586.1554697442587,178.248577615667,0.9957018963532809,10.409214693030625
5272.0,46.66563415527344,559.4666443807062,-0.9929052333114123,-575.7459711173277,559.4666443807062,575.7459711173277,381.2180771893071,-1.9886072025088772,-586.1551840935686,178.248567191399,0.9957019691974649,10.409212976240832
5280.0,46.73655700683594,559.4666129274364,-0.9928983549022483,-575.7460693286661,559.4666129274364,575.7460693286661,381.21805587106644,-1.988599862029261,-586.1552806945417,178.2485570563699,0.9957015071270128,10.409211365875665
5288.0,46.80747604370117,559.4665547823342,-0.9928858202216455,-575.7458649754649,559.4665547823342,575.7458649754649,381.21800273683067,-1.9885881472088656,-586.1550777167403,178.24855204550357,0.99570232698722,10.40921274127538
5296.0,46.87839889526367,559.4666493892325,-0.9929054388420724,-575.746145311887,559.4666493892325,575.746145311887,381.21809943578535,-1.988607313775594,-586.1553572180849,178.24854995344714,0.9957018749335216,10.409211906197925
5304.0,46.94932174682617,559.4666487741968,-0.9929155624217252,-575.7460687441883,559.4666487741968,575.7460687441883,381.21810144508675,-1.9886172136522031,-586.155281807403,178.24854732911007,0.9957016512304779,10.409213063214679
5312.0,47.02024459838867,559.466641780559,-0.9929185825343128,-575.745996943704,559.466641780559,575.745996943704,381.2180966888068,-1.988621159206696,-586.1552106548153,178.24854509175225,0.9957025766723833,10.409213711111283
5320.0,47.09116744995117,559.4666468521932,-0.9929446299331737,-575.7460081870795,559.4666468521932,575.7460081870795,381.2181034699438,-1.988647147715806,-586.1552228785409,178.2485433822494,0.9957025177826324,10.409214691461388
5328.0,47.162086486816406,559.4666812332919,-0.9929604214907402,-575.746057821862,559.4666812332919,575.746057821862,381.21813942124163,-1.988662519743043,-586.155273188167,178.24854181205026,0.9957020982523028,10.409215366305016
5336.0,47.233009338378906,559.4666175692948,-0.99299859025479,-575.745880964222,559.4666175692948,575.745880964222,381.2180764950557,-1.9887013146273738,-586.1550975401294,178.24854107423909,0.9957027243725838,10.40921657590739
5344.0,47.303932189941406,559.4666363509574,-0.9930231178526432,-575.745962502609,559.4666363509574,575.745962502609,381.2180969797214,-1.9887253674868717,-586.1551795980729,178.24853937123598,0.9957022496342285,10.409217095463926
5352.0,47.374855041503906,559.4670494188862,-0.9929902986862142,-575.7461035264024,559.4670494188862,575.7461035264024,381.2184972830261,-1.9886925466869734,-586.1553236722327,178.24855213586005,0.9957022480007591,10.409220145830345
5360.0,47.44578170776367,559.4670563275391,-0.9930244487100657,-575.7461181354234,559.4670563275391,575.7461181354234,381.21849843676625,-1.9887268723825287,-586.1553398787958,178.24855789077287,0.995702423672463,10.409221743372298
5368.0,47.51670455932617,559.4671666255463,-0.9930021997578988,-575.7463036964712,559.4671666255463,575.7463036964712,381.21859561518244,-1.988704856097577,-586.1555284106973,178.24857101036383,0.9957026563396782,10.409224714226186
5376.0,47.58762741088867,559.4669615279946,-0.9930101842837109,-575.7461691413597,559.4669615279946,575.7461691413597,381.2183913158598,-1.9887126075083685,-586.1553940914973,178.2485702121348,0.9957024232246576,10.409224950137666
5384.0,47.658546447753906,559.4668244153745,-0.993012558110622,-575.7459997374117,559.4668244153745,575.7459997374117,381.2182597600049,-1.9887148641971049,-586.1552242135447,178.2485646553696,0.9957023060864829,10.409224476133009
5392.0,47.72943115234375,559.4667132346453,-0.9930268498431154,-575.7458883904167,559.4667132346453,575.7458883904167,381.21815374983595,-1.9887286689064414,-586.1551127243279,178.24855948480933,0.995701819063326,10.409224333911252
5400.0,47.80035400390625,559.4668109524746,-0.993044363167253,-575.7460377258545,559.4668109524746,575.7460377258545,381.218254929036,-1.988746588232532,-586.1552615965907,178.2485560234386,0.995702225065279,10.409223870736163
5408.0,47.87127685546875,559.4667035467137,-0.9930157161493449,-575.7458998894149,559.4667035467137,575.7458998894149,381.21815089800975,-1.9887178666009593,-586.1551247405508,178.24855264870394,0.9957021504516144,10.409224851135903
5416.0,47.94219970703125,559.4667314633896,-0.9930104758861447,-575.7459307640888,559.4667314633896,575.7459307640888,381.21818130458735,-1.9887127659783026,-586.1551561633539,178.24855015880217,0.9957022900921579,10.409225399265146
5424.0,48.01312255859375,559.4667038418854,-0.9930783143668354,-575.7458753360357,559.4667038418854,575.7458753360357,381.21815543975663,-1.9887804101288822,-586.1551012122727,178.2485484021288,0.9957020957620468,10.409225876236961
5432.0,48.08404541015625,559.4666616826539,-0.9930459515211547,-575.7458166289847,559.4666616826539,575.7458166289847,381.2181150705429,-1.9887482146780133,-586.1550426783388,178.248546612111,0.9957022631568586,10.409226049354045
5440.0,48.15496826171875,559.4667755176896,-0.9930357099862874,-575.7459818727016,559.4667755176896,575.7459818727016,381.21823043089387,-1.9887380021258032,-586.1552085064878,178.24854508679573,0.9957022921395158,10.409226633786231
5448.0,48.225887298583984,559.4667429166293,-0.9931051572673875,-575.7459259133627,559.4667429166293,575.7459259133627,381.2181998979223,-1.9888072582993477,-586.1551527686051,178.24854301870704,0.9957021010319602,10.40922685524238
5456.0,48.296810150146484,559.4667552778739,-0.9931126776631363,-575.745887132247,559.4667552778739,575.745887132247,381.2182138016028,-1.9888148818619804,-586.1551150596713,178.24854147627104,0.9957022041988441,10.409227927424201
5464.0,48.367733001708984,559.4667204171548,-0.9931133822910683,-575.7459475729221,559.4667204171548,575.7459475729221,381.2181798689239,-1.9888155082937526,-586.1551754518728,178.24854054823084,0.9957021260026844,10.409227878950702
5472.0,48.438655853271484,559.4668220336494,-0.9931576003606128,-575.7460253079312,559.4668220336494,575.7460253079312,381.21828129616347,-1.9888594601858838,-586.1552541844941,178.24854073748588,0.9957018598252709,10.409228876562905
5480.0,48.50958251953125,559.4668819497575,-0.9931762483362556,-575.7459219659738,559.4668819497575,575.7459219659738,381.21834130697255,-1.9888785349706328,-586.1551512869368,178.248540642785,0.9957022866343772,10.40922932096291
5488.0,48.580501556396484,559.4668468857773,-0.9931744038572745,-575.7458097477979,559.4668468857773,575.7458097477979,381.2183069310935,-1.9888762897861305,-586.1550398950349,178.2485399546838,0.995701885928856,10.409230147236967
5496.0,48.651424407958984,559.4669226038982,-0.9931798238594887,-575.7459835468353,559.4669226038982,575.7459835468353,381.21838260129914,-1.9888818246529265,-586.155214246985,178.248540002599,0.9957020007934378,10.409230700149719
5504.0,48.722347259521484,559.4669636354006,-0.993256512703077,-575.7459364062393,559.4669636354006,575.7459364062393,381.21842462224254,-1.9889582148725307,-586.1551675777216,178.24853901315802,0.9957017021694536,10.409231171482324
5512.0,48.793270111083984,559.4669442901655,-0.993267704811843,-575.7459921488216,559.4669442901655,575.7459921488216,381.21840651326625,-1.9889693042217385,-586.1552239893539,178.2485377768993,0.9957015994098954,10.409231840532255
5520.0,48.864192962646484,559.4670301264512,-0.9932824671748248,-575.746039553191,559.4670301264512,575.746039553191,381.218493049515,-1.98898452621426,-586.1552716896024,178.2485370769362,0.9957020590394352,10.409232136411298
5528.0,48.935115814208984,559.4670776515914,-0.9933097257536012,-575.7461133660128,559.4670776515914,575.7461133660128,381.21854126653426,-1.9890114484143258,-586.1553459669956,178.24853638505706,0.9957017226607245,10.409232600982845
5536.0,49.006038665771484,559.4670978705446,-0.9933621734908726,-575.7461287378117,559.4670978705446,575.7461287378117,381.21856266878876,-1.9890642068416202,-586.1553617999691,178.24853520175589,0.9957020333507476,10.409233062157403
5544.0,49.076961517333984,559.4670975741376,-0.9934173640228785,-575.7459324515496,559.4670975741376,575.7459324515496,381.21856320879397,-1.9891191166184772,-586.1551664854919,178.24853436534363,0.9957017525955987,10.409234033942365
5552.0,49.147884368896484,559.4671773788992,-0.9934061297204586,-575.7460967993044,559.4671773788992,575.7460967993044,381.2186437565777,-1.9891079758303967,-586.155331255678,178.24853362232153,0.9957018461099381,10.409234456373598
5560.0,49.218807220458984,559.4672139693505,-0.9934758029294963,-575.7460311584706,559.4672139693505,575.7460311584706,381.2186813050388,-1.9891779357509431,-586.155266265483,178.2485326643117,0.9957021328214468,10.409235107012417
5568.0,49.289730072021484,559.4673212153492,-0.9934798385776151,-575.7461526303139,559.4673212153492,575.7461526303139,381.21878870620105,-1.9891818623786808,-586.1553879912764,178.24853250914816,0.9957020238010656,10.409235360962453
5576.0,49.360652923583984,559.4673490629494,-0.9935429938144917,-575.746229770287,559.4673490629494,575.746229770287,381.21881699942077,-1.9892442660341594,-586.1554662403807,178.24853206352864,0.9957012722196676,10.409236470093798
5584.0,49.431575775146484,559.4673796604466,-0.9935832560525126,-575.7462353379589,559.4673796604466,575.7462353379589,381.2188481002706,-1.9892850850763981,-586.155472157719,178.24853156017596,0.9957018290238855,10.40923681976014
5592.0,49.50249481201172,559.46744321743,-0.993601028502618,-575.746190888341,559.46744321743,575.746190888341,381.2189118721175,-1.9893026843639916,-586.1554283470706,178.24853134531253,0.9957016558613736,10.409237458729677
5600.0,49.57341766357422,559.4675953421274,-0.9936777202175966,-575.7464642648143,559.4675953421274,575.7464642648143,381.2190638691495,-1.989379153031928,-586.1557018979413,178.24853147297793,0.9957014328143314,10.409237633127018
5608.0,49.64434051513672,559.4675623559817,-0.9937269213710289,-575.7461779850311,559.4675623559817,575.7461779850311,381.2190307983707,-1.9894284582070707,-586.1554168662731,178.2485315576111,0.9957015368360418,10.409238881242027
5616.0,49.71526336669922,559.4676211168946,-0.9937662479448113,-575.7462507329707,559.4676211168946,575.7462507329707,381.2190899495432,-1.9894674694493055,-586.1554900627757,178.24853116735142,0.9957012215044942,10.409239329805061
5624.0,49.78618621826172,559.4677754327876,-0.9938265842335143,-575.7464328420165,559.4677754327876,575.7464328420165,381.2192442154531,-1.9895282632439777,-586.1556726401127,178.24853121733446,0.9957016790104634,10.409239798096182
5632.0,49.85710906982422,559.4677722068045,-0.9938319997914551,-575.7464638746932,559.4677722068045,575.7464638746932,381.2192414862539,-1.9895337680327376,-586.155703762672,178.24853072055063,0.9957017682412825,10.409239887978877
5640.0,49.92803192138672,559.467842397246,-0.9938991815927771,-575.7464223925886,559.467842397246,575.7464223925886,381.21931162546485,-1.9896004982620816,-586.1556635238683,178.2485307717812,0.9957013166693045,10.409241131279755
5648.0,49.99891662597656,559.4678948684639,-0.993967121343819,-575.7464039396674,559.4678948684639,575.7464039396674,381.21936482209753,-1.9896688200224375,-586.1556459859271,178.24853004636634,0.9957016986786185,10.409242046259656
5656.0,50.06983947753906,559.4679121076445,-0.9940399668165387,-575.7464016009341,559.4679121076445,575.7464016009341,381.2193817510548,-1.9897419116409996,-586.1556442576915,178.2485303565897,0.9957019448244608,10.4092426567574
5664.0,50.14076232910156,559.4684506831267,-0.9940159357668747,-575.7467023974888,559.4684506831267,575.7467023974888,381.21990647396836,-1.9897173687648149,-586.155948116055,178.24854420915833,0.9957014329979401,10.40924571856626
5672.0,50.21168518066406,559.4686146775031,-0.994057043545693,-575.7468695069349,559.4686146775031,575.7468695069349,381.22005875528083,-1.9897594570888302,-586.1561177967849,178.24855592222224,0.9957024135431372,10.409248289850014
5680.0,50.28260803222656,559.4686052171214,-0.9940980460276538,-575.7468803478013,559.4686052171214,575.7468803478013,381.2200336824891,-1.9898004209491447,-586.1561315667227,178.24857153463233,0.9957023749214908,10.40925121892139
5688.0,50.35353088378906,559.4684010707172,-0.9941257429652497,-575.746758012182,559.4684010707172,575.746758012182,381.2198322013492,-1.9898274774970321,-586.1560090123515,178.2485688693679,0.9957017345317825,10.409251000169583
5696.0,50.42445373535156,559.468360753704,-0.9941795967410805,-575.7466468201063,559.468360753704,575.7466468201063,381.2197968280366,-1.989881555543823,-586.1558979222616,178.24856392566744,0.9957019588027425,10.409251102155281
5704.0,50.49537658691406,559.4684275051009,-0.9942250150328098,-575.746728963561,559.4684275051009,575.746728963561,381.21986811890076,-1.989927525233428,-586.1559795750334,178.2485593862001,0.9957025102006183,10.409250611472352
5712.0,50.56629943847656,559.4688066166266,-0.9942400353130054,-575.7469908763393,559.4688066166266,575.7469908763393,381.2202357078197,-1.989941876841467,-586.1562438009172,178.24857090880687,0.9957018415284615,10.409252924577945
5720.0,50.63722229003906,559.4686591477316,-0.9942766376163785,-575.746844845324,559.4686591477316,575.746844845324,381.2200868330352,-1.9899781807625967,-586.1560991537978,178.24857231469633,0.9957015431462182,10.409254308473836
5728.0,50.7081413269043,559.4685291050301,-0.9943185304437456,-575.7466131835542,559.4685291050301,575.7466131835542,381.2199606060645,-1.9900201655310692,-586.1558675610561,178.24856849896565,0.9957016350873236,10.409254377501888
5736.0,50.7790641784668,559.468545233281,-0.9943422623998099,-575.746661015374,559.468545233281,575.746661015374,381.2199813611795,-1.990044175368764,-586.1559154093339,178.2485638721015,0.9957019129689542,10.409254393959895
5744.0,50.8499870300293,559.4686403481797,-0.9943801549308287,-575.7468666545157,559.4686403481797,575.7468666545157,381.2200794021209,-1.9900818822462423,-586.1561198850442,178.24856094605883,0.9957017273154136,10.409253230528552
5752.0,50.9209098815918,559.4686757288384,-0.9943990707593233,-575.7468257470113,559.4686757288384,575.7468257470113,381.2201167080504,-1.990101000913354,-586.1560804859971,178.2485590207881,0.9957019301540306,10.409254738985824
5760.0,50.9918327331543,559.4687196755137,-0.9944753426252779,-575.7468978901863,559.4687196755137,575.7468978901863,381.2201621868078,-1.990177130514267,-586.1561522500942,178.248557488706,0.9957017878889891,10.409254359907843
5768.0,51.0627555847168,559.4687751235765,-0.994484425900632,-575.7469570347937,559.4687751235765,575.7469570347937,381.2202179282832,-1.9901864120537098,-586.1562120431383,178.24855719529336,0.9957019861530778,10.409255008344676
5776.0,51.1336784362793,559.4688241665943,-0.994519744419307,-575.7469989858641,559.4688241665943,575.7469989858641,381.22026827080686,-1.9902219026460504,-586.1562542144954,178.24855589578752,0.9957021582267434,10.409255228631334
5784.0,51.20459747314453,559.4688590055691,-0.9945342922612594,-575.7469419183691,559.4688590055691,575.7469419183691,381.2203040529016,-1.9902368055990838,-586.1561988542053,178.24855495266758,0.9957025133378243,10.409256935836162
5792.0,51.27552032470703,559.4689824574652,-0.9945865791891819,-575.7471622838141,559.4689824574652,575.7471622838141,381.2204280038923,-1.9902881712689062,-586.1564184507581,178.24855445357292,0.9957015920797243,10.409256166944022
5800.0,51.34644317626953,559.4690425751052,-0.9946256098233217,-575.7471283538769,559.4690425751052,575.7471283538769,381.2204883551444,-1.990327785453358,-586.1563857063556,178.24855421996074,0.9957021756300364,10.409257352478814
5808.0,51.41736602783203,559.4690362389592,-0.9946899362347352,-575.747003091315,559.4690362389592,575.747003091315,381.22048243574454,-1.9903915824198712,-586.1562609877981,178.2485538032147,0.995701646185136,10.40925789648303
5816.0,51.48828887939453,559.4690997029124,-0.9947614245269696,-575.7471174958927,559.4690997029124,575.7471174958927,381.22054717736813,-1.9904630524134,-586.1563757306299,178.2485525255443,0.9957016278864304,10.409258234737248
5824.0,51.55921173095703,559.469172180292,-0.9948183772077464,-575.7472658242885,559.469172180292,575.7472658242885,381.22062002200914,-1.9905199567382308,-586.1565238104915,178.24855215828288,0.9957015795304844,10.409257986203034
5832.0,51.63013458251953,559.4692760481439,-0.9948603427210756,-575.7472648870605,559.4692760481439,575.7472648870605,381.2207243410036,-1.9905621120522063,-586.156523953558,178.24855170714036,0.9957017693311307,10.409259066497533
5840.0,51.70105743408203,559.4692815520732,-0.9948548447069365,-575.7472376354991,559.4692815520732,575.7472376354991,381.2207300678176,-1.9905572550759079,-586.1564977589179,178.2485514842556,0.9957024103689713,10.409260123418843
5848.0,51.77198028564453,559.4693788977479,-0.994900390635225,-575.747216440934,559.4693788977479,575.747216440934,381.2208269366712,-1.9906026280854903,-586.1564771784654,178.24855196107677,0.9957022374502653,10.409260737531316
5856.0,51.84290313720703,559.4694583125113,-0.9949569862075087,-575.7471921215637,559.4694583125113,575.7471921215637,381.220906147572,-1.9906590385821765,-586.1564538734865,178.24855216493933,0.9957020523746678,10.40926175192282
5864.0,51.91382598876953,559.4695758681221,-0.9950140523571633,-575.747339472877,559.4695758681221,575.747339472877,381.22102374520426,-1.9907158390496082,-586.1566015643036,178.24855212291783,0.9957017866924449,10.409262091426678
5872.0,51.98474884033203,559.4696386053272,-0.9950773540890321,-575.747458721646,559.4696386053272,575.747458721646,381.2210861508456,-1.990779109358801,-586.1567209490502,178.24855245448163,0.9957017552697689,10.409262227404174
5880.0,52.05567169189453,559.4696622779649,-0.9951403422072991,-575.7473692051107,559.4696622779649,575.7473692051107,381.2211107562856,-1.9908418982552831,-586.1566323335219,178.24855152167925,0.995701556047984,10.409263128411235
5888.0,52.12659454345703,559.4697501998477,-0.9952086473004922,-575.7474327689455,559.4697501998477,575.7474327689455,381.2211982866638,-1.99091012864303,-586.1566963489103,178.24855191318386,0.9957014813425378,10.409263579964747
5896.0,52.19751739501953,559.4698687083323,-0.9952686856868711,-575.7475729174772,559.4698687083323,575.7475729174772,381.2213173668335,-1.9909700674641542,-586.1568370141315,178.24855134149882,0.9957013817772831,10.409264096654233
5904.0,52.268402099609375,559.4699132858115,-0.9952736013604762,-575.7476003811167,559.4699132858115,575.7476003811167,381.2213622087751,-1.9909753083932857,-586.156864817661,178.2485510770364,0.9957017070328096,10.409264436544296
5912.0,52.339324951171875,559.4700041638773,-0.9953301389572973,-575.7476507114958,559.4700041638773,575.7476507114958,381.2214532152286,-1.9910318150857105,-586.1569157144154,178.24855094864867,0.9957016761284132,10.40926500291961
5920.0,52.410247802734375,559.4701387756877,-0.9954028917036268,-575.7477752633015,559.4701387756877,575.7477752633015,381.2215875713241,-1.9911044090138983,-586.1570407154761,178.24855120436365,0.9957015173102715,10.409265452174635
5928.0,52.481170654296875,559.4701270351414,-0.9954799727464891,-575.7476279035112,559.4701270351414,575.7476279035112,381.2215758978426,-1.9911817388078852,-586.1568942241978,178.24855113729882,0.995701766061396,10.409266320686632
5936.0,52.552093505859375,559.4702504762522,-0.9955219216295887,-575.747766837591,559.4702504762522,575.747766837591,381.2216997872295,-1.9912237528728216,-586.1570337935796,178.24855068902266,0.9957018312432329,10.409266955988523
5944.0,52.623016357421875,559.470386651888,-0.9955787823739737,-575.7479502597561,559.470386651888,575.7479502597561,381.2218359838386,-1.9912801333152768,-586.1572170809211,178.24855066804935,0.9957013509413031,10.409266821165078
5952.0,52.693939208984375,559.470372800274,-0.995663357182317,-575.7478751762908,559.470372800274,575.7478751762908,381.22182256071443,-1.9913643058705013,-586.1571425685916,178.24855023955965,0.9957009486881843,10.409267392300748
5960.0,52.764862060546875,559.470502513361,-0.9957238539161395,-575.7479124427523,559.470502513361,575.7479124427523,381.2219522272183,-1.9914251517448704,-586.1571805568346,178.2485502861427,0.995701297828731,10.409268114082318
5968.0,52.835784912109375,559.4706318933315,-0.9957486658625916,-575.7481033735235,559.4706318933315,575.7481033735235,381.2220818294463,-1.9914500211036756,-586.1573717032118,178.24855006388515,0.995701355241084,10.409268329688272
5976.0,52.906707763671875,559.4707055214458,-0.9958245759578617,-575.7481711479674,559.4707055214458,575.7481711479674,381.22215616593405,-1.9915257930960468,-586.1574397422781,178.24854935551178,0.9957012171381852,10.409268594310747
5984.0,52.977630615234375,559.4708087820052,-0.995895109539644,-575.7481610088596,559.4708087820052,575.7481610088596,381.2222588587219,-1.9915962994184326,-586.1574303654977,178.24854992328335,0.9957011898787886,10.409269356638095
5992.0,53.04854965209961,559.4708424690732,-0.9959322842560132,-575.7480623625203,559.4708424690732,575.7480623625203,381.22229243882157,-1.9916339684334297,-586.1573326514488,178.24855003025158,0.9957016841774164,10.409270288928475
6000.0,53.11947250366211,559.4709838294281,-0.9959913032090277,-575.748196533363,559.4709838294281,575.748196533363,381.2224336044054,-1.9916931312286241,-586.1574669759145,178.24855022502268,0.9957018280195964,10.409270442551607
6008.0,53.19039535522461,559.4711012933237,-0.9960558962025186,-575.7483974222798,559.4711012933237,575.7483974222798,381.2225506058919,-1.9917575586140739,-586.1576681996528,178.24855068743176,0.9957016624115553,10.409270777372912
6016.0,53.26131820678711,559.4711384783704,-0.996146074268208,-575.7483588085136,559.4711384783704,575.7483588085136,381.22258831087976,-1.9918476354987948,-586.1576300889608,178.2485501674907,0.9957015612305868,10.409271280447244
6024.0,53.33224105834961,559.4712582409275,-0.9961934214152137,-575.7484309653007,559.4712582409275,575.7484309653007,381.22270782138185,-1.9918948379768846,-586.1577028440851,178.24855041954555,0.9957014165616709,10.40927187878432
6032.0,53.40316390991211,559.4713346885944,-0.9962504175357525,-575.7483870348441,559.4713346885944,575.7483870348441,381.2227843300536,-1.991952534700646,-586.1576596924822,178.2485503585408,0.9957021171648934,10.409272657638047
6040.0,53.47408676147461,559.4713942753829,-0.9963233960230431,-575.7483401529055,559.4713942753829,575.7483401529055,381.2228443760904,-1.9920245528672869,-586.1576133643433,178.24854989929253,0.9957011568442438,10.409273211437892
6048.0,53.54500961303711,559.4715427777516,-0.9964124596543087,-575.7486524913595,559.4715427777516,575.7486524913595,381.2229932879949,-1.992113696632348,-586.1579255966437,178.2485494897567,0.9957012369780394,10.409273105284186
6056.0,53.61593246459961,559.4716130380837,-0.9964847959733953,-575.7487260293069,559.4716130380837,575.7487260293069,381.22306442539906,-1.9921857183760068,-586.1579995317957,178.2485486126846,0.9957009224026114,10.409273502488729
6064.0,53.68685531616211,559.4716805494488,-0.9965545529201636,-575.7486007631651,559.4716805494488,575.7486007631651,381.22313268207785,-1.992256004344604,-586.1578748914551,178.248547867371,0.9957014514244404,10.409274128290017
6072.0,53.75777816772461,559.4717481626699,-0.9966473780922254,-575.7486677903797,559.4717481626699,575.7486677903797,381.2232009643476,-1.9923487634220365,-586.1579424230882,178.24854719832223,0.9957013853298111,10.409274632708554
6080.0,53.828697204589844,559.4718947378018,-0.9966633718217883,-575.7488024967073,559.4718947378018,575.7488024967073,381.22334761209584,-1.9923651797336142,-586.1580769991122,178.24854712570593,0.9957018079118258,10.409274502404834
6088.0,53.899620056152344,559.4720288903983,-0.9968055803614169,-575.7489086116905,559.4720288903983,575.7489086116905,381.2234826067424,-1.9925074472867443,-586.1581840834319,178.2485462836559,0.9957018669253275,10.409275471741443
6096.0,53.970542907714844,559.472084799507,-0.996841512756883,-575.7489209680002,559.472084799507,575.7489209680002,381.22353882906646,-1.9925431543772945,-586.158196782884,178.2485459704406,0.9957016416204114,10.409275814883832
6104.0,54.041465759277344,559.4722603597681,-0.9969279814300807,-575.7490112952914,559.4722603597681,575.7490112952914,381.2237142103447,-1.9926295186071705,-586.1582875717907,178.24854614942342,0.9957015371770899,10.409276276499156
6112.0,54.112388610839844,559.4723283370141,-0.9970012636029644,-575.7490493375644,559.4723283370141,575.7490493375644,381.22378213175773,-1.9927025872745538,-586.1583260812613,178.2485462052564,0.9957013236715895,10.409276743696834
6120.0,54.183311462402344,559.4724540017653,-0.9970738896563809,-575.7492252335331,559.4724540017653,575.7492252335331,381.2239081466884,-1.992775506296649,-586.158502399416,178.24854585507688,0.9957016166402681,10.409277165882786
6128.0,54.254234313964844,559.4726285685504,-0.9971623812711465,-575.7493411781701,559.4726285685504,575.7493411781701,381.22408269802224,-1.9928635569422077,-586.1586183110004,178.24854587052815,0.9957011756710612,10.409277132830313
6136.0,54.325157165527344,559.4726689997982,-0.9972069911265988,-575.7493063088341,559.4726689997982,575.7493063088341,381.22412313926833,-1.9929084476600636,-586.1585843959996,178.24854586052987,0.9957014565334648,10.409278087165537
6144.0,54.396080017089844,559.472802105279,-0.9973231589463172,-575.7493637240642,559.472802105279,575.7493637240642,381.22425617068996,-1.9930243592301693,-586.1586417413581,178.248545934589,0.9957012002838521,10.409278017293929
6152.0,54.467002868652344,559.4730092132888,-0.997414721091733,-575.7495920617192,559.4730092132888,575.7495920617192,381.2244632184644,-1.9931158068674684,-586.1588705752586,178.2485459948245,0.9957010857757354,10.409278513539322
6160.0,54.53789138793945,559.4730830117749,-0.9974814103787804,-575.749606082201,559.4730830117749,575.749606082201,381.224537464259,-1.993183078093228,-586.1588846926354,178.2485455475158,0.9957016677144477,10.40927861043444
6168.0,54.60881042480469,559.4731618336627,-0.9975514520622459,-575.7495572838784,559.4731618336627,575.7495572838784,381.22461613191786,-1.9932530475488761,-586.1588370831232,178.2485457017449,0.9957015954866302,10.409279799244771
6176.0,54.67973327636719,559.4733045422024,-0.9976360375784683,-575.7497063371238,559.4733045422024,575.7497063371238,381.2247589516994,-1.9933373916138706,-586.1589866610768,178.24854559050294,0.9957013540354023,10.40928032395304
6184.0,54.75065612792969,559.4734753481498,-0.9977162091622995,-575.7498289985028,559.4734753481498,575.7498289985028,381.2249293219662,-1.993417675186823,-586.1591099204875,178.24854602618353,0.9957014660245234,10.409280921984612
6192.0,54.82157897949219,559.4735822063934,-0.9978083888190943,-575.7499221228461,559.4735822063934,575.7499221228461,381.225036171262,-1.9935096392490834,-586.1592037200098,178.24854603513143,0.9957012504299891,10.409281597163748
6200.0,54.89250183105469,559.473737614816,-0.9978891384350232,-575.7501005559598,559.473737614816,575.7501005559598,381.2251907962459,-1.9935906212744392,-586.1593818751785,178.24854681857,0.995701482839416,10.409281319218715
6208.0,54.96342468261719,559.4738243615288,-0.9979626294914574,-575.7500318762018,559.4738243615288,575.7500318762018,381.2252776488561,-1.99366406669251,-586.1593143918152,178.24854671267275,0.9957014372010526,10.409282515613372
6216.0,55.03434753417969,559.4739131011486,-0.9980402120623335,-575.7501533783632,559.4739131011486,575.7501533783632,381.2253676453587,-1.9937421042828447,-586.1594351923533,178.24854545578984,0.9957018922205112,10.409281813990129
6224.0,55.10527038574219,559.4740333986539,-0.9981602904160054,-575.750199056336,559.4740333986539,575.750199056336,381.2254881921793,-1.9938621806265466,-586.1594816308702,178.24854520647463,0.9957018902105412,10.40928257453425
6232.0,55.17619323730469,559.4741474137224,-0.9982316153451398,-575.7503592896057,559.4741474137224,575.7503592896057,381.22560316415326,-1.9939338546497787,-586.1596419471556,178.2485442495692,0.9957022393046389,10.409282657549864
6240.0,55.24711608886719,559.4743114356822,-0.998317590048102,-575.7503630925726,559.4743114356822,575.7503630925726,381.225767080891,-1.994019723871265,-586.1596463372771,178.2485443547913,0.9957021338231629,10.409283244704527
6248.0,55.31803894042969,559.4745170252131,-0.9984282188079829,-575.7505371041292,559.4745170252131,575.7505371041292,381.22597259406575,-1.994129456617717,-586.159820777551,178.2485444311473,0.9957012378097341,10.40928367342174
6256.0,55.38896179199219,559.4745745846894,-0.9985541013376258,-575.7505441129191,559.4745745846894,575.7505441129191,381.22602980668677,-1.9942558450593495,-586.1598279175158,178.24854477800272,0.9957017437217237,10.409283804596766
6264.0,55.45988464355469,559.4747308804335,-0.9986141182413837,-575.7506322795207,559.4747308804335,575.7506322795207,381.22618545100164,-1.9943162416811298,-586.1599168600349,178.24854542943189,0.9957021234397461,10.409284580514129
6272.0,55.53080749511719,559.4749177739627,-0.998690911852921,-575.7508734077163,559.4749177739627,575.7508734077163,381.22637236693845,-1.9943926343278662,-586.1601583169497,178.24854540702427,0.9957017224749452,10.409284909233415
6280.0,55.60172653198242,559.475005597401,-0.9988005656571683,-575.7508395659681,559.475005597401,575.7508395659681,381.2264603747883,-1.994502744774902,-586.1601253550232,178.24854522261273,0.9957021791177336,10.409285789055085
6288.0,55.67264938354492,559.4751789727243,-0.9988447283968878,-575.7509753806166,559.4751789727243,575.7509753806166,381.22663370868304,-1.9945472298060665,-586.1602613708693,178.2485452640413,0.9957025014091787,10.40928599025269
6296.0,55.74357223510742,559.4753217632053,-0.9989766723906275,-575.7510434487415,559.4753217632053,575.7510434487415,381.22677600308896,-1.994678705374529,-586.1603296769774,178.2485457601164,0.9957020329839015,10.409286228235908
6304.0,55.81449508666992,559.4753506092138,-0.9990862201291373,-575.750982220716,559.4753506092138,575.750982220716,381.22680551195464,-1.994787460234729,-586.1602690780684,178.24854509725913,0.9957012401055918,10.409286857352397
6312.0,55.88541793823242,559.4762526274942,-0.9991560790797651,-575.7517526345121,559.4762526274942,575.7517526345121,381.22768644527304,-1.99485778955615,-586.1610433398043,178.24856618222123,0.9957017104763848,10.409290705292323
6320.0,55.95634078979492,559.4771827643237,-0.9992124624575114,-575.7524868021527,559.4771827643237,575.7524868021527,381.22857153364794,-1.9949139539910128,-586.1617840283506,178.2486112306758,0.9957014915335014,10.409297226197832
6328.0,56.02726364135742,559.4767564389741,-0.9992060484715033,-575.7522139018731,559.4767564389741,575.7522139018731,381.22809413409675,-1.99490807802351,-586.1615152214199,178.2486623048774,0.9957020295520067,10.409301319546746
6336.0,56.09818649291992,559.4763195349941,-0.9992507823805425,-575.7517373573296,559.4763195349941,575.7517373573296,381.2276631944856,-1.9949526423504302,-586.1610379465405,178.24865634050852,0.9957018599698877,10.409300589210922
6344.0,56.16910934448242,559.4760119682716,-0.9992468050799035,-575.751494977301,559.4760119682716,575.751494977301,381.2273710190601,-1.9949484602408312,-586.1607938281268,178.24864094921142,0.9957016551609277,10.40929885082572
6352.0,56.240028381347656,559.4759939402174,-0.9992657123220177,-575.7515070645562,559.4759939402174,575.7515070645562,381.22736562145775,-1.994968112615343,-586.1608040212925,178.24862831875964,0.9957024002933252,10.40929695673628
6360.0,56.310951232910156,559.4764161565653,-0.9992635187122749,-575.751859562676,559.4764161565653,575.751859562676,381.22778212180606,-1.994965820507936,-586.1611578853691,178.2486340347592,0.995702301795661,10.409298322693049
6368.0,56.381874084472656,559.4762572850411,-0.9992766207920063,-575.7516049316126,559.4762572850411,575.7516049316126,381.22761992226566,-1.9949794665547742,-586.1609055334686,178.2486373627755,0.9957028457627679,10.40930060185603
6376.0,56.452796936035156,559.4766101638138,-0.9992981385888093,-575.7520781194238,559.4766101638138,575.7520781194238,381.2279643932079,-1.9950007066716253,-586.1613800722237,178.24864577060595,0.995702568082816,10.409301952799904
6384.0,56.523719787597656,559.4767440214132,-0.999266650019293,-575.7520854476147,559.4767440214132,575.7520854476147,381.2280854580347,-1.9949692529310887,-586.1613901297787,178.24865856337857,0.9957026029117957,10.409304682163976
6392.0,56.594642639160156,559.476417294067,-0.9992874978321211,-575.7518755933789,559.476417294067,575.7518755933789,381.227756038486,-1.9949898750547348,-586.1611806450157,178.24866125558094,0.9957023772226137,10.409305051636789
6400.0,56.665565490722656,559.4762557513984,-0.9992704363873557,-575.7517299552002,559.4762557513984,575.7517299552002,381.2276014402872,-1.9949730615994135,-586.161033942119,178.24865431111124,0.9957026252120578,10.409303986918864
6408.0,56.736488342285156,559.4761462940207,-0.9992340564427424,-575.751683610729,559.4761462940207,575.751683610729,381.2274983302875,-1.9949366775337083,-586.1609868154139,178.2486479637332,0.9957026210909659,10.40930320468503
6416.0,56.807373046875,559.4760887408659,-0.9992763574578545,-575.7515482880051,559.4760887408659,575.7515482880051,381.2274450350237,-1.9949785518177698,-586.160851482475,178.24864370584208,0.9957021943599154,10.40930319446991
6424.0,56.8782958984375,559.4761259897888,-0.9992673309011284,-575.7516797185395,559.4761259897888,575.7516797185395,381.2274852458907,-1.9949701164863995,-586.1609829117233,178.24864074389808,0.9957027855852711,10.409303193183701
6432.0,56.94921875,559.4761362279687,-0.9992424278546395,-575.7517903527857,559.4761362279687,575.7517903527857,381.22749766399204,-1.994945259905748,-586.1610930911768,178.24863856397667,0.9957028320511085,10.40930273839102
6440.0,57.0201416015625,559.4761251195198,-0.9992675835167741,-575.7516405825646,559.4761251195198,575.7516405825646,381.2274885456571,-1.9949705804987339,-586.1609440273126,178.24863657386277,0.9957029969819597,10.409303444747891
6448.0,57.091064453125,559.4760185472519,-0.9992894956432616,-575.7514827958287,559.4760185472519,575.7514827958287,381.2273839127945,-1.9949920107699768,-586.1607862507981,178.24863463445743,0.9957025151267151,10.409303454969358
6456.0,57.1619873046875,559.4760726160295,-0.9992564787487836,-575.7515184598191,559.4760726160295,575.7515184598191,381.2274389913854,-1.9949588434604593,-586.1608220019962,178.24863362464404,0.9957023647116756,10.409303542177055
6464.0,57.23291015625,559.4760663193834,-0.9992590455644796,-575.7516039166493,559.4760663193834,575.7516039166493,381.2274341566357,-1.9949617098020092,-586.1609067746386,178.24863216274775,0.9957026642375295,10.409302857989319
6472.0,57.3038330078125,559.4760489463249,-0.9992930703357885,-575.751487412576,559.4760489463249,575.751487412576,381.2274182965131,-1.994995082289396,-586.1607908765369,178.24863064981184,0.9957020119536075,10.409303463960889
6480.0,57.374755859375,559.4760866183568,-0.9992873733491416,-575.7516596527245,559.4760866183568,575.7516596527245,381.2274574909367,-1.9949898157687613,-586.1609631909187,178.24862912742014,0.9957024424196197,10.409303538194179
6488.0,57.4456787109375,559.4760677324971,-0.9993005194727411,-575.7514933286038,559.4760677324971,575.7514933286038,381.22743955860926,-1.9950030023578904,-586.1607969293672,178.24862817388782,0.9957024828851493,10.409303600763304
6496.0,57.516597747802734,559.476103981754,-0.9993273021563036,-575.7516480819488,559.476103981754,575.7516480819488,381.2274768767078,-1.9950297168993423,-586.160951679109,178.2486271050463,0.9957024147430387,10.40930359716019
6504.0,57.587520599365234,559.4760944472214,-0.9992877412299217,-575.7516053430526,559.4760944472214,575.7516053430526,381.22746845470147,-1.994990035926758,-586.1609088485341,178.24862599251998,0.9957022946968364,10.409303505481489
6512.0,57.658443450927734,559.4761028789569,-0.9993249470968459,-575.7515673770638,559.4761028789569,575.7515673770638,381.22747805560346,-1.9950270723710766,-586.1608712541924,178.24862482335342,0.9957021252742306,10.409303877128616
6520.0,57.729366302490234,559.4760883691619,-0.9993188984795554,-575.7516610095767,559.4760883691619,575.7516610095767,381.2274646757797,-1.9950209151058225,-586.1609644411145,178.24862369338217,0.9957020166262671,10.409303431537838
6528.0,57.800289154052734,559.4761249410166,-0.9993580512895015,-575.7516414199903,559.4761249410166,575.7516414199903,381.22750184915327,-1.9950603431737939,-586.1609451964218,178.2486230918633,0.9957022918842924,10.409303776431534
6536.0,57.871212005615234,559.4761642169892,-0.9993573022084963,-575.7516439598156,559.4761642169892,575.7516439598156,381.2275414668821,-1.9950589458182684,-586.16094785219,178.24862275010713,0.9957016436097721,10.409303892374448
6544.0,57.942134857177734,559.4761372310613,-0.9993585204658935,-575.7515443765262,559.4761372310613,575.7515443765262,381.22751489420034,-1.9950603416194816,-586.1608486511093,178.24862233686105,0.9957018211535882,10.409304274583036
6552.0,58.01305389404297,559.4761645592612,-0.9993768881612644,-575.7516205512304,559.4761645592612,575.7516205512304,381.227542881231,-1.9950786846409763,-586.1609250083579,178.2486216780302,0.9957017964797119,10.409304457127536
6560.0,58.08397674560547,559.4761507951104,-0.999409247814298,-575.7515593014028,559.4761507951104,575.7515593014028,381.22752917977965,-1.9951106127521676,-586.1608641507048,178.24862161533068,0.9957013649378696,10.409304849302014
6568.0,58.15489959716797,559.4761997543401,-0.9993985986960565,-575.7515781995171,559.4761997543401,575.7515781995171,381.22757830593616,-1.9950999999149026,-586.1608830017863,178.24862144840387,0.9957014012188461,10.409304802269146
6576.0,58.22582244873047,559.4761984125678,-0.9994815454788153,-575.7515971582424,559.4761984125678,575.7515971582424,381.2275777652791,-1.99518256809532,-586.1609023135356,178.2486206472887,0.9957010226165046,10.40930515529326
6584.0,58.29674530029297,559.4762371473724,-0.9994402497892194,-575.7516410411362,559.4762371473724,575.7516410411362,381.2276168238052,-1.9951415924505511,-586.1609463630457,178.24862032356728,0.9957013426613317,10.409305321909553
6592.0,58.36766815185547,559.4762481024526,-0.9994448772429765,-575.7516663665426,559.4762481024526,575.7516663665426,381.2276283042087,-1.9951462360115606,-586.160971856287,178.2486197982439,0.9957013587685841,10.409305489744412
6600.0,58.43859100341797,559.4762715587623,-0.9994418418858375,-575.7517426056864,559.4762715587623,575.7517426056864,381.22765243418996,-1.9951435002875897,-586.1610480815982,178.24861912457234,0.9957016584017522,10.409305475911724
6608.0,58.50951385498047,559.4763169032951,-0.9995096784322817,-575.7516836498553,559.4763169032951,575.7516836498553,381.22769765343253,-1.9952110929246132,-586.1609896946352,178.2486192498626,0.9957014144923315,10.409306044779903
6616.0,58.58043670654297,559.4763696279576,-0.9995004144071604,-575.751777823556,559.4763696279576,575.751777823556,381.22775044515146,-1.9952021689128614,-586.1610836365803,178.24861918280612,0.995701754505701,10.409305813024245
6624.0,58.65135955810547,559.4763691674686,-0.9995095043656823,-575.7518239798164,559.4763691674686,575.7518239798164,381.22775041766397,-1.9952109419163406,-586.1611302311017,178.24861874980473,0.9957014375506583,10.40930625128526
6632.0,58.72228240966797,559.4763527306418,-0.9995265392285102,-575.7516556679851,559.4763527306418,575.7516556679851,381.2277342033124,-1.9952277438280994,-586.1609622229671,178.2486185273293,0.9957012045995892,10.409306554981965
6640.0,58.79320526123047,559.4764099539068,-0.9995070660079817,-575.7517697917472,559.4764099539068,575.7517697917472,381.2277910568945,-1.9952088560430141,-586.161077015418,178.2486188970123,0.9957017900350325,10.409307223670808
6648.0,58.86412811279297,559.4763835770071,-0.9995632764659597,-575.7517021820285,559.4763835770071,575.7517021820285,381.22776519720463,-1.9952643795595293,-586.1610096871276,178.2486183798025,0.9957011030935696,10.409307505099179
6656.0,58.93505096435547,559.4765378516031,-0.9995721325483542,-575.7518337516452,559.4765378516031,575.7518337516452,381.22791918603264,-1.9952732100964532,-586.1611411779434,178.2486186655704,0.995701077548099,10.409307426298154
6664.0,59.00597381591797,559.4764271340248,-0.9996277814851329,-575.7517223466064,559.4764271340248,575.7517223466064,381.2278094039275,-1.9953289727956722,-586.1610298758329,178.2486177300973,0.9957011913105394,10.409307529226558
6672.0,59.07685852050781,559.4764962168215,-0.999588123630148,-575.7518172604525,559.4764962168215,575.7518172604525,381.22787819114706,-1.9952899266653574,-586.1611252325813,178.24861802567438,0.9957018030352094,10.409307972128772
6680.0,59.14778137207031,559.4765475218117,-0.9996147329667586,-575.7519179901037,559.4765475218117,575.7519179901037,381.2279294677662,-1.9953161291752224,-586.1612259420709,178.24861805404538,0.9957013962084638,10.409307951967174
6688.0,59.21870422363281,559.4765272386985,-0.9996243515669221,-575.7517221260216,559.4765272386985,575.7517221260216,381.2279092521775,-1.9953258227701909,-586.1610308781541,178.24861798652105,0.9957014712032688,10.409308752132477
6696.0,59.28962707519531,559.4765349735773,-0.9996624020102232,-575.7518023184881,559.4765349735773,575.7518023184881,381.2279178888957,-1.9953637343982997,-586.1611109844275,178.24861708468154,0.9957013323880766,10.40930866593938
6704.0,59.36054611206055,559.476550749878,-0.9996763125411654,-575.7517590370575,559.476550749878,575.7517590370575,381.2279338342499,-1.9953776142310247,-586.1610682735668,178.2486169156282,0.9957013016898593,10.409309236509339
6712.0,59.43146896362305,559.4766653963383,-0.9996882106104303,-575.7519967923467,559.4766653963383,575.7519967923467,381.22804837210333,-1.9953892287426207,-586.1613058577077,178.24861702423496,0.9957010181321904,10.409309065361011
6720.0,59.50239181518555,559.4765891358326,-0.9997498337241968,-575.7517130421943,559.4765891358326,575.7517130421943,381.2279720570662,-1.9954509257502338,-586.1610227145956,178.24861707876636,0.995701092026037,10.409309672401298
6728.0,59.57331466674805,559.4766543983967,-0.99975039889281,-575.7518215959352,559.4766543983967,575.7518215959352,381.2280371221761,-1.995451441739167,-586.1611315052322,178.2486172762206,0.9957010428463571,10.40930990929702
6736.0,59.64423751831055,559.476718750059,-0.9997498036315262,-575.7519102587419,559.476718750059,575.7519102587419,381.2281024583982,-1.9954512326790521,-586.161220137142,178.2486162916608,0.9957014290475259,10.409309878400153
6744.0,59.71516036987305,559.4767237447655,-0.999776352004714,-575.7518509644698,559.4767237447655,575.7518509644698,381.2281074359082,-1.9954775273153729,-586.161161197741,178.24861630885735,0.9957011753106588,10.409310233271205
6752.0,59.78608322143555,559.4767850659616,-0.9997933005526667,-575.7520787806619,559.4767850659616,575.7520787806619,381.2281684650935,-1.9954943407515309,-586.1613891018123,178.24861660086805,0.9957010401988642,10.409310321150432
6760.0,59.85700225830078,559.4767388691428,-0.9998454080087136,-575.7519118151063,559.4767388691428,575.7519118151063,381.2281227123932,-1.9955467359918106,-586.1612223063883,178.2486161567496,0.9957013279830971,10.409310491281934
6768.0,59.92792510986328,559.47683116488,-0.9998429025432749,-575.7520393669412,559.47683116488,575.7520393669412,381.228215799945,-1.9955436403049944,-586.1613499520768,178.24861536493495,0.9957007377617195,10.409310585135595
6776.0,59.99884796142578,559.4768462128493,-0.9998651601302626,-575.7520455436767,559.4768462128493,575.7520455436767,381.2282306537298,-1.9955660978471972,-586.1613563892853,178.24861555911951,0.9957009377169346,10.40931084560858
6784.0,60.06977081298828,559.4769040463802,-0.9998215326155835,-575.7520170998184,559.4769040463802,575.7520170998184,381.228289175642,-1.995522804731504,-586.1613283188487,178.24861487073827,0.9957012721159204,10.4093112190303
6792.0,60.14069366455078,559.4768700821501,-0.9999071008908169,-575.7520137236055,559.4768700821501,575.7520137236055,381.2282554502839,-1.9956081112741728,-586.1613250034388,178.24861463186613,0.9957010103833559,10.409311279833371
6800.0,60.21161651611328,559.47692459559,-0.9999127701092245,-575.7520641513618,559.47692459559,575.7520641513618,381.22830999506436,-1.9956136299903342,-586.1613752792133,178.2486146005257,0.9957008598811097,10.409311127851527
6808.0,60.28253936767578,559.4769687395396,-0.9999463147742746,-575.7520777382199,559.4769687395396,575.7520777382199,381.2283546749505,-1.9956466727724083,-586.1613895571986,178.2486140645892,0.9957003579981336,10.409311818978747
6816.0,60.35346221923828,559.4769870446105,-0.9999817812844611,-575.7521887801684,559.4769870446105,575.7521887801684,381.2283734033086,-1.9956822824345695,-586.1615009244083,178.24861364130197,0.9957005011501083,10.409312144239992
6824.0,60.42438507080078,559.4770224220081,-1.0000131650706523,-575.7520797707261,559.4770224220081,575.7520797707261,381.2284087937143,-1.9957142297976205,-586.1613924516441,178.2486136282938,0.9957010647269682,10.409312680918015
6832.0,60.49530792236328,559.477028034945,-0.999986993316571,-575.7520731086896,559.477028034945,575.7520731086896,381.22841447243326,-1.9956880413670248,-586.1613858820558,178.24861356251168,0.9957010480504538,10.409312773366231
6840.0,60.56623077392578,559.4771405569637,-1.0000587215250478,-575.7522438689573,559.4771405569637,575.7522438689573,381.2285267798248,-1.9957599416359457,-586.1615565741929,178.24861377713893,0.9957012201108979,10.409312705235589
6848.0,60.63715362548828,559.4771380862486,-1.0000868394780635,-575.7521809628605,559.4771380862486,575.7521809628605,381.228524912554,-1.9957870211281872,-586.1614943728019,178.2486131736946,0.9957001816501236,10.409313409941396
6856.0,60.70807647705078,559.4770899744719,-1.0000906888527954,-575.7520610626511,559.4770899744719,575.7520610626511,381.22847727492274,-1.9957920815547432,-586.1613744327119,178.24861269954914,0.9957013927019478,10.409313370060717
6864.0,60.77899932861328,559.4771650739217,-1.000109384355632,-575.7521520321515,559.4771650739217,575.7521520321515,381.22855290949246,-1.9958103155500986,-586.1614657741577,178.24861216442918,0.9957009311944667,10.409313742006209
6872.0,60.84992218017578,559.4772108527162,-1.000154709372497,-575.7521597373645,559.4772108527162,575.7521597373645,381.22859888484527,-1.9958554955834487,-586.1614731076936,178.24861196787091,0.9957007862109517,10.409313370329107
6880.0,60.920841217041016,559.4772788476396,-1.000196818942034,-575.7522169331654,559.4772788476396,575.7522169331654,381.22866761277083,-1.9958975973993098,-586.1615308614785,178.24861123486875,0.9957007784572758,10.409313928313006
6888.0,60.991764068603516,559.477271485642,-1.0002492591909373,-575.7521039999922,559.477271485642,575.7521039999922,381.22866085474527,-1.9959500746484338,-586.16141801403,178.24861063089665,0.9957008154574964,10.409314014037768
6896.0,61.062686920166016,559.4773443982191,-1.000264225239171,-575.7522867620946,559.4773443982191,575.7522867620946,381.228733697238,-1.995964568900792,-586.1616010801272,178.2486107009811,0.9957003436616212,10.40931431803261
6904.0,61.133609771728516,559.4774103263596,-1.0002853833210832,-575.7523209008267,559.4774103263596,575.7523209008267,381.2287990466913,-1.9959861760161601,-586.1616356359453,178.2486112796683,0.9957007926950769,10.409314735118675
6912.0,61.204532623291016,559.4774484623904,-1.000315080854544,-575.7523344720206,559.4774484623904,575.7523344720206,381.22883683470417,-1.9960158390495728,-586.1616491732577,178.2486116276862,0.9957007581950288,10.409314701237106
6920.0,61.275455474853516,559.4774830162019,-1.0003436922906,-575.7523266415459,559.4774830162019,575.7523266415459,381.228871340758,-1.996044412715161,-586.1616412391433,178.24861167544378,0.9957007204245611,10.4093145975974
6928.0,61.346343994140625,559.4775015488414,-1.0003608624496403,-575.7523850763895,559.4775015488414,575.7523850763895,381.22889061089256,-1.9960618155051328,-586.1617000005817,178.2486109379488,0.9957009530554926,10.40931492419223
6936.0,61.417266845703125,559.4775470495239,-1.000401649061402,-575.7523971260209,559.4775470495239,575.7523971260209,381.2289368917587,-1.9961023787283345,-586.1617123408257,178.2486101577652,0.9957007296669325,10.409315214804785
6944.0,61.48818588256836,559.4776398104545,-1.0004441355525824,-575.7524439225178,559.4776398104545,575.7524439225178,381.2290293037427,-1.9961452659846515,-586.1617592933043,178.24861050671183,0.9957011304320691,10.409315370786421
6952.0,61.55910873413086,559.477686329933,-1.000452688344418,-575.7525620875447,559.477686329933,575.7525620875447,381.22907619973205,-1.9961537541265102,-586.1618771117824,178.24861013020103,0.9957010657820922,10.409315024237701
6960.0,61.63003158569336,559.4777605804859,-1.0005144505367651,-575.7526284010315,559.4777605804859,575.7526284010315,381.22915128180915,-1.9962152223301253,-586.1619440072584,178.24860929867674,0.9957007717933601,10.409315606226878
6968.0,61.70095443725586,559.4777721187183,-1.0005246599521707,-575.7525688777765,559.4777721187183,575.7525688777765,381.22916274983675,-1.9962252116057222,-586.1618844901353,178.24860936888166,0.9957005516535515,10.40931561235876
6976.0,61.77187728881836,559.4778187703969,-1.000556561852691,-575.752584172864,559.4778187703969,575.752584172864,381.22920985476713,-1.9962575592293454,-586.1619001434133,178.2486089156298,0.9957009973766544,10.409315970549265
6984.0,61.84280014038086,559.4778881153603,-1.000589072643983,-575.7526475678197,559.4778881153603,575.7526475678197,381.2292797404357,-1.9962897002563267,-586.1619636082812,178.24860837492463,0.9957006276123437,10.409316040461484
6992.0,61.91372299194336,559.4779844896427,-1.000644697508986,-575.7528009255132,559.4779844896427,575.7528009255132,381.2293760833031,-1.9963456881880823,-586.1621167991436,178.2486084063396,0.9957009906790963,10.40931587363051
7000.0,61.98464584350586,559.477929010711,-1.00064407045359,-575.7526401873232,559.477929010711,575.7526401873232,381.22932108340547,-1.9963451992708272,-586.1619561329876,178.24860792730559,0.9957011288172373,10.40931594566438
7008.0,62.05556869506836,559.4780283200716,-1.0007093122015789,-575.7526750661099,559.4780283200716,575.7526750661099,381.2294206851105,-1.9964102352444684,-586.1619915310916,178.24860763496122,0.9957009230428895,10.409316464981805
7016.0,62.12649154663086,559.4780307997027,-1.0007240920964842,-575.752741713022,559.4780307997027,575.752741713022,381.229423622832,-1.9964250997691977,-586.1620579442053,178.2486071768707,0.9957010076727135,10.409316231183299
7024.0,62.197410583496094,559.4781487015343,-1.0008027465030649,-575.7528057358587,559.4781487015343,575.7528057358587,381.22954186525567,-1.9965038044523489,-586.1621220262193,178.24860683627867,0.995701057949284,10.409316290360618
7032.0,62.268333435058594,559.4782252852915,-1.000822333333181,-575.7528899989818,559.4782252852915,575.7528899989818,381.2296181056298,-1.9965235883022423,-586.1622066948079,178.24860717966175,0.9957012549690614,10.40931669582611
7040.0,62.339256286621094,559.4782436487266,-1.0008617068533257,-575.7529532218616,559.4782436487266,575.7529532218616,381.22963755424564,-1.9965624306143788,-586.1622696286115,178.2486060944809,0.9957007237610531,10.409316406749895
7048.0,62.410179138183594,559.4785154249696,-1.0009103322527153,-575.7530277978711,559.4785154249696,575.7530277978711,381.22990747605155,-1.9966112414200232,-586.1623451512587,178.24860794891805,0.9957009091673079,10.409317353387529
7056.0,62.481101989746094,559.4786531089089,-1.0009160337177736,-575.7529472297604,559.4786531089089,575.7529472297604,381.2300267106518,-1.9966172802723676,-586.1622681520753,178.2486263982571,0.995701246554594,10.40932092231488
7064.0,62.552024841308594,559.4786421747582,-1.0009643500148035,-575.7531456609926,559.4786421747582,575.7531456609926,381.23001203164205,-1.9966658009546627,-586.1624673954999,178.24863014311615,0.9957014509398592,10.409321734507293
7072.0,62.622947692871094,559.4786069136165,-1.0009814373481438,-575.7530881060433,559.4786069136165,575.7530881060433,381.22997832493604,-1.9966825501254135,-586.1624097765482,178.2486285886805,0.9957011127772697,10.409321670504882
7080.0,62.693870544433594,559.4786309103201,-1.0009895932024282,-575.7530335620908,559.4786309103201,575.7530335620908,381.2300033601726,-1.9966906092565182,-586.1623555387558,178.2486275501475,0.99570101605409,10.409321976665076
7088.0,62.764793395996094,559.4786638630658,-1.0010404800853374,-575.7531526064735,559.4786638630658,575.7531526064735,381.23003734878205,-1.9967414151709164,-586.1624742861613,178.24862651428379,0.995700935085579,10.409321679687865
7096.0,62.835716247558594,559.4786387085593,-1.0010504535022822,-575.7530912955147,559.4786387085593,575.7530912955147,381.23001334548087,-1.9967517156104861,-586.1624129771985,178.24862536307845,0.995701262108204,10.409321681683876
7104.0,62.906639099121094,559.4786993723458,-1.001085080228406,-575.7532709272682,559.4786993723458,575.7532709272682,381.23007638916096,-1.9967860273071487,-586.1625920646909,178.24862298318482,0.9957009470787428,10.409321137422719
7112.0,62.97755813598633,559.4787548717412,-1.0011422719023235,-575.7531984934371,559.4787548717412,575.7531984934371,381.23013285970796,-1.9968426654741194,-586.1625195663175,178.24862201203322,0.9957003935717958,10.409321072880374
7120.0,63.04848098754883,559.47873295603,-1.0012029565486849,-575.7532080255371,559.47873295603,575.7532080255371,381.2301125972575,-1.9969035869619383,-586.1625289087513,178.24862035877248,0.9957006304132534,10.409320883214097
7128.0,63.11940383911133,559.4787841025837,-1.0012148403008343,-575.7532749294708,559.4787841025837,575.7532749294708,381.2301641051384,-1.996915756547807,-586.1625961292568,178.24861999744536,0.9957009162469728,10.409321199786106
7136.0,63.19032669067383,559.4788912102143,-1.0012233141491373,-575.7532666317613,559.4788912102143,575.7532666317613,381.2302707475036,-1.9969242806034764,-586.1625877189931,178.24862046271073,0.995700966454339,10.409321087231733
7144.0,63.26124954223633,559.4789014140814,-1.0012680021185618,-575.7534180239652,559.4789014140814,575.7534180239652,381.2302819253641,-1.9969690820926367,-586.1627391561176,178.24861948871728,0.9957010799740749,10.409321132152387
7152.0,63.33217239379883,559.4789903735391,-1.0013068667709275,-575.7533965951732,559.4789903735391,575.7533965951732,381.2303717941711,-1.9970073026051267,-586.1627178541628,178.24861857936804,0.9957004358341992,10.4093212589896
7160.0,63.40309524536133,559.4789805803156,-1.001322832772063,-575.7533459849052,559.4789805803156,575.7533459849052,381.23036206157303,-1.997023603149298,-586.1626674540469,178.24861851874257,0.9957007703772351,10.409321469141686
7168.0,63.47401809692383,559.4789948726975,-1.001337238028631,-575.7533593588315,559.4789948726975,575.7533593588315,381.230377050918,-1.9970381849850263,-586.1626813556479,178.24861782177948,0.9957009469563953,10.409321996816361
7176.0,63.54494094848633,559.4790755099426,-1.0014381315993814,-575.753397449407,559.4790755099426,575.753397449407,381.23045761171613,-1.9971386614625857,-586.1627192618799,178.24861789822646,0.9957005298632042,10.409321812472946
7184.0,63.61582946777344,559.479165054121,-1.0014580775618054,-575.7533882348214,559.479165054121,575.7533882348214,381.230547353759,-1.9971587757735456,-586.1627111542075,178.248617700362,0.9957006982117402,10.40932291938608
7192.0,63.68675231933594,559.4791717053834,-1.0014732944039952,-575.7533549086988,559.4791717053834,575.7533549086988,381.2305544760254,-1.9971746584164585,-586.1626779648491,178.248617229358,0.9957013640124632,10.409323056150239
7200.0,63.75767517089844,559.4792137348145,-1.0015165595939992,-575.7534074253999,559.4792137348145,575.7534074253999,381.2305969026545,-1.9972176595352877,-586.1627302442382,178.24861683216002,0.9957010999412885,10.409322818838282
7208.0,63.82859802246094,559.4792977164851,-1.0015794739339645,-575.7535058030852,559.4792977164851,575.7535058030852,381.2306810337135,-1.9972802649103159,-586.162828523702,178.24861668277163,0.9957007909763513,10.409322720616812
7216.0,63.89952087402344,559.4792658836973,-1.001613289228386,-575.753353075841,559.4792658836973,575.753353075841,381.2306499823151,-1.9973140419997684,-586.1626762598366,178.2486159013822,0.9957007527713824,10.40932318399559
7224.0,63.97044372558594,559.47934842932,-1.001669395021917,-575.7535480563218,559.47934842932,575.7535480563218,381.23073299806254,-1.9973703629221085,-586.1628710786152,178.24861543125752,0.9957009679001914,10.409323022293398
7232.0,64.04136657714844,559.4794368591531,-1.0016675240747412,-575.753657438865,559.4794368591531,575.753657438865,381.23082183706583,-1.9973684097308357,-586.162980200259,178.24861502208728,0.9957008856560945,10.409322761393943
7240.0,64.11228942871094,559.4795114501075,-1.0017187750206418,-575.7538515235022,559.4795114501075,575.7538515235022,381.2308972480545,-1.997419888327716,-586.1631744263887,178.24861420205298,0.9957011133070743,10.409322902886377
7248.0,64.18321228027344,559.479593662068,-1.0017869264983341,-575.753800109278,559.479593662068,575.753800109278,381.23097995735145,-1.9974876579376044,-586.163122649393,178.24861370471666,0.9957007314392703,10.40932254011503
7256.0,64.25413513183594,559.479646653989,-1.001814666945699,-575.7537836988389,559.479646653989,575.7537836988389,381.2310326910052,-1.9975154901822059,-586.1631069737439,178.2486139629837,0.9957008232365068,10.409323274904963
7264.0,64.32505798339844,559.4796827393991,-1.0018565537980821,-575.7538531954948,559.4796827393991,575.7538531954948,381.2310699883205,-1.9975576299813795,-586.1631762723719,178.24861275107855,0.9957010761832974,10.409323076877097
7272.0,64.39598083496094,559.479769005415,-1.001899421134694,-575.7539156230633,559.479769005415,575.7539156230633,381.23115667173147,-1.9976006610831547,-586.1632387881625,178.24861233368358,0.9957012399484606,10.40932316509917
7280.0,64.46690368652344,559.4798418798632,-1.0019309034274855,-575.7539555049163,559.4798418798632,575.7539555049163,381.231229996372,-1.9976319548290107,-586.1632787012129,178.2486118834912,0.9957010514015252,10.409323196296524
7288.0,64.53782653808594,559.4799325676604,-1.0019582808523921,-575.7539782671589,559.4799325676604,575.7539782671589,381.23132022663174,-1.9976594750016545,-586.1633017157537,178.24861234102863,0.9957011941492624,10.409323448594844
7296.0,64.60874938964844,559.479944562078,-1.0020147852666037,-575.7540750669191,559.479944562078,575.7540750669191,381.2313330159701,-1.9977158784383846,-586.1633984848077,178.2486115461079,0.9957010931717809,10.409323417888555
7304.0,64.67967224121094,559.480016720011,-1.0020859030809373,-575.7540126005578,559.480016720011,575.7540126005578,381.2314055969398,-1.997786784839235,-586.1633364249803,178.2486111230712,0.9957008817582977,10.409323824422586
7312.0,64.75059509277344,559.4800470494303,-1.0021255507631883,-575.7539596809306,559.4800470494303,575.7539596809306,381.23143561883717,-1.9978265750005164,-586.1632832846597,178.24861143059312,0.9957010242373281,10.409323603729076
7320.0,64.82151794433594,559.4801583043725,-1.0021944368774287,-575.7541155171347,559.4801583043725,575.7541155171347,381.2315468711946,-1.9978952999583939,-586.1634394207169,178.24861143317787,0.9957008630809652,10.409323903582257
7328.0,64.89244079589844,559.4802663814712,-1.0022272308141726,-575.7543299037482,559.4802663814712,575.7543299037482,381.2316545946918,-1.9979278400204343,-586.1636534538004,178.2486117867794,0.9957006092062617,10.409323550052262
7336.0,64.96336364746094,559.4803181298653,-1.0022644353238057,-575.7542713254838,559.4803181298653,575.7542713254838,381.23170624799184,-1.9979657354910394,-586.1635954070507,178.24861188187347,0.9957013001672337,10.409324081566902
7344.0,65.03428649902344,559.4804235899487,-1.0023040734504427,-575.754337983863,559.4804235899487,575.754337983863,381.231811490128,-1.9980046898757706,-586.1636621302389,178.24861209982066,0.9957006164253279,10.409324146375921
7352.0,65.10520935058594,559.4804627119133,-1.0023098788096014,-575.7543557600895,559.4804627119133,575.7543557600895,381.23185003195135,-1.9980107969810952,-586.1636805082054,178.24861267996204,0.9957009181714938,10.409324748115841
7360.0,65.17613220214844,559.480592584534,-1.0023896723083991,-575.7544116283559,559.480592584534,575.7544116283559,381.2319795218534,-1.998090469024067,-586.1637367334711,178.2486130626806,0.9957007967156679,10.409325105115206
7368.0,65.24705505371094,559.4806265514176,-1.0024839064869893,-575.7543403772112,559.4806265514176,575.7543403772112,381.23201357873495,-1.9981844466932301,-586.1636661684565,178.2486129726826,0.9957005402062409,10.40932579124537
7376.0,65.31797790527344,559.4806685510102,-1.0024810384197727,-575.7544903532198,559.4806685510102,575.7544903532198,381.2320552235816,-1.9981819378923262,-586.1638157880637,178.2486133274286,0.9957008994725536,10.409325434843904
7384.0,65.38890075683594,559.480800363955,-1.0025611402782841,-575.7545396063177,559.480800363955,575.7545396063177,381.232186640059,-1.9982621277547672,-586.1638654536598,178.24861372389603,0.9957009874764831,10.40932584734208
7392.0,65.45982360839844,559.4808705111675,-1.002625823265304,-575.754606336993,559.4808705111675,575.754606336993,381.232256945695,-1.9983265643635875,-586.1639323575582,178.24861356547248,0.9957007410982834,10.409326020565253
7400.0,65.53074645996094,559.48093239172,-1.0026318613539198,-575.754578187793,559.48093239172,575.754578187793,381.2323186401398,-1.998332761902315,-586.1639046965643,178.24861375158014,0.9957009005483952,10.40932650877125
7408.0,65.60166931152344,559.4810336817542,-1.0027161283078323,-575.7548019031664,559.4810336817542,575.7548019031664,381.2324202879464,-1.998416601276034,-586.1641278158891,178.24861339380777,0.9957004729682017,10.409325912722672
7416.0,65.67259216308594,559.4810798135112,-1.0027494393207466,-575.7547717775662,559.4810798135112,575.7547717775662,381.2324670257659,-1.998450123441824,-586.1640984989493,178.2486127877453,0.9957006841210774,10.409326721383104
7424.0,65.74351501464844,559.4811633547158,-1.0028350470782206,-575.7547704972416,559.4811633547158,575.7547704972416,381.23255038685784,-1.9985357208608576,-586.1640976298984,178.24861296785795,0.995700673782637,10.409327132656788
7432.0,65.81443786621094,559.4812202687128,-1.0028612241971926,-575.7548677899703,559.4812202687128,575.7548677899703,381.23260748889845,-1.9985620519155383,-586.1641947205903,178.24861277981435,0.9957008277183457,10.409326930620015
7440.0,65.88531494140625,559.4812900215704,-1.0029054147423961,-575.7549297270962,559.4812900215704,575.7549297270962,381.2326779694388,-1.9986060549490006,-586.1642569405286,178.2486120521316,0.9957006402066044,10.409327213432412
7448.0,65.95623779296875,559.4813120239842,-1.0029315997011556,-575.7548386843523,559.4813120239842,575.7548386843523,381.2327002834036,-1.9986325318277274,-586.1641655288655,178.24861174058057,0.9957009321265717,10.40932684451315
7456.0,66.02716064453125,559.4814700691192,-1.0030176561821094,-575.7550100225742,559.4814700691192,575.7550100225742,381.23285814317114,-1.9987181611054723,-586.1643371117037,178.24861192594804,0.9957005049233629,10.40932708912955
7464.0,66.09808349609375,559.4815221369339,-1.0030882284372735,-575.7549942431892,559.4815221369339,575.7549942431892,381.2329105152091,-1.9987891215262223,-586.1643218352795,178.2486116217248,0.9957008930889488,10.409327592090245
7472.0,66.16900634765625,559.4816273605193,-1.0031310314961503,-575.7551757056093,559.4816273605193,575.7551757056093,381.2330155534471,-1.9988316076292278,-586.1645027145703,178.2486118070721,0.9957005761330775,10.409327008961002
7480.0,66.23992919921875,559.4817123148053,-1.003170238391081,-575.7552115274282,559.4817123148053,575.7552115274282,381.2331006848375,-1.998870870573711,-586.1645389330856,178.24861162996783,0.99570063218263,10.409327405657447
7488.0,66.31085205078125,559.4817552700619,-1.0032435811496647,-575.7551728369905,559.4817552700619,575.7551728369905,381.2331436235557,-1.9989442380695728,-586.1645009015685,178.24861164650616,0.9957006569199081,10.409328064578082
7496.0,66.38177490234375,559.4818707260504,-1.003298089315809,-575.7552797811356,559.4818707260504,575.7552797811356,381.2332591471712,-1.9989985801175045,-586.1646076838701,178.2486115788791,0.9957004908016955,10.409327902734539
7504.0,66.45269775390625,559.4819665066634,-1.0033615322585439,-575.7554949583522,559.4819665066634,575.7554949583522,381.23335507569243,-1.9990624857818275,-586.1648227316529,178.24861143097093,0.9957009535232837,10.409327773300662
7512.0,66.52362060546875,559.4819781735605,-1.0034052928854926,-575.7553497776712,559.4819781735605,575.7553497776712,381.2333665944832,-1.9991058564291322,-586.1646780048484,178.24861157907725,0.9957005635436396,10.409328227177193
7520.0,66.59454345703125,559.4820792114956,-1.0034716076251273,-575.7553365087498,559.4820792114956,575.7553365087498,381.23346741206115,-1.9991722362596107,-586.1646653890275,178.24861179943449,0.9957006286344834,10.409328880277686
7528.0,66.66546630859375,559.4821567459298,-1.0035561246307703,-575.7555054083435,559.4821567459298,575.7555054083435,381.2335446099146,-1.99925669857193,-586.1648340886657,178.2486121360153,0.9957005739411597,10.40932868032209
7536.0,66.73638916015625,559.4822968439095,-1.003561656335414,-575.7555351933231,559.4822968439095,575.7555351933231,381.2336841000004,-1.9992621254248597,-586.1648644468982,178.24861274390906,0.9957004690894458,10.409329253575047
7544.0,66.80731201171875,559.4823783801228,-1.0036410758295853,-575.7555225097713,559.4823783801228,575.7555225097713,381.2337656784322,-1.9993412060445017,-586.1648519532419,178.24861270169066,0.9957001302149164,10.409329443470602
7552.0,66.87823486328125,559.4824415900882,-1.003688177542296,-575.7556984108465,559.4824415900882,575.7556984108465,381.23382905010305,-1.9993890032855894,-586.1650280829566,178.24861253998523,0.9957008257432935,10.40932967211003
7560.0,66.94915771484375,559.4825393660341,-1.0037357973896173,-575.7557661273282,559.4825393660341,575.7557661273282,381.2339266246629,-1.9994360729213376,-586.165095921551,178.24861274137118,0.9957002755317204,10.409329794222803
7568.0,67.02008056640625,559.4826034339789,-1.0038099671694152,-575.7557050919385,559.4826034339789,575.7557050919385,381.23399083424874,-1.9995105218037565,-586.1650348807481,178.24861259973014,0.9957005546343414,10.409329788809634
7576.0,67.09100341796875,559.4827271861894,-1.0038683283208139,-575.7558352531921,559.4827271861894,575.7558352531921,381.2341145168824,-1.999568703117788,-586.1651652721835,178.24861266930702,0.9957003747969742,10.409330018991286
7584.0,67.16192626953125,559.482735361697,-1.0039193386905234,-575.7557747175586,559.482735361697,575.7557747175586,381.23412301094436,-1.9996198402694851,-586.1651048629972,178.2486123507526,0.9957005015789617,10.409330145438654
7592.0,67.23284912109375,559.4828272213423,-1.0039561382881566,-575.7558764065068,559.4828272213423,575.7558764065068,381.2342157603654,-1.9996568883755579,-586.1652063245992,178.24861146097692,0.9957007500874013,10.409329918092444
7600.0,67.30377197265625,559.482939923658,-1.0040413607351502,-575.7560103076285,559.482939923658,575.7560103076285,381.2343278605484,-1.999741785612251,-586.1653407274019,178.2486120631097,0.9957004248771009,10.409330419773537
7608.0,67.37469482421875,559.4830549017887,-1.004080615608708,-575.7560308374341,559.4830549017887,575.7560308374341,381.2344436114825,-1.9997813687627435,-586.1653607768187,178.24861129030623,0.9957007531540354,10.40932993938464
7616.0,67.44561767578125,559.4830995815014,-1.004158979532134,-575.7560729786538,559.4830995815014,575.7560729786538,381.23448825492824,-1.9998593010024557,-586.1654034746834,178.2486113265732,0.9957003214703217,10.409330496029646
7624.0,67.51654052734375,559.4832532717905,-1.0042157769609004,-575.7562806248316,559.4832532717905,575.7562806248316,381.23464151313937,-1.9999161367144502,-586.165610948512,178.24861175865112,0.9957003597535499,10.409330323680468
7632.0,67.58746337890625,559.4833112337162,-1.0042923287382068,-575.7561968608624,559.4833112337162,575.7561968608624,381.23469929550635,-1.999992863464275,-586.1655273714309,178.24861193820988,0.9957005347260681,10.409330510568534
7640.0,67.65838623046875,559.483417991701,-1.004350323187901,-575.7563787753227,559.483417991701,575.7563787753227,381.2348062040154,-2.000050450356021,-586.165709217714,178.2486117876856,0.9957001271681198,10.409330442391335
7648.0,67.72930908203125,559.4834942342166,-1.004427491140885,-575.7564122123076,559.4834942342166,575.7564122123076,381.23488227537405,-2.0001277443530796,-586.1657430641633,178.24861195884245,0.9957002532121946,10.409330851855646
7656.0,67.80023193359375,559.4835248274878,-1.00446676358903,-575.7563398380253,559.4835248274878,575.7563398380253,381.23491326105136,-2.0001672192322424,-586.1656712841052,178.24861156643652,0.9957004556432123,10.409331446079987
7664.0,67.87115478515625,559.4837773410741,-1.0045331037251692,-575.7566903837024,559.4837773410741,575.7566903837024,381.2351663411274,-2.0002341632630234,-586.1660209847618,178.24861099994664,0.9957010595378541,10.409330601059297
7672.0,67.94207763671875,559.4838410043063,-1.0046097116400912,-575.7566509243238,559.4838410043063,575.7566509243238,381.2352302511917,-2.0003099392109362,-586.1659820637205,178.24861075311463,0.9957002275708451,10.409331139396704
7680.0,68.01300048828125,559.4838461858351,-1.0046734246569455,-575.7566315470466,559.4838461858351,575.7566315470466,381.2352351088198,-2.0003738980281973,-586.165962603949,178.2486110770153,0.9957004733712518,10.409331056902367
7688.0,68.08392333984375,559.4839872465146,-1.004761634251798,-575.756702490534,559.4839872465146,575.756702490534,381.2353754424331,-2.000461578797516,-586.1660339570413,178.24861180408152,0.9956999445457182,10.409331466507284
7696.0,68.15480041503906,559.4845376327742,-1.0047830006314076,-575.757062072973,559.4845376327742,575.757062072973,381.23591464088884,-2.0004833691180757,-586.1663952827389,178.24862299188533,0.9957003684866681,10.409333209765974
7704.0,68.22572326660156,559.4845240202703,-1.0048559591282515,-575.7569737950083,559.4845240202703,575.7569737950083,381.2358868724169,-2.0005567593526123,-586.1663115227475,178.24863714785346,0.9957008002243608,10.409337727739215
7712.0,68.29664611816406,559.4848049344084,-1.0048527323438625,-575.7572172706653,559.4848049344084,575.7572172706653,381.23615228564336,-2.0005541277209176,-586.1665570856725,178.24865264876505,0.995701395377055,10.409339815007254
7720.0,68.36756896972656,559.4849892826588,-1.0048654912498236,-575.7573365402177,559.4849892826588,575.7573365402177,381.2363240014588,-2.000566321731366,-586.1666780260183,178.2486652812,0.9957008304815425,10.409341485800615
7728.0,68.43849182128906,559.485241635374,-1.0048903423677311,-575.757614623575,559.485241635374,575.757614623575,381.23655574254667,-2.00059182578552,-586.1669592583729,178.24868589282733,0.9957014834177889,10.409344634797943
7736.0,68.50941467285156,559.4848440410722,-1.0049019074577146,-575.7572661897938,559.4848440410722,575.7572661897938,381.2361503538373,-2.0006029660199047,-586.1666112382184,178.2486936872349,0.9957010585621902,10.409345048424631
7744.0,68.58033752441406,559.484656450858,-1.0049380772983332,-575.7571646093841,559.484656450858,575.7571646093841,381.23597124451334,-2.000639435551008,-586.1665076240256,178.2486852063447,0.995701358252675,10.409343014641582
7752.0,68.65126037597656,559.4845641843406,-1.0049279751185347,-575.7570402527278,559.4845641843406,575.7570402527278,381.23588665351883,-2.0006298176465585,-586.1663824112965,178.2486775308217,0.9957018425280237,10.409342158568625
7760.0,68.72218322753906,559.4845921665199,-1.004987118751445,-575.7571478686024,559.4845921665199,575.7571478686024,381.23591986119123,-2.000688384935142,-586.1664889244314,178.24867230532863,0.9957012661836968,10.409341055829081
7768.0,68.79310607910156,559.4846157516697,-1.0049940881235324,-575.7571397125569,559.4846157516697,575.7571397125569,381.23594666464106,-2.0006954144419566,-586.1664807043339,178.24866908702865,0.9957013263184242,10.409340991777036
7776.0,68.86402893066406,559.484272867951,-1.0050277797066176,-575.7569444234462,559.484272867951,575.7569444234462,381.2356153882748,-2.000729052818258,-586.16628289586,178.24865747967618,0.9957012731116404,10.409338472413896
7784.0,68.93495178222656,559.4853982104813,-1.005013798937581,-575.7575462581208,559.4853982104813,575.7575462581208,381.2367154417843,-2.0007155177618934,-586.1668891509871,178.248682768697,0.9957017188243125,10.409342892866361
7792.0,69.00587463378906,559.4851384986906,-1.00504201286358,-575.7575441050649,559.4851384986906,575.7575441050649,381.2364345074371,-2.0007430030657645,-586.166890292947,178.24870399125354,0.9957009902021845,10.40934618788206
7800.0,69.07679748535156,559.4849039991104,-1.0050417744267106,-575.7574189182918,559.4849039991104,575.7574189182918,381.23620552003774,-2.000742948495187,-586.1667638689396,178.24869847907263,0.9957011740684765,10.409344950647775
7808.0,69.14772033691406,559.4847790954389,-1.0050445507397088,-575.7573172861795,559.4847790954389,575.7573172861795,381.2360874681274,-2.0007463491797246,-586.1666609635151,178.24869162731144,0.9957017984400158,10.409343677335686
7816.0,69.21864318847656,559.4847195533416,-1.0050151096614846,-575.7572264775612,559.4847195533416,575.7572264775612,381.2360334998725,-2.0007168874279273,-586.1665693914936,178.24868605346916,0.9957017777664428,10.40934291393237
7824.0,69.28956604003906,559.4847608517837,-1.0050127626727958,-575.7573399733722,559.4847608517837,575.7573399733722,381.23607753484373,-2.0007148037868667,-586.1666821930029,178.24868331693995,0.9957020411140709,10.409342219630703
7832.0,69.36048889160156,559.4847449171309,-1.005038128046098,-575.7571951411301,559.4847449171309,575.7571951411301,381.2360632624177,-2.0007393832343823,-586.1665374781389,178.24868165471327,0.9957012551882842,10.409342337008827
7840.0,69.43141174316406,559.4847249515029,-1.0050354237406074,-575.7572386230903,559.4847249515029,575.7572386230903,381.2360449017689,-2.00073718271603,-586.1665809239415,178.24868004973405,0.9957017589754225,10.409342300851243
7848.0,69.50233459472656,559.4847516622469,-1.0050780330123805,-575.7573197029761,559.4847516622469,575.7573197029761,381.236073067006,-2.0007795565824438,-586.1666610779043,178.2486785952409,0.9957015235700633,10.409341374928259
7856.0,69.57325744628906,559.484846106268,-1.0050564626961096,-575.7574057024451,559.484846106268,575.7574057024451,381.23616747136896,-2.0007581856798105,-586.1667472505517,178.2486786348991,0.9957017229837009,10.409341548106537
7864.0,69.64418029785156,559.4847507953114,-1.0050578482368735,-575.7572006882615,559.4847507953114,575.7572006882615,381.2360735276995,-2.000759568284206,-586.1665428394824,178.24867726761192,0.9957017200473324,10.409342151220912
7872.0,69.71510314941406,559.4848162389053,-1.0050566673014893,-575.757400674982,559.4848162389053,575.757400674982,381.2361392403581,-2.000758689380632,-586.1667418946919,178.24867699854713,0.9957020220791426,10.409341219709884
7880.0,69.78602600097656,559.4848135212832,-1.0050828280287796,-575.7573196652445,559.4848135212832,575.7573196652445,381.2361371908719,-2.0007845203639327,-586.1666612181582,178.24867633041129,0.9957016923351532,10.409341552913654
7888.0,69.85694885253906,559.4848496976105,-1.0051227293445804,-575.7574230220367,559.4848496976105,575.7574230220367,381.2361741965409,-2.0008247752572927,-586.1667648179464,178.24867550106953,0.9957020459127124,10.40934179590966
7896.0,69.92787170410156,559.4847908726708,-1.0051317176033967,-575.7573159371426,559.4847908726708,575.7573159371426,381.23611647151927,-2.00083390318094,-586.1666574277558,178.24867440115162,0.9957021855775432,10.40934149061317
7904.0,69.99879455566406,559.4848183513843,-1.005111392205265,-575.7572795775912,559.4848183513843,575.7572795775912,381.23614454365844,-2.000813396743311,-586.1666214755458,178.24867380772594,0.995702004538046,10.409341897954555
7912.0,70.06971740722656,559.4848825325472,-1.0051455088669865,-575.7574961061288,559.4848825325472,575.7574961061288,381.23620926628126,-2.000847522750796,-586.1668367780782,178.24867326626597,0.9957020138838093,10.409340671949392
7920.0,70.14064025878906,559.4848855447034,-1.005140788606556,-575.7574660705332,559.4848855447034,575.7574660705332,381.2362126218677,-2.000842762591997,-586.1668072760679,178.2486729228357,0.9957019739854411,10.409341205534707
7928.0,70.21156311035156,559.4848357161861,-1.0051462735499515,-575.7572906387998,559.4848357161861,575.7572906387998,381.23616349873356,-2.0008483424734536,-586.166631896182,178.24867221745262,0.9957020689235021,10.409341257382252
7936.0,70.28248596191406,559.4848636152022,-1.0051574849330347,-575.7573449785929,559.4848636152022,575.7573449785929,381.23619120457386,-2.000859674022543,-586.1666862601788,178.2486724106284,0.9957021890895081,10.409341281586006
7944.0,70.35340881347656,559.4849652383946,-1.005165995775842,-575.757535775987,559.4849652383946,575.757535775987,381.23629312083403,-2.0008683773850144,-586.1668771244234,178.2486721175606,0.9957023816091723,10.409341348436499
7952.0,70.42428588867188,559.484884235577,-1.005140369352116,-575.7573932811201,559.484884235577,575.7573932811201,381.2362123825403,-2.0008426674532487,-586.1667352233926,178.24867185303674,0.9957022981011328,10.40934194227245
7960.0,70.49520874023438,559.4849802635573,-1.0052213608121647,-575.7575236569455,559.4849802635573,575.7575236569455,381.2363085299123,-2.0009230540732936,-586.1668651502399,178.24867173364495,0.9957016932611289,10.409341493294356
7968.0,70.56613159179688,559.4849091169394,-1.0051950966833028,-575.7574565625279,559.4849091169394,575.7574565625279,381.2362379306058,-2.0008972132156444,-586.1667979677395,178.2486711863337,0.9957021165323416,10.409341405211663
7976.0,70.63705444335938,559.4849736181577,-1.0052064617416363,-575.7574808983107,559.4849736181577,575.7574808983107,381.2363031022554,-2.0009086004281293,-586.166822259342,178.24867051590223,0.995702138686493,10.409341361031244
7984.0,70.70797729492188,559.4850116588516,-1.005205132865651,-575.7576042734983,559.4850116588516,575.7576042734983,381.23634118081213,-2.0009073475338113,-586.1669454312397,178.24867047803951,0.9957022146681602,10.409341157741423
7992.0,70.77890014648438,559.4849576400213,-1.0052260221032423,-575.7574371050744,559.4849576400213,575.7574371050744,381.2362872253476,-2.000928527132899,-586.1667788633797,178.24867041467377,0.9957025050296568,10.409341758305386
8000.0,70.84982299804688,559.4849813574384,-1.0052410761339914,-575.7574574627033,559.4849813574384,575.7574574627033,381.23631141375483,-2.000943815779703,-586.166799148946,178.24866994368358,0.9957027396457114,10.409341686242621
8008.0,70.92074584960938,559.4850185160515,-1.0052375533039104,-575.7574625420765,559.4850185160515,575.7574625420765,381.23634848848906,-2.0009397400157454,-586.1668039988019,178.24867002756247,0.995702186711835,10.40934145672538
8016.0,70.99166870117188,559.4850119647172,-1.0052573296615623,-575.7574073429948,559.4850119647172,575.7574073429948,381.2363425314526,-2.0009597913317307,-586.1667492620013,178.24866943326458,0.9957024616701684,10.409341919006437
8024.0,71.06259155273438,559.4850798864487,-1.0052838007479314,-575.757573350454,559.4850798864487,575.757573350454,381.23641056270793,-2.0009861354266363,-586.1669151453909,178.24866932374078,0.9957023346787048,10.409341794936948
8032.0,71.13351440429688,559.4850416723233,-1.0052734840646491,-575.7574221885172,559.4850416723233,575.7574221885172,381.2363717828922,-2.000976020561636,-586.1667640709934,178.24866988943108,0.9957025364969869,10.409341882476204
8040.0,71.20443725585938,559.4851007916468,-1.0052891218691302,-575.7575074416886,559.4851007916468,575.7575074416886,381.2364311269846,-2.0009909153274315,-586.1668492575926,178.24866966466226,0.9957017934583012,10.40934181590394
8048.0,71.27536010742188,559.4850985914454,-1.0053326708688841,-575.7574925319034,559.4850985914454,575.7574925319034,381.23642968429454,-2.001034729568172,-586.1668341899983,178.2486689071509,0.9957020586992877,10.409341658095002
8056.0,71.34628295898438,559.4850965719143,-1.0053077403300117,-575.7575399778895,559.4850965719143,575.7575399778895,381.2364283390398,-2.001010292375714,-586.1668815680017,178.24866823287445,0.9957025520457021,10.40934159011228
8064.0,71.41720581054688,559.4851148225958,-1.0053147219459362,-575.7575189356941,559.4851148225958,575.7575189356941,381.2364463933688,-2.0010168195589912,-586.1668604571207,178.24866842922705,0.9957020976130551,10.409341521426633
8072.0,71.48812866210938,559.4851335188177,-1.005349033978785,-575.7574926027364,559.4851335188177,575.7574926027364,381.2364651659351,-2.0010513399990195,-586.1668342411554,178.2486683528826,0.9957023060202346,10.409341638418987
8080.0,71.55905151367188,559.4851385719601,-1.0053541750424406,-575.7574717987044,559.4851385719601,575.7574717987044,381.23646973242455,-2.0010562791406343,-586.1668133960669,178.24866883953547,0.9957021040981937,10.409341597362562
8088.0,71.62997436523438,559.4851782346942,-1.0053580079052287,-575.7575813356308,559.4851782346942,575.7575813356308,381.2365100430985,-2.0010603560536993,-586.166922910767,178.24866819159573,0.9957023481484706,10.40934157513623
8096.0,71.70089721679688,559.485207042384,-1.0053645073750186,-575.7576596108721,559.485207042384,575.7576596108721,381.2365390147996,-2.00106678911229,-586.1670015394166,178.24866802758442,0.9957022817372714,10.4093419285444
8104.0,71.77182006835938,559.4852725620328,-1.0053903354015912,-575.7576362715631,559.4852725620328,575.7576362715631,381.2366045246891,-2.0010930902103823,-586.1669778940233,178.2486680373438,0.9957027548087911,10.409341622460191
8112.0,71.84274291992188,559.4852517133797,-1.0053623265239837,-575.7576122502063,559.4852517133797,575.7576122502063,381.2365842596197,-2.001065030748279,-586.1669540779633,178.24866745376,0.9957027042242954,10.409341827756998
8120.0,71.91366577148438,559.4852456413732,-1.0054031326227548,-575.7576183562794,559.4852456413732,575.7576183562794,381.2365779807749,-2.0011056129958895,-586.1669602648873,178.24866766059841,0.9957024803731347,10.409341908607919
8128.0,71.98458862304688,559.4852990927743,-1.0054150961266561,-575.7576945478563,559.4852990927743,575.7576945478563,381.2366313204551,-2.001117535559551,-586.1670358311744,178.24866777231924,0.995702439432895,10.409341283318154
8136.0,72.05551147460938,559.485349321168,-1.0054324304730784,-575.757772805515,559.485349321168,575.757772805515,381.23668179974516,-2.00113473967728,-586.1671145162672,178.24866752142282,0.9957023092042014,10.409341710752356
8144.0,72.12643432617188,559.4853886835681,-1.0054464506945218,-575.7577402491276,559.4853886835681,575.7577402491276,381.2367213002826,-2.0011487125331264,-586.167082235399,178.24866738328546,0.9957022618386047,10.409341986271405
8152.0,72.19735717773438,559.4853481964537,-1.0054343666448275,-575.7577140033724,559.4853481964537,575.7577140033724,381.236680960369,-2.0011369804687327,-586.1670559830475,178.2486672360847,0.9957026138239051,10.40934197967515
8160.0,72.26828002929688,559.4853232231383,-1.0054940609616665,-575.757594411731,559.4853232231383,575.757594411731,381.23665624003354,-2.001196535139986,-586.1669367109711,178.24866698310473,0.9957024741783194,10.409342299240055
8168.0,72.33920288085938,559.485344679636,-1.0055098468306074,-575.7577070594621,559.485344679636,575.7577070594621,381.2366778349076,-2.0012121739791624,-586.1670491650654,178.24866684472846,0.995702327148555,10.4093421056033
8176.0,72.41012573242188,559.4854153383823,-1.0055168182913778,-575.7578000985865,559.4854153383823,575.7578000985865,381.2367490294939,-2.0012192482055653,-586.1671418301538,178.24866630888832,0.9957024299141874,10.409341731567338
8184.0,72.48104858398438,559.4854847658914,-1.0055093105255493,-575.7578183623621,559.4854847658914,575.7578183623621,381.23681818747286,-2.001211645887878,-586.167160176847,178.24866657841858,0.9957023353623287,10.409341814484955
8192.0,72.55197143554688,559.4854872285928,-1.0055663605663208,-575.7577921650332,559.4854872285928,575.7577921650332,381.23682068748246,-2.001268637285829,-586.1671341893001,178.24866654111028,0.9957022767195083,10.409342024266929
8200.0,72.62291717529297,559.485513008849,-1.0055687790397387,-575.7579601951313,559.485513008849,575.7579601951313,381.23684671686954,-2.001271082458384,-586.167302709764,178.24866629197942,0.9957023034186454,10.40934251463277
8208.0,72.69384002685547,559.4854810423408,-1.0055684986994997,-575.7577931947751,559.4854810423408,575.7577931947751,381.2368148892185,-2.0012710047052025,-586.1671354584892,178.24866615312226,0.9957025060057028,10.409342263714024
8216.0,72.76472473144531,559.4854892137851,-1.0055629936577901,-575.7577348563664,559.4854892137851,575.7577348563664,381.23682333169256,-2.0012657366714883,-586.1670776083643,178.24866588209244,0.9957027430136982,10.40934275199785
8224.0,72.83560943603516,559.4855998748878,-1.0055888135690711,-575.7579064903149,559.4855998748878,575.7579064903149,381.2369337372129,-2.0012913116689575,-586.1672488647205,178.24866613767495,0.9957024980998863,10.409342374405611
8232.0,72.90653228759766,559.4855610060839,-1.005638801092692,-575.7578860846422,559.4855610060839,575.7578860846422,381.23689515024944,-2.0013406568436913,-586.1672279789873,178.2486658558345,0.9957018557509993,10.409341894345118
8240.0,72.97745513916016,559.4855296753735,-1.005668597862277,-575.757711922098,559.4855296753735,575.757711922098,381.23686392979334,-2.001370502901299,-586.1670546982457,178.24866574558018,0.9957019050390219,10.409342776147684
8248.0,73.04837799072266,559.4855953002918,-1.0056482362523411,-575.7578740812738,559.4855953002918,575.7578740812738,381.23692946697435,-2.0013507236751167,-586.1672169675462,178.24866583331755,0.9957024874227756,10.409342886272409
8256.0,73.11930084228516,559.4856695090084,-1.0056807566634802,-575.7579299890305,559.4856695090084,575.7579299890305,381.23700380576406,-2.001383084893174,-586.167272347808,178.24866570324437,0.9957023282296937,10.409342358777481
8264.0,73.19022369384766,559.4856810865109,-1.0056774500637555,-575.7580040513853,559.4856810865109,575.7580040513853,381.23701530499477,-2.001380003332077,-586.1673462439883,178.24866578151617,0.9957025532683215,10.409342192602928
8272.0,73.26114654541016,559.4857064951614,-1.005696182621218,-575.75798137166,559.4857064951614,575.75798137166,381.2370405016396,-2.0013986844964684,-586.1673238282433,178.24866599352168,0.9957025018752503,10.409342456583287
8280.0,73.33206176757812,559.4857414114588,-1.00572315412216,-575.758036861163,559.4857414114588,575.758036861163,381.23707549522237,-2.001425383667595,-586.1673795042418,178.2486659162364,0.9957022295454347,10.40934264307885
8288.0,73.40298461914062,559.4857203888225,-1.005728138136229,-575.7579752208285,559.4857203888225,575.7579752208285,381.2370544709429,-2.0014308918165504,-586.1673176787997,178.24866591787958,0.9957027536803214,10.40934245797116
8296.0,73.47390747070312,559.4857226217878,-1.0057444269629965,-575.7578990840648,559.4857226217878,575.7578990840648,381.2370563735958,-2.001446792694953,-586.1672420371813,178.2486662481919,0.9957023657319564,10.409342953116466
8304.0,73.54483032226562,559.4857493330153,-1.0057606486260733,-575.7580261810865,559.4857493330153,575.7580261810865,381.2370837018679,-2.001463048567544,-586.1673692276463,178.24866563114745,0.9957023999414707,10.409343046559842
8312.0,73.61575317382812,559.4857779441584,-1.0057483021897689,-575.7580524117515,559.4857779441584,575.7580524117515,381.23711231937153,-2.0014504331912804,-586.1673952587618,178.2486656247868,0.9957021310015115,10.409342847010324
8320.0,73.68667602539062,559.4857205255711,-1.005782927059979,-575.7578540690442,559.4857205255711,575.7578540690442,381.23705519548093,-2.0014852539118237,-586.1671975177663,178.24866533009015,0.9957023268518448,10.409343448722096
8328.0,73.75759887695312,559.4858319118778,-1.0058115289827798,-575.7580547179824,559.4858319118778,575.7580547179824,381.2371662592034,-2.0015137775058136,-586.167397653586,178.24866565267442,0.9957022485230338,10.40934293560358
8336.0,73.82852172851562,559.4858783893278,-1.0058138369170857,-575.7580530015947,559.4858783893278,575.7580530015947,381.23721261067215,-2.0015162872629766,-586.1673958464544,178.24866577865563,0.9957024503458909,10.409342844859669
8344.0,73.89944458007812,559.4859037512117,-1.0058173613389352,-575.7580702337199,559.4859037512117,575.7580702337199,381.23723791224785,-2.0015197849443176,-586.1674132456211,178.2486658389639,0.9957024236053824,10.409343011901198
8352.0,73.97036743164062,559.4858788980871,-1.0058623614691395,-575.7580576967785,559.4858788980871,575.7580576967785,381.23721371837576,-2.0015647104567478,-586.1674007259585,178.2486651797113,0.9957023489876082,10.409343029180038
8360.0,74.04129028320312,559.4859066175826,-1.0058605021484022,-575.7580746852983,559.4859066175826,575.7580746852983,381.23724176918574,-2.0015629881573886,-586.1674181193891,178.24866484839688,0.9957024860089865,10.409343434090813
8368.0,74.11221313476562,559.4859120422857,-1.005915274847026,-575.758019624241,559.4859120422857,575.758019624241,381.23724721425924,-2.001617802582871,-586.1673625795793,178.2486648280264,0.9957025277358449,10.40934295533829
8376.0,74.18313598632812,559.48599152847,-1.0059188222366826,-575.7581678718452,559.48599152847,575.7581678718452,381.23732614843345,-2.001621317540959,-586.1675109446608,178.24866538003653,0.9957024953042763,10.409343072815565
8384.0,74.25405883789062,559.4860116100326,-1.005922198584826,-575.7581223723143,559.4860116100326,575.7581223723143,381.237346703271,-2.001624851048607,-586.1674655779458,178.24866490676166,0.9957026524637813,10.409343205631458
8392.0,74.32498168945312,559.486033521954,-1.0059666484517962,-575.7581536821468,559.486033521954,575.7581536821468,381.23736880193087,-2.001668799890595,-586.1674970436877,178.24866472002319,0.9957021514387989,10.409343361540852
8400.0,74.39590454101562,559.4860494362324,-1.0059859433767988,-575.7581024900196,559.4860494362324,575.7581024900196,381.23738475921834,-2.0016880065712073,-586.1674463342547,178.24866467701403,0.9957020631944085,10.4093438442351
8408.0,74.46682739257812,559.4860691726117,-1.0059370489449062,-575.7581224770253,559.4860691726117,575.7581224770253,381.23740470722686,-2.0016398360220293,-586.1674658519954,178.24866446538476,0.9957027870771231,10.409343374970142
8416.0,74.53775024414062,559.4860534174375,-1.0060100122652207,-575.7581222105673,559.4860534174375,575.7581222105673,381.23738919585116,-2.0017121191453775,-586.1674656157898,178.2486642215863,0.9957021068801568,10.40934340522246
8424.0,74.60867309570312,559.4860919741888,-1.0060346510960319,-575.7581855045925,559.4860919741888,575.7581855045925,381.2374278093631,-2.00173709010204,-586.1675292785326,178.2486641648256,0.9957024390060081,10.409343773940169
8432.0,74.67959594726562,559.4861671803112,-1.0060514668953182,-575.7582901428492,559.4861671803112,575.7582901428492,381.237502665468,-2.001754207190693,-586.1676336020766,178.24866451484326,0.9957027402953749,10.40934345922744
8440.0,74.75051879882812,559.4861660555559,-1.0060573270648172,-575.7582163785529,559.4861660555559,575.7582163785529,381.2375013601022,-2.0017596950767214,-586.1675602375332,178.24866469545373,0.9957023680119041,10.409343858980305
8448.0,74.82144165039062,559.4862276790182,-1.0060837032119307,-575.7582895780553,559.4862276790182,575.7582895780553,381.23756348448626,-2.0017863579284487,-586.1676332525291,178.24866419453184,0.995702654716518,10.409343674473812
8456.0,74.89236450195312,559.4862488185756,-1.006094346786555,-575.7583303450808,559.4862488185756,575.7583303450808,381.2375844482233,-2.0017964601631277,-586.1676745371883,178.24866437035234,0.9957021133765727,10.409344192107527
8464.0,74.96328735351562,559.4862579235299,-1.0061304671319515,-575.7582545738878,559.4862579235299,575.7582545738878,381.23759358721827,-2.0018329280506535,-586.1675985168763,178.24866433631166,0.995702460918702,10.409343942988441
8472.0,75.03421020507812,559.4863201182868,-1.006122720058725,-575.7583685333922,559.4863201182868,575.7583685333922,381.2376555864854,-2.0018251336947337,-586.1677122668416,178.24866453180135,0.9957024136360086,10.409343733449465
8480.0,75.10513305664062,559.4863289736038,-1.006153501012296,-575.7583327273692,559.4863289736038,575.7583327273692,381.2376645678322,-2.0018561589063957,-586.1676766087461,178.24866440577154,0.9957026578940997,10.409343881376882
8488.0,75.17605590820312,559.4863367189557,-1.0061668902706158,-575.7583711807963,559.4863367189557,575.7583711807963,381.2376727626447,-2.001869152052034,-586.1677151044332,178.24866395631096,0.9957022617814184,10.409343923636909
8496.0,75.24697875976562,559.4863528767462,-1.0062266206469141,-575.7584363143139,559.4863528767462,575.7584363143139,381.23768930689937,-2.001928641444316,-586.1677802480234,178.24866356984677,0.9957020207974017,10.40934393370952
8504.0,75.31790161132812,559.48638910185,-1.0062293181003144,-575.75844107243,559.48638910185,575.75844107243,381.2377253907994,-2.0019313367937315,-586.1677850146486,178.2486637110506,0.9957020186934171,10.409343942218717
8512.0,75.38882446289062,559.4864504322702,-1.0062419422476054,-575.7584157045453,559.4864504322702,575.7584157045453,381.23778680732204,-2.001944286770126,-586.1677597528268,178.2486636249482,0.9957023445225204,10.40934404828152
8520.0,75.45974731445312,559.486485101122,-1.0062545643484269,-575.7584160449791,559.486485101122,575.7584160449791,381.23782094831375,-2.0019567772967726,-586.1677600826988,178.2486641528082,0.9957022129483457,10.409344037719704
8528.0,75.53067016601562,559.486492197275,-1.0062820425150374,-575.7584906760966,559.486492197275,575.7584906760966,381.23782860892777,-2.0019839173816685,-586.1678346709716,178.24866358834723,0.9957018748666311,10.409343994875062
8536.0,75.60159301757812,559.4865511917608,-1.0063039074821898,-575.7585092895475,559.4865511917608,575.7585092895475,381.23788710116366,-2.002006213324048,-586.16785343123,178.24866409059717,0.9957023058418581,10.409344141682482
8544.0,75.67251586914062,559.4865559662748,-1.006306807566939,-575.7584575707897,559.4865559662748,575.7584575707897,381.2378915441987,-2.002008933401587,-586.1678020742621,178.24866442207605,0.9957021258346481,10.409344503472482
8552.0,75.7434310913086,559.4865825443344,-1.0063196397533716,-575.7584662712951,559.4865825443344,575.7584662712951,381.2379179403397,-2.002021721575275,-586.1678107183228,178.24866460399477,0.9957020818219036,10.409344447027664
8560.0,75.8143539428711,559.4866318328858,-1.006385822677637,-575.7585670621944,559.4866318328858,575.7585670621944,381.2379671794509,-2.0020876028695653,-586.1679117579554,178.2486646534349,0.9957017801919283,10.409344695760955
8568.0,75.8852767944336,559.4866416811524,-1.006400604595707,-575.7585962819962,559.4866416811524,575.7585962819962,381.2379768851924,-2.002102391150185,-586.1679409082066,178.24866479596,0.9957017865544779,10.40934462621036
8576.0,75.9561996459961,559.4866633517557,-1.0063497534358614,-575.75856811263,559.4866633517557,575.75856811263,381.23799828202004,-2.002052075738291,-586.1679126153094,178.24866506973572,0.9957023223024297,10.409344502679511
8584.0,76.0271224975586,559.4867233914081,-1.0063768675874636,-575.7586143399143,559.4867233914081,575.7586143399143,381.2380576143246,-2.0020789422266496,-586.1679596673275,178.24866577708343,0.995702074639186,10.40934532741324
8592.0,76.0980453491211,559.4868212510378,-1.006430315424276,-575.7587586991697,559.4868212510378,575.7587586991697,381.23815591487806,-2.002132085883755,-586.1681035960482,178.24866533615972,0.9957017704594788,10.409344896878586
8600.0,76.1689682006836,559.4867770097017,-1.0064514068350405,-575.7586577757085,559.4867770097017,575.7586577757085,381.2381116637867,-2.0021532610268338,-586.1680028023516,178.24866534591496,0.9957018541917932,10.409345026643129
8608.0,76.2398910522461,559.4867614880895,-1.0064709539428858,-575.7585613492287,559.4867614880895,575.7585613492287,381.23809607700866,-2.0021729518196807,-586.1679068775718,178.24866541108082,0.9957019978767949,10.409345528343096
8616.0,76.3108139038086,559.4868320800261,-1.0064617535318883,-575.758575241159,559.4868320800261,575.758575241159,381.2381665724951,-2.0021635406662845,-586.1679209977641,178.24866550753106,0.9957017871343963,10.409345756605099
8624.0,76.3817367553711,559.4868598884818,-1.0065011929821548,-575.7586363677373,559.4868598884818,575.7586363677373,381.2381944862932,-2.002203604121867,-586.1679817163115,178.2486654021886,0.9957024111397121,10.409345348574178
8632.0,76.4526596069336,559.4868502664276,-1.006531112648548,-575.7586224159639,559.4868502664276,575.7586224159639,381.23818493585054,-2.002233543908403,-586.167967875058,178.24866533057707,0.995702431259855,10.409345459094077
8640.0,76.5235824584961,559.4868838418636,-1.0065347396179183,-575.7587186757827,559.4868838418636,575.7587186757827,381.23821863111266,-2.0022374036062196,-586.1680639995514,178.24866521075091,0.9957026639883013,10.409345323768646
8648.0,76.5945053100586,559.4869384266719,-1.0065676085814328,-575.7587099945655,559.4869384266719,575.7587099945655,381.23827324058243,-2.002269744351711,-586.1680551461836,178.2486651860895,0.9957021357702782,10.409345151618156
8656.0,76.6654281616211,559.4869565718712,-1.006580167266737,-575.7587669482335,559.4869565718712,575.7587669482335,381.23829135150754,-2.0022825093302963,-586.1681123439037,178.2486652203637,0.9957023420635593,10.409345395670112
8664.0,76.73634338378906,559.4870252616001,-1.0066231926754847,-575.7588687103449,559.4870252616001,575.7588687103449,381.2383600908541,-2.0023257841279865,-586.1682137842752,178.248665170746,0.9957025914525017,10.40934507393024
8672.0,76.80726623535156,559.4870347961742,-1.0066079988322816,-575.7588520035082,559.4870347961742,575.7588520035082,381.23836916204647,-2.0023106286777406,-586.1681975745038,178.2486656341277,0.995702629845459,10.40934557099553
8680.0,76.87818908691406,559.4870566131796,-1.0066571790019108,-575.7588754070136,559.4870566131796,575.7588754070136,381.2383909557422,-2.0023593965703625,-586.1682208880122,178.24866565743736,0.9957022175684518,10.409345480998637
8688.0,76.94911193847656,559.4871297350818,-1.006630200856363,-575.758858749094,559.4871297350818,575.758858749094,381.2384636908014,-2.002332870962306,-586.1682045615494,178.24866604428044,0.9957026701059428,10.409345812455365
8696.0,77.02003479003906,559.4871284007445,-1.0066882242016604,-575.758821819155,559.4871284007445,575.758821819155,381.2384623297173,-2.0023903231170124,-586.1681679873479,178.24866607102717,0.995702098915352,10.409346168192988
8704.0,77.09095764160156,559.4871570276433,-1.0067099401648276,-575.7589066324285,559.4871570276433,575.7589066324285,381.2384906437162,-2.0024126154114192,-586.1682528480133,178.24866638392712,0.9957026752465916,10.40934621558476
8712.0,77.16188049316406,559.4872140537572,-1.006740769491338,-575.7589385340253,559.4872140537572,575.7589385340253,381.2385479175605,-2.00244316941129,-586.1682852408229,178.24866613619668,0.9957023999199519,10.409346706797564
8720.0,77.23280334472656,559.4871728919152,-1.006754751140491,-575.7589015965268,559.4871728919152,575.7589015965268,381.2385068589963,-2.002457085095287,-586.1682483548581,178.2486660329189,0.9957023339547959,10.409346758331223
8728.0,77.3036880493164,559.4872737643818,-1.0067529189846924,-575.7589813685603,559.4872737643818,575.7589813685603,381.2386068501773,-2.002456139756113,-586.1683280918062,178.2486669142045,0.9957032207714205,10.409346723245939
8736.0,77.37457275390625,559.4873113846385,-1.0067281533644508,-575.7590595902051,559.4873113846385,575.7590595902051,381.23864448259013,-2.002430629204433,-586.1684058580106,178.24866690204834,0.9957024758399822,10.409346267805569
8744.0,77.44549560546875,559.4873516764801,-1.0067783344634007,-575.7591008402457,559.4873516764801,575.7591008402457,381.2386853807834,-2.0024809757704567,-586.1684472019291,178.24866629569664,0.995702641307056,10.409346361683424
8752.0,77.51641845703125,559.4873062245133,-1.0067905239914277,-575.7589903367668,559.4873062245133,575.7589903367668,381.23864007871816,-2.0024929912359397,-586.1683366154693,178.24866614579514,0.9957024672445121,10.409346278702516
8760.0,77.58734130859375,559.4873407828861,-1.0068332230870407,-575.7590367317935,559.4873407828861,575.7590367317935,381.23867485072776,-2.0025357543884965,-586.1683831019659,178.24866593215836,0.9957025313014558,10.409346370172448
8768.0,77.65826416015625,559.4874251819274,-1.0068784432295939,-575.7591190896117,559.4874251819274,575.7591190896117,381.2387592618717,-2.0025810464420246,-586.1684658972276,178.2486659200557,0.9957026032124308,10.409346807615925
8776.0,77.72918701171875,559.4874236028622,-1.0069147489285992,-575.7590742473369,559.4874236028622,575.7590742473369,381.2387576563312,-2.0026169863797776,-586.1684208837623,178.24866594653102,0.9957022374511784,10.40934663642547
8784.0,77.80010986328125,559.4875154638372,-1.0069035360027083,-575.7592235405859,559.4875154638372,575.7592235405859,381.23884885326163,-2.002605675101787,-586.1685697651379,178.24866661057558,0.9957021390990786,10.409346224552005
8792.0,77.87103271484375,559.4875009858836,-1.0069217422670498,-575.7590347884515,559.4875009858836,575.7590347884515,381.23883457897114,-2.0026242580542757,-586.1683817144731,178.24866640691238,0.9957025157872259,10.409346926021568
8800.0,77.94195556640625,559.4874846755594,-1.0069634414104751,-575.7590210182101,559.4874846755594,575.7590210182101,381.2388183940363,-2.002665477728513,-586.1683678723865,178.24866628152307,0.995702036318038,10.409346854176468
8808.0,78.01287841796875,559.487518407255,-1.0070002763813024,-575.7591426754019,559.487518407255,575.7591426754019,381.23885256093536,-2.0027026571536872,-586.1684896085067,178.24866584631962,0.9957023807723848,10.409346933104743
8816.0,78.08380126953125,559.4876046110296,-1.0069897236582772,-575.7591390458314,559.4876046110296,575.7591390458314,381.238938738349,-2.0026920425895796,-586.1684856506329,178.2486658726806,0.9957023189313023,10.40934660480147
8824.0,78.15472412109375,559.4876448922092,-1.00701826059802,-575.7592412983786,559.4876448922092,575.7592412983786,381.23897883897604,-2.0027207947608474,-586.1685880627203,178.2486660532332,0.9957025341628274,10.409346764341803
8832.0,78.22564697265625,559.4876324528901,-1.007049621194076,-575.7591781888318,559.4876324528901,575.7591781888318,381.2389662881985,-2.002751329674126,-586.1685251917039,178.24866616469163,0.9957017084800501,10.40934700287206
8840.0,78.29656982421875,559.4877127255431,-1.0070498049447645,-575.7594082221874,559.4877127255431,575.7594082221874,381.23904623584315,-2.0027522456971596,-586.1687552829643,178.24866648969999,0.9957024407523951,10.409347060776936
8848.0,78.36749267578125,559.4876729991867,-1.0070727618822808,-575.759222029654,559.4876729991867,575.759222029654,381.2390067054467,-2.0027747408476166,-586.1685693105032,178.24866629373997,0.9957019789653359,10.4093472808493
8856.0,78.43841552734375,559.4877417160897,-1.007068383945298,-575.759314351484,559.4877417160897,575.759314351484,381.23907493437514,-2.002770798258396,-586.1686616022735,178.24866678171446,0.9957024143130981,10.409347250789416
8864.0,78.50933837890625,559.4877782373592,-1.0071330776706855,-575.7593553822088,559.4877782373592,575.7593553822088,381.23911195507065,-2.002835034629218,-586.1687028849283,178.24866628228855,0.9957019569585324,10.409347502719505
8872.0,78.58026123046875,559.4877501670978,-1.007157914211957,-575.7591917091886,559.4877501670978,575.7591917091886,381.2390839773399,-2.0028598082451126,-586.1685396278133,178.24866618975796,0.9957018940331555,10.40934791862465
8880.0,78.65118408203125,559.4878586877245,-1.0071441451581604,-575.7593642642123,559.4878586877245,575.7593642642123,381.2391922573835,-2.0028461608036245,-586.1687112338944,178.24866643034105,0.9957020156454641,10.409346969682153
8888.0,78.72210693359375,559.4878184020424,-1.0072008162741586,-575.7593935682347,559.4878184020424,575.7593935682347,381.23915264362256,-2.0029027272949484,-586.1687408587884,178.24866575841986,0.9957019110207899,10.40934729055372
8896.0,78.79302978515625,559.4878675535452,-1.0072162883861386,-575.759351638897,559.4878675535452,575.759351638897,381.23920159408425,-2.0029183095012293,-586.168699528642,178.248665959461,0.9957020211150907,10.409347889745074
8904.0,78.86395263671875,559.4878814678461,-1.0072377937281445,-575.7594004872019,559.4878814678461,575.7594004872019,381.23921538824595,-2.002939678223445,-586.1687480744841,178.24866607960018,0.9957018844953005,10.409347587282191
8912.0,78.93487548828125,559.4879045722307,-1.0072292080387308,-575.7593683880252,559.4879045722307,575.7593683880252,381.2392386301241,-2.0029313828821564,-586.1687161393867,178.24866594210658,0.9957021748434256,10.4093477513615
8920.0,79.00579833984375,559.4879600798729,-1.0072461359507505,-575.75948728291,559.4879600798729,575.75948728291,381.23929408355093,-2.0029479809563497,-586.168834817253,178.2486659963219,0.9957018450055992,10.40934753434304
8928.0,79.07672119140625,559.4880268811098,-1.0073135073940476,-575.7594625387025,559.4880268811098,575.7594625387025,381.23936030982895,-2.0030154013262162,-586.1688102846344,178.24866657128086,0.9957018939321687,10.409347745931974
8936.0,79.14764404296875,559.4880349700239,-1.0073166320393634,-575.7594291889978,559.4880349700239,575.7594291889978,381.23936868684757,-2.003018864641003,-586.1687771107195,178.24866628317636,0.9957022326016398,10.40934792172159
8944.0,79.21856689453125,559.4881019926032,-1.0073144938273666,-575.7596207039707,559.4881019926032,575.7596207039707,381.23943511927604,-2.0030166075679823,-586.168967987343,178.24866687332718,0.9957021137406157,10.40934728337232
8952.0,79.28948974609375,559.4881049011174,-1.0073267853640555,-575.7595185542015,559.4881049011174,575.7595185542015,381.2394384687018,-2.003029016724504,-586.1688662340978,178.24866643241558,0.9957022313604487,10.409347679896264
8960.0,79.36041259765625,559.4881599655419,-1.0073665424807494,-575.7595241586488,559.4881599655419,575.7595241586488,381.2394933286508,-2.0030690000308944,-586.1688721028247,178.24866663689113,0.995702457550145,10.40934794417596
8968.0,79.43133544921875,559.4881876247055,-1.0073538555980903,-575.7596432545912,559.4881876247055,575.7596432545912,381.23952099281905,-2.003055815720213,-586.1689908349929,178.2486666318864,0.9957019601221226,10.409347580401718
8976.0,79.50225830078125,559.4882101960123,-1.007400106726399,-575.7596283569504,559.4882101960123,575.7596283569504,381.23954356483137,-2.0031021720947777,-586.1689762471048,178.248666631181,0.9957020653683788,10.409347890154294
8984.0,79.57318115234375,559.4882478279501,-1.0074441646193746,-575.7596904337961,559.4882478279501,575.7596904337961,381.2395812050977,-2.0031463579206132,-586.1690386154144,178.24866662285234,0.9957021933012387,10.409348181618252
8992.0,79.64410400390625,559.4882899038291,-1.0074600796141029,-575.7597932253831,559.4882899038291,575.7597932253831,381.2396239502908,-2.0031622574459114,-586.1691406138723,178.24866595353825,0.9957021778318085,10.40934738848918
9000.0,79.71502685546875,559.4883165876175,-1.007488332442854,-575.759724513965,559.4883165876175,575.759724513965,381.2396500424627,-2.0031902216344513,-586.1690726743057,178.24866654515486,0.9957018891915972,10.409348160340654
9008.0,79.78594970703125,559.4883778970718,-1.0075028861474786,-575.759750414468,559.4883778970718,575.759750414468,381.23971150704915,-2.003204613558207,-586.1690984614596,178.2486663900226,0.9957017274107285,10.409348046991587
9016.0,79.85687255859375,559.488414272852,-1.007525281440972,-575.7597816629251,559.488414272852,575.7597816629251,381.23974824566983,-2.0032273654766044,-586.169129664736,178.24866602718208,0.9957020840356323,10.409348001810974
9024.0,79.92779541015625,559.4884117398136,-1.0075412685491685,-575.7597608230034,559.4884117398136,575.7597608230034,381.2397458418095,-2.0032433269572394,-586.1691092233355,178.2486658980041,0.9957020584080709,10.409348400332123
9032.0,79.99871826171875,559.4884526171047,-1.0075781805574637,-575.7596655422193,559.4884526171047,575.7596655422193,381.23978612272555,-2.0032801022992643,-586.1690140774601,178.24866649437922,0.9957019217418006,10.409348535240849
9040.0,80.06964111328125,559.4884601019553,-1.0075713353362925,-575.7598675127995,559.4884601019553,575.7598675127995,381.2397936888658,-2.0032730999723967,-586.1692155513538,178.2486664130895,0.9957017646361042,10.409348038554327
9048.0,80.14056396484375,559.4885270720813,-1.007616521384338,-575.7598859335912,559.4885270720813,575.7598859335912,381.2398610296625,-2.003319088614937,-586.1692345334875,178.24866604241885,0.995702567230599,10.409348599896234
9056.0,80.21148681640625,559.4886051884512,-1.0076188503450547,-575.7599337226301,559.4886051884512,575.7599337226301,381.23993869063634,-2.0033207987219015,-586.1692823671699,178.24866649781487,0.9957019483768468,10.409348644539863
9064.0,80.28240966796875,559.4885783588413,-1.0076466451144448,-575.7599224360051,559.4885783588413,575.7599224360051,381.23991190400955,-2.003348755447565,-586.1692707673477,178.24866645483172,0.9957021103331201,10.409348331342612
9072.0,80.35333251953125,559.4885769836653,-1.0076494391650144,-575.759832753393,559.4885769836653,575.759832753393,381.2399103268112,-2.003351347053112,-586.1691814523706,178.24866665685414,0.9957019078880975,10.409348698977576
9080.0,80.42425537109375,559.4886271533459,-1.0076884308658887,-575.7599216951811,559.4886271533459,575.7599216951811,381.23996044448097,-2.00339060524513,-586.1692701048651,178.2486667088649,0.9957021743792414,10.409348409683982
9088.0,80.49517822265625,559.4886714321672,-1.0076964533014419,-575.7598789854267,559.4886714321672,575.7598789854267,381.24000476427483,-2.0033987688231,-586.1692277015952,178.24866666789234,0.9957023155216582,10.409348716168543
9096.0,80.56610107421875,559.4886439907159,-1.0077357283729365,-575.7598926412651,559.4886439907159,575.7598926412651,381.2399781316029,-2.003437620348162,-586.1692415546456,178.24866585911292,0.9957018919752256,10.409348913380498
9104.0,80.63702392578125,559.4887299235713,-1.007773826692799,-575.7599321940168,559.4887299235713,575.7599321940168,381.24006364420393,-2.0034758616990764,-586.1692808646479,178.24866627936746,0.9957020350062775,10.409348670631152
9112.0,80.70794677734375,559.4886895418736,-1.007800551773406,-575.759880264993,559.4886895418736,575.759880264993,381.2400239236281,-2.0035026361476618,-586.169228880101,178.2486656182454,0.9957020843742557,10.409348615108048
9120.0,80.77886962890625,559.4888112127164,-1.0078002776986628,-575.7600530046673,559.4888112127164,575.7600530046673,381.2401456227259,-2.0035025123983523,-586.169401340214,178.2486655899905,0.9957022346996895,10.4093483355467
9128.0,80.84979248046875,559.4887815805499,-1.0077985177118247,-575.7600334413729,559.4887815805499,575.7600334413729,381.2401162785967,-2.0035009035386047,-586.1693820074928,178.24866530195322,0.99570238582678,10.409348566119881
9136.0,80.92071533203125,559.4888221398585,-1.0078600585827466,-575.7599777673278,559.4888221398585,575.7599777673278,381.24015736311367,-2.003562378929871,-586.1693262010197,178.24866477674482,0.9957023203471245,10.409348433691937
9144.0,80.99163818359375,559.4889385265374,-1.0078570435875376,-575.7602141187552,559.4889385265374,575.7602141187552,381.2402730928383,-2.0035593612500975,-586.1695621436008,178.2486654336991,0.9957023176625599,10.409348024845578
9152.0,81.06256103515625,559.4889327170181,-1.0078858345099073,-575.7601536844539,559.4889327170181,575.7601536844539,381.240267418587,-2.003588474032945,-586.1695022255751,178.24866529843104,0.9957026395230377,10.409348541121156
9160.0,81.13348388671875,559.4889931198526,-1.0079110709059442,-575.7601507292011,559.4889931198526,575.7601507292011,381.24032776490264,-2.0036134962629433,-586.1694994817295,178.24866535494994,0.995702425356999,10.4093487525285
9168.0,81.20440673828125,559.4889955702595,-1.0079313632157696,-575.7602168616191,559.4889955702595,575.7602168616191,381.2403301794279,-2.003634007088767,-586.1695655648687,178.24866539083166,0.9957026438729972,10.4093487032495
9176.0,81.27532958984375,559.4890504939409,-1.0079669650435843,-575.7602993166246,559.4890504939409,575.7602993166246,381.2403852009687,-2.003668755224446,-586.16964786109,178.2486652929722,0.9957017901808616,10.409348544465365
9184.0,81.34625244140625,559.4890264127064,-1.0080307729058324,-575.7601142721448,559.4890264127064,575.7601142721448,381.240361599842,-2.0037323628668062,-586.1694631883491,178.24866481286443,0.9957015899609738,10.409348916204323
9192.0,81.41717529296875,559.4891025376799,-1.0080053453710578,-575.7602272399325,559.4891025376799,575.7602272399325,381.2404379466258,-2.003707904681548,-586.1695759190274,178.24866459105405,0.99570255931049,10.409348679094816
9200.0,81.48809814453125,559.4891112261828,-1.0080445185654412,-575.7602504837953,559.4891112261828,575.7602504837953,381.24044633686907,-2.003746842461636,-586.1695993370517,178.24866488931366,0.9957023238961948,10.40934885325642
9208.0,81.55902099609375,559.4892030589555,-1.0080566149303083,-575.7603541937068,559.4892030589555,575.7603541937068,381.24053836344217,-2.0037592566835976,-586.1697027863431,178.24866469551333,0.9957026417532893,10.409348592636366
9216.0,81.62994384765625,559.4892164544564,-1.0080695103718726,-575.7603197889132,559.4892164544564,575.7603197889132,381.24055129731516,-2.0037719372012237,-586.169668518211,178.2486651571412,0.9957024268293511,10.409348729297786
9224.0,81.70086669921875,559.4892066490684,-1.0081338696545235,-575.7602899371916,559.4892066490684,575.7602899371916,381.2405419943985,-2.0038358977301947,-586.1696391202761,178.24866465466982,0.9957020280756712,10.409349183084506
9232.0,81.77178955078125,559.4893233599543,-1.008142389957655,-575.7603353581701,559.4893233599543,575.7603353581701,381.2406576700702,-2.0038450795593565,-586.1696841529906,178.24866568988404,0.9957026896017016,10.409348794820522
9240.0,81.84266662597656,559.4893289411015,-1.0081570855776087,-575.7604031115494,559.4893289411015,575.7604031115494,381.24066363381195,-2.003859288882797,-586.1697521094363,178.2486653072895,0.9957022033051883,10.409348997886903
9248.0,81.91354370117188,559.4893147514626,-1.0081890846022192,-575.760319011758,559.4893147514626,575.760319011758,381.24064964201386,-2.0038919089705303,-586.1696681365531,178.24866510944872,0.995702824368311,10.409349124795057
9256.0,81.98446655273438,559.4893804600077,-1.0082102230079153,-575.7604633378688,559.4893804600077,575.7604633378688,381.2407154523321,-2.0039127408633046,-586.1698119903862,178.2486650076756,0.9957025178553893,10.409348652517338
9264.0,82.05538940429688,559.4894143009254,-1.0082173541376447,-575.7604816718434,559.4894143009254,575.7604816718434,381.2407496305028,-2.0039203564917827,-586.1698303882388,178.2486646704226,0.995703002354138,10.409348716395339
9272.0,82.12631225585938,559.489478939525,-1.0082419279373278,-575.760593840678,559.489478939525,575.760593840678,381.24081383393485,-2.0039445892144965,-586.1699427407182,178.2486651055902,0.9957026612771687,10.40934890004019
9280.0,82.19723510742188,559.489484770885,-1.008280038972436,-575.7605130399097,559.489484770885,575.7605130399097,381.2408199039128,-2.003982797008235,-586.1698617696024,178.24866486697226,0.9957027580357991,10.409348729692756
9288.0,82.26815795898438,559.4894849708407,-1.0082875524989001,-575.7604112389841,559.4894849708407,575.7604112389841,381.2408200828375,-2.003990541347293,-586.1697602597294,178.2486648880032,0.995702988848393,10.409349020745308
9296.0,82.33908081054688,559.4895930649717,-1.0083234155703265,-575.7605406387727,559.4895930649717,575.7605406387727,381.24092828429707,-2.0040262656252255,-586.1698896124002,178.24866478067463,0.995702850054899,10.409348973627527
9304.0,82.41000366210938,559.4896269077138,-1.008336393955064,-575.760586147676,559.4896269077138,575.760586147676,381.24096181087464,-2.0040392843260095,-586.1699356654865,178.24866509683923,0.9957028903709455,10.409349517810437
9312.0,82.48092651367188,559.4896761502381,-1.0083714765584948,-575.76075177463,559.4896761502381,575.76075177463,381.24101092674425,-2.004074556643831,-586.1701006565509,178.24866522349384,0.9957030800853364,10.409348881920877
9320.0,82.55184936523438,559.4896998641824,-1.0083863120731382,-575.7606412386431,559.4896998641824,575.7606412386431,381.24103489159745,-2.0040889930440273,-586.1699901614337,178.24866497258498,0.9957026809708891,10.409348922790667
9328.0,82.62277221679688,559.4897507694997,-1.008424522336187,-575.7607253817785,559.4897507694997,575.7607253817785,381.2410855167027,-2.004127239862091,-586.1700745605169,178.24866525279697,0.9957027175259041,10.409349178738427
9336.0,82.69369506835938,559.4897828334691,-1.008439968091893,-575.760690788573,559.4897828334691,575.760690788573,381.2411173134036,-2.0041424112318467,-586.170039739937,178.24866552006552,0.9957024431399537,10.409348951364002
9344.0,82.76461791992188,559.4898328485085,-1.0085016880365707,-575.7607777477831,559.4898328485085,575.7607777477831,381.24116725089357,-2.0042039199042403,-586.1701267036595,178.248665597615,0.9957022318676696,10.409348955876405
9352.0,82.83554077148438,559.4899268610023,-1.0084780440956846,-575.7608959624746,559.4899268610023,575.7608959624746,381.2412612190376,-2.004180788735706,-586.1702450645,178.24866564196478,0.9957027446400213,10.409349102025404
9360.0,82.90646362304688,559.4899082261647,-1.008549560674993,-575.7608519480885,559.4899082261647,575.7608519480885,381.2412428474336,-2.0042523244906327,-586.1702008044451,178.24866537873106,0.9957027638156397,10.409348856356575
9368.0,82.97738647460938,559.4898936342594,-1.0085346715697288,-575.7608315455052,559.4898936342594,575.7608315455052,381.24122831628625,-2.0042372515484503,-586.1701809416609,178.2486653179731,0.9957025799787216,10.409349396155664
9376.0,83.04830932617188,559.4899921571032,-1.0085656527530267,-575.7607962123998,559.4899921571032,575.7607962123998,381.24132643061205,-2.0042684439306857,-586.1701458071523,178.2486657264912,0.995702791177659,10.409349594752427
9384.0,83.11923217773438,559.4899815883746,-1.0086248395540185,-575.7608305455042,559.4899815883746,575.7608305455042,381.2413155331445,-2.0043276957623783,-586.1701797869002,178.24866605523005,0.9957028562083599,10.409349241396006
9392.0,83.19015502929688,559.4900559617488,-1.0086163214638315,-575.7608762383696,559.4900559617488,575.7608762383696,381.2413897014294,-2.0043194621395894,-586.170225830354,178.24866626031934,0.9957031406757579,10.409349591984327
9400.0,83.26107788085938,559.4901286161937,-1.0086483132964004,-575.7609711481047,559.4901286161937,575.7609711481047,381.2414623387971,-2.0043511555711255,-586.1703206720936,178.2486662773967,0.9957028422747252,10.40934952398892
9408.0,83.33200073242188,559.4901285438673,-1.008658078827593,-575.7609715178654,559.4901285438673,575.7609715178654,381.24146243690967,-2.0043613021692552,-586.1703209482222,178.2486661069576,0.9957032233416623,10.409349430356745
9416.0,83.40292358398438,559.4901943795037,-1.0087087783109876,-575.7610664067593,559.4901943795037,575.7610664067593,381.2415277026957,-2.004411628526804,-586.1704159448088,178.24866667680797,0.9957028502158165,10.409349538049621
9424.0,83.47384643554688,559.4902184628259,-1.0087347590183304,-575.7611143762695,559.4902184628259,575.7611143762695,381.2415522729891,-2.004437264245178,-586.1704633575472,178.2486661898368,0.9957025052268476,10.409348981277759
9432.0,83.54476928710938,559.4902485391943,-1.0087662908015433,-575.7611545038316,559.4902485391943,575.7611545038316,381.24158238976673,-2.0044686151815103,-586.1705040997144,178.24866614942758,0.995702324379967,10.409349595882844
9440.0,83.61569213867188,559.4902193445748,-1.0087896510258059,-575.760942324633,559.4902193445748,575.760942324633,381.2415535573447,-2.004492414324229,-586.1702925627221,178.24866578723012,0.9957027632984232,10.40935023808915
9448.0,83.68661499023438,559.490330764188,-1.0088310701492764,-575.7611505627797,559.490330764188,575.7611505627797,381.2416648972109,-2.00453330553737,-586.170500126257,178.2486658669771,0.9957022353880935,10.409349563477328
9456.0,83.75753784179688,559.4903607187945,-1.008848212937127,-575.7611168187657,559.4903607187945,575.7611168187657,381.2416946597798,-2.004551120298732,-586.1704666883049,178.24866605901465,0.995702907361605,10.409349869539263
9464.0,83.82846069335938,559.4903914101341,-1.0088666559370028,-575.7611805630285,559.4903914101341,575.7611805630285,381.24172561608526,-2.004569498516574,-586.1705300857784,178.2486657940488,0.9957028425795711,10.409349522749933
9472.0,83.89938354492188,559.4904621324903,-1.0088487511263091,-575.7612722378203,559.4904621324903,575.7612722378203,381.2417955373769,-2.0045518990123163,-586.1706218836173,178.24866659511338,0.9957031478860072,10.409349645797011
9480.0,83.97030639648438,559.4904807989459,-1.0089010724306195,-575.7612099051979,559.4904807989459,575.7612099051979,381.2418144295699,-2.0046042317222614,-586.1705598256476,178.248666369376,0.9957031592916419,10.40934992044975
9488.0,84.04122924804688,559.4905106197818,-1.0089378742884838,-575.7612240642279,559.4905106197818,575.7612240642279,381.241843697219,-2.004640507129306,-586.1705742369701,178.2486669225629,0.995702632840822,10.40935017274211
9496.0,84.11215209960938,559.4905365106996,-1.008971352743555,-575.7613374878975,559.4905365106996,575.7613374878975,381.2418702812124,-2.0046740556392884,-586.1706873057683,178.2486662294872,0.9957027028957333,10.409349817870698
9504.0,84.18307495117188,559.4905579335451,-1.009005206779812,-575.7612669135904,559.4905579335451,575.7612669135904,381.2418917209729,-2.0047078363216393,-586.1706169624406,178.24866621257223,0.9957026295418272,10.409350048850229
9512.0,84.25399780273438,559.4905960645814,-1.0090322541254064,-575.761282605053,559.4905960645814,575.761282605053,381.2419294512846,-2.004734804484574,-586.1706330355355,178.2486666132968,0.9957025503591677,10.40935043048246
9520.0,84.32492065429688,559.4907323417558,-1.0090286720795785,-575.7614538319426,559.4907323417558,575.7614538319426,381.24206613781473,-2.004731480693547,-586.1708036638771,178.248666203941,0.9957028086139683,10.40934983193452
9528.0,84.39584350585938,559.4906851290368,-1.0090489689535431,-575.7613690419003,559.4906851290368,575.7613690419003,381.2420194138856,-2.0047521918322424,-586.1707190058769,178.24866571515125,0.9957032228786993,10.409349963976616
9536.0,84.46676635742188,559.4907791048827,-1.0090955590070347,-575.7615104320811,559.4907791048827,575.7615104320811,381.2421129162208,-2.0047982163536453,-586.1708601144244,178.24866618866196,0.9957026573466106,10.409349682343308
9544.0,84.53768920898438,559.4907843918603,-1.0091498809777857,-575.7614752226183,559.4907843918603,575.7614752226183,381.24211841433424,-2.0048522885247984,-586.1708250569324,178.24866597752606,0.9957024075470127,10.40934983431409
9552.0,84.60861206054688,559.4908199169058,-1.009144132730614,-575.7614581532371,559.4908199169058,575.7614581532371,381.2421539519602,-2.004847093153934,-586.170808482022,178.2486659649457,0.9957029604233201,10.409350328785017
9560.0,84.67953491210938,559.4908626170997,-1.0091899567530493,-575.7615096560578,559.4908626170997,575.7615096560578,381.2421969213899,-2.0048924344262566,-586.1708596878948,178.24866569570975,0.9957024776732073,10.409350031836949
9568.0,84.75045776367188,559.4909017968553,-1.0091877915765695,-575.7614863250795,559.4909017968553,575.7614863250795,381.2422357128633,-2.0048906449410566,-586.1708360504442,178.2486660839919,0.9957028533644872,10.409349725364654
9576.0,84.82138061523438,559.4909136196898,-1.0092391338011808,-575.7614996086807,559.4909136196898,575.7614996086807,381.24224777272946,-2.004941921368495,-586.1708497175189,178.24866584696025,0.9957027875673141,10.409350108838174
9584.0,84.89230346679688,559.4909853680689,-1.0092842096537993,-575.7615154572746,559.4909853680689,575.7615154572746,381.24231908093816,-2.00498708868923,-586.1708657222894,178.24866628713073,0.9957028790354308,10.409350265014737
9592.0,84.96322631835938,559.4910244473638,-1.0092623803088374,-575.7615520463331,559.4910244473638,575.7615520463331,381.24235848681786,-2.004965664791026,-586.1709025625094,178.24866596054585,0.9957032844821887,10.409350516176287
9600.0,85.03414916992188,559.4910568510836,-1.009287385597787,-575.7616668687614,559.4910568510836,575.7616668687614,381.2423904538307,-2.004990128455919,-586.1710172947669,178.24866639725298,0.995702742858132,10.40935042600557
9608.0,85.10507202148438,559.4911114677623,-1.009348693618409,-575.7616960215483,559.4911114677623,575.7616960215483,381.2424450844698,-2.005051310202308,-586.171046525478,178.24866638329246,0.9957026165838991,10.40935050392971
9616.0,85.17599487304688,559.4911412249016,-1.0093509367598736,-575.7616763534681,559.4911412249016,575.7616763534681,381.2424746959054,-2.005053698060003,-586.1710265979412,178.24866652899627,0.9957027613001292,10.409350244473096
9624.0,85.24691772460938,559.4911801252854,-1.009411643008482,-575.7617656874007,559.4911801252854,575.7617656874007,381.24251357287005,-2.005114302779461,-586.171116073618,178.2486665524154,0.9957026597709788,10.409350386217278
9632.0,85.31784057617188,559.4912201560978,-1.0094230007981375,-575.7617570942903,559.4912201560978,575.7617570942903,381.24255380517803,-2.0051258517639354,-586.1711072096141,178.24866635091973,0.9957028509657979,10.409350115323805
9640.0,85.38876342773438,559.4912068215067,-1.009437454013998,-575.761684644676,559.4912068215067,575.761684644676,381.24254073274,-2.0051403434600275,-586.1710349012643,178.2486660887667,0.9957028894460294,10.409350256588217
9648.0,85.45968627929688,559.4913252293102,-1.0094603935037068,-575.7617670400168,559.4913252293102,575.7617670400168,381.2426591227357,-2.0051634240205516,-586.1711175284345,178.24866610657443,0.9957030305168448,10.40935048841763
9656.0,85.53060913085938,559.4913248061798,-1.009484685370425,-575.7617665072518,559.4913248061798,575.7617665072518,381.2426589891553,-2.0051876705587297,-586.1711168339034,178.24866581702452,0.9957029851883048,10.409350326651634
9664.0,85.60153198242188,559.4914113137474,-1.0095443775707018,-575.761929744488,559.4914113137474,575.761929744488,381.24274547353633,-2.005247356583329,-586.1712800987498,178.24866584021106,0.995702979012627,10.40935035426178
9672.0,85.67245483398438,559.4914331816386,-1.009557910010935,-575.7620106875427,559.4914331816386,575.7620106875427,381.2427675250523,-2.005260840217897,-586.1713607852913,178.24866565658633,0.9957029302069618,10.409350097748675
9680.0,85.74337768554688,559.491446446775,-1.0096047694305499,-575.7618429820627,559.491446446775,575.7618429820627,381.2427812776872,-2.0053076296841112,-586.1711933653107,178.2486651690877,0.9957028602535614,10.409350383247977
9688.0,85.81430053710938,559.4914558375285,-1.0096179787788415,-575.761938346192,559.4914558375285,575.761938346192,381.24279095546297,-2.0053211647443803,-586.1712887275158,178.2486648820656,0.9957031859655388,10.409350381323911
9696.0,85.88522338867188,559.491532918245,-1.0096329154575256,-575.7619568409754,559.491532918245,575.7619568409754,381.2428680975682,-2.0053361959047376,-586.1713073249305,178.2486648206767,0.9957032804472119,10.40935048395515
9704.0,85.95614624023438,559.4915812218048,-1.0096824684705936,-575.7620231062219,559.4915812218048,575.7620231062219,381.2429164807077,-2.005385288482742,-586.1713737556482,178.24866474109706,0.9957028200121485,10.409350649426335
9712.0,86.02706909179688,559.4915758321242,-1.009735983390705,-575.7619088427117,559.4915758321242,575.7619088427117,381.24291087957954,-2.0054388039651183,-586.1712593811151,178.2486649525447,0.9957028205744134,10.409350538403409
9720.0,86.09799194335938,559.4917223485434,-1.0097319889700085,-575.7621565202896,559.4917223485434,575.7621565202896,381.24305722965005,-2.005434816614815,-586.1715071969527,178.24866511889334,0.9957028276448066,10.409350676663037
9728.0,86.16891479492188,559.4916871941573,-1.0097538765585878,-575.7620499881782,559.4916871941573,575.7620499881782,381.24302202280296,-2.005456992401656,-586.1714004799301,178.24866517135436,0.9957031158430683,10.40935049175183
9736.0,86.23983764648438,559.4917421507851,-1.0097973154363737,-575.7621456407293,559.4917421507851,575.7621456407293,381.2430767381446,-2.005499749543729,-586.1714960759368,178.24866541264038,0.995702434107355,10.4093504352076
9744.0,86.31076049804688,559.491788323866,-1.0098205859261165,-575.7620718252597,559.491788323866,575.7620718252597,381.24312350256105,-2.0055233385097355,-586.1714222890637,178.24866482130494,0.9957027525836191,10.409350463803996
9752.0,86.38163757324219,559.4918088667031,-1.0098520849340797,-575.7620717280747,559.4918088667031,575.7620717280747,381.2431438017086,-2.0055547925219273,-586.1714223776505,178.2486650649945,0.9957027075878475,10.409350649575844
9760.0,86.4525146484375,559.4918353835835,-1.0098474798566093,-575.7621022767485,559.4918353835835,575.7621022767485,381.24317075145564,-2.005550060628737,-586.1714528089121,178.24866463212788,0.9957025807721278,10.409350532163717
9768.0,86.5234375,559.4919550728152,-1.009895089398773,-575.7622763199299,559.4919550728152,575.7622763199299,381.24329001362173,-2.0055981578160313,-586.171626912688,178.2486650591935,0.9957030684172583,10.409350592758084
9776.0,86.5943603515625,559.4919454849068,-1.009960251775536,-575.7622233773965,559.4919454849068,575.7622233773965,381.2432805879896,-2.005663037992994,-586.1715739640701,178.24866489691715,0.9957027862174579,10.409350586673677
9784.0,86.665283203125,559.4920694101755,-1.0099488255428657,-575.7624687392648,559.4920694101755,575.7624687392648,381.24340448325114,-2.0056522040445923,-586.1718188734983,178.2486649269244,0.9957033785017266,10.409350134233522
9792.0,86.7362060546875,559.4920606187045,-1.0099918833738624,-575.7623731223455,559.4920606187045,575.7623731223455,381.24339623825796,-2.0056948385907045,-586.1717239981426,178.24866438044648,0.9957029552168422,10.409350875797104
9800.0,86.80712890625,559.4921417425023,-1.010015023573052,-575.7624290996602,559.4921417425023,575.7624290996602,381.24347724088886,-2.0057178538269618,-586.1717801333148,178.2486645016135,0.9957028302539097,10.4093510336546
9808.0,86.8780517578125,559.4921466086296,-1.010037336785632,-575.76242008644,559.4921466086296,575.76242008644,381.24348158936607,-2.005740410886439,-586.1717708697877,178.24866501926357,0.995703074100807,10.409350783347659
9816.0,86.948974609375,559.4922099614544,-1.0100901917059995,-575.7624693172381,559.4922099614544,575.7624693172381,381.2435450206992,-2.005793014674218,-586.1718203180604,178.24866494075522,0.9957028229682185,10.409351000822335
9824.0,87.0198974609375,559.4922413196368,-1.0100925914105643,-575.7624060514693,559.4922413196368,575.7624060514693,381.24357605845546,-2.005795600502477,-586.1717571910712,178.24866526118143,0.9957030090919128,10.409351139601862
9832.0,87.0908203125,559.4922848892822,-1.0101691182830494,-575.7624838241981,559.4922848892822,575.7624838241981,381.2436201560707,-2.005872202130778,-586.1718350433342,178.2486647332115,0.9957030838477285,10.409351219136193
9840.0,87.1617431640625,559.4923497042095,-1.010159053706297,-575.7624975949284,559.4923497042095,575.7624975949284,381.2436839320245,-2.0058617794952234,-586.1718486372805,178.24866577218498,0.9957027257889264,10.409351042352077
9848.0,87.232666015625,559.4923919317276,-1.0101876103500924,-575.7624899705062,559.4923919317276,575.7624899705062,381.2437261251506,-2.0058903983564527,-586.1718414934498,178.24866580657704,0.9957027880063603,10.409351522943675
9856.0,87.3035888671875,559.4924168860641,-1.0102378517973012,-575.7625859293664,559.4924168860641,575.7625859293664,381.243750837359,-2.005940682048326,-586.1719369634741,178.24866604870505,0.9957028302510249,10.409351034107711
9864.0,87.37451171875,559.4924979909208,-1.0102552791242978,-575.7626324747853,559.4924979909208,575.7626324747853,381.243832263644,-2.0059580696131043,-586.1719832811002,178.24866572727677,0.9957027904888065,10.409350806314954
9872.0,87.4454345703125,559.4925223278077,-1.0102831576979732,-575.7626773120313,559.4925223278077,575.7626773120313,381.2438570065529,-2.0059859599964796,-586.1720285484795,178.2486653212548,0.9957028022985064,10.409351236448122
9880.0,87.516357421875,559.4925746436505,-1.0103166057574997,-575.762747576924,559.4925746436505,575.762747576924,381.24390960082314,-2.0060197327241163,-586.1720985367064,178.2486650428274,0.9957031269666166,10.409350959782332
9888.0,87.5872802734375,559.4926169570113,-1.0103745712817362,-575.762762998957,559.4926169570113,575.762762998957,381.2439516119864,-2.0060774743896026,-586.1721141826688,178.24866534502482,0.9957029031078664,10.409351183711816
9896.0,87.658203125,559.4926198529131,-1.0103778749352408,-575.7626672505229,559.4926198529131,575.7626672505229,381.2439547811299,-2.006080738002833,-586.1720192750665,178.2486650717832,0.9957028630675921,10.409352024543585
9904.0,87.7291259765625,559.4927108807833,-1.0104145176516655,-575.7628299736847,559.4927108807833,575.7628299736847,381.2440456587683,-2.0061170698898465,-586.1721809951252,178.24866522201503,0.995702552238181,10.409351021440578
9912.0,87.800048828125,559.4927583742376,-1.0104668498344953,-575.7628371742899,559.4927583742376,575.7628371742899,381.24409333382744,-2.006169590369616,-586.1721881391361,178.24866504041017,0.9957027405351209,10.409350964846281
9920.0,87.8709716796875,559.492804653752,-1.0104475657261363,-575.762872070739,559.492804653752,575.762872070739,381.2441392999791,-2.0061505676470333,-586.172223063686,178.24866535377296,0.995703001920897,10.409350992947044
9928.0,87.94189453125,559.4928435869533,-1.0104967004743504,-575.7628325670194,559.4928435869533,575.7628325670194,381.2441778985964,-2.0061997135277174,-586.1721840111311,178.24866568835697,0.9957030130533671,10.409351444111701
9936.0,88.0128173828125,559.4929012970211,-1.010548642037013,-575.7629932975148,559.4929012970211,575.7629932975148,381.2442358125983,-2.006251545948036,-586.1723447743169,178.24866548442287,0.995702903911023,10.40935147680213
9944.0,88.083740234375,559.4929825505194,-1.0105758776606466,-575.7629764731225,559.4929825505194,575.7629764731225,381.2443169755347,-2.0062786113720144,-586.1723280806485,178.24866557498467,0.9957027337113677,10.409351607526009
9952.0,88.1546630859375,559.4929737865057,-1.0105992251444826,-575.7629893129464,559.4929737865057,575.7629893129464,381.2443080329473,-2.006301924765552,-586.1723408511469,178.24866575355838,0.9957026996210692,10.409351538200506
9960.0,88.2255859375,559.4930036091248,-1.0106483553617513,-575.7629409844077,559.4930036091248,575.7629409844077,381.2443377685213,-2.0063510639507847,-586.1722931047678,178.24866584060345,0.9957027085890333,10.40935212036013
9968.0,88.2965087890625,559.4931047111043,-1.0106862990315966,-575.7630983959789,559.4931047111043,575.7630983959789,381.2444388048025,-2.006389289085398,-586.172449622837,178.24866590630174,0.9957029900538013,10.409351226858172
9976.0,88.367431640625,559.4931123933068,-1.0107025093740543,-575.7630506583188,559.4931123933068,575.7630506583188,381.24444706888534,-2.006405355587731,-586.1724018185596,178.24866532442138,0.9957028462136766,10.409351160240764
9984.0,88.4383544921875,559.4931665967429,-1.0107157323727876,-575.7631225758057,559.4931665967429,575.7631225758057,381.2445009244866,-2.0064185736735816,-586.1724739222177,178.24866567225627,0.995702841300794,10.409351346411976
9992.0,88.50927734375,559.4931721660839,-1.010761224273499,-575.7631124083597,559.4931721660839,575.7631124083597,381.24450680151057,-2.006463708995966,-586.1724639573104,178.2486653645734,0.9957024847224671,10.409351548950719
10000.0,88.5802001953125,559.4932231881868,-1.0107950992679715,-575.7631839676062,559.4932231881868,575.7631839676062,381.24455795654086,-2.006498130400974,-586.1725355564167,178.24866523164593,0.9957030311330026,10.409351588810498
10008.0,88.651123046875,559.493325793376,-1.010822418658929,-575.7632737747707,559.493325793376,575.7632737747707,381.24466016280854,-2.0065252573910435,-586.1726252680717,178.2486656305675,0.9957028387321145,10.409351493300914
10016.0,88.7220458984375,559.4933370377537,-1.0108351058119887,-575.7632574221626,559.4933370377537,575.7632574221626,381.2446715929584,-2.006538482053614,-586.1726089554602,178.24866544479522,0.9957033762416252,10.409351533297635
10024.0,88.79296875,559.4933876652444,-1.0109035921865894,-575.763239270016,559.4933876652444,575.763239270016,381.2447221029414,-2.006605952178095,-586.1725906913626,178.24866556230302,0.9957023599915056,10.409351421346615
10032.0,88.8638916015625,559.4934428873701,-1.0109155783181132,-575.7633502255784,559.4934428873701,575.7633502255784,381.2447775330427,-2.006618217873342,-586.1727017233824,178.24866535432733,0.9957026395552289,10.40935149780401
10040.0,88.934814453125,559.4935134335897,-1.0109335513888809,-575.7633883281716,559.4935134335897,575.7633883281716,381.2448473102726,-2.0066364161947305,-586.1727398806175,178.2486661233171,0.9957028648058497,10.409351552445994
10048.0,89.0057373046875,559.4935302962436,-1.0109535960965497,-575.7633759877815,559.4935302962436,575.7633759877815,381.24486464509675,-2.006656458685768,-586.1727282059235,178.2486656511469,0.9957028625892184,10.409352218141992
10056.0,89.07666015625,559.4935829321892,-1.0110327065774989,-575.7633946540934,559.4935829321892,575.7633946540934,381.2449170554653,-2.0067355271582734,-586.1727469078771,178.2486658767238,0.9957028205807745,10.409352253783672
10064.0,89.1475830078125,559.4937067281817,-1.0110286533565134,-575.7636037228663,559.4937067281817,575.7636037228663,381.2450407302048,-2.0067316702855393,-586.1729555771494,178.24866599797684,0.995703016929026,10.409351854283145
10072.0,89.218505859375,559.4937165161201,-1.0110823532619095,-575.763500270401,559.4937165161201,575.763500270401,381.24505052988906,-2.0067849294116407,-586.1728520958143,178.24866598623106,0.9957025761497311,10.409351825413241
10080.0,89.2894287109375,559.4937278025136,-1.0111177546493222,-575.7634526437407,559.4937278025136,575.7634526437407,381.2450619398311,-2.006820220683622,-586.1728050400964,178.24866586268257,0.9957024660342997,10.4093523963556
10088.0,89.3603515625,559.4938215121928,-1.0111302416002088,-575.7635600646612,559.4938215121928,575.7635600646612,381.2451555148741,-2.006832986874631,-586.1729119497113,178.24866599731865,0.9957027452744223,10.40935188505007
10096.0,89.4312744140625,559.4938310032348,-1.0111602825515584,-575.7635588107499,559.4938310032348,575.7635588107499,381.2451650586701,-2.0068627871205216,-586.1729105123543,178.24866594456478,0.9957025045689631,10.409351701604328
10104.0,89.502197265625,559.4939104717098,-1.0111991824391247,-575.7636371834299,559.4939104717098,575.7636371834299,381.2452447470738,-2.0069020456702944,-586.1729889793328,178.248665724636,0.9957028632311697,10.409351795902898
10112.0,89.5731201171875,559.4939251977605,-1.0112128595401435,-575.763610266907,559.4939251977605,575.763610266907,381.2452590594791,-2.0069157675220133,-586.17296225993,178.2486661382814,0.9957029079818698,10.409351993023073
10120.0,89.64404296875,559.4940009274942,-1.0112503782755917,-575.7637036130114,559.4940009274942,575.7637036130114,381.24533538804087,-2.0069533469302527,-586.1730551874282,178.24866553945327,0.995702968654661,10.409351574416734
10128.0,89.7149658203125,559.4940441253127,-1.0113225550843694,-575.763699790754,559.4940441253127,575.763699790754,381.2453784270949,-2.007025233617945,-586.1730521918776,178.2486656982178,0.9957026785335756,10.409352401123572
10136.0,89.785888671875,559.4940930468351,-1.011333265921019,-575.7638432646785,559.4940930468351,575.7638432646785,381.24542698163293,-2.007036266775966,-586.1731948706432,178.24866606520226,0.995703000854947,10.409351605964751
10144.0,89.8568115234375,559.4941738807001,-1.0114006172728534,-575.7638147170023,559.4941738807001,575.7638147170023,381.24550751492905,-2.0071031151350773,-586.1731669600377,178.2486663657711,0.995702497862224,10.409352243035366
10152.0,89.927734375,559.4942523050885,-1.01140704124846,-575.7639261653928,559.4942523050885,575.7639261653928,381.2455855095866,-2.007109832493448,-586.1732781858964,178.24866679550192,0.9957027912449883,10.409352020503528
10160.0,89.9986572265625,559.4942886317697,-1.011429521034203,-575.7638997671726,559.4942886317697,575.7638997671726,381.2456217429884,-2.0071319735999325,-586.1732519394976,178.24866688878132,0.9957024525657294,10.409352172325075
10168.0,90.069580078125,559.4943402002731,-1.0114709656981145,-575.7640997160621,559.4943402002731,575.7640997160621,381.245673034747,-2.007173488854331,-586.1734518103069,178.2486671655261,0.9957025231562167,10.409352094244834
10176.0,90.1405029296875,559.4943128967013,-1.0115109942371472,-575.7638487919451,559.4943128967013,575.7638487919451,381.24564602847227,-2.007213133778631,-586.1732014172462,178.24866686822907,0.9957021395414838,10.409352625301132
10184.0,90.21142578125,559.4944801452876,-1.0115178994448746,-575.7640877461025,559.4944801452876,575.7640877461025,381.2458133143936,-2.007220586870165,-586.1734401414216,178.24866683089405,0.9957026874252906,10.409352395319045
10192.0,90.2823486328125,559.4944672123174,-1.0115686355886213,-575.7640227854174,559.4944672123174,575.7640227854174,381.24580019690313,-2.007271510256441,-586.1733749711259,178.24866701541436,0.9957028746678196,10.409352185708432
10200.0,90.353271484375,559.4944717287625,-1.0115875009391795,-575.7640416425625,559.4944717287625,575.7640416425625,381.2458048756251,-2.0072903551042423,-586.1733937707742,178.24866685313742,0.9957028541650628,10.409352128211685
10208.0,90.4241943359375,559.4945480684468,-1.0116456641665916,-575.7640380878531,559.4945480684468,575.7640380878531,381.2458807838429,-2.0073480728282114,-586.1733905834966,178.2486672846039,0.9957024086616197,10.409352495643459
10216.0,90.4951171875,559.494591479893,-1.0117048391475754,-575.7641035895844,559.494591479893,575.7641035895844,381.24592463669666,-2.007407334338005,-586.1734563799125,178.24866684319625,0.9957024951904296,10.409352790328194
10224.0,90.5660400390625,559.49466413591,-1.0116817482018199,-575.7641505923999,559.49466413591,575.7641505923999,381.24599711005743,-2.0073846464743283,-586.1735031281088,178.24866702585263,0.9957028982725085,10.409352535708834
10232.0,90.636962890625,559.494742102872,-1.0117341577415093,-575.7642047799213,559.494742102872,575.7642047799213,381.24607472027697,-2.0074364316813487,-586.1735573557476,178.24866738259504,0.9957022739398393,10.40935257582628
10240.0,90.7078857421875,559.4947644434537,-1.011769023610622,-575.7642659993901,559.4947644434537,575.7642659993901,381.2460969739527,-2.007471803907709,-586.1736184345311,178.248667469501,0.995702780297087,10.409352435141054
10248.0,90.77880859375,559.4947719738235,-1.0118008114551458,-575.7641382044003,559.4947719738235,575.7641382044003,381.24610465379635,-2.007503260274092,-586.1734912157342,178.24866732002712,0.9957024488189461,10.4093530113339
10256.0,90.8497314453125,559.4948938109587,-1.0118340524985028,-575.7643139276868,559.4948938109587,575.7643139276868,381.2462252649115,-2.007536715764992,-586.1736668783278,178.24866854604718,0.9957026632664894,10.409352950641022
10264.0,90.92060852050781,559.4948750697472,-1.0118482238994178,-575.7642454770122,559.4948750697472,575.7642454770122,381.24620692276596,-2.007550381666608,-586.1735985880429,178.2486681469812,0.9957021577671901,10.409353111030676
10272.0,90.99148559570312,559.4949900197855,-1.0118920190520386,-575.7644430422472,559.4949900197855,575.7644430422472,381.2463220677205,-2.00759461854258,-586.1737954645395,178.2486679520651,0.9957025994905413,10.409352422292297
10280.0,91.06240844726562,559.4950000005891,-1.0119625104736976,-575.7644269946015,559.4950000005891,575.7644269946015,381.2463319276449,-2.0076646439464305,-586.1737796231876,178.2486680729442,0.995702133472733,10.409352628586076
10288.0,91.13333129882812,559.4950159748697,-1.011929625536764,-575.7643822180543,559.4950159748697,575.7643822180543,381.24634756907653,-2.0076324307399034,-586.1737352420146,178.24866840579318,0.9957028052031394,10.409353023960259
10296.0,91.20425415039062,559.4950744444034,-1.0120282186264111,-575.7645288833917,559.4950744444034,575.7645288833917,381.24640623490467,-2.007730496564321,-586.1738822094571,178.24866820949865,0.9957022779379097,10.409353326065403
10304.0,91.27517700195312,559.4951368925207,-1.0120616306122434,-575.7644675860819,559.4951368925207,575.7644675860819,381.2464682824559,-2.007763888356333,-586.1738205334093,178.24866861006475,0.9957022577440897,10.40935294732742
10312.0,91.34609985351562,559.4952851962175,-1.0120700157075504,-575.764689497847,559.4952851962175,575.764689497847,381.24661629783816,-2.0077720673116133,-586.1740421094005,178.24866889837944,0.9957020516040629,10.409352611553441
10320.0,91.41702270507812,559.495264940361,-1.0120918265828882,-575.7646968993162,559.495264940361,575.7646968993162,381.24659645678696,-2.0077943218258696,-586.1740496552611,178.24866848357414,0.9957024952429814,10.409352755944964
10328.0,91.48794555664062,559.4953445798583,-1.012107803206863,-575.7647136587267,559.4953445798583,575.7647136587267,381.2466760252163,-2.00781016785659,-586.1740669607105,178.24866855464205,0.995702364649727,10.409353301983803
10336.0,91.55886840820312,559.495307113971,-1.0121753217136105,-575.7645378462398,559.495307113971,575.7645378462398,381.2466388156581,-2.0078776507291245,-586.17389101005,178.2486682983129,0.995702329015514,10.409353163810199
10344.0,91.62979125976562,559.4953397381128,-1.0121938941738264,-575.7645799489384,559.4953397381128,575.7645799489384,381.2466712940729,-2.007896202430274,-586.1739333579964,178.24866844403994,0.9957023082564476,10.409353409057939
10352.0,91.70071411132812,559.4954543078359,-1.012231710113233,-575.7646985281641,559.4954543078359,575.7646985281641,381.24678597973787,-2.007934710630032,-586.1740516965765,178.24866832809795,0.9957030005167988,10.409353168412391
10360.0,91.77163696289062,559.4954784600579,-1.0122809263482324,-575.7647416106513,559.4954784600579,575.7647416106513,381.2468095230916,-2.0079837133064906,-586.1740948944985,178.24866893696628,0.9957027869582582,10.409353283847185
10368.0,91.84255981445312,559.4955370345252,-1.0123170676027087,-575.7647932860457,559.4955370345252,575.7647932860457,381.2468683357033,-2.0080197569880482,-586.1741460479686,178.24866869882192,0.9957026893853396,10.409352761922978
10376.0,91.91348266601562,559.4955954157433,-1.012355137474633,-575.7648945622386,559.4955954157433,575.7648945622386,381.2469271579771,-2.008057721443887,-586.1742476737732,178.24866825776627,0.9957025839692539,10.409353111534472
10384.0,91.98440551757812,559.4956386120447,-1.012362088005915,-575.7648332587231,559.4956386120447,575.7648332587231,381.2469693498632,-2.008064872093982,-586.1741864423382,178.24866926218147,0.995702784088067,10.409353183615043
10392.0,92.05532836914062,559.4957043010726,-1.0124000195348888,-575.7648981767801,559.4957043010726,575.7648981767801,381.24703506274875,-2.0081025104997607,-586.1742512443479,178.2486692383238,0.995702490964872,10.409353067567828
10400.0,92.12625122070312,559.4957234678764,-1.0124352741982365,-575.7649552903562,559.4957234678764,575.7649552903562,381.2470540902316,-2.0081378062367143,-586.1743085914508,178.24866937764477,0.9957025320384778,10.40935330109455
10408.0,92.19717407226562,559.4958314558975,-1.0124581996830413,-575.7649696793685,559.4958314558975,575.7649696793685,381.2471617908336,-2.0081604372786828,-586.1743231167666,178.2486696650639,0.9957022375956415,10.409353437398124
10416.0,92.26809692382812,559.4957994779544,-1.0124494242592972,-575.7649214620168,559.4957994779544,575.7649214620168,381.24713021887305,-2.008151763377686,-586.1742751618503,178.24866925908134,0.995702339118389,10.409353699833519
10424.0,92.33901977539062,559.4958830824136,-1.0124700320153899,-575.7649835038729,559.4958830824136,575.7649835038729,381.2472142053901,-2.0081729825220336,-586.1743370376423,178.24866887702348,0.9957029505066437,10.409353533769337
10432.0,92.40994262695312,559.4959557955389,-1.0125428264802343,-575.7651112139804,559.4959557955389,575.7651112139804,381.24728657696073,-2.0082458602499003,-586.1744647235278,178.24866921857813,0.995703033769666,10.409353509547334
10440.0,92.48086547851562,559.4960049409501,-1.0126008335137158,-575.7651220551879,559.4960049409501,575.7651220551879,381.247335737871,-2.0083034694600705,-586.1744752543966,178.24866920307906,0.9957026359463548,10.409353199208642
10448.0,92.55178833007812,559.4960045579586,-1.0126321634338913,-575.7650713825037,559.4960045579586,575.7650713825037,381.2473351418661,-2.008334312658416,-586.1744253298808,178.24866941609253,0.9957021492245248,10.409353947377136
10456.0,92.62271118164062,559.4961211999354,-1.01264943268745,-575.7651977303385,559.4961211999354,575.7651977303385,381.247452003263,-2.008351690007963,-586.1745513853969,178.24866919667238,0.995702257320513,10.409353655058327
10464.0,92.69363403320312,559.4961988960163,-1.012697856313272,-575.7652789624757,559.4961988960163,575.7652789624757,381.2475296114351,-2.008400629949776,-586.1746322670049,178.24866928458115,0.9957027736365038,10.409353304529153
10472.0,92.76455688476562,559.496167001221,-1.012740196739796,-575.7652235334773,559.496167001221,575.7652235334773,381.24749785112976,-2.008442771136636,-586.1745772214688,178.2486691500912,0.99570257439684,10.409353687991517
10480.0,92.83547973632812,559.4962010548674,-1.012762094617318,-575.7652320653356,559.4962010548674,575.7652320653356,381.24753237051243,-2.0084645637910548,-586.1745854728599,178.24866868435495,0.9957024691737368,10.40935340752435
10488.0,92.90640258789062,559.4963486162414,-1.0127776601177425,-575.7654678836772,559.4963486162414,575.7654678836772,381.2476791912996,-2.0084802181289234,-586.1748207135404,178.2486694249419,0.9957025580111809,10.409352829863185
10496.0,92.97732543945312,559.4963454493479,-1.012826424837204,-575.765424017912,559.4963454493479,575.765424017912,381.2476770139401,-2.0085291900633244,-586.1747774217502,178.24866843540775,0.9957027652261203,10.40935340383818
10504.0,93.04824829101562,559.4963453562696,-1.0128594482950728,-575.7653412854442,559.4963453562696,575.7653412854442,381.24767672585176,-2.008561904379448,-586.1746947908721,178.24866863041774,0.9957024560843752,10.409353505427902
10512.0,93.11917114257812,559.4964675480679,-1.0129197792645153,-575.7654667739478,559.4964675480679,575.7654667739478,381.24779830255335,-2.0086221687888646,-586.1748202613607,178.2486692455146,0.9957023895243493,10.409353487412922
10520.0,93.19009399414062,559.4965284245723,-1.0129210825022135,-575.7654965609119,559.4965284245723,575.7654965609119,381.2478588411714,-2.008623549573837,-586.1748498585736,178.24866958340087,0.9957024670716237,10.4093532976617
10528.0,93.26101684570312,559.4965407494681,-1.0129457344670456,-575.7655440937161,559.4965407494681,575.7655440937161,381.24787086879076,-2.0086487972925298,-586.1748976183067,178.24866988067737,0.9957030628254842,10.409353524590529
10536.0,93.33193969726562,559.4966227150919,-1.0130270913499517,-575.765551531182,559.4966227150919,575.765551531182,381.24795293292425,-2.0087296328340862,-586.1749049101044,178.24866978216772,0.9957025414841345,10.409353378922352
10544.0,93.40286254882812,559.4965901159258,-1.013044330315573,-575.7654384223333,559.4965901159258,575.7654384223333,381.2479207951169,-2.0087471178364567,-586.1747928545947,178.2486693208089,0.9957027875208837,10.409354432261377
10552.0,93.47378540039062,559.4966186056377,-1.0130687197023533,-575.7654860152057,559.4966186056377,575.7654860152057,381.24794926624475,-2.008771324533871,-586.1748397973014,178.24866933939285,0.9957026048315178,10.409353782095671
10560.0,93.54470825195312,559.4967190467374,-1.0130900765290356,-575.7656729080882,559.4967190467374,575.7656729080882,381.2480496571503,-2.0087926398496876,-586.175026548312,178.24866938958712,0.995702563320652,10.409353640223777
10568.0,93.61563110351562,559.4968024685865,-1.0131377563949133,-575.7656783318441,559.4968024685865,575.7656783318441,381.24813254746743,-2.008840706877816,-586.175032013696,178.24866992111902,0.9957029504829027,10.409353681851801
10576.0,93.68655395507812,559.4968164096513,-1.01315865025901,-575.7656896646497,559.4968164096513,575.7656896646497,381.24814708655765,-2.0088610089154706,-586.1750436599909,178.24866932309365,0.9957023586564606,10.409353995341197
10584.0,93.75747680664062,559.4969475563873,-1.0131932647284332,-575.7658987362865,559.4969475563873,575.7658987362865,381.2482777600751,-2.0088963728934957,-586.1752520689062,178.24866979631224,0.9957031081650625,10.409353332619565
10592.0,93.82839965820312,559.496963275064,-1.0132106373484326,-575.765811500831,559.496963275064,575.765811500831,381.24829327313375,-2.0089138651046348,-586.1751653403489,178.24867000193026,0.9957032277562021,10.409353839517953
10600.0,93.89932250976562,559.4970246568475,-1.0132612971569497,-575.7658681387429,559.4970246568475,575.7658681387429,381.2483542755267,-2.008964069248865,-586.175221823906,178.24867038132084,0.9957027720919154,10.409353685163065
10608.0,93.97024536132812,559.4970202580787,-1.0133088179977916,-575.7658057357539,559.4970202580787,575.7658057357539,381.2483504389173,-2.0090118918509496,-586.1751593548362,178.2486698191613,0.995703073853158,10.409353619082271
10616.0,94.04116821289062,559.4971320914182,-1.0132984177254505,-575.7659557204481,559.4971320914182,575.7659557204481,381.24846222639655,-2.0090013723063507,-586.1753086359545,178.2486698650216,0.9957029545809002,10.409352915506402
10624.0,94.11209106445312,559.4971680747368,-1.0133821899192812,-575.7660543128683,559.4971680747368,575.7660543128683,381.2484981985794,-2.0090848256605476,-586.1754076219838,178.2486698761574,0.9957026357412664,10.409353309115494
10632.0,94.18301391601562,559.4972274225527,-1.0133984242950707,-575.7659996979136,559.4972274225527,575.7659996979136,381.24855735716835,-2.009101211738372,-586.1753532354933,178.2486700653843,0.9957027874433013,10.409353537579742
10640.0,94.25393676757812,559.4972820359219,-1.0134048733637853,-575.7659990851465,559.4972820359219,575.7659990851465,381.2486117458517,-2.0091078965628384,-586.1753529763004,178.2486702900702,0.9957030231990531,10.409353891153854
10648.0,94.3248519897461,559.4972763401017,-1.0134319518498334,-575.766091755133,559.4972763401017,575.766091755133,381.2486065627061,-2.0091349002088172,-586.1754451072723,178.24866977739566,0.9957029483589839,10.409353352139341
10656.0,94.3957748413086,559.4973212988041,-1.013504645010701,-575.7660552708334,559.4973212988041,575.7660552708334,381.2486512553595,-2.0092072122037195,-586.1754087932209,178.24867004344458,0.9957025671930184,10.409353522387555
10664.0,94.4666976928711,559.49735441129,-1.0135175745141796,-575.7659876266332,559.49735441129,575.7659876266332,381.2486842743333,-2.0092203064449343,-586.1753412407228,178.24867013695672,0.9957027319307548,10.40935361408957
10672.0,94.5376205444336,559.4974424161957,-1.0135698284302181,-575.7660842242966,559.4974424161957,575.7660842242966,381.2487724484566,-2.0092724679581195,-586.175437833705,178.2486699677391,0.9957026395279014,10.409353609408383
10680.0,94.6085433959961,559.4975082128469,-1.0136108158850883,-575.7661973164016,559.4975082128469,575.7661973164016,381.24883845649396,-2.00931380290211,-586.1755507572233,178.2486697563529,0.9957029870170215,10.40935344082165
10688.0,94.6794662475586,559.4975300393464,-1.0136437432903804,-575.7661965169048,559.4975300393464,575.7661965169048,381.2488607066066,-2.0093463238929488,-586.1755500713653,178.24866933273984,0.9957025806025683,10.4093535544605
10696.0,94.7503890991211,559.4976233698949,-1.013665929748246,-575.766369597275,559.4976233698949,575.766369597275,381.24895409375733,-2.0093683563234173,-586.175723221901,178.24866927613758,0.9957024265751713,10.40935362462595
10704.0,94.8213119506836,559.4976211031893,-1.0137175483546237,-575.766265403552,559.4976211031893,575.766265403552,381.24895089262725,-2.009420280806875,-586.1756194304227,178.24867021056207,0.9957027324522514,10.40935402687072
10712.0,94.89224243164062,559.4977102510279,-1.0137378513888393,-575.7662769005927,559.4977102510279,575.7662769005927,381.2490396260722,-2.0094405050854682,-586.175631087855,178.24867062495576,0.9957026536966289,10.409354187262208
10720.0,94.96316528320312,559.4977503271513,-1.0137630597031428,-575.7663316621156,559.4977503271513,575.7663316621156,381.2490802243926,-2.0094659165762145,-586.175685472882,178.24867010275864,0.9957028568730717,10.409353810766394
10728.0,95.03408813476562,559.4977971549034,-1.0137711722213103,-575.7664902236736,559.4977971549034,575.7664902236736,381.24912664861887,-2.0094743568721007,-586.1758441006814,178.24867050628453,0.9957031846507904,10.409353877007765
10736.0,95.10501098632812,559.4978343864245,-1.013832506206711,-575.766352822602,559.4978343864245,575.766352822602,381.24916423964555,-2.009535225473723,-586.1757066618479,178.248670146779,0.9957027192670118,10.409353839245938
10744.0,95.17593383789062,559.4979193584502,-1.0138537510269012,-575.7665156246012,559.4979193584502,575.7665156246012,381.2492496086809,-2.0095569544335845,-586.1758694279404,178.2486697497693,0.9957032034066833,10.409353803339204
10752.0,95.24685668945312,559.4979083928961,-1.0138836578056134,-575.7664224860725,559.4979083928961,575.7664224860725,381.2492383870897,-2.009586806139417,-586.1757763931208,178.2486700058064,0.9957031483338037,10.40935390704834
10760.0,95.31777954101562,559.4979691070696,-1.013945857836279,-575.7664214877968,559.4979691070696,575.7664214877968,381.2492988651744,-2.0096484538720922,-586.1757751717894,178.2486702418952,0.9957025960358132,10.409353683992505
10768.0,95.38870239257812,559.4981225018415,-1.013947756600177,-575.7666699151861,559.4981225018415,575.7666699151861,381.2494514962208,-2.0096506219996755,-586.1760235208087,178.24867100562074,0.9957028653994984,10.409353605622588
10776.0,95.45957946777344,559.498142343102,-1.0140064225433427,-575.766722471025,559.498142343102,575.766722471025,381.2494717545336,-2.0097097731602034,-586.1760760578461,178.24867058856847,0.9957033506168607,10.409353586821073
10784.0,95.53045654296875,559.4981498304692,-1.0140373763906592,-575.7666525728102,559.4981498304692,575.7666525728102,381.2494791704279,-2.0097402506940263,-586.1760062353977,178.24867066004134,0.9957028743033671,10.409353662587451
10792.0,95.60137939453125,559.4982156464336,-1.0140674776646117,-575.7666517917197,559.4982156464336,575.7666517917197,381.2495452171513,-2.009770494829869,-586.1760054462561,178.24867042928224,0.9957030171652574,10.40935365453643
10800.0,95.67230224609375,559.4981937344664,-1.0140798544602259,-575.7666918770454,559.4981937344664,575.7666918770454,381.24952312993116,-2.0097829752995686,-586.1760455068975,178.24867060453522,0.9957031208393428,10.409353629852005
10808.0,95.74322509765625,559.4983428772982,-1.014130976306884,-575.7667939183401,559.4983428772982,575.7667939183401,381.24967182818875,-2.0098336165648334,-586.176147612055,178.24867104910953,0.9957026402579494,10.40935369371496
10816.0,95.81414794921875,559.4982753508696,-1.014192351456237,-575.7666993070425,559.4982753508696,575.7666993070425,381.2496050193363,-2.0098956001384742,-586.1760531670755,178.24867033153325,0.9957032486822373,10.409353860032944
10824.0,95.88507080078125,559.4983615397681,-1.014193200838128,-575.7667329997903,559.4983615397681,575.7667329997903,381.24969111666337,-2.009896509147591,-586.1760874440155,178.2486704231047,0.9957033083094631,10.409354444225139
10832.0,95.95599365234375,559.4984991624473,-1.0142640681700525,-575.7668560672735,559.4984991624473,575.7668560672735,381.2498281863351,-2.009967045665796,-586.1762096666725,178.24867097611215,0.9957029774957435,10.409353599399049
10840.0,96.02691650390625,559.4984714822548,-1.0142873203244447,-575.7667915271721,559.4984714822548,575.7667915271721,381.24980066034993,-2.0099902195525985,-586.1761450359793,178.24867082190485,0.9957028992281538,10.409353508807115
10848.0,96.09783935546875,559.4985911552035,-1.0142818954531343,-575.7669316499547,559.4985911552035,575.7669316499547,381.2499203398007,-2.0099855362149412,-586.1762852694297,178.24867081540282,0.995703640761807,10.409353619475048
10856.0,96.16876220703125,559.4986025400322,-1.0143727123763915,-575.7669572264258,559.4986025400322,575.7669572264258,381.2499312350694,-2.010075098189997,-586.176311307557,178.24867130496267,0.9957023858136056,10.409354081131172
10864.0,96.23968505859375,559.4986500199293,-1.014356809457393,-575.7669539180862,559.4986500199293,575.7669539180862,381.2499788347999,-2.0100598093896416,-586.1763082059704,178.24867118512947,0.9957029999322486,10.409354287884168
10872.0,96.31060791015625,559.4987125314094,-1.0143944238333278,-575.7669740141195,559.4987125314094,575.7669740141195,381.2500412951791,-2.010097413711396,-586.1763280743198,178.2486712362303,0.995702989878068,10.409354060200426
10880.0,96.38153076171875,559.4987659021675,-1.0144098082152428,-575.7670866047719,559.4987659021675,575.7670866047719,381.2500944340124,-2.010112716295165,-586.1764406139564,178.24867146815512,0.995702908079922,10.4093540091845
10888.0,96.45245361328125,559.4987565541487,-1.0144571250460075,-575.7670309253339,559.4987565541487,575.7670309253339,381.25008584629563,-2.01016040977202,-586.1763846342368,178.24867070785314,0.9957032847260123,10.409353708902977
10896.0,96.52337646484375,559.4989156022764,-1.0145484424630515,-575.7672013291078,559.4989156022764,575.7672013291078,381.25024403139037,-2.0102509963268673,-586.1765551776014,178.24867157088607,0.9957025538638158,10.409353848493584
10904.0,96.59429931640625,559.498941795498,-1.0145564671176475,-575.767261880864,559.498941795498,575.767261880864,381.2502710058551,-2.010259457106102,-586.1766155739087,178.24867078964292,0.9957029899884544,10.409353693044796
10912.0,96.66522216796875,559.4988995719134,-1.0145744796225893,-575.7671055924441,559.4988995719134,575.7671055924441,381.2502289212867,-2.0102776585701427,-586.1764592546722,178.2486706506267,0.9957031789475534,10.409353662228115
10920.0,96.73614501953125,559.4989680211995,-1.0146115999048844,-575.7671714319633,559.4989680211995,575.7671714319633,381.2502971341503,-2.010314488970824,-586.176525535557,178.24867088704917,0.9957028890659396,10.40935410359358
10928.0,96.80706787109375,559.4990635483018,-1.0146068472943979,-575.767294865042,559.4990635483018,575.767294865042,381.2503925175047,-2.010310313247853,-586.1766487612277,178.24867103079717,0.9957034659534552,10.409353896185692
10936.0,96.87799072265625,559.499160912206,-1.0146897896387514,-575.7674332503327,559.499160912206,575.7674332503327,381.25048968503205,-2.0103927182867984,-586.17678665938,178.24867122717396,0.995702928648047,10.409353409047329
10944.0,96.94891357421875,559.4991968788568,-1.014719362674514,-575.7673856439469,559.4991968788568,575.7673856439469,381.2505253176565,-2.010422611230606,-586.1767395878028,178.2486715612003,0.9957032485560919,10.409353943855912
10952.0,97.01983642578125,559.4992271077244,-1.0147127491138939,-575.7674431380472,559.4992271077244,575.7674431380472,381.2505557220436,-2.010416001772249,-586.1767968823044,178.2486713856809,0.9957032526583554,10.40935374425727
10960.0,97.09075927734375,559.4992536930122,-1.0147919806198367,-575.7673841140531,559.4992536930122,575.7673841140531,381.2505820842346,-2.0104948098228306,-586.1767382116898,178.24867160877753,0.9957028292029939,10.409354097636669
10968.0,97.16168212890625,559.4993204632424,-1.0148053520360794,-575.7674404618076,559.4993204632424,575.7674404618076,381.25064917588435,-2.010508561243288,-586.1767945874938,178.24867128735804,0.9957032092072087,10.409354125686196
10976.0,97.23260498046875,559.4994315165723,-1.0148556710607863,-575.7676392106443,559.4994315165723,575.7676392106443,381.2507595097132,-2.010558748493157,-586.1769930878992,178.2486720068591,0.9957030774323705,10.409353877254793
10984.0,97.30352783203125,559.499390052277,-1.0148923021695477,-575.7675107079095,559.499390052277,575.7675107079095,381.2507186499259,-2.010595506081849,-586.1768646874136,178.2486714023511,0.995703203912301,10.409353979504038
10992.0,97.37445068359375,559.4994777760869,-1.0149196133245413,-575.7676215581982,559.4994777760869,575.7676215581982,381.25080636219576,-2.0106224751955075,-586.1769749692959,178.2486714138912,0.9957028618709662,10.409353411097694
11000.0,97.44537353515625,559.499500121329,-1.0149541428685502,-575.767605703292,559.499500121329,575.767605703292,381.25082900856796,-2.0106572451709184,-586.1769594847331,178.24867111276103,0.9957031023023681,10.409353781441032
11008.0,97.51629638671875,559.4995694072604,-1.0149710268065757,-575.7677137232337,559.4995694072604,575.7677137232337,381.2508982280907,-2.010673950922854,-586.1770672631425,178.24867117916972,0.9957029241162783,10.409353539908802
11016.0,97.58721923828125,559.4996481729431,-1.0150314776560467,-575.7676913787129,559.4996481729431,575.7676913787129,381.25097597820223,-2.0107346347257256,-586.1770454028888,178.24867219474086,0.9957031570696788,10.409354024175824
11024.0,97.65814208984375,559.4997140513765,-1.0150444784105632,-575.7677773725233,559.4997140513765,575.7677773725233,381.25104207078334,-2.0107474979812423,-586.1771317065907,178.24867198059317,0.9957030195706791,10.40935433406739
11032.0,97.72906494140625,559.4996693789991,-1.0150789665827293,-575.767644385271,559.4996693789991,575.767644385271,381.25099768430334,-2.0107820589004284,-586.1769988168237,178.24867169469576,0.995703092317699,10.4093544315527
11040.0,97.79998779296875,559.4997856457588,-1.0150983380370162,-575.767807507686,559.4997856457588,575.767807507686,381.2511138814616,-2.0108016502108725,-586.177161306183,178.24867176429723,0.9957033121738563,10.409353798497058
11048.0,97.87091064453125,559.499811097495,-1.0151706181457438,-575.7677720057044,559.499811097495,575.7677720057044,381.2511392928351,-2.010873241615382,-586.177125976024,178.24867180465998,0.9957026234696382,10.409353970319513
11056.0,97.94183349609375,559.4998525677971,-1.0151869148496875,-575.7677722950432,559.4998525677971,575.7677722950432,381.2511805682136,-2.0108896176492763,-586.1771264524441,178.2486719995835,0.9957027027995888,10.409354157400967
11064.0,98.01275634765625,559.4999183074134,-1.015237719597109,-575.7679200508059,559.4999183074134,575.7679200508059,381.2512465007047,-2.010940304602986,-586.1772739462012,178.24867180670867,0.9957025850058772,10.409353895395382
11072.0,98.08367919921875,559.4998985756336,-1.015275780588449,-575.7677511457648,559.4998985756336,575.7677511457648,381.2512268898833,-2.010978340468558,-586.1771056784411,178.24867168575025,0.995702559880109,10.409354532676279
11080.0,98.15460205078125,559.5000195996663,-1.0153144347757799,-575.7679818877849,559.5000195996663,575.7679818877849,381.25134788375266,-2.011017406848765,-586.1773361782239,178.2486717159137,0.9957029720729853,10.409354290439003
11088.0,98.22552490234375,559.5000777084407,-1.0153270557463348,-575.7679211940389,559.5000777084407,575.7679211940389,381.2514055678514,-2.0110297337455414,-586.177275746827,178.2486721405893,0.9957026779992066,10.409354552788159
11096.0,98.29644775390625,559.5001334597491,-1.015372107178469,-575.7681312805742,559.5001334597491,575.7681312805742,381.25146169805794,-2.0110751881882543,-586.1774855977918,178.24867176169113,0.9957030810097853,10.409354317217621
11104.0,98.36737060546875,559.5001770054272,-1.0154046538325137,-575.7680422378846,559.5001770054272,575.7680422378846,381.2515051881975,-2.011107523585096,-586.1773964483073,178.2486718172297,0.9957028697525825,10.409354210422606
11112.0,98.43829345703125,559.5001909014683,-1.0154127029510125,-575.768000850102,559.5001909014683,575.768000850102,381.2515188570088,-2.0111157262363406,-586.1773553468296,178.24867204445948,0.9957030232853281,10.409354496727612
11120.0,98.50921630859375,559.5002832895682,-1.0154503883072463,-575.7680927178016,559.5002832895682,575.7680927178016,381.2516113960425,-2.011153239269454,-586.1774470769022,178.24867189352574,0.9957028509622079,10.40935435910073
11128.0,98.58013916015625,559.5003248302676,-1.0154856867013642,-575.7681757405285,559.5003248302676,575.7681757405285,381.2516527472185,-2.0111887733913036,-586.1775303060288,178.24867208304903,0.9957030866899395,10.409354565500237
11136.0,98.65106201171875,559.5003576419449,-1.0154874248443182,-575.7682183238248,559.5003576419449,575.7682183238248,381.2516856539554,-2.011190920702706,-586.1775725191482,178.24867198798947,0.9957034958583879,10.409354195323308
11144.0,98.72198486328125,559.5004092470411,-1.0155809438775263,-575.7683100300751,559.5004092470411,575.7683100300751,381.25173754580396,-2.011283639816714,-586.177663923255,178.24867170123719,0.9957026959391877,10.409353893179887
11152.0,98.79290771484375,559.5004122410138,-1.0155706786968164,-575.7681365169348,559.5004122410138,575.7681365169348,381.251740307305,-2.0112739035717375,-586.1774908630103,178.24867193370878,0.9957032248749211,10.409354346075624
11160.0,98.86383056640625,559.5005475937209,-1.0156433097930488,-575.7683282855124,559.5005475937209,575.7683282855124,381.2518755715697,-2.011345954262751,-586.1776820960057,178.24867202215114,0.9957026444697021,10.409353810493245
11168.0,98.93475341796875,559.5006571852293,-1.0156526027335886,-575.7683985910229,559.5006571852293,575.7683985910229,381.25198502820047,-2.0113556065567586,-586.1777534796091,178.2486721570289,0.99570300382317,10.409354888586275
11176.0,99.00567626953125,559.5006861106966,-1.0157135805152402,-575.7684958802471,559.5006861106966,575.7684958802471,381.25201395630376,-2.0114166111784826,-586.1778504651968,178.2486721543929,0.9957030306632424,10.409354584949666
11184.0,99.07659912109375,559.5007143531741,-1.015712609628193,-575.7685045262309,559.5007143531741,575.7685045262309,381.2520425730289,-2.011415851755814,-586.1778587513296,178.24867178014514,0.9957032421276208,10.409354225098747
11192.0,99.14752197265625,559.500768348517,-1.015764198188423,-575.7685508759745,559.500768348517,575.7685508759745,381.25209681609397,-2.0114674334600444,-586.1779050166174,178.24867153242306,0.9957032352716215,10.409354140642872
11200.0,99.21844482421875,559.5007599894618,-1.0158124243114353,-575.7685012153069,559.5007599894618,575.7685012153069,381.2520886486376,-2.011515702361475,-586.1778557492429,178.24867134082416,0.9957032780500397,10.409354533936002
11208.0,99.28936767578125,559.500836632679,-1.0158433052439202,-575.7684750308027,559.500836632679,575.7684750308027,381.2521650857401,-2.0115462608575108,-586.1778300351025,178.24867154693897,0.9957029556135906,10.409355004299773
11216.0,99.36029052734375,559.5008906872272,-1.0158556852117195,-575.76860884066,559.5008906872272,575.76860884066,381.252218986015,-2.011558811857718,-586.1779627098772,178.24867170121217,0.9957031266459984,10.409353869217176
11224.0,99.43121337890625,559.5009607612586,-1.0158941639547159,-575.7686958788654,559.5009607612586,575.7686958788654,381.2522884459939,-2.011597410566729,-586.1780499501135,178.24867231526474,0.9957032466120133,10.409354071248071
11232.0,99.50213623046875,559.5010301475102,-1.0159287623259736,-575.7687760664353,559.5010301475102,575.7687760664353,381.25235776302634,-2.0116318685944385,-586.1781306515035,178.24867238448388,0.9957031062684649,10.409354585068229
11240.0,99.57305908203125,559.501049480122,-1.015943961906804,-575.7687433550229,559.501049480122,575.7687433550229,381.2523773898927,-2.0116467974087335,-586.1780978076691,178.24867209022932,0.9957028355019295,10.409354452646223
11248.0,99.64398193359375,559.5011378180589,-1.015995325328138,-575.7687676660421,559.5011378180589,575.7687676660421,381.2524658145965,-2.0116987119242538,-586.1781224312635,178.24867200346233,0.9957033865961158,10.409354765221428
11256.0,99.71490478515625,559.5011807328726,-1.0160361855164313,-575.7688127773656,559.5011807328726,575.7688127773656,381.2525091050216,-2.0117391811981413,-586.1781670577004,178.24867162785108,0.9957029956817101,10.4093542803348
11264.0,99.78582763671875,559.5011561811675,-1.0160466188186952,-575.7687538478586,559.5011561811675,575.7687538478586,381.25248434229405,-2.0117498459565972,-586.1781084588823,178.24867183887346,0.995703227137902,10.409354611023653
11272.0,99.85675048828125,559.5012569365422,-1.016090716258888,-575.7688920813181,559.5012569365422,575.7688920813181,381.25258471674306,-2.0117937648503954,-586.1782467162236,178.24867221979906,0.9957030485915075,10.409354634905542
11280.0,99.92767333984375,559.50131119305,-1.0161372356424376,-575.7688903738567,559.50131119305,575.7688903738567,381.25263884597325,-2.0118401532907697,-586.1782447312269,178.24867234707676,0.9957029176483321,10.40935435737016
11288.0,99.99855041503906,559.5013463829339,-1.0162030930280332,-575.7689293390703,559.5013463829339,575.7689293390703,381.25267413128,-2.011905451117226,-586.1782834628025,178.24867225165386,0.9957023580891926,10.40935412373217
11296.0,100.06942749023438,559.5013998682127,-1.0162031518503474,-575.7689762507981,559.5013998682127,575.7689762507981,381.252727288343,-2.011905510630644,-586.1783308097552,178.2486725798697,0.9957023587802967,10.409354558957004
11304.0,100.14035034179688,559.5014862834059,-1.0162334966512958,-575.7689701938222,559.5014862834059,575.7689701938222,381.2528137077633,-2.0119364301438623,-586.1783246286586,178.24867257564262,0.9957029334925664,10.40935443483643
11312.0,100.21127319335938,559.5015394400484,-1.016272266921649,-575.7691415964471,559.5015394400484,575.7691415964471,381.2528668805305,-2.0119751636625196,-586.1784963157313,178.2486725595179,0.9957028967408705,10.409354719284224
11320.0,100.28219604492188,559.5015914032952,-1.0163110967297548,-575.7690955418458,559.5015914032952,575.7690955418458,381.2529195934645,-2.0120140750051476,-586.1784503622781,178.24867180983063,0.9957029782753928,10.409354820432297
11328.0,100.35311889648438,559.5016520960922,-1.0163181899773086,-575.7691891359299,559.5016520960922,575.7691891359299,381.2529800959396,-2.012021349560559,-586.1785443133259,178.2486720001526,0.9957031595832504,10.409355177396055
11336.0,100.42404174804688,559.5016263033731,-1.0163670812260133,-575.7691123308533,559.5016263033731,575.7691123308533,381.25295387104063,-2.0120699103219017,-586.178467254513,178.2486724323324,0.9957028290958885,10.4093549236596
11344.0,100.49496459960938,559.5017095951949,-1.0164318472817877,-575.7692309142968,559.5017095951949,575.7692309142968,381.2530367522314,-2.012134259644313,-586.1785854523405,178.24867284296354,0.9957024123625251,10.40935453804365
11352.0,100.56588745117188,559.5017543999134,-1.0164796267493594,-575.7692017331037,559.5017543999134,575.7692017331037,381.2530813442713,-2.012182183151186,-586.1785565819779,178.24867305564203,0.9957025564018265,10.409354848874209
11360.0,100.63681030273438,559.5018651167991,-1.0164633730069346,-575.7692876925737,559.5018651167991,575.7692876925737,381.2531919957871,-2.0121659804231697,-586.1786426460892,178.2486731210119,0.9957026074162352,10.409354953515539
11368.0,100.70773315429688,559.5019386358268,-1.016527732705093,-575.769407621012,559.5019386358268,575.769407621012,381.25326577274205,-2.0122308126483546,-586.178762199171,178.2486728630848,0.9957030799432616,10.40935457815905
11376.0,100.77865600585938,559.5019360170334,-1.0165334364625327,-575.7692964414547,559.5019360170334,575.7692964414547,381.2532631775034,-2.0122366072341578,-586.1786512167597,178.2486728395299,0.9957031707716251,10.409354775305033
11384.0,100.84957885742188,559.5019513434645,-1.0165986764151578,-575.7692589431956,559.5019513434645,575.7692589431956,381.2532788875511,-2.012301453422509,-586.1786137487411,178.24867245591335,0.9957027770073514,10.409354805545469
11392.0,100.92050170898438,559.5020057594289,-1.0166279581667714,-575.7692930818299,559.5020057594289,575.7692930818299,381.2533328399426,-2.0123305265140274,-586.1786478565797,178.24867291948638,0.995702568347256,10.40935477474974
11400.0,100.99142456054688,559.5020385717338,-1.0166417113050352,-575.7693449020586,559.5020385717338,575.7693449020586,381.25336637321647,-2.012344563494011,-586.1786993902334,178.24867219851734,0.9957028521889759,10.409354488174857
11408.0,101.06234741210938,559.5021336649182,-1.016672066658857,-575.7695018324605,559.5021336649182,575.7695018324605,381.25346106996216,-2.012375209331669,-586.1788562736724,178.24867259495608,0.995703142672812,10.409354441211862
11416.0,101.13327026367188,559.5021240865822,-1.0167285306400826,-575.7694602771803,559.5021240865822,575.7694602771803,381.25345198092026,-2.012431218789981,-586.1788147579516,178.24867210566185,0.9957026881498985,10.409354480771322
11424.0,101.20419311523438,559.5022879677598,-1.0167944951507115,-575.7696317427591,559.5022879677598,575.7696317427591,381.25361539916133,-2.0124968856500765,-586.1789861048893,178.24867256859847,0.9957023904993649,10.409354362130228
11432.0,101.27511596679688,559.5022819827135,-1.0167822914610012,-575.7695720794909,559.5022819827135,575.7695720794909,381.25360933717894,-2.01248494311449,-586.1789266980697,178.24867264553458,0.995702651653489,10.409354618578798
11440.0,101.34603881835938,559.5023497842461,-1.0168070949914387,-575.7696801880868,559.5023497842461,575.7696801880868,381.253677195036,-2.012510185648612,-586.1790343809578,178.24867258921012,0.9957030906571731,10.40935419287094
11448.0,101.41696166992188,559.5023594192363,-1.0168674474316095,-575.7695753154106,559.5023594192363,575.7695753154106,381.25368673112587,-2.0125699696996193,-586.1789304323056,178.24867268811042,0.9957025222680098,10.409355116894963
11456.0,101.48788452148438,559.5024724926893,-1.0169241044235733,-575.7698356456036,559.5024724926893,575.7698356456036,381.25379964781007,-2.012626869338394,-586.1791897981027,178.24867284487925,0.9957027649148209,10.409354152499102
11464.0,101.55880737304688,559.5024948034466,-1.0169224628450255,-575.7697721180508,559.5024948034466,575.7697721180508,381.2538220149465,-2.0126255742853694,-586.1791266055143,178.24867278850007,0.9957031114403438,10.409354487463508
11472.0,101.62973022460938,559.5025218709267,-1.0169727284352108,-575.7697890925167,559.5025218709267,575.7697890925167,381.2538491178751,-2.012675638553489,-586.1791439308954,178.24867275305155,0.9957029101182782,10.409354838378688
11480.0,101.70065307617188,559.5026342438026,-1.016992405213493,-575.76990509415,559.5026342438026,575.76990509415,381.2539611285785,-2.0126951506500497,-586.1792597542803,178.2486731152241,0.9957027454365566,10.409354660130404
11488.0,101.77157592773438,559.5026393862412,-1.0170413882407807,-575.7698551359274,559.5026393862412,575.7698551359274,381.25396608467065,-2.012744074055483,-586.1792097288749,178.24867330157056,0.9957026858147024,10.409354592947501
11496.0,101.84249877929688,559.5026863461401,-1.0170391024792993,-575.7699316079485,559.5026863461401,575.7699316079485,381.2540129593992,-2.012742011765411,-586.1792860697055,178.24867338674088,0.9957029092861118,10.409354461757065
11504.0,101.91342163085938,559.5027702935274,-1.017091005921321,-575.7699745877223,559.5027702935274,575.7699745877223,381.254096811855,-2.0127938255914017,-586.1793294056813,178.24867348167248,0.9957028196700808,10.409354817958954
11512.0,101.98434448242188,559.5027855993617,-1.0171212577574478,-575.7699765662513,559.5027855993617,575.7699765662513,381.2541125484838,-2.0128239651612745,-586.1793313049418,178.24867305087793,0.9957027074038267,10.409354738690418
11520.0,102.05526733398438,559.5028189781144,-1.0171715846819804,-575.770014115964,559.5028189781144,575.770014115964,381.25414662075394,-2.012874215896943,-586.179369063501,178.24867235736048,0.9957026312149626,10.409354947536912
11528.0,102.12619018554688,559.5028909225753,-1.0172136720087597,-575.7699735555633,559.5028909225753,575.7699735555633,381.2542176965884,-2.012916497717182,-586.1793285300696,178.24867322598692,0.9957028257084222,10.4093549745063
11536.0,102.19711303710938,559.5029651757486,-1.0172598003097173,-575.7700866739191,559.5029651757486,575.7700866739191,381.25429225071645,-2.0129623621812662,-586.1794414889803,178.24867292503222,0.9957025618715489,10.40935481506118
11544.0,102.26803588867188,559.5029831084753,-1.0172776782789548,-575.7700320794548,559.5029831084753,575.7700320794548,381.254310310666,-2.012980035527711,-586.1793870926408,178.24867279780926,0.9957023572487564,10.40935501318595
11552.0,102.33895874023438,559.5030537259652,-1.0173021120698937,-575.7700666202982,559.5030537259652,575.7700666202982,381.25438062597084,-2.0130045860666357,-586.1794213395947,178.24867309999433,0.9957024739967419,10.409354719296541
11560.0,102.40988159179688,559.503126582606,-1.017334151054615,-575.7702721700501,559.503126582606,575.7702721700501,381.25445387084784,-2.013036590194151,-586.1796264981416,178.24867271175816,0.9957024391395359,10.409354328091508
11568.0,102.48080444335938,559.5032124444978,-1.017372944578864,-575.7702767884609,559.5032124444978,575.7702767884609,381.254539407522,-2.013075727528051,-586.1796308205352,178.24867303697582,0.9957027829491869,10.40935403207429
11576.0,102.55172729492188,559.503233140967,-1.017409690783464,-575.7702661812813,559.503233140967,575.7702661812813,381.25456046888985,-2.0131120574420542,-586.1796213265163,178.2486726720772,0.9957023666585902,10.409355145235104
11584.0,102.62265014648438,559.5032390349535,-1.0174468938478025,-575.7702589321112,559.5032390349535,575.7702589321112,381.2545665694287,-2.0131492325031424,-586.1796138020243,178.24867246552483,0.9957023386553399,10.409354869913074
11592.0,102.69357299804688,559.5033260267668,-1.0174966567104295,-575.7704069459763,559.5033260267668,575.7704069459763,381.2546537091668,-2.0131991062018457,-586.1797610888557,178.2486723176,0.9957024494914162,10.4093541428794
11600.0,102.76449584960938,559.503383674152,-1.0174979301505136,-575.770410554292,559.503383674152,575.770410554292,381.2547111723376,-2.01320046508474,-586.1797653798926,178.24867250181444,0.9957025349342263,10.409354825600607
11608.0,102.83541870117188,559.5034441607767,-1.0175414102645446,-575.7704456500961,559.5034441607767,575.7704456500961,381.25477136961615,-2.013243918536684,-586.1798003241536,178.24867279116052,0.9957025082721396,10.40935467405748
11616.0,102.90634155273438,559.5035171705349,-1.0175904843162504,-575.7705258918522,559.5035171705349,575.7705258918522,381.2548454857284,-2.013293105861166,-586.1798802642832,178.24867168480648,0.9957026215449156,10.409354372430876
11624.0,102.97726440429688,559.5035459693157,-1.0176368060277552,-575.7705334130243,559.5035459693157,575.7705334130243,381.2548731394128,-2.01333900032515,-586.1798879095468,178.24867282990294,0.9957021942973947,10.409354496522477
11632.0,103.04818725585938,559.5035856269592,-1.017666049188966,-575.7705282955518,559.5035856269592,575.7705282955518,381.2549133343408,-2.013368436632458,-586.1798828174888,178.24867229261838,0.995702387443492,10.409354521936976
11640.0,103.11911010742188,559.5036678848703,-1.0177040405573887,-575.7705632779833,559.5036678848703,575.7705632779833,381.25499516005306,-2.0134064167955117,-586.1799180270359,178.24867272481725,0.995702376238123,10.409354749052564
11648.0,103.19003295898438,559.5037170114088,-1.0177026878609157,-575.7706422671083,559.5037170114088,575.7706422671083,381.2550444208839,-2.013405306067348,-586.1799972006119,178.2486725905248,0.9957026182064324,10.409354933503604
11656.0,103.26095581054688,559.503774397151,-1.0177621969417876,-575.770791406132,559.503774397151,575.770791406132,381.2551019470835,-2.013464508093879,-586.1801455033153,178.24867245006746,0.9957023111520913,10.409354097183241
11664.0,103.33187866210938,559.5038002948993,-1.0177992318714937,-575.7707079929481,559.5038002948993,575.7707079929481,381.2551282710478,-2.0135016452410817,-586.1800624226348,178.24867202385155,0.995702413369588,10.409354429686735
11672.0,103.40280151367188,559.5039037312863,-1.017862256953241,-575.7708932295865,559.5039037312863,575.7708932295865,381.25523129738366,-2.0135648196927534,-586.1802474303164,178.24867243390264,0.9957025627395124,10.409354200729892
11680.0,103.47372436523438,559.5039575592979,-1.017924664567424,-575.7708788147667,559.5039575592979,575.7708788147667,381.2552852420668,-2.013626755662173,-586.1802330393016,178.24867231723107,0.9957020910947492,10.409354224534962
11688.0,103.54464721679688,559.5039554317809,-1.0179213329039838,-575.7707814751222,559.5039554317809,575.7707814751222,381.2552826420946,-2.0136233692735743,-586.1801360692576,178.2486727896864,0.9957020363695905,10.409354594135399
11696.0,103.61557006835938,559.5039780421449,-1.017940167257322,-575.7707392922374,559.5039780421449,575.7707392922374,381.25530539619047,-2.013642580249307,-586.180093889725,178.24867264595446,0.9957024129919851,10.409354597487598
11704.0,103.68649291992188,559.5040553909628,-1.017966366020504,-575.7708267373345,559.5040553909628,575.7708267373345,381.2553828843248,-2.0136686010168248,-586.1801811787166,178.24867250663806,0.9957022349963207,10.409354441382106
11712.0,103.75741577148438,559.5040609944593,-1.0180266758772047,-575.7707613959999,559.5040609944593,575.7707613959999,381.255389019418,-2.013729088938657,-586.1801160407899,178.24867197504136,0.9957024130614522,10.409354644790062
11720.0,103.82833862304688,559.5042024652607,-1.0180486001682976,-575.7709932683232,559.5042024652607,575.7709932683232,381.25553036098955,-2.0137510198007416,-586.1803480763072,178.24867210427124,0.995702419632444,10.409354807983977
11728.0,103.89926147460938,559.5042700623583,-1.0180891042523408,-575.7710744087262,559.5042700623583,575.7710744087262,381.25559740016763,-2.013791715239045,-586.1804292409938,178.2486726621906,0.9957026109867044,10.409354832267608
11736.0,103.97018432617188,559.5043042412794,-1.0181329682004905,-575.7710904078764,559.5043042412794,575.7710904078764,381.2556320671435,-2.013835125933547,-586.180444797621,178.24867217413595,0.9957021577330565,10.40935438974462
11744.0,104.04110717773438,559.5043718303073,-1.018165562915362,-575.7711555827212,559.5043718303073,575.7711555827212,381.25569957347653,-2.013867833970565,-586.1805097786289,178.24867225683076,0.9957022710552028,10.409354195907712
11752.0,104.11203002929688,559.5044485464747,-1.0182319145773016,-575.7711845276054,559.5044485464747,575.7711845276054,381.2557757930583,-2.013934130447337,-586.18053892688,178.24867275341637,0.9957022158700353,10.40935439927451
11760.0,104.18295288085938,559.5044601455897,-1.0182150502483625,-575.771228647839,559.5044601455897,575.771228647839,381.25578836475006,-2.0139173572894347,-586.1805822181622,178.24867178083963,0.9957023070410722,10.409353570323121
11768.0,104.25387573242188,559.5044964918059,-1.018262160512971,-575.7712517273019,559.5044964918059,575.7712517273019,381.2558244670681,-2.013964388797059,-586.1806060921766,178.2486720247377,0.9957022282840882,10.40935436487478
11776.0,104.32479858398438,559.5045970550183,-1.0183139651686446,-575.7712805494522,559.5045970550183,575.7712805494522,381.2559247562203,-2.0140163067489176,-586.1806349319646,178.24867229879797,0.995702341580273,10.409354382512495
11784.0,104.39572143554688,559.5046439515428,-1.0183178004554128,-575.7712588742147,559.5046439515428,575.7712588742147,381.255971338374,-2.0140200264034416,-586.1806135764441,178.24867261316874,0.9957022259480288,10.409354702229388
11792.0,104.46664428710938,559.5047169572532,-1.0183947319347908,-575.771404602149,559.5047169572532,575.771404602149,381.25604403988604,-2.014097108996584,-586.1807591171007,178.24867291736717,0.995702377061793,10.40935451495168
11800.0,104.53752136230469,559.5047724040925,-1.0184302111798065,-575.7714056331462,559.5047724040925,575.7714056331462,381.2560991365659,-2.014132342432628,-586.1807601550471,178.24867326752656,0.9957021312528216,10.409354521900935
11808.0,104.6083984375,559.504783465442,-1.0184436888494384,-575.7714283741041,559.504783465442,575.7714283741041,381.2561103591123,-2.0141458879827994,-586.1807827508603,178.2486731063296,0.995702199133361,10.409354376756223
11816.0,104.6793212890625,559.5048378586669,-1.0185076620233238,-575.7715084061442,559.5048378586669,575.7715084061442,381.2561651389229,-2.0142094710026015,-586.1808629463017,178.24867271974398,0.9957018089792777,10.409354540157436
11824.0,104.750244140625,559.5049351256309,-1.0185340625679729,-575.7715791282968,559.5049351256309,575.7715791282968,381.2562622499773,-2.014236331431043,-586.1809334729492,178.2486728756536,0.9957022688630701,10.409354344652318
11832.0,104.8211669921875,559.5049268672109,-1.0185439152780766,-575.7714670170883,559.5049268672109,575.7714670170883,381.25625376590745,-2.014246069466278,-586.1808215885466,178.2486731013034,0.9957021541882014,10.409354571458293
11840.0,104.89208984375,559.5050214725359,-1.0186161069869533,-575.7716710779774,559.5050214725359,575.7716710779774,381.25634817428374,-2.014318109363714,-586.1810252898791,178.24867329825213,0.9957020023767607,10.409354211901752
11848.0,104.9630126953125,559.5050134337588,-1.0186360120259792,-575.7714005754913,559.5050134337588,575.7714005754913,381.25634001149956,-2.0143381000872544,-586.1807554152402,178.2486734222592,0.9957020880612752,10.409354839748985
11856.0,105.033935546875,559.5050536104839,-1.0186806137100737,-575.7715030534479,559.5050536104839,575.7715030534479,381.2563800643763,-2.0143824218679995,-586.1808580007078,178.2486735461075,0.9957018081579259,10.409354947259917
11864.0,105.1048583984375,559.5051108544582,-1.0187154223460704,-575.7715584465709,559.5051108544582,575.7715584465709,381.256437773525,-2.014417439626662,-586.1809128580373,178.24867308093314,0.9957020172805917,10.409354411466477
11872.0,105.17578125,559.5052836883601,-1.018753948505771,-575.7717875203891,559.5052836883601,575.7717875203891,381.2566101726477,-2.0144557939647676,-586.1811416982102,178.24867351571237,0.9957018454589965,10.409354177821152
11880.0,105.2467041015625,559.5052443355119,-1.0187815134866165,-575.7716652571847,559.5052443355119,575.7716652571847,381.2565711107379,-2.0144830358776424,-586.1810199080826,178.24867322477394,0.9957015223910259,10.409354650897804
11888.0,105.317626953125,559.5053984565558,-1.0187859168185591,-575.7720120649475,559.5053984565558,575.7720120649475,381.25672536250846,-2.0144883492226526,-586.1813663148378,178.2486730940473,0.9957024324040935,10.409354249890294
11896.0,105.3885498046875,559.5053524818137,-1.0188693009850533,-575.7717460997118,559.5053524818137,575.7717460997118,381.25667961714794,-2.014571190487562,-586.1811008718367,178.2486728646658,0.9957018895025085,10.409354772124948
11904.0,105.45947265625,559.5054060529212,-1.0188943505277326,-575.7717518468015,559.5054060529212,575.7717518468015,381.2567333170373,-2.0145963894449324,-586.1811068779573,178.24867273588393,0.9957020389171998,10.409355031155782
11912.0,105.5303955078125,559.5054953561581,-1.0189197555120462,-575.7718419410276,559.5054953561581,575.7718419410276,381.25682233986504,-2.014621962461014,-586.1811962865547,178.2486730162931,0.9957022069489678,10.409354345527134
11920.0,105.601318359375,559.5055799026693,-1.01895370784802,-575.7720096881845,559.5055799026693,575.7720096881845,381.25690694588064,-2.0146560140724716,-586.1813637109267,178.2486729567887,0.9957023062244517,10.4093540227422
11928.0,105.6722412109375,559.5055387239927,-1.0190337074756997,-575.7718570812832,559.5055387239927,575.7718570812832,381.2568656352909,-2.014735820588964,-586.1812115013979,178.24867308870182,0.9957021131132642,10.409354420114669
11936.0,105.7431640625,559.5056573876238,-1.0190477573763284,-575.7720077705527,559.5056573876238,575.7720077705527,381.2569839086291,-2.0147496568164023,-586.1813625670385,178.2486734789947,0.9957018994400739,10.409354796485806
11944.0,105.8140869140625,559.5057499555902,-1.0190902154352282,-575.7722346389469,559.5057499555902,575.7722346389469,381.2570769818965,-2.01479221770569,-586.1815888142373,178.2486729736937,0.9957020022704617,10.409354175290437
11952.0,105.885009765625,559.5058053213078,-1.0191246894842578,-575.7721259423467,559.5058053213078,575.7721259423467,381.2571316704395,-2.0148266888596673,-586.1814806499776,178.24867365086826,0.9957019993754095,10.40935470763092
11960.0,105.9559326171875,559.5058759724233,-1.0191505093426843,-575.7722380421452,559.5058759724233,575.7722380421452,381.25720255504467,-2.014852795268048,-586.1815923147233,178.24867341737857,0.9957022859253639,10.409354272578126
11968.0,106.02685546875,559.5058538509568,-1.0191555622853024,-575.7721059824826,559.5058538509568,575.7721059824826,381.2571802958862,-2.0148580189020535,-586.1814609804433,178.24867355507058,0.9957024566167512,10.409354997960673
11976.0,106.0977783203125,559.5059791928763,-1.0192266352836494,-575.7722804371197,559.5059791928763,575.7722804371197,381.2573055148462,-2.014928562546814,-586.1816350120887,178.24867367803012,0.9957019272631644,10.409354574969043
11984.0,106.168701171875,559.5059658606632,-1.0192312970461241,-575.7721535303237,559.5059658606632,575.7721535303237,381.2572922385745,-2.0149333085906527,-586.1815081912721,178.2486736220887,0.9957020115445285,10.40935466094835
11992.0,106.2396240234375,559.5060817862087,-1.0192991304940229,-575.7722023646297,559.5060817862087,575.7722023646297,381.257407714253,-2.015001175177524,-586.1815572001242,178.24867407195572,0.995702044683501,10.40935483549452
12000.0,106.310546875,559.5061427870309,-1.01933855697032,-575.772362619492,559.5061427870309,575.772362619492,381.25746838184887,-2.01504068670436,-586.1817172119518,178.24867440518196,0.99570212973404,10.409354592459753
12008.0,106.3814697265625,559.5061706339079,-1.0193838771855388,-575.7723874630032,559.5061706339079,575.7723874630032,381.2574968412978,-2.015085645185149,-586.1817416903896,178.2486737926101,0.9957017679996101,10.409354227386435
12016.0,106.452392578125,559.5062190373588,-1.0193834552839123,-575.772400845068,559.5062190373588,575.772400845068,381.25754493332687,-2.0150857707273175,-586.1817558770381,178.24867410403198,0.9957023154434053,10.409355031970144
12024.0,106.5233154296875,559.5062930169042,-1.0194028691952983,-575.772474145456,559.5062930169042,575.772474145456,381.25761854729035,-2.015105620939142,-586.1818287090692,178.24867446961383,0.9957027517438437,10.40935456361317
12032.0,106.59423828125,559.5063564551076,-1.0195102897977701,-575.7725315286966,559.5063564551076,575.7725315286966,381.257682096812,-2.0152120720079303,-586.1818858525961,178.24867435829557,0.9957017822101601,10.409354323899443
12040.0,106.6651611328125,559.5063841925851,-1.0195549097646852,-575.7724715043759,559.5063841925851,575.7724715043759,381.25770975884484,-2.015257053030645,-586.1818266412049,178.2486744337403,0.9957021432659596,10.409355136829094
12048.0,106.736083984375,559.506438578836,-1.019549389485042,-575.7725790276902,559.506438578836,575.7725790276902,381.25776409238335,-2.0152521323144867,-586.1819336096562,178.24867448645256,0.9957027428294447,10.409354581966019
12056.0,106.8070068359375,559.506524193901,-1.0195941505579995,-575.7727363036728,559.506524193901,575.7727363036728,381.2578497937136,-2.015296467363676,-586.1820912105273,178.2486744001874,0.9957023168056764,10.409354906854515
12064.0,106.8779296875,559.5065117216077,-1.0196309208928396,-575.7724832965773,559.5065117216077,575.7724832965773,381.2578366525871,-2.0153329351645652,-586.181838739842,178.2486750690206,0.9957020142717257,10.409355443264607
12072.0,106.9488525390625,559.5066120100887,-1.0196442674050248,-575.772659665673,559.5066120100887,575.772659665673,381.2579371573246,-2.015346522036406,-586.1820143382996,178.24867485276417,0.9957022546313814,10.40935467262659
12080.0,107.019775390625,559.5067365894954,-1.0197024903029375,-575.7729186300085,559.5067365894954,575.7729186300085,381.2580619436426,-2.015405021799584,-586.1822727990756,178.2486746458528,0.9957025314966463,10.4093541690671
12088.0,107.0906982421875,559.5066689912526,-1.0197409802226263,-575.7727085570607,559.5066689912526,575.7727085570607,381.25799417015446,-2.015443521744494,-586.1820638631282,178.24867482109818,0.9957025415218679,10.409355306067445
12096.0,107.16162109375,559.5067777629403,-1.0197621908427301,-575.7728468297177,559.5067777629403,575.7728468297177,381.25810288031585,-2.0154645120605323,-586.1822017455665,178.2486748826244,0.9957023212178022,10.409354915848857
12104.0,107.2325439453125,559.5068446762034,-1.0198068221552141,-575.7729170928058,559.5068446762034,575.7729170928058,381.25816914043173,-2.015509176766816,-586.1822718235967,178.24867553577172,0.995702354611602,10.409354730790987
12112.0,107.303466796875,559.5068378306881,-1.0198710207497568,-575.7727523791414,559.5068378306881,575.7727523791414,381.2581629754291,-2.0155729528704107,-586.1821073819731,178.24867485525905,0.9957019321206539,10.409355002831761
12120.0,107.3743896484375,559.5069758297436,-1.0198880802618753,-575.7729851252549,559.5069758297436,575.7729851252549,381.2583006129237,-2.015590172738797,-586.1823402398546,178.24867521681995,0.9957020924769218,10.409355114599741
12128.0,107.4453125,559.5069557836814,-1.0199427951220992,-575.7729364905216,559.5069557836814,575.7729364905216,381.25828085516025,-2.0156448570716528,-586.1822911675699,178.2486749285212,0.9957020619495536,10.409354677048286
12136.0,107.5162353515625,559.5071389107882,-1.0199473993111354,-575.7731201023364,559.5071389107882,575.7731201023364,381.2584635985646,-2.015649739708408,-586.1824747589719,178.24867531222358,0.9957023403972727,10.409354656635458
12144.0,107.587158203125,559.5071269293824,-1.0200103092313073,-575.7730471893358,559.5071269293824,575.7730471893358,381.2584521943212,-2.015713269890881,-586.182401913509,178.24867473506112,0.9957029606595738,10.409354724173225
12152.0,107.6580810546875,559.5071608540919,-1.0200299889396982,-575.7730526876984,559.5071608540919,575.7730526876984,381.2584856013631,-2.015732763566376,-586.1824069381806,178.24867525272887,0.995702774626678,10.409354250482277
12160.0,107.72900390625,559.5072574514036,-1.0200685134407328,-575.7732182215966,559.5072574514036,575.7732182215966,381.2585821798576,-2.015771049152015,-586.1825727343936,178.2486752715459,0.9957025357112821,10.409354512796961
12168.0,107.7999267578125,559.5072585405442,-1.0201009580095146,-575.7731750057264,559.5072585405442,575.7731750057264,381.2585841560955,-2.0158031405784165,-586.1825298441294,178.24867438444863,0.9957021825689019,10.409354838402875
12176.0,107.870849609375,559.5073263418925,-1.020145356945112,-575.7732078771102,559.5073263418925,575.7732078771102,381.25865125081793,-2.015847652531619,-586.1825624762203,178.2486750910746,0.9957022955865069,10.40935459911013
12184.0,107.9417724609375,559.5073906245784,-1.020198681489748,-575.7733028783249,559.5073906245784,575.7733028783249,381.25871557427445,-2.0159008277520947,-586.182657849575,178.24867505030403,0.9957021462623468,10.40935497125009
12192.0,108.0126953125,559.5074959314426,-1.0202134574719857,-575.7733601221989,559.5074959314426,575.7733601221989,381.2588211539014,-2.0159162477700576,-586.1827146416349,178.24867477754117,0.995702790298072,10.409354519435919
12200.0,108.0836181640625,559.5074895938544,-1.0202473895190654,-575.7732910503227,559.5074895938544,575.7732910503227,381.25881493786585,-2.015949924020237,-586.1826461127507,178.2486746559885,0.9957025345011719,10.409355062428117
12208.0,108.154541015625,559.5075422706399,-1.020259433631801,-575.7733186744543,559.5075422706399,575.7733186744543,381.2588668730663,-2.015961953301151,-586.182673683611,178.24867539757358,0.9957025196693499,10.409355009156677
12216.0,108.2254638671875,559.5076094016825,-1.0203509523993084,-575.7733478770366,559.5076094016825,575.7733478770366,381.2589347251799,-2.0160533926806856,-586.1827027048736,178.2486746765026,0.9957024402813772,10.409354827837012
12224.0,108.29638671875,559.507691714365,-1.0203839220826447,-575.7735004497206,559.507691714365,575.7735004497206,381.2590166921004,-2.0160861777986163,-586.1828553776877,178.24867502226468,0.9957022557159716,10.40935492796712
12232.0,108.3673095703125,559.5077472915433,-1.020390906742322,-575.773528944923,559.5077472915433,575.773528944923,381.25907169951336,-2.016093260471667,-586.1828836304335,178.24867559202997,0.995702353729345,10.40935468551051
12240.0,108.438232421875,559.5077924648199,-1.0204433798607742,-575.7735378780976,559.5077924648199,575.7735378780976,381.2591169049589,-2.016145758830465,-586.1828931703151,178.24867555986097,0.9957023789696908,10.409355292217475
12248.0,108.5091552734375,559.5078673716048,-1.0204920740269552,-575.7735486602996,559.5078673716048,575.7735486602996,381.25919259200987,-2.0161945990897223,-586.1829036884167,178.24867477959498,0.9957025250627671,10.409355028117067
12256.0,108.580078125,559.5078956479553,-1.0205105244313737,-575.7736007549206,559.5078956479553,575.7736007549206,381.25922062355176,-2.016213296697412,-586.1829553456882,178.24867502440347,0.9957027722660383,10.409354590767661
12264.0,108.6510009765625,559.5079548998914,-1.020527059731533,-575.7736931130477,559.5079548998914,575.7736931130477,381.2592801021125,-2.0162298245874695,-586.1830477184515,178.24867479777888,0.9957027648559365,10.409354605403783
12272.0,108.721923828125,559.5079777563284,-1.0205872955927342,-575.7737372757917,559.5079777563284,575.7737372757917,381.259303251642,-2.0162902877364672,-586.1830917058969,178.2486745046864,0.995702992143733,10.409354430105207
12280.0,108.7928466796875,559.5080554521073,-1.0206661274707942,-575.7737448269565,559.5080554521073,575.7737448269565,381.2593803497655,-2.016368219112632,-586.1830997160641,178.2486751023418,0.9957020916418378,10.409354889107554
12288.0,108.86376953125,559.5081634485559,-1.0206572240784348,-575.7738165217372,559.5081634485559,575.7738165217372,381.2594882107883,-2.0163596301622526,-586.1831710246245,178.24867523776763,0.9957024060838178,10.409354502887213
12296.0,108.9346923828125,559.5081374630756,-1.0207089487869307,-575.7737643809662,559.5081374630756,575.7737643809662,381.2594627090801,-2.0164112725270655,-586.1831193737565,178.2486747539956,0.9957023237401348,10.409354992790366
12304.0,109.005615234375,559.5082650537095,-1.0207479330642109,-575.7738086201273,559.5082650537095,575.7738086201273,381.2595903320539,-2.0164505097456598,-586.1831628584939,178.2486747216555,0.9957025766814489,10.409354238366621
12312.0,109.07649993896484,559.508302700023,-1.0208062053764246,-575.7739641287724,559.508302700023,575.7739641287724,381.2596282796072,-2.01650853486165,-586.1833187092758,178.24867442041577,0.9957023294852254,10.409354580503402
12320.0,109.14737701416016,559.5082954170867,-1.0208252305371142,-575.7738718712857,559.5082954170867,575.7738718712857,381.25962081874275,-2.0165277258699987,-586.183226611987,178.248674598344,0.9957024953328846,10.409354740701387
12328.0,109.21829223632812,559.5084194040776,-1.020869696943679,-575.7740224009236,559.5084194040776,575.7740224009236,381.25974465819115,-2.0165720682362256,-586.1833772376983,178.24867474588638,0.9957023712925466,10.409354836774718
12336.0,109.28921508789062,559.5084642381178,-1.0208797714323845,-575.7740308997567,559.5084642381178,575.7740308997567,381.25978978405686,-2.0165819758080517,-586.1833854574966,178.24867445406096,0.9957022043756671,10.4093545577399
12344.0,109.36013793945312,559.508567279425,-1.0208938706928201,-575.7741705820546,559.508567279425,575.7741705820546,381.2598925475413,-2.016596579835616,-586.1835247462221,178.24867473188374,0.9957027091427957,10.409354164167533
12352.0,109.43106079101562,559.5085630969747,-1.0209574480248085,-575.7740874923568,559.5085630969747,575.7740874923568,381.2598885520303,-2.0166606076539733,-586.1834419419042,178.24867454494446,0.9957031596291648,10.409354449547404
12360.0,109.50198364257812,559.5086344371771,-1.020983303568772,-575.774135566968,559.5086344371771,575.774135566968,381.25995925850066,-2.016685569911873,-586.1834906498827,178.24867517867645,0.995702266343101,10.409355082914756
12368.0,109.57290649414062,559.5086572376231,-1.021073799490301,-575.7741692308509,559.5086572376231,575.7741692308509,381.2599826192609,-2.0167762714830566,-586.1835240482757,178.2486746183622,0.9957024719927556,10.409354817424713
12376.0,109.64382934570312,559.5087589916891,-1.0210772846043774,-575.7742900555508,559.5087589916891,575.7742900555508,381.26008419881737,-2.016779900672896,-586.1836442981296,178.2486747928717,0.9957026160685185,10.409354242578827
12384.0,109.71475219726562,559.5088353640759,-1.0211365930881824,-575.7743291626724,559.5088353640759,575.7743291626724,381.2601601312383,-2.0168393476960818,-586.1836832699406,178.24867523283766,0.9957027546078994,10.409354107268223
12392.0,109.78567504882812,559.508859809552,-1.0211369058603044,-575.7742808254729,559.508859809552,575.7742808254729,381.26018394392884,-2.016839921638133,-586.1836353765551,178.24867586562317,0.9957030157778286,10.409354551082146
12400.0,109.85659790039062,559.5088954758909,-1.0211625067767947,-575.7743012128497,559.5088954758909,575.7743012128497,381.26021977294647,-2.0168654516125692,-586.1836559324474,178.2486757029444,0.9957029448357746,10.409354719597783
12408.0,109.92752075195312,559.508953235546,-1.021239728980797,-575.774315068534,559.508953235546,575.774315068534,381.2602776178296,-2.016942647187089,-586.1836702086792,178.24867561771632,0.995702918206292,10.409355140145273
12416.0,109.99844360351562,559.509051764452,-1.0212595915901996,-575.774513965789,559.509051764452,575.774513965789,381.2603762933687,-2.0169622427370353,-586.1838683284261,178.24867547108332,0.9957026511468356,10.409354362637103
12424.0,110.06936645507812,559.5090999424034,-1.0213390474915585,-575.7744747966234,559.5090999424034,575.7744747966234,381.26042366110494,-2.0170414979641222,-586.1838297249217,178.24867628129846,0.9957024504725638,10.409354928298256
12432.0,110.14028930664062,559.509177523399,-1.0213607126430282,-575.7745826251567,559.509177523399,575.7745826251567,381.26050150804997,-2.0170632915248663,-586.1839374088036,178.24867601534902,0.9957025788818381,10.409354783646856
12440.0,110.21121215820312,559.5091911085749,-1.021384997394084,-575.7744951965134,559.5091911085749,575.7744951965134,381.26051513459845,-2.017087525278412,-586.1838501774514,178.24867597397642,0.9957025278843279,10.40935498093801
12448.0,110.28213500976562,559.5093059544403,-1.0214236926736024,-575.774661166022,559.5093059544403,575.774661166022,381.2606297321671,-2.0171263473372187,-586.1840158550269,178.24867622227316,0.9957026546636163,10.409354689004829
12456.0,110.35305786132812,559.5093138351847,-1.0214373014120968,-575.7746278963447,559.5093138351847,575.7746278963447,381.2606376938794,-2.017140032216642,-586.1839825870868,178.24867614130528,0.9957027308045454,10.409354690742097
12464.0,110.42398071289062,559.5093735032594,-1.0214698159206002,-575.7746484320212,559.5093735032594,575.7746484320212,381.26069769398725,-2.017172911885651,-586.1840033178008,178.24867580927213,0.9957030959650508,10.409354885779623
12472.0,110.49490356445312,559.5094569707435,-1.0215408104182693,-575.7746725815525,559.5094569707435,575.7746725815525,381.2607808100846,-2.01724340680291,-586.1840274997487,178.24867616065887,0.9957025963846409,10.40935491819614
12480.0,110.56582641601562,559.5095205176439,-1.0215562188692537,-575.77481156349,559.5095205176439,575.77481156349,381.2608444958986,-2.0172594794832435,-586.1841658763674,178.24867602174527,0.9957032606139897,10.4093543128774
12488.0,110.63674926757812,559.509577932718,-1.0216141253439988,-575.774748310374,559.509577932718,575.774748310374,381.2609016184948,-2.017317109709465,-586.184103298984,178.2486763142232,0.9957029843654661,10.409354988610085
12496.0,110.70767211914062,559.5095714797526,-1.0216494532663365,-575.7747507028979,559.5095714797526,575.7747507028979,381.26089546099183,-2.01735255624172,-586.1841053417324,178.24867601876076,0.9957031029753836,10.409354638834529
12504.0,110.77859497070312,559.5095790017239,-1.0216750356951438,-575.7747390048338,559.5095790017239,575.7747390048338,381.2609033018573,-2.017377797455959,-586.1840940787138,178.24867569986657,0.995702761760815,10.40935507388002
12512.0,110.84951782226562,559.5096941262175,-1.0217384978942397,-575.7749424748256,559.5096941262175,575.7749424748256,381.2610179427623,-2.0174414001850653,-586.1842976580842,178.24867618345513,0.9957029022908257,10.409355183258665
12520.0,110.92044067382812,559.5097471531492,-1.0217589059372445,-575.7749591435556,559.5097471531492,575.7749591435556,381.2610711145722,-2.0174618695487485,-586.1843139919207,178.24867603857695,0.995702963611504,10.409354848365094
12528.0,110.99136352539062,559.5098410705373,-1.021774378737267,-575.7750295606726,559.5098410705373,575.7750295606726,381.2611645950202,-2.0174768901946116,-586.184384042067,178.24867647551707,0.9957025114573446,10.409354481394368
12536.0,111.06228637695312,559.5098610754811,-1.0217990916172601,-575.7750217208218,559.5098610754811,575.7750217208218,381.261184569037,-2.017502403743322,-586.1843763407696,178.2486765064441,0.9957033121260617,10.409354619947907
12544.0,111.13320922851562,559.5099806291062,-1.0218592829535051,-575.7750906498112,559.5099806291062,575.7750906498112,381.2613035363129,-2.017561782605558,-586.1844458336853,178.2486770927933,0.9957024996520527,10.409355183874176
12552.0,111.20413208007812,559.5099888038806,-1.021881276200963,-575.7751075078522,559.5099888038806,575.7751075078522,381.26131232869704,-2.0175842453296795,-586.1844626270649,178.24867647518354,0.9957029691287165,10.409355119212657
12560.0,111.27505493164062,559.5100506241008,-1.0219324000118606,-575.7751656512106,559.5100506241008,575.7751656512106,381.2613741691222,-2.0176352908125335,-586.1845201496744,178.24867645497858,0.9957028908006729,10.409354498463841
12568.0,111.34597778320312,559.5100999263042,-1.0219744476361967,-575.7752489096633,559.5100999263042,575.7752489096633,381.26142365216947,-2.0176771032923906,-586.1846036087884,178.2486762741347,0.9957026556561939,10.409354699125059
12576.0,111.41690063476562,559.5101545952099,-1.0220236922091965,-575.775277273164,559.5101545952099,575.775277273164,381.26147839842974,-2.017726392606418,-586.1846319469429,178.24867619678014,0.9957027003972216,10.409354673778935
12584.0,111.48782348632812,559.5102206314477,-1.0220842092944462,-575.7752220330433,559.5102206314477,575.7752220330433,381.2615439449407,-2.017787135501811,-586.1845769290837,178.24867668650703,0.9957029262073647,10.409354896040476
12592.0,111.55874633789062,559.5102483460889,-1.0220990506196435,-575.7752880105771,559.5102483460889,575.7752880105771,381.26157183586093,-2.0178018688347272,-586.1846426568491,178.24867651022797,0.9957028182150838,10.409354646271975
12600.0,111.62966918945312,559.5102994543848,-1.0221228255117483,-575.7753068853341,559.5102994543848,575.7753068853341,381.26162310674476,-2.0178258845780945,-586.1846619557075,178.24867634764004,0.9957030590663463,10.409355070373405
12608.0,111.70059204101562,559.5103767129638,-1.0221902688058764,-575.7753563004208,559.5103767129638,575.7753563004208,381.26170015929034,-2.0178925339679985,-586.1847108810089,178.24867655367342,0.9957022651621221,10.40935458058817
12616.0,111.77151489257812,559.5104168097445,-1.0222197873787797,-575.775301510924,559.5104168097445,575.775301510924,381.2617404805168,-2.0179221291836047,-586.1846563961124,178.2486763292277,0.995702341804825,10.409354885188323
12624.0,111.84243774414062,559.5105038680199,-1.0222288322721385,-575.7755603041994,559.5105038680199,575.7755603041994,381.26182771958116,-2.0179317271988815,-586.1849147201926,178.2486761484388,0.995702894926743,10.409354415993176
12632.0,111.91336059570312,559.510530236649,-1.0222485057811985,-575.7754977381098,559.510530236649,575.7754977381098,381.2618540187236,-2.0179517715836752,-586.1848524153379,178.24867621792527,0.9957032658024767,10.409354677228059
12640.0,111.98428344726562,559.5105915929616,-1.0223031690592572,-575.7755360188048,559.5105915929616,575.7755360188048,381.2619158865095,-2.0180064126514043,-586.184890330007,178.24867570645216,0.9957032435921471,10.40935431120215
12648.0,112.05520629882812,559.5106686182539,-1.022388754777424,-575.7755744939933,559.5106686182539,575.7755744939933,381.2619926383487,-2.018091673001848,-586.1849291864977,178.24867597990516,0.9957029182244241,10.409354692504417
12656.0,112.12612915039062,559.5107101438307,-1.0224201980396241,-575.7755471739443,559.5107101438307,575.7755471739443,381.26203404368067,-2.0181226942008,-586.1849019883456,178.24867610015002,0.9957024961611758,10.409354814401187
12664.0,112.19705200195312,559.5106980009252,-1.0224234304866986,-575.7755724312584,559.5106980009252,575.7755724312584,381.26202226600134,-2.018126515093771,-586.184927075192,178.24867573492384,0.9957030846070722,10.409354643933662
12672.0,112.26797485351562,559.5107918875999,-1.0224550634656815,-575.7756880349965,559.5107918875999,575.7756880349965,381.2621161900113,-2.0181580581733343,-586.1850426560436,178.24867569758868,0.9957029947076528,10.409354621047076
12680.0,112.33889770507812,559.5108930493127,-1.0225223708411466,-575.7757567808789,559.5108930493127,575.7757567808789,381.26221709166975,-2.018224938573251,-586.1851114474036,178.24867595764294,0.9957025677321045,10.409354666524788
12688.0,112.40982055664062,559.5109432769343,-1.0225638829481856,-575.7758764527835,559.5109432769343,575.7758764527835,381.26226690698945,-2.0182666630482817,-586.1852309125677,178.24867636994492,0.9957027801000962,10.40935445978423
12696.0,112.48074340820312,559.5110090064993,-1.0225893221620481,-575.7758571212165,559.5110090064993,575.7758571212165,381.2623328017388,-2.018291971116968,-586.1852118436377,178.24867620476053,0.9957026489549197,10.409354722421163
12704.0,112.55166625976562,559.5110402561281,-1.0226350528514176,-575.7757915665599,559.5110402561281,575.7757915665599,381.2623641289354,-2.0183382973435595,-586.1851461427345,178.24867612719277,0.9957032444921419,10.40935457617469
12712.0,112.62258911132812,559.5111363812093,-1.0226175382452176,-575.7759464091315,559.5111363812093,575.7759464091315,381.26246039924047,-2.018320620767449,-586.185301002761,178.24867598196886,0.9957030825222315,10.409354593629457
12720.0,112.69351196289062,559.5111474311414,-1.0226689124686388,-575.775889951731,559.5111474311414,575.775889951731,381.2624706558388,-2.0183719094141814,-586.1852450062726,178.24867677530253,0.9957029969455427,10.409355054541663
12728.0,112.76443481445312,559.5112721655573,-1.0227326881310015,-575.776093248792,559.5112721655573,575.776093248792,381.2625954673225,-2.018435871806748,-586.1854478164641,178.2486766982348,0.9957031836757464,10.4093545676721
12736.0,112.83535766601562,559.5112781878994,-1.0227765795426373,-575.7760656819154,559.5112781878994,575.7760656819154,381.2626019712644,-2.0184793854096146,-586.1854204426199,178.24867621663498,0.9957028058669772,10.409354760704613
12744.0,112.90628051757812,559.5113627794525,-1.0228192424119262,-575.7760353464449,559.5113627794525,575.7760353464449,381.26268613503635,-2.0185219783259285,-586.1853900576909,178.24867664441615,0.9957027359140023,10.409354711245966
12752.0,112.97720336914062,559.5113748877045,-1.0228584130801615,-575.776085967221,559.5113748877045,575.776085967221,381.26269815352464,-2.0185614209332563,-586.1854410649984,178.24867673417992,0.9957030078530948,10.40935509777744
12760.0,113.04812622070312,559.5115486844999,-1.0228519430946141,-575.7763341485804,559.5115486844999,575.7763341485804,381.2628719560479,-2.0185548919216014,-586.1856882501228,178.248676728452,0.9957029488269873,10.40935410154238
12768.0,113.11904907226562,559.511551867658,-1.022953192723402,-575.7762046689903,559.511551867658,575.7762046689903,381.2628758515101,-2.018655721613725,-586.185559343546,178.24867601614787,0.9957025288903232,10.409354674555598
12776.0,113.18997192382812,559.5115955703532,-1.0229744720958394,-575.7762605779703,559.5115955703532,575.7762605779703,381.2629194419927,-2.0186772963931103,-586.1856151530258,178.2486761283604,0.995702824297271,10.409354575055447
12784.0,113.26089477539062,559.511690259917,-1.0229964670679816,-575.7763353431766,559.511690259917,575.7763353431766,381.26301349647974,-2.018699434110439,-586.1856902377915,178.24867676343735,0.9957029670424573,10.409354894614902
12792.0,113.33181762695312,559.5116793844523,-1.0230502642986545,-575.7762087350517,559.5116793844523,575.7762087350517,381.26300226045885,-2.0187531388416486,-586.1855638067451,178.2486771239935,0.9957028745429941,10.409355071693382
12800.0,113.40274047851562,559.511682846319,-1.0230789394490474,-575.7762085043593,559.511682846319,575.7762085043593,381.2630059678388,-2.0187817541190514,-586.185563267883,178.24867687848018,0.995702814670004,10.409354763523712
12808.0,113.47366333007812,559.5117382134204,-1.0231470258592141,-575.7762953026596,559.5117382134204,575.7762953026596,381.2630617637564,-2.018849809790445,-586.1856500409149,178.24867644966392,0.9957027839312307,10.409354738255299
12816.0,113.54458618164062,559.5118761244794,-1.0231817177143228,-575.7765195867291,559.5118761244794,575.7765195867291,381.2631994547476,-2.01888474152359,-586.1858740401256,178.2486766697317,0.9957030238092672,10.409354453396416
12824.0,113.61546325683594,559.5118912962962,-1.0231949143027155,-575.7765078464549,559.5118912962962,575.7765078464549,381.2632142982607,-2.018897700908071,-586.1858626135443,178.24867699803548,0.9957027866053556,10.40935476708929
12832.0,113.68634033203125,559.5119667666484,-1.0232176652105691,-575.7764938422074,559.5119667666484,575.7764938422074,381.26328995104757,-2.018920702568349,-586.1858486085272,178.2486768156008,0.9957030373577798,10.40935476631982
12840.0,113.75726318359375,559.5120285276527,-1.0232841838093787,-575.7765228099668,559.5120285276527,575.7765228099668,381.263351700126,-2.0189865656465633,-586.1858776301901,178.24867682752665,0.9957023818371846,10.409354820223403
12848.0,113.82818603515625,559.5121034156879,-1.0233099431194201,-575.7766513994296,559.5121034156879,575.7766513994296,381.2634262437116,-2.019012911132098,-586.1860056346313,178.24867717197628,0.9957029680126777,10.40935423520171
12856.0,113.89910888671875,559.5121883476742,-1.0233412003272662,-575.776746102696,559.5121883476742,575.776746102696,381.26351092180766,-2.0190445107311463,-586.1861004004479,178.24867742586648,0.9957033104038802,10.409354297751827
12864.0,113.97003173828125,559.512146922656,-1.023390850643902,-575.776584117816,559.512146922656,575.776584117816,381.2634698791752,-2.019093780319502,-586.1859390835261,178.24867704348085,0.9957029296756001,10.409354965710078
12872.0,114.04095458984375,559.5122595635482,-1.0234553924175271,-575.7767045193198,559.5122595635482,575.7767045193198,381.2635822883362,-2.0191586438512594,-586.1860592304238,178.24867727521206,0.9957032514337323,10.409354711104
12880.0,114.11187744140625,559.5122578426485,-1.0234171411499924,-575.7766600314997,559.5122578426485,575.7766600314997,381.2635805767335,-2.0191204783238907,-586.186015043191,178.24867726591498,0.9957033371738984,10.409355011691279
12888.0,114.18280029296875,559.5123968677278,-1.0235007671764729,-575.7768973394824,559.5123968677278,575.7768973394824,381.2637199870554,-2.0192037141277854,-586.1862520787968,178.24867688067246,0.9957029469513126,10.409354739314352
12896.0,114.25372314453125,559.5124199147691,-1.023534758619813,-575.7768926905131,559.5124199147691,575.7768926905131,381.2637423070951,-2.0192376828092815,-586.1862473690406,178.24867760767407,0.9957029241894686,10.40935467852748
12904.0,114.32464599609375,559.5125647306842,-1.0235757352378299,-575.7769979919204,559.5125647306842,575.7769979919204,381.2638876412037,-2.0192789911414852,-586.1863525890135,178.24867708948045,0.9957032559036554,10.409354597093024
12912.0,114.39556884765625,559.5125874770503,-1.0235980180036321,-575.7769619448859,559.5125874770503,575.7769619448859,381.26390986826334,-2.019301097205509,-586.186316315212,178.24867760878692,0.9957030792018768,10.409354370326076
12920.0,114.46649169921875,559.5126748037268,-1.0236485702713258,-575.7770181533102,559.5126748037268,575.7770181533102,381.26399726508043,-2.019351770254855,-586.1863727909047,178.24867753864632,0.9957031999835291,10.409354637594411
12928.0,114.53741455078125,559.5126995042101,-1.023708012785904,-575.7769757396898,559.5126995042101,575.7769757396898,381.2640211511108,-2.019411314636815,-586.1863310522019,178.24867835309936,0.9957033018509112,10.40935531251217
12936.0,114.60833740234375,559.5126943687567,-1.0237243340240818,-575.7769908782669,559.5126943687567,575.7769908782669,381.2640159195641,-2.019428020177479,-586.186346095222,178.24867844919257,0.995703686153397,10.40935521695506
12944.0,114.67926025390625,559.5128085558633,-1.0237878342355584,-575.7771365864273,559.5128085558633,575.7771365864273,381.26413089914615,-2.0194912455641223,-586.186491116119,178.24867765671718,0.9957034113285639,10.409354529691697
12952.0,114.75018310546875,559.5128657445291,-1.023798196169798,-575.7771688385471,559.5128657445291,575.7771688385471,381.26418818988714,-2.01950201349588,-586.1865237001539,178.248677554642,0.9957038173260822,10.409354861606737
12960.0,114.82110595703125,559.512879826897,-1.0238580026449893,-575.777165850668,559.512879826897,575.777165850668,381.26420273503567,-2.019561164849716,-586.1865205255326,178.2486770918613,0.9957031622047268,10.409354674864593
12968.0,114.89202880859375,559.5129641727206,-1.023895328262749,-575.7772334181178,559.5129641727206,575.7772334181178,381.26428710722774,-2.0195985067787223,-586.1865876517077,178.24867706549287,0.9957031785159733,10.409354233589818
12976.0,114.96295166015625,559.5129627851667,-1.023915008712577,-575.7772056699806,559.5129627851667,575.7772056699806,381.2642856249578,-2.019618400981268,-586.1865604916254,178.2486771602089,0.9957033922686911,10.409354821644792
12984.0,115.03387451171875,559.5131419198414,-1.0239653821850725,-575.7774418168697,559.5131419198414,575.7774418168697,381.26446465486504,-2.0196690156204786,-586.1867966937893,178.24867726497632,0.9957036334354061,10.409354876919693
12992.0,115.10479736328125,559.5131193101133,-1.0239935409768774,-575.7772293712394,559.5131193101133,575.7772293712394,381.2644417840078,-2.0196971402539967,-586.1865841410392,178.2486775261056,0.9957035992771193,10.409354769799895
13000.0,115.17572021484375,559.5131810206983,-1.0240376587808866,-575.777338326913,559.5131810206983,575.777338326913,381.2645041148337,-2.019741286142886,-586.1866933228036,178.2486769058646,0.9957036273619995,10.409354995890698
13008.0,115.24664306640625,559.5132823535102,-1.0241077097056253,-575.7774548207028,559.5132823535102,575.7774548207028,381.2646047545268,-2.019810973045588,-586.186809421812,178.24867759898342,0.995703263339963,10.409354601109126
13016.0,115.31756591796875,559.5133022020251,-1.0241376452008701,-575.7774599821792,559.5133022020251,575.7774599821792,381.26462456271423,-2.019840890412233,-586.1868144558478,178.24867763931087,0.995703245211363,10.409354473668547
13024.0,115.38848876953125,559.5133686250479,-1.0241519705533642,-575.7775143590998,559.5133686250479,575.7775143590998,381.2646913613545,-2.019855419939064,-586.1868689654282,178.2486772636933,0.9957034493857,10.409354606328378
13032.0,115.45941162109375,559.5133893964463,-1.0242039083862382,-575.7774558419046,559.5133893964463,575.7774558419046,381.26471166767817,-2.0199072690740403,-586.1868107701944,178.24867772876814,0.9957033606878021,10.40935492828975
13040.0,115.53033447265625,559.5134829316669,-1.0242154659198919,-575.7776025147115,559.5134829316669,575.7776025147115,381.2648053120324,-2.019918848474364,-586.1869573620785,178.24867761963444,0.9957033825544723,10.409354847367055
13048.0,115.60125732421875,559.5135778228448,-1.0242685102299842,-575.7777253776857,559.5135778228448,575.7777253776857,381.26490041248724,-2.019971720998916,-586.1870798875243,178.24867741035752,0.9957032107689319,10.409354509838593
13056.0,115.67218017578125,559.5136251850367,-1.0243348216401729,-575.7776780455367,559.5136251850367,575.7776780455367,381.26494727722616,-2.020038059592077,-586.1870332570985,178.24867790781056,0.9957032379519042,10.409355211561758
13064.0,115.74310302734375,559.5136395083596,-1.0243621277551331,-575.7776608981529,559.5136395083596,575.7776608981529,381.2649618277104,-2.0200656100632073,-586.1870158287296,178.24867768064917,0.9957034823080742,10.40935493057668
13072.0,115.81402587890625,559.5137001120604,-1.0243948886816332,-575.7777821302582,559.5137001120604,575.7777821302582,381.2650226040756,-2.020098307559671,-586.1871368903521,178.24867750798484,0.9957034188780378,10.409354760093962
13080.0,115.88494873046875,559.5137372939445,-1.0244201772923827,-575.7777313237992,559.5137372939445,575.7777313237992,381.2650595884949,-2.0201238747069983,-586.187085892271,178.24867770544955,0.9957036974146156,10.409354568471837
13088.0,115.95587158203125,559.5138744557006,-1.024452073248705,-575.7779106643961,559.5138744557006,575.7779106643961,381.265196477964,-2.0201552342774978,-586.1872649985112,178.2486779777366,0.9957031610287927,10.409354334115097
13096.0,116.02679443359375,559.513888134731,-1.02451782699527,-575.7778402491947,559.513888134731,575.7778402491947,381.26521052582746,-2.02022110190463,-586.1871949795714,178.24867760890356,0.99570327490936,10.409354730376686
13104.0,116.09771728515625,559.5140122322302,-1.0245426888161742,-575.7780765134985,559.5140122322302,575.7780765134985,381.26533419559695,-2.0202465427318543,-586.1874305293392,178.24867803663335,0.9957038539156802,10.409354015840638
13112.0,116.16864013671875,559.5139842162384,-1.024588963182631,-575.7779042129428,559.5139842162384,575.7779042129428,381.26530635468583,-2.020292118982373,-586.1872592486119,178.2486778615526,0.9957031557997418,10.409355035669106
13120.0,116.23956298828125,559.5140590101475,-1.024633648979988,-575.778014090192,559.5140590101475,575.778014090192,381.26538128303673,-2.0203371000141854,-586.1873687985527,178.24867772711087,0.9957034510341973,10.40935470836077
13128.0,116.31048583984375,559.5141207150472,-1.024663112105642,-575.7780807892217,559.5141207150472,575.7780807892217,381.26544293064876,-2.0203663597586297,-586.1874356126611,178.2486777843984,0.9957032476529877,10.40935482343944
13136.0,116.38140869140625,559.5141558327884,-1.0247097521114803,-575.7781214639821,559.5141558327884,575.7781214639821,381.26547814524326,-2.020413333316543,-586.1874764110723,178.24867768754513,0.9957035812050625,10.409354947090268
13144.0,116.45233154296875,559.514217091676,-1.0247325935460854,-575.7780728094255,559.514217091676,575.7780728094255,381.26553942483224,-2.0204365092839094,-586.1874274103748,178.24867766684375,0.995703915737824,10.409354600949358
13152.0,116.52325439453125,559.5143903549558,-1.0248080078580504,-575.7781890682276,559.5143903549558,575.7781890682276,381.26571271672174,-2.0205112546834005,-586.1875435272766,178.2486776382341,0.9957032468253502,10.409354459049046
13160.0,116.59417724609375,559.5143437675761,-1.0248203105598552,-575.778274593876,559.5143437675761,575.778274593876,381.26566632232857,-2.0205238865432555,-586.1876292666191,178.24867744524744,0.9957035759834003,10.409354672743158
13168.0,116.66510009765625,559.5144357766023,-1.0248976982396774,-575.7782911892211,559.5144357766023,575.7782911892211,381.26575843665944,-2.020601113547937,-586.1876458913043,178.24867733994296,0.9957034153082596,10.409354702083217
13176.0,116.73602294921875,559.5144816167194,-1.0248811293380329,-575.7783083467069,559.5144816167194,575.7783083467069,381.2658046097994,-2.0205846117206847,-586.1876629626431,178.24867700692008,0.9957034823826518,10.409354615936195
13184.0,116.80694580078125,559.5145607632492,-1.0249253339415976,-575.7783382415497,559.5145607632492,575.7783382415497,381.2658838085156,-2.020628982546616,-586.1876928740019,178.24867695473358,0.9957036486050184,10.40935463245213
13192.0,116.87786865234375,559.5146506372313,-1.0249365861705924,-575.778504150716,559.5146506372313,575.778504150716,381.26597346578683,-2.020640381984366,-586.1878585131988,178.24867717144446,0.9957037958137738,10.409354362482743
13200.0,116.94879150390625,559.5146198123502,-1.0250011451164394,-575.7783437898532,559.5146198123502,575.7783437898532,381.26594314564085,-2.020704658689371,-586.1876989180621,178.24867666670934,0.9957035135729315,10.409355128208855
13208.0,117.01971435546875,559.5147528388623,-1.0250599146192343,-575.7785287956743,559.5147528388623,575.7785287956743,381.2660756893604,-2.0207630758354114,-586.1878827238145,178.24867714950187,0.9957031612161771,10.409353928140114
13216.0,117.09063720703125,559.5148359730462,-1.0251115156698605,-575.7786659222558,559.5148359730462,575.7786659222558,381.2661584391872,-2.0208150840554113,-586.1880201183321,178.24867753385894,0.9957035683855509,10.409354196076382
13224.0,117.16156005859375,559.5148286222723,-1.0251339459818647,-575.7784990822613,559.5148286222723,575.7784990822613,381.26615140532704,-2.0208374539570153,-586.187853697304,178.24867721694517,0.9957035079751506,10.40935461504276
13232.0,117.23248291015625,559.5149186683327,-1.0251976731800454,-575.778673251932,559.5149186683327,575.778673251932,381.2662420087361,-2.020900943758777,-586.1880272734459,178.24867665959653,0.9957032705787316,10.409354021513858
13240.0,117.30340576171875,559.5149679280694,-1.0251895316206232,-575.7785996601816,559.5149679280694,575.7785996601816,381.26629065068056,-2.020893390209471,-586.1879545160282,178.24867727738882,0.9957038585888478,10.409354855846553
13248.0,117.37432861328125,559.5149954072804,-1.0252959268841964,-575.7785994612639,559.5149954072804,575.7785994612639,381.2663186867398,-2.0209990818326378,-586.1879538142324,178.24867672054052,0.9957031549484414,10.409354352968535
13256.0,117.44525146484375,559.5150618954037,-1.0253237978804957,-575.778712447003,559.5150618954037,575.778712447003,381.2663850894535,-2.0210276107147886,-586.1880668476226,178.24867680595028,0.995703812834293,10.409354400619575
13264.0,117.51617431640625,559.5151300080169,-1.0253391593859984,-575.7787941670268,559.5151300080169,575.7787941670268,381.26645308150313,-2.021042736926378,-586.188148495869,178.24867692651372,0.9957035775403797,10.40935432884217
13272.0,117.58709716796875,559.5151679088101,-1.025379058124949,-575.7786505252174,559.5151679088101,575.7786505252174,381.2664914146485,-2.0210828532362357,-586.1880052623712,178.24867649416163,0.9957037951112868,10.409354737153858
13280.0,117.65802001953125,559.5152889041876,-1.0254378435038234,-575.7789278029041,559.5152889041876,575.7789278029041,381.26661214318733,-2.0211414440186903,-586.1882821952101,178.24867676100027,0.995703600514867,10.409354392306007
13288.0,117.72894287109375,559.5153683316869,-1.0254381993896224,-575.778975927427,559.5153683316869,575.778975927427,381.2666915740964,-2.0211420939288054,-586.1883303543655,178.2486767575905,0.995703894539183,10.409354426938453
13296.0,117.79986572265625,559.5154306611832,-1.0255275947798705,-575.7790283811775,559.5154306611832,575.7790283811775,381.2667537242959,-2.0212309897742826,-586.1883829365061,178.24867693688742,0.9957033949944121,10.409354555328616
13304.0,117.87078857421875,559.5154125303775,-1.0255458707707956,-575.7788492330875,559.5154125303775,575.7788492330875,381.26673554878624,-2.021249496114103,-586.1882041145964,178.2486769815912,0.9957036253433076,10.409354881508843
13312.0,117.94171142578125,559.5155197355164,-1.0256018204145647,-575.7790555694086,559.5155197355164,575.7790555694086,381.26684285747865,-2.02130523872386,-586.1884102031578,178.24867687803766,0.9957034183092954,10.409354633749185
13320.0,118.01263427734375,559.5156005695985,-1.0256395730520662,-575.7790660094471,559.5156005695985,575.7790660094471,381.26692349289203,-2.0213431383711935,-586.1884207190543,178.24867707670643,0.9957035653191273,10.409354709607266
13328.0,118.08355712890625,559.5156319661787,-1.0256944492837716,-575.7790875330682,559.5156319661787,575.7790875330682,381.26695520641744,-2.0213978372412402,-586.1884422607845,178.24867675976125,0.9957033879574686,10.409354727716403
13336.0,118.15443420410156,559.515684064756,-1.0257237358989135,-575.7791164035905,559.515684064756,575.7791164035905,381.267007083948,-2.0214274062211697,-586.1884712648541,178.24867698080806,0.9957036703222562,10.40935486126361
13344.0,118.22531127929688,559.515760284032,-1.0257521425092717,-575.7792528902676,559.515760284032,575.7792528902676,381.26708335631145,-2.0214554504276308,-586.1886075900137,178.24867692772062,0.995703307918359,10.409354699746098
13352.0,118.29623413085938,559.5158057718437,-1.0257864960063463,-575.7792825593178,559.5158057718437,575.7792825593178,381.2671286590315,-2.0214901196183774,-586.1886371949058,178.24867711281217,0.9957036236120311,10.409354635588016
13360.0,118.36715698242188,559.5158992731447,-1.0258413165235805,-575.7793801131584,559.5158992731447,575.7793801131584,381.2672221554268,-2.0215450374812365,-586.1887347960064,178.24867711771782,0.995703720957656,10.409354682848047
13368.0,118.43807983398438,559.5159872816849,-1.0258813651175078,-575.7794554254535,559.5159872816849,575.7794554254535,381.2673099969897,-2.0215848949926327,-586.1888098188251,178.24867728469525,0.9957035298751249,10.409354393371585
13376.0,118.50900268554688,559.5160370232109,-1.0259274678537311,-575.7794647940258,559.5160370232109,575.7794647940258,381.26736000680717,-2.02163125076825,-586.1888193276018,178.2486770164037,0.9957037829145188,10.409354533575948
13384.0,118.57992553710938,559.5161021624955,-1.025959183183721,-575.7794449192581,559.5161021624955,575.7794449192581,381.2674252609023,-2.0216627490884376,-586.1887995175434,178.24867690159317,0.9957035659047166,10.40935459828525
13392.0,118.65084838867188,559.5161363158027,-1.0260157041933358,-575.7794669374445,559.5161363158027,575.7794669374445,381.267459620287,-2.0217192039544782,-586.1888218890255,178.2486766955157,0.9957034997611425,10.409354951580982
13400.0,118.72177124023438,559.5161572495513,-1.0260470908354122,-575.7795516421467,559.5161572495513,575.7795516421467,381.26748032626557,-2.0217509464482166,-586.1889058969066,178.24867692328576,0.9957038556128044,10.409354254759931
13408.0,118.79269409179688,559.5162588500173,-1.026082469789885,-575.7795601013918,559.5162588500173,575.7795601013918,381.26758119554563,-2.021786223161321,-586.1889150294317,178.24867765447163,0.9957037533714361,10.409354928039896
13416.0,118.86361694335938,559.5163458612826,-1.026113876267809,-575.779636051424,559.5163458612826,575.779636051424,381.2676681045309,-2.0218174911532865,-586.1889906273807,178.24867775675165,0.9957036148854774,10.409354575956753
13424.0,118.93453979492188,559.5163893102631,-1.0261698786172726,-575.7796907531815,559.5163893102631,575.7796907531815,381.2677117839461,-2.0218734347710523,-586.1890451310192,178.24867752631698,0.9957035561537797,10.409354377837664
13432.0,119.00546264648438,559.5164839986826,-1.0262283066079974,-575.779774033936,559.5164839986826,575.779774033936,381.26780633388466,-2.0219319451993503,-586.1891286393784,178.24867766479798,0.9957036385913529,10.40935460544241
13440.0,119.07638549804688,559.5164649277116,-1.026238051245441,-575.7796391921446,559.5164649277116,575.7796391921446,381.26778806697297,-2.021941871159126,-586.1889942060251,178.2486768607386,0.9957038199136852,10.409355013880484
13448.0,119.14730834960938,559.5165595432732,-1.0262837879886098,-575.7797579646636,559.5165595432732,575.7797579646636,381.2678821800917,-2.0219877355841476,-586.1891126950734,178.24867736318146,0.9957039475955378,10.409354730409692
13456.0,119.21823120117188,559.5166546892896,-1.0263143000588268,-575.7798880814377,559.5166546892896,575.7798880814377,381.26797681728965,-2.0220180380490156,-586.1892429270325,178.2486778719999,0.9957037379901887,10.409354845594908
13464.0,119.28915405273438,559.5166959297844,-1.0263744818744192,-575.7799866660205,559.5166959297844,575.7799866660205,381.2680183391526,-2.0220781814082818,-586.1893409605308,178.24867759063176,0.9957036995338626,10.409354294510296
13472.0,119.36007690429688,559.5167740288966,-1.0264050971493957,-575.7799496617581,559.5167740288966,575.7799496617581,381.2680960792553,-2.022108864960204,-586.1893041812793,178.24867794964132,0.9957037678108085,10.409354519521283
13480.0,119.43099975585938,559.5168315009857,-1.0264550955936569,-575.7799598442333,559.5168315009857,575.7799598442333,381.26815414439204,-2.0221592041022562,-586.1893147101836,178.24867735659376,0.9957041085085994,10.409354865950307
13488.0,119.50192260742188,559.516843175411,-1.0264971374045988,-575.7799745639401,559.516843175411,575.7799745639401,381.26816559748295,-2.0222006350440056,-586.1893288047936,178.2486775779281,0.9957034976394068,10.409354240853492
13496.0,119.57284545898438,559.5169589669181,-1.0265343041952955,-575.7801314050625,559.5169589669181,575.7801314050625,381.2682813842345,-2.0222381246269467,-586.1894855653077,178.24867758268357,0.9957038204316513,10.409354160245076
13504.0,119.64376831054688,559.5170464048647,-1.0265614919344968,-575.7802485941761,559.5170464048647,575.7802485941761,381.26836850375435,-2.022264982462101,-586.1896028532342,178.24867790111028,0.9957034905276041,10.409354259058059
13512.0,119.71469116210938,559.5170378073958,-1.0266075192157462,-575.7800919479995,559.5170378073958,575.7800919479995,381.2683601781945,-2.0223110882274256,-586.189446617653,178.24867762920127,0.9957035690116793,10.409354669653453
13520.0,119.78561401367188,559.5171576399373,-1.0266778520253483,-575.7803295556773,559.5171576399373,575.7803295556773,381.26847997751554,-2.0223810507223305,-586.1896838950696,178.24867766242178,0.9957031986969822,10.409354339392278
13528.0,119.85653686523438,559.5171829704448,-1.0266979395767306,-575.7802953677691,559.5171829704448,575.7802953677691,381.2685052999582,-2.0224012235776136,-586.1896497154191,178.24867767048653,0.995703284000883,10.409354347649991
13536.0,119.92745971679688,559.5172890150445,-1.0267449383061722,-575.7803876020328,559.5172890150445,575.7803876020328,381.26861131773285,-2.0224484571652894,-586.189741764027,178.24867769731173,0.9957035188591172,10.409354161994175
13544.0,119.99838256835938,559.5173695217445,-1.026774572153066,-575.7804661800297,559.5173695217445,575.7804661800297,381.2686917584266,-2.0224778293988575,-586.1898204616007,178.24867776331791,0.9957032572457916,10.40935428157091
13545.0,120.00724792480469,559.5173217074637,-1.0267692738812855,-575.7802758378813,559.5173217074637,575.7802758378813,381.26864413758733,-2.0224726584486987,-586.1896307500036,178.2486775698764,0.9957033845674133,10.409354912122303
