step,t_u_l,fx_solver,fy_solver,fz_solver,drag_solver,downforce_solver,pressure_fx_solver,pressure_fy_solver,pressure_fz_solver,viscous_fx_solver,viscous_fy_solver,viscous_fz_solver
8.0,0.09039091318845749,544.8171078243367,18.154691185222955,-284.9856291509659,544.8171078243367,284.9856291509659,327.4849968821494,17.664747761799553,-311.6521955241486,217.3321109421873,0.48994342342340147,26.666566373182704
16.0,0.18707525730133057,448.4031983185595,17.26383566821471,-271.0501540297454,448.4031983185595,271.0501540297454,279.87651893446395,16.557077277675994,-293.58884439813426,168.52667938409553,0.7067583905387154,22.538690368388853
24.0,0.2866756021976471,415.80161332336036,16.62469180454336,-286.1943331187317,415.80161332336036,286.1943331187317,270.57793003456953,15.72077338904726,-306.4822881803707,145.22368328879085,0.9039184154961011,20.28795506163894
32.0,0.388978511095047,382.04282014966304,16.233429194782712,-289.9137057352105,382.04282014966304,289.9137057352105,250.84084262323856,15.169925492336645,-308.2074381165539,131.2019775264245,1.0635037024460656,18.29373238134335
40.0,0.49274134635925293,363.70396296439145,15.92092698478578,-299.39659709477684,363.70396296439145,299.39659709477684,241.87500517875282,14.734525513243542,-315.83178594964295,121.82895778563865,1.186401471542239,16.435188854866087
48.0,0.5977398157119751,351.9100985407034,15.86502746303865,-307.303837453952,351.9100985407034,307.303837453952,236.67689525744697,14.587503205652837,-322.07428262716724,115.23320328325646,1.2775242573858128,14.770445173215226
56.0,0.7037631869316101,343.8931781093067,15.631938924208047,-314.91726969795354,343.8931781093067,314.91726969795354,233.48938018201133,14.286344439508753,-328.2377504123608,110.40379792729536,1.3455944846992942,13.320480714407282
64.0,0.8104646801948547,337.56215190636874,15.566724144803562,-320.2907570589661,337.56215190636874,320.2907570589661,230.8241790015412,14.16987222678376,-332.35608546192384,106.73797290482756,1.3968519180198031,12.065328402957753
72.0,0.9178038239479065,331.50243716817033,15.578585518219203,-323.2281353648681,331.50243716817033,323.2281353648681,227.6711511487243,14.14241457865839,-334.2178250958933,103.831286019446,1.4361709395608138,10.989689731025251
80.0,1.025736689567566,326.45362461128525,15.433260832527473,-325.4707276570301,326.45362461128525,325.4707276570301,224.9952206833922,13.96685021548154,-335.5384052947956,101.45840392789303,1.4664106170459341,10.067677637765463
88.0,1.1341191530227661,322.5314777847006,15.353811138873006,-326.77201768142845,322.5314777847006,326.77201768142845,223.00761943244564,13.863732036346818,-336.06200777407525,99.52385835225498,1.4900791025261881,9.289990092646818
96.0,1.2428572177886963,319.81091925165555,15.31094810552382,-327.8025209289935,319.81091925165555,327.8025209289935,221.82020892986534,13.802151756459121,-336.45114719679736,97.9907103217902,1.5087963490646983,8.648626267803877
104.0,1.3518792390823364,317.6324310887662,15.204936659260937,-328.2701872002272,317.6324310887662,328.2701872002272,220.8396183781121,13.680956396593174,-336.3992117763347,96.79281271065409,1.5239802626677637,8.129024576107497
112.0,1.4611245393753052,315.298300924713,15.147286344500142,-327.6972678443101,315.298300924713,327.6972678443101,219.46947166548006,13.612115628833967,-335.4134334078539,95.82882925923289,1.5351707156661738,7.716165563543797
120.0,1.5705605745315552,312.55795979155357,15.080411133189884,-326.0621814520906,312.55795979155357,326.0621814520906,217.55477564530503,13.536953344641178,-333.4571204587078,95.00318414624851,1.5434577885487046,7.394939006617136
128.0,1.6801605224609375,309.95198254952584,14.950636061125941,-324.09388783248176,309.95198254952584,324.09388783248176,215.67703838950632,13.40151594762576,-331.2464109172926,94.27494416001952,1.5491201135001793,7.152523084810866
136.0,1.7898916006088257,307.94443503130117,14.836876355754214,-322.14483671787985,307.94443503130117,322.14483671787985,214.2864682454483,13.284476443579026,-329.1269589392147,93.65796678585288,1.552399912175189,6.982122221334848
144.0,1.8997281789779663,306.62302443717147,14.729796129946582,-320.4557121194388,306.62302443717147,320.4557121194388,213.44967280231458,13.175797541769521,-327.33329369455953,93.1733516348569,1.55399858817706,6.877581575120772
152.0,2.0096375942230225,305.60190674922546,14.613832242035288,-318.84906230862134,305.60190674922546,318.84906230862134,212.79586184143005,13.059555479046711,-325.6762562889501,92.80604490779544,1.554276762988577,6.827193980328815
160.0,2.1195895671844482,304.38210048006556,14.520175534505366,-316.93396075571076,304.38210048006556,316.93396075571076,211.8760332876399,12.966626852385563,-323.75057456496324,92.50606719242565,1.5535486821198035,6.81661380925248
168.0,2.2295656204223633,302.8759707248264,14.41957316029512,-314.76403671319946,302.8759707248264,314.76403671319946,210.6518967745605,12.867527545400243,-321.5954169258721,92.22407395026593,1.552045614894877,6.831380212672627
176.0,2.33955979347229,301.42223323388237,14.300145579032872,-312.6783742140768,301.42223323388237,312.6783742140768,209.47493766195174,12.750378811572496,-319.54025382604544,91.94729557193062,1.5497667674603752,6.861879611968632
184.0,2.4495697021484375,300.3788792423418,14.190801654666188,-310.9631804750439,300.3788792423418,310.9631804750439,208.68033346105278,12.644014971258322,-317.8673522808868,91.69854578128898,1.5467866834078663,6.904171805842928
192.0,2.5595896244049072,299.78868322013193,14.091254349678774,-309.6828893589841,299.78868322013193,309.6828893589841,208.28625893261597,12.547834924076565,-316.63891321816334,91.50242428751594,1.54341942560221,6.956023859179247
200.0,2.6696090698242188,299.3577835012083,14.001966655134826,-308.61369206826066,299.3577835012083,308.61369206826066,208.00186271154797,12.462066361810319,-315.62714527077617,91.35592078966032,1.5399002933245078,7.013453202515535
208.0,2.779618263244629,298.74660671984924,13.927912412170464,-307.4722005154952,298.74660671984924,307.4722005154952,207.51694699093218,12.391604390566958,-314.5428079274957,91.22965972891707,1.5363080216035065,7.07060741200047
216.0,2.8896141052246094,297.9093186629745,13.852630291046792,-306.2479077965165,297.9093186629745,306.2479077965165,206.81442898010283,12.31989567766578,-313.3699770692126,91.09488968287167,1.5327346133810114,7.122069272696137
224.0,2.9996001720428467,297.09244441388853,13.772802013743075,-305.14244554709285,297.09244441388853,305.14244554709285,206.1439544192916,12.243698920719208,-312.3082257325186,90.94848999459694,1.529103093023867,7.165780185425795
232.0,3.1095807552337646,296.5531062343815,13.699485624988302,-304.3417079486269,296.5531062343815,304.3417079486269,205.74203126896987,12.174079564119744,-311.54499538830964,90.81107496541168,1.5254060608685585,7.203287439682725
240.0,3.2195560932159424,296.3137827950576,13.63570754397267,-303.8551891877606,296.3137827950576,303.8551891877606,205.61094268427416,12.113944313527082,-311.09196795414107,90.70284011078344,1.521763230445588,7.2367787663804855
248.0,3.329522132873535,296.15492018412976,13.583283097306094,-303.49025092078205,296.15492018412976,303.49025092078205,205.53187344570594,12.06497740872765,-310.75688346461294,90.62304673842382,1.518305688578443,7.266632543830873
256.0,3.4394752979278564,295.8424694075709,13.539825651307378,-303.0476494659186,295.8424694075709,303.0476494659186,205.29056546288396,12.024743148881855,-310.3389416081931,90.55190394468694,1.515082502425524,7.29129214227455
264.0,3.5494163036346436,295.3542893032658,13.495796358256598,-302.51274811952334,295.3542893032658,302.51274811952334,204.88360950318844,11.9837404543853,-309.8218725267168,90.47067980007735,1.5120559038712988,7.309124407193444
272.0,3.6593496799468994,294.87149446752176,13.449408458751552,-302.02573694448415,294.87149446752176,302.02573694448415,204.4925490133348,11.940247667985343,-309.3462351249141,90.37894545418695,1.5091607907662103,7.320498180429915
280.0,3.7692794799804688,294.57827290223537,13.4056810724592,-301.7215442483982,294.57827290223537,301.7215442483982,204.2857551388633,11.899288353460928,-309.04938514805417,90.29251776337208,1.5063927189982724,7.327840899655989
288.0,3.8792076110839844,294.48409361989695,13.368024286455634,-301.59691029377933,294.48409361989695,301.59691029377933,204.25802526969844,11.864225510908526,-308.9305462018275,90.22606835019849,1.503798775547109,7.333635908048166
296.0,3.9891319274902344,294.4277475041067,13.337673826829356,-301.5112902476634,294.4277475041067,301.5112902476634,204.2489485264178,11.836230410280304,-308.84999457634774,90.17879897768891,1.5014434165490522,7.338704328684329
304.0,4.099050045013428,294.24811590078576,13.311420242437027,-301.3318687366831,294.24811590078576,301.3318687366831,204.11159406481477,11.812084346132792,-308.6740929909539,90.136521835971,1.4993358963042356,7.342224254270825
312.0,4.208962440490723,293.9369781076821,13.283616003206463,-301.0550591406765,293.9369781076821,301.0550591406765,203.85068173585182,11.786186383332861,-308.3982843091082,90.08629637183029,1.4974296198736017,7.343225168431658
320.0,4.318873882293701,293.6281102657867,13.25328155491583,-300.78815308457337,293.6281102657867,300.78815308457337,203.59964962590487,11.757597736923696,-308.1301911185275,90.0284606398818,1.4956838179921341,7.342038033954097
328.0,4.428784370422363,293.45253743201135,13.223854201583595,-300.63153534202826,293.45253743201135,300.63153534202826,203.47794055907883,11.729773826107438,-307.9718129686189,89.97459687293254,1.4940803754761571,7.3402776265906695
336.0,4.538698196411133,293.4115097412825,13.198343180446624,-300.58069554827193,293.4115097412825,300.58069554827193,203.4765828457639,11.705715753495328,-307.92019135826143,89.9349268955186,1.4926274269512971,7.339495809989494
344.0,4.648611545562744,293.38799173264,13.177694269520522,-300.5379265817536,293.38799173264,300.5379265817536,203.4796136382647,11.686332116789625,-307.8778903361269,89.9083780943753,1.491362152730897,7.339963754373279
352.0,4.7585225105285645,293.2705249006374,13.159276100908397,-300.4152241210801,293.2705249006374,300.4152241210801,203.3859893513376,11.668994744694729,-307.7560057423557,89.88453554929978,1.4902813562136683,7.3407816212756245
360.0,4.868431091308594,293.05880343507,13.139623273036667,-300.2166518715479,293.05880343507,300.2166518715479,203.2044182972769,11.650278711134455,-307.55762417493474,89.8543851377931,1.4893445619022134,7.340972303386806
368.0,4.978340148925781,292.851468210129,13.118250491278726,-300.0240654033105,292.851468210129,300.0240654033105,203.03290057517734,11.62973452133715,-307.3646159557409,89.81856763495166,1.4885159699415764,7.340550552430358
376.0,5.08825159072876,292.74046431078193,13.097396852973453,-299.90978163622174,292.74046431078193,299.90978163622174,202.95496226682943,11.609621339587212,-307.2501984363726,89.78550204395253,1.4877755133862407,7.340416800150896
384.0,5.1981658935546875,292.7229953296708,13.07968902610664,-299.86859668912183,292.7229953296708,299.86859668912183,202.96068170022673,11.592550332025695,-307.21003055921454,89.7623136294441,1.4871386940809455,7.341433870092736
392.0,5.308080196380615,292.713907696807,13.0655843558186,-299.8307520035932,292.713907696807,299.8307520035932,202.9660159384091,11.578962662760752,-307.1743197470358,89.74789175839788,1.486621693057848,7.343567743442577
400.0,5.417994022369385,292.634950932074,13.053033237559177,-299.7351415110566,292.634950932074,299.7351415110566,202.90028762452334,11.566816531444744,-307.081135277065,89.73466330755065,1.4862167061144334,7.345993766008398
408.0,5.5279083251953125,292.4899305486175,13.039787338750259,-299.58853661833876,292.4899305486175,299.58853661833876,202.773555037496,11.55389177601142,-306.93644935383134,89.71637551112151,1.4858955627388388,7.347912735492571
416.0,5.63782262802124,292.3507890165751,13.025399455481054,-299.45036231679444,292.3507890165751,299.45036231679444,202.6570081376738,11.539777453056244,-306.799632790647,89.6937808789013,1.485622002424809,7.34927047385257
424.0,5.747732162475586,292.282214687905,13.011614754971859,-299.3716351314279,292.282214687905,299.3716351314279,202.60913200232426,11.526231641598956,-306.72231220796857,89.67308268558074,1.4853831133729036,7.350677076540656
432.0,5.857646465301514,292.27863317614293,13.000293896465983,-299.34535363328763,292.27863317614293,299.34535363328763,202.6194029953023,11.515101793247284,-306.69805323915944,89.65923018084064,1.485192103218698,7.352699605871784
440.0,5.967560291290283,292.2778857638224,12.991553998221166,-299.32087156772616,292.2778857638224,299.32087156772616,202.62667256840987,11.50649552984947,-306.6761413123743,89.65121319541248,1.4850584683716956,7.355269744648147
448.0,6.077474594116211,292.22578230334045,12.983945715476988,-299.2557243229733,292.22578230334045,299.2557243229733,202.5822365708677,11.498966152045094,-306.6134994382401,89.64354573247272,1.4849795634318932,7.357775115266811
456.0,6.1873908042907715,292.1271050262004,12.975806052674407,-299.1559588978415,292.1271050262004,299.1559588978415,202.4951828302122,11.490872735863404,-306.5156296112094,89.63192219598821,1.4849333168110048,7.359670713367898
464.0,6.297304630279541,292.0350004867438,12.96690801656263,-299.0654052968215,292.0350004867438,299.0654052968215,202.41785375688045,11.482010151709831,-306.42636494115237,89.61714672986332,1.4848978648528002,7.360959644330862
472.0,6.407218933105469,291.9937756903522,12.958468497723665,-299.0185624103595,291.9937756903522,299.0185624103595,202.39003604941144,11.473600176935335,-306.3806750498529,89.60373964094079,1.4848683207883289,7.362112639493439
480.0,6.5171332359313965,291.99787679072574,12.951711164091947,-299.0090276961522,291.99787679072574,299.0090276961522,202.40273854829627,11.466856199038453,-306.37257414420617,89.59513824242944,1.4848549650534935,7.363546448053967
488.0,6.627046585083008,292.0016522635562,12.946764818877783,-298.9992734808966,292.0016522635562,298.9992734808966,202.41116923737397,11.461897440526391,-306.3644977117516,89.59048302618223,1.4848673783513924,7.365224230855006
496.0,6.7369608879089355,291.9676065773543,12.942430925059124,-298.9598570989021,291.9676065773543,298.9598570989021,202.38179557143388,11.457528896701104,-306.3265871206811,89.58581100592039,1.4849020283580199,7.366730021778984
504.0,6.846874713897705,291.9009783074357,12.937566096921953,-298.89653347667127,291.9009783074357,298.89653347667127,202.32280396996032,11.452620927805722,-306.2642460289925,89.57817433747542,1.4849451691162319,7.367712552321194
512.0,6.956789016723633,291.8403188745686,12.932080981675561,-298.84067487157176,291.8403188745686,298.84067487157176,202.27202137225555,11.447096442515504,-306.2088922662481,89.56829750231304,1.4849845391600587,7.368217394676343
520.0,7.066699981689453,291.8164815817403,12.926833252777461,-298.81620264314455,291.8164815817403,298.81620264314455,202.25700502140094,11.441816677357343,-306.18481394095886,89.5594765603393,1.4850165754201186,7.368611297814326
528.0,7.176614284515381,291.82399150288194,12.922709002996346,-298.8172963819386,291.82399150288194,298.8172963819386,202.26988894226474,11.437659658843314,-306.18650231708534,89.5541025606172,1.4850493441530315,7.369205935146759
536.0,7.28652811050415,291.8295802800454,12.919714176035047,-298.8163473411816,291.8295802800454,298.8163473411816,202.27815805137084,11.434623577775982,-306.18632337711813,89.55142222867455,1.485090598259064,7.369976035936524
544.0,7.396442413330078,291.80714017354086,12.917091047120492,-298.7930958025396,291.80714017354086,298.7930958025396,202.25854104642664,11.431950714931833,-306.16373241344155,89.54859912711422,1.4851403321886583,7.370636610901954
552.0,7.50635290145874,291.762049965115,12.913936071336003,-298.7527959032077,291.762049965115,298.7527959032077,202.21847556270862,11.428746308290073,-306.1237468902946,89.54357440240642,1.4851897630459314,7.370950987086921
560.0,7.61626672744751,291.72200765997206,12.91029221710173,-298.71807292180307,291.72200765997206,298.71807292180307,202.18500210265398,11.425063554024494,-306.08904645040536,89.53700555731808,1.485228663077236,7.370973528602306
568.0,7.7261810302734375,291.7086072963748,12.906796272785144,-298.7054617900266,291.7086072963748,298.7054617900266,202.17735340710496,11.421538893456836,-306.07643449498255,89.53125388926986,1.4852573793283073,7.370972704955925
576.0,7.836095333099365,291.7165556362669,12.904063547629601,-298.7097618570457,291.7165556362669,298.7097618570457,202.1885726039702,11.418781620950588,-306.08093190757165,89.52798303229669,1.4852819266790123,7.371170050525933
584.0,7.946002960205078,291.7220206001215,12.902118209221442,-298.71141989729284,291.7220206001215,298.71141989729284,202.1954623531217,11.416808772910173,-306.0829551321624,89.52655824699978,1.4853094363112689,7.371535234869569
592.0,8.055916786193848,291.70695992675786,12.90032698493867,-298.6963905236196,291.70695992675786,298.6963905236196,202.18204214005007,11.414987211815678,-306.0682475461546,89.52491778670777,1.485339773122993,7.371857022535018
600.0,8.165831565856934,291.67589951909065,12.898154126830335,-298.6689977824837,291.67589951909065,298.6689977824837,202.15423539473903,11.412788360742569,-306.04096840212856,89.52166412435162,1.4853657660877646,7.371970619644859
608.0,8.275745391845703,291.64938772231596,12.895613808727628,-298.6460654781892,291.64938772231596,298.6460654781892,202.13205198773505,11.410230097642783,-306.0179833309288,89.51733573458091,1.4853837110848445,7.371917852739639
616.0,8.385651588439941,291.6417846134948,12.893189474287958,-298.6386151977364,291.6417846134948,298.6386151977364,202.128142136684,11.40779671224433,-306.0105047067545,89.51364247681076,1.4853927620436282,7.371889509018093
624.0,8.495566368103027,291.6489861172605,12.891313153684642,-298.6426907910503,291.6489861172605,298.6426907910503,202.13727525064849,11.405915329768348,-306.0147232419108,89.51171086661202,1.485397823916295,7.372032450860509
632.0,8.605480194091797,291.65341150447034,12.890007759799834,-298.6439516160816,291.65341150447034,298.6439516160816,202.1423813116948,11.404603338004927,-306.0162639034496,89.51103019277551,1.4854044217949074,7.372312287367979
640.0,8.715394020080566,291.64304531896846,12.888796599958113,-298.63307177804154,291.64304531896846,298.63307177804154,202.1329235348983,11.403384077495614,-306.0056432923759,89.51012178407012,1.4854125224624979,7.372571514334364
648.0,8.825303077697754,291.6213740136811,12.88726283877194,-298.6135280736494,291.6213740136811,298.6135280736494,202.11336064793534,11.401845560177692,-305.9862175745715,89.50801336574573,1.4854172785942488,7.372689500922139
656.0,8.93521785736084,291.60352896159884,12.88552713729844,-298.5976108407664,291.60352896159884,298.5976108407664,202.09836552255356,11.400110924404915,-305.970311932428,89.50516343904528,1.4854162128935255,7.372701091661636
664.0,9.04513168334961,291.59941122967916,12.883901792952965,-298.5928305608231,291.59941122967916,298.5928305608231,202.09661675450843,11.398493126346924,-305.9655697678545,89.50279447517075,1.4854086666060418,7.372739207031415
672.0,9.155045509338379,291.6054988528614,12.88265536414582,-298.5961579604404,291.6054988528614,298.5961579604404,202.10382359704465,11.397255999090927,-305.9690581620458,89.50167525581674,1.4853993650548942,7.372900201605415
680.0,9.26495361328125,291.6089425014384,12.881829482845307,-298.5968589193946,291.6089425014384,298.5968589193946,202.10754326489536,11.396437776228034,-305.97001286694694,89.50139923654302,1.4853917066172735,7.373153947552318
688.0,9.37486743927002,291.6014184530848,12.88105103456584,-298.58875538013086,291.6014184530848,298.58875538013086,202.10052914076556,11.395665246655147,-305.96213745097043,89.50088931231927,1.4853857879106915,7.373382070839586
696.0,9.484782218933105,291.58644800192496,12.880037591634347,-298.5749471379181,291.58644800192496,298.5749471379181,202.08694300808992,11.394659206514852,-305.94844963238205,89.49950499383503,1.4853783851194948,7.373502494463956
704.0,9.594696044921875,291.5745743005703,12.878896374297156,-298.5641160111669,291.5745743005703,298.5641160111669,202.07696861397383,11.393529360109238,-305.9376582446604,89.49760568659649,1.4853670141879176,7.373542233493502
712.0,9.704605102539062,291.57253381556137,12.877823998671191,-298.5613328868569,291.57253381556137,298.5613328868569,202.07646008533476,11.392471443343062,-305.9349304414071,89.49607373022661,1.485352555328129,7.373597554550205
720.0,9.814518928527832,291.57726539686837,12.877017488085624,-298.56391013873844,291.57726539686837,298.56391013873844,202.08184243639545,11.391679684972893,-305.93764555020914,89.4954229604729,1.4853378031127318,7.373735411470694
728.0,9.924433708190918,291.5798562212024,12.876543091501269,-298.56445984434316,291.5798562212024,298.56445984434316,202.08452063873608,11.391218168639254,-305.9383885133119,89.49533558246634,1.4853249228620151,7.373928668968748
736.0,10.034347534179688,291.57464089707935,12.876034543514882,-298.55884569013597,291.57464089707935,298.55884569013597,202.07959090792093,11.390720682500419,-305.9329413477657,89.49504998915845,1.4853138610144634,7.374095657629688
744.0,10.144256591796875,291.56416561624917,12.875395681345763,-298.5492550198276,291.56416561624917,298.5492550198276,202.0700394822379,11.390093084926283,-305.9234331941525,89.4941261340113,1.4853025964194793,7.374178174324843
752.0,10.254170417785645,291.5564237753779,12.874642720237109,-298.54220034708146,291.5564237753779,298.54220034708146,202.0635697616935,11.38935308467477,-305.91640289706436,89.4928540136844,1.485289635562339,7.374202549982908
760.0,10.36408519744873,291.55545020486437,12.873977074883749,-298.5405912248764,291.55545020486437,298.5405912248764,202.06359006087598,11.388702210817339,-305.9148290713691,89.49186014398838,1.4852748640664106,7.374237846492758
768.0,10.4739990234375,291.55941176339593,12.873469821128005,-298.5430664955315,291.55941176339593,298.5430664955315,202.06791572075713,11.388209286255195,-305.91739432835993,89.49149604263881,1.4852605348728103,7.3743278328284205
776.0,10.583908081054688,291.5610604805401,12.873206566072597,-298.54342245436305,291.5610604805401,298.54342245436305,202.06956995185294,11.38795751826656,-305.9178741147681,89.49149052868717,1.4852490478060365,7.374451660405057
784.0,10.693821907043457,291.5575017986454,12.872875494984783,-298.5396646240828,291.5575017986454,298.5396646240828,202.06617978002592,11.387636715726439,-305.91422062604585,89.49132201861946,1.4852387792583444,7.374556001963068
792.0,10.803736686706543,291.5502335739585,12.872492383770583,-298.5330365274822,291.5502335739585,298.5330365274822,202.05953794710652,11.38726278688839,-305.90763219437076,89.49069562685202,1.4852295968821916,7.374595666888581
800.0,10.913650512695312,291.54527646029555,12.871974937829616,-298.5286844618801,291.54527646029555,298.5286844618801,202.05542293610023,11.38675592180149,-305.90328568575563,89.48985352419531,1.485219016028128,7.3746012238755405
808.0,11.0235595703125,291.5450663659517,12.871552772532574,-298.52793827260933,291.5450663659517,298.52793827260933,202.05585173016362,11.38634485236072,-305.90255166945826,89.4892146357881,1.4852079201718542,7.374613396848922
816.0,11.13347339630127,291.5477461532547,12.871224699777285,-298.5295481074634,291.5477461532547,298.5295481074634,202.05873219039051,11.386026352920311,-305.90421923102076,89.48901396286419,1.4851983468569734,7.374671123557356
824.0,11.243388175964355,291.5490854632567,12.8710505813226,-298.5300628877003,291.5490854632567,298.5300628877003,202.06004259620303,11.385861441828013,-305.9048101952914,89.48904286705368,1.485189139494587,7.374747307591129
832.0,11.353302001953125,291.5465725962569,12.870868742379441,-298.52742805378534,291.5465725962569,298.52742805378534,202.05761784542094,11.385686154078627,-305.9022410752443,89.48895475083599,1.4851825883008138,7.374813021458973
840.0,11.463211059570312,291.5415693913001,12.8706080953041,-298.52267808721854,291.5415693913001,298.52267808721854,202.05302843313615,11.385431382644391,-305.89751655249637,89.4885409581639,1.485176712659708,7.374838465277833
848.0,11.573124885559082,291.5382951333054,12.870255748637755,-298.5198595353054,291.5382951333054,298.5198595353054,202.05030591859864,11.385086579807174,-305.8946992979729,89.48798921470672,1.485169168830581,7.3748397626675555
856.0,11.683039665222168,291.5382502511096,12.869995705757505,-298.5192902684884,291.5382502511096,298.5192902684884,202.05067818614128,11.384833532493477,-305.8941402118414,89.48757206496836,1.4851621732640274,7.374849943352956
864.0,11.792953491210938,291.5401705534217,12.869769123449897,-298.52042217773476,291.5401705534217,298.52042217773476,202.0527038076728,11.384613238226063,-305.8953153734009,89.48746674574892,1.4851558852238345,7.3748931956661
872.0,11.902862548828125,291.54140885229026,12.869709710362335,-298.52102004699503,291.54140885229026,298.52102004699503,202.0538968364896,11.384559035724227,-305.8959674264555,89.48751201580066,1.4851506746381085,7.374947379460455
880.0,12.012776374816895,291.53948675369514,12.869593445770777,-298.51886188588037,291.53948675369514,298.51886188588037,202.052004767192,11.384446754703179,-305.89386061494685,89.48748198650317,1.4851466910675974,7.374998729066476
888.0,12.12269115447998,291.5362153777097,12.869405203481943,-298.515686135643,291.5362153777097,298.515686135643,202.04900120635114,11.384261938249537,-305.8907075707531,89.48721417135854,1.4851432652324057,7.375021435110039
896.0,12.23260498046875,291.53378632186354,12.869160082341365,-298.51353656326006,291.53378632186354,298.51353656326006,202.04693960745556,11.384020693283984,-305.8885644439357,89.48684671440802,1.4851393890573799,7.37502788067567
904.0,12.342514038085938,291.53387883299024,12.86898522798111,-298.51318099209504,291.53387883299024,298.51318099209504,202.04730993350597,11.383849855626936,-305.8882198023408,89.4865688994843,1.4851353723541743,7.375038810245773
912.0,12.452427864074707,291.5351985133958,12.868857798808488,-298.5137924206043,291.5351985133958,298.5137924206043,202.04868607212387,11.383726921713807,-305.8888682941635,89.48651244127191,1.485130877094681,7.375075873559162
920.0,12.562342643737793,291.5361279829217,12.868833224580701,-298.5142827847822,291.5361279829217,298.5142827847822,202.04956646930978,11.38370429639625,-305.88940234254375,89.48656151361193,1.4851289281844522,7.37511955776154
928.0,12.672256469726562,291.5350518085613,12.868744445747316,-298.5128654635858,291.5350518085613,298.5128654635858,202.0484873134075,11.383617393740227,-305.8880267548908,89.48656449515381,1.4851270520070894,7.3751612913050195
936.0,12.78216552734375,291.5327192719308,12.868616991313182,-298.51047908176815,291.5327192719308,298.51047908176815,202.0463143129277,11.383491425327525,-305.885664855011,89.48640495900307,1.4851255659856566,7.375185773242858
944.0,12.89207935333252,291.53125486708905,12.868454775801938,-298.5091850206572,291.53125486708905,298.5091850206572,202.04508108233767,11.383331561945589,-305.88438206282405,89.48617378475134,1.4851232138563488,7.37519704216686
952.0,13.001994132995605,291.53085922609193,12.868363682641146,-298.5084418803001,291.53085922609193,298.5084418803001,202.0448790209794,11.3832425202901,-305.88365076089076,89.48598020511255,1.4851211623510467,7.37520888059068
960.0,13.111907958984375,291.53169564465975,12.868267979095858,-298.5086667551275,291.53169564465975,298.5086667551275,202.0457719654793,11.383148988951236,-305.8839037930695,89.48592367918044,1.4851189901446227,7.375237037942043
968.0,13.221817016601562,291.53241682569603,12.868276006777046,-298.50899297856614,291.53241682569603,298.50899297856614,202.04645845530362,11.383158187039424,-305.8842663365308,89.48595837039238,1.4851178197376225,7.375273357964645
976.0,13.331730842590332,291.53209956740335,12.868250921747226,-298.508360666969,291.53209956740335,298.508360666969,202.04611831832173,11.383134199964182,-305.8836658944072,89.48598124908162,1.485116721783044,7.375305227438229
984.0,13.441645622253418,291.5308104262713,12.868131728665789,-298.50694030281113,291.5308104262713,298.50694030281113,202.04488558508234,11.383015850385659,-305.88227113725634,89.48592484118893,1.4851158782801304,7.375330834445236
992.0,13.551559448242188,291.5297975777459,12.868043167769999,-298.5059511343305,291.5297975777459,298.5059511343305,202.0439963737748,11.38292850617957,-305.8812980892583,89.4858012039711,1.4851146615904287,7.375346954927807
1000.0,13.661468505859375,291.52906673328437,12.867920216018025,-298.50509730327974,291.52906673328437,298.50509730327974,202.04341317789329,11.382806897015968,-305.8804524304537,89.48565355539111,1.4851133190020576,7.375355127173968
1008.0,13.771382331848145,291.52916970934103,12.867905835692873,-298.50481066167197,291.52916970934103,298.50481066167197,202.04358965051733,11.382794019189362,-305.8801826397419,89.48558005882369,1.485111816503512,7.375371978069932
1016.0,13.88129711151123,291.5297080235451,12.867862083090179,-298.5048842406316,291.5297080235451,298.5048842406316,202.04413522950793,11.382751045916406,-305.88028137249125,89.48557279403715,1.4851110371737732,7.375397131859639
1024.0,13.9912109375,291.53001751721075,12.867894336898722,-298.5049139184626,291.53001751721075,298.5049139184626,202.04440967102016,11.382784492556913,-305.88033979160673,89.48560784619058,1.4851098443418076,7.375425873144117
1032.0,14.101122856140137,291.52970026469376,12.867864561485408,-298.50433596303793,291.52970026469376,298.50433596303793,202.04408142071844,11.382754807616058,-305.8797834134075,89.48561884397532,1.485109753869351,7.375447450369588
1040.0,14.211036682128906,291.52887280906833,12.867764479797952,-298.50328090430855,291.52887280906833,298.50328090430855,202.04329335393444,11.382655641214452,-305.8787493267837,89.4855794551339,1.4851088385834996,7.375468422475151
1048.0,14.320950508117676,291.5282420602747,12.867707524527859,-298.5026540390925,291.5282420602747,298.5026540390925,202.04273395984518,11.382600221443354,-305.8781354646027,89.48550810042948,1.4851073030845048,7.37548142551023
1056.0,14.430865287780762,291.52786016137577,12.867667171609757,-298.50217225993697,291.52786016137577,298.50217225993697,202.04242606608526,11.382559492822466,-305.8776638013574,89.48543409529054,1.4851076787872912,7.375491541420438
1064.0,14.540778160095215,291.5276624394627,12.867598500143849,-298.5017470976875,291.5276624394627,298.5017470976875,202.04228756400317,11.38249358230878,-305.8772487231633,89.48537487545948,1.48510491783507,7.375501625475781
1072.0,14.650691986083984,291.5279614579415,12.867605132580099,-298.5016390358277,291.5279614579415,298.5016390358277,202.0425976569656,11.382499736610585,-305.8771594879781,89.48536380097593,1.485105395969514,7.375520452150425
1080.0,14.760607719421387,291.5279623601938,12.867586614719656,-298.50132578808166,291.5279623601938,298.50132578808166,202.04258951807662,11.382482314531988,-305.87686775459116,89.48537284211713,1.4851043001876685,7.375541966509516
1088.0,14.870521545410156,291.5280077906598,12.86758324770852,-298.50113970206456,291.5280077906598,298.50113970206456,202.04262142100683,11.38248029292776,-305.87670155376827,89.48538636965293,1.4851029547807608,7.375561851703683
1096.0,14.980427742004395,291.52801328457383,12.8675848516515,-298.5008967246649,291.52801328457383,298.5008967246649,202.04261789372558,11.382481854523459,-305.87647658817104,89.48539539084825,1.4851029971280423,7.375579863506125
1104.0,15.09034252166748,291.527514337372,12.867544506388294,-298.5002336207634,291.527514337372,298.5002336207634,202.04212932817106,11.382441905914886,-305.8758301281818,89.48538500920094,1.485102600473408,7.375596507418383
1112.0,15.20025634765625,291.527298245952,12.8674715641801,-298.49984741010917,291.527298245952,298.49984741010917,202.04194306247285,11.382370006815293,-305.87545706846856,89.48535518347916,1.4851015573648079,7.375609658359398
1120.0,15.31017017364502,291.5269756343235,12.867452399485707,-298.49934950207313,291.5269756343235,298.49934950207313,202.0416412417315,11.382351224478054,-305.87497372656475,89.48533439259201,1.485101175007654,7.375624224491617
1128.0,15.420084953308105,291.52691261421694,12.867399401062766,-298.4991635207915,291.52691261421694,298.4991635207915,202.0416062787367,11.382299364495463,-305.8747987787093,89.48530633548022,1.4851000365673033,7.375635257917789
1136.0,15.529999732971191,291.5268202865916,12.867406315327278,-298.49881589264675,291.5268202865916,298.49881589264675,202.04152506318343,11.382307629821407,-305.8744640736478,89.4852952234082,1.4850986855058714,7.375648181001036
1144.0,15.639912605285645,291.52676437663627,12.867398731580545,-298.4985444593736,291.52676437663627,298.4985444593736,202.04147970932047,11.38230056182605,-305.8742066049124,89.4852846673158,1.485098169754496,7.375662145538815
1152.0,15.749828338623047,291.52670608649305,12.867389315460963,-298.4982159778419,291.52670608649305,298.4982159778419,202.04142264582583,11.382291771362858,-305.8738936009639,89.48528344066722,1.4850975440981051,7.375677623122041
1160.0,15.85973072052002,291.526631037112,12.867368550842327,-298.49796552257595,291.526631037112,298.49796552257595,202.0413485517479,11.382272159906043,-305.8736575031006,89.4852824853641,1.485096390936284,7.375691980524639
1168.0,15.969645500183105,291.52658206095003,12.867376203331556,-298.4976589309266,291.52658206095003,298.4976589309266,202.0412968500887,11.382280254970235,-305.87336598331706,89.48528521086132,1.4850959483613222,7.375707052390428
1176.0,16.079559326171875,291.5264927725308,12.867369161162564,-298.49740080867105,291.5264927725308,298.49740080867105,202.04120661211462,11.38227449463336,-305.87312188522856,89.4852861604162,1.485094666529204,7.375721076557529
1184.0,16.18947410583496,291.52632825674516,12.86734111728472,-298.4970545112951,291.52632825674516,298.4970545112951,202.0410541767147,11.382246639563652,-305.87278703397806,89.48527408003042,1.4850944777210682,7.375732522682952
1192.0,16.299388885498047,291.5261981758427,12.867326489491324,-298.49676949433734,291.5261981758427,298.49676949433734,202.04092550751346,11.382233440780592,-305.87251452420736,89.48527266832923,1.4850930487107328,7.375745029870014
1200.0,16.409303665161133,291.5261971314792,12.86733170830859,-298.496553132897,291.5261971314792,298.496553132897,202.04092834684752,11.382239163832685,-305.87231044644295,89.48526878463166,1.485092544475906,7.375757313545943
1208.0,16.51921844482422,291.525886507957,12.867292697734573,-298.4960945613998,291.525886507957,298.4960945613998,202.04062875611945,11.382201112438356,-305.8718631480092,89.48525775183757,1.4850915852962179,7.375768586609393
1216.0,16.629133224487305,291.5260258819499,12.867291529790979,-298.4961011926754,291.5260258819499,298.4961011926754,202.04077305719386,11.382201324704784,-305.8718799049945,89.48525282475606,1.4850902050861952,7.375778712319118
1224.0,16.73903465270996,291.52582059733436,12.867274318370045,-298.4957027162593,291.52582059733436,298.4957027162593,202.04056943075324,11.382184821649052,-305.8714940292677,89.48525116658115,1.4850894967209933,7.375791313008385
1232.0,16.848949432373047,291.5258193950922,12.86725683112087,-298.49549643321154,291.5258193950922,298.49549643321154,202.0405701484086,11.382168902734426,-305.871299203816,89.4852492466836,1.4850879283864433,7.375802770604476
1240.0,16.958864212036133,291.52575699831857,12.867262410221132,-298.49523010772714,291.52575699831857,298.49523010772714,202.04050550636452,11.382175022003263,-305.8710451989965,89.48525149195407,1.485087388217868,7.375815091269352
1248.0,17.068777084350586,291.52559958714227,12.86723556898852,-298.4949444071012,291.52559958714227,298.4949444071012,202.04035262379955,11.382149105316351,-305.8707706489382,89.48524696334273,1.4850864636721675,7.375826241837043
1256.0,17.178691864013672,291.5256158700578,12.867228368012904,-298.49479275965433,291.5256158700578,298.49479275965433,202.0403717182603,11.382143091596273,-305.870629513845,89.4852441517975,1.4850852764166311,7.375836754190669
1264.0,17.288606643676758,291.5255629055381,12.86723174669536,-298.4945545901091,291.5255629055381,298.4945545901091,202.04031480454918,11.38214703726908,-305.8704025539614,89.48524810098891,1.4850847094262798,7.375847963852305
1272.0,17.39851951599121,291.52541278091314,12.867206763232051,-298.4942126960987,291.52541278091314,298.4942126960987,202.04016669103288,11.382123357937726,-305.870071869663,89.48524608988029,1.4850834052943258,7.375859173564251
1280.0,17.50843620300293,291.5253066031691,12.867189768160845,-298.4940210272646,291.5253066031691,298.4940210272646,202.0400671460987,11.3821071993311,-305.86988944521704,89.4852394570704,1.4850825688297442,7.375868417952461
1288.0,17.61833953857422,291.52530868479766,12.867174780646893,-298.493833357715,291.52530868479766,298.493833357715,202.04007044008563,11.382092622701128,-305.86971176092334,89.48523824471204,1.4850821579457654,7.375878403208311
1296.0,17.728254318237305,291.5252924828053,12.867173055520887,-298.49368687036105,291.5252924828053,298.49368687036105,202.04005093632736,11.382092148205052,-305.8695758099752,89.48524154647794,1.4850809073158342,7.375888939614132
1304.0,17.838167190551758,291.52525475520076,12.86718132906731,-298.49345746872336,291.52525475520076,298.49345746872336,202.04000550492327,11.382100847170825,-305.8693577706167,89.48524925027746,1.485080481896485,7.375900301893367
1312.0,17.948083877563477,291.52505137297305,12.86715697626877,-298.4931291373266,291.52505137297305,298.4931291373266,202.0398076213321,11.382077565154024,-305.8690388004144,89.48524375164095,1.4850794111147467,7.375909663087768
1320.0,18.05799674987793,291.52503907352366,12.867145694107926,-298.49295967995914,291.52503907352366,298.49295967995914,202.03979657520256,11.382067351150695,-305.8688783498685,89.48524249832113,1.485078342957231,7.3759186699093675
1328.0,18.167911529541016,291.52501988349627,12.867123406157685,-298.49276360521884,291.52501988349627,298.49276360521884,202.03977817919662,11.382045782414417,-305.86869196731124,89.48524170429965,1.4850776237432672,7.37592836209242
1336.0,18.2778263092041,291.52492335628006,12.867117081606459,-298.4925737362689,291.52492335628006,298.4925737362689,202.0396791213671,11.382040284531719,-305.8685116268782,89.48524423491297,1.4850767970747394,7.375937890609272
1344.0,18.387741088867188,291.52483272618827,12.867084351443633,-298.492348602419,291.52483272618827,298.492348602419,202.03959444211165,11.382008282731414,-305.86829505723597,89.48523828407659,1.4850760687122186,7.37594645481699
1352.0,18.497644424438477,291.5248006789665,12.867083048656308,-298.49219822960777,291.5248006789665,298.49219822960777,202.03956050806394,11.382008295177098,-305.86815323544425,89.48524017090257,1.485074753479211,7.375955005836513
1360.0,18.607559204101562,291.52471089320613,12.867037196724306,-298.4919690313903,291.52471089320613,298.4919690313903,202.03947336640613,11.381963300600946,-305.86793288915146,89.4852375268,1.48507389612336,7.375963857761182
1368.0,18.71747398376465,291.52477005062747,12.867036255360752,-298.4919298675498,291.52477005062747,298.4919298675498,202.0395258433991,11.381963347946115,-305.86790278961723,89.48524420722835,1.485072907414636,7.375972922067444
1376.0,18.8273868560791,291.5246134432641,12.867017570940481,-298.49158891153917,291.5246134432641,298.49158891153917,202.03936800947207,11.3819453084471,-305.86757115765425,89.48524543379206,1.4850722624933799,7.375982246115104
1384.0,18.937301635742188,291.524604285333,12.866987503815665,-298.49148948766356,291.524604285333,298.49148948766356,202.0393616069781,11.381915730360536,-305.86748006130665,89.48524267835491,1.4850717734551298,7.375990573643076
1392.0,19.047216415405273,291.52477318339476,12.866994497037544,-298.4914805485392,291.52477318339476,298.4914805485392,202.0395195766228,11.381923457201893,-305.86748028890946,89.48525360677195,1.4850710398356513,7.37599974037029
1400.0,19.157129287719727,291.52467231132664,12.867022157647945,-298.49123865227193,291.52467231132664,298.49123865227193,202.03940460848116,11.38195168841006,-305.8672490403903,89.48526770284548,1.4850704692378836,7.3760103881183205
1408.0,19.267044067382812,291.5244161262927,12.866998370245252,-298.4908975823933,291.5244161262927,298.4908975823933,202.0391527576922,11.381928140952581,-305.8669156176311,89.48526336860051,1.48507022929267,7.37601803523777
1416.0,19.376951217651367,291.52446030254873,12.866968894890979,-298.4908480180072,291.52446030254873,298.4908480180072,202.03920165607497,11.381900169747926,-305.86687306330464,89.48525864647375,1.4850687251430532,7.376025045297414
1424.0,19.48686408996582,291.5244181117888,12.866969076110864,-298.490659563498,291.5244181117888,298.490659563498,202.03915605510701,11.381900458627642,-305.86669354908696,89.4852620566818,1.4850686174832213,7.376033985588922
1432.0,19.596778869628906,291.5242825939293,12.866933767751007,-298.49041863636364,291.5242825939293,298.49041863636364,202.03902368691584,11.381866104487422,-305.8664607028694,89.48525890701346,1.4850676632635846,7.376042066505786
1440.0,19.706693649291992,291.5242649637106,12.86690914464838,-298.4902794294199,291.5242649637106,298.4902794294199,202.0390081245621,11.381842294442926,-305.86632922360144,89.48525683914852,1.4850668502054538,7.376049794181515
1448.0,19.816606521606445,291.5244005471736,12.866918703530382,-298.49028380028585,291.5244005471736,298.49028380028585,202.03913361857408,11.38185242645363,-305.8663413979664,89.48526692859951,1.4850662770767522,7.376057597680546
1456.0,19.92652130126953,291.52435055640706,12.86692752043268,-298.4900022214195,291.52435055640706,298.4900022214195,202.0390730357017,11.38186198484921,-305.86607029999954,89.48527752070532,1.48506553558347,7.376068078580033
1464.0,20.036436080932617,291.5242092638574,12.866933198576636,-298.48983943139433,291.5242092638574,298.48983943139433,202.0389273291147,11.381868878889588,-305.8659159296076,89.48528193474269,1.4850643196870477,7.376076498213262
1472.0,20.14634895324707,291.52412320097596,12.86690702187101,-298.48962274528316,291.52412320097596,298.48962274528316,202.03884766483895,11.381842832729577,-305.8657062017255,89.48527553613698,1.4850641891414325,7.376083456442373
1480.0,20.256256103515625,291.52404402710806,12.866883395293474,-298.489481388014,291.52404402710806,298.489481388014,202.03876977801016,11.381820271726076,-305.86557083494955,89.48527424909793,1.485063123567398,7.37608944693558
1488.0,20.36617088317871,291.52402865879196,12.866862544437113,-298.4893104404227,291.52402865879196,298.4893104404227,202.03875594480039,11.381800211877355,-305.86540755439626,89.48527271399158,1.4850623325597578,7.376097113973572
1496.0,20.476083755493164,291.52414761951206,12.866861761665012,-298.4893084110276,291.52414761951206,298.4893084110276,202.0388664226656,11.381800039352942,-305.8654134769831,89.48528119684644,1.48506172231207,7.376105065955553
1504.0,20.58599853515625,291.5239912024123,12.866864674380984,-298.48903542717903,291.5239912024123,298.48903542717903,202.03870203269645,11.381803747016193,-305.8651492988888,89.48528916971586,1.485060927364791,7.376113871709766
1512.0,20.695913314819336,291.52384741508354,12.866833553617147,-298.4888157244173,291.52384741508354,298.4888157244173,202.03856453018096,11.381772873588838,-305.86493600414303,89.48528288490256,1.4850606800283082,7.376120279725747
1520.0,20.80582618713379,291.52369915772465,12.866772995533628,-298.48867408756655,291.52369915772465,298.48867408756655,202.0384268931211,11.381712906042868,-305.86479868261404,89.48527226460355,1.4850600894907608,7.376124595047504
1528.0,20.915740966796875,291.52405042768453,12.866760048433372,-298.48888896735957,291.52405042768453,298.48888896735957,202.03876938735453,11.381700700177237,-305.8650196604975,89.48528104032997,1.4850593482561343,7.376130693137949
1536.0,21.02565574645996,291.5240365175414,12.866770494402095,-298.4886934768055,291.5240365175414,298.4886934768055,202.03873638697604,11.38171195048242,-305.8648339910138,89.48530013056538,1.4850585439196755,7.376140514208323
1544.0,21.135560989379883,291.52394148942903,12.866769972875694,-298.4884891210264,291.52394148942903,298.4884891210264,202.03863366371849,11.38171196589306,-305.8646379388995,89.48530782571055,1.485058006982633,7.37614881787303
1552.0,21.24547576904297,291.5238894653293,12.866778146169288,-298.48830843576224,291.5238894653293,298.48830843576224,202.03857495309424,11.38172096050811,-305.8644653231254,89.48531451223509,1.4850571856611792,7.376156887363155
1560.0,21.355390548706055,291.5237402533184,12.866762007538373,-298.48808458411537,291.5237402533184,298.48808458411537,202.038426023622,11.38170551579174,-305.86424842783146,89.4853142296964,1.4850564917466322,7.376163843716064
1568.0,21.465303421020508,291.5236015482974,12.866705575933656,-298.48790829500274,291.5236015482974,298.48790829500274,202.03829593743248,11.381649719333456,-305.86407779582566,89.48530561086488,1.485055856600199,7.376169500822925
1576.0,21.575218200683594,291.52366870195806,12.866669172289026,-298.4879162837672,291.52366870195806,298.4879162837672,202.03836595985902,11.381614118746466,-305.8640911045743,89.48530274209907,1.485055053542559,7.376174820807076
1584.0,21.685134887695312,291.5237357817209,12.866665420700086,-298.4878406927271,291.5237357817209,298.4878406927271,202.03842372115082,11.381610744778257,-305.8640230301954,89.4853120605701,1.485054675921828,7.3761823374683395
1592.0,21.7950496673584,291.52370449766573,12.866662258991587,-298.4877234360624,291.52370449766573,298.4877234360624,202.03838242504622,11.381608502281088,-305.86391453742203,89.4853220726195,1.4850537567104989,7.376191101359627
1600.0,21.90496253967285,291.5235424266838,12.866649220658822,-298.4874754756599,291.5235424266838,298.4874754756599,202.03822073209028,11.38159611770184,-305.86367270980395,89.48532169459351,1.4850531029569813,7.376197234144055
1608.0,22.014867782592773,291.523602961818,12.866627303189704,-298.48744795004563,291.523602961818,298.48744795004563,202.0382790993305,11.381574937827775,-305.8636521041916,89.4853238624875,1.4850523653619294,7.376204154145995
1616.0,22.124780654907227,291.52352176951143,12.86662023864657,-298.48725835530615,291.52352176951143,298.48725835530615,202.0381931038372,11.381568322874951,-305.8634693382779,89.48532866567425,1.4850519157716184,7.37621098297177
1624.0,22.234695434570312,291.52346608526017,12.866577231354102,-298.48712592465864,291.52346608526017,298.48712592465864,202.03813884350944,11.381526044785435,-305.86334310857643,89.48532724175074,1.485051186568667,7.3762171839177775
1632.0,22.3446102142334,291.5236292732407,12.866585278330993,-298.4871731279399,291.5236292732407,298.4871731279399,202.03829337584312,11.38153444468423,-305.8633969095794,89.48533589739759,1.4850508336467636,7.376223781639517
1640.0,22.45452308654785,291.5235731784666,12.86659568130561,-298.4869818006817,291.5235731784666,298.4869818006817,202.03822533072542,11.381545752385863,-305.86321350639287,89.4853478477412,1.4850499289197463,7.37623170571117
1648.0,22.564437866210938,291.5234097878742,12.866590428447928,-298.48676778788035,291.5234097878742,298.48676778788035,202.0380601854613,11.381540789732657,-305.86300579532224,89.4853496024129,1.4850496387152716,7.376238007441881
1656.0,22.674352645874023,291.5233756113713,12.866558197843215,-298.48662083014295,291.5233756113713,298.48662083014295,202.0380302043827,11.381508966245466,-305.862863900693,89.48534540698861,1.4850492315977484,7.376243070550043
1664.0,22.784265518188477,291.5234298696565,12.866554244388139,-298.4866110273934,291.5234298696565,298.4866110273934,202.03807963918217,11.381506157898922,-305.8628602124473,89.48535023047432,1.4850480864892164,7.376249185053894
1672.0,22.89417266845703,291.52341340037503,12.866560794815879,-298.48645857943643,291.52341340037503,298.48645857943643,202.03805667719496,11.381513405101135,-305.86271517032037,89.4853567231801,1.4850473897147443,7.3762565908839335
1680.0,23.004087448120117,291.5232981964808,12.866550754712348,-298.48627154142974,291.5232981964808,298.48627154142974,202.0379403259657,11.38150359241462,-305.86253428559155,89.48535787051509,1.4850471622977277,7.376262744161824
1688.0,23.11400032043457,291.5232196796992,12.866536394767795,-298.4861215620608,291.5232196796992,298.4861215620608,202.03786615996654,11.381490192847007,-305.8623893592228,89.48535351973266,1.4850462019207884,7.376267797161983
1696.0,23.223915100097656,291.523304655606,12.866527266878613,-298.48612980879756,291.523304655606,298.48612980879756,202.0379485756,11.381481413863582,-305.8624022592702,89.485356080006,1.4850458530150308,7.376272450472616
1704.0,23.333829879760742,291.5233959003212,12.866537165051195,-298.48609446736833,291.5233959003212,298.48609446736833,202.03802917102576,11.38149197943224,-305.8623737783933,89.48536672929542,1.485045185618955,7.376279311024984
1712.0,23.443742752075195,291.5232804390804,12.866557662947782,-298.48589167458783,291.5232804390804,298.48589167458783,202.03790640136356,11.381513025506093,-305.8621775729259,89.48537403771684,1.485044637441689,7.376285898338065
1720.0,23.55365753173828,291.52308386985385,12.866524225718601,-298.4856661272796,291.52308386985385,298.4856661272796,202.03771665075044,11.381480150761739,-305.8619560657004,89.48536721910338,1.4850440749568625,7.376289938420761
1728.0,23.663572311401367,291.52301185467496,12.866475435241753,-298.4855525399036,291.52301185467496,298.4855525399036,202.0376537767097,11.381431956039503,-305.8618455814014,89.48535807796527,1.4850434792022498,7.376293041497767
1736.0,23.77347755432129,291.5230559216949,12.866441274961314,-298.4855625696076,291.5230559216949,298.4855625696076,202.03769920916318,11.38139849480582,-305.861859836924,89.48535671253174,1.485042780155494,7.376297267316353
1744.0,23.883392333984375,291.52306698231064,12.866417250655157,-298.48549056672135,291.52306698231064,298.48549056672135,202.0377053935476,11.381374992419362,-305.8617935080631,89.48536158876303,1.485042258235795,7.376302941341738
1752.0,23.99330711364746,291.52316385279624,12.866404676900776,-298.4854496804846,291.52316385279624,298.4854496804846,202.03779473723768,11.38136284143971,-305.8617584746988,89.48536911555856,1.4850418354610664,7.376308794214204
1760.0,24.103219985961914,291.5233790382066,12.8664525292885,-298.48555171760967,291.5233790382066,298.48555171760967,202.03798699372814,11.381411023574374,-305.8618674104821,89.48539204447844,1.4850415057141253,7.3763156928724385
1768.0,24.213134765625,291.52322291375185,12.866461108357226,-298.485318953824,291.52322291375185,298.485318953824,202.0378192066981,11.3814199819858,-305.8616403746656,89.48540370705375,1.4850411263714254,7.376321420841656
1776.0,24.323049545288086,291.5231653354178,12.866461421853963,-298.48518123390403,291.5231653354178,298.48518123390403,202.0377587232319,11.381420816470756,-305.86150798555815,89.4854066121859,1.4850406053832055,7.376326751654137
1784.0,24.43296241760254,291.52309481146335,12.866457782080179,-298.4850359871116,291.52309481146335,298.4850359871116,202.03768750789243,11.381417547952887,-305.86136864614116,89.48540730357095,1.4850402341272924,7.376332659029579
1792.0,24.542877197265625,291.5229430547731,12.866430122938237,-298.4848437672309,291.5229430547731,298.4848437672309,202.03754123232198,11.381390546728412,-305.86118060768047,89.48540182245111,1.4850395762098252,7.376336840449525
1800.0,24.65278434753418,291.52282667303047,12.866397447292286,-298.4847270203786,291.52282667303047,298.4847270203786,202.03743410169778,11.38135808211098,-305.8610666568541,89.48539257133268,1.4850393651813063,7.3763396364754925
1808.0,24.762697219848633,291.5228816840535,12.866357997939312,-298.4847448259455,291.5228816840535,298.4847448259455,202.03749206191128,11.381319594875844,-305.86108801583146,89.48538962214224,1.4850384030634682,7.376343189885983
1816.0,24.87261199951172,291.5229028646399,12.86636519541945,-298.4846650057733,291.5229028646399,298.4846650057733,202.0375084705469,11.381327346969872,-305.8610134027525,89.48539439409299,1.4850378484495779,7.3763483969792
1824.0,24.982526779174805,291.522815040075,12.866345820960595,-298.484519168475,291.522815040075,298.484519168475,202.03741924261394,11.381308472529051,-305.8608729437528,89.48539579746104,1.485037348431544,7.376353775277803
1832.0,25.092439651489258,291.522871089582,12.866305605705334,-298.48448430774886,291.522871089582,298.48448430774886,202.03747418951463,11.38126886364376,-305.86084295748503,89.48539690006739,1.4850367420615747,7.376358649736183
1840.0,25.202354431152344,291.52304653459237,12.86631559307351,-298.4845361422515,291.52304653459237,298.4845361422515,202.03763449592094,11.381279580752743,-305.8609002374314,89.48541203867146,1.4850360123207675,7.376364095179923
1848.0,25.31226921081543,291.52298654762177,12.86633384918738,-298.484414604196,291.52298654762177,298.484414604196,202.03756095186293,11.381298450713482,-305.8607847691918,89.48542559575884,1.485035398473899,7.376370164995805
1856.0,25.422182083129883,291.5228252577898,12.866318973935389,-298.4842076845518,291.5228252577898,298.4842076845518,202.03739869394582,11.38128403658347,-305.860582746835,89.48542656384399,1.4850349373519187,7.376375062283206
1864.0,25.532087326049805,291.5226844864729,12.866262314302473,-298.48406006923153,291.5226844864729,298.48406006923153,202.0372648883375,11.381228097657953,-305.86043873633673,89.4854195981354,1.48503421664452,7.3763786671052145
1872.0,25.642004013061523,291.52268504954895,12.866212974101382,-298.4840478210864,291.52268504954895,298.4840478210864,202.03727056783612,11.381179268058613,-305.8604301697774,89.48541448171287,1.4850337060427685,7.3763823486909885
1880.0,25.751916885375977,291.52279890264464,12.866198612256289,-298.4840806402978,291.52279890264464,298.4840806402978,202.03738010496036,11.381164847710629,-305.86046768300594,89.48541879768428,1.4850337645456606,7.376387042708149
1888.0,25.861831665039062,291.52284695424794,12.866204246206722,-298.4840088727029,291.52284695424794,298.4840088727029,202.03741659900788,11.38117124689808,-305.86040179131885,89.48543035524003,1.4850329993086422,7.376392918615991
1896.0,25.97174644470215,291.5227349657249,12.866202351340611,-298.4838718260393,291.5227349657249,298.4838718260393,202.0372997626928,11.38117007941665,-305.86026976892447,89.48543520303207,1.485032271923961,7.376397942885124
1904.0,26.0816593170166,291.52260156980867,12.866168583493112,-298.48371199938737,291.52260156980867,298.48371199938737,202.03716951309218,11.381136438091211,-305.86011417108534,89.48543205671646,1.4850321454019009,7.376402171697986
1912.0,26.191574096679688,291.52263662504913,12.86613436045493,-298.48369216276495,291.52263662504913,298.48369216276495,202.03720503150882,11.381102703934642,-305.86009827258704,89.48543159354034,1.485031656520288,7.376406109822096
1920.0,26.301488876342773,291.52274078231045,12.866123470651324,-298.4837407229159,291.52274078231045,298.4837407229159,202.03730242718348,11.381092372843561,-305.8601518159214,89.48543835512697,1.4850310978077639,7.376411093005508
1928.0,26.411392211914062,291.5228240074049,12.866139947485859,-298.4836843730395,291.5228240074049,298.4836843730395,202.03737328828416,11.381109320631063,-305.8601008699424,89.48545071912073,1.4850306268547953,7.376416496902877
1936.0,26.52130699157715,291.52288263195385,12.86617040156348,-298.48366974878275,291.52288263195385,298.48366974878275,202.03741769480874,11.38114011413774,-305.86009152592715,89.4854649371451,1.4850302874257402,7.376421777144376
1944.0,26.6312198638916,291.5227876550331,12.866184232737597,-298.4834923167263,291.5227876550331,298.4834923167263,202.0373165003037,11.381154255623226,-305.85991849783073,89.48547115472941,1.4850299771143707,7.376426181104421
1952.0,26.741134643554688,291.5227142900083,12.866187920993353,-298.4833439976109,291.5227142900083,298.4833439976109,202.03724174452054,11.381158055059398,-305.8597748076253,89.48547254548777,1.4850298659339543,7.376430810014387
1960.0,26.851049423217773,291.5225844014086,12.866175613664417,-298.48318941508296,291.5225844014086,298.48318941508296,202.03711618393433,11.38114614279885,-305.85962357681603,89.48546821747425,1.4850294708655678,7.376434161733059
1968.0,26.960962295532227,291.5224585330128,12.866148535558072,-298.48306969799717,291.5224585330128,298.48306969799717,202.0369988954867,11.38111945550826,-305.85950633966445,89.48545963752608,1.4850290800498103,7.376436641667286
1976.0,27.070877075195312,291.52242427223314,12.86611290865035,-298.4830083879842,291.52242427223314,298.4830083879842,202.0369725696898,11.381084461633975,-305.8594470337354,89.48545170254333,1.4850284470163766,7.376438645751172
1984.0,27.1807918548584,291.522548463167,12.866112850689637,-298.4830806213422,291.522548463167,298.4830806213422,202.0370939042146,11.381085205575156,-305.85952258954205,89.4854545589524,1.4850276451144813,7.376441968199877
1992.0,27.29069709777832,291.5225575733627,12.866130591509386,-298.48295663633843,291.5225575733627,298.48295663633843,202.03709525338274,11.381103454524187,-305.8594034118791,89.48546231997994,1.4850271369851988,7.376446775540682
2000.0,27.400611877441406,291.5224952992658,12.866126036975382,-298.4828423117234,291.5224952992658,298.4828423117234,202.0370288414024,11.381099252435085,-305.85929385866774,89.48546645786344,1.4850267845402978,7.376451546944356
2008.0,27.510526657104492,291.52242760193866,12.866094611123561,-298.48276698333586,291.52242760193866,298.48276698333586,202.03696236905168,11.381068682202837,-305.85922177657795,89.48546523288698,1.485025928920724,7.3764547932421
2016.0,27.620439529418945,291.52240396292814,12.86606997215144,-298.4826511978829,291.52240396292814,298.4826511978829,202.036939443211,11.381044527838677,-305.85911015975717,89.48546451971713,1.485025444312763,7.376458961874295
2024.0,27.73035430908203,291.5224968338012,12.866057793595784,-298.48269638185724,291.5224968338012,298.48269638185724,202.0370258030977,11.381032595724097,-305.8591593811339,89.48547103070351,1.485025197871688,7.376462999276654
2032.0,27.840269088745117,291.5224249250615,12.866054110275066,-298.4825738691932,291.5224249250615,298.4825738691932,202.03694811586126,11.381029522375114,-305.85904111955296,89.48547680920024,1.485024587899951,7.376467250359763
2040.0,27.95018196105957,291.52239065159375,12.866021987464666,-298.4825071463641,291.52239065159375,298.4825071463641,202.03691308207218,11.380997690885696,-305.85897838656877,89.48547756952158,1.485024296578971,7.376471240204616
2048.0,28.060096740722656,291.5223798547985,12.866011119228103,-298.48245449887213,291.5223798547985,298.48245449887213,202.03690064444766,11.380987244392479,-305.85892980498215,89.4854792103508,1.4850238748356237,7.376475306110024
2056.0,28.17000389099121,291.5222992124948,12.865989295841306,-298.48234745149716,291.5222992124948,298.48234745149716,202.03682105995293,11.380965726842023,-305.8588263113276,89.48547815254187,1.485023568999283,7.376478859830481
2064.0,28.279916763305664,291.5222451452346,12.865949201691851,-298.48231855716523,291.5222451452346,298.48231855716523,202.03676979509956,11.380926385502475,-305.8588002545571,89.48547535013503,1.4850228161893768,7.376481697391828
2072.0,28.38983154296875,291.52228134269694,12.865916529447002,-298.48229051998845,291.52228134269694,298.48229051998845,202.03680612064886,11.380894184340233,-305.85877539083157,89.48547522204808,1.4850223451067683,7.376484870843093
2080.0,28.499746322631836,291.5223173313504,12.865899645901191,-298.4822732872371,291.5223173313504,298.4822732872371,202.0368364459977,11.380877791050708,-305.85876195278513,89.4854808853527,1.4850218548504834,7.376488665548049
2088.0,28.60965919494629,291.5223460038042,12.86589092417873,-298.48223241412916,291.5223460038042,298.48223241412916,202.0368587035231,11.380869374595532,-305.8587249879434,89.48548730028111,1.4850215495831984,7.3764925738142395
2096.0,28.719573974609375,291.52246853849965,12.865909551106858,-298.4822792424916,291.52246853849965,298.4822792424916,202.03696967974395,11.380888500738937,-305.8587758227284,89.48549885875568,1.4850210503679209,7.376496580236779
2104.0,28.82948875427246,291.5224473851813,12.865923614280602,-298.4822047366821,291.5224473851813,298.4822047366821,202.03693771424327,11.380902629139108,-305.85870520882963,89.48550967093803,1.4850209851414944,7.376500472147555
2112.0,28.939401626586914,291.52238136168575,12.865935946212113,-298.4821131226351,291.52238136168575,298.4821131226351,202.0368667799844,11.380915661307132,-305.85861688189823,89.48551458170137,1.4850202849049823,7.376503759263137
2120.0,29.04931640625,291.5222810373516,12.865925091435752,-298.48195034627383,291.5222810373516,298.48195034627383,202.03676670076558,11.380904766130095,-305.85845752100647,89.485514336586,1.485020325305656,7.376507174732609
2128.0,29.159231185913086,291.52218928675904,12.86590289702733,-298.48183899388727,291.52218928675904,298.48183899388727,202.0366799942011,11.380883172187652,-305.85834891299487,89.48550929255796,1.4850197248396797,7.376509919107587
2136.0,29.26914405822754,291.522122063055,12.865877509668408,-298.48178561803786,291.522122063055,298.48178561803786,202.03661916515267,11.380858047659137,-305.8582973874686,89.48550289790236,1.4850194620092716,7.376511769430735
2144.0,29.379058837890625,291.52207911963586,12.865844418768805,-298.48174188117326,291.52207911963586,298.48174188117326,202.03658190579245,11.380825424866632,-305.8582554472547,89.48549721384342,1.4850189939021727,7.376513566081453
2152.0,29.48897361755371,291.52211464739196,12.865825638355712,-298.48171149782894,291.52211464739196,298.48171149782894,202.0366192347975,11.380806929382041,-305.8582272413556,89.48549541259445,1.4850187089736717,7.376515743526664
2160.0,29.59889030456543,291.52219805896266,12.865823270675426,-298.4817520921717,291.52219805896266,298.4817520921717,202.03669737954272,11.380804801724478,-305.85827125507603,89.48550067941991,1.4850184689509474,7.376519162904323
2168.0,29.708803176879883,291.5222278407972,12.865827171359228,-298.4816966246169,291.5222278407972,298.4816966246169,202.03671876488787,11.380809009653522,-305.85821966967615,89.48550907590933,1.4850181617057063,7.3765230450592405
2176.0,29.81871795654297,291.5222831719757,12.865838794877618,-298.48166656420324,291.5222831719757,298.48166656420324,202.03676569494723,11.380821200130484,-305.85819390956715,89.48551747702844,1.4850175947471338,7.376527345363886
2184.0,29.928613662719727,291.5223110520086,12.865851140167512,-298.4816341031338,291.5223110520086,298.4816341031338,202.03678400638634,11.380833370288997,-305.85816494872665,89.48552704562226,1.4850177698785152,7.376530845592892
2192.0,30.038530349731445,291.52235259121295,12.865881851203767,-298.4815773148595,291.52235259121295,298.4815773148595,202.03681517471315,11.38086433072457,-305.8581119336161,89.48553741649981,1.485017520479196,7.376534618756583
2200.0,30.14844512939453,291.5221567728389,12.865875433224788,-298.48143785178496,291.5221567728389,298.48143785178496,202.03661905007638,11.380858268698939,-305.85797464717996,89.48553772276253,1.4850171645258492,7.3765367953950225
2208.0,30.258359909057617,291.52195369344395,12.865824573943776,-298.48125616259637,291.52195369344395,298.48125616259637,202.0364285330236,11.380807908809201,-305.85779337632266,89.48552516042034,1.4850166651345755,7.3765372137263014
2216.0,30.36827278137207,291.5220061213895,12.865766653515115,-298.48135550059055,291.5220061213895,298.48135550059055,202.0364890749708,11.380750070169647,-305.8578934917505,89.48551704641868,1.4850165833454683,7.3765379911599105
2224.0,30.478187561035156,291.52216593744515,12.86575450370629,-298.48145994632483,291.52216593744515,298.48145994632483,202.03664389930395,11.380738120175238,-305.85800110371264,89.4855220381412,1.485016383531052,7.376541157387802
2232.0,30.588102340698242,291.52211481781154,12.865764439595575,-298.48130318922045,291.52211481781154,298.48130318922045,202.03658618246862,11.380748513143386,-305.8578485990355,89.4855286353429,1.4850159264521878,7.376545409815041
2240.0,30.698015213012695,291.52206196731925,12.865750408207408,-298.4812041909742,291.52206196731925,298.4812041909742,202.03653094877285,11.380735022249798,-305.85775337234253,89.48553101854642,1.4850153859576103,7.3765491813683255
2248.0,30.80792999267578,291.5220323359701,12.865729584418428,-298.4811457539457,291.5220323359701,298.4811457539457,202.03650052982357,11.380714514721726,-305.8576982695447,89.48553180614653,1.485015069696702,7.376552515598988
2256.0,30.917844772338867,291.5220016118177,12.865712267498512,-298.48112651800994,291.5220016118177,298.48112651800994,202.0364693777209,11.380697608999018,-305.85768208551525,89.48553223409678,1.485014658499495,7.376555567505285
2264.0,31.02775764465332,291.5219668665436,12.865681887926039,-298.4810417278944,291.5219668665436,298.4810417278944,202.03643380536056,11.380667567782869,-305.8576004606937,89.48553306118308,1.4850143201431703,7.376558732799278
2272.0,31.13767433166504,291.52196551428585,12.865652039018112,-298.4810264457936,291.52196551428585,298.4810264457936,202.03643168903653,11.380638232111945,-305.8575884175532,89.48553382524929,1.485013806906167,7.3765619717595925
2280.0,31.247589111328125,291.5220476752414,12.86564017254884,-298.48103193977204,291.5220476752414,298.48103193977204,202.0365072622677,11.380626382248431,-305.8575966234082,89.48554041297376,1.4850137903004093,7.37656468363619
2288.0,31.35750389099121,291.52204613291684,12.86563976723793,-298.48099047463774,291.52204613291684,298.48099047463774,202.03649806380872,11.380626244186557,-305.8575589221322,89.48554806910812,1.485013523051374,7.376568447494503
2296.0,31.467416763305664,291.5220724438942,12.865635552020214,-298.4809825886597,291.5220724438942,298.4809825886597,202.0365190829726,11.380622475840065,-305.857554084199,89.48555336092159,1.485013076180148,7.376571495539334
2304.0,31.57733154296875,291.52207051539534,12.86563779035314,-298.4809495235678,291.52207051539534,298.4809495235678,202.0365120329222,11.380624546927386,-305.85752397323245,89.48555848247315,1.485013243425755,7.376574449664641
2312.0,31.687225341796875,291.5220204728481,12.865642116711003,-298.48085950368613,291.5220204728481,298.48085950368613,202.03645826530268,11.38062897942228,-305.8574371397776,89.48556220754541,1.4850131372887234,7.376577636091447
2320.0,31.79714012145996,291.52196572273874,12.86562529101036,-298.4807905620408,291.52196572273874,298.4807905620408,202.0364032364503,11.380612386481992,-305.8573702442035,89.48556248628844,1.485012904528368,7.376579682162678
2328.0,31.907052993774414,291.5218975688912,12.86560778696606,-298.48069193455547,291.5218975688912,298.48069193455547,202.03633736114136,11.380595573727804,-305.85727419828766,89.48556020774984,1.4850122132382557,7.376582263732171
2336.0,32.0169677734375,291.5218902705631,12.865591254421183,-298.4806718344966,291.5218902705631,298.4806718344966,202.03633245514203,11.380579125748401,-305.85725594298594,89.48555781542107,1.4850121286727829,7.376584108489357
2344.0,32.12688064575195,291.52195283712945,12.86559945265917,-298.4806569076248,291.52195283712945,298.4806569076248,202.03639351059905,11.380587662467775,-305.8572433310294,89.48555932653042,1.485011790191395,7.376586423404614
2352.0,32.23679733276367,291.52198208830913,12.865601932211396,-298.4806599246547,291.52198208830913,298.4806599246547,202.03641740850932,11.380590809707183,-305.8572491689191,89.48556467979982,1.4850111225042124,7.376589244264412
2360.0,32.346710205078125,291.52198001198394,12.86562654439837,-298.4805876049647,291.52198001198394,298.4805876049647,202.03641001581775,11.380615559755267,-305.8571803351682,89.48556999616616,1.4850109846431043,7.376592730203548
2368.0,32.45662307739258,291.52195396796407,12.865638046290766,-298.48052397195625,291.52195396796407,298.48052397195625,202.0363806268091,11.380627476524706,-305.85711935028803,89.48557334115497,1.4850105697660585,7.376595378331807
2376.0,32.5665397644043,291.5218668363889,12.865643115506264,-298.48038773578145,291.5218668363889,298.48038773578145,202.03629372834592,11.380633015200559,-305.8569852465552,89.48557310804296,1.4850101003057057,7.376597510773774
2384.0,32.676456451416016,291.52171729308793,12.865616541758472,-298.48028740542145,291.52171729308793,298.48028740542145,202.03615035685362,11.380606722102637,-305.85688559198945,89.48556693623428,1.4850098196558343,7.376598186567978
2392.0,32.786373138427734,291.5217647977215,12.865585602168126,-298.48033297423933,291.5217647977215,298.48033297423933,202.03620575317575,11.380576101540347,-305.85693121866666,89.4855590445458,1.4850095006277784,7.3765982444273455
2400.0,32.89628601074219,291.52186206620235,12.865569182628237,-298.4803766756918,291.52186206620235,298.4803766756918,202.03629962527685,11.38056000749039,-305.8569768640402,89.4855624409255,1.4850091751378476,7.376600188348416
2408.0,33.00619888305664,291.5219298978666,12.865583369981948,-298.4803569938435,291.5219298978666,298.4803569938435,202.03635995879893,11.380574429577319,-305.85696014007334,89.48556993906766,1.48500894040463,7.376603146229872
2416.0,33.11611557006836,291.5219772875002,12.86560205614648,-298.4803493313056,291.5219772875002,298.4803493313056,202.03639799120236,11.380592998179672,-305.8569557313783,89.48557929629783,1.4850090579668087,7.376606400072728
2424.0,33.22602844238281,291.5219458342561,12.865616576049003,-298.4802477015624,291.5219458342561,298.4802477015624,202.03636043439298,11.380608168612595,-305.8568568864976,89.4855853998631,1.4850084074364078,7.376609184935216
2432.0,33.335941314697266,291.52188897274544,12.865628026303963,-298.4801394906952,291.52188897274544,298.4801394906952,202.0363007309839,11.380619935968284,-305.85675115661866,89.48558824176156,1.4850080903356786,7.3766116659234555
2440.0,33.44583511352539,291.52186375556937,12.865628309169823,-298.4801066661879,291.52186375556937,298.4801066661879,202.03627463471602,11.380620399221893,-305.85672045963446,89.48558912085332,1.4850079099479299,7.376613793446531
2448.0,33.55575180053711,291.52184047553646,12.865631669968355,-298.4800435166642,291.52184047553646,298.4800435166642,202.03625134061213,11.380624130157017,-305.856659359852,89.48558913492434,1.4850075398113387,7.376615843187825
2456.0,33.66566467285156,291.5218007081587,12.865621942826458,-298.4799737223062,291.5218007081587,298.4799737223062,202.03621216649083,11.380614799724901,-305.85659186344594,89.48558854166788,1.4850071431015568,7.376618141139726
2464.0,33.775577545166016,291.5217788632707,12.86561922883714,-298.4799456670913,291.5217788632707,298.4799456670913,202.03619159590718,11.380611763090105,-305.8565657716478,89.48558726736348,1.4850074657470345,7.37662010455653
2472.0,33.885494232177734,291.52172734609803,12.865606550468012,-298.4798469300438,291.52172734609803,298.4798469300438,202.0361414171553,11.380599988398874,-305.85646883241685,89.48558592894275,1.4850065620691388,7.376621902373071
2480.0,33.99540710449219,291.52171585963237,12.865603471070859,-298.4797788035711,291.52171585963237,298.4797788035711,202.03613136864365,11.380597322135282,-305.85640259312845,89.48558449098871,1.4850061489355761,7.376623789557364
2488.0,34.10531997680664,291.5217174119584,12.865596332253135,-298.4797972957041,291.5217174119584,298.4797972957041,202.0361330467406,11.380590609870376,-305.8564227829658,89.48558436521779,1.485005722382759,7.376625487261741
2496.0,34.21523666381836,291.5216998172451,12.865584567381813,-298.47974660711736,291.5216998172451,298.47974660711736,202.03611570073042,11.380579220589194,-305.8563741513693,89.4855841165147,1.4850053467926194,7.376627544251949
2504.0,34.32514953613281,291.52168557419884,12.865585197138284,-298.47973822561653,291.52168557419884,298.47973822561653,202.03610169199243,11.380580341339261,-305.85636735022285,89.48558388220638,1.485004855799022,7.376629124606307
2512.0,34.435062408447266,291.5216825590171,12.865572997521767,-298.4796871796087,291.5216825590171,298.4796871796087,202.03609876199147,11.380568212181187,-305.8563185758235,89.48558379702564,1.4850047853405794,7.376631396214808
2520.0,34.544979095458984,291.52174049550405,12.865561975938151,-298.47970048517016,291.52174049550405,298.47970048517016,202.03615410121458,11.380557525705045,-305.8563336983012,89.48558639428947,1.4850044502331066,7.376633213131079
2528.0,34.65489196777344,291.52176977482037,12.865578766146918,-298.4796984668703,291.52176977482037,298.4796984668703,202.0361775555993,11.380574571005646,-305.8563343332446,89.48559221922106,1.4850041951412716,7.3766358663743254
2536.0,34.76480484008789,291.5217850951991,12.8655907100317,-298.47963354502576,291.5217850951991,298.47963354502576,202.0361872288242,11.38058670364325,-305.8562715859387,89.48559786637489,1.4850040063884513,7.376638040912965
2544.0,34.87472152709961,291.5217786168814,12.86559101243375,-298.4795954519247,291.5217786168814,298.4795954519247,202.03617615807264,11.380587486598634,-305.8562362795754,89.48560245880878,1.4850035258351175,7.3766408276507285
2552.0,34.98463821411133,291.5217294489554,12.865603660501339,-298.479513532026,291.5217294489554,298.479513532026,202.0361255828304,11.380600488188769,-305.85615620733086,89.48560386612498,1.485003172312571,7.376642675304886
2560.0,35.09455108642578,291.521679690894,12.865608856295568,-298.47941978895625,291.521679690894,298.47941978895625,202.03607558594226,11.380605460471864,-305.8560643194344,89.48560410495175,1.4850033958237034,7.376644530478117
2568.0,35.20444869995117,291.5216430611649,12.865591376756324,-298.4793764942055,291.5216430611649,298.4793764942055,202.0360399602011,11.3805880859087,-305.85602299761194,89.48560310096386,1.485003290847624,7.376646503406423
2576.0,35.314361572265625,291.5216417454761,12.865582785186565,-298.47935661215405,291.5216417454761,298.47935661215405,202.0360397990891,11.380580067788458,-305.8560047110325,89.48560194638696,1.485002717398107,7.376648098878427
2584.0,35.42427444458008,291.5216215359811,12.865574600573849,-298.4793242691482,291.5216215359811,298.4793242691482,202.0360211035723,11.38057237172315,-305.8559735097463,89.48560043240883,1.4850022288506988,7.37664924059813
2592.0,35.5341911315918,291.52159777964584,12.86556659189739,-298.4792813021587,291.52159777964584,298.4792813021587,202.03599883292813,11.380564340658303,-305.8559321275779,89.48559894671773,1.4850022512390868,7.376650825419187
2600.0,35.64410400390625,291.521583309412,12.865561010234735,-298.47925320265375,291.521583309412,298.47925320265375,202.03598532035713,11.380559055497958,-305.8559057729973,89.48559798905487,1.4850019547367777,7.376652570343559
2608.0,35.7540168762207,291.5215752829716,12.865555148531213,-298.47923427460233,291.5215752829716,298.47923427460233,202.03597832666517,11.380553557809424,-305.8558881626107,89.48559695630641,1.4850015907217884,7.376653888008377
2616.0,35.86393356323242,291.52155684272606,12.865536387989085,-298.4791795717524,291.52155684272606,298.4791795717524,202.03595967335195,11.380534975011404,-305.85583434179966,89.48559716937409,1.4850014129776816,7.376654770047271
2624.0,35.97385025024414,291.52155994441733,12.865527393913471,-298.4791588674034,291.52155994441733,298.4791588674034,202.03596258676754,11.380526442591526,-305.8558157286879,89.48559735764981,1.485000951321946,7.376656861284488
2632.0,36.083763122558594,291.5215602552739,12.865521213522651,-298.47917772635446,291.5215602552739,298.47917772635446,202.03596216697855,11.380520522722275,-305.85583591280675,89.48559808829538,1.4850006908003763,7.376658186452293
2640.0,36.19367599487305,291.52163362290173,12.865512339610177,-298.47918277607846,291.52163362290173,298.47918277607846,202.03603113077855,11.380511678541748,-305.8558425255613,89.48560249212315,1.485000661068429,7.37665974948284
2648.0,36.303592681884766,291.5217028291627,12.865530645924633,-298.4791920736284,291.5217028291627,298.4791920736284,202.03609241793936,11.38053020405675,-305.8558541963473,89.48561041122332,1.4850004418678828,7.3766621227189155
2656.0,36.413509368896484,291.5216609071291,12.865543128347342,-298.4791126309115,291.5216609071291,298.4791126309115,202.03604525617993,11.380542799863832,-305.8557770544267,89.48561565094917,1.4850003284835107,7.3766644235152015
2664.0,36.52342224121094,291.5215553462409,12.865536685130671,-298.47901681519954,291.5215553462409,298.47901681519954,202.03594064953361,11.380536586273962,-305.85568263174844,89.48561469670727,1.4850000988567096,7.376665816548872
2672.0,36.63333511352539,291.5215547907444,12.865530727492144,-298.4789769422907,291.5215547907444,298.4789769422907,202.03594061057368,11.380530573224362,-305.8556445742137,89.48561418017073,1.4850001542677813,7.376667631923027
2680.0,36.74325180053711,291.52156950366896,12.865522879556826,-298.4789933227858,291.52156950366896,298.4789933227858,202.03595417633642,11.380523202712691,-305.855662249527,89.48561532733257,1.4849996768441351,7.376668926741154
2688.0,36.85316467285156,291.5215455262503,12.86552544266901,-298.4789203234661,291.5215455262503,298.4789203234661,202.0359290939349,11.380525436777777,-305.85559126858135,89.48561643231542,1.4850000058912338,7.3766709451152295
2696.0,36.96305847167969,291.52153522943564,12.86551506750759,-298.4788914648412,291.52153522943564,298.4788914648412,202.03591882094605,11.380515411626936,-305.8555644142383,89.48561640848959,1.4849996558806546,7.376672949397143
2704.0,37.07297134399414,291.521515400824,12.865514200655458,-298.47887862984254,291.521515400824,298.47887862984254,202.03589894532632,11.380514836697664,-305.8555526602666,89.48561645549768,1.4849993639577945,7.376674030424066
2712.0,37.18288803100586,291.52148606251995,12.86550886986558,-298.47880616920474,291.52148606251995,298.47880616920474,202.03587070647788,11.380509391735586,-305.8554818310989,89.48561535604209,1.4849994781299949,7.376675661894197
2720.0,37.29280471801758,291.5214892853356,12.865508208843575,-298.4787965802871,291.5214892853356,298.4787965802871,202.0358741944574,11.380509037477577,-305.8554734899257,89.48561509087818,1.484999171365998,7.376676909638594
2728.0,37.40271759033203,291.52146366114107,12.865492546934343,-298.4787690192008,291.52146366114107,298.4787690192008,202.03584868031896,11.380493679435837,-305.855447571069,89.48561498082208,1.4849988674985055,7.376678551868213
2736.0,37.512630462646484,291.5214941695466,12.865484281709431,-298.47872246262114,291.5214941695466,298.47872246262114,202.03587833815374,11.3804855049948,-305.8554023310282,89.48561583139289,1.484998776714631,7.37667986840707
2744.0,37.6225471496582,291.52157438494646,12.865508625925642,-298.4788003834646,291.52157438494646,298.4788003834646,202.0359528638666,11.38051015144893,-305.85548204460514,89.48562152107982,1.484998474476711,7.376681661140548
2752.0,37.732460021972656,291.52157846169075,12.865529870989116,-298.4787233379131,291.52157846169075,298.4787233379131,202.03595036490412,11.380531482332426,-305.8554072719768,89.4856280967866,1.4849983886566895,7.37668393406371
2760.0,37.84237289428711,291.52156295173006,12.86554609837032,-298.4786661161223,291.52156295173006,298.4786661161223,202.03593080823552,11.380547976051172,-305.8553518627591,89.48563214349453,1.4849981223191477,7.376685746636753
2768.0,37.95228958129883,291.52155162020506,12.865550341771943,-298.47866003887964,291.52155162020506,298.47866003887964,202.03591837025428,11.38055261865639,-305.8553472103449,89.48563324995081,1.4849977231155536,7.376687171465267
2776.0,38.06220245361328,291.52151991654114,12.865565178476665,-298.4785770122597,291.52151991654114,298.4785770122597,202.03588582484107,11.380567342466158,-305.85526549165957,89.48563409170004,1.4849978360105063,7.376688479399874
2784.0,38.172115325927734,291.52142008886153,12.86556269740448,-298.4784952687277,291.52142008886153,298.4784952687277,202.03578755909,11.380565147791529,-305.8551844631348,89.48563252977151,1.48499754961295,7.376689194407067
2792.0,38.28203201293945,291.52125591252417,12.865516748889318,-298.47846530759244,291.52125591252417,298.47846530759244,202.03563723884156,11.380519365072722,-305.8551515602894,89.48561867368261,1.4849973838165962,7.376686252696949
2800.0,38.391944885253906,291.52127529849355,12.865467379867823,-298.47854273373855,291.52127529849355,298.47854273373855,202.03566556481525,11.380469899165327,-305.8552280851418,89.4856097336783,1.484997480702496,7.376685351403246
2808.0,38.50185775756836,291.5213303672498,12.865433201401899,-298.4786081626173,291.5213303672498,298.4786081626173,202.03572220415975,11.380436180969921,-305.85529315205724,89.48560816309003,1.4849970204319771,7.376684989439919
2816.0,38.61177444458008,291.52133202194443,12.865405760628123,-298.47857692325374,291.52133202194443,298.47857692325374,202.0357224462564,11.38040898311231,-305.85526371083125,89.48560957568802,1.484996777515813,7.37668678757754
2824.0,38.72167205810547,291.5215294776108,12.865408953860483,-298.4786944371379,291.5215294776108,298.4786944371379,202.03591140627842,11.380412260226558,-305.85538309532046,89.48561807133234,1.484996693633924,7.376688658182541
2832.0,38.83158493041992,291.521633823329,12.865423607031852,-298.4787232711955,291.521633823329,298.4787232711955,202.0360004459195,11.380426789848546,-305.855415075771,89.48563337740953,1.4849968171833072,7.376691804575486
2840.0,38.94150161743164,291.52165748059326,12.865426101566426,-298.47871788254463,291.52165748059326,298.47871788254463,202.03601110319832,11.380429840112438,-305.8554125753116,89.48564637739494,1.4849962614539884,7.376694692766964
2848.0,39.051414489746094,291.52167371901885,12.86544033971501,-298.478733623295,291.52167371901885,298.478733623295,202.03601907635135,11.380444286593551,-305.8554297315976,89.48565464266751,1.4849960531214588,7.376696108302603
2856.0,39.16132736206055,291.5216383304526,12.865423743043332,-298.4786621883345,291.5216383304526,298.4786621883345,202.03597885683206,11.380427664799704,-305.85535963732326,89.48565947362056,1.4849960782436271,7.376697448988725
2864.0,39.271244049072266,291.52161792913626,12.865421012460493,-298.4786237650443,291.52161792913626,298.4786237650443,202.0359557610651,11.380425082458713,-305.8553228110237,89.48566216807114,1.48499593000178,7.376699045979414
2872.0,39.38115692138672,291.521565186987,12.865420506125652,-298.4785724737563,291.521565186987,298.4785724737563,202.03590206999394,11.380424703802802,-305.85527301202126,89.4856631169931,1.4849958023228502,7.376700538264959
2880.0,39.49106979370117,291.5215218643352,12.865420275124656,-298.47852656793066,291.5215218643352,298.47852656793066,202.03585948960708,11.380424759980142,-305.85522872699966,89.48566237472812,1.4849955151445131,7.376702159068973
2888.0,39.60098648071289,291.5214788368607,12.86541439018398,-298.47846303756796,291.5214788368607,298.47846303756796,202.0358179744413,11.380418997225675,-305.8551661702891,89.4856608624194,1.4849953929583055,7.376703132721161
2896.0,39.710899353027344,291.52145831732594,12.86541080788792,-298.47841038424957,291.52145831732594,298.47841038424957,202.03579863851755,11.380415624333551,-305.8551149036026,89.48565967880842,1.4849951835543693,7.37670451935303
2904.0,39.8208122253418,291.521439450299,12.865411577100456,-298.4783715421843,291.521439450299,298.4783715421843,202.0357810281817,11.380416517088559,-305.8550773304433,89.48565842211733,1.4849950600118966,7.376705788259006
2912.0,39.930728912353516,291.5214233818631,12.865411174018329,-298.4783345383734,291.5214233818631,298.4783345383734,202.03576559051328,11.380416606724445,-305.8550414038684,89.48565779134984,1.4849945672938833,7.376706865495006
2920.0,40.040645599365234,291.5214372923348,12.865418034920419,-298.47831869882276,291.5214372923348,298.47831869882276,202.03578028498544,11.380423570518609,-305.8550267556239,89.48565700734932,1.4849944644018092,7.376708056801132
2928.0,40.15055847167969,291.5214574003935,12.865419872184198,-298.47835033804995,291.5214574003935,298.47835033804995,202.0358001645645,11.380425611089894,-305.85505954887515,89.48565723582902,1.484994261094304,7.376709210825201
2936.0,40.26047134399414,291.5214442516534,12.86542431603786,-298.47828065816276,291.5214442516534,298.47828065816276,202.03578665863554,11.38043041963915,-305.8549912135614,89.48565759301788,1.4849938963987084,7.3767105553986205
2944.0,40.37038803100586,291.5214478171064,12.865433938282301,-298.4782741912406,291.5214478171064,298.4782741912406,202.0357896837594,11.380440182304277,-305.85498617647625,89.48565813334702,1.484993755978025,7.376711985235655
2952.0,40.48028564453125,291.5214308777566,12.86542835293643,-298.47820683320873,291.5214308777566,298.47820683320873,202.03577188302867,11.380434748563856,-305.8549198549933,89.48565899472791,1.4849936043725753,7.3767130217845285
2960.0,40.5901985168457,291.5214343335601,12.865439608367119,-298.47819613584045,291.5214343335601,298.47819613584045,202.03577447369685,11.380446299773144,-305.85491070771764,89.48565985986322,1.484993308593975,7.37671457187718
2968.0,40.70011520385742,291.5214196595431,12.865444044621018,-298.4781572376575,291.5214196595431,298.4781572376575,202.0357589027688,11.380450811055606,-305.8548729058325,89.48566075677425,1.4849932335654115,7.376715668174999
2976.0,40.810028076171875,291.5214180737114,12.865452076753451,-298.4781458065385,291.5214180737114,298.4781458065385,202.03575669544657,11.380459076483993,-305.85486285493783,89.48566137826487,1.484993000269458,7.376717048399335
2984.0,40.91994094848633,291.52140651582624,12.865454770157495,-298.4781076588619,291.52140651582624,298.4781076588619,202.035744709141,11.380461854625738,-305.85482556765123,89.48566180668527,1.4849929155317576,7.37671790878931
2992.0,41.02985763549805,291.5214211735097,12.865458549487137,-298.4780855435504,291.5214211735097,298.4780855435504,202.03575846325703,11.380465567277199,-305.854804718405,89.48566271025265,1.4849929822099392,7.376719174854571
3000.0,41.1397705078125,291.52141283499844,12.865461563819915,-298.4780591950705,291.52141283499844,298.4780591950705,202.0357493629622,11.38046890997667,-305.8547796128579,89.48566347203624,1.4849926538432447,7.376720417787414
3008.0,41.24968338012695,291.52141488116916,12.865468026561858,-298.4780299507972,291.52141488116916,298.4780299507972,202.0357505152671,11.380475594238515,-305.854751505502,89.48566436590205,1.4849924323233439,7.376721554704815
3016.0,41.35960006713867,291.5213937103571,12.865469401297814,-298.4779841445725,291.5213937103571,298.4779841445725,202.03572929702375,11.38047693097801,-305.8547067879206,89.48566441333332,1.4849924703198047,7.37672264334811
3024.0,41.469512939453125,291.52138544807826,12.86547093879379,-298.4779385723833,291.52138544807826,298.4779385723833,202.03572014476413,11.380478742029748,-305.85466228048494,89.48566530331412,1.4849921967640423,7.376723708101611
3032.0,41.57942581176758,291.52139368673636,12.865485937328293,-298.477943699116,291.52139368673636,298.477943699116,202.03572859209123,11.380494006282891,-305.8546683007487,89.4856650946451,1.4849919310454018,7.376724601632688
3040.0,41.6893424987793,291.52137246605145,12.865488990651443,-298.4779192488656,291.52137246605145,298.4779192488656,202.0357071048379,11.380497113957487,-305.854645080305,89.48566536121353,1.4849918766939556,7.376725831439369
3048.0,41.79925537109375,291.52137420571535,12.865490281211883,-298.4778777098307,291.52137420571535,298.4778777098307,202.03570872828152,11.380498592546482,-305.8546045343802,89.48566547743383,1.4849916886654013,7.376726824549515
3056.0,41.9091682434082,291.52135637541016,12.8654956484114,-298.47782917343136,291.52135637541016,298.47782917343136,202.03569029643936,11.380503996355458,-305.8545573068802,89.48566607897078,1.4849916520559427,7.376728133448861
3064.0,42.01908493041992,291.52135237644995,12.865502489523005,-298.47780307107655,291.52135237644995,298.47780307107655,202.03568584369864,11.380511306125449,-305.85453213671764,89.48566653275134,1.4849911833975564,7.376729065641108
3072.0,42.128997802734375,291.52135448123306,12.865501741828403,-298.47780345124363,291.52135448123306,298.47780345124363,202.0356875633754,11.38051036859358,-305.85453348506394,89.48566691785769,1.4849913732348234,7.376730033820305
3080.0,42.238895416259766,291.5213425235463,12.865510519689956,-298.47773796960166,291.5213425235463,298.47773796960166,202.03567495417514,11.380519389943796,-305.8544691448009,89.48566756937116,1.4849911297461587,7.376731175199218
3088.0,42.348812103271484,291.5212446667609,12.865501693152343,-298.4776944747294,291.5212446667609,298.4776944747294,202.03558061681528,11.380510694126471,-305.8544254608322,89.4856640499456,1.4849909990258707,7.376730986102807
3096.0,42.45872497558594,291.52123325033335,12.865467565868997,-298.4777212201278,291.52123325033335,298.4777212201278,202.03557464274337,11.380476915041317,-305.85445151069337,89.48565860758995,1.4849906508276804,7.37673029056554
3104.0,42.56863784790039,291.5212669987959,12.865461374245774,-298.477737202896,291.5212669987959,298.477737202896,202.03560962635413,11.380470850903901,-305.85446790582773,89.48565737244178,1.4849905233418723,7.37673070293177
3112.0,42.67855453491211,291.5212783037855,12.86545354162773,-298.4777331246663,291.5212783037855,298.4777331246663,202.03562049961627,11.38046327475407,-305.8544648375746,89.48565780416925,1.4849902668736585,7.376731712908306
3120.0,42.78846740722656,291.5212898669921,12.865439623502821,-298.47770793829255,291.5212898669921,298.47770793829255,202.03563027259162,11.380449295023006,-305.85444062014096,89.48565959440052,1.484990328479816,7.376732681848431
3128.0,42.898380279541016,291.5212981468292,12.86543130885231,-298.47771759568536,291.5212981468292,298.47771759568536,202.0356367428936,11.380441103761106,-305.854451318912,89.48566140393562,1.4849902050912043,7.376733723226682
3136.0,43.008296966552734,291.52128978971496,12.865429914727928,-298.4776745997194,291.52128978971496,298.4776745997194,202.03562624756205,11.380439989400791,-305.85441013034597,89.48566354215288,1.4849899253271368,7.376735530626522
3144.0,43.11820983886719,291.5212951357769,12.865418510588778,-298.47769217620646,291.5212951357769,298.47769217620646,202.03562964561766,11.380428782394763,-305.85442887666255,89.48566549015919,1.4849897281940165,7.376736700456103
3152.0,43.22812271118164,291.52131012372735,12.865407952937339,-298.47768595979335,291.52131012372735,298.47768595979335,202.03564278462613,11.380418520488414,-305.8544241546887,89.48566733910123,1.4849894324489261,7.376738194895342
3160.0,43.338043212890625,291.52130847568515,12.865398547442831,-298.47770246338473,291.52130847568515,298.47770246338473,202.0356399509227,11.380409220414787,-305.85444125767174,89.48566852476247,1.4849893270280443,7.376738794286986
3168.0,43.44795608520508,291.52130047345634,12.865396096552661,-298.47768331877353,291.52130047345634,298.47768331877353,202.03563014257452,11.380406955345396,-305.85442305244766,89.48567033088179,1.4849891412072642,7.3767397336741
3176.0,43.5578727722168,291.52129910141514,12.865384716594365,-298.47767758455507,291.52129910141514,298.47767758455507,202.03562732409978,11.380395678182483,-305.8544186069704,89.48567177731539,1.4849890384118825,7.376741022415317
3184.0,43.66778564453125,291.5213114746105,12.86537270136534,-298.4777177545641,291.5213114746105,298.4777177545641,202.0356384299696,11.380383571374272,-305.8544596923164,89.4856730446409,1.4849891299910671,7.376741937752346
3192.0,43.7776985168457,291.5212636000778,12.865356727549273,-298.4776150527399,291.5212636000778,298.4776150527399,202.0355898176995,11.380368047986966,-305.8543576584682,89.48567378237831,1.4849886795623055,7.376742605728271
3200.0,43.88761520385742,291.5212733946521,12.865349759018343,-298.47763367684684,291.5212733946521,298.47763367684684,202.0355986591476,11.380361243069306,-305.8543772832495,89.48567473550452,1.4849885159490375,7.376743606402677
3208.0,43.99750900268555,291.52128804428537,12.865349577298083,-298.47762934205844,291.52128804428537,298.47762934205844,202.03561237898904,11.380361265586824,-305.8543739189913,89.4856756652963,1.4849883117112592,7.3767445769329
3216.0,44.107421875,291.5212434066573,12.865336945620651,-298.47762198337904,291.5212434066573,298.47762198337904,202.0355669331228,11.380348425594129,-305.854367615836,89.48567647353448,1.4849885200265227,7.376745632456949
3224.0,44.21733474731445,291.5211603685692,12.865308073639529,-298.4775814544389,291.5211603685692,298.4775814544389,202.03548880346574,11.380319664315198,-305.8543261495528,89.48567156510347,1.4849884093243302,7.376744695113885
3232.0,44.32725143432617,291.5212303182154,12.865294491479819,-298.4776276242696,291.5212303182154,298.4776276242696,202.0355585447595,11.380306192790353,-305.85437334792937,89.48567177345588,1.4849882986894658,7.3767457236597735
3240.0,44.437164306640625,291.52131270257144,12.865296094785437,-298.47771855841256,291.52131270257144,298.47771855841256,202.03563679643597,11.380307961631127,-305.8544651290771,89.48567590613544,1.4849881331543104,7.376746570664508
3248.0,44.54707717895508,291.5213205139632,12.86530126987143,-298.4776484267306,291.5213205139632,298.4776484267306,202.03564006664476,11.380313432689821,-305.85439680731884,89.48568044731843,1.4849878371816094,7.376748380588229
3256.0,44.6569938659668,291.52132975591087,12.865312530682544,-298.47765346654046,291.52132975591087,298.47765346654046,202.0356451771467,11.380324532065622,-305.85440270578306,89.48568457876418,1.4849879986169225,7.376749239242596
3264.0,44.76690673828125,291.5213211147569,12.865308293705299,-298.47761706382255,291.5213211147569,298.47761706382255,202.03563411484762,11.380320514270313,-305.85436739943714,89.48568699990926,1.4849877794349864,7.376750335614592
3272.0,44.8768196105957,291.52132141556683,12.86531760747335,-298.47762156626493,291.52132141556683,298.47762156626493,202.03563208464593,11.38033021322092,-305.85437276184825,89.48568933092093,1.4849873942524296,7.376751195583314
3280.0,44.98673629760742,291.52130356842827,12.865312190578285,-298.47755599130295,291.52130356842827,298.47755599130295,202.03561273872356,11.380324760573506,-305.8543079511955,89.48569082970474,1.4849874300047783,7.376751959892555
3288.0,45.096649169921875,291.52130815662787,12.86531762649802,-298.4775539346308,291.52130815662787,298.4775539346308,202.03561530538437,11.38033035279005,-305.8543067505526,89.4856928512435,1.4849872737079703,7.376752815921826
3296.0,45.20656204223633,291.521313201373,12.86533474061669,-298.4775498927381,291.521313201373,298.4775498927381,202.03561919467904,11.38034760005995,-305.8543038308394,89.48569400669396,1.4849871405567405,7.376753938101263
3304.0,45.31647872924805,291.5212955279226,12.86533326089563,-298.477513088016,291.5212955279226,298.477513088016,202.03560079670632,11.380346183931744,-305.854267721754,89.48569473121623,1.4849870769638855,7.376754633738006
3312.0,45.4263916015625,291.5213030789523,12.8653422513413,-298.47750054425916,291.5213030789523,298.47750054425916,202.0356075701954,11.380355231436756,-305.85425558841564,89.48569550875689,1.4849870199045434,7.376755044156475
3320.0,45.53630447387695,291.52130353041207,12.865340589095064,-298.4774813237362,291.52130353041207,298.4774813237362,202.03560761514927,11.380353549560336,-305.8542372211929,89.4856959152628,1.4849870395347273,7.3767558974567145
3328.0,45.64622116088867,291.5212813250598,12.865359135358409,-298.47743318259506,291.5212813250598,298.47743318259506,202.0355849830617,11.380372159921636,-305.85419006464537,89.48569634199808,1.484986975436772,7.376756882050305
3336.0,45.75611877441406,291.52128895825,12.865372194611432,-298.477416839207,291.52128895825,298.477416839207,202.03559247634053,11.380385503049913,-305.854174003049,89.48569648190951,1.4849866915615182,7.376757163841987
3344.0,45.866031646728516,291.52126460702357,12.865377896078257,-298.4773685814573,291.52126460702357,298.4773685814573,202.0355680029152,11.380391342390272,-305.8541266463898,89.48569660410834,1.484986553687986,7.376758064932442
3352.0,45.975948333740234,291.5212889467124,12.865387599223936,-298.47736896424794,291.5212889467124,298.47736896424794,202.03559226979206,11.380400790076468,-305.8541278254431,89.48569667692036,1.4849868091474678,7.3767588611951
3360.0,46.08586120605469,291.5212695066723,12.865402040693077,-298.47733371218226,291.5212695066723,298.47733371218226,202.03557262790605,11.380415448931272,-305.85409296600034,89.48569687876622,1.4849865917618055,7.376759253818072
3368.0,46.19577407836914,291.5212703289577,12.865417036866376,-298.47731758632506,291.5212703289577,298.47731758632506,202.03557312276664,11.380430706812083,-305.85407756134975,89.4856972061911,1.4849863300542916,7.376759975024719
3376.0,46.30569076538086,291.5212498887197,12.865427531981526,-298.47724417460813,291.5212498887197,298.47724417460813,202.03555222682,11.380441239740975,-305.8540049227769,89.48569766189968,1.484986292240551,7.376760748168731
3384.0,46.41560363769531,291.52127080655134,12.865439869047014,-298.47727257300215,291.52127080655134,298.47727257300215,202.03557235826977,11.38045350147574,-305.85403393625774,89.48569844828154,1.4849863675712738,7.3767613632556
3392.0,46.525516510009766,291.52127452215717,12.865461995311996,-298.47723418450096,291.52127452215717,298.47723418450096,202.03557589393085,11.380475692789748,-305.8539961330255,89.48569862822632,1.4849863025222474,7.3767619485245035
3400.0,46.635433197021484,291.5212629743192,12.86547091670546,-298.4771898277988,291.5212629743192,298.4771898277988,202.03556389761792,11.380484985758303,-305.85395265948057,89.48569907670127,1.4849859309471578,7.376762831681802
3408.0,46.74534606933594,291.52126666963414,12.865494900027569,-298.4771770988922,291.52126666963414,298.4771770988922,202.03556740377115,11.380508750194625,-305.85394017541404,89.485699265863,1.4849861498329429,7.376763076521858
3416.0,46.85525894165039,291.52127396438385,12.86550344329473,-298.47714999778606,291.52127396438385,298.47714999778606,202.03557465134912,11.380517645323724,-305.8539140376269,89.48569931303473,1.484985797971005,7.376764039840861
3424.0,46.96517562866211,291.52126581682614,12.86551306046755,-298.4771203150184,291.52126581682614,298.4771203150184,202.0355664372142,11.380527485720911,-305.85388498445406,89.48569937961196,1.4849855747466376,7.376764669435655
3432.0,47.07508850097656,291.5212592912355,12.865535920280562,-298.4770656511761,291.5212592912355,298.4770656511761,202.03555946260624,11.380550346181804,-305.8538309075542,89.48569982862924,1.4849855740987583,7.376765256378118
3440.0,47.185001373291016,291.5212583762042,12.86554799824271,-298.4770495624262,291.5212583762042,298.4770495624262,202.03555828351404,11.380562310071788,-305.8538152257866,89.48570009269012,1.4849856881709214,7.376765663360381
3448.0,47.294918060302734,291.5212813828814,12.86556085578153,-298.4770170222188,291.5212813828814,298.4770170222188,202.0355807336043,11.38057556690975,-305.85378312390594,89.48570064927713,1.48498528887178,7.3767661016871955
3456.0,47.40483093261719,291.52127984920276,12.865582642250015,-298.4770059973664,291.52127984920276,298.4770059973664,202.0355782168222,11.380597313096093,-305.85377297721163,89.4857016323806,1.4849853291539228,7.376766979845254
3464.0,47.51472854614258,291.5212791241182,12.865597093712958,-298.4769693426507,291.5212791241182,298.4769693426507,202.0355771239958,11.380611846359486,-305.8537369100368,89.4857020001224,1.4849852473534721,7.3767675673860715
3472.0,47.6246452331543,291.52127034957584,12.86562176956199,-298.476930995048,291.52127034957584,298.476930995048,202.03556809307526,11.380636551841798,-305.8536991853022,89.48570225650059,1.484985217720192,7.376768190254218
3480.0,47.73455810546875,291.5212742259146,12.86563073066825,-298.47690050543156,291.5212742259146,298.47690050543156,202.03557135500822,11.380645488894654,-305.8536690411214,89.48570287090641,1.4849852417735976,7.376768535689838
3488.0,47.8444709777832,291.5212687543081,12.865656587635964,-298.4768593028758,291.5212687543081,298.4768593028758,202.0355656106005,11.38067161500117,-305.8536286084731,89.48570314370761,1.484984972634794,7.3767693055973
3496.0,47.95438766479492,291.5212816647709,12.865676623611133,-298.47683101429715,291.5212816647709,298.47683101429715,202.03557752565177,11.380691699085878,-305.8536008635449,89.48570413911916,1.4849849245252547,7.376769849247726
3504.0,48.064300537109375,291.5212895174509,12.865687869910921,-298.4768217864713,291.5212895174509,298.4768217864713,202.0355849382239,11.380702776628032,-305.85359251136936,89.48570457922696,1.4849850932828896,7.3767707248980265
3512.0,48.17421340942383,291.5212970019423,12.86571485617753,-298.4767892575782,291.5212970019423,298.4767892575782,202.03559165151282,11.380730037547764,-305.85356030743776,89.48570535042947,1.4849848186297658,7.376771049859528
3520.0,48.28413009643555,291.5212988644189,12.865744484004999,-298.4767562779833,291.5212988644189,298.4767562779833,202.03559273039002,11.380759559244275,-305.85352806941785,89.4857061340289,1.4849849247607239,7.376771791434535
3528.0,48.39404296875,291.52129029173364,12.865752225571239,-298.47669684259154,291.52129029173364,298.47669684259154,202.03558362889802,11.380767419656621,-305.8534689105072,89.48570666283564,1.484984805914617,7.376772067915702
3536.0,48.50395584106445,291.5213036459878,12.86579384207707,-298.47669895700426,291.5213036459878,298.47669895700426,202.03559652062884,11.380809158219716,-305.85347174358367,89.48570712535896,1.4849846838573544,7.376772786579409
3544.0,48.61387252807617,291.5212962603131,12.865804294029207,-298.47666674878593,291.5212962603131,298.47666674878593,202.03558855927116,11.380819503599978,-305.85343988145297,89.48570770104189,1.4849847904292293,7.376773132667022
3552.0,48.723785400390625,291.5212942255787,12.865831126392727,-298.4766041305488,291.5212942255787,298.4766041305488,202.03558651031068,11.380846956100815,-305.8533781274332,89.485707715268,1.4849841702919127,7.376773996884388
3560.0,48.83369827270508,291.5212745896772,12.865852820540885,-298.47653975589117,291.5212745896772,298.47653975589117,202.03556704422886,11.380868233224785,-305.8533142948334,89.48570754544838,1.484984587316101,7.376774538942215
3568.0,48.9436149597168,291.521303857127,12.865868555712947,-298.47657457513617,291.521303857127,298.47657457513617,202.03559628001233,11.380883971248924,-305.85334951398283,89.48570757711465,1.4849845844640224,7.376774938846687
3576.0,49.05352783203125,291.5212927141814,12.865893585135797,-298.47650621600525,291.5212927141814,298.47650621600525,202.03558495140908,11.380909306049166,-305.85328132145406,89.48570776277231,1.484984279086632,7.376775105448818
3584.0,49.1634407043457,291.52129437920007,12.865914198252373,-298.4764820596907,291.52129437920007,298.4764820596907,202.0355870919248,11.380929897016397,-305.85325814750274,89.48570728727523,1.4849843012359756,7.37677608781204
3592.0,49.27334213256836,291.5212891256658,12.86593120539537,-298.4764414028711,291.5212891256658,298.4764414028711,202.03558190803702,11.380946916138189,-305.85321759786814,89.48570721762877,1.4849842892571807,7.376776194997053
3600.0,49.38325500488281,291.52130478992194,12.865954157988412,-298.4763978424811,291.52130478992194,298.4763978424811,202.03559720953712,11.380970407411759,-305.8531742744702,89.48570758038485,1.4849837505766532,7.3767764319890965
3608.0,49.493167877197266,291.521311272344,12.86598543245783,-298.47639755320756,291.521311272344,298.47639755320756,202.03560299352196,11.381001157747228,-305.8531746567455,89.48570827882205,1.4849842747106017,7.376777103537965
3616.0,49.603084564208984,291.52131467969866,12.866009079387116,-298.4763424282311,291.52131467969866,298.4763424282311,202.0356054932415,11.381025062040411,-305.85311965803555,89.48570918645716,1.4849840173467048,7.376777229804453
3624.0,49.71299743652344,291.5213195477124,12.866035106301613,-298.4763133128594,291.5213195477124,298.4763133128594,202.03560960670575,11.381051112174108,-305.85309111564516,89.48570994100663,1.4849839941275063,7.376777802785746
3632.0,49.82291030883789,291.52126592838636,12.866053533793163,-298.4762994741994,291.52126592838636,298.4762994741994,202.0355572285817,11.38106949399116,-305.8530776687697,89.48570869980469,1.4849840398020042,7.376778194570317
3640.0,49.93282699584961,291.5211448401668,12.866036233239528,-298.47620151681025,291.5211448401668,298.47620151681025,202.03544426395013,11.38105253219171,-305.8529773970046,89.48570057621671,1.4849837010478188,7.3767758801943515
3648.0,50.04273986816406,291.5211679578301,12.866032426432577,-298.4762524250265,291.5211679578301,298.4762524250265,202.03547352087358,11.381048905298137,-305.8530269287197,89.48569443695649,1.4849835211344409,7.3767745036932375
3656.0,50.152652740478516,291.5212030520534,12.8660215103305,-298.47628355494055,291.5212030520534,298.47628355494055,202.03550950862774,11.381038028833611,-305.8530580876053,89.48569354342567,1.4849834814968887,7.376774532664744
3664.0,50.262569427490234,291.52125527837654,12.866029384389064,-298.4763111927293,291.52125527837654,298.4763111927293,202.03556062436311,11.381045938377753,-305.8530859171026,89.4856946540134,1.4849834460113118,7.376774724373284
3672.0,50.37248229980469,291.52133014969957,12.86604750701686,-298.47630062906086,291.52133014969957,298.47630062906086,202.03563018964778,11.381063970238461,-305.85307649532785,89.4856999600518,1.4849835367783992,7.376775866267007
3680.0,50.48239517211914,291.5212408586942,12.866047603030633,-298.4762153846531,291.5212408586942,298.4762153846531,202.03553969903282,11.381064317320277,-305.85299203504724,89.48570115966137,1.484983285710357,7.376776650394181
3688.0,50.59231185913086,291.52118585342396,12.866034285963087,-298.4762164757957,291.52118585342396,298.4762164757957,202.03548775767075,11.381051065127608,-305.85299276941447,89.48569809575318,1.4849832208354787,7.3767762936187715
3696.0,50.70222473144531,291.5211804339465,12.86601204515521,-298.47623716044836,291.5211804339465,298.47623716044836,202.03548476706504,11.381029113745765,-305.853013309274,89.48569566688141,1.4849829314094467,7.37677614882562
3704.0,50.812137603759766,291.52118761884327,12.86598371561553,-298.47622851142023,291.52118761884327,298.47622851142023,202.03549196921642,11.381000924410966,-305.8530052258536,89.48569564962686,1.4849827912045634,7.37677671443338
3712.0,50.922054290771484,291.5212329457443,12.865971105362359,-298.4762908189141,291.5212329457443,298.4762908189141,202.03553604211166,11.38098827594852,-305.85306804946674,89.48569690363267,1.4849828294138387,7.376777230552655
3720.0,51.031951904296875,291.5212171587185,12.865966309917566,-298.4762529235485,291.5212171587185,298.4762529235485,202.03551918766203,11.380983475734599,-305.85303066922165,89.48569797105648,1.484982834182967,7.376777745673177
3728.0,51.14186477661133,291.5212299632849,12.865949839023692,-298.47628362030713,291.5212299632849,298.47628362030713,202.03553055497622,11.380967221872446,-305.8530626738904,89.48569940830868,1.484982617151247,7.37677905358326
3736.0,51.25178146362305,291.521358846607,12.865956845010349,-298.47633678817914,291.521358846607,298.47633678817914,202.0356540835536,11.380974553077081,-305.85311647659876,89.4857047630534,1.4849822919332683,7.376779688419639
3744.0,51.3616943359375,291.5215145573257,12.865990974153167,-298.4764459761695,291.5215145573257,298.4764459761695,202.0357962911497,11.381008686037472,-305.85322698615397,89.48571826617601,1.4849822881156947,7.376781009984466
3752.0,51.47160720825195,291.5215450761266,12.86601814566625,-298.47641638323967,291.5215450761266,298.47641638323967,202.0358152096415,11.381036283130943,-305.8531990709026,89.48572986648506,1.4849818625353064,7.376782687662917
3760.0,51.58152389526367,291.52151573638787,12.866050972805468,-298.4763508073925,291.52151573638787,298.4763508073925,202.0357794771156,11.381069090425784,-305.8531344871714,89.48573625927224,1.4849818823796828,7.376783679778892
3768.0,51.691436767578125,291.52150825568594,12.866064666457117,-298.476336222006,291.52150825568594,298.476336222006,202.03576914045172,11.381082803135868,-305.8531205082136,89.48573911523425,1.4849818633212495,7.3767842862075526
3776.0,51.80134963989258,291.52146186824564,12.866080744749668,-298.47625736271254,291.52146186824564,298.47625736271254,202.03572195255214,11.38109871114687,-305.85304203244283,89.48573991569353,1.4849820336027981,7.3767846697302595
3784.0,51.9112663269043,291.52143984258703,12.86610028602595,-298.47624302818525,291.52143984258703,298.47624302818525,202.03570008446022,11.38111840966876,-305.85302792300206,89.48573975812684,1.4849818763571916,7.376784894816801
3792.0,52.02117919921875,291.52141274482744,12.866113079654077,-298.47616829734955,291.52141274482744,298.47616829734955,202.0356737688311,11.38113164711283,-305.85295330031806,89.48573897599634,1.484981432541246,7.376785002968525
3800.0,52.1310920715332,291.5213934501158,12.866123752930841,-298.47613828191993,291.5213934501158,298.47613828191993,202.03565566601102,11.381142403761274,-305.85292395791777,89.48573778410478,1.484981349169568,7.376785675997848
3808.0,52.24100875854492,291.5213804745266,12.866150368512931,-298.47609251030036,291.5213804745266,298.47609251030036,202.03564395271735,11.381168897368475,-305.85287806005584,89.48573652180927,1.4849814711444562,7.376785549755503
3816.0,52.350921630859375,291.52137683729813,12.866167724521345,-298.4760567159067,291.52137683729813,298.4760567159067,202.03564186293931,11.381186339471608,-305.8528427131482,89.48573497435882,1.4849813850497369,7.376785997241544
3824.0,52.46083450317383,291.5213731850437,12.86619025657577,-298.4760285119434,291.5213731850437,298.4760285119434,202.03563885830707,11.381208892927852,-305.85281477575234,89.48573432673663,1.4849813636479188,7.376786263808924
3832.0,52.57075119018555,291.521364143171,12.866209984134112,-298.47598175218593,291.521364143171,298.47598175218593,202.03563056606254,11.381228870629698,-305.8527682662458,89.48573357710848,1.4849811135044133,7.376786514059855
3840.0,52.6806640625,291.5213737303266,12.866236729277833,-298.4759583438316,291.5213737303266,298.4759583438316,202.0356403279884,11.381255613837908,-305.8527450691307,89.48573340233823,1.4849811154399264,7.376786725299095
3848.0,52.790557861328125,291.5213655706002,12.866261107423227,-298.4759648354186,291.5213655706002,298.4759648354186,202.03563257804552,11.381279934686406,-305.852752205719,89.48573299255466,1.4849811727368225,7.376787370300384
3856.0,52.90047073364258,291.52124101583524,12.866256561595723,-298.4758814265496,291.52124101583524,298.4758814265496,202.03551511132451,11.38127548657873,-305.85266742729164,89.48572590451074,1.4849810750169927,7.376786000742026
3864.0,53.0103874206543,291.5212009927447,12.86623986294753,-298.47585258503,291.5212009927447,298.47585258503,202.03548284397306,11.381258916001501,-305.8526372084754,89.48571814877162,1.484980946946029,7.376784623445392
3872.0,53.12030029296875,291.52125698069,12.866232439548691,-298.47593995657917,291.52125698069,298.47593995657917,202.03554139488327,11.381251708679375,-305.8527237244523,89.48571558580673,1.484980730869316,7.376783767873146
3880.0,53.2302131652832,291.5212557174412,12.866242557116697,-298.4758690087372,291.5212557174412,298.4758690087372,202.03554065442498,11.381262002116898,-305.852653736054,89.48571506301622,1.4849805549997992,7.376784727316757
3888.0,53.34012985229492,291.52129717665485,12.866246481363234,-298.47591188193786,291.52129717665485,298.47591188193786,202.03558103893113,11.381266068603988,-305.8526965633455,89.48571613772374,1.484980412759245,7.37678468140761
3896.0,53.450042724609375,291.52130841682776,12.86625483348455,-298.4758710297832,291.52130841682776,298.4758710297832,202.03559090944833,11.381274381794412,-305.85265647376195,89.48571750737945,1.484980451690137,7.376785443978726
3904.0,53.55995559692383,291.52135332380794,12.866264272982942,-298.4759014634057,291.52135332380794,298.4759014634057,202.03563325934905,11.381284139365057,-305.8526877203655,89.48572006445889,1.4849801336178856,7.376786256959793
3912.0,53.66987228393555,291.5213707345621,12.866266539752203,-298.47590381475084,291.5213707345621,298.47590381475084,202.03564871116595,11.381286279249096,-305.8526906653391,89.48572202339614,1.4849802605031073,7.376786850588257
3920.0,53.77978515625,291.5213858510525,12.866277310374405,-298.4758805531392,291.5213858510525,298.4758805531392,202.03566105488332,11.381297098637956,-305.85266855619943,89.48572479616917,1.484980211736449,7.376788003060252
3928.0,53.88969802856445,291.52138985167227,12.866283498653985,-298.47583654859517,291.52138985167227,298.47583654859517,202.03566229458033,11.381303049087986,-305.85262499607245,89.48572755709195,1.4849804495659995,7.376788447477264
3936.0,53.99961471557617,291.5214157501593,12.86629004233329,-298.4758716217371,291.5214157501593,298.4758716217371,202.03568604518682,11.381309683047203,-305.85266099060425,89.48572970497248,1.484980359286087,7.376789368867129
3944.0,54.109527587890625,291.5214306529524,12.866299722069103,-298.4758758997302,291.5214306529524,298.4758758997302,202.03569902911363,11.381319361325861,-305.8526658217269,89.48573162383879,1.4849803607432417,7.376789921996643
3952.0,54.21944046020508,291.52140056705866,12.866309193851064,-298.4758029918636,291.52140056705866,298.4758029918636,202.0356679340788,11.381328936373519,-305.8525932054823,89.48573263297989,1.4849802574775457,7.376790213618744
3960.0,54.3293571472168,291.52140635931823,12.866312479472512,-298.4758090483931,291.52140635931823,298.4758090483931,202.03567234101683,11.381332481160971,-305.8525996375861,89.48573401830137,1.4849799983115402,7.376790589192961
3968.0,54.43927001953125,291.521410714577,12.866327105460467,-298.4758213814753,291.521410714577,298.4758213814753,202.03567591541523,11.381347056995152,-305.852612348942,89.48573479916178,1.4849800484653153,7.376790967466672
3976.0,54.54917526245117,291.5213960306165,12.866329404960082,-298.47576958955415,291.5213960306165,298.47576958955415,202.03566119178095,11.381349302443343,-305.8525614114669,89.48573483883553,1.4849801025167384,7.376791821912747
3984.0,54.659088134765625,291.5214164961308,12.866342666474612,-298.4757708492516,291.5214164961308,298.4757708492516,202.03568099079632,11.38136265257366,-305.85256307233607,89.48573550533452,1.4849800139009517,7.376792223084475
3992.0,54.76900100708008,291.5214037878875,12.866356974782573,-298.4757510249716,291.5214037878875,298.4757510249716,202.03566823185105,11.381376803722116,-305.8525435170234,89.48573555603642,1.4849801710604569,7.37679249205177
4000.0,54.8789176940918,291.52137845559344,12.866364824766565,-298.4756794934756,291.52137845559344,298.4756794934756,202.03564250300963,11.381385012947598,-305.852472329897,89.48573595258378,1.484979811818966,7.376792836421426
4008.0,54.98883056640625,291.52138289354036,12.866372804606982,-298.47570027999046,291.52138289354036,298.47570027999046,202.03564694354407,11.381392911806117,-305.85249380114817,89.48573594999633,1.484979892800865,7.376793521157698
4016.0,55.0987434387207,291.52138347302025,12.86638342583845,-298.4756731848039,291.52138347302025,298.4756731848039,202.0356473313226,11.381403652743188,-305.8524665086243,89.48573614169767,1.4849797730952612,7.37679332382039
4024.0,55.20866012573242,291.52137222569195,12.866397835924829,-298.4756514286388,291.52137222569195,298.4756514286388,202.0356364259906,11.381418130635813,-305.85244543101606,89.48573579970136,1.4849797052890163,7.376794002377295
4032.0,55.318572998046875,291.52138616595084,12.866397779120481,-298.4756466881645,291.52138616595084,298.4756466881645,202.03564993337417,11.381418158840853,-305.85244122994294,89.48573623257666,1.4849796202796282,7.376794541778423
4040.0,55.42848587036133,291.52137969523045,12.86641063109909,-298.47561882637604,291.52137969523045,298.47561882637604,202.0356432818944,11.381431142604892,-305.8524133957569,89.48573641333604,1.4849794884941967,7.376794569380888
4048.0,55.53840255737305,291.5213876742106,12.866418932532953,-298.47559496480534,291.5213876742106,298.47559496480534,202.0356511459638,11.381439236998876,-305.8523897462638,89.48573652824675,1.4849796955340773,7.376794781458436
4056.0,55.6483154296875,291.52139639845757,12.86642901177748,-298.47561489189127,291.52139639845757,298.47561489189127,202.03565944717212,11.381449342378534,-305.8524101029566,89.48573695128546,1.484979669398946,7.376795211065339
4064.0,55.75822830200195,291.5214049903551,12.866447772088195,-298.47557980225434,291.5214049903551,298.47557980225434,202.03566763949672,11.38146820096008,-305.85237544928856,89.48573735085836,1.4849795711281142,7.376795647034207
4072.0,55.86814498901367,291.5214068481798,12.866462503348288,-298.47555273365464,291.5214068481798,298.47555273365464,202.03566895319324,11.381483273560931,-305.8523487181951,89.48573789498656,1.4849792297873554,7.3767959845404825
4080.0,55.978057861328125,291.5214071618375,12.866477699356473,-298.47554183713214,291.5214071618375,298.47554183713214,202.0356683330781,11.38149828346657,-305.85233811394687,89.48573882875942,1.4849794158899037,7.376796276814737
4088.0,56.08797073364258,291.5214070035662,12.866499518085048,-298.475521256255,291.5214070035662,298.475521256255,202.03566767680675,11.381520190250118,-305.85231817615147,89.48573932675943,1.4849793278349297,7.376796919896474
4096.0,56.1978874206543,291.52142798961927,12.866511190760725,-298.4755557576202,291.52142798961927,298.4755557576202,202.03568799031726,11.381531928438429,-305.85235313197074,89.48573999930204,1.4849792623222966,7.376797374350517
4104.0,56.30781936645508,291.52143240247943,12.86652448848484,-298.47549794231514,291.52143240247943,298.47549794231514,202.03569172343683,11.38154514871213,-305.8522954864879,89.4857406790426,1.4849793397727107,7.376797544172749
4112.0,56.41770553588867,291.5214124445631,12.866540724667416,-298.4754538635575,291.5214124445631,298.4754538635575,202.03567105274334,11.381561383984383,-305.8522518945589,89.4857413918198,1.4849793406830336,7.376798031001364
4120.0,56.527618408203125,291.52141955653724,12.866552549416676,-298.47544095494266,291.52141955653724,298.47544095494266,202.0356782300044,11.381573179806157,-305.85223888516043,89.48574132653286,1.4849793696105191,7.3767979302177835
4128.0,56.63753128051758,291.5214303928261,12.866567303542102,-298.47544593582916,291.5214303928261,298.47544593582916,202.035688645895,11.381588040764615,-305.85224461699954,89.48574174693114,1.4849792627774854,7.376798681170396
4136.0,56.7474479675293,291.52142252139333,12.866585259904232,-298.475386273383,291.52142252139333,298.475386273383,202.0356806154278,11.381606074173956,-305.85218518729323,89.48574190596553,1.4849791857302768,7.3767989139102745
4144.0,56.85736083984375,291.5214180232658,12.866602907273103,-298.47534859973143,291.5214180232658,298.47534859973143,202.03567582751484,11.381623472405021,-305.8521479408299,89.48574219575096,1.4849794348680827,7.376799341098518
4152.0,56.9672737121582,291.52142483230296,12.866616841047716,-298.4753256742244,291.52142483230296,298.4753256742244,202.03568228295205,11.381637296610101,-305.85212498011776,89.48574254935093,1.484979544437615,7.376799305893353
4160.0,57.07719039916992,291.52144198216683,12.8666368999434,-298.475344484663,291.52144198216683,298.475344484663,202.03569904044392,11.381657774802555,-305.8521440661998,89.4857429417229,1.484979125140845,7.376799581536773
4168.0,57.187103271484375,291.5214395012261,12.866657624418163,-298.4753122205583,291.5214395012261,298.4753122205583,202.03569612525834,11.381678529266155,-305.8521121578587,89.48574337596774,1.4849790951520072,7.376799937300429
4176.0,57.29701614379883,291.52143501259684,12.866671160506122,-298.4752696473852,291.52143501259684,298.4752696473852,202.03569142705453,11.381691955691528,-305.852070025843,89.48574358554234,1.484979204814595,7.376800378457794
4184.0,57.40693283081055,291.5214600730641,12.866691562880524,-298.47529502399914,291.5214600730641,298.47529502399914,202.03571568822457,11.381712528306787,-305.85209547632394,89.4857443848395,1.4849790345737375,7.37680045232479
4192.0,57.516845703125,291.5214392387653,12.866714471798936,-298.4752001352343,291.5214392387653,298.4752001352343,202.03569489609134,11.381735443811237,-305.85200106353136,89.48574434267398,1.4849790279876989,7.376800928297065
4200.0,57.62675857543945,291.52146026779434,12.8667333919261,-298.4752237916851,291.52146026779434,298.4752237916851,202.0357151607247,11.381754547858414,-305.8520250167627,89.48574510706966,1.4849788440676863,7.376801225077585
4208.0,57.73667526245117,291.5214586516316,12.86675499481481,-298.4751896854481,291.5214586516316,298.4751896854481,202.0357133178256,11.381776124179233,-305.85199101870177,89.48574533380595,1.484978870635577,7.37680133325367
4216.0,57.846588134765625,291.5214486368102,12.866776496645679,-298.47513664758253,291.5214486368102,298.47513664758253,202.03570300698817,11.381797549230388,-305.85193815644766,89.48574562982199,1.4849789474152915,7.376801508865142
4224.0,57.95650100708008,291.5214608057549,12.866798233452034,-298.47512510337054,291.5214608057549,298.47512510337054,202.0357145380188,11.381819395661795,-305.8519270450706,89.48574626773609,1.4849788377902389,7.376801941700105
4232.0,58.0664176940918,291.52146750491306,12.866820835328845,-298.4751089542499,291.52146750491306,298.4751089542499,202.0357210644469,11.381842024163014,-305.85191129413874,89.48574644046616,1.4849788111658309,7.3768023398888545
4240.0,58.17633056640625,291.52146772904484,12.866842070178269,-298.47506133737204,291.52146772904484,298.47506133737204,202.03572080275325,11.3818632698772,-305.85186369020676,89.4857469262916,1.4849788003010684,7.376802352834737
4248.0,58.2862434387207,291.5214726793129,12.866871812989286,-298.47505089380513,291.5214726793129,298.47505089380513,202.0357256910224,11.38189295924139,-305.8518536048191,89.48574698829053,1.4849788537478954,7.376802711013962
4256.0,58.39616012573242,291.52119888903576,12.866862072329866,-298.4749437478346,291.52119888903576,298.4749437478346,202.03546009276278,11.381883381151756,-305.8517443682161,89.48573879627295,1.4849786911781102,7.376800620381509
4264.0,58.506072998046875,291.52110101139795,12.866766659135006,-298.4749554563399,291.52110101139795,298.4749554563399,202.03538630846504,11.381788365353103,-305.851750853408,89.48571470293294,1.4849782937819045,7.376795397068104
4272.0,58.61598587036133,291.52122936948734,12.86672877199131,-298.4751631091595,291.52122936948734,298.4751631091595,202.03551977136203,11.381750464521495,-305.85195681534617,89.4857095981253,1.4849783074698142,7.376793706186696
4280.0,58.72590255737305,291.52127079527077,12.866701274825015,-298.4751559003153,291.52127079527077,298.4751559003153,202.03556022999632,11.38172288580429,-305.85194960014127,89.48571056527442,1.4849783890207249,7.376793699825946
4288.0,58.8358154296875,291.52130039225045,12.866691435280075,-298.4751474128501,291.52130039225045,298.4751474128501,202.0355867787933,11.381713258094905,-305.8519421559144,89.48571361345716,1.4849781771851704,7.376794743064295
4296.0,58.94572830200195,291.5213639553592,12.86667956238718,-298.47524007160155,291.5213639553592,298.47524007160155,202.03564594063238,11.38170145493503,-305.85203590342076,89.48571801472681,1.4849781074521498,7.376795831819198
4304.0,59.05564498901367,291.52141602964616,12.866653822594037,-298.4752562929295,291.52141602964616,298.4752562929295,202.03569110907273,11.381675541685823,-305.85205317497343,89.48572492057346,1.4849782809082135,7.376796882043973
4312.0,59.165557861328125,291.5214563736886,12.866636189520548,-298.4753144907782,291.5214563736886,298.4753144907782,202.03572431613702,11.38165785276859,-305.8521127603882,89.48573205755154,1.484978336751957,7.376798269609992
4320.0,59.27547836303711,291.5214796657563,12.866609170053497,-298.4753365628122,291.5214796657563,298.4753365628122,202.035740754436,11.381630948882309,-305.8521361003571,89.48573891132033,1.4849782211711882,7.37679953754493
4328.0,59.38539123535156,291.5214872413686,12.866578697228434,-298.47536742939457,291.5214872413686,298.47536742939457,202.03574323580688,11.381600414483662,-305.85216776287655,89.48574400556177,1.4849782827447724,7.376800333481977
4336.0,59.495304107666016,291.52149098363964,12.866554037717295,-298.4754120587829,291.52149098363964,298.4754120587829,202.0357431885679,11.381576006585945,-305.8522132773106,89.48574779507172,1.4849780311313494,7.376801218527675
4344.0,59.605220794677734,291.5214622445819,12.86653565868037,-298.4754044317098,291.5214622445819,298.4754044317098,202.0357123855424,11.381557554337189,-305.8522061764426,89.48574985903949,1.4849781043431807,7.376801744732816
4352.0,59.71513366699219,291.5214414746331,12.866507602371396,-298.47540153126795,291.5214414746331,298.47540153126795,202.03569037455156,11.381529459832334,-305.8522034042895,89.48575110008153,1.4849781425390607,7.376801873021574
4360.0,59.82504653930664,291.52142802135035,12.866478165273044,-298.475436532714,291.52142802135035,298.475436532714,202.03567652116297,11.381499958264943,-305.85223905859664,89.48575150018738,1.484978207008102,7.376802525882628
4368.0,59.9349250793457,291.52140321632805,12.866447091210434,-298.4754311677396,291.52140321632805,298.4754311677396,202.03565228218642,11.381468824677889,-305.8522336586255,89.4857509341416,1.4849782665325453,7.376802490885872
4376.0,60.04484176635742,291.5213883352304,12.866420188287835,-298.47545396757477,291.5213883352304,298.47545396757477,202.03563792757114,11.38144173628614,-305.85225642100175,89.48575040765928,1.4849784520016942,7.376802453426993
4384.0,60.15475845336914,291.5213554209357,12.86639461092934,-298.4754616968045,291.5213554209357,298.4754616968045,202.03560567758424,11.38141626842896,-305.8522644661758,89.48574974335148,1.4849783425003806,7.376802769371341
4392.0,60.26467514038086,291.5213655506451,12.866371391077333,-298.47549449968363,291.5213655506451,298.47549449968363,202.0356162319169,11.38139322517932,-305.85229714288596,89.48574931872824,1.484978165898014,7.3768026432023035
4400.0,60.37459182739258,291.52157841978544,12.866375202148125,-298.4756162618935,291.52157841978544,298.4756162618935,202.03582117069,11.381396900575753,-305.8524200990228,89.4857572490954,1.4849783015723719,7.3768038371293585
4408.0,60.4845085144043,291.5216901159819,12.866418181771108,-298.4756927547294,291.5216901159819,298.4756927547294,202.03591783106958,11.38144024291869,-305.85249866249717,89.48577228491233,1.4849779388524182,7.376805907767789
4416.0,60.59442138671875,291.52170293955845,12.866449390285151,-298.47564721271084,291.52170293955845,298.47564721271084,202.03591981340037,11.381471430877271,-305.8524544319787,89.4857831261581,1.48497795940788,7.376807219267821
4424.0,60.70433044433594,291.5217028164331,12.866473839615363,-298.47562806338016,291.5217028164331,298.47562806338016,202.03591321215526,11.381495533011726,-305.8524362232551,89.48578960427784,1.4849783066036366,7.376808159874955
4432.0,60.81425094604492,291.52170001721515,12.866495872920966,-298.4756228801973,291.52170001721515,298.4756228801973,202.03590700396845,11.381517620043672,-305.85243133927486,89.48579301324668,1.4849782528772941,7.376808459077566
4440.0,60.92416000366211,291.52160276942277,12.866510946109903,-298.4754874526377,291.52160276942277,298.4754874526377,202.0358095027969,11.381532662037301,-305.85229635495614,89.48579326662586,1.4849782840726025,7.376808902318402
4448.0,61.03407669067383,291.52150161517125,12.866518281278383,-298.47546176027356,291.52150161517125,298.47546176027356,202.03571295115984,11.381539751079357,-305.8522703557826,89.48578866401144,1.4849785301990253,7.376808595509029
4456.0,61.14399337768555,291.5213842112649,12.86651490043111,-298.47539116302494,291.5213842112649,298.47539116302494,202.03560394383015,11.381536295107932,-305.85219846793996,89.48578026743473,1.4849786053231786,7.376807304914994
4464.0,61.25390625,291.52118613943793,12.86647547036479,-298.4753008908237,291.52118613943793,298.4753008908237,202.03542175586838,11.381497160508873,-305.8521052553253,89.48576438356956,1.4849783098559175,7.3768043645015915
4472.0,61.36381912231445,291.52110370071347,12.866419088584477,-298.4753182396971,291.52110370071347,298.4753182396971,202.035360778521,11.381440865178027,-305.8521194972987,89.48574292219246,1.484978223406451,7.376801257601585
4480.0,61.47373580932617,291.5211841707413,12.866397804069548,-298.47545829721554,291.5211841707413,298.47545829721554,202.0354497975835,11.381419605064625,-305.85225759389533,89.48573437315784,1.4849781990049233,7.376799296679781
4488.0,61.583648681640625,291.52123909315884,12.86638462280452,-298.47545941076805,291.52123909315884,298.47545941076805,202.03550522309953,11.38140713796817,-305.8522589828181,89.4857338700593,1.4849774848363508,7.376799572050043
4496.0,61.69356155395508,291.5213278682663,12.86638294478392,-298.4755310639792,291.5213278682663,298.4755310639792,202.03559085363327,11.381405172624312,-305.85233100608264,89.48573701463307,1.484977772159608,7.376799942103425
4504.0,61.8034782409668,291.5213929240093,12.866365733937043,-298.4755528491025,291.5213929240093,298.4755528491025,202.0356491386687,11.381387815336947,-305.8523540265142,89.48574378534065,1.4849779186000964,7.376801177411746
4512.0,61.91339111328125,291.52145696569,12.866343936587695,-298.4756036812109,291.52145696569,298.4756036812109,202.03570519663893,11.381366227597091,-305.8524062953643,89.48575176905106,1.4849777089906038,7.376802614153394
4520.0,62.0233039855957,291.5215196379047,12.866334273493598,-298.47564108661487,291.5215196379047,298.47564108661487,202.03575887993088,11.38135665898376,-305.8524450536175,89.48576075797385,1.4849776145098368,7.376803967002608
4528.0,62.13322067260742,291.52156716021466,12.86631940084627,-298.47571060794485,291.52156716021466,298.47571060794485,202.03579784235575,11.381341365870659,-305.8525161786273,89.48576931785888,1.4849780349756123,7.376805570682475
4536.0,62.243133544921875,291.52159069749354,12.866300131364913,-298.475732583627,291.52159069749354,298.475732583627,202.03581449465236,11.381322198756664,-305.85253934518835,89.48577620284117,1.4849779326082486,7.376806761561362
4544.0,62.35304641723633,291.52158874737836,12.866297820376998,-298.47573513252274,291.52158874737836,298.47573513252274,202.03580737538724,11.381319810122772,-305.85254255940924,89.4857813719911,1.4849780102542252,7.376807426886476
4552.0,62.46296310424805,291.5215569585979,12.866282323706592,-298.47570968963,291.5215569585979,298.47570968963,202.03577274765044,11.38130414802679,-305.85251790234736,89.48578421094747,1.4849781756798037,7.376808212717368
4560.0,62.5728759765625,291.5215394881377,12.866273614068064,-298.4757258504755,291.5215394881377,298.4757258504755,202.0357540307463,11.381295936092393,-305.85253426117197,89.48578545739142,1.4849776779756714,7.376808410696444
4568.0,62.68278884887695,291.52150494895375,12.866259684402133,-298.4756983057822,291.52150494895375,298.4756983057822,202.0357191646516,11.381281995544082,-305.85250678545606,89.48578578430215,1.4849776888580497,7.376808479673869
4576.0,62.79270553588867,291.52149592963497,12.866246881650401,-298.4756972803432,291.52149592963497,298.4756972803432,202.03571080579252,11.38126905212236,-305.85250622163534,89.48578512384242,1.4849778295280414,7.376808941292147
4584.0,62.902618408203125,291.52149479781565,12.86623732077078,-298.47572211784495,291.52149479781565,298.47572211784495,202.03571007338536,11.381259730395715,-305.85253147757714,89.48578472443026,1.4849775903750657,7.376809359732203
4592.0,63.01253128051758,291.5214809879078,12.866242500223388,-298.4756977424509,291.5214809879078,298.4756977424509,202.03569580940984,11.381264818888216,-305.85250722269393,89.48578517849793,1.4849776813351714,7.376809480243018
4600.0,63.1224479675293,291.52151042837204,12.866238271559121,-298.4757129178905,291.52151042837204,298.4757129178905,202.035724390565,11.381260713358692,-305.8525228717245,89.48578603780703,1.484977558200429,7.37680995383398
4608.0,63.23236083984375,291.521508715435,12.866230945334008,-298.4757119579416,291.521508715435,298.4757119579416,202.0357214952773,11.381253704932139,-305.85252210567126,89.48578722015772,1.4849772404018693,7.376810147729682
4616.0,63.3422737121582,291.52151261696844,12.866242878525131,-298.4757173781355,291.52151261696844,298.4757173781355,202.03572494959565,11.381265753555589,-305.85252785777857,89.4857876673728,1.4849771249695436,7.376810479643066
4624.0,63.452152252197266,291.5214994090313,12.866247318456963,-298.4756994964462,291.5214994090313,298.4756994964462,202.0357113091648,11.381270054794241,-305.8525100984284,89.4857880998665,1.484977263662723,7.376810601982211
4632.0,63.562068939208984,291.521474565891,12.86624321812858,-298.4756589088391,291.521474565891,298.4756589088391,202.03568671846352,11.381266129405187,-305.85247007075975,89.48578784742753,1.4849770887233946,7.3768111619206636
4640.0,63.67198181152344,291.5214949067807,12.866243330279474,-298.4756855069524,291.5214949067807,298.4756855069524,202.03570713907627,11.381266487967414,-305.85249671537565,89.48578776770441,1.4849768423120595,7.376811208423252
4648.0,63.78189468383789,291.52146910237303,12.86623775607529,-298.47565954451704,291.52146910237303,298.47565954451704,202.03568151261197,11.381260581395924,-305.85247100550004,89.48578758976106,1.484977174679364,7.37681146098301
4656.0,63.89181137084961,291.5214597100065,12.866242017662435,-298.4756321901999,291.5214597100065,298.4756321901999,202.0356727151376,11.381265036562759,-305.85244365527547,89.48578699486893,1.4849769810996756,7.376811465075541
4664.0,64.00172424316406,291.52146977660834,12.866240030649498,-298.47566807846016,291.52146977660834,298.47566807846016,202.03568297139657,11.381262939927716,-305.8524798064718,89.48578680521175,1.484977090721782,7.376811728011646
4672.0,64.11164093017578,291.5214650437395,12.866251244793515,-298.47565858321593,291.5214650437395,298.47565858321593,202.03567822320255,11.381274193880381,-305.85247031251794,89.48578682053697,1.484977050913134,7.376811729301977
4680.0,64.22154998779297,291.5214654409016,12.866250161881357,-298.47563269419487,291.5214654409016,298.47563269419487,202.03567878080375,11.381273369695064,-305.8524446617107,89.48578666009784,1.4849767921862922,7.376811967515852
4688.0,64.33146667480469,291.52147795741257,12.866254024524403,-298.4756733239781,291.52147795741257,298.4756733239781,202.03569128784443,11.381277230661686,-305.8524852140652,89.48578666956817,1.484976793862717,7.376811890087069
4696.0,64.4413833618164,291.5214652263751,12.866257118388685,-298.4756430937065,291.5214652263751,298.4756430937065,202.035678583899,11.381280504505998,-305.8524550875658,89.48578664247611,1.4849766138826868,7.376811993859288
4704.0,64.5512924194336,291.5214672498949,12.866263821658773,-298.4756346535549,291.5214672498949,298.4756346535549,202.0356807502684,11.381287347851218,-305.8524468377508,89.4857864996265,1.4849764738075555,7.376812184195913
4712.0,64.66120910644531,291.5214596363788,12.866261286420668,-298.4756262090061,291.5214596363788,298.4756262090061,202.035673480181,11.381285034652482,-305.85243869605506,89.48578615619778,1.484976251768186,7.376812487048948
4720.0,64.77112579345703,291.52146709425625,12.866267944016677,-298.47563902686915,291.52146709425625,298.47563902686915,202.0356806101543,11.381291240851322,-305.8524517065421,89.48578648410196,1.4849767031653542,7.376812679672984
4728.0,64.88103485107422,291.52146137173764,12.866272946320219,-298.47561795139467,291.52146137173764,298.47561795139467,202.03567481553313,11.381296381399407,-305.8524307833863,89.48578655620452,1.4849765649208118,7.376812831991629
4736.0,64.99095153808594,291.5214687182271,12.866275761653663,-298.47561721888457,291.5214687182271,298.47561721888457,202.03568241909556,11.38129937233223,-305.8524302752662,89.4857862991315,1.4849763893214338,7.376813056381653
4744.0,65.10086822509766,291.5214753520569,12.866279386325061,-298.4755935909303,291.5214753520569,298.4755935909303,202.03568816264135,11.381302893771654,-305.85240664053686,89.4857871894155,1.4849764925534068,7.37681304960655
4752.0,65.21077728271484,291.5214821710382,12.8662823148256,-298.47563588641094,291.5214821710382,298.47563588641094,202.03569493811582,11.381305879910357,-305.85244904758355,89.4857872329224,1.4849764349152423,7.376813161172624
4760.0,65.3207015991211,291.52146468470545,12.866283009087127,-298.47559598960777,291.52146468470545,298.47559598960777,202.03567713644193,11.381306690855464,-305.85240965796197,89.48578754826353,1.4849763182316622,7.376813668354192
4768.0,65.43061065673828,291.5214778669038,12.866286438185917,-298.47560438661225,291.5214778669038,298.47560438661225,202.0356900487746,11.381310105449401,-305.85241814637544,89.48578781812921,1.4849763327365162,7.376813759763177
4776.0,65.54052734375,291.5214757451451,12.86629336619616,-298.4755908011059,291.5214757451451,298.4755908011059,202.03568817290363,11.381316789917388,-305.85240458240236,89.48578757224145,1.4849765762787719,7.376813781296423
4784.0,65.65044403076172,291.52147539760097,12.866295304361433,-298.4755501458126,291.52147539760097,298.4755501458126,202.03568720189122,11.38131893514224,-305.85236392227364,89.48578819570973,1.4849763692191942,7.376813776461063
4792.0,65.7603530883789,291.52146490580583,12.866304865821848,-298.47555175364727,291.52146490580583,298.47555175364727,202.03567697326417,11.381328357601532,-305.85236590509004,89.48578793254163,1.4849765082203146,7.37681415144278
4800.0,65.87026977539062,291.5214819060988,12.866314380297528,-298.4755488349658,291.5214819060988,298.4755488349658,202.03569356085922,11.381338089337774,-305.8523627418041,89.4857883452396,1.4849762909597544,7.376813906838258
4808.0,65.98018646240234,291.5214841062282,12.86632726640256,-298.4755429658913,291.5214841062282,298.4755429658913,202.03569574868763,11.381351045754418,-305.8523573313305,89.48578835754054,1.484976220648143,7.376814365439191
4816.0,66.09009552001953,291.52149548656763,12.866324202182708,-298.475562440641,291.52149548656763,298.475562440641,202.03570730199763,11.381347972780889,-305.85237660083453,89.48578818457001,1.4849762294018198,7.37681416019355
4824.0,66.20001220703125,291.5214818098481,12.866328771493162,-298.4755254876601,291.5214818098481,298.4755254876601,202.03569347939097,11.381352572572924,-305.85234010226725,89.48578833045714,1.484976198920238,7.376814614607138
4832.0,66.30992889404297,291.5214841718989,12.866334643560409,-298.47554580783645,291.5214841718989,298.47554580783645,202.03569538796498,11.38135842880564,-305.8523604360392,89.48578878393397,1.4849762147547683,7.37681462820273
4840.0,66.41983795166016,291.5214774518288,12.86634903599311,-298.4755142375708,291.5214774518288,298.4755142375708,202.03568878388114,11.381372878873727,-305.85232900418623,89.48578866794765,1.4849761571193847,7.376814766615421
4848.0,66.52975463867188,291.521483414955,12.866350003507318,-298.47547060828026,291.521483414955,298.47547060828026,202.0356946041242,11.381373863127536,-305.8522858052794,89.48578881083085,1.4849761403797814,7.376815196999157
4856.0,66.6396713256836,291.521497266806,12.86636406188692,-298.4755110871589,291.521497266806,298.4755110871589,202.0357080884911,11.381387966576348,-305.8523261200378,89.48578917831492,1.484976095310571,7.376815032878902
4864.0,66.74958038330078,291.521485993714,12.86636602161916,-298.47546518290744,291.521485993714,298.47546518290744,202.03569713380386,11.38138978968132,-305.85228076416354,89.48578885991017,1.4849762319378415,7.376815581256103
4872.0,66.8594970703125,291.5214985106115,12.866375490776324,-298.4754776034179,291.5214985106115,298.4754776034179,202.03570908566473,11.381399301736984,-305.85229297210753,89.48578942494674,1.4849761890393396,7.376815368689613
4880.0,66.96937561035156,291.52147795041884,12.86638597022639,-298.4754452170571,291.52147795041884,298.4754452170571,202.0356882589999,11.381410042264307,-305.852260766011,89.48578969141896,1.484975927962082,7.376815548953928
4888.0,67.07929229736328,291.5214842881984,12.866388847925057,-298.4754432615741,291.5214842881984,298.4754432615741,202.03569437216095,11.381412767073158,-305.8522589217424,89.48578991603742,1.4849760808518995,7.376815660168287
4896.0,67.18920135498047,291.5214872888181,12.86640665848372,-298.4754444322895,291.5214872888181,298.4754444322895,202.03569747684674,11.381430757776435,-305.85226007911615,89.48578981197136,1.4849759007072854,7.376815646826646
4904.0,67.29911804199219,291.52149617143795,12.86641063766549,-298.4754346539444,291.52149617143795,298.4754346539444,202.03570632447966,11.381434731280743,-305.8522507167652,89.48578984695828,1.4849759063847476,7.376816062820815
4912.0,67.4090347290039,291.52148886903905,12.866427452631473,-298.4754093907569,291.52148886903905,298.4754093907569,202.03569878790057,11.381451588459605,-305.8522253379315,89.48579008113849,1.484975864171869,7.376815947174581
4920.0,67.5189437866211,291.5215063675193,12.866427949091026,-298.47542129194824,291.5215063675193,298.47542129194824,202.035716564156,11.381452192785229,-305.8522374480332,89.48578980336332,1.4849757563057968,7.376816156084939
4928.0,67.62886047363281,291.521496610604,12.86644316400125,-298.4754182552294,291.521496610604,298.4754182552294,202.0357066984969,11.381467590821842,-305.8522343734926,89.4857899121071,1.4849755731794088,7.3768161182632035
4936.0,67.73877716064453,291.5214905412299,12.866453986083384,-298.47538677473005,291.5214905412299,298.47538677473005,202.03570079618677,11.381478362177145,-305.8522025611418,89.48578974504312,1.4849756239062397,7.37681578641174
4944.0,67.84868621826172,291.5214895749958,12.86645254848386,-298.47535378883026,291.5214895749958,298.47535378883026,202.0356997733334,11.381476683756821,-305.85216998080165,89.4857898016624,1.4849758647270395,7.376816191971358
4952.0,67.95860290527344,291.5214882387338,12.866465322385292,-298.4753459683046,291.5214882387338,298.4753459683046,202.03569857635375,11.381489695612967,-305.85216235753336,89.48578966238006,1.4849756267723249,7.3768163892287255
4960.0,68.06851959228516,291.52147896766127,12.866472191718119,-298.4753337241885,291.52147896766127,298.4753337241885,202.03568936807852,11.381496610366145,-305.85215009539513,89.48578959958274,1.4849755813519736,7.376816371206662
4968.0,68.17842864990234,291.5215091176055,12.86648818500389,-298.4753514618521,291.5215091176055,298.4753514618521,202.0357193483534,11.381512799821735,-305.85216772266136,89.48578976925207,1.4849753851821548,7.376816260809285
4976.0,68.28834533691406,291.5214903781883,12.86649712721377,-298.4753104354313,291.5214903781883,298.4753104354313,202.03570052644915,11.381521613846967,-305.85212733512265,89.48578985173914,1.484975513366801,7.376816899691352
4984.0,68.39826202392578,291.5215036324881,12.866506069066558,-298.4753363603054,291.5215036324881,298.4753363603054,202.0357139734072,11.381530362891679,-305.85215283304547,89.48578965908085,1.4849757061748792,7.376816472740096
4992.0,68.50817108154297,291.52149692638693,12.866514684076055,-298.4753020131746,291.52149692638693,298.4753020131746,202.03570723173033,11.381539490152177,-305.8521188437188,89.4857896946566,1.4849751939238782,7.376816830544193
5000.0,68.61808776855469,291.5215028326586,12.866524757872641,-298.47529185642946,291.5215028326586,298.47529185642946,202.03571285518734,11.381549232446726,-305.85210897403874,89.48578997747124,1.4849755254259147,7.376817117609296
5008.0,68.7280044555664,291.521514229389,12.866538166676843,-298.4753063320502,291.521514229389,298.4753063320502,202.035724051471,11.381562708373039,-305.85212294401174,89.485790177918,1.4849754583038037,7.376816611961555
5016.0,68.8379135131836,291.52150991334554,12.866549339354565,-298.4752555519327,291.52150991334554,298.4752555519327,202.0357197172088,11.381573724729908,-305.8520726046786,89.48579019613675,1.4849756146246573,7.376817052745881
5024.0,68.94783020019531,291.52151478248265,12.86655922595294,-298.4752525512296,291.52151478248265,298.4752525512296,202.03572462705296,11.381583665608176,-305.8520696103012,89.4857901554297,1.4849755603447656,7.376817059071637
5032.0,69.05774688720703,291.52150191925875,12.866569201143324,-298.47522273219874,291.52150191925875,298.47522273219874,202.03571130642297,11.381593920174597,-305.85203973403674,89.48579061283579,1.4849752809687278,7.376817001838017
5040.0,69.16765594482422,291.52150925675386,12.866579964729942,-298.4752279196089,291.52150925675386,298.4752279196089,202.03571882492224,11.381604760536465,-305.85204528811533,89.48579043183163,1.4849752041934772,7.376817368506412
5048.0,69.27757263183594,291.52150589308684,12.866591915345538,-298.475210509241,291.52150589308684,298.475210509241,202.03571563613235,11.381616389960241,-305.85202786114155,89.4857902569545,1.484975525385296,7.376817351900563
5056.0,69.38748931884766,291.5215184755356,12.866605196959167,-298.47520129859623,291.5215184755356,298.47520129859623,202.03572741576735,11.381629972572139,-305.85201888664494,89.48579105976825,1.4849752243870291,7.376817588048688
5064.0,69.49739837646484,291.52152655374545,12.866623506491033,-298.47520782323613,291.52152655374545,298.47520782323613,202.03573575548677,11.381648107920196,-305.8520255880795,89.48579079825868,1.484975398570837,7.376817764843413
5072.0,69.60731506347656,291.5215148772381,12.866630908796076,-298.4751584022805,291.5215148772381,298.4751584022805,202.03572370256572,11.381655474846056,-305.85197627605214,89.48579117467234,1.484975433950019,7.376817873771664
5080.0,69.71723175048828,291.52152937232086,12.866636908929223,-298.4751734229047,291.52152937232086,298.4751734229047,202.03573816876482,11.381661230115075,-305.8519912304122,89.485791203556,1.484975678814148,7.376817807507521
5088.0,69.82714080810547,291.5215382348133,12.866652041303603,-298.475164203898,291.5215382348133,298.475164203898,202.03574688004153,11.381676970338109,-305.8519822497626,89.4857913547718,1.484975070965494,7.376818045864667
5096.0,69.93706512451172,291.52151928768694,12.866664381025588,-298.475108382279,291.52151928768694,298.475108382279,202.03572733561222,11.381689153785217,-305.8519264242957,89.48579195207473,1.4849752272403707,7.376818042016659
5104.0,70.0469741821289,291.5215555916649,12.866679591693467,-298.47518741230203,291.5215555916649,298.47518741230203,202.0357639959094,11.381704423290813,-305.8520054162849,89.48579159575544,1.4849751684026544,7.376818003982834
5112.0,70.15689086914062,291.5215259910974,12.866692289440229,-298.4750828454835,291.5215259910974,298.4750828454835,202.0357342455283,11.381717021786416,-305.8519012382252,89.48579174556914,1.484975267653812,7.376818392741722
5120.0,70.26680755615234,291.52153269905097,12.866709493643102,-298.47504238025925,291.52153269905097,298.47504238025925,202.0357408500634,11.381734084077575,-305.85186070206754,89.48579184898756,1.484975409565526,7.37681832180828
5128.0,70.37671661376953,291.5215387024542,12.866720045543927,-298.47507944414986,291.5215387024542,298.47507944414986,202.03574665813758,11.381744725081743,-305.8518978787647,89.48579204431664,1.4849753204621827,7.37681843461484
5136.0,70.4865951538086,291.5215404576565,12.866729167706028,-298.47506066236906,291.5215404576565,298.47506066236906,202.03574814789022,11.381753814506844,-305.8518790993915,89.48579230976627,1.4849753531991843,7.376818437022433
5144.0,70.59651184082031,291.5215276537198,12.86675095304358,-298.47502585530214,291.5215276537198,298.47502585530214,202.03573513910735,11.381775450433672,-305.8518444459422,89.48579251461246,1.4849755026099072,7.376818590640095
5152.0,70.70642852783203,291.5215402475745,12.866761296054259,-298.4750341727855,291.5215402475745,298.4750341727855,202.0357477561231,11.381785961222846,-305.85185312738696,89.48579249145139,1.484975334831413,7.376818954601426
5160.0,70.81633758544922,291.521558346148,12.866776721334636,-298.4750343199296,291.521558346148,298.4750343199296,202.03576553379895,11.381801268633636,-305.85185290465245,89.4857928123491,1.4849754527010002,7.376818584722862
5168.0,70.92625427246094,291.5215646602235,12.866795117930494,-298.4750244740773,291.5215646602235,298.4750244740773,202.03577165297867,11.381819794484034,-305.8518432118494,89.48579300724478,1.4849753234464593,7.37681873777213
5176.0,71.03617095947266,291.5215384311209,12.866800841635428,-298.4749416011897,291.5215384311209,298.4749416011897,202.03574551065913,11.381825490785545,-305.85176056478156,89.48579292046179,1.4849753508498822,7.376818963591855
5184.0,71.14608001708984,291.52155735109335,12.866814440854077,-298.4749704980052,291.52155735109335,298.4749704980052,202.03576413475247,11.381839302528668,-305.8517895868895,89.48579321634088,1.4849751383254086,7.376819088884297
5192.0,71.25599670410156,291.52155171207755,12.86683208742318,-298.4749495186498,291.52155171207755,298.4749495186498,202.03575862456097,11.381856745411746,-305.85176847270026,89.48579308751656,1.4849753420114338,7.376818954050478
5200.0,71.36591339111328,291.5215505044962,12.866846136527803,-298.47489924693565,291.5215505044962,298.47489924693565,202.03575710562427,11.381870827018837,-305.8517185858594,89.48579339887195,1.4849753095089657,7.376819338923738
5208.0,71.47582244873047,291.5215556261542,12.866863644101045,-298.47491403496963,291.5215556261542,298.47491403496963,202.0357624972856,11.381888426700081,-305.85173345485845,89.48579312886864,1.484975217400964,7.376819419888818
5216.0,71.58573913574219,291.5215610731012,12.866872471783505,-298.4748829990559,291.5215610731012,298.4748829990559,202.03576783710704,11.381897335180065,-305.8517023769267,89.48579323599421,1.4849751366034394,7.376819377870792
5224.0,71.6956558227539,291.5215663635922,12.866884228425212,-298.4748825928088,291.5215663635922,298.4748825928088,202.035772822749,11.381909144774994,-305.85170185108615,89.48579354084322,1.4849750836502178,7.376819258277351
5232.0,71.80557250976562,291.5215801531429,12.866899686142528,-298.4748907618273,291.5215801531429,298.4748907618273,202.03578651182352,11.38192469073832,-305.8517102149236,89.48579364131939,1.4849749954042077,7.376819453096342
5240.0,71.91548919677734,291.52158436765524,12.866919303948613,-298.47489219385994,291.52158436765524,298.47489219385994,202.03579071150716,11.381943936841386,-305.8517117968401,89.48579365614805,1.484975367107226,7.376819602980177
5248.0,72.02539825439453,291.5215629449549,12.86693933827685,-298.4748186272207,291.5215629449549,298.4748186272207,202.0357690868716,11.381963828991578,-305.85163848989095,89.48579385808333,1.4849755092852719,7.376819862670217
5256.0,72.13531494140625,291.52157858217635,12.8669515137977,-298.47480441387887,291.52157858217635,298.47480441387887,202.03578445312124,11.381976280003716,-305.8516242261227,89.48579412905512,1.4849752337939834,7.376819812243827
5264.0,72.24523162841797,291.52157751891224,12.86695881493046,-298.4748006732225,291.52157751891224,298.4748006732225,202.03578319988765,11.38198363115242,-305.8516205402475,89.4857943190246,1.4849751837780396,7.376819867025034
5272.0,72.35514068603516,291.521589381407,12.866980784158596,-298.4748131600812,291.521589381407,298.4748131600812,202.03579512615312,11.382005809636961,-305.85163323464474,89.48579425525392,1.484974974521635,7.376820074563511
5280.0,72.46505737304688,291.521589265746,12.866999700890402,-298.4747681062963,291.521589265746,298.4747681062963,202.0357949084593,11.382024463963685,-305.8515880514289,89.48579435728672,1.4849752369267166,7.376819945132599
5288.0,72.5749740600586,291.5215984118383,12.867014510521296,-298.4747697897659,291.5215984118383,298.4747697897659,202.0358039071964,11.382039080597604,-305.8515898442038,89.48579450464189,1.4849754299236912,7.376820054437882
5296.0,72.68488311767578,291.52159289982114,12.867027187972878,-298.4747300054559,291.52159289982114,298.4747300054559,202.0357983222186,11.382051814388246,-305.8515502730998,89.48579457760255,1.4849753735846327,7.376820267643879
5304.0,72.7947998046875,291.5215834993945,12.867045048570052,-298.4746819477655,291.5215834993945,298.4746819477655,202.03578910359928,11.382069795938772,-305.8515024733172,89.48579439579527,1.4849752526312798,7.376820525551725
5312.0,72.90471649169922,291.5215996712375,12.867056790650002,-298.47473672022664,291.5215996712375,298.47473672022664,202.03580515571446,11.382081507401901,-305.85155695183676,89.48579451552303,1.4849752832481002,7.376820231610118
5320.0,73.0146255493164,291.52158349162835,12.867075013160443,-298.47465190274073,291.52158349162835,298.47465190274073,202.03578909668687,11.38209960727831,-305.8514721993637,89.48579439494148,1.484975405882134,7.3768202966229595
5328.0,73.12454223632812,291.52161078530605,12.8670941192623,-298.47467026896214,291.52161078530605,298.47467026896214,202.03581623521504,11.382118846625453,-305.8514907407231,89.48579455009104,1.4849752726368461,7.376820471760958
5336.0,73.23445892333984,291.52159944383897,12.867102647293887,-298.474624981603,291.52159944383897,298.474624981603,202.0358048005208,11.382127516794117,-305.8514455960351,89.48579464331816,1.4849751304997696,7.376820614432102
5344.0,73.34436798095703,291.52161281512707,12.867123255079791,-298.47462625775836,291.52161281512707,298.47462625775836,202.0358183904564,11.382147858774543,-305.8514469204433,89.48579442467067,1.4849753963052486,7.376820662684988
5352.0,73.45428466796875,291.5216014904245,12.86713488199371,-298.47458908474033,291.5216014904245,298.47458908474033,202.03580700917115,11.382159486425369,-305.8514099268966,89.4857944812533,1.4849753955683411,7.376820842156274
5360.0,73.56420135498047,291.52161640276336,12.867158511682803,-298.47460354026555,291.52161640276336,298.47460354026555,202.0358219780616,11.382183353557648,-305.8514244179531,89.48579442470174,1.484975158125154,7.376820877687599
5368.0,73.67411041259766,291.52161667654127,12.867168255621344,-298.4745579961339,291.52161667654127,298.4745579961339,202.03582201737137,11.382193152281154,-305.8513785730607,89.4857946591699,1.4849751033401901,7.376820576926786
5376.0,73.78402709960938,291.52161164104524,12.867188770805843,-298.47453842469866,291.52161164104524,298.47453842469866,202.0358170888495,11.382213476254643,-305.8513593116797,89.48579455219574,1.4849752945511998,7.376820886981005
5384.0,73.8939437866211,291.52163408528486,12.867212606703324,-298.4745289058592,291.52163408528486,298.4745289058592,202.0358392847863,11.382237599724533,-305.8513501410438,89.48579480049857,1.4849750069787913,7.376821235184586
5392.0,74.00382232666016,291.5216161468138,12.867220739359924,-298.4744972402876,291.5216161468138,298.4744972402876,202.03582112443848,11.382245656749594,-305.8513182707875,89.48579502237533,1.4849750826103292,7.376821030499897
5400.0,74.11373138427734,291.52162708462805,12.867241863579741,-298.4744868374309,291.52162708462805,298.4744868374309,202.0358322725363,11.382266694144288,-305.8513079561516,89.48579481209174,1.4849751694354523,7.376821118720692
5408.0,74.22364807128906,291.5216329769315,12.867259632222291,-298.4744942479962,291.5216329769315,298.4744942479962,202.03583819011806,11.382284410948554,-305.8513154470352,89.4857947868135,1.484975221273738,7.376821199039
5416.0,74.33356475830078,291.5215531817996,12.867267117695368,-298.4744637087854,291.5215531817996,298.4744637087854,202.03576087338604,11.382292177973149,-305.85128420409353,89.4857923084136,1.4849749397222192,7.37682049530817
5424.0,74.44347381591797,291.52157968268676,12.867275040444234,-298.47445982197416,291.52157968268676,298.47445982197416,202.0357897785033,11.382299985761989,-305.8512796556458,89.48578990418346,1.4849750546822458,7.376819833671604
5432.0,74.55339050292969,291.5216476002138,12.867279781447094,-298.47446242698385,291.5216476002138,298.47446242698385,202.03585593409827,11.38230480850058,-305.8512825541228,89.48579166611555,1.4849749729465134,7.376820127138959
5440.0,74.6633071899414,291.52168862921906,12.867316678241941,-298.4744422936956,291.52168862921906,298.4744422936956,202.0358937703927,11.382341700771079,-305.85126309285204,89.48579485882635,1.4849749774708634,7.3768207991564445
5448.0,74.7732162475586,291.5217357323395,12.867344659232538,-298.47444512396686,291.5217357323395,298.47444512396686,202.03593771513476,11.382369514149666,-305.85126661062765,89.48579801720476,1.484975145082872,7.376821486660809
5456.0,74.88314056396484,291.5216773736141,12.867372958478747,-298.4743898887107,291.5216773736141,298.4743898887107,202.03587843108122,11.382397837937765,-305.8512118921899,89.48579894253288,1.4849751205409825,7.376822003479219
5464.0,74.99304962158203,291.52158208959924,12.867378368092623,-298.4743326864784,291.52158208959924,298.4743326864784,202.03578790573374,11.38240306646664,-305.8511537143396,89.48579418386548,1.4849753016259828,7.376821027861201
5472.0,75.10296630859375,291.52156928178937,12.867374682300657,-298.4743470548577,291.52156928178937,298.4743470548577,202.03577878705195,11.382399557009997,-305.8511674096138,89.4857904947374,1.4849751252906591,7.376820354756148
5480.0,75.21288299560547,291.52158728427435,12.86737563803574,-298.47434380145046,291.52158728427435,298.47434380145046,202.0357986252012,11.38240037938526,-305.851163474628,89.48578865907314,1.4849752586504814,7.376819673177501
5488.0,75.32279205322266,291.52154786884614,12.867379634008648,-298.4743068601366,291.52154786884614,298.4743068601366,202.03576045311257,11.38240421583532,-305.8511262972237,89.48578741573354,1.4849754181733272,7.376819437087104
5496.0,75.43270874023438,291.5214181758097,12.867366711074009,-298.4742636620502,291.5214181758097,298.4742636620502,202.03563926659373,11.382391378024906,-305.85108145997594,89.48577890921595,1.484975333049104,7.376817797925771
5504.0,75.5426254272461,291.52139545240334,12.86733198403374,-298.4742892809066,291.52139545240334,298.4742892809066,202.0356255205036,11.382356875449151,-305.8511055096408,89.48576993189974,1.4849751085845897,7.376816228734164
5512.0,75.65253448486328,291.5214241099394,12.867314271058243,-298.47434985793717,291.5214241099394,298.47434985793717,202.035658794389,11.382339127872564,-305.851164712024,89.4857653155504,1.4849751431856792,7.376814854086824
5520.0,75.762451171875,291.5214340391392,12.86729647570149,-298.4743121636411,291.5214340391392,298.4743121636411,202.03567023607866,11.382321592473016,-305.85112689667756,89.48576380306054,1.484974883228475,7.376814733036461
5528.0,75.87236785888672,291.5214704530026,12.867288725995897,-298.4743588429792,291.5214704530026,298.4743588429792,202.03570606220342,11.382313852441529,-305.85117392182207,89.48576439079922,1.4849748735543673,7.3768150788428635
5536.0,75.9822769165039,291.52150003273954,12.867284253153766,-298.47439289892276,291.52150003273954,298.47439289892276,202.03573447647324,11.382309502354051,-305.8512081462145,89.48576555626629,1.484974750799716,7.376815247291752
5544.0,76.09219360351562,291.5215167897271,12.867272363692802,-298.47439364848,291.5215167897271,298.47439364848,202.03574877165426,11.382297635619128,-305.8512091682419,89.48576801807289,1.4849747280736727,7.376815519761934
5552.0,76.20211029052734,291.521560347948,12.867266788612268,-298.4744237583723,291.521560347948,298.4744237583723,202.03578981888552,11.382292114009438,-305.85123973658386,89.48577052906248,1.4849746746028303,7.376815978211543
5560.0,76.31201934814453,291.52160054256336,12.86725929675593,-298.47448739915546,291.52160054256336,298.47448739915546,202.03582710250882,11.382284730595462,-305.85130405842335,89.48577344005454,1.484974566160469,7.376816659267863
5568.0,76.42193603515625,291.5216005036394,12.867250114088204,-298.47444882785453,291.5216005036394,298.47444882785453,202.0358239993613,11.382275783061045,-305.8512662024924,89.48577650427806,1.484974331027159,7.37681737463787
5576.0,76.53185272216797,291.52162246846774,12.867247137476046,-298.4744962759031,291.52162246846774,298.4744962759031,202.03584317526844,11.382272578968047,-305.85131441907265,89.48577929319931,1.4849745585079985,7.3768181431695155
5584.0,76.64176177978516,291.5216185144591,12.867234922699625,-298.47447494510834,291.5216185144591,298.47447494510834,202.03583680945133,11.382260423761654,-305.85129282637683,89.48578170500775,1.4849744989379718,7.376817881268522
5592.0,76.75167846679688,291.52164530722325,12.867223361908863,-298.4745096801473,291.52164530722325,298.4745096801473,202.03586121070563,11.382249021244832,-305.8513286562815,89.48578409651759,1.4849743406640323,7.3768189761342065
5600.0,76.8615951538086,291.52162315030614,12.86722361930903,-298.4744913231952,291.52162315030614,298.4744913231952,202.03583798736662,11.382249201158597,-305.8513104269175,89.48578516293951,1.4849744181504319,7.376819103722294
5608.0,76.97150421142578,291.52161108286606,12.867214243778168,-298.4744978855689,291.52161108286606,298.4744978855689,202.0358250356319,11.382239661536097,-305.85131696357814,89.48578604723416,1.484974582242071,7.376819078009223
5616.0,77.0814208984375,291.52157422442235,12.867194120796707,-298.47448424069006,291.52157422442235,298.47448424069006,202.0357887292893,11.382219597249538,-305.8513035304424,89.48578549513303,1.48497452354717,7.3768192897523335
5624.0,77.19133758544922,291.5215219710278,12.867175109709537,-298.47451164043457,291.5215219710278,298.47451164043457,202.03573881004232,11.38220050708577,-305.8513303457645,89.48578316098553,1.4849746026237671,7.37681870532991
5632.0,77.3012466430664,291.5214704195523,12.867146982433148,-298.47448850432954,291.5214704195523,298.47448850432954,202.03569060118116,11.382172430997333,-305.8513065011682,89.48577981837113,1.4849745514358152,7.376817996838692
5640.0,77.41116333007812,291.52144494386766,12.86712221967728,-298.47450954244863,291.52144494386766,298.47450954244863,202.03566868375069,11.382147671403043,-305.851326860031,89.48577626011698,1.4849745482742363,7.376817317582368
5648.0,77.52104949951172,291.521448883385,12.8670960749747,-298.47455482131215,291.521448883385,298.47455482131215,202.03567490583856,11.382121536920717,-305.85137170625177,89.48577397754642,1.4849745380539834,7.376816884939618
5656.0,77.6309585571289,291.5214280202355,12.8670684454252,-298.4745698172026,291.5214280202355,298.4745698172026,202.03565580693717,11.382094262797924,-305.8513865603263,89.4857722132983,1.4849741826272758,7.376816743123676
5664.0,77.74087524414062,291.52142166626425,12.867045185447079,-298.47458952261997,291.52142166626425,298.47458952261997,202.03565025948245,11.382070943687811,-305.85140617796714,89.48577140678181,1.4849742417592684,7.376816655347188
5672.0,77.85079193115234,291.52142163924293,12.86702967962995,-298.47461437320214,291.52142163924293,298.47461437320214,202.0356508106146,11.382055281195147,-305.851431201181,89.48577082862829,1.4849743984348023,7.376816827978875
5680.0,77.96070098876953,291.52143593574147,12.867000598085294,-298.47464160271977,291.52143593574147,298.47464160271977,202.0356652556548,11.382026101388595,-305.85145822916587,89.48577068008669,1.4849744966967,7.376816626446079
5688.0,78.07061767578125,291.52143365006407,12.866984265766046,-298.47466020730656,291.52143365006407,298.47466020730656,202.03566311847163,11.38200975096335,-305.85147709312486,89.48577053159244,1.4849745148026967,7.376816885818297
5696.0,78.18053436279297,291.52145535209286,12.866957887196728,-298.4747010422652,291.52145535209286,298.4747010422652,202.0356843959132,11.381983449426702,-305.8515175930539,89.48577095617966,1.484974437770026,7.376816550788728
5704.0,78.29044342041016,291.52161062269874,12.866955822311033,-298.4747540455236,291.52161062269874,298.4747540455236,202.0358329615024,11.381981576620138,-305.851571696709,89.48577766119634,1.4849742456908952,7.376817651185405
5712.0,78.40036010742188,291.5217068144357,12.866979178244774,-298.474807037647,291.5217068144357,298.474807037647,202.03591667274378,11.38200489421785,-305.8516275353718,89.48579014169192,1.4849742840269242,7.37682049772479
5720.0,78.5102767944336,291.5217465702865,12.867004272373812,-298.47481442849795,291.5217465702865,298.47481442849795,202.03594674384766,11.382030038491926,-305.85163671057296,89.48579982643881,1.4849742338818865,7.376822282075025
5728.0,78.62018585205078,291.52173753145144,12.867027331606373,-298.47474786206794,291.52173753145144,298.47474786206794,202.03593211779244,11.38205276422191,-305.85157074187384,89.48580541365897,1.4849745673844614,7.376822879805914
5736.0,78.7301025390625,291.52173461009977,12.867031917508182,-298.47477412947023,291.52173461009977,298.47477412947023,202.03592570696298,11.382057317939912,-305.851597437559,89.48580890313681,1.484974599568269,7.376823308088749
5744.0,78.84001922607422,291.5216950464207,12.867032992875485,-298.47471953052076,291.5216950464207,298.47471953052076,202.03588455612936,11.382058571996081,-305.85154327343247,89.48581049029131,1.4849744208794033,7.3768237429116965
5752.0,78.9499282836914,291.5216856899997,12.867038943408229,-298.47471724032533,291.5216856899997,298.47471724032533,202.03587496610675,11.382064516167494,-305.8515409478016,89.48581072389297,1.4849744272407337,7.376823707476284
5760.0,79.05984497070312,291.5216511064418,12.867044866219016,-298.474686677606,291.5216511064418,298.474686677606,202.03584111717538,11.382070453105259,-305.85151042528196,89.48580998926643,1.4849744131137572,7.376823747676006
5768.0,79.16976165771484,291.5216362363517,12.86705561716967,-298.4746926636102,291.5216362363517,298.4746926636102,202.03582713901076,11.382080978192317,-305.8515164848702,89.4858090973409,1.4849746389773535,7.376823821259993
5776.0,79.27967071533203,291.52163668292246,12.867059879498237,-298.47469365499364,291.52163668292246,298.47469365499364,202.03582907332628,11.382085122213203,-305.8515170533245,89.48580760959621,1.4849747572850345,7.376823398330888
5784.0,79.38958740234375,291.52159979099343,12.86706289923095,-298.47462293323275,291.52159979099343,298.47462293323275,202.0357937037607,11.382088252247652,-305.85144616496757,89.48580608723275,1.4849746469832976,7.3768232317348
5792.0,79.49950408935547,291.5215946071462,12.86708082915823,-298.47464040874564,291.5215946071462,298.47464040874564,202.03578965132266,11.382106091911599,-305.8514633516178,89.48580495582355,1.484974737246632,7.3768229428721455
5800.0,79.60941314697266,291.52158970543996,12.867084272233734,-298.474626144584,291.52158970543996,298.474626144584,202.03578610997772,11.382109457307816,-305.8514488807234,89.48580359546226,1.4849748149259183,7.376822736139406
5808.0,79.71932983398438,291.52157771241707,12.867089055073283,-298.47459942304613,291.52157771241707,298.47459942304613,202.03577573774658,11.38211450936128,-305.85142206200624,89.4858019746705,1.4849745457120027,7.376822638960096
5816.0,79.8292465209961,291.5215964094656,12.867094235640156,-298.47463542537884,291.5215964094656,298.47463542537884,202.03579521392973,11.382119503083135,-305.8514577665996,89.48580119553583,1.4849747325570208,7.37682234122077
5824.0,79.93915557861328,291.5215788008783,12.867108136774133,-298.47459358580915,291.5215788008783,298.47459358580915,202.03577853506604,11.382133446960111,-305.85141581712816,89.48580026581223,1.4849746898140221,7.376822231319018
5832.0,80.049072265625,291.5215832480808,12.8671136689795,-298.47458730578086,291.5215832480808,298.47458730578086,202.03578400688076,11.382138932087164,-305.8514096529892,89.4857992412,1.4849747368923358,7.376822347208364
5840.0,80.15898895263672,291.5215819737148,12.867114881367502,-298.4745659437461,291.5215819737148,298.4745659437461,202.03578281700504,11.38213990942149,-305.85138793545696,89.48579915670973,1.4849749719460137,7.376821991710859
5848.0,80.2688980102539,291.52159012175696,12.867129006714185,-298.4745786883404,291.52159012175696,298.4745786883404,202.0357913685103,11.38215434950882,-305.85140080856286,89.48579875324663,1.4849746572053653,7.3768221202224495
5856.0,80.37881469726562,291.52158986187004,12.867139070378538,-298.4745789780487,291.52158986187004,298.4745789780487,202.0357910126178,11.382164066044387,-305.8514010618017,89.48579884925225,1.4849750043341503,7.376822083752966
5864.0,80.48873138427734,291.5215972685669,12.86714087366066,-298.47456396622545,291.5215972685669,298.47456396622545,202.03579862982667,11.382166278380508,-305.85138597317274,89.48579863874023,1.4849745952801514,7.376822006947311
5872.0,80.59864044189453,291.5215865939742,12.867155830342822,-298.4745270569545,291.5215865939742,298.4745270569545,202.03578817041515,11.382181184363633,-305.85134920774635,89.48579842355903,1.4849746459791888,7.376822150791828
5880.0,80.70855712890625,291.52161729972744,12.86716054380804,-298.4745819797888,291.52161729972744,298.4745819797888,202.03581927009003,11.382185866875734,-305.8514040339822,89.4857980296374,1.4849746769323067,7.376822054193376
5888.0,80.81847381591797,291.5216006605078,12.867173025119364,-298.4745059295511,291.5216006605078,298.4745059295511,202.03580211967426,11.382198234938457,-305.8513279022624,89.48579854083351,1.484974790180907,7.376821972711284
5896.0,80.92838287353516,291.521601551441,12.86718185100173,-298.47451202128093,291.521601551441,298.47451202128093,202.0358030521385,11.382207048187215,-305.85133396555807,89.48579849930249,1.4849748028145147,7.3768219442771255
5904.0,81.03826904296875,291.52161904859594,12.86718103322535,-298.47451117660944,291.52161904859594,298.47451117660944,202.03582012880474,11.382206260160906,-305.8513331859364,89.48579891979118,1.4849747730644443,7.376822009326997
5912.0,81.14818572998047,291.5216167878575,12.867195464266223,-298.47451729736133,291.5216167878575,298.47451729736133,202.03581792663482,11.382220822960315,-305.85133935973806,89.48579886122266,1.484974641305907,7.376822062376714
5920.0,81.25809478759766,291.5216194238849,12.867205465160568,-298.474489239219,291.5216194238849,298.474489239219,202.03582039380325,11.3822308496191,-305.85131140027175,89.48579903008161,1.4849746155414685,7.3768221610527505
5928.0,81.36801147460938,291.5216353409767,12.867208228331013,-298.4745250658335,291.5216353409767,298.4745250658335,202.03583622282636,11.382233671586738,-305.8513472142214,89.48579911815033,1.4849745567442743,7.376822148387866
5936.0,81.4779281616211,291.52163338615026,12.867221938727337,-298.47450125756234,291.52163338615026,298.47450125756234,202.03583424931205,11.382247157897945,-305.85132365583274,89.48579913683821,1.4849747808293923,7.376822398270395
5944.0,81.58783721923828,291.5216221902888,12.867227344765631,-298.47446766429437,291.5216221902888,298.47446766429437,202.03582295498515,11.382252832271307,-305.85128984779124,89.48579923530365,1.4849745124943237,7.376822183496898
5952.0,81.69775390625,291.5216303542156,12.867237721618945,-298.47447023736476,291.5216303542156,298.47447023736476,202.03583121711372,11.382263233606299,-305.85129280527065,89.48579913710184,1.4849744880126456,7.376822567905897
5960.0,81.80767059326172,291.5216332588067,12.867257583160974,-298.47447761225646,291.5216332588067,298.47447761225646,202.03583395736155,11.3822830039302,-305.8513002224635,89.48579930144514,1.4849745792307742,7.376822610207071
5968.0,81.9175796508789,291.5216415685068,12.867253665301641,-298.4744577157829,291.5216415685068,298.4744577157829,202.03584232544802,11.382279152440104,-305.8512800422001,89.48579924305882,1.4849745128615377,7.376822326417173
5976.0,82.02749633789062,291.5216236349189,12.867260436441533,-298.4744313807276,291.5216236349189,298.4744313807276,202.0358242409161,11.382286209757698,-305.8512541103729,89.4857993940028,1.4849742266838357,7.376822729645326
5984.0,82.13741302490234,291.5216478703601,12.86727179083187,-298.4744393177777,291.5216478703601,298.4744393177777,202.03584847652095,11.382297430756877,-305.85126173437175,89.48579939383913,1.4849743600749934,7.376822416594035
5992.0,82.24732208251953,291.5216278706583,12.867275334853577,-298.4744269796905,291.5216278706583,298.4744269796905,202.03582849820907,11.382300651406538,-305.85124949078715,89.48579937244921,1.484974683447038,7.376822511096634
6000.0,82.35723876953125,291.52163553386606,12.86729472086951,-298.47442755807106,291.52163553386606,298.47442755807106,202.0358363036406,11.382320027966465,-305.85125026014276,89.48579923022545,1.4849746929030443,7.376822702071696
6008.0,82.46715545654297,291.52164666406185,12.86730725823792,-298.4744183546412,291.52164666406185,298.4744183546412,202.03584761102618,11.382332912714707,-305.85124075067114,89.48579905303565,1.4849743455232127,7.376822396029905
6016.0,82.57706451416016,291.5216623644698,12.867311508030287,-298.47442860388304,291.5216623644698,298.47442860388304,202.03586305983322,11.382337077073469,-305.8512510133204,89.4857993046366,1.4849744309568174,7.376822409437377
6024.0,82.68698120117188,291.5216450934427,12.867328740836728,-298.47438548638587,291.5216450934427,298.47438548638587,202.0358458048878,11.382354187807234,-305.85120794704443,89.4857992885549,1.4849745530294942,7.376822460658538
6032.0,82.7968978881836,291.5216444539458,12.867331360847876,-298.4743622461097,291.5216444539458,298.4743622461097,202.035844713942,11.382356751705897,-305.8511849164912,89.48579974000376,1.4849746091419784,7.3768226703814825
6040.0,82.90680694580078,291.52164945908066,12.86733499391272,-298.474345347569,291.52164945908066,298.474345347569,202.03585005545813,11.382360572215072,-305.8511679900904,89.48579940362254,1.4849744216976495,7.376822642521407
6048.0,83.0167236328125,291.5216674804106,12.867350653499297,-298.4743676243799,291.5216674804106,298.4743676243799,202.03586791076395,11.38237637339049,-305.8511903153397,89.48579956964663,1.4849742801088068,7.376822690959777
6056.0,83.12664031982422,291.5216471793766,12.867362096191727,-298.4743377608356,291.5216471793766,298.4743377608356,202.0358476112971,11.382387630327743,-305.85116042802855,89.48579956807949,1.4849744658639832,7.376822667192911
6064.0,83.2365493774414,291.52166677341836,12.867371669455729,-298.4743635976266,291.52166677341836,298.4743635976266,202.03586705871643,11.382397191548817,-305.85118646182576,89.48579971470191,1.4849744779069112,7.376822864199138
6072.0,83.34646606445312,291.5216558539577,12.867374958331906,-298.47433482201745,291.5216558539577,298.47433482201745,202.0358562435755,11.382400569958829,-305.8511575132035,89.48579961038223,1.484974388373077,7.376822691186025
6080.0,83.45638275146484,291.52165483831743,12.867390115344888,-298.47430662497726,291.52165483831743,298.47430662497726,202.03585547468512,11.382415522663306,-305.85112936865744,89.48579936363234,1.484974592681582,7.376822743680162
6088.0,83.56629180908203,291.5216559412362,12.867393974464946,-298.4742919295128,291.5216559412362,298.4742919295128,202.03585639501563,11.382419872268834,-305.8511150027487,89.48579954622053,1.4849741021961118,7.376823073235943
6096.0,83.67620849609375,291.5216857220404,12.86740092164156,-298.4743310979445,291.5216857220404,298.4743310979445,202.03588575604923,11.382426606094006,-305.85115383625265,89.48579996599116,1.4849743155475534,7.376822738308114
6104.0,83.78612518310547,291.521652624359,12.867415901153198,-298.4742785631278,291.521652624359,298.4742785631278,202.03585290072778,11.382441562891866,-305.8511013961594,89.48579972363122,1.4849743382613316,7.376822833031532
6112.0,83.89603424072266,291.52167402247164,12.867427392003044,-298.47429695346364,291.52167402247164,298.47429695346364,202.03587423760408,11.38245289293448,-305.8511197709708,89.48579978486757,1.484974499068564,7.376822817507147
6120.0,84.00595092773438,291.52166555946536,12.867433858199945,-298.4742547314675,291.52166555946536,298.4742547314675,202.03586593841774,11.382459525683014,-305.85107752657547,89.48579962104762,1.4849743325169311,7.376822795107962
6128.0,84.1158676147461,291.52166238502355,12.867444627298632,-298.47425721624705,291.52166238502355,298.47425721624705,202.03586269457043,11.38247035419299,-305.85107992531255,89.48579969045309,1.4849742731056432,7.376822709065511
6136.0,84.22577667236328,291.5216730008092,12.867456592157675,-298.47426378738544,291.5216730008092,298.47426378738544,202.0358734507466,11.382482357474188,-305.8510869628941,89.48579955006255,1.484974234683486,7.376823175508651
6144.0,84.335693359375,291.5216793781667,12.867464338029256,-298.47425760810495,291.5216793781667,298.47425760810495,202.03587984566897,11.382489857353915,-305.851080553866,89.48579953249774,1.484974480675341,7.37682294576101
6152.0,84.44561004638672,291.5216742018252,12.867472068524823,-298.4742385153494,291.5216742018252,298.4742385153494,202.03587483588987,11.38249757825274,-305.85106158703206,89.4857993659353,1.4849744902720816,7.376823071682704
6160.0,84.55548858642578,291.521675148107,12.86748859193357,-298.47421123030824,291.521675148107,298.47421123030824,202.03587556529746,11.382514174239452,-305.85103465393513,89.48579958280955,1.4849744176941184,7.376823423626892
6168.0,84.6654052734375,291.5216795583179,12.867498936866657,-298.47419386747833,291.5216795583179,298.47419386747833,202.0358800715353,11.382524553282554,-305.8510170529748,89.4857994867826,1.4849743835841025,7.376823185496445
6176.0,84.77532196044922,291.52167457286964,12.867508340899006,-298.47419538477556,291.52167457286964,298.47419538477556,202.03587500405797,11.382533988718741,-305.85101896046143,89.4857995688117,1.4849743521802654,7.376823575685886
6184.0,84.8852310180664,291.5216774892085,12.86751456903566,-298.47418852414927,291.5216774892085,298.47418852414927,202.03587770942912,11.382540212408095,-305.85101209022287,89.4857997797794,1.4849743566275633,7.376823566073597
6192.0,84.99514770507812,291.52168985354643,12.867518581554826,-298.4741624129545,291.52168985354643,298.4741624129545,202.03589021991175,11.382544384556281,-305.85098611890515,89.48579963363468,1.4849741969985444,7.376823705950631
6200.0,85.10506439208984,291.5216846761051,12.867536224968557,-298.47416694601884,291.5216846761051,298.47416694601884,202.03588519784896,11.382562057973331,-305.850990347368,89.48579947825615,1.4849741669952268,7.376823401349153
6208.0,85.21497344970703,291.52169878058,12.867550287248696,-298.47417159386026,291.52169878058,298.47417159386026,202.03589941301854,11.382575986123124,-305.85099518618745,89.48579936756147,1.4849743011255714,7.376823592327195
6216.0,85.32489013671875,291.52168236850173,12.867559638719822,-298.47413969757895,291.52168236850173,298.47413969757895,202.03588260560642,11.38258533596851,-305.8509632177064,89.4857997628953,1.4849743027513111,7.376823520127459
6224.0,85.43480682373047,291.52167473307316,12.867574387685881,-298.47408931348053,291.52167473307316,298.47408931348053,202.0358751382019,11.382600198324893,-305.8509126888687,89.48579959487127,1.4849741893609891,7.376823375388142
6232.0,85.54471588134766,291.52170720182073,12.867575919174778,-298.4741438879819,291.52170720182073,298.4741438879819,202.03590777699054,11.382601724116293,-305.8509670546496,89.48579942483019,1.4849741950584845,7.37682316666767
6240.0,85.65463256835938,291.52169289618473,12.867591188551591,-298.4741048272892,291.52169289618473,298.4741048272892,202.0358933707925,11.38261678355295,-305.850928316063,89.4857995253922,1.4849744049986418,7.376823488773805
6248.0,85.7645492553711,291.5216983986497,12.86759952671994,-298.4741056604164,291.5216983986497,298.4741056604164,202.03589897766958,11.382625015338448,-305.8509291619406,89.48579942098011,1.4849745113814936,7.376823501524225
6256.0,85.87445831298828,291.5216793584162,12.867605799670706,-298.4740586967243,291.5216793584162,298.4740586967243,202.03587984479856,11.3826318435729,-305.85088234633895,89.48579951361762,1.484973956097805,7.376823649614689
6264.0,85.984375,291.52169722145015,12.867616845395595,-298.47407006582523,291.52169722145015,298.47407006582523,202.035897755211,11.382642839746405,-305.8508938271091,89.48579946623917,1.4849740056491905,7.376823761283834
6272.0,86.09429168701172,291.5216999348217,12.867632562029678,-298.47405794547205,291.5216999348217,298.47405794547205,202.03590056015565,11.382658207984976,-305.85088135916317,89.48579937466606,1.484974354044702,7.376823413691138
6280.0,86.2042007446289,291.5217024180995,12.867639716702481,-298.4740342012304,291.5217024180995,298.4740342012304,202.03590282777412,11.382665402218075,-305.8508577143193,89.48579959032534,1.4849743144844056,7.376823513088922
6288.0,86.31411743164062,291.5217043193233,12.867644838945855,-298.4740312993353,291.5217043193233,298.4740312993353,202.03590463837315,11.382670601957654,-305.8508547967082,89.48579968095015,1.4849742369882002,7.376823497372879
6296.0,86.42403411865234,291.52169365308066,12.867655191780063,-298.4740112137534,291.52169365308066,298.4740112137534,202.03589400494127,11.382680888842941,-305.85083455877856,89.48579964813939,1.4849743029371227,7.37682334502518
6304.0,86.53394317626953,291.52170790561155,12.86767239716042,-298.47401162604723,291.52170790561155,298.47401162604723,202.03590815065513,11.382698071602231,-305.85083509461765,89.48579975495643,1.4849743255581902,7.376823468570429
6312.0,86.64385986328125,291.52172452373463,12.867674771609959,-298.47402107926973,291.52172452373463,298.47402107926973,202.03592488910124,11.382700787499227,-305.8508447140383,89.48579963463337,1.4849739841107321,7.376823634768559
6320.0,86.7537841796875,291.5217277069105,12.86768688634293,-298.47401551896263,291.5217277069105,298.47401551896263,202.03592795326753,11.38271265826986,-305.8508393471397,89.48579975364298,1.48497422807307,7.376823828177088
6328.0,86.86368560791016,291.5217145048508,12.867702907183196,-298.4739853155086,291.5217145048508,298.4739853155086,202.03591481602857,11.382728628699429,-305.85080894888176,89.48579968882223,1.4849742784837665,7.3768236333731245
6336.0,86.9736099243164,291.52171843553526,12.867714630722586,-298.47397907044893,291.52171843553526,298.47397907044893,202.0359189047016,11.382740413484724,-305.85080283950924,89.48579953083365,1.4849742172378622,7.376823769060326
6344.0,87.0835189819336,291.5217323114274,12.867721597117635,-298.4740003909432,291.5217323114274,298.4740003909432,202.0359326345157,11.382747340846961,-305.85082393794073,89.48579967691168,1.4849742562706738,7.376823546997489
6352.0,87.19344329833984,291.52172068638845,12.867730579583164,-298.47392695817393,291.52172068638845,298.47392695817393,202.0359212551478,11.382756380802736,-305.85075071089716,89.48579943124062,1.4849741987804281,7.37682375272324
6360.0,87.3033447265625,291.52172475757544,12.867748381146583,-298.47395292249576,291.52172475757544,298.47395292249576,202.03592515421366,11.382774106907105,-305.8507766860028,89.48579960336177,1.4849742742394785,7.376823763507076
6368.0,87.41326904296875,291.5217163796189,12.86776041941114,-298.47391950360094,291.5217163796189,298.47391950360094,202.0359166780988,11.382786197688446,-305.85074311196627,89.4857997015201,1.4849742217226924,7.376823608365342
6376.0,87.5231704711914,291.5217264825577,12.867765015183936,-298.47390374048217,291.5217264825577,298.47390374048217,202.03592677688926,11.382790767902396,-305.8507273455099,89.48579970566846,1.4849742472815404,7.376823605027688
6384.0,87.63308715820312,291.52173058991406,12.86777479277985,-298.47390902946734,291.52173058991406,298.47390902946734,202.0359306194212,11.382800652866077,-305.85073272790135,89.48579997049285,1.484974139913772,7.376823698434002
6392.0,87.74300384521484,291.5217322005102,12.867784015761684,-298.473913819979,291.5217322005102,298.473913819979,202.03593235852912,11.382809760075677,-305.8507374120628,89.48579984198108,1.4849742556860066,7.376823592083813
6400.0,87.8529281616211,291.5217353829973,12.867797854519027,-298.4738953363911,291.5217353829973,298.4738953363911,202.0359355369703,11.382823459098557,-305.8507191519038,89.48579984602698,1.4849743954204715,7.37682381551269
6408.0,87.96282958984375,291.5217349043934,12.867805492440423,-298.47388095046045,291.5217349043934,298.47388095046045,202.03593532673233,11.382831483246198,-305.85070466883144,89.48579957766104,1.4849740091942256,7.376823718370964
6416.0,88.07271575927734,291.5217449875181,12.867818222272675,-298.47386342897124,291.5217449875181,298.47386342897124,202.03594535861802,11.382844226092047,-305.8506870012518,89.48579962890005,1.4849739961806279,7.376823572280571
6424.0,88.18262481689453,291.5217354211064,12.867831138917355,-298.473846348509,291.5217354211064,298.473846348509,202.03593574197242,11.382857011328845,-305.85067015186456,89.48579967913403,1.4849741275885104,7.376823803355514
6432.0,88.29254150390625,291.52173542621455,12.867840096249084,-298.47384359003314,291.52173542621455,298.47384359003314,202.0359358391907,11.382865677521579,-305.85066709593667,89.48579958702383,1.4849744187275047,7.376823505903552
6440.0,88.40245819091797,291.5217373358439,12.867848274551037,-298.4738091334868,291.5217373358439,298.4738091334868,202.03593755466042,11.382874196185117,-305.85063284508385,89.48579978118349,1.4849740783659187,7.376823711597083
6448.0,88.51236724853516,291.52173952091215,12.867870112882484,-298.4738170016959,291.52173952091215,298.4738170016959,202.03593992043915,11.382895859258387,-305.85064078201725,89.48579960047302,1.484974253624097,7.376823780321306
6456.0,88.62228393554688,291.5217475109639,12.867875012357246,-298.4738095407682,291.5217475109639,298.4738095407682,202.03594795677927,11.382900691141428,-305.8506334065675,89.48579955418461,1.4849743212158184,7.376823865799317
6464.0,88.7322006225586,291.52173795772853,12.867889272629759,-298.4737846071384,291.52173795772853,298.4737846071384,202.0359384545976,11.38291509811495,-305.85060827854653,89.48579950313092,1.484974174514809,7.3768236714081326
6472.0,88.84210968017578,291.5217548142955,12.86789760895522,-298.47378797280237,291.5217548142955,298.47378797280237,202.0359550293624,11.382923702194002,-305.8506117911662,89.4857997849331,1.4849739067612178,7.376823818363842
6480.0,88.9520263671875,291.52175970681856,12.867912197111018,-298.47379602398536,291.52175970681856,298.47379602398536,202.03596004978124,11.382937998953835,-305.850619852441,89.48579965703732,1.4849741981571822,7.376823828455677
6488.0,89.06194305419922,291.52175614049804,12.867915390996549,-298.4737868049974,291.52175614049804,298.4737868049974,202.03595648615948,11.382941133264296,-305.85061061338166,89.48579965433855,1.4849742577322527,7.3768238083842235
6496.0,89.1718521118164,291.52175397513247,12.86792957726292,-298.4737466654482,291.52175397513247,298.4737466654482,202.03595459666826,11.38295559343667,-305.8505706641881,89.4857993784642,1.48497398382625,7.376823998739933
6504.0,89.28176879882812,291.5217659138972,12.867934588047198,-298.47378179995223,291.5217659138972,298.47378179995223,202.0359662604082,11.382960637927184,-305.8506055889035,89.48579965348895,1.4849739501200157,7.376823788951235
6512.0,89.39168548583984,291.5217679421619,12.867948989703967,-298.4737304257161,291.5217679421619,298.4737304257161,202.03596863716427,11.38297502746157,-305.8505543613393,89.48579930499764,1.484973962242396,7.376823935623204
6520.0,89.50159454345703,291.5217619622954,12.867966570648719,-298.47373748806586,291.5217619622954,298.47373748806586,202.03596225991905,11.382992365630045,-305.85056127322014,89.48579970237634,1.4849742050186736,7.376823785154254
6528.0,89.61151123046875,291.5217598626781,12.867976375434484,-298.4737058774867,291.5217598626781,298.4737058774867,202.03596036106566,11.383002272135867,-305.85052991801615,89.48579950161246,1.4849741032986175,7.376824040529492
6536.0,89.72142791748047,291.52174940141856,12.867982664625783,-298.47366219396696,291.52174940141856,298.47366219396696,202.03594988666669,11.383008631222763,-305.8504858791516,89.48579951475186,1.4849740334030204,7.376823685184643
6544.0,89.83133697509766,291.52177140007745,12.867996404023678,-298.4736835439092,291.52177140007745,298.4736835439092,202.03597182964154,11.383022456931727,-305.8505071818391,89.48579957043589,1.4849739470919523,7.376823637929871
6552.0,89.94125366210938,291.52176828931545,12.86801329964911,-298.47368074603037,291.52176828931545,298.47368074603037,202.03596879165582,11.38303918941908,-305.8505042886256,89.48579949765963,1.4849741102300313,7.3768235425952255
6560.0,90.0511703491211,291.5217839502478,12.86801403375485,-298.47368470460606,291.5217839502478,298.47368470460606,202.03598434338545,11.383039943437879,-305.8505081997862,89.48579960686234,1.4849740903169708,7.376823495180137
6568.0,90.16107940673828,291.52177265271763,12.86802488447866,-298.4736596590459,291.52177265271763,298.4736596590459,202.03597293479044,11.383050737763618,-305.85048325261005,89.4857997179272,1.4849741467150406,7.376823593564165
6576.0,90.27099609375,291.5217758386342,12.86804326673305,-298.4736407259596,291.5217758386342,298.4736407259596,202.03597634539273,11.383069216618251,-305.8504647769237,89.4857994932415,1.4849740501147979,7.3768240509640535
6584.0,90.38091278076172,291.5217713929675,12.86806035218094,-298.473626390803,291.5217713929675,298.473626390803,202.0359717672365,11.383086319562391,-305.85045017409027,89.485799625731,1.4849740326185485,7.376823783287271
6592.0,90.4908218383789,291.5217904424889,12.86806109647895,-298.4736093505625,291.5217904424889,298.4736093505625,202.03599089693907,11.383086896728589,-305.8504331721677,89.48579954554984,1.4849741997503605,7.376823821605168
6600.0,90.60073852539062,291.52178388520036,12.868075824795483,-298.47359511285174,291.52178388520036,298.47359511285174,202.03598422095266,11.383101882144983,-305.8504191310998,89.48579966424771,1.4849739426505002,7.376824018248037
6608.0,90.71065521240234,291.52178389575135,12.868088332509359,-298.4735808267587,291.52178389575135,298.4735808267587,202.0359840434849,11.383114411615567,-305.8504047662997,89.4857998522665,1.484973920893792,7.376823939541016
6616.0,90.82056427001953,291.5217867178487,12.86809605266475,-298.47357192332294,291.5217867178487,298.47357192332294,202.03598679901387,11.383122028194375,-305.85039564044155,89.48579991883486,1.4849740244703755,7.376823717118626
6624.0,90.93048095703125,291.5218112007037,12.86811149863466,-298.47359901309585,291.5218112007037,298.47359901309585,202.03601143263205,11.383137640376226,-305.8504228771222,89.48579976807167,1.484973858258433,7.376823864026328
6632.0,91.04039764404297,291.52178041450554,12.86812522906424,-298.47354269335915,291.52178041450554,298.47354269335915,202.03598056219312,11.383151599917099,-305.85036673156947,89.48579985231245,1.4849736291471425,7.3768240382102945
6640.0,91.15030670166016,291.5217973728837,12.868133553236197,-298.4735581060709,291.5217973728837,298.4735581060709,202.03599728615274,11.383159631978483,-305.8503821261106,89.48580008673096,1.4849739212577138,7.376824020039702
6648.0,91.26022338867188,291.521802643199,12.868141541219712,-298.47356017881043,291.521802643199,298.47356017881043,202.0360024109144,11.383167749182325,-305.85038405382693,89.48580023228462,1.484973792037387,7.376823875016523
6656.0,91.3701400756836,291.52180668464314,12.868151692200712,-298.47353253497226,291.52180668464314,298.47353253497226,202.03600647150975,11.383177920223368,-305.8503565427694,89.48580021313336,1.484973771977345,7.376824007797168
6664.0,91.48004913330078,291.52181194223516,12.868170274968955,-298.47351440601807,291.52181194223516,298.47351440601807,202.03601180041053,11.38319651300507,-305.8503382049858,89.48580014182463,1.4849737619638852,7.376823798967745
6672.0,91.58992767333984,291.52178580546865,12.868181902170473,-298.47346980684256,291.52178580546865,298.47346980684256,202.03598577172994,11.38320809077003,-305.850293697268,89.48580003373873,1.4849738114004445,7.376823890425435
6680.0,91.6998519897461,291.52181799853287,12.86819101195982,-298.4735032348297,291.52181799853287,298.4735032348297,202.03601753581484,11.383217180381177,-305.85032719693356,89.48580046271802,1.484973831578642,7.376823962103845
6688.0,91.80975341796875,291.52181718606096,12.868202835077687,-298.4734765035421,291.52181718606096,298.4734765035421,202.03601718937006,11.38322891564909,-305.85030062149735,89.4857999966909,1.4849739194285967,7.37682411795528
6696.0,91.919677734375,291.52181585113135,12.868207932486325,-298.47345598307874,291.52181585113135,298.47345598307874,202.03601581242856,11.38323415467627,-305.85027991053715,89.48580003870276,1.4849737778100556,7.376823927458432
6704.0,92.02957916259766,291.5217894355078,12.868229442085163,-298.4733851248769,291.5217894355078,298.4733851248769,202.03598969781254,11.383255852063243,-305.8502091429267,89.48579973769523,1.4849735900219203,7.3768240180497955
6712.0,92.1395034790039,291.52182800532177,12.86823553033463,-298.4734528625745,291.52182800532177,298.4734528625745,202.03602781933276,11.38326192087559,-305.8502768954356,89.485800185989,1.48497360945904,7.37682403286113
6720.0,92.2494125366211,291.52181266870457,12.868248808994087,-298.4734256281906,291.52181266870457,298.4734256281906,202.03601256494693,11.383274992367966,-305.8502499770911,89.48580010375761,1.4849738166261217,7.376824348900499
6728.0,92.35933685302734,291.52182522189173,12.868262328105073,-298.4734355722842,291.52182522189173,298.4734355722842,202.03602540394215,11.383288661186082,-305.8502599140634,89.48579981794956,1.4849736669189908,7.376824341779205
6736.0,92.46923828125,291.5218215217436,12.868269753733372,-298.4733923701907,291.5218215217436,298.4733923701907,202.03602123928835,11.383296270040663,-305.85021635542375,89.48580028245524,1.4849734836927089,7.376823985233052
6744.0,92.57916259765625,291.52182385406263,12.868291208313131,-298.47338839636126,291.52182385406263,298.47338839636126,202.0360234955558,11.383317324984558,-305.8502123611491,89.48580035850685,1.4849738833285724,7.376823964787842
6752.0,92.6890640258789,291.52181103799865,12.868307958831638,-298.4733439038458,291.52181103799865,298.4733439038458,202.0360107952818,11.383334124078054,-305.85016775827836,89.48580024271683,1.4849738347535844,7.376823854432601
6760.0,92.79898834228516,291.52182264717294,12.868314960785002,-298.4733623314856,291.52182264717294,298.4733623314856,202.036022235485,11.383341347355412,-305.85018645962873,89.48580041168792,1.4849736134295901,7.3768241281431415
6768.0,92.90889739990234,291.5218225501988,12.868311181856381,-298.4733380593485,291.5218225501988,298.4733380593485,202.03602233942246,11.383337416280993,-305.8501618012728,89.48580021077635,1.4849737655753883,7.376823741924262
6776.0,93.0188217163086,291.5218455123911,12.868328310710568,-298.4733448422847,291.5218455123911,298.4733448422847,202.03604499317063,11.383354476725025,-305.8501686590058,89.4858005192205,1.4849738339855443,7.376823816721139
6784.0,93.12872314453125,291.52182603173776,12.868345419536542,-298.47332363160456,291.52182603173776,298.47332363160456,202.03602570376995,11.383371519600082,-305.8501474249765,89.48580032796784,1.4849738999364603,7.3768237933719405
6792.0,93.2386474609375,291.52183296312035,12.868364293740447,-298.4733126187687,291.52183296312035,298.4733126187687,202.03603303148358,11.383390411170073,-305.85013678887753,89.48579993163679,1.484973882570374,7.376824170108797
6800.0,93.34854888916016,291.5218326434805,12.868374010660755,-298.47328032877385,291.5218326434805,298.47328032877385,202.03603228896233,11.38340006890354,-305.8501044300939,89.48580035451812,1.4849739417572143,7.376824101320018
6808.0,93.4584732055664,291.5218395694156,12.868386662820956,-298.4732796544362,291.5218395694156,298.4732796544362,202.03603948616436,11.383413145081546,-305.85010378131153,89.48580008325123,1.4849735177394114,7.3768241268752845
6816.0,93.5683822631836,291.52183340853526,12.868391667827195,-298.47326889100054,291.52183340853526,298.47326889100054,202.0360334414445,11.383418039266513,-305.85009290453354,89.48579996709077,1.484973628560682,7.376824013533021
6824.0,93.67830657958984,291.52185560723416,12.868403473213423,-298.47324938353455,291.52185560723416,298.47324938353455,202.03605541259776,11.383429607775406,-305.85007324319724,89.48580019463638,1.484973865438016,7.376823859662686
6832.0,93.7882080078125,291.521851174218,12.868414138018425,-298.4732546497773,291.521851174218,298.4732546497773,202.03605103737178,11.383440234279565,-305.8500788926735,89.48580013684625,1.48497390373886,7.376824242896184
6840.0,93.89813232421875,291.5218402358349,12.868433732612266,-298.473228507045,291.5218402358349,298.473228507045,202.03603996945725,11.383459933279012,-305.8500523177569,89.48580026637762,1.484973799333254,7.3768238107118655
6848.0,94.0080337524414,291.5218510140967,12.868439125089088,-298.47322751634636,291.5218510140967,298.47322751634636,202.03605117314007,11.383465234778356,-305.85005124216895,89.48579984095659,1.4849738903107321,7.376823725822586
6856.0,94.11795806884766,291.5218609491772,12.868456046954142,-298.47321623064846,291.5218609491772,298.47321623064846,202.0360610956874,11.383482220653798,-305.8500405364848,89.48579985348984,1.4849738263003436,7.376824305836376
6864.0,94.22786712646484,291.5218624319692,12.868474736417811,-298.47320983210705,291.5218624319692,298.47320983210705,202.03606230835126,11.383500794661789,-305.8500338673532,89.48580012361796,1.4849739417560233,7.376824035246184
6872.0,94.3377914428711,291.5218666488268,12.868483617237448,-298.4731846519226,291.5218666488268,298.4731846519226,202.03606651706923,11.383509793255444,-305.85000875735227,89.48580013175756,1.4849738239820043,7.376824105429623
6880.0,94.44769287109375,291.52187266521895,12.868493219064428,-298.47319221817435,291.52187266521895,298.47319221817435,202.03607285905338,11.383519607267445,-305.85001647967744,89.48579980616556,1.484973611796983,7.3768242615030815
6888.0,94.5576171875,291.5218640151171,12.868506936614647,-298.4731596518734,291.5218640151171,298.4731596518734,202.03606397728183,11.38353302325989,-305.84998403100735,89.48580003783525,1.4849739133547577,7.376824379133922
6896.0,94.66751861572266,291.5218797362015,12.868519562675464,-298.47316441964097,291.5218797362015,298.47316441964097,202.0360796203407,11.383545631157872,-305.84998845517157,89.4858001158608,1.4849739315175916,7.3768240355305785
6904.0,94.7774429321289,291.5218662281446,12.86852931413981,-298.4731110889208,291.5218662281446,298.4731110889208,202.03606606508697,11.38355560298417,-305.8499351358047,89.4858001630576,1.4849737111556391,7.3768240468839
6912.0,94.8873519897461,291.52187595287734,12.868541675246906,-298.47312308327116,291.52187595287734,298.47312308327116,202.0360758044713,11.383567872963958,-305.8499472619052,89.48580014840604,1.4849738022829468,7.376824178634003
6920.0,94.99727630615234,291.5218705400896,12.868550011197573,-298.4730850813339,291.5218705400896,298.4730850813339,202.03607032152416,11.383576001669722,-305.84990915520746,89.48580021856542,1.4849740095278516,7.376824073873543
6928.0,95.1071548461914,291.5218825181199,12.868572436674135,-298.4730888676645,291.5218825181199,298.4730888676645,202.03608235204894,11.383598681858896,-305.8499130203363,89.48580016607102,1.4849737548152406,7.376824152671787
6936.0,95.2170639038086,291.521884288823,12.86857719400755,-298.4730762979317,291.521884288823,298.4730762979317,202.03608394036848,11.383603340505138,-305.84990033463316,89.48580034845455,1.484973853502412,7.376824036701439
6944.0,95.32698822021484,291.5218779327434,12.868601048284564,-298.4730566806491,291.5218779327434,298.4730566806491,202.03607790896692,11.383627034937646,-305.8498809734725,89.48580002377648,1.4849740133469176,7.376824292823429
6952.0,95.43689727783203,291.52188908934465,12.868608071672277,-298.47306424494053,291.52188908934465,298.47306424494053,202.03608840798125,11.383634076184853,-305.8498885802712,89.48580068136339,1.4849739954874233,7.376824335330703
6960.0,95.54681396484375,291.5218961773288,12.868625787841083,-298.47305657870766,291.5218961773288,298.47305657870766,202.03609563014064,11.38365194640112,-305.84988085754287,89.48580054718819,1.4849738414399631,7.376824278835205
6968.0,95.65673065185547,291.5218850582015,12.868632544730621,-298.4730071384158,291.5218850582015,298.4730071384158,202.0360844873196,11.383658815130469,-305.8498315564116,89.48580057088188,1.4849737296001522,7.376824417995724
6976.0,95.76663970947266,291.5219076727901,12.86864873575331,-298.4730352180596,291.5219076727901,298.4730352180596,202.03610700359812,11.383674919480548,-305.8498594940917,89.48580066919203,1.4849738162727617,7.3768242760320994
6984.0,95.87655639648438,291.52190739186494,12.86866454778461,-298.4730242432413,291.52190739186494,298.4730242432413,202.03610665835077,11.383690549997883,-305.84984859027276,89.48580073351418,1.4849739977867265,7.3768243470314445
6992.0,95.9864730834961,291.52189728532335,12.868675523337,-298.47298312389734,291.52189728532335,298.47298312389734,202.03609627678745,11.383701479909298,-305.8498072519586,89.4858010085359,1.4849740434277008,7.376824128061294
7000.0,96.09638214111328,291.52190069266976,12.868684555622517,-298.47297327370654,291.52190069266976,298.47297327370654,202.03609982741276,11.38371047431274,-305.84979750043544,89.48580086525703,1.484974081309776,7.376824226728928
7008.0,96.206298828125,291.5219000890989,12.868704136317868,-298.4729564569578,291.5219000890989,298.4729564569578,202.03609910509297,11.383730228436553,-305.84978084259933,89.48580098400592,1.4849739078813153,7.376824385641537
7016.0,96.31621551513672,291.52191082119487,12.868713063220119,-298.4729495464914,291.52191082119487,298.4729495464914,202.03610974394843,11.383739271504162,-305.84977395341514,89.48580107724644,1.4849737917159576,7.376824406923738
7024.0,96.4261245727539,291.52192405505934,12.868727773129818,-298.4729635417763,291.52192405505934,298.4729635417763,202.03612303940582,11.383753838327008,-305.8497880124852,89.48580101565352,1.4849739348028095,7.376824470708872
7032.0,96.53604125976562,291.52191279583957,12.868740119720055,-298.4729269216844,291.52191279583957,298.4729269216844,202.03611184260234,11.383766284902261,-305.8497512796647,89.48580095323724,1.484973834817794,7.3768243579802935
7040.0,96.64595794677734,291.5219174482397,12.868757974848464,-298.47291664150976,291.5219174482397,298.47291664150976,202.03611624189745,11.3837842145777,-305.84974121511493,89.4858012063423,1.4849737602707638,7.376824573605177
7048.0,96.75586700439453,291.52192575776314,12.868769598322794,-298.47289691842735,291.52192575776314,298.47289691842735,202.036124146543,11.383795692341977,-305.84972145889617,89.48580161122013,1.4849739059808171,7.376824540468796
7056.0,96.86578369140625,291.52192687788175,12.868781567023856,-298.47287426614173,291.52192687788175,298.47287426614173,202.03612538381046,11.383807692468075,-305.8496986128544,89.4858014940713,1.48497387455578,7.376824346712709
7064.0,96.97570037841797,291.52192941730476,12.868791597298479,-298.47287110307184,291.52192941730476,298.47287110307184,202.03612785058905,11.383817762534493,-305.8496957269517,89.4858015667157,1.4849738347639865,7.376824623879887
7072.0,97.08560943603516,291.5219197498225,12.868808432241737,-298.4728357372957,291.5219197498225,298.4728357372957,202.0361181416376,11.383834518398539,-305.84966045220654,89.48580160818489,1.4849739138431983,7.376824714910814
7080.0,97.19552612304688,291.5219397251695,12.868821372235267,-298.47286100054777,291.5219397251695,298.47286100054777,202.03613800554245,11.383847715964707,-305.8496853944764,89.48580171962703,1.4849736562705593,7.376824393928661
7088.0,97.3054428100586,291.52194664553036,12.868831917414735,-298.47284099405175,291.52194664553036,298.47284099405175,202.03614507635933,11.38385818745187,-305.8496655994979,89.48580156917103,1.4849737299628654,7.376824605446142
7096.0,97.41535186767578,291.5219372479349,12.868847391545325,-298.47282256309217,291.5219372479349,298.47282256309217,202.03613568096353,11.383873716799863,-305.8496472984457,89.48580156697136,1.4849736747454616,7.376824735353509
7104.0,97.5252685546875,291.5219336301603,12.868864897907386,-298.47278093962893,291.5219336301603,298.47278093962893,202.03613190307152,11.383891068971392,-305.8496056130085,89.48580172708876,1.4849738289359928,7.376824673379609
7112.0,97.63518524169922,291.5219439441468,12.868874671396389,-298.4727905065887,291.5219439441468,298.4727905065887,202.03614243091394,11.383900774186056,-305.84961494999476,89.48580151323286,1.4849738972103326,7.376824443406065
7120.0,97.7450942993164,291.52194767880167,12.868886814781593,-298.47277929621237,291.52194767880167,298.47277929621237,202.03614639658502,11.383912905401923,-305.8496039136186,89.48580128221664,1.4849739093796699,7.376824617406218
7128.0,97.85501098632812,291.5219471189861,12.868898399894578,-298.47275671366174,291.5219471189861,298.47275671366174,202.03614560746183,11.383924541411528,-305.8495812932286,89.48580151152422,1.4849738584830499,7.3768245795668435
7136.0,97.96492767333984,291.5219485790337,12.868912316228032,-298.4727357629922,291.5219485790337,298.4727357629922,202.03614712737738,11.383938524758376,-305.84956041281794,89.48580145165631,1.4849737914696564,7.376824649825714
7144.0,98.07483673095703,291.5219622891271,12.8689295103934,-298.4727425833174,291.5219622891271,298.4727425833174,202.03616079717432,11.383955822135464,-305.8495671510781,89.48580149195277,1.4849736882579367,7.376824567760636
7152.0,98.18475341796875,291.5219507450349,12.868945270475677,-298.4727102106166,291.5219507450349,298.4727102106166,202.03614904020787,11.383971356794483,-305.8495348932049,89.48580170482703,1.4849739136811944,7.376824682588342
7160.0,98.29467010498047,291.521974209495,12.868953983810915,-298.47273077107707,291.521974209495,298.47273077107707,202.0361727334375,11.383980056879368,-305.84955539139713,89.4858014760575,1.4849739269315458,7.376824620320054
7168.0,98.40457916259766,291.52195302702717,12.868969970755856,-298.47265402293783,291.52195302702717,298.47265402293783,202.03615130567988,11.383995982903151,-305.84947882634145,89.4858017213473,1.4849739878527046,7.376824803403629
7176.0,98.51449584960938,291.5219658671007,12.86898467598269,-298.47269272077205,291.5219658671007,298.47269272077205,202.03616418071564,11.384010591954025,-305.84951739302426,89.48580168638506,1.4849740840286645,7.376824672252212
7184.0,98.6243667602539,291.52196654963313,12.868999929090734,-298.4726779437764,291.52196654963313,298.4726779437764,202.03616482663722,11.384025925644591,-305.849502512688,89.48580172299594,1.4849740034461414,7.376824568911591
7192.0,98.73429107666016,291.52196594605994,12.869017834008936,-298.47265334556715,291.52196594605994,298.47265334556715,202.03616439639896,11.38404391468993,-305.8494777351005,89.48580154966098,1.4849739193190064,7.376824389533329
7200.0,98.84420013427734,291.5219744132306,12.869029460834925,-298.47264086882006,291.5219744132306,298.47264086882006,202.03617279615696,11.384055488372681,-305.84946562549425,89.48580161707363,1.484973972462244,7.376824756674182
7208.0,98.9541244506836,291.52197581510853,12.869036476610798,-298.4726244608799,291.52197581510853,298.4726244608799,202.0361739310696,11.38406257317034,-305.8494491350498,89.48580188403892,1.4849739034404594,7.376824674169864
7216.0,99.06402587890625,291.5219809555076,12.869054862161509,-298.47260993990614,291.5219809555076,298.47260993990614,202.03617914265715,11.384081009754464,-305.8494347417808,89.48580181285048,1.4849738524070453,7.376824801874633
7224.0,99.1739501953125,291.5219816864211,12.869066244296976,-298.47260155958276,291.5219816864211,298.47260155958276,202.03617995543178,11.384092305310169,-305.84942631922945,89.48580173098932,1.4849739389868066,7.376824759646677
7232.0,99.28385162353516,291.5219945682378,12.869083421982225,-298.47260028653716,291.5219945682378,298.47260028653716,202.03619316693104,11.384109408291671,-305.84942487133594,89.48580140130673,1.4849740136905538,7.376824584798765
7240.0,99.3937759399414,291.52198143858527,12.869101592040803,-298.47257199032816,291.52198143858527,298.47257199032816,202.0361796583855,11.384127672862718,-305.8493969262419,89.48580178019976,1.4849739191780846,7.376824935913756
7248.0,99.5036849975586,291.52200267902117,12.869116011551496,-298.4725849835607,291.52200267902117,298.4725849835607,202.03620109968466,11.384142178727853,-305.8494100284165,89.48580157933648,1.4849738328236435,7.376825044855828
7256.0,99.61360931396484,291.52198147457943,12.869129692695658,-298.47252015432815,291.52198147457943,298.47252015432815,202.0361798434746,11.384155856442138,-305.84934492579873,89.4858016311048,1.4849738362535205,7.376824771470606
7264.0,99.7235107421875,291.52200623599094,12.86914140327243,-298.47253467230973,291.52200623599094,298.47253467230973,202.03620462257396,11.384167604244656,-305.84935924357046,89.48580161341701,1.4849737990277743,7.376824571260709
7272.0,99.83343505859375,291.5219952664803,12.869154837356696,-298.4725125399232,291.5219952664803,298.4725125399232,202.03619384281052,11.384181030274188,-305.849337073872,89.4858014236698,1.4849738070825083,7.376824533948817
7280.0,99.9433364868164,291.5219902059233,12.869165900475457,-298.4724765679144,291.5219902059233,298.4724765679144,202.03618871657767,11.384191932388749,-305.84930146802463,89.48580148934562,1.4849739680867078,7.376824900110236
7288.0,100.05326080322266,291.522001437335,12.86918602875658,-298.4724766936533,291.522001437335,298.4724766936533,202.0362002732838,11.38421220643497,-305.8493014378494,89.48580116405117,1.4849738223216098,7.376824744196117
7296.0,100.16316986083984,291.52203229421184,12.86920476224413,-298.4725137544578,291.52203229421184,298.4725137544578,202.03623102401636,11.384230888469634,-305.84933878358936,89.4858012701955,1.4849738737744964,7.3768250291315525
7304.0,100.2730941772461,291.5220150605446,12.869214086042815,-298.47245188560527,291.5220150605446,298.47245188560527,202.03621376961934,11.384240331058962,-305.84927650166867,89.48580129092525,1.4849737549838535,7.376824616063402
7312.0,100.38299560546875,291.5220297528332,12.86923116701206,-298.4724729810422,291.5220297528332,298.4724729810422,202.03622807188495,11.384257279950447,-305.84929754623704,89.48580168094824,1.4849738870616132,7.376824565194841
7320.0,100.492919921875,291.5220021314136,12.869241174550268,-298.4723986380899,291.5220021314136,298.4723986380899,202.03620050149289,11.384267339784904,-305.8492234981337,89.4858016299207,1.4849738347653654,7.376824860043836
7328.0,100.60282135009766,291.52200590437957,12.869253233546752,-298.4724021003862,291.52200590437957,298.4724021003862,202.03620417041446,11.384279234152775,-305.84922698562843,89.48580173396509,1.484973999393977,7.376824885242204
7336.0,100.7127456665039,291.52201785266794,12.869269907267364,-298.47239146254145,291.52201785266794,298.47239146254145,202.0362161081321,11.384295886278327,-305.8492161667935,89.48580174453586,1.4849740209890372,7.376824704252069
7344.0,100.8226547241211,291.52202092232477,12.869282475568287,-298.47238317355925,291.52202092232477,298.47238317355925,202.03621908442054,11.384308681124,-305.8492078461811,89.48580183790423,1.4849737944442867,7.376824672621861
7352.0,100.93257904052734,291.5220370957858,12.869298442389802,-298.47242124602064,291.5220370957858,298.47242124602064,202.03623571703892,11.384324689447437,-305.8492457965979,89.48580137874686,1.4849737529423637,7.3768245505772825
7360.0,101.04248046875,291.5220347351458,12.869305163541252,-298.4723648667137,291.5220347351458,298.4723648667137,202.03623300773808,11.384331280220845,-305.8491895790807,89.48580172740768,1.484973883320407,7.3768247123669966
7368.0,101.15240478515625,291.5220366053772,12.86932009471855,-298.47235799763496,291.5220366053772,298.47235799763496,202.0362349711919,11.384346140100407,-305.84918315462687,89.4858016341853,1.4849739546181437,7.376825156991895
7376.0,101.2623062133789,291.52201502385446,12.869337472775628,-298.4722855155988,291.52201502385446,298.4722855155988,202.03621325818358,11.384363452758329,-305.84911038741626,89.4858017656709,1.484974020017299,7.376824871817483
7384.0,101.37223052978516,291.52203022394673,12.86935148904399,-298.47231831802355,291.52203022394673,298.47231831802355,202.03622850442494,11.384377359031273,-305.84914328524394,89.48580171952177,1.484974130012716,7.376824967220404
7392.0,101.48213958740234,291.5220480341608,12.869366559582986,-298.47229751920236,291.5220480341608,298.47229751920236,202.03624640864524,11.384392588322012,-305.8491228542477,89.4858016255155,1.4849739712609746,7.376825335045339
7400.0,101.5920639038086,291.5220363329869,12.869381019774403,-298.4722730893108,291.5220363329869,298.4722730893108,202.0362344321868,11.384407040737589,-305.84909788629955,89.48580190080008,1.484973979036815,7.376824796988711
7408.0,101.70196533203125,291.5220351151516,12.86939999614545,-298.47224307121786,291.5220351151516,298.47224307121786,202.03623337951387,11.384425994031247,-305.8490678613738,89.48580173563772,1.4849740021142028,7.3768247901559185
7416.0,101.8118896484375,291.5220410033254,12.869412910452915,-298.47222559855237,291.5220410033254,298.47222559855237,202.03623898811196,11.384439181339467,-305.84905067544287,89.48580201521341,1.4849737291134488,7.376825076890487
7424.0,101.92179107666016,291.5220530781028,12.869424049093867,-298.4722378061419,291.5220530781028,298.4722378061419,202.03625098890993,11.38445011946406,-305.84906272401616,89.48580208919287,1.4849739296298086,7.376824917874277
7432.0,102.0317153930664,291.52205409511294,12.869435985583909,-298.4722213560466,291.52205409511294,298.4722213560466,202.03625221006038,11.384461974636883,-305.8490463488048,89.48580188505258,1.4849740109470262,7.37682499275822
7440.0,102.1416015625,291.5220689580394,12.869452926496695,-298.4722349886084,291.5220689580394,298.4722349886084,202.03626716853464,11.384479103859498,-305.8490600456172,89.48580178950476,1.484973822637197,7.376825057008791
7448.0,102.25151824951172,291.52204338833656,12.86946609546173,-298.47217604007625,291.52204338833656,298.47217604007625,202.03624125882976,11.384492150862414,-305.8490009811294,89.48580212950677,1.4849739445993162,7.376824941053144
7456.0,102.3614273071289,291.5220708729194,12.86948197072707,-298.4721766352887,291.5220708729194,298.4721766352887,202.03626874007682,11.384508084808912,-305.8490019163905,89.4858021328426,1.4849738859181587,7.376825281101798
7464.0,102.47134399414062,291.52206446324357,12.869495059307564,-298.47217556195073,291.52206446324357,298.47217556195073,202.03626219894775,11.384521015994535,-305.8490007263367,89.4858022642958,1.4849740433130294,7.376825164385981
7472.0,102.58126068115234,291.52206633585206,12.869513445624893,-298.47215197845844,291.52206633585206,298.47215197845844,202.0362639957516,11.384539500261543,-305.8489771320642,89.48580234010049,1.48497394536335,7.376825153605747
7480.0,102.6911849975586,291.52207173012437,12.869529148755298,-298.47214552828524,291.52207173012437,298.47214552828524,202.03626945787988,11.384555379111116,-305.848970783763,89.48580227224446,1.4849737696441823,7.37682525547773
7488.0,102.80108642578125,291.52206860812254,12.86954801034858,-298.4721313377147,291.52206860812254,298.4721313377147,202.03626664226186,11.384574386896581,-305.8489563139731,89.48580196586067,1.4849736234519992,7.376824976258398
7496.0,102.9110107421875,291.5220715604101,12.869561507712021,-298.47209989748706,291.5220715604101,298.47209989748706,202.0362696715248,11.384587561847018,-305.84892495506847,89.4858018888853,1.4849739458650015,7.376825057581424
7504.0,103.02091217041016,291.5220784642329,12.869575101092686,-298.4720814831042,291.5220784642329,298.4720814831042,202.0362764981039,11.38460127794772,-305.84890650343414,89.48580196612897,1.4849738231449665,7.376825020329914
7512.0,103.1308364868164,291.52209212525037,12.869583004898397,-298.47208694915196,291.52209212525037,298.47208694915196,202.0362899164556,11.38460905046555,-305.8489119653889,89.4858022087948,1.4849739544328475,7.376825016236943
7520.0,103.2407455444336,291.52207147438514,12.869611017880597,-298.4720423103698,291.52207147438514,298.4720423103698,202.0362694184335,11.384636975211869,-305.8488670206686,89.48580205595164,1.4849740426687281,7.376824710298841
7528.0,103.35066986083984,291.5220944586625,12.86961255052194,-298.47204308600726,291.5220944586625,298.47204308600726,202.0362923852488,11.384638727552831,-305.8488682986334,89.48580207341368,1.4849738229691076,7.37682521262613
7536.0,103.4605712890625,291.52208591274854,12.869632784706019,-298.47201931831944,291.52208591274854,298.47201931831944,202.0362838691018,11.384659072073582,-305.8488441799829,89.48580204364673,1.4849737126324374,7.376824861663486
7544.0,103.57049560546875,291.5220835949546,12.86964399690838,-298.4720085503771,291.5220835949546,298.4720085503771,202.03628133534016,11.384670003092157,-305.84883370208996,89.48580225961443,1.4849739938162219,7.376825151712875
7552.0,103.6803970336914,291.5221017615521,12.869665325285112,-298.47200467634946,291.5221017615521,298.47200467634946,202.0362993958028,11.384691257251692,-305.848829520325,89.48580236574927,1.4849740680334202,7.376824843975534
7560.0,103.79032135009766,291.52211965477767,12.869676274063062,-298.4720126790958,291.52211965477767,298.4720126790958,202.03631727022284,11.384702397042359,-305.8488371826511,89.48580238455484,1.4849738770207037,7.376824503555255
7568.0,103.90023040771484,291.5220963662714,12.869692269952019,-298.47195805558647,291.5220963662714,298.47195805558647,202.03629431037086,11.384718425959084,-305.8487829010718,89.48580205590054,1.4849738439929347,7.376824845485302
7576.0,104.0101547241211,291.5221134289946,12.86970713168539,-298.47195140723665,291.5221134289946,298.47195140723665,202.03631126681583,11.384733208029647,-305.8487765798062,89.48580216217877,1.4849739236557415,7.376825172569593
7584.0,104.12005615234375,291.52211537331175,12.869727518009366,-298.4719495896423,291.52211537331175,298.4719495896423,202.03631320067274,11.384753607961926,-305.84877481106275,89.48580217263898,1.4849739100474408,7.376825221420464
7592.0,104.22998046875,291.5221050586467,12.86973903546804,-298.4718976952076,291.5221050586467,298.4718976952076,202.03630281804422,11.38476517937217,-305.8487230201845,89.48580224060245,1.4849738560958694,7.37682532497691
7600.0,104.33988189697266,291.522114884661,12.869754144282815,-298.47190222185526,291.522114884661,298.47190222185526,202.03631271924098,11.3847802530331,-305.8487271958228,89.48580216542001,1.4849738912497163,7.376824973967551
7608.0,104.4498062133789,291.5221227981901,12.869763209416192,-298.47189874460184,291.5221227981901,298.47189874460184,202.03632063668277,11.384789467310362,-305.84872383710444,89.48580216150731,1.4849737421058298,7.376825092502596
7616.0,104.5597152709961,291.52210424294464,12.869775674963039,-298.47186144593803,291.52210424294464,298.47186144593803,202.03630222612978,11.384801827960237,-305.84868631505486,89.48580201681486,1.4849738470028027,7.376824869116838
7624.0,104.66963958740234,291.522127851365,12.86979670691887,-298.47188307328634,291.522127851365,298.47188307328634,202.0363257269054,11.384822718162019,-305.8487081321955,89.48580212445961,1.484973988756851,7.376825058909162
7632.0,104.779541015625,291.52212781452397,12.869816721757406,-298.4718462219149,291.52212781452397,298.4718462219149,202.03632573633794,11.384843129670383,-305.84867151657704,89.48580207818601,1.4849735920870226,7.376825294662144
7640.0,104.88946533203125,291.5221337585356,12.86982868396001,-298.4718301818119,291.5221337585356,298.4718301818119,202.0363315387541,11.384854906218404,-305.84865541370317,89.48580221978148,1.4849737777416057,7.376825231891246
7648.0,104.9993667602539,291.52212717976784,12.869833854994871,-298.47182972238295,291.52212717976784,298.47182972238295,202.0363248376669,11.384859932488832,-305.84865495927136,89.4858023421009,1.4849739225060392,7.3768252368883935
7656.0,105.10929107666016,291.5221333292932,12.869863769021787,-298.47179764764695,291.5221333292932,298.47179764764695,202.0363308562849,11.384889870011131,-305.84862294806936,89.48580247300825,1.4849738990106567,7.376825300422414
7664.0,105.21920013427734,291.5221355758814,12.869869530171492,-298.47181785396396,291.5221355758814,298.47181785396396,202.03633321601734,11.384895511433418,-305.8486428592365,89.4858023598641,1.484974018738073,7.3768250052725435
7672.0,105.3291244506836,291.52215694406146,12.869886439618424,-298.4717813862449,291.52215694406146,298.4717813862449,202.03635485379206,11.38491267729498,-305.8486065735473,89.4858020902694,1.484973762323446,7.376825187302362
7680.0,105.43902587890625,291.5221608620416,12.869900548023645,-298.47179378695273,291.5221608620416,298.47179378695273,202.03635880473232,11.3849266251083,-305.84861879225593,89.48580205730923,1.4849739229153462,7.376825005303196
7688.0,105.5489501953125,291.5221592506078,12.869912479115898,-298.4717563518048,291.5221592506078,298.4717563518048,202.03635714937934,11.384938643691473,-305.84858171757116,89.48580210122844,1.4849738354244253,7.376825365766358
7696.0,105.6588134765625,291.52214878614893,12.869930624945948,-298.4717196675592,291.52214878614893,298.4717196675592,202.03634681165227,11.384956825326704,-305.8485445951835,89.48580197449667,1.4849737996192434,7.37682492762427
7704.0,105.76873779296875,291.52215577249916,12.869949453400867,-298.4717044464447,291.52215577249916,298.4717044464447,202.03635392257712,11.384975600126062,-305.8485297627258,89.48580184992203,1.4849738532748058,7.376825316281124
7712.0,105.8786392211914,291.52215659628615,12.869959576584812,-298.47171864609953,291.52215659628615,298.47171864609953,202.03635491635072,11.384985438740236,-305.8485437566543,89.48580167993543,1.4849741378445767,7.376825110554769
7720.0,105.98856353759766,291.52216680749905,12.869974249736195,-298.4717097768991,291.52216680749905,298.4717097768991,202.03636484947083,11.385000317870336,-305.8485346006179,89.48580195802825,1.4849739318658597,7.3768248237188025
7728.0,106.09847259521484,291.5221688371486,12.86999296477714,-298.47169316322913,291.5221688371486,298.47169316322913,202.03636679747575,11.385018887350874,-305.8485180431778,89.48580203967288,1.4849740774262652,7.376824879948664
7736.0,106.2083969116211,291.5221561503416,12.8700082615427,-298.47165569351876,291.5221561503416,298.47165569351876,202.03635412910123,11.38503423827332,-305.8484805394663,89.48580202124033,1.484974023269381,7.376824845947585
7744.0,106.31829833984375,291.52215992210506,12.870025380051166,-298.4716168554263,291.52215992210506,298.4716168554263,202.03635787870184,11.385051380890037,-305.8484417847227,89.48580204340321,1.4849739991611295,7.376824929296404
7752.0,106.42822265625,291.5221742673856,12.870040365175944,-298.47165159894945,291.5221742673856,298.47165159894945,202.0363720436463,11.385066510377385,-305.84847630784907,89.4858022237393,1.4849738547985596,7.376824708899598
7760.0,106.53812408447266,291.52216596842436,12.870057600129632,-298.4716276981346,291.52216596842436,298.4716276981346,202.03636361335663,11.385083529736104,-305.84845234133616,89.48580235506773,1.4849740703935286,7.376824643201541
7768.0,106.6480484008789,291.52217129415686,12.870064027914701,-298.4715678834695,291.52217129415686,298.4715678834695,202.03636903997568,11.385089963497588,-305.84839284222517,89.48580225418118,1.4849740644171123,7.376824958755652
7776.0,106.7579574584961,291.5221665754326,12.870083403105635,-298.4715737483126,291.5221665754326,298.4715737483126,202.03636418392708,11.385109604521082,-305.8483986858569,89.48580239150556,1.4849737985845535,7.376824937544338
7784.0,106.86788177490234,291.52218634678746,12.870100913553866,-298.4715736879314,291.52218634678746,298.4715736879314,202.0363841010539,11.385127013860286,-305.84839832560755,89.48580224573357,1.48497389969358,7.376824637676108
7792.0,106.977783203125,291.5221932724422,12.87011127737772,-298.4715444098243,291.5221932724422,298.4715444098243,202.03639128910706,11.385137331053164,-305.8483690986262,89.4858019833352,1.484973946324557,7.376824688801953
7800.0,107.08770751953125,291.52218225030737,12.870126794966378,-298.47152754015247,291.52218225030737,298.47152754015247,202.036380064382,11.385152895465257,-305.8483521879184,89.48580218592535,1.4849738995011217,7.3768246477659325
7808.0,107.1976089477539,291.522196807359,12.87014572191173,-298.4715317005908,291.522196807359,298.4715317005908,202.03639439438922,11.385171743582795,-305.84835671653605,89.4858024129698,1.4849739783289349,7.376825015945272
7816.0,107.30753326416016,291.52219673912185,12.870162783313107,-298.4715186354739,291.52219673912185,298.4715186354739,202.03639486289404,11.385188709016852,-305.8483436590861,89.48580187622781,1.4849740742962552,7.376825023612195
7824.0,107.41744232177734,291.52220226372407,12.870174825572352,-298.4714961884669,291.52220226372407,298.4714961884669,202.03640003111116,11.385200746249971,-305.8483209539807,89.48580223261293,1.4849740793223805,7.376824765513774
7832.0,107.5273666381836,291.5222033187963,12.870191815607534,-298.47146812147605,291.5222033187963,298.47146812147605,202.03640125101887,11.385217912452655,-305.84829298025556,89.48580206777741,1.4849739031548783,7.376824858779518
7840.0,107.63726806640625,291.5221965754255,12.87020806843454,-298.4714455357796,291.5221965754255,298.4714455357796,202.03639449830845,11.38523396979,-305.84827047871795,89.48580207711701,1.484974098644538,7.376824942938331
7848.0,107.7471923828125,291.52220707585593,12.870222910073243,-298.47143362459184,291.52220707585593,298.47143362459184,202.0364051382712,11.385249240147704,-305.8482584427374,89.48580193758471,1.4849736699255396,7.376824818145558
7856.0,107.85709381103516,291.5222102163584,12.870240260981127,-298.47142341037716,291.5222102163584,298.47142341037716,202.03640822114787,11.38526635610645,-305.848248441074,89.48580199521055,1.4849739048746766,7.376825030696846
7864.0,107.9670181274414,291.5222290797581,12.870248823886174,-298.4714277037389,291.5222290797581,298.4714277037389,202.0364268272996,11.385274931565371,-305.8482525984998,89.48580225245851,1.4849738923208016,7.3768248947608726
7872.0,108.0769271850586,291.5222174471976,12.870264777727991,-298.47141324499813,291.5222174471976,298.47141324499813,202.03641529463417,11.385291097701552,-305.84823797957165,89.48580215256345,1.4849736800264381,7.376824734573503
7880.0,108.18685150146484,291.52221687899805,12.870281986122764,-298.471386619001,291.52221687899805,298.471386619001,202.03641436652157,11.385308239245973,-305.8482113894601,89.48580251247647,1.4849737468767916,7.376824770459116
7888.0,108.2967529296875,291.52222223156474,12.870298380992814,-298.4713650531124,291.52222223156474,298.4713650531124,202.0364199301445,11.385324457032112,-305.8481900864671,89.48580230142024,1.4849739239607018,7.376825033354773
7896.0,108.40667724609375,291.5222127249285,12.870310167825592,-298.47133563454315,291.5222127249285,298.47133563454315,202.03641020512367,11.385336415718836,-305.8481606205457,89.48580251980485,1.4849737521067554,7.376824986002525
7904.0,108.5165786743164,291.5222278527257,12.870328032190924,-298.4713344949775,291.5222278527257,298.4713344949775,202.03642557180248,11.385354292625399,-305.8481596661818,89.48580228092322,1.4849737395655254,7.376825171204299
7912.0,108.62650299072266,291.52222161915074,12.870340038680594,-298.47130803415234,291.52222161915074,298.47130803415234,202.03641919515826,11.385366460930964,-305.8481328237416,89.48580242399251,1.4849735777496293,7.376824789589264
7920.0,108.73641204833984,291.5222229555477,12.870361521490105,-298.4712978335653,291.5222229555477,298.4712978335653,202.03642035270013,11.385387672036943,-305.84812279191976,89.48580260284754,1.4849738494531621,7.376824958354483
7928.0,108.8463363647461,291.5222384775817,12.870376075340076,-298.47129232762234,291.5222384775817,298.47129232762234,202.03643568922968,11.385402339196315,-305.8481170285253,89.48580278835203,1.4849737361437603,7.3768247009029295
7936.0,108.95623779296875,291.52222823426473,12.870392443554692,-298.4712532137787,291.52222823426473,298.4712532137787,202.03642551879275,11.385418822250564,-305.84807821347124,89.48580271547195,1.4849736213041285,7.37682499969252
7944.0,109.066162109375,291.5222422885338,12.87040880876787,-298.47124827951063,291.5222422885338,298.47124827951063,202.0364395972491,11.38543518183403,-305.84807312155857,89.4858026912847,1.484973626933841,7.3768248420479345
7952.0,109.1760482788086,291.5222470731791,12.870424394629158,-298.4712296171854,291.5222470731791,298.4712296171854,202.0364445603938,11.385450731222846,-305.84805485356276,89.48580251278527,1.484973663406311,7.376825236377375
7960.0,109.28595733642578,291.5222467094003,12.870434690058453,-298.4712286036258,291.5222467094003,298.4712286036258,202.0364439039039,11.385460749005038,-305.84805335324245,89.4858028054964,1.4849739410534142,7.376824749616677
7968.0,109.3958740234375,291.5222507325054,12.870450104226453,-298.4711964207934,291.5222507325054,298.4711964207934,202.03644811511293,11.38547637563595,-305.8480216542995,89.4858026173925,1.4849737285905036,7.376825233506118
7976.0,109.50579071044922,291.52225509867003,12.870462941834077,-298.47120375348027,291.52225509867003,298.47120375348027,202.03645237519703,11.385489262565462,-305.84802880361786,89.48580272347297,1.4849736792686155,7.376825050137601
7984.0,109.6156997680664,291.5222672343971,12.870480050070025,-298.4711869646267,291.5222672343971,298.4711869646267,202.0364642611894,11.38550619294458,-305.8480119173996,89.48580297320768,1.4849738571254438,7.376824952772882
7992.0,109.72561645507812,291.5222606433598,12.870501854810732,-298.47116286278106,291.5222606433598,298.47116286278106,202.03645820094636,11.385527957711691,-305.8479876496151,89.48580244241342,1.4849738970990405,7.3768247868340495
8000.0,109.83553314208984,291.52226398866446,12.870510472521643,-298.47114442804633,291.52226398866446,298.47114442804633,202.0364614493067,11.385536695393434,-305.8479694781369,89.48580253935773,1.4849737771282083,7.376825050090581
8008.0,109.94544219970703,291.5222620582832,12.870527785731444,-298.47114224211356,291.5222620582832,298.47114224211356,202.0364595893513,11.38555399278313,-305.84796729108893,89.48580246893192,1.4849737929483124,7.376825048975391
8016.0,110.05535888671875,291.5222763599719,12.870548254928348,-298.4711132360278,291.5222763599719,298.4711132360278,202.03647351823815,11.385574661436507,-305.8479381242297,89.48580284173374,1.4849735934918402,7.376824888201877
8024.0,110.16527557373047,291.5222681390106,12.870566995919418,-298.47108455131666,291.5222681390106,298.47108455131666,202.0364655345492,11.385593159640212,-305.84790952837454,89.4858026044614,1.4849738362792066,7.376824977057861
8032.0,110.27518463134766,291.5222999255435,12.8705762212746,-298.4711116580331,291.5222999255435,298.4711116580331,202.036497238987,11.385602422642762,-305.8479365704554,89.48580268655651,1.484973798631839,7.376824912422226
8040.0,110.38510131835938,291.5222933733895,12.870597592568283,-298.4710752464436,291.5222933733895,298.4710752464436,202.0364908869779,11.385623828781817,-305.84790018299884,89.48580248641159,1.4849737637864657,7.376824936555259
8048.0,110.4950180053711,291.52227670506136,12.870606618217916,-298.4710325835248,291.52227670506136,298.4710325835248,202.03647413960311,11.385632801505746,-305.84785742212034,89.48580256545827,1.4849738167121702,7.376824838595571
8056.0,110.60492706298828,291.52228259178275,12.870622648349325,-298.4710146907338,291.52228259178275,298.4710146907338,202.03647962523638,11.385648942713061,-305.8478396828285,89.48580296654634,1.4849737056362644,7.376824992094715
8064.0,110.71484375,291.5222939249626,12.870640441646195,-298.47101873661666,291.5222939249626,298.47101873661666,202.03649077395966,11.385666811753548,-305.8478436420633,89.48580315100291,1.4849736298926475,7.376824905446654
8072.0,110.82476043701172,291.5222865875191,12.870660708860132,-298.4709911043239,291.5222865875191,298.4709911043239,202.03648386875867,11.38568694075952,-305.84781612513467,89.48580271876043,1.4849737681006125,7.376825020810756
8080.0,110.9346694946289,291.5222873837987,12.870669145989284,-298.47098292404223,291.5222873837987,298.47098292404223,202.03648457834862,11.385695516047342,-305.8478079863978,89.4858028054501,1.4849736299419418,7.376825062355582
8088.0,111.04458618164062,291.52230339481355,12.87068950070801,-298.47098361911264,291.52230339481355,298.47098361911264,202.03650067892994,11.385715823675323,-305.8478087309695,89.4858027158836,1.4849736770326882,7.376825111856885
8096.0,111.15450286865234,291.52228998721523,12.870708262868007,-298.47092061101426,291.52228998721523,298.47092061101426,202.0364871902074,11.385734674108551,-305.8477456945766,89.4858027970078,1.484973588759455,7.376825083562309
8104.0,111.26441192626953,291.5223149497593,12.870717946411855,-298.4709467705315,291.5223149497593,298.4709467705315,202.0365121308078,11.385744356258897,-305.8477717755636,89.48580281895146,1.4849735901529575,7.376825005032142
8112.0,111.37432861328125,291.5223062024884,12.870744727851928,-298.4708966893884,291.5223062024884,298.4708966893884,202.0365033349235,11.385770993196672,-305.8477218715262,89.48580286756484,1.4849737346552554,7.376825182137807
8120.0,111.48424530029297,291.52231969800204,12.870760890837023,-298.47090298873854,291.52231969800204,298.47090298873854,202.0365165152829,11.385787211614902,-305.84772771934314,89.48580318271914,1.48497367922212,7.376824730604575
8128.0,111.59415435791016,291.52231732614314,12.870770914688066,-298.47088349966714,291.52231732614314,298.47088349966714,202.036514091178,11.38579709922117,-305.84770847631455,89.48580323496513,1.4849738154668952,7.376824976647388
8136.0,111.70407104492188,291.52231953867476,12.870785328422578,-298.4708574169067,291.52231953867476,298.4708574169067,202.0365161038684,11.38581169025898,-305.84768247103256,89.48580343480637,1.484973638163599,7.376825054125874
8144.0,111.8139877319336,291.52231745469453,12.870807593735144,-298.4708485195313,291.52231745469453,298.4708485195313,202.0365136698178,11.385834198151858,-305.8476735296406,89.48580378487671,1.4849733955832851,7.3768250101093
8152.0,111.92389678955078,291.5223264950609,12.870822030085646,-298.4708372650964,291.5223264950609,298.4708372650964,202.03652293820335,11.385848147787497,-305.8476622162759,89.48580355685755,1.4849738822981495,7.376824951179493
8160.0,112.0338134765625,291.5223207878758,12.870833478443824,-298.4707983445084,291.5223207878758,298.4707983445084,202.03651733805785,11.385859868498613,-305.8476231536666,89.48580344981795,1.4849736099452102,7.376824809158158
8168.0,112.14373016357422,291.5223319477102,12.87084983787418,-298.47079748943844,291.5223319477102,298.47079748943844,202.03652853685213,11.385876093164647,-305.847622482064,89.48580341085804,1.484973744709533,7.376824992625586
8176.0,112.2536392211914,291.5223284147191,12.870867044991385,-298.4707744219438,291.5223284147191,298.4707744219438,202.03652480137706,11.385893352408033,-305.8475994407901,89.48580361334203,1.4849736925833517,7.376825018846283
8184.0,112.36355590820312,291.52233026514426,12.87088037527369,-298.4707607959926,291.52233026514426,298.4707607959926,202.03652673298865,11.385906860687594,-305.84758578856236,89.4858035321556,1.4849735145860967,7.376824992569748
8192.0,112.47347259521484,291.5223535026498,12.87090815398514,-298.4707674471199,291.5223535026498,298.4707674471199,202.03654969398264,11.38593447194571,-305.8475924838393,89.48580380866721,1.4849736820394301,7.376825036719417
8200.0,112.58343505859375,291.5223414107892,12.870913962565139,-298.4707328118211,291.5223414107892,298.4707328118211,202.03653771062454,11.385940123633684,-305.84755795293836,89.48580370016465,1.4849738389314546,7.376825141117234
8208.0,112.69335174560547,291.52234606535194,12.870936480290379,-298.4707189200734,291.52234606535194,298.4707189200734,202.0365422816621,11.385962709817399,-305.8475436803278,89.48580378368983,1.4849737704729797,7.3768247602543795
8216.0,112.80323028564453,291.52235887662033,12.870956835868174,-298.47068658950894,291.52235887662033,298.47068658950894,202.03655536508307,11.385983001781112,-305.84751193422915,89.48580351153726,1.4849738340870624,7.376825344720178
8224.0,112.9131088256836,291.52235214964105,12.870970897887254,-298.4706702789535,291.52235214964105,298.4706702789535,202.03654841748335,11.385997193098898,-305.8474952561978,89.48580373215772,1.4849737047883553,7.376824977244343
8232.0,113.02303314208984,291.52235342242466,12.870985894713009,-298.4706740418015,291.52235342242466,298.4706740418015,202.03654959392512,11.386012119092726,-305.84749929958457,89.48580382849951,1.484973775620283,7.376825257783093
8240.0,113.1329345703125,291.5223699551516,12.871000300945097,-298.4706643444429,291.5223699551516,298.4706643444429,202.03656595656003,11.38602664650454,-305.84748909248293,89.48580399859156,1.4849736544405563,7.376824748039997
8248.0,113.24285888671875,291.52235563753806,12.871013380906811,-298.4706210022726,291.52235563753806,298.4706210022726,202.03655190784323,11.38603972424563,-305.8474458118957,89.48580372969481,1.484973656661181,7.376824809623084
8256.0,113.35277557373047,291.5223802751241,12.871027812776648,-298.4706279230394,291.5223802751241,298.4706279230394,202.03657659568128,11.386054067595296,-305.8474530591275,89.4858036794428,1.4849737451813518,7.376825136088108
8264.0,113.46268463134766,291.52236909905196,12.871049678290241,-298.4706016600128,291.52236909905196,298.4706016600128,202.03656530517588,11.386076013804939,-305.8474266956715,89.4858037938761,1.484973664485302,7.376825035658701
8272.0,113.57259368896484,291.5223776139055,12.871072837626695,-298.47060388115267,291.5223776139055,298.47060388115267,202.03657380902416,11.38609914781139,-305.8474290466004,89.48580380488133,1.484973689815305,7.376825165447688
8280.0,113.6825180053711,291.5223782319167,12.871078817164083,-298.4705709214427,291.5223782319167,298.4705709214427,202.03657467464197,11.386105213179967,-305.84739618058404,89.48580355727475,1.484973603984117,7.3768252591413415
8288.0,113.79241943359375,291.52238910305095,12.871098999924776,-298.47057107479213,291.52238910305095,298.47057107479213,202.03658535343664,11.386125454708777,-305.847396330458,89.48580374961435,1.484973545215999,7.376825255665889
8296.0,113.90234375,291.52240265873274,12.87112027705618,-298.47056168205205,291.52240265873274,298.47056168205205,202.03659906203956,11.386146764624945,-305.84738661780085,89.48580359669322,1.484973512431235,7.3768249357487825
8304.0,114.01224517822266,291.5224113915739,12.871136845215524,-298.4705656504881,291.5224113915739,298.4705656504881,202.03660764571865,11.38616303482447,-305.8473906341155,89.48580374585525,1.4849738103910537,7.376824983627419
8312.0,114.1221694946289,291.5223919748976,12.87114912366247,-298.47051175264386,291.5223919748976,298.47051175264386,202.03658841974072,11.386175506177338,-305.8473370528016,89.48580355515686,1.4849736174851318,7.376825300157723
8320.0,114.23208618164062,291.522396341286,12.871174592842596,-298.4704956126694,291.522396341286,298.4704956126694,202.03659285037685,11.38620108629628,-305.8473205885613,89.48580349090918,1.4849735065463154,7.376824975891868
8328.0,114.34200286865234,291.5223981727224,12.871182433987055,-298.4704592692307,291.5223981727224,298.4704592692307,202.03659413146795,11.386208765500125,-305.84728435739146,89.48580404125443,1.4849736684869301,7.376825088160761
8336.0,114.45191192626953,291.5223926517317,12.871196397944814,-298.4704150522641,291.5223926517317,298.4704150522641,202.0365885874,11.386222848208924,-305.84724019350415,89.48580406433175,1.4849735497358914,7.376825141240047
8344.0,114.56182861328125,291.52239843875105,12.871218135786524,-298.4704225917614,291.52239843875105,298.4704225917614,202.03659434307426,11.386244645261836,-305.84724774119405,89.48580409567681,1.4849734905246867,7.376825149432644
8352.0,114.67174530029297,291.52237203556933,12.871231257120936,-298.4703995517235,291.52237203556933,298.4703995517235,202.0365685690071,11.38625743030512,-305.84722479726076,89.48580346656226,1.4849738268158157,7.376825245537258
8360.0,114.78165435791016,291.52223451654515,12.87123036164145,-298.47031534316903,291.52223451654515,298.47031534316903,202.03643676858255,11.386256359582044,-305.847139057248,89.48579774796264,1.4849740020594064,7.376823714078952
8368.0,114.89157104492188,291.52220688590035,12.871203827834218,-298.4703345532306,291.52220688590035,298.4703345532306,202.036417400585,11.386230219273678,-305.8471567966816,89.48578948531535,1.4849736085605407,7.376822243451006
8376.0,115.0014877319336,291.5222276124402,12.871208265584945,-298.47036058203196,291.5222276124402,298.47036058203196,202.03644291352728,11.386234681283362,-305.84718183648846,89.4857846989129,1.4849735843015825,7.376821254456527
8384.0,115.11139678955078,291.5222509134943,12.871194211993442,-298.4703887770406,291.5222509134943,298.4703887770406,202.03646728625796,11.386220581802505,-305.84720948677614,89.48578362723634,1.484973630190938,7.376820709735508
8392.0,115.2213134765625,291.52230775978484,12.871200159551778,-298.4704281691778,291.52230775978484,298.4704281691778,202.03652294640943,11.386226731579328,-305.8472492186248,89.48578481337539,1.4849734279724502,7.376821049447045
8400.0,115.33123016357422,291.52235028889106,12.871214510243997,-298.47043055335575,291.52235028889106,298.47043055335575,202.0365635756838,11.386241248548256,-305.84725220798447,89.48578671320728,1.4849732616957405,7.376821654628685
8408.0,115.4411392211914,291.5222682924858,12.871212401062726,-298.470373871573,291.5222682924858,298.470373871573,202.0364815535416,11.386239106052042,-305.84719562460884,89.48578673894426,1.484973295010685,7.376821753035845
8416.0,115.55105590820312,291.5222034661691,12.87119861014663,-298.470338299957,291.5222034661691,298.470338299957,202.03642062611388,11.386225183472252,-305.84715913261635,89.48578284005524,1.4849734266743777,7.376820832659341
8424.0,115.66097259521484,291.52218051868573,12.871174759062356,-298.47039386489234,291.52218051868573,298.47039386489234,202.0364017612162,11.386201486873844,-305.84721367461805,89.48577875746952,1.4849732721885114,7.376819809725706
8432.0,115.77088165283203,291.52218958949754,12.87115780013621,-298.47040971058794,291.52218958949754,298.47040971058794,202.03641351956693,11.386184268568451,-305.8472292801889,89.48577606993064,1.4849735315677595,7.376819569600993
8440.0,115.88079833984375,291.5221846504729,12.871133787392974,-298.47041739092805,291.5221846504729,298.47041739092805,202.03640969851182,11.386160499214379,-305.8472367503484,89.48577495196108,1.4849732881785949,7.376819359420299
8448.0,115.99071502685547,291.52220535835613,12.871119259015723,-298.4704672781249,291.52220535835613,298.4704672781249,202.0364313824596,11.386146225525147,-305.84728629645286,89.48577397589655,1.4849730334905764,7.376819018327996
8456.0,116.10062408447266,291.5222324349248,12.871110346947315,-298.47048886391593,291.5222324349248,298.47048886391593,202.0364584837926,11.386137026002983,-305.8473076254935,89.48577395113219,1.484973320944333,7.376818761577567
8464.0,116.21054077148438,291.5222102747808,12.87109955668401,-298.47043849566387,291.5222102747808,298.47043849566387,202.0364360474621,11.386126286945059,-305.847257514948,89.48577422731867,1.484973269738951,7.376819019284131
8472.0,116.3204574584961,291.522228599729,12.871077066427121,-298.4704695896114,291.522228599729,298.4704695896114,202.03645328410846,11.38610411449023,-305.8472889688022,89.48577531562051,1.4849729519368906,7.3768193791908345
8480.0,116.43036651611328,291.52225293717555,12.871076803180626,-298.47053202401054,291.52225293717555,298.47053202401054,202.0364768980601,11.386103712030886,-305.84735159768553,89.48577603911545,1.4849730911497399,7.376819573674997
8488.0,116.540283203125,291.5222646781204,12.871065012721585,-298.4705261316603,291.5222646781204,298.4705261316603,202.03648763417436,11.38609189439071,-305.847345852129,89.48577704394603,1.4849731183308752,7.376819720468724
8496.0,116.65019989013672,291.5222620363044,12.87104908384117,-298.4705218344229,291.5222620363044,298.4705218344229,202.03648385718114,11.386076282732574,-305.84734171732845,89.48577817912329,1.4849728011085952,7.376819882905551
8504.0,116.7601089477539,291.5222725504995,12.871041631338134,-298.47056825943275,291.5222725504995,298.47056825943275,202.03649308336682,11.386068796886354,-305.8473882535062,89.48577946713269,1.484972834451779,7.376819994073465
8512.0,116.87002563476562,291.5222748496511,12.871027828869584,-298.4705649606109,291.5222748496511,298.4705649606109,202.03649406944396,11.386054879597365,-305.8473853640874,89.48578078020718,1.4849729492722197,7.376820403476547
8520.0,116.97994232177734,291.5222891281669,12.87102115512499,-298.47059826305303,291.5222891281669,298.47059826305303,202.03650726396012,11.386048230316689,-305.8474188181047,89.4857818642068,1.4849729248082992,7.376820555051683
8528.0,117.08985137939453,291.5222781514738,12.871005091349511,-298.47058404584027,291.5222781514738,298.47058404584027,202.03649527112816,11.38603224851475,-305.84740503905726,89.48578288034567,1.4849728428347613,7.37682099321702
8536.0,117.19976806640625,291.5223048055575,12.870991013392464,-298.47063546047974,291.5223048055575,298.47063546047974,202.03652112415784,11.386018125215752,-305.84745623689764,89.48578368139968,1.4849728881767115,7.37682077641788
8544.0,117.30968475341797,291.5222851777038,12.87098195702649,-298.47061207969153,291.5222851777038,298.47061207969153,202.0365008748263,11.386009127311242,-305.8474334724272,89.48578430287752,1.4849728297152494,7.3768213927356605
8552.0,117.41959381103516,291.5222801317795,12.87097234411869,-298.47060314133415,291.5222801317795,298.47060314133415,202.0364952459908,11.385999237941334,-305.84742452013813,89.48578488578869,1.4849731061773543,7.376821378803982
8560.0,117.52951049804688,291.5222776221828,12.870961684130384,-298.470620244731,291.5222776221828,298.470620244731,202.0364923232088,11.385988529050689,-305.8474417190255,89.48578529897401,1.4849731550796947,7.376821474294498
8568.0,117.6394271850586,291.5222899397781,12.87094898243831,-298.47066638053855,291.5222899397781,298.47066638053855,202.0365041767263,11.385975696610142,-305.847487717786,89.4857857630518,1.484973285828169,7.376821337247492
8576.0,117.74933624267578,291.5222771693111,12.870934855695099,-298.4706350693788,291.5222771693111,298.4706350693788,202.03649110157977,11.385961789424346,-305.84745641572056,89.48578606773133,1.4849730662707519,7.376821346341771
8584.0,117.8592529296875,291.5222677530762,12.870925025379643,-298.47064184286285,291.5222677530762,298.47064184286285,202.0364814620176,11.385952041479609,-305.84746350892783,89.48578629105859,1.484972983900034,7.376821666064959
8592.0,117.96916961669922,291.5222863401586,12.870916219580591,-298.47069310251055,291.5222863401586,298.47069310251055,202.03649978922533,11.38594340477829,-305.8475148828562,89.48578655093327,1.4849728148023011,7.376821780345651
8600.0,118.0790786743164,291.52227433130884,12.870902720741508,-298.4706633156469,291.52227433130884,298.4706633156469,202.03648720511922,11.385929800470471,-305.8474849319256,89.48578712618963,1.4849729202710378,7.376821616278651
8608.0,118.18899536132812,291.5222658750391,12.870900746289458,-298.4706898407809,291.5222658750391,298.4706898407809,202.03647867786572,11.385927755989812,-305.84751169450203,89.48578719717338,1.4849729902996451,7.376821853721111
8616.0,118.29891204833984,291.5222774201331,12.870878992317065,-298.4706950235889,291.5222774201331,298.4706950235889,202.03648996586574,11.385905999046576,-305.84751674337326,89.48578745426735,1.4849729932704896,7.376821719784324
8624.0,118.40882110595703,291.52227412167804,12.870880711791273,-298.47072838032216,291.52227412167804,298.47072838032216,202.03648624226338,11.385907672396726,-305.8475501124384,89.48578787941469,1.4849730393945468,7.376821732116245
8632.0,118.51873779296875,291.52226981820587,12.870858677504462,-298.47073266091445,291.52226981820587,298.47073266091445,202.0364822028601,11.385885582413255,-305.8475548026762,89.48578761534577,1.4849730950912055,7.376822141761728
8640.0,118.628662109375,291.5222642044991,12.870861209550227,-298.4707333757596,291.5222642044991,298.4707333757596,202.03647630336113,11.38588832512396,-305.84755557964314,89.48578790113797,1.484972884426269,7.376822203883524
8648.0,118.73856353759766,291.52226381721914,12.87084639752171,-298.470734845385,291.52226381721914,298.470734845385,202.03647547440357,11.385873328773602,-305.84755681052667,89.48578834281558,1.4849730687481069,7.37682196514168
8656.0,118.84848022460938,291.5222872276557,12.870834171122143,-298.4708032873359,291.5222872276557,298.4708032873359,202.0364987989039,11.385861113275034,-305.84762539543306,89.48578842875179,1.4849730578471088,7.376822108097134
8664.0,118.9583969116211,291.5222661201635,12.870826133812482,-298.47076580055204,291.5222661201635,298.47076580055204,202.0364777425686,11.385852988002627,-305.8475878857893,89.48578837759496,1.484973145809855,7.3768220852373005
8672.0,119.06830596923828,291.5222561094358,12.870821308216614,-298.47076960633933,291.5222561094358,298.47076960633933,202.03646741242937,11.38584826383193,-305.8475918570514,89.48578869700641,1.4849730443846847,7.376822250712035
8680.0,119.17822265625,291.5222503786564,12.87080674704486,-298.4707721758414,291.5222503786564,298.4707721758414,202.03646145639158,11.385833932101486,-305.84759466826995,89.48578892226485,1.4849728149433745,7.376822492428552
8688.0,119.28814697265625,291.5222524551691,12.87079951290084,-298.47080218701575,291.5222524551691,298.47080218701575,202.03646327552758,11.385826501950266,-305.84762475234413,89.4857891796415,1.4849730109505743,7.376822565328382
8696.0,119.3980484008789,291.52226795779586,12.87078716157705,-298.4708150773572,291.52226795779586,298.4708150773572,202.03647868110292,11.385813861975373,-305.84763748634174,89.48578927669291,1.4849732996016767,7.376822408984513
8704.0,119.50796508789062,291.5222661041871,12.870780356871023,-298.4708419307497,291.5222661041871,298.4708419307497,202.03647686139826,11.385807394814007,-305.8476642566666,89.48578924278888,1.4849729620570158,7.376822325916873
8712.0,119.61788177490234,291.5222672344421,12.870773068087786,-298.47083251801934,291.5222672344421,298.47083251801934,202.03647786560353,11.38580018731896,-305.84765508003534,89.4857893688386,1.4849728807688256,7.376822562015999
8720.0,119.72779083251953,291.5222648604119,12.870770281319363,-298.470865626705,291.5222648604119,298.470865626705,202.03647536459283,11.38579713218837,-305.847688233491,89.48578949581908,1.4849731491309925,7.376822606785975
8728.0,119.83767700195312,291.5222463545745,12.870753089147453,-298.4708176685282,291.5222463545745,298.4708176685282,202.03645646346797,11.385779866893383,-305.84764004234125,89.48578989110655,1.484973222254069,7.3768223738130665
8736.0,119.94754791259766,291.52224739229393,12.870748804926086,-298.47082990772776,291.52224739229393,298.47082990772776,202.03645750715918,11.385775978003231,-305.8476526972402,89.48578988513475,1.4849728269228541,7.376822789512438
8740.0,120.00252532958984,291.5222500621164,12.870738576976473,-298.4708433623412,291.5222500621164,298.4708433623412,202.03646028813068,11.385765840790235,-305.8476660034841,89.48578977398577,1.4849727361862384,7.376822641142894
