step,t_u_l,fx_solver,fy_solver,fz_solver,drag_solver,downforce_solver,pressure_fx_solver,pressure_fy_solver,pressure_fz_solver,viscous_fx_solver,viscous_fy_solver,viscous_fz_solver
8.0,0.09047308564186096,545.4380589517432,18.44139565772327,-286.2410340309908,545.4380589517432,286.2410340309908,327.949465190631,17.943082487105812,-313.0708237287451,217.48859376111216,0.4983131706174566,26.8297896977543
16.0,0.18721622228622437,448.5093761474451,17.556178752765707,-271.59959149760743,448.5093761474451,271.59959149760743,279.85072763460767,16.83672745160761,-294.27860374969896,168.65864851283743,0.7194513011580952,22.679012252091525
24.0,0.2868656516075134,415.61015466028624,16.910881841028512,-286.47728900716527,415.61015466028624,286.47728900716527,270.2731793423833,15.99134009203354,-306.883955917647,145.33697531790295,0.9195417489949742,20.406666910481704
32.0,0.38920238614082336,381.9854191122976,16.52484521865372,-290.2538614950481,381.9854191122976,290.2538614950481,250.6716874385579,15.444031106714478,-308.6521963791889,131.3137316737397,1.0808141119392412,18.398334884140787
40.0,0.49299895763397217,363.6365802876895,16.209898006087883,-299.72521356434993,363.6365802876895,299.72521356434993,241.7002118180885,15.004833157652385,-316.2553750146511,121.93636846960106,1.2050648484354989,16.530161450301165
48.0,0.5980160236358643,351.8539633980188,16.166710176698246,-307.5925454946385,351.8539633980188,307.5925454946385,236.51992365821008,14.869691193575296,-322.44925293181905,115.33403973980867,1.2970189831229488,14.856707437180573
56.0,0.7040500640869141,343.8159715287817,15.93279642931613,-315.1510378788993,343.8159715287817,315.1510378788993,233.31739275058482,14.566938958501373,-328.5521727960069,110.49857877819684,1.365857470814757,13.401134917107655
64.0,0.8107597827911377,337.5060029378004,15.866592214842061,-320.52942589439806,337.5060029378004,320.52942589439806,230.6770708676371,14.448971329720617,-332.67061185976263,106.8289320701633,1.4176208851214431,12.141185965364556
72.0,0.9181056022644043,331.4506369727358,15.886786082426639,-323.43458136577294,331.4506369727358,323.43458136577294,227.53014734254464,14.429644138601466,-334.49659540424364,103.92048963019118,1.4571419438251718,11.062014038470664
80.0,1.026041865348816,326.40866016031987,15.740108905881511,-325.66993868242287,326.40866016031987,325.66993868242287,224.8625633892127,14.25260329055724,-335.80686818393076,101.54609677110719,1.4875056153242727,10.136929501507922
88.0,1.1344319581985474,322.47032617284344,15.658849233870427,-326.9395226884736,322.47032617284344,326.9395226884736,222.86068201841164,14.14734480864316,-336.2964150739764,99.60964415443179,1.511504425227268,9.356892385502803
96.0,1.2431799173355103,319.7397290598233,15.619988948468343,-327.9484850776824,319.7397290598233,327.9484850776824,221.66533467946917,14.089410732000992,-336.66197709631354,98.07439438035414,1.5305782164673518,8.713492018631129
104.0,1.3522075414657593,317.5529969991263,15.51276660950029,-328.39780420379356,317.5529969991263,328.39780420379356,220.67859044623984,13.96671229088849,-336.5900435582779,96.87440655288646,1.5460543186118008,8.192239354484357
112.0,1.4614590406417847,315.22934572442693,15.454827346162586,-327.8275571551177,315.22934572442693,327.8275571551177,219.3196790699634,13.897315204448681,-335.6057097440977,95.90966665446354,1.5575121417139055,7.778152588979978
120.0,1.5708998441696167,312.4991317930013,15.38980178892638,-326.191064287652,312.4991317930013,326.191064287652,217.4148741458522,13.82395249257187,-333.6470674293618,95.08425764714909,1.5658492963545103,7.4560031417098
128.0,1.6805039644241333,309.895158861206,15.25834536567989,-324.2177256024553,309.895158861206,324.2177256024553,215.5387434240492,13.686873389619711,-331.4305512331206,94.35641543715683,1.57147197606018,7.2128256306652645
136.0,1.790239691734314,307.88433407823743,15.142969549481816,-322.26356588769056,307.88433407823743,322.26356588769056,214.14514319435784,13.568177104849758,-329.3052504124946,93.73919088387959,1.5747924446320578,7.04168452480404
144.0,1.900078296661377,306.55405997538253,15.034604513959849,-320.56177132652374,306.55405997538253,320.56177132652374,213.30045355068572,13.45812829773455,-327.49816528223295,93.25360642469683,1.5764762162252994,6.936393955709221
152.0,2.0099899768829346,305.5322301456054,14.91646357585742,-318.9543749303068,305.5322301456054,318.9543749303068,212.64670905023635,13.339592425907057,-325.8397029033748,92.88552109536906,1.576871149950363,6.885327973068016
160.0,2.1199445724487305,304.3195952272093,14.821591621515218,-317.0450044736422,304.3195952272093,317.0450044736422,211.73408593899342,13.245344312698913,-323.91914811292577,92.58550928821587,1.5762473088163036,6.874143639283545
168.0,2.229923963546753,302.8217714517883,14.720328304649037,-314.8821149411923,302.8217714517883,314.8821149411923,210.51766687695894,13.14550449024641,-321.77053353230946,92.30410457482941,1.5748238144026274,6.888418591117187
176.0,2.339921236038208,301.3708286818178,14.599043960026425,-312.8002945564157,301.3708286818178,312.8002945564157,209.34298376838433,13.02640526509909,-319.7187028835841,92.02784491343346,1.5726386949273357,6.918408327168436
184.0,2.449934244155884,300.3235787432624,14.488137048983145,-311.08350027124806,300.3235787432624,311.08350027124806,208.54453729421584,12.918354521895093,-318.0436370979809,91.77904144904655,1.5697825270880514,6.960136826732807
192.0,2.5599567890167236,299.7283250964514,14.387341812430709,-309.8009950923241,299.7283250964514,309.8009950923241,208.14597838348888,12.820845262911664,-316.8123911415357,91.5823467129625,1.5664965495190444,7.011396049211612
200.0,2.6699788570404053,299.29750279549273,14.296742038291129,-308.73452774755464,299.29750279549273,308.73452774755464,207.86215945010457,12.733743667359017,-315.80279979444117,91.43534334538818,1.562998370932112,7.068272046886527
208.0,2.7799904346466064,298.69170358718884,14.221688356949137,-307.5994882224431,298.69170358718884,307.5994882224431,207.38265528383482,12.662254743171601,-314.72444699971095,91.30904830335402,1.5594336137775364,7.124958777267885
216.0,2.889988899230957,297.85997989994763,14.14573643238239,-306.38076389400123,297.85997989994763,306.38076389400123,206.68532564955765,12.589864733234204,-313.5567810664678,91.17465425038998,1.5558716991481862,7.176017172466594
224.0,2.9999773502349854,297.04423520402713,14.064964371577425,-305.277285122048,297.04423520402713,305.277285122048,206.01565969041118,12.512702541627982,-312.49662791240996,91.02857551361592,1.552261829949443,7.219342790361985
232.0,3.1099605560302734,296.5015256937845,13.990888428757785,-304.47470399498206,296.5015256937845,304.47470399498206,205.61044563852806,12.44231370752828,-311.73116497612875,90.89108005525645,1.5485747212295053,7.25646098114666
240.0,3.219938039779663,296.2577874503786,13.926350067620962,-303.98557662201915,296.2577874503786,303.98557662201915,205.47537633561237,12.381400167980331,-311.2751575443716,90.78241111476623,1.5449498996406321,7.289580922352435
248.0,3.329906463623047,296.0986287921773,13.873240448290764,-303.6214386689211,296.0986287921773,303.6214386689211,205.39638402700592,12.331744252217256,-310.9405540782333,90.70224476517137,1.541496196073508,7.319115409312201
256.0,3.4398622512817383,295.7894867676765,13.829475627113066,-303.1816934274464,295.7894867676765,303.1816934274464,205.15840473477778,12.291196816802092,-310.52523314347764,90.63108203289877,1.538278810310973,7.343539716031195
264.0,3.5498054027557373,295.30494036618546,13.785272714655155,-302.6491037837217,295.30494036618546,302.6491037837217,204.75483178083857,12.250026635499431,-310.0103111065888,90.55010858534689,1.5352460791557245,7.3612073228670525
272.0,3.659740686416626,294.82238653117827,13.738551447611542,-302.16170760193256,294.82238653117827,302.16170760193256,204.3638042257695,12.206204450194331,-309.534139198092,90.45858230540874,1.5323469974172097,7.372431596159444
280.0,3.7696726322174072,294.52626178607443,13.694418545263535,-301.854521054217,294.52626178607443,301.854521054217,204.1541746879522,12.164841036598206,-309.23414171492647,90.37208709812225,1.5295775086653274,7.379620660709442
288.0,3.879603147506714,294.4289051678036,13.656326444913972,-301.7269539211495,294.4289051678036,301.7269539211495,204.12354477530909,12.129336785647732,-309.1122183407126,90.30536039249446,1.526989659266241,7.3852644195631285
296.0,3.989529609680176,294.372202816655,13.625571602020475,-301.6409412811096,294.372202816655,301.6409412811096,204.1143423765733,12.100931586566999,-309.03115069452434,90.25786044008169,1.5246400154534774,7.390209413414773
304.0,4.099449634552002,294.19497282312085,13.599162670954648,-301.4630376952202,294.19497282312085,301.4630376952202,203.97937609695998,12.076627126550715,-308.8566898836034,90.21559672616087,1.522535544403934,7.3936521883832285
312.0,4.209364414215088,293.8861405011861,13.57115485554365,-301.18726022675867,293.8861405011861,301.18726022675867,203.72056807892903,12.050521070343088,-308.58186900383714,90.16557242225704,1.5206337852005625,7.3946087770784885
320.0,4.319276332855225,293.5775295263498,13.54060753662543,-300.91965475106565,293.5775295263498,300.91965475106565,203.4696138953668,12.021719449669037,-308.31303570572834,90.107915630983,1.5188880869563919,7.3933809546626605
328.0,4.4291911125183105,293.39960822434915,13.51083991856688,-300.7603421453741,293.39960822434915,300.7603421453741,203.34558043014587,11.993556419543019,-308.15191284080174,90.05402779420328,1.5172834990238604,7.391570695427598
336.0,4.53910493850708,293.3563100480783,13.484971771230999,-300.7072432418454,293.3563100480783,300.7072432418454,203.34214142116713,11.96913973895478,-308.097974874769,90.01416862691113,1.5158320322762178,7.390731632923632
344.0,4.649019241333008,293.3326072017845,13.464022975209115,-300.66396415638155,293.3326072017845,300.66396415638155,203.34514403390205,11.949449244892199,-308.05512080724753,89.98746316788245,1.5145737303169158,7.391156650865952
352.0,4.758932113647461,293.2168542890978,13.44545649098061,-300.54214537706383,293.2168542890978,300.54214537706383,203.2531973046425,11.931953132146397,-307.93410107236434,89.9636569844553,1.5135033588342126,7.391955695300524
360.0,4.868844985961914,293.00679601563127,13.42564156119775,-300.3444258381775,293.00679601563127,300.3444258381775,203.07312956642076,11.913056788967257,-307.7365690524328,89.93366644921052,1.5125847722304941,7.392143214255341
368.0,4.978756427764893,292.7996947933218,13.404048284149873,-300.15149609088184,292.7996947933218,300.15149609088184,202.90171330549094,11.892280898657418,-307.5432059741167,89.89798148783089,1.5117673854924538,7.391709883234867
376.0,5.088670253753662,292.68698857264064,13.382977500804664,-300.0352922477061,292.68698857264064,300.0352922477061,202.82208501085165,11.871942578192822,-307.4268415773139,89.86490356178899,1.5110349226118407,7.3915493296078125
384.0,5.1985859870910645,292.6682585252553,13.364976164568056,-299.99299839173983,292.6682585252553,299.99299839173983,202.8266723607785,11.85457299475756,-307.38552704587374,89.84158616447678,1.5104031698104943,7.392528654133905
392.0,5.308501720428467,292.65888420320937,13.350624425381573,-299.95469823124955,292.65888420320937,299.95469823124955,202.83182550727048,11.840736760343496,-307.34932968739076,89.82705869593889,1.5098876650380764,7.394631456141216
400.0,5.418416500091553,292.581404874672,13.337923571501126,-299.86019199840416,292.581404874672,299.86019199840416,202.76755007800907,11.82843895331102,-307.2572305528561,89.81385479666292,1.5094846181901067,7.3970385544519
408.0,5.528330326080322,292.43766810306875,13.324476158120836,-299.71439363039525,292.43766810306875,299.71439363039525,202.6419942370113,11.815310159709295,-307.1133381288629,89.79567386605747,1.5091659984115413,7.398944498467628
416.0,5.63824462890625,292.29871050884594,13.309949306931351,-299.576066476955,292.29871050884594,299.576066476955,202.52553082637002,11.801053435490491,-306.9763522715191,89.77317968247594,1.508895871440859,7.400285794564098
424.0,5.748158931732178,292.22909536644306,13.295989351431668,-299.4963472708713,292.22909536644306,299.4963472708713,202.47662715741973,11.787330010148573,-306.89801348740696,89.7524682090233,1.5086593412830958,7.401666216535659
432.0,5.858077526092529,292.22440780847097,13.284473190058987,-299.4692358544832,292.22440780847097,299.4692358544832,202.485880103766,11.776003183327955,-306.87289195679784,89.73852770470499,1.5084700067310326,7.403656102314656
440.0,5.967996597290039,292.2236579236818,13.275566752919543,-299.44480668783217,292.2236579236818,299.44480668783217,202.4932319710686,11.76722711247313,-306.8510009792459,89.73042595261319,1.5083396404464136,7.406194291413719
448.0,6.077910900115967,292.17251137487824,13.267877463083584,-299.3803775039502,292.17251137487824,299.3803775039502,202.4497360928004,11.75961351669868,-306.789055729932,89.72277528207786,1.5082639463849041,7.408678225981781
456.0,6.187824249267578,292.07481517491624,13.25963995224545,-299.2813746096977,292.07481517491624,299.2813746096977,202.36358425083452,11.751418732792597,-306.69193215345473,89.71123092408169,1.508221219452853,7.410557543757001
464.0,6.297738552093506,291.9827891367004,13.250582827030058,-299.1908456132035,291.9827891367004,299.1908456132035,202.28627776878034,11.742392827242554,-306.60267264557194,89.69651136792001,1.5081899997875046,7.411827032368414
472.0,6.407652378082275,291.9409013042599,13.242046433224427,-299.1433335240531,291.9409013042599,299.1433335240531,202.2578112610988,11.73388268977216,-306.55628770881435,89.68309004316109,1.5081637434522666,7.412954184761254
480.0,6.517566680908203,291.94426788708824,13.235195065851538,-299.1332240862795,291.94426788708824,299.1332240862795,202.26983987063286,11.727042892947123,-306.547585309431,89.67442801645535,1.508152172904416,7.4143612231515235
488.0,6.6274871826171875,291.9479457081118,13.230096142124403,-299.123442437291,291.9479457081118,299.123442437291,202.2782314333803,11.72193015428541,-306.5394567356884,89.66971427473146,1.5081659878389928,7.416014298397442
496.0,6.737401485443115,291.9146992691176,13.225736658181647,-299.08471025528013,291.9146992691176,299.08471025528013,202.24964424559653,11.71753381555512,-306.5022151387727,89.66505502352109,1.5082028426265282,7.417504883492569
504.0,6.847315311431885,291.8485618744571,13.220813572801259,-299.02169559372476,291.8485618744571,299.02169559372476,202.19110062613234,11.712564529809619,-306.4401707994892,89.65746124832478,1.5082490429916406,7.418475205764395
512.0,6.9572296142578125,291.7881312121231,13.215221003417934,-298.9660113311588,291.7881312121231,298.9660113311588,202.1405079373099,11.706930238839359,-306.38497920225336,89.64762327481321,1.5082907645785761,7.418967871094544
520.0,7.067148685455322,291.76375242599477,13.209909460250843,-298.9409412283122,291.76375242599477,298.9409412283122,202.12495848693712,11.70158455564809,-306.36028765622535,89.63879393905766,1.5083249046027536,7.419346427913112
528.0,7.17706298828125,291.7707407639581,13.205695807426377,-298.9416413573196,291.7707407639581,298.9416413573196,202.1373642580478,11.697336599650065,-306.36156712392136,89.63337650591026,1.508359207776313,7.4199257666017715
536.0,7.286977291107178,291.776412170768,13.202641369072678,-298.9408214264124,291.776412170768,298.9408214264124,202.14574515926586,11.69423966038938,-306.36150534223725,89.63066701150214,1.508401708683298,7.4206839158248386
544.0,7.396891117095947,291.75441185423716,13.199991094710782,-298.91786786805375,291.75441185423716,298.91786786805375,202.12656262345052,11.691537012696848,-306.3392056066217,89.62784923078664,1.5084540820139338,7.421337738567935
552.0,7.506807804107666,291.7095209832195,13.196779369368766,-298.87772779638556,291.7095209832195,298.87772779638556,202.08666622136496,11.688274744189734,-306.29937423437275,89.62285476185454,1.5085046251790333,7.421646437987185
560.0,7.616722106933594,291.66961074681774,13.193054027000837,-298.84308457414875,291.66961074681774,298.84308457414875,202.0533125287323,11.684508836841292,-306.2647456751529,89.61629821808543,1.508545190159544,7.421661101004133
568.0,7.7266364097595215,291.65608278454204,13.18954218654772,-298.83027405249334,291.65608278454204,298.83027405249334,202.04553260215943,11.680966443999951,-306.2519264761917,89.61055018238261,1.5085757425477695,7.42165242369839
576.0,7.836550235748291,291.6637259518362,13.1867683794935,-298.8343330654804,291.6637259518362,298.8343330654804,202.0564678086514,11.67816678753106,-306.25617502114943,89.60725814318482,1.5086015919624405,7.421841955669052
584.0,7.946465969085693,291.6690843534579,13.184730187462241,-298.83596272090955,291.6690843534579,298.83596272090955,202.06327447628738,11.676098588217455,-306.2581621644495,89.6058098771705,1.5086315992447865,7.422199443539945
592.0,8.056380271911621,291.65416551478654,13.182917536528354,-298.8209631433184,291.65416551478654,298.8209631433184,202.0500007488434,11.674254234629807,-306.2434790372308,89.60416476594318,1.5086633018985482,7.42251589391244
600.0,8.16629409790039,291.62351254092255,13.180715838189379,-298.7938302114407,291.62351254092255,298.7938302114407,202.02258354129376,11.672024339067118,-306.2164568185973,89.6009289996288,1.5086914991222597,7.4226266071565945
608.0,8.27620792388916,291.59703357495215,13.178156584178826,-298.77091427146826,291.59703357495215,298.77091427146826,202.00041304914993,11.6694459377172,-306.1934844103655,89.59662052580222,1.5087106464616253,7.422570138897221
616.0,8.386122703552246,291.58913455538436,13.175670460552055,-298.7631683445363,291.58913455538436,298.7631683445363,201.99621075962023,11.666949763579451,-306.1857054836016,89.59292379576411,1.5087206969726035,7.422537139065277
624.0,8.496036529541016,291.59628815091935,13.173774430124345,-298.7672613499295,291.59628815091935,298.7672613499295,202.00531240411652,11.665048051046936,-306.1899359860558,89.5909757468028,1.5087263790774088,7.4226746361262315
632.0,8.605950355529785,291.60062649446036,13.172438581133225,-298.76838615028606,291.60062649446036,298.76838615028606,202.0103455936265,11.663704210748044,-306.1913360526154,89.59028090083382,1.5087343703851799,7.4229499023293
640.0,8.715865135192871,291.59041566972644,13.171186430120722,-298.7576813676054,291.59041566972644,298.7576813676054,202.00104464817113,11.66244402431851,-306.1808874654434,89.58937102155528,1.5087424058022112,7.423206097837976
648.0,8.825779914855957,291.56898233778765,13.169698795772181,-298.7382560155613,291.56898233778765,298.7382560155613,201.98169643089597,11.660949983048356,-306.16158003317923,89.58728590689168,1.5087488127238258,7.4233240176179365
656.0,8.935694694519043,291.5511437321955,13.167910892537094,-298.72234707318955,291.5511437321955,298.72234707318955,201.96670645001112,11.659162462110935,-306.1456788905515,89.5844372821844,1.5087484304261594,7.423331817361962
664.0,9.045608520507812,291.5468845776778,13.166223657220579,-298.7174599531797,291.5468845776778,298.7174599531797,201.96482586729405,11.657482816766443,-306.1408255306358,89.58205871038375,1.508740840454136,7.42336557745616
672.0,9.155522346496582,291.5527709081987,13.16501813558612,-298.72056453309034,291.5527709081987,298.72056453309034,201.97183817392582,11.656285557728829,-306.1440877825878,89.58093273427288,1.508732577857291,7.423523249497464
680.0,9.265438079833984,291.5562437323864,13.16411133058424,-298.72134498683937,291.5562437323864,298.72134498683937,201.9756045182128,11.655386012713633,-306.14511726538973,89.5806392141736,1.5087253178706064,7.4237722785503735
688.0,9.375351905822754,291.5488844034989,13.163295874191999,-298.713394417436,291.5488844034989,298.713394417436,201.96874883747688,11.65457623757536,-306.13739262215586,89.58013556602202,1.5087196366166369,7.423998204719872
696.0,9.48526668548584,291.5341252382798,13.162314160154208,-298.69975138703353,291.5341252382798,298.69975138703353,201.95536160832668,11.653600589565261,-306.1238688327718,89.57876362995313,1.508713570588947,7.42411744573824
704.0,9.59518051147461,291.52210124996753,13.161140108697634,-298.6887703229339,291.52210124996753,298.6887703229339,201.94522456101998,11.652437287022632,-306.11292618624736,89.57687668894755,1.5087028216750005,7.4241558633134375
712.0,9.705096244812012,291.5200401697567,13.160022252754093,-298.6860071483278,291.5200401697567,298.6860071483278,201.9447097559181,11.65133368518015,-306.1102130947404,89.57533041383863,1.5086885675739437,7.424205946412592
720.0,9.815011024475098,291.5245882963342,13.159242373319435,-298.6883867351897,291.5245882963342,298.6883867351897,201.94991706305396,11.650567960380029,-306.1127281386025,89.57467123328024,1.5086744129394063,7.424341403412832
728.0,9.924924850463867,291.52727355555794,13.158706351199717,-298.6891135815411,291.52727355555794,298.6891135815411,201.95270102133998,11.650044843451909,-306.1136446463237,89.57457253421794,1.5086615077478083,7.424531064782563
736.0,10.034838676452637,291.52227460770825,13.158212959767543,-298.683659093972,291.52227460770825,298.683659093972,201.9479793411212,11.64956181484961,-306.10835614724033,89.57429526658706,1.5086511449179332,7.424697053268346
744.0,10.144755363464355,291.5118091963494,13.15758803787463,-298.6740332473512,291.5118091963494,298.6740332473512,201.93842338337777,11.64894726521626,-306.0988120047006,89.57338581297162,1.5086407726583708,7.424778757349415
752.0,10.254669189453125,291.5040793750225,13.156790908661923,-298.6670201416962,291.5040793750225,298.6670201416962,201.93196488325526,11.648163911737035,-306.09182167145184,89.57211449176724,1.5086269969248889,7.424801529755648
760.0,10.364583015441895,291.5029234445806,13.15611534547245,-298.665262098419,291.5029234445806,298.665262098419,201.93181486929933,11.647501682684446,-306.0900953048535,89.57110857528126,1.5086136627880053,7.424833206434464
768.0,10.47449779510498,291.5067724744319,13.155610307923286,-298.66760395419965,291.5067724744319,298.66760395419965,201.93603422032447,11.64701148075098,-306.0925252721978,89.57073825410743,1.5085988271723076,7.424921317998141
776.0,10.5844144821167,291.5085959423317,13.155322025214998,-298.6681851496972,291.5085959423317,298.6681851496972,201.93786471251286,11.64673442500125,-306.0932284454886,89.57073122981879,1.5085876002137475,7.425043295791383
784.0,10.694328308105469,291.50506790442574,13.155001751522553,-298.66448095138173,291.50506790442574,298.66448095138173,201.9344954075027,11.646423949700914,-306.0896283355862,89.57057249692303,1.5085778018216391,7.425147384204493
792.0,10.804242134094238,291.49784387010567,13.154613518248052,-298.6578811346344,291.49784387010567,298.6578811346344,201.92789436719448,11.64604474278548,-306.08306806844973,89.56994950291119,1.5085687754625718,7.425186933815333
800.0,10.914156913757324,291.492852064255,13.154076974256707,-298.65353121696654,291.492852064255,298.65353121696654,201.92374649592486,11.64551858675432,-306.0787212552096,89.56910556833014,1.5085583875023874,7.425190038243024
808.0,11.024073600769043,291.4925101904483,13.153635191426629,-298.6526801839851,291.4925101904483,298.6526801839851,201.92405155449217,11.645087409370914,-306.07788097473446,89.56845863595612,1.5085477820557145,7.425200790749329
816.0,11.133987426757812,291.4952559595527,13.153294143006143,-298.65433348347284,291.4952559595527,298.65433348347284,201.92699942184714,11.6447565446459,-306.07959058083924,89.56825653770557,1.5085375983602436,7.4252570973663765
824.0,11.243901252746582,291.49668983744004,13.153150849233002,-298.6549414722201,291.49668983744004,298.6549414722201,201.92839741391646,11.644621014320387,-306.0802751395815,89.56829242352362,1.5085298349126148,7.425333667361379
832.0,11.353816032409668,291.4941504306918,13.152932664804332,-298.65226148892555,291.4941504306918,298.65226148892555,201.92594580841057,11.644409538138763,-306.0776600961781,89.56820462228117,1.508523126665569,7.425398607252504
840.0,11.463732719421387,291.48924002495534,13.152689388694773,-298.6475966872127,291.48924002495534,298.6475966872127,201.9214467581902,11.644172645836566,-306.0730207516154,89.56779326676515,1.5085167428582071,7.425424064402719
848.0,11.573646545410156,291.485851499108,13.152310222957503,-298.6446026255791,291.485851499108,298.6446026255791,201.91862005312953,11.643800364613034,-306.0700267083071,89.56723144597842,1.5085098583444694,7.425424082728
856.0,11.683560371398926,291.48577356829173,13.152044774390507,-298.6440152829807,291.48577356829173,298.6440152829807,201.91895746992807,11.643541676055534,-306.0694487948971,89.56681609836363,1.5085030983349732,7.425433511916353
864.0,11.793475151062012,291.48779478300844,13.151822238928984,-298.6452420662983,291.48779478300844,298.6452420662983,201.92108392412138,11.64332558216739,-306.0707181927079,89.56671085888703,1.5084966567615936,7.425476126409592
872.0,11.90339183807373,291.4888466048487,13.151771144941712,-298.64567904877384,291.4888466048487,298.64567904877384,201.92208038368372,11.643279043374243,-306.07121051657583,89.56676622116495,1.5084921015674695,7.425531467802003
880.0,12.0133056640625,291.48720117178937,13.151611576043912,-298.6438932585477,291.48720117178937,298.6438932585477,201.92047351787073,11.643123385008629,-306.0694748547838,89.56672765391863,1.5084881910352843,7.425581596236071
888.0,12.12321949005127,291.48360848066295,13.151438147220428,-298.6403079428487,291.48360848066295,298.6403079428487,201.91715107095598,11.642953622739638,-306.0659116762636,89.56645740970697,1.5084845244807905,7.42560373341491
896.0,12.233134269714355,291.48150051818476,13.151203783608628,-298.6384804189788,291.48150051818476,298.6384804189788,201.91540648268517,11.642723116579266,-306.0640900923049,89.56609403549957,1.508480667029362,7.425609673326136
904.0,12.343050956726074,291.48136746643337,13.151022718554337,-298.637928135275,291.48136746643337,298.637928135275,201.91555020203214,11.642545850964265,-306.0635485992618,89.56581726440125,1.5084768675900726,7.425620463986853
912.0,12.452964782714844,291.4828528768014,13.150887511961106,-298.63865631130034,291.4828528768014,298.63865631130034,201.91709074362504,11.642414605527222,-306.064313879235,89.56576213317635,1.5084729064338838,7.4256575679346355
920.0,12.562878608703613,291.48355237631074,13.150850274732221,-298.6390006956477,291.48355237631074,298.6390006956477,201.9177485289338,11.642380015526498,-306.0647004045023,89.56580384737696,1.5084702592057226,7.425699708854545
928.0,12.6727933883667,291.4827490852042,13.150781291497493,-298.6378119222574,291.4827490852042,298.6378119222574,201.91693846581734,11.642312139719486,-306.0635541897723,89.5658106193869,1.508469151778007,7.425742267514877
936.0,12.782710075378418,291.48029810101434,13.150662730931991,-298.63526470507026,291.48029810101434,298.63526470507026,201.9146450354926,11.642195540428375,-306.0610307491013,89.56565306552176,1.5084671905036169,7.425766044031029
944.0,12.892623901367188,291.47870827240695,13.15047274520757,-298.6338884388705,291.47870827240695,298.6338884388705,201.91329114972973,11.642007532796384,-306.05966548015743,89.5654171226772,1.508465212411184,7.4257770412869775
952.0,13.002537727355957,291.4785144999757,13.150378800132744,-298.63337624983194,291.4785144999757,298.63337624983194,201.91328764602542,11.64191598663611,-306.05916471121066,89.56522685395026,1.5084628134966334,7.4257884613787155
960.0,13.112452507019043,291.4792336432894,13.150307891354752,-298.63342629818806,291.4792336432894,298.63342629818806,201.91406479250824,11.641846817306739,-306.05924318741097,89.56516885078113,1.5084610740480127,7.425816889222922
968.0,13.222369194030762,291.4799745141579,13.150268063961239,-298.63383044154136,291.4799745141579,298.63383044154136,201.91477474150665,11.641808446117334,-306.059682649549,89.56519977265123,1.5084596178439051,7.425852208007633
976.0,13.332283020019531,291.47979687441574,13.150239209201875,-298.6333209023949,291.47979687441574,298.6333209023949,201.9145652053388,11.641780679904997,-306.0592055085932,89.56523166907695,1.5084585292968784,7.425884606198302
984.0,13.4421968460083,291.4785153353356,13.150158473925616,-298.6318788013488,291.4785153353356,298.6318788013488,201.91333988251034,11.64170058800258,-306.0577889803341,89.56517545282529,1.5084578859230362,7.425910178985326
992.0,13.552111625671387,291.4772311864337,13.150044141665592,-298.6305775936921,291.4772311864337,298.6305775936921,201.91218184991763,11.641587404298011,-306.056505239953,89.56504933651608,1.508456737367581,7.425927646260895
1000.0,13.662028312683105,291.47657437514306,13.149932697155517,-298.6299212019591,291.47657437514306,298.6299212019591,201.91166813695173,11.641477126906972,-306.05585620326826,89.56490623819136,1.508455570248544,7.425935001309135
1008.0,13.771942138671875,291.47675091186875,13.149880798629255,-298.62966747767643,291.47675091186875,298.62966747767643,201.91193016926394,11.641426368002861,-306.0556171971535,89.56482074260478,1.5084544306263927,7.425949719477025
1016.0,13.881855964660645,291.47715899877,13.149866632875025,-298.6296275184477,291.47715899877,298.6296275184477,201.91234209047337,11.641413415578123,-306.05560277767427,89.56481690829662,1.5084532172969025,7.425975259226547
1024.0,13.99177074432373,291.4776300582574,13.149871291214907,-298.62979250016474,291.4776300582574,298.62979250016474,201.91277747960405,11.641418901928958,-306.0557965056434,89.56485257865333,1.5084523892859503,7.426004005478681
1032.0,14.101685523986816,291.4773441543656,13.149873534577159,-298.6292223785835,291.4773441543656,298.6292223785835,201.91247358998223,11.641420958122442,-306.0552479530081,89.56487056438338,1.508452576454717,7.426025574424621
1040.0,14.211600303649902,291.47641571305473,13.14977345122908,-298.6281174829448,291.47641571305473,298.6281174829448,201.91158038871563,11.641322027651029,-306.0541640906971,89.56483532433907,1.5084514235780508,7.426046607752291
1048.0,14.321515083312988,291.4757124190269,13.149669977013993,-298.6274638326157,291.4757124190269,298.6274638326157,201.91096134778348,11.641220060848898,-306.0535221360424,89.5647510712434,1.5084499161650937,7.426058303426679
1056.0,14.431427955627441,291.4752944450933,13.149603856504234,-298.6269685533322,291.4752944450933,298.6269685533322,201.9106267465686,11.641153494329641,-306.0530349343122,89.5646676985247,1.5084503621745924,7.426066380980025
1064.0,14.541342735290527,291.4753420222894,13.149578931537874,-298.62664712660666,291.4753420222894,298.62664712660666,201.9107257809217,11.641131126298182,-306.0527258199629,89.56461624136773,1.5084478052396921,7.426078693356274
1072.0,14.651256561279297,291.47546617323735,13.149571555208624,-298.6264027283271,291.47546617323735,298.6264027283271,201.9108538476994,11.641123595278104,-306.0525016949632,89.56461232553798,1.5084479599305185,7.4260989666361255
1080.0,14.761170387268066,291.47587282524717,13.149577620469408,-298.62652297843186,291.47587282524717,298.62652297843186,201.91123681477,11.641130700449796,-306.05264488027535,89.56463601047716,1.5084469200196127,7.42612190184348
1088.0,14.871085166931152,291.4757104117819,13.149580523531489,-298.62614385494226,291.4757104117819,298.62614385494226,201.91105602226702,11.641134709971361,-306.0522840492842,89.56465438951487,1.5084458135601277,7.426140194341933
1096.0,14.981003761291504,291.47547532536953,13.149537991450998,-298.62569056588717,291.47547532536953,298.62569056588717,201.9108207782897,11.641091938104424,-306.0518489316544,89.56465454707983,1.5084460533465736,7.4261583657671935
1104.0,15.090919494628906,291.47516299214305,13.14951255991252,-298.62510798603296,291.47516299214305,298.62510798603296,201.91052046892852,11.641067987877888,-306.05128470022964,89.56464252321456,1.508444572034632,7.4261767141966715
1112.0,15.200833320617676,291.4747090994721,13.149465567910259,-298.6245591978858,291.4747090994721,298.6245591978858,201.9101036507515,11.641021517697109,-306.05074945449735,89.56460544872058,1.50844405021315,7.426190256611555
1120.0,15.310748100280762,291.4743774713826,13.149397062582178,-298.6242056302043,291.4743774713826,298.6242056302043,201.90981692870463,11.640953178940965,-306.0504039551377,89.56456054267797,1.5084438836412133,7.426198324933402
1128.0,15.420661926269531,291.4744829510686,13.149367435396252,-298.62411393771123,291.4744829510686,298.62411393771123,201.90994678957307,11.64092551019872,-306.05032298047024,89.56453616149554,1.5084419251975323,7.426209042759005
1136.0,15.5305757522583,291.4743462352901,13.149389901150393,-298.62367312198074,291.4743462352901,298.62367312198074,201.9098174567972,11.640948620598143,-306.0498956275013,89.5645287784929,1.5084412805522494,7.4262225055205775
1144.0,15.640490531921387,291.4742932589867,13.149345387925191,-298.6233754061155,291.4742932589867,298.6233754061155,201.9097763347087,11.640904445140182,-306.04961275493827,89.56451692427794,1.5084409427850094,7.426237348822781
1152.0,15.750404357910156,291.4744440634629,13.14935213391236,-298.62328872527166,291.4744440634629,298.62328872527166,201.9099157581039,11.640913291958054,-306.0495419846599,89.56452830535898,1.508438841954307,7.426253259388275
1160.0,15.860323905944824,291.47423291612813,13.149345415359063,-298.6228488898765,291.47423291612813,298.6228488898765,201.90969853301016,11.640906910331395,-306.0491183937575,89.56453438311799,1.5084385050276676,7.426269503881038
1168.0,15.970237731933594,291.4742716652292,13.14933354963556,-298.6227097290267,291.4742716652292,298.6227097290267,201.90973142362185,11.640896263228187,-306.0489937346373,89.56454024160733,1.508437286407374,7.42628400561059
1176.0,16.08015251159668,291.4740912644841,13.149316575794689,-298.6223040095806,291.4740912644841,298.6223040095806,201.90955011920312,11.640880283950615,-306.048602779799,89.564541145281,1.5084362918440748,7.426298770218402
1184.0,16.190065383911133,291.4739354965585,13.14930559232769,-298.6220299541839,291.4739354965585,298.6220299541839,201.90939897814184,11.640869907848021,-306.0483419751155,89.5645365184167,1.508435684479669,7.426312020931583
1192.0,16.29998016357422,291.47374810445325,13.14926117969087,-298.62163863940367,291.47374810445325,298.62163863940367,201.90922496079304,11.640826594762068,-306.04796234838204,89.56452314366022,1.5084345849288017,7.42632370897838
1200.0,16.409894943237305,291.47372384306357,13.149260753963166,-298.62148634857516,291.47372384306357,298.62148634857516,201.90920760387195,11.64082722631429,-306.04782114703266,89.56451623919162,1.5084335276488758,7.426334798457518
1208.0,16.51980972290039,291.47353984981396,13.149217535640101,-298.6210688267156,291.47353984981396,298.6210688267156,201.90903764146904,11.640784969743176,-306.0474143196864,89.56450220834493,1.508432565896924,7.426345492970796
1216.0,16.629724502563477,291.4735658513179,13.149225704686735,-298.6209321253057,291.4735658513179,298.6209321253057,201.90906496661103,11.640794175889017,-306.0472887871955,89.5645008847069,1.5084315287977184,7.426356661889763
1224.0,16.739641189575195,291.47349778365225,13.149232199853572,-298.6206530860112,291.47349778365225,298.6206530860112,201.9089911412243,11.640801264406841,-306.04702318193523,89.56450664242794,1.5084309354467313,7.426370095924042
1232.0,16.84955596923828,291.4733174302975,13.149223880270602,-298.62030690506776,291.4733174302975,298.62030690506776,201.90881498665317,11.640793762292011,-306.04668879452703,89.56450244364436,1.508430117978591,7.4263818894592575
1240.0,16.959470748901367,291.4732532780065,13.149197671403321,-298.62010869755767,291.4732532780065,298.62010869755767,201.90875727937413,11.640768207076398,-306.0465009341142,89.56449599863234,1.5084294643269223,7.426392236556545
1248.0,17.06938362121582,291.4731761383073,13.149182559063629,-298.6198588405835,291.4731761383073,298.6198588405835,201.90868370721205,11.64075388907446,-306.04626222993653,89.56449243109523,1.5084286699891694,7.426403389353041
1256.0,17.179298400878906,291.47317688045194,13.149169948441621,-298.6196812747895,291.47317688045194,298.6196812747895,201.90868559950684,11.640742247873693,-306.0460950898439,89.56449128094512,1.5084277005679274,7.4264138150543815
1264.0,17.289213180541992,291.47314315651226,13.14916483721245,-298.6194566821072,291.47314315651226,298.6194566821072,201.90864680869407,11.64073821616129,-306.045882489831,89.5644963478182,1.508426621051159,7.426425807723753
1272.0,17.399127960205078,291.4729662422595,13.149157774101852,-298.6191425600558,291.4729662422595,298.6191425600558,201.9084731995785,11.6407321976432,-306.0455786569688,89.56449304268098,1.5084255764586514,7.4264360969129655
1280.0,17.509042739868164,291.4728392393322,13.149106584009472,-298.618925704941,291.4728392393322,298.618925704941,201.908355415278,11.640681702774815,-306.0453710244397,89.56448382405418,1.5084248812346566,7.426445319498704
1288.0,17.618961334228516,291.4730395243447,13.149124934316307,-298.6189206600005,291.4730395243447,298.6189206600005,201.9085502235709,11.640701402725671,-306.0453761484296,89.56448930077383,1.5084235315906351,7.426455488429092
1296.0,17.7288761138916,291.4727946762583,13.149115026898578,-298.61851426688105,291.4727946762583,298.61851426688105,201.9083006581078,11.640691978792326,-306.04498087035654,89.56449401815047,1.5084230481062528,7.426466603475497
1304.0,17.838788986206055,291.4727573165834,13.149094583194266,-298.6183391661394,291.4727573165834,298.6183391661394,201.9082673278469,11.640672436789346,-306.04481541663165,89.5644899887365,1.5084221464049206,7.426476250492293
1312.0,17.948705673217773,291.4726163547814,13.149082719999349,-298.6180749693591,291.4726163547814,298.6180749693591,201.9081288020596,11.640661333820754,-306.0445608363271,89.56448755272183,1.5084213861785942,7.426485866968015
1320.0,18.058618545532227,291.47257900064847,13.149035006255303,-298.61793007172355,291.47257900064847,298.61793007172355,201.9080993831613,11.64061454740795,-306.0444238889519,89.56447961748714,1.5084204588473549,7.426493817228355
1328.0,18.168533325195312,291.4725517419402,13.149027062153063,-298.6177512702453,291.4725517419402,298.6177512702453,201.90806809280448,11.64060718517596,-306.0442551240996,89.56448364913572,1.5084198769771042,7.426503853854285
1336.0,18.2784481048584,291.4725335085562,13.149003500842568,-298.6175477586686,291.4725335085562,298.6175477586686,201.90804727842124,11.6405847556385,-306.0440618259442,89.56448623013495,1.508418745204068,7.426514067275576
1344.0,18.38836097717285,291.47246854756554,13.149004056545245,-298.6173838010663,291.47246854756554,298.6173838010663,201.9079767722926,11.640586029530237,-306.0439075900726,89.56449177527296,1.5084180270150078,7.4265237890063105
1352.0,18.498281478881836,291.47247974509185,13.148992809126641,-298.6172027167342,291.47247974509185,298.6172027167342,201.9079831859137,11.640575165624206,-306.0437363535228,89.56449655917811,1.508417643502435,7.4265336367885695
1360.0,18.60819435119629,291.47235004184944,13.148973752168542,-298.61694914839944,291.47235004184944,298.61694914839944,201.9078509498601,11.640557318292187,-306.0434927869314,89.56449909198935,1.5084164338763557,7.426543638531918
1368.0,18.718109130859375,291.4722060049204,13.148948942592032,-298.61669577991216,291.4722060049204,298.61669577991216,201.9077106027551,11.64053340722242,-306.0432481236048,89.56449540216528,1.5084155353696103,7.426552343692649
1376.0,18.82802391052246,291.4721180799576,13.148900888299199,-298.6165235128138,291.4721180799576,298.6165235128138,201.90763258228816,11.640485459436533,-306.0430825225837,89.56448549766947,1.5084154288626666,7.42655900976991
1384.0,18.937936782836914,291.47233336936995,13.148894676839296,-298.61664770790526,291.47233336936995,298.61664770790526,201.90783880228093,11.64048053807198,-306.04321521322083,89.56449456708899,1.508414138767316,7.426567505315575
1392.0,19.047853469848633,291.47215838000255,13.148900293885621,-298.6162751282533,291.47215838000255,298.6162751282533,201.90765583701935,11.6404871556629,-306.04285297308024,89.5645025429832,1.5084131382227213,7.426577844826959
1400.0,19.157766342163086,291.4721770876862,13.148894055339829,-298.6161740727209,291.4721770876862,298.6161740727209,201.90766894232866,11.640481365965268,-306.04276145117825,89.56450814535751,1.5084126893745609,7.426587378457356
1408.0,19.267681121826172,291.47203324886146,13.148872470285745,-298.61588140088287,291.47203324886146,298.61588140088287,201.90752551397762,11.640460325133812,-306.042477288725,89.56450773488385,1.5084121451519321,7.426595887842133
1416.0,19.377601623535156,291.4720582728986,13.148847586351597,-298.61580176950287,291.4720582728986,298.61580176950287,201.90754952891737,11.640436064023183,-306.04240590814106,89.56450874398122,1.508411522328414,7.42660413863819
1424.0,19.487516403198242,291.47192159011666,13.148846407071726,-298.6155217238315,291.47192159011666,298.6155217238315,201.90740952709385,11.640435673663553,-306.0421352104469,89.56451206302283,1.5084107334081738,7.426613486615381
1432.0,19.597429275512695,291.4718729893419,13.148819195293868,-298.6153688278945,291.4718729893419,298.6153688278945,201.90736630333515,11.640409437090442,-306.0419886654517,89.56450668600674,1.5084097582034257,7.426619837557212
1440.0,19.70734405517578,291.4719608754699,13.14882586413484,-298.6153462638582,291.4719608754699,298.6153462638582,201.90744473841198,11.640416511205464,-306.04197513363476,89.56451613705795,1.5084093529293767,7.426628869776579
1448.0,19.817258834838867,291.47176908952275,13.148788090001142,-298.6150711853862,291.47176908952275,298.6150711853862,201.90725405344978,11.640379743051064,-306.0417079175668,89.56451503607298,1.5084083469500786,7.426636732180562
1456.0,19.92717170715332,291.47163414185076,13.148746483220783,-298.6148398327873,291.47163414185076,298.6148398327873,201.90712713611288,11.640338998995585,-306.04148343826625,89.56450700573788,1.5084074842251995,7.426643605478951
1464.0,20.037086486816406,291.4717860745459,13.148731157665942,-298.6148893444527,291.4717860745459,298.6148893444527,201.90727667243567,11.640324254515065,-306.0415391274411,89.5645094021102,1.5084069031508776,7.426649782988434
1472.0,20.147001266479492,291.4720047113075,13.1487653163617,-298.6148880042265,291.4720047113075,298.6148880042265,201.90747473206403,11.640359549324678,-306.04154753887923,89.56452997924347,1.5084057670370212,7.426659534652735
1480.0,20.256919860839844,291.47189813304635,13.148808847370237,-298.61467117545857,291.47189813304635,298.61467117545857,201.90734942067584,11.640403149019452,-306.04134044344397,89.56454871237052,1.508405698350784,7.426669267985389
1488.0,20.36683464050293,291.47165575895804,13.14877963123995,-298.6143268407391,291.47165575895804,298.6143268407391,201.90711142284437,11.640374505042903,-306.04100269631033,89.56454433611367,1.5084051261970473,7.426675855571212
1496.0,20.476749420166016,291.4714863615096,13.148732543121117,-298.61413424021544,291.4714863615096,298.61413424021544,201.9069536688484,11.640328396003982,-306.0408157501176,89.5645326926612,1.508404147117135,7.426681509902181
1504.0,20.5866641998291,291.47150021381776,13.148680690193142,-298.61408112868816,291.47150021381776,298.61408112868816,201.90697580355823,11.640276947178887,-306.04076806144667,89.56452441025951,1.5084037430142558,7.426686932758507
1512.0,20.696577072143555,291.47171673709653,13.148695035086035,-298.61412358240926,291.47171673709653,298.61412358240926,201.90718172044154,11.640292061136584,-306.04081816800596,89.56453501665499,1.508402973949451,7.4266945855966995
1520.0,20.80649185180664,291.471624655105,13.148718261770888,-298.61382622575513,291.471624655105,298.61382622575513,201.9070762766193,11.64031613361858,-306.0405306002368,89.56454837848572,1.5084021281523077,7.4267043744816945
1528.0,20.916406631469727,291.4714918935202,13.148716729121418,-298.6136284882623,291.4714918935202,298.6136284882623,201.90694213878916,11.640315030052584,-306.04034060716464,89.56454975473102,1.5084016990688331,7.426712118902358
1536.0,21.02631950378418,291.4713678051834,13.148685165881094,-298.61343972178724,291.4713678051834,298.61343972178724,201.90682152485311,11.64028396172264,-306.0401588799931,89.56454628033029,1.5084012041584556,7.4267191582058345
1544.0,21.136240005493164,291.4712731137947,13.148633495266761,-298.6132929885886,291.4712731137947,298.6132929885886,201.90673419458543,11.640232864619026,-306.0400174441321,89.56453891920928,1.5084006306477349,7.4267244555434715
1552.0,21.24615478515625,291.4714273086334,13.148611482429764,-298.61331219299734,291.4714273086334,298.61331219299734,201.90688481630903,11.640211754090291,-306.0400431289418,89.56454249232436,1.5083997283394721,7.4267309359444695
1560.0,21.356069564819336,291.47155831583643,13.148633061054351,-298.6133034565606,291.47155831583643,298.6133034565606,201.90699806439875,11.640233997702172,-306.0400428572133,89.56456025143767,1.5083990633521802,7.426739400652693
1568.0,21.46598243713379,291.4714336254373,13.148645069264653,-298.61303560837933,291.4714336254373,298.61303560837933,201.90686142939484,11.640246468375125,-306.0397839772876,89.56457219604249,1.5083986008895272,7.4267483689082425
1576.0,21.575897216796875,291.4713824233986,13.148631586102216,-298.6128787808548,291.4713824233986,298.6128787808548,201.9068064383845,11.640233780038745,-306.03963495829896,89.5645759850141,1.5083978060634697,7.426756177444133
1584.0,21.68581199645996,291.47127681887366,13.148627381100669,-298.61268171669474,291.47127681887366,298.61268171669474,201.906700204392,11.64023013950138,-306.0394444873102,89.56457661448167,1.5083972415992886,7.426762770615468
1592.0,21.795724868774414,291.4712178230712,13.148617257025917,-298.61254591321085,291.4712178230712,298.61254591321085,201.90664191114445,11.640220518403911,-306.03931543875933,89.56457591192674,1.5083967386220056,7.426769525548451
1600.0,21.9056396484375,291.4711994974063,13.148605464027558,-298.6124118816716,291.4711994974063,298.6124118816716,201.90662613635644,11.640209593262576,-306.0391870475314,89.56457336104987,1.5083958707649812,7.426775165859773
1608.0,22.015562057495117,291.4712426746545,13.1486144221135,-298.6123720970629,291.4712426746545,298.6123720970629,201.90666302774855,11.640218818830656,-306.03915455097103,89.56457964690594,1.5083956032828443,7.426782453908089
1616.0,22.12547492980957,291.47115692067246,13.148601612788124,-298.6121564076321,291.47115692067246,298.6121564076321,201.9065735668042,11.64020665195287,-306.0389454412468,89.56458335386826,1.508394960835255,7.426789033614732
1624.0,22.235389709472656,291.4711117932977,13.14860542985839,-298.6119948773739,291.4711117932977,298.6119948773739,201.90652569630322,11.640210732221075,-306.0387912017417,89.56458609699453,1.508394697637316,7.426796324367793
1632.0,22.345304489135742,291.4709738377351,13.148589914430186,-298.61181237139874,291.4709738377351,298.61181237139874,201.90639200472174,11.640195819861695,-306.03861399399295,89.56458183301334,1.50839409456849,7.426801622594198
1640.0,22.455217361450195,291.4709519480084,13.148547673668041,-298.6117248137465,291.4709519480084,298.6117248137465,201.90637526677392,11.640154530688172,-306.0385311343492,89.56457668123451,1.5083931429798705,7.426806320602736
1648.0,22.56513214111328,291.47105151299615,13.148540378738916,-298.6117291251837,291.47105151299615,298.6117291251837,201.90646857259566,11.640147668511258,-306.0385415720094,89.5645829404005,1.5083927102276586,7.426812446825757
1656.0,22.675046920776367,291.4710636982776,13.14853732960804,-298.6116090088032,291.4710636982776,298.6116090088032,201.90647201067952,11.640145318033257,-306.03842838587275,89.56459168759807,1.5083920115747818,7.426819377069556
1664.0,22.78495979309082,291.47104618269105,13.148557297044654,-298.6114720946298,291.47104618269105,298.6114720946298,201.906444771822,11.64016586609196,-306.0382991726391,89.56460141086905,1.5083914309526927,7.4268270780093175
1672.0,22.894882202148438,291.47094556720424,13.148542206029529,-298.61130322309515,291.47094556720424,298.61130322309515,201.90634291564882,11.64015163825929,-306.0381361328879,89.56460265155542,1.5083905677702374,7.426832909792793
1680.0,23.004796981811523,291.4709330517445,13.14852921893036,-298.61118452475847,291.4709330517445,298.61118452475847,201.90632795133928,11.640139404798976,-306.0380234838543,89.5646051004052,1.5083898141313847,7.426838959095825
1688.0,23.114709854125977,291.47082832684896,13.14851884814479,-298.6110410827964,291.47082832684896,298.6110410827964,201.90622416393222,11.640129557120142,-306.0378853263842,89.56460416291671,1.5083892910246464,7.426844243587759
1696.0,23.224624633789062,291.4709208511275,13.14849582600102,-298.61104751379514,291.4709208511275,298.61104751379514,201.90631657362124,11.64010711935381,-306.0378968760893,89.56460427750625,1.5083887066472084,7.426849362294135
1704.0,23.33453941345215,291.47096642537076,13.148515466700054,-298.6109499946585,291.47096642537076,298.6109499946585,201.9063511290281,11.640127598217056,-306.0378059146396,89.56461529634267,1.5083878684829974,7.426855919981101
1712.0,23.4444522857666,291.47094131189795,13.148529670379617,-298.61082203799157,291.47094131189795,298.61082203799157,201.9063158035174,11.640142597688646,-306.03768471438065,89.56462550838057,1.5083870726909714,7.426862676389085
1720.0,23.554367065429688,291.4708185671975,13.148540362400997,-298.6106122398753,291.4708185671975,298.6106122398753,201.90619043538706,11.640153869818779,-306.0374814930328,89.56462813181045,1.5083864925822192,7.4268692531574345
1728.0,23.664281845092773,291.4707086274733,13.148516552527724,-298.6104284705271,291.4707086274733,298.6104284705271,201.9060854738049,11.640130534892771,-306.03730190275525,89.56462315366842,1.5083860176349537,7.426873432228163
1736.0,23.774200439453125,291.4707660820115,13.14850904361877,-298.6104029210588,291.4707660820115,298.6104029210588,201.90614372977072,11.640123705433359,-306.03728131354745,89.56462235224078,1.5083853381854118,7.426878392488668
1744.0,23.88411521911621,291.4708793656536,13.14853579983798,-298.6103976082508,291.4708793656536,298.6103976082508,201.90624675358177,11.640150883178267,-306.0372819791492,89.56463261207185,1.5083849166597139,7.426884370898399
1752.0,23.994028091430664,291.47083628709026,13.148568496339493,-298.6101978720202,291.47083628709026,298.6101978720202,201.9061932317087,11.640184307633863,-306.03708879359147,89.56464305538154,1.5083841887056302,7.426890921571292
1760.0,24.10394287109375,291.4706918447362,13.14857471394703,-298.6099752693297,291.4706918447362,298.6099752693297,201.90604771759544,11.640190803055447,-306.03687165518465,89.5646441271408,1.5083839108915829,7.4268963858549455
1768.0,24.213857650756836,291.47056569762947,13.148556407695636,-298.6098385014821,291.47056569762947,298.6098385014821,201.90592966654216,11.640173346351533,-306.0367379779575,89.56463603108732,1.5083830613441034,7.426899476475384
1776.0,24.32377052307129,291.47055966557093,13.14854112954081,-298.6097583369901,291.47055966557093,298.6097583369901,201.9059288029953,11.64015867642427,-306.0366616836276,89.5646308625756,1.50838245311654,7.426903346637445
1784.0,24.433685302734375,291.47050804183914,13.148508740466124,-298.60967600925085,291.47050804183914,298.60967600925085,201.9058791942611,11.64012691081858,-306.036583390587,89.564628847578,1.5083818296475435,7.426907381336179
1792.0,24.54360008239746,291.47043846958354,13.148477492860756,-298.60957552163563,291.47043846958354,298.60957552163563,201.90581352375474,11.64009632990917,-306.03648661962205,89.5646249458288,1.5083811629515855,7.426911097986412
1800.0,24.653520584106445,291.470478342689,13.1484516025686,-298.60956600933423,291.470478342689,298.60956600933423,201.90585517037803,11.640070484328723,-306.0364810376176,89.56462317231095,1.5083811182398765,7.426915028283389
1808.0,24.76343536376953,291.47060671183795,13.148436326765347,-298.6095667759934,291.47060671183795,298.6095667759934,201.9059743229407,11.640055919009933,-306.03648708210864,89.56463238889722,1.5083804077554142,7.426920306115228
1816.0,24.873350143432617,291.4706978430103,13.148459000477562,-298.60951511252824,291.4706978430103,298.60951511252824,201.9060478992364,11.640079420459521,-306.0364419787703,89.56464994377393,1.5083795800180395,7.426926866242091
1824.0,24.98326301574707,291.47069646812247,13.148488563337564,-298.60942545327566,291.47069646812247,298.60942545327566,201.90603319285026,11.640109206820156,-306.03635833574026,89.56466327527224,1.5083793565174073,7.4269328824646195
1832.0,25.093177795410156,291.47057503226023,13.148483508617026,-298.6092233333602,291.47057503226023,298.6092233333602,201.90590645899644,11.64010473818683,-306.0361611953844,89.5646685732638,1.5083787704301956,7.426937862024175
1840.0,25.203092575073242,291.47044383284987,13.148447013567178,-298.60911079793823,291.47044383284987,298.60911079793823,201.9057787616427,11.640068715611395,-306.036052828435,89.56466507120719,1.5083782979557823,7.426942030496797
1848.0,25.313005447387695,291.47053121769085,13.148426677498499,-298.6090796100116,291.47053121769085,298.6090796100116,201.9058647469752,11.640048665993696,-306.03602677672603,89.56466647071565,1.5083780115048038,7.426947166714427
1856.0,25.42292022705078,291.4705227814645,13.148445222089526,-298.608997687735,291.4705227814645,298.608997687735,201.90584936641568,11.640067864109017,-306.035950166891,89.56467341504884,1.5083773579805086,7.426952479156007
1864.0,25.5328426361084,291.4703589750257,13.148428204580732,-298.60879195719934,291.4703589750257,298.60879195719934,201.90568667636325,11.640051360369846,-306.035749468483,89.56467229866246,1.5083768442108854,7.4269575112836534
1872.0,25.64275550842285,291.4702476032013,13.148400240692492,-298.60868288652415,291.4702476032013,298.60868288652415,201.90558383529364,11.64002361119331,-306.03564301385876,89.56466376790763,1.5083766294991818,7.426960127334617
1880.0,25.752670288085938,291.4703587004528,13.148359865117198,-298.6087100180396,291.4703587004528,298.6087100180396,201.9056962971958,11.639983943501358,-306.03567381540984,89.56466240325699,1.5083759216158406,7.426963797370291
1888.0,25.862585067749023,291.4704598886844,13.148373521297867,-298.6087259224941,291.4704598886844,298.6087259224941,201.90578699319892,11.639998122977588,-306.03569476686926,89.56467289548546,1.5083753983202781,7.426968844375175
1896.0,25.972497940063477,291.47046827159244,13.148390816729382,-298.6085938123114,291.47046827159244,298.6085938123114,201.90578510975104,11.640016028837376,-306.03556883201924,89.56468316184139,1.5083747878920049,7.426975019707832
1904.0,26.082412719726562,291.47048926812573,13.148411496690365,-298.6085549447384,291.47048926812573,298.6085549447384,201.90579599107008,11.64003698375969,-306.0355350741738,89.56469327705565,1.5083745129306738,7.426980129435442
1912.0,26.19232749938965,291.4703618302602,13.148416334467292,-298.608363178629,291.4703618302602,298.608363178629,201.90566482496095,11.640042179316556,-306.03534801379794,89.56469700529924,1.5083741551507357,7.426984835168902
1920.0,26.3022403717041,291.4702381716091,13.148390549904288,-298.6082255234586,291.4702381716091,298.6082255234586,201.90554587566993,11.64001690381202,-306.035213792139,89.56469229593915,1.5083736460922692,7.42698826868039
1928.0,26.412160873413086,291.4701458476592,13.148339660492024,-298.60813276935335,291.4701458476592,298.60813276935335,201.90546111279076,11.639966458134193,-306.03512390015663,89.56468473486842,1.5083732023578298,7.426991130803302
1936.0,26.52207374572754,291.4702062157059,13.148311915185145,-298.6081546066411,291.4702062157059,298.6081546066411,201.90552370447324,11.639939121803511,-306.03514907602255,89.56468251123268,1.5083727933816338,7.426994469381434
1944.0,26.631988525390625,291.47025182470486,13.148307913210516,-298.60810822296645,291.47025182470486,298.60810822296645,201.90556325111191,11.63993573404682,-306.0351073576456,89.56468857359292,1.5083721791636968,7.42699913467915
1952.0,26.74190330505371,291.47016068275383,13.148286590534083,-298.60794840405606,291.47016068275383,298.60794840405606,201.9054684546222,11.639914901963358,-306.03495249440255,89.56469222813163,1.5083716885707243,7.427004090346507
1960.0,26.85181999206543,291.4700641432901,13.148253404659865,-298.60785575997915,291.4700641432901,298.60785575997915,201.90537552577325,11.63988197544581,-306.03486302800286,89.56468861751685,1.5083714292140558,7.427007268023694
1968.0,26.961732864379883,291.47011221620534,13.148214506303372,-298.60785483069714,291.47011221620534,298.60785483069714,201.90542289295064,11.639843884762588,-306.0348662747738,89.5646893232547,1.5083706215407844,7.427011444076641
1976.0,27.07164764404297,291.47013032700045,13.148194754743415,-298.60780952364604,291.47013032700045,298.60780952364604,201.90543561842662,11.639824145750124,-306.03482527962007,89.5646947085738,1.5083706089932916,7.427015755974004
1984.0,27.181562423706055,291.47018255185316,13.148172790618759,-298.60778959959777,291.47018255185316,298.60778959959777,201.90548034907022,11.63980277000631,-306.03481049454444,89.56470220278294,1.508370020612447,7.427020894946679
1992.0,27.291481018066406,291.4702319404049,13.148183161383336,-298.6078031130324,291.4702319404049,298.6078031130324,201.90551911626414,11.63981384526388,-306.0348289562047,89.56471282414076,1.508369316119456,7.427025843172302
2000.0,27.401395797729492,291.4702154092794,13.148177782466838,-298.6076782381763,291.4702154092794,298.6076782381763,201.9054947427831,11.639808517122876,-306.0347086936041,89.5647206664963,1.5083692653439629,7.427030455427833
2008.0,27.511308670043945,291.47025875565765,13.148189817570685,-298.6076493613756,291.47025875565765,298.6076493613756,201.90552899444265,11.639821100229748,-306.03468449037985,89.56472976121499,1.5083687173409377,7.427035129004274
2016.0,27.62122344970703,291.47018034006084,13.148203778894247,-298.6075345020819,291.47018034006084,298.6075345020819,201.90544452970846,11.639835316373743,-306.03457367356305,89.56473581035237,1.5083684625205045,7.427039171481162
2024.0,27.731138229370117,291.4700316905413,13.14818508904448,-298.6073846310325,291.4700316905413,298.6073846310325,201.90529929328733,11.639817142096604,-306.03442699466774,89.56473239725399,1.5083679469478763,7.427042363635223
2032.0,27.84105110168457,291.4699491512064,13.148142754270712,-298.6072591148933,291.4699491512064,298.6072591148933,201.90522469240898,11.63977496869219,-306.0343037717685,89.56472445879737,1.5083677855785211,7.427044656875246
2040.0,27.950965881347656,291.469955196677,13.148121020012429,-298.6072421019343,291.469955196677,298.6072421019343,201.90523362080978,11.639753839097976,-306.0342893300003,89.56472157586722,1.508367180914452,7.427047228066037
2048.0,28.060880661010742,291.4699728045023,13.148104987846754,-298.6072072685099,291.4699728045023,298.6072072685099,201.90525020957426,11.63973825633197,-306.0342580739849,89.56472259492804,1.5083667315147835,7.427050805475027
2056.0,28.170799255371094,291.4700141264507,13.148108582620033,-298.6071800502936,291.4700141264507,298.6071800502936,201.90528627195306,11.639742238827537,-306.0342351599438,89.56472785449765,1.5083663437924955,7.427055109650205
2064.0,28.280710220336914,291.4699324483308,13.148096300047563,-298.60706714791024,291.4699324483308,298.60706714791024,201.90520335940596,11.639730064743274,-306.03412599624653,89.56472908892482,1.5083662353042886,7.427058848336266
2072.0,28.390625,291.4698884689574,13.148076218447613,-298.6069697794255,291.4698884689574,298.6069697794255,201.90515956751705,11.639710694727176,-306.0340322126676,89.56472890144033,1.5083655237204363,7.427062433242121
2080.0,28.500539779663086,291.4699198208523,13.148063528556568,-298.60695913902714,291.4699198208523,298.60695913902714,201.9051893502783,11.639698450776198,-306.03402486134223,89.564730470574,1.50836507778037,7.427065722315071
2088.0,28.61045265197754,291.46989508628366,13.148049305974283,-298.6068702755693,291.46989508628366,298.6068702755693,201.90516146464074,11.639684619752343,-306.03393997851146,89.5647336216429,1.508364686221939,7.427069702942184
2096.0,28.720369338989258,291.4699058962935,13.148036093875334,-298.6068485352615,291.4699058962935,298.6068485352615,201.9051689323162,11.639671814894694,-306.0339223759945,89.5647369639773,1.5083642789806406,7.427073840733016
2104.0,28.83028221130371,291.46985115779836,13.148021060339168,-298.6067689636037,291.46985115779836,298.6067689636037,201.9051116888429,11.639657383434633,-306.0338462862367,89.56473946895545,1.508363676904536,7.427077322632982
2112.0,28.940195083618164,291.46981192206323,13.148001000060912,-298.60668055466766,291.46981192206323,298.60668055466766,201.90507248057685,11.639638149726867,-306.0337611645331,89.56473944148637,1.5083628503340458,7.427080609865392
2120.0,29.05010986328125,291.4698730850285,13.147989803143709,-298.60668925878645,291.4698730850285,298.60668925878645,201.90513022799527,11.639627345944348,-306.03377266707207,89.56474285703322,1.508362457199361,7.42708340828564
2128.0,29.160024642944336,291.4699856374835,13.148002712793144,-298.6067036024577,291.4699856374835,298.6067036024577,201.90523197126498,11.639640507736038,-306.0337912470828,89.56475366621851,1.5083622050571046,7.427087644625097
2136.0,29.269941329956055,291.46999257655517,13.148032631555921,-298.60662358446734,291.46999257655517,298.60662358446734,201.90522776109822,11.639671004505026,-306.0337150697958,89.56476481545695,1.5083616270508964,7.427091485328447
2144.0,29.379854202270508,291.46988390466964,13.148040948991571,-298.60649397163627,291.46988390466964,298.60649397163627,201.90511706604104,11.639679618275075,-306.03358852524724,89.5647668386286,1.5083613307164967,7.427094553610985
2152.0,29.489768981933594,291.46974986356264,13.148015153165158,-298.60636268309247,291.46974986356264,298.60636268309247,201.9049873894267,11.63965447591754,-306.0334592287643,89.56476247413593,1.5083606772476186,7.427096545671844
2160.0,29.59968376159668,291.4697531619226,13.148000211319474,-298.60631001234964,291.4697531619226,298.60631001234964,201.90499458759015,11.63963999116995,-306.03340952201586,89.56475857433244,1.5083602201495232,7.427099509666206
2168.0,29.709596633911133,291.4697115393513,13.147981242341999,-298.60624798994894,291.4697115393513,298.60624798994894,201.90495412669634,11.639621027361818,-306.0333495044967,89.56475741265497,1.5083602149801818,7.427101514547758
2176.0,29.81951141357422,291.46975989955456,13.147978153684818,-298.60623106933474,291.46975989955456,298.60623106933474,201.9050025386733,11.639618468061208,-306.03333615005147,89.56475736088125,1.508359685623609,7.427105080716721
2184.0,29.9294376373291,291.46979852482275,13.147983414029751,-298.6062238332395,291.46979852482275,298.6062238332395,201.9050353341666,11.639624519179684,-306.03333202971197,89.56476319065618,1.5083588948500672,7.42710819647251
2192.0,30.039352416992188,291.46974530733314,13.147999623810282,-298.60613245904466,291.46974530733314,298.60613245904466,201.9049788509666,11.639640748410514,-306.03324432368186,89.56476645636654,1.508358875399769,7.427111864637197
2200.0,30.149267196655273,291.4696798371324,13.147977039809401,-298.6060188086699,291.4696798371324,298.6060188086699,201.9049140568061,11.639618742601709,-306.0331334359741,89.56476578032627,1.5083582972076917,7.427114627304178
2208.0,30.259180068969727,291.46962546139497,13.147962869858244,-298.6059239350114,291.46962546139497,298.6059239350114,201.90486211369836,11.63960486184761,-306.033041113631,89.56476334769663,1.5083580080106325,7.4271171786196035
2216.0,30.369096755981445,291.46959829535257,13.147944385576272,-298.6059003230467,291.46959829535257,298.6059003230467,201.90483723509914,11.639586466304063,-306.03301933820705,89.56476106025343,1.5083579192722087,7.427119015160358
2224.0,30.47901153564453,291.46956917757916,13.147914573833486,-298.60585238241083,291.46956917757916,298.60585238241083,201.9048096244843,11.639556902882216,-306.0329740917654,89.56475955309489,1.5083576709512707,7.4271217093546085
2232.0,30.588926315307617,291.4696066469092,13.147893374986257,-298.60586641197017,291.4696066469092,298.60586641197017,201.9048465569935,11.639536185479269,-306.03299043411,89.5647600899157,1.5083571895069872,7.427124022139793
2240.0,30.698843002319336,291.4696482245819,13.1478813156789,-298.60587033222083,291.4696482245819,298.60587033222083,201.90488393635852,11.639525009633115,-306.03299738260955,89.56476428822336,1.5083563060457852,7.427127050388727
2248.0,30.80875587463379,291.4696149150215,13.147870403525637,-298.6057681189213,291.4696149150215,298.6057681189213,201.9048463943802,11.639513990900035,-306.03289866544515,89.56476852064131,1.5083564126256022,7.42713054652387
2256.0,30.918670654296875,291.4696705346791,13.14786054458223,-298.6057612058201,291.4696705346791,298.6057612058201,201.90489641801508,11.639504716903662,-306.0328950969291,89.56477411666401,1.5083558276785682,7.427133891108994
2264.0,31.02858543395996,291.46972857305025,13.147878980318623,-298.605778246267,291.46972857305025,298.605778246267,201.90494575780085,11.639523262834315,-306.0329157598641,89.56478281524937,1.5083557174843083,7.427137513597138
2272.0,31.138498306274414,291.4696942968669,13.147884325326228,-298.60570654220913,291.4696942968669,298.60570654220913,201.90490416417606,11.639528953153913,-306.03284693096055,89.56479013269089,1.5083553721723133,7.42714038875139
2280.0,31.2484130859375,291.4696518712318,13.147879479860503,-298.60558045706654,291.4696518712318,298.60558045706654,201.90485861808656,11.639524339164238,-306.03272436305735,89.56479325314524,1.5083551406962643,7.42714390599081
2288.0,31.358327865600586,291.46960957443076,13.147878461151297,-298.605550980753,291.46960957443076,298.605550980753,201.90481638641975,11.639523497023283,-306.0326969603608,89.56479318801101,1.5083549641280145,7.4271459796078005
2296.0,31.46824073791504,291.4694973898762,13.147862983323709,-298.605420642684,291.4694973898762,298.605420642684,201.90470757706532,11.639508339858695,-306.0325687800759,89.56478981281086,1.5083546434650144,7.42714813739191
2304.0,31.578155517578125,291.4694589126634,13.147830093562884,-298.60538835104063,291.4694589126634,298.60538835104063,201.90467403775733,11.63947573315117,-306.0325379609154,89.56478487490605,1.5083543604117153,7.427149609874768
2312.0,31.688079833984375,291.46945175430676,13.1478094684383,-298.6053571115035,291.46945175430676,298.6053571115035,201.9046703485636,11.639455573933944,-306.03250809834526,89.56478140574313,1.5083538945043564,7.427150986841767
2320.0,31.79799461364746,291.4695102567485,13.147795752764322,-298.6053958600207,291.4695102567485,298.6053958600207,201.90472659135727,11.639441841471468,-306.0325491165135,89.5647836653912,1.5083539112928541,7.427153256492815
2328.0,31.907907485961914,291.469503387243,13.147789628308834,-298.6053379927355,291.469503387243,298.6053379927355,201.90471555702464,11.639436082668043,-306.03249416381766,89.56478783021831,1.5083535456407908,7.427156171082196
2336.0,32.017822265625,291.469488554647,13.147772504486706,-298.60530670902267,291.469488554647,298.60530670902267,201.90469850173346,11.639419756586406,-306.0324656760004,89.56479005291352,1.5083527479003012,7.4271589669777285
2344.0,32.12773513793945,291.4695145931026,13.147779299998643,-298.6052646097093,291.4695145931026,298.6052646097093,201.90472080132864,11.639426547527782,-306.0324268750086,89.56479379177395,1.5083527524708602,7.427162265299295
2352.0,32.23765182495117,291.46957116973743,13.147784294922413,-298.60525371002626,291.46957116973743,298.60525371002626,201.90477033151572,11.63943167775778,-306.03241897969747,89.56480083822171,1.5083526171646318,7.427165269671207
2360.0,32.347564697265625,291.4695796830522,13.147796699595144,-298.6052161179721,291.4695796830522,298.6052161179721,201.90477179932003,11.63944450118351,-306.0323844275424,89.56480788373217,1.508352198411635,7.42716830957032
2368.0,32.45747756958008,291.4695465210616,13.147806996980313,-298.60513302232965,291.4695465210616,298.60513302232965,201.904733877414,11.639454974033692,-306.0323041095659,89.56481264364763,1.508352022946621,7.42717108723626
2376.0,32.5673942565918,291.4694714335188,13.147799806384214,-298.60502255379646,291.4694714335188,298.60502255379646,201.9046589710909,11.639448079325055,-306.03219581279285,89.56481246242788,1.508351727059158,7.42717325899639
2384.0,32.67730712890625,291.46941956001467,13.147789000618978,-298.604955196567,291.46941956001467,298.604955196567,201.90460969963104,11.639437435556806,-306.0321307242613,89.5648098603836,1.5083515650621724,7.427175527694338
2392.0,32.7872200012207,291.4693735834702,13.147781128057467,-298.6049258081562,291.4693735834702,298.6049258081562,201.9045670804009,11.639430048892601,-306.0321024808059,89.56480650306929,1.508351079164865,7.427176672649686
2400.0,32.89713668823242,291.46933378507504,13.147759060764406,-298.60487404882053,291.46933378507504,298.60487404882053,201.90453072892117,11.639408339948424,-306.03205244214263,89.56480305615388,1.5083507208159812,7.427178393322109
2408.0,33.00705337524414,291.469307904571,13.147734765747495,-298.60486712624754,291.469307904571,298.60486712624754,201.90450793295526,11.639384249594695,-306.03204707145466,89.56479997161577,1.5083505161528006,7.427179945207115
2416.0,33.116966247558594,291.46929663480523,13.147706552071455,-298.60484243765484,291.46929663480523,298.60484243765484,201.90449801189115,11.63935631721418,-306.03202333633476,89.56479862291408,1.508350234857276,7.427180898679914
2424.0,33.22687911987305,291.4693746782986,13.147698928284061,-298.6048627250455,291.4693746782986,298.6048627250455,201.90457465610052,11.639349068867373,-306.03204548812295,89.56480002219809,1.508349859416688,7.4271827630774325
2432.0,33.336795806884766,291.4694899047706,13.147707856854325,-298.6048960279292,291.4694899047706,298.6048960279292,201.9046804645074,11.639358442095949,-306.03208171162635,89.56480944026322,1.508349414758376,7.427185683697132
2440.0,33.446720123291016,291.4695581539353,13.147732285989264,-298.60488924170943,291.4695581539353,298.60488924170943,201.90473643721376,11.639383082087758,-306.03207837705014,89.56482171672153,1.5083492039015072,7.427189135340726
2448.0,33.556636810302734,291.4695050430779,13.147746800054891,-298.6047818381668,291.4695050430779,298.6047818381668,201.90467571320409,11.639398219610882,-306.0319731119538,89.56482932987385,1.508348580444009,7.427191273787031
2456.0,33.66654968261719,291.46951774144605,13.147765835008553,-298.6047409612992,291.46951774144605,298.6047409612992,201.9046846875778,11.639417175288656,-306.03193487206033,89.56483305386826,1.5083486597198963,7.427193910761083
2464.0,33.77646255493164,291.4695371423952,13.147778620361072,-298.60469664470946,291.4695371423952,298.60469664470946,201.90469905861283,11.639430309612488,-306.0318931765861,89.56483808378236,1.508348310748584,7.427196531876646
2472.0,33.88637924194336,291.4694560450328,13.14778808863408,-298.6045964171348,291.4694560450328,298.6045964171348,201.90461550700394,11.63944031330647,-306.0317954105892,89.56484053802888,1.5083477753276116,7.427198993454404
2480.0,33.99629211425781,291.46938317204484,13.147796750089238,-298.60450957810247,291.46938317204484,298.60450957810247,201.90454461712613,11.639448956495196,-306.0317103095102,89.56483855491872,1.5083477935940426,7.427200731407694
2488.0,34.106204986572266,291.4693176915208,13.147786902979202,-298.60440618023904,291.4693176915208,298.60440618023904,201.90448330726213,11.639439429520362,-306.03160822460006,89.56483438425872,1.5083474734588407,7.427202044361053
2496.0,34.216121673583984,291.46928021109403,13.147771067616297,-298.6044047144788,291.46928021109403,298.6044047144788,201.9044502927938,11.639424083382947,-306.03160807844193,89.56482991830023,1.5083469842333512,7.427203363963137
2504.0,34.32603454589844,291.46926033227925,13.147754000412604,-298.60435294950423,291.46926033227925,298.60435294950423,201.90443408111045,11.639407246488169,-306.03155710661076,89.5648262511688,1.5083467539244353,7.427204157106544
2512.0,34.43594741821289,291.46924048185804,13.147755175293364,-298.6043219309423,291.46924048185804,298.6043219309423,201.90441632161702,11.639408593442074,-306.03152778935987,89.56482416024105,1.5083465818512902,7.427205858417544
2520.0,34.54586410522461,291.46922735243805,13.147744458997257,-298.6042744060326,291.46922735243805,298.6042744060326,201.90440456452617,11.639398073689007,-306.0314815930501,89.56482278791187,1.5083463853082506,7.427207187017537
2528.0,34.65577697753906,291.46922231567373,13.147719722486762,-298.6042475384163,291.46922231567373,298.6042475384163,201.9043999822415,11.639373816014084,-306.0314567185982,89.56482233343225,1.5083459064726785,7.42720918018189
2536.0,34.765689849853516,291.4692362232357,13.147707927259813,-298.60427036523583,291.4692362232357,298.60427036523583,201.90441380794508,11.639362169961965,-306.03148136030245,89.56482241529065,1.508345757297847,7.427210995066602
2544.0,34.875606536865234,291.46932284493505,13.147705765808016,-298.6042647975973,291.46932284493505,298.6042647975973,201.9044953576875,11.639360232537406,-306.0314779752109,89.56482748724758,1.5083455332706093,7.4272131776136305
2552.0,34.98551940917969,291.4694244116177,13.147716966560877,-298.60432312956,291.4694244116177,298.60432312956,201.9045869767515,11.639371575113543,-306.0315386647239,89.56483743486622,1.5083453914473335,7.42721553516391
2560.0,35.09543228149414,291.4694301339948,13.14774919570765,-298.6042528253379,291.4694301339948,298.6042528253379,201.9045831697523,11.63940399506878,-306.03147165760896,89.56484696424252,1.5083452006388693,7.427218832271095
2568.0,35.205360412597656,291.46939827942447,13.147758572151414,-298.6041685272028,291.46939827942447,298.6041685272028,201.90454460348866,11.639413406793892,-306.0313897270172,89.56485367593584,1.5083451653575226,7.427221199814404
2576.0,35.31527328491211,291.469349226767,13.147759751793089,-298.6041203283938,291.469349226767,298.6041203283938,201.90449349562138,11.639415068668615,-306.0313432336138,89.56485573114566,1.5083446831244727,7.427222905220027
2584.0,35.42518997192383,291.46929605638127,13.147743707579512,-298.60405353854674,291.46929605638127,298.60405353854674,201.90444112167256,11.639399096662606,-306.0312784609766,89.56485493470868,1.5083446109169047,7.4272249224298434
2592.0,35.53510284423828,291.46923567050464,13.147742406359285,-298.6039676360474,291.46923567050464,298.6039676360474,201.90438301199399,11.639397908489297,-306.03119395623344,89.56485265851063,1.508344497869989,7.427226320186065
2600.0,35.645015716552734,291.46920743906867,13.147722634140687,-298.60394755257545,291.46920743906867,298.60394755257545,201.90435689699615,11.63937856867686,-306.03117561341617,89.56485054207252,1.5083440654638274,7.427228060840704
2608.0,35.75493240356445,291.46919041906176,13.147713348286151,-298.6039394639661,291.46919041906176,298.6039394639661,201.90434253077092,11.639369507845075,-306.0311686702722,89.56484788829084,1.5083438404410767,7.427229206306116
2616.0,35.86484909057617,291.4691444975349,13.147703942714635,-298.6038653019494,291.4691444975349,298.6038653019494,201.9042988297954,11.639360363845595,-306.03109601848064,89.56484566773948,1.508343578869039,7.427230716531248
2624.0,35.974761962890625,291.46914576229665,13.147683940336385,-298.60385831234805,291.46914576229665,298.60385831234805,201.90430177672278,11.639340543870684,-306.0310901415568,89.56484398557384,1.508343396465702,7.427231829208708
2632.0,36.08467483520508,291.4692208065409,13.147678668582564,-298.60387259343787,291.4692208065409,298.60387259343787,201.9043751547637,11.639335450208549,-306.03110570901185,89.56484565177716,1.5083432183740166,7.427233115573998
2640.0,36.1945915222168,291.4693626972459,13.147702903577613,-298.603959797294,291.4693626972459,298.603959797294,201.90450770907475,11.639359982611264,-306.0311953967255,89.56485498817116,1.5083429209663493,7.427235599431441
2648.0,36.30450439453125,291.4693976260709,13.1477271449778,-298.60392613803714,291.4693976260709,298.60392613803714,201.90453172017442,11.639384627342068,-306.0311644802005,89.56486590589643,1.5083425176357323,7.427238342163363
2656.0,36.4144172668457,291.4693259398415,13.147746074835677,-298.60380080110303,291.4693259398415,298.60380080110303,201.90445626440993,11.639403476465036,-306.0310412715404,89.56486967543154,1.50834259837064,7.42724047043739
2664.0,36.52433395385742,291.4693136916728,13.14775375404929,-298.60377485821095,291.4693136916728,298.60377485821095,201.90444263903035,11.63941145636829,-306.03101738398504,89.56487105264249,1.5083422976810015,7.427242525774076
2672.0,36.634246826171875,291.46925190518675,13.14775752762045,-298.6037010084866,291.46925190518675,298.6037010084866,201.90438010555695,11.63941556630154,-306.03094515005876,89.5648717996298,1.5083419613189104,7.427244141572146
2680.0,36.74415969848633,291.4691592881161,13.147744944692121,-298.60359401548294,291.4691592881161,298.60359401548294,201.90429143443743,11.63940303569104,-306.0308394848461,89.56486785367865,1.5083419090010812,7.427245469363164
2688.0,36.85407638549805,291.46913635368753,13.147718212536219,-298.6036048096798,291.46913635368753,298.6036048096798,201.90427272892526,11.63937655265964,-306.03085115668637,89.56486362476224,1.5083416598765789,7.427246347006587
2696.0,36.9640007019043,291.46912958390544,13.147719586499761,-298.6035779958003,291.46912958390544,298.6035779958003,201.90426730996222,11.639378166124244,-306.0308255308767,89.56486227394319,1.508341420375518,7.427247535076376
2704.0,37.07391357421875,291.4691308084774,13.147711963817716,-298.60355491926435,291.4691308084774,298.60355491926435,201.90426978934886,11.639370642737768,-306.03080321964103,89.56486101912859,1.5083413210799472,7.427248300376675
2712.0,37.1838264465332,291.4691734813955,13.147703009485415,-298.603583575893,291.4691734813955,298.603583575893,201.90431139388426,11.639361923367343,-306.0308335577665,89.56486208751124,1.5083410861180715,7.42724998187353
2720.0,37.29374313354492,291.4691807423709,13.14771041740366,-298.60355297850936,291.4691807423709,298.60355297850936,201.90431658111805,11.639369961879435,-306.0308047099677,89.56486416125286,1.508340455524225,7.427251731458341
2728.0,37.403656005859375,291.46917456370016,13.147706676117433,-298.60349503674036,291.46917456370016,298.60349503674036,201.9043081824546,11.639366328306544,-306.03074858322987,89.56486638124557,1.5083403478108899,7.427253546489538
2736.0,37.51356887817383,291.4691611953821,13.147702899161407,-298.60343649304303,291.4691611953821,298.60343649304303,201.90429280077655,11.639362465226153,-306.0306923870954,89.56486839460558,1.5083404339352544,7.427255894052372
2744.0,37.62348556518555,291.4691527438455,13.1477069647812,-298.60341687406077,291.4691527438455,298.60341687406077,201.90428221531084,11.639366896278132,-306.0306744777699,89.56487052853464,1.5083400685030695,7.427257603709087
2752.0,37.7333984375,291.46916054938305,13.147708401643605,-298.60337505984484,291.46916054938305,298.60337505984484,201.9042883590166,11.639368491892878,-306.03063433461375,89.56487219036646,1.5083399097507275,7.427259274768929
2760.0,37.84331130981445,291.4691474403227,13.147707096099747,-298.6033502922734,291.4691474403227,298.6033502922734,201.90427355845208,11.639367493304245,-306.03061115868616,89.56487388187057,1.508339602795501,7.427260866412766
2768.0,37.95322799682617,291.46914574818896,13.147708685506169,-298.6033004351689,291.46914574818896,298.6033004351689,201.90427045785242,11.639369504376562,-306.03056272618295,89.56487529033653,1.5083391811296067,7.427262291014081
2776.0,38.063140869140625,291.4691340534609,13.147707711499358,-298.6032807509051,291.4691340534609,298.6032807509051,201.90425797379615,11.639368466843525,-306.0305446680376,89.56487607966473,1.5083392446558328,7.427263917132436
2784.0,38.173057556152344,291.46912813878475,13.147711583907345,-298.6032541462326,291.46912813878475,298.6032541462326,201.90425100857053,11.639372223404804,-306.03051987961015,89.56487713021426,1.508339360502542,7.427265733377567
2792.0,38.2829704284668,291.4690949641022,13.147706552772632,-298.6031762574267,291.4690949641022,298.6031762574267,201.9042173209378,11.639367865146195,-306.03044337745285,89.56487764316445,1.5083386876264377,7.4272671200261655
2800.0,38.392887115478516,291.4691019473702,13.147706958856428,-298.6031762908984,291.4691019473702,298.6031762908984,201.9042238889635,11.639368085952142,-306.03044448038884,89.5648780584067,1.508338872904285,7.427268189490469
2808.0,38.50279998779297,291.4690723712448,13.147707499988698,-298.6031054524726,291.4690723712448,298.6031054524726,201.90419408824638,11.63936885290362,-306.030375114134,89.56487828299842,1.5083386470850781,7.427269661661391
2816.0,38.61271286010742,291.46907329092363,13.147704349331608,-298.60309939387315,291.46907329092363,298.60309939387315,201.90419468902678,11.639365889783008,-306.03037028334984,89.56487860189687,1.5083384595486002,7.427270889476695
2824.0,38.72264099121094,291.46908596839,13.147718466477443,-298.6030933349408,291.46908596839,298.6030933349408,201.90420705070167,11.639380197906824,-306.0303657004134,89.5648789176883,1.5083382685706184,7.427272365472589
2832.0,38.83255386352539,291.469056449595,13.14770051726665,-298.6030610504597,291.469056449595,298.6030610504597,201.9041769446973,11.639362745801641,-306.0303344872519,89.56487950489766,1.5083377714650092,7.427273436792198
2840.0,38.94247055053711,291.4690372872221,13.147706802511383,-298.6030006016503,291.4690372872221,298.6030006016503,201.90415789096477,11.639368871231957,-306.0302755244894,89.5648793962573,1.5083379312794252,7.427274922839082
2848.0,39.05238342285156,291.469028789566,13.147698056574294,-298.6029997556169,291.469028789566,298.6029997556169,201.90414956554292,11.63936042168054,-306.0302760898767,89.56487922402307,1.5083376348937545,7.427276334259751
2856.0,39.162296295166016,291.46901261612464,13.14770829005224,-298.60294967539744,291.46901261612464,298.60294967539744,201.90413343013526,11.639371084271527,-306.0302271301297,89.56487918598938,1.5083372057807125,7.427277454732248
2864.0,39.272212982177734,291.4690181195438,13.147697972341637,-298.602942785818,291.4690181195438,298.602942785818,201.90413927274454,11.639360538052811,-306.03022117920653,89.56487884679927,1.5083374342888263,7.427278393388512
2872.0,39.38212585449219,291.4689931060987,13.147689165864836,-298.602901025292,291.4689931060987,298.602901025292,201.9041143329997,11.639351996879018,-306.03018041660476,89.56487877309901,1.5083371689858174,7.427279391312773
2880.0,39.492042541503906,291.4689939951478,13.147688107720782,-298.6028896423061,291.4689939951478,298.6028896423061,201.90411548507967,11.639351449460957,-306.0301699714811,89.5648785100681,1.508336658259826,7.427280329174998
2888.0,39.60195541381836,291.46898720052036,13.147674983199234,-298.60286114218206,291.46898720052036,298.60286114218206,201.9041088336682,11.639338038294557,-306.03014274755424,89.56487836685216,1.508336944904678,7.427281605372187
2896.0,39.71187210083008,291.4689647478723,13.147671659695023,-298.6028110354774,291.4689647478723,298.6028110354774,201.90408687166826,11.639335198884794,-306.0300938803542,89.56487787620404,1.508336460810229,7.427282844876778
2904.0,39.82178497314453,291.4689634339585,13.147672756865148,-298.6028165341471,291.4689634339585,298.6028165341471,201.90408493946973,11.639336492837597,-306.0301003410027,89.56487849448878,1.5083362640275526,7.427283806855577
2912.0,39.931697845458984,291.468962569415,13.147657924942127,-298.60279213678456,291.468962569415,298.60279213678456,201.9040840859577,11.63932161795964,-306.0300769404616,89.56487848345729,1.5083363069824873,7.4272848036770185
2920.0,40.0416145324707,291.46896045248434,13.147648527125572,-298.6027986070181,291.46896045248434,298.6027986070181,201.90408173355803,11.63931259687456,-306.03008449064816,89.56487871892632,1.5083359302510102,7.427285883630091
2928.0,40.15153121948242,291.46894703320845,13.147640914812374,-298.6027704898571,291.46894703320845,298.6027704898571,201.90406754451527,11.639304883963625,-306.03005731668696,89.56487948869318,1.5083360308487483,7.427286826829835
2936.0,40.261444091796875,291.4689395724339,13.147630523993659,-298.6027496247165,291.4689395724339,298.6027496247165,201.90405997174145,11.639294819999218,-306.0300379735065,89.56487960069246,1.5083357039944403,7.4272883487900145
2944.0,40.37135696411133,291.46892482348886,13.147624924928248,-298.6027072397236,291.46892482348886,298.6027072397236,201.90404449188978,11.63928950142867,-306.029996458477,89.56488033159908,1.5083354234995783,7.427289218753415
2952.0,40.48128128051758,291.46889044906135,13.147612291939037,-298.6027074094591,291.46889044906135,298.6027074094591,201.904010534889,11.639277062315845,-306.029997718439,89.56487991417234,1.508335229623193,7.427290308979927
2960.0,40.5911979675293,291.468991629984,13.147607592168736,-298.602753716046,291.468991629984,298.602753716046,201.90410895455935,11.639272920355934,-306.0300448520311,89.56488267542463,1.5083346718128032,7.427291135985129
2968.0,40.70111083984375,291.4690710099011,13.147623965918076,-298.60276907317996,291.4690710099011,298.60276907317996,201.904180380168,11.639289489548684,-306.0300620748359,89.56489062973313,1.5083344763693916,7.4272930016559044
2976.0,40.8110237121582,291.4690641022552,13.147643283098857,-298.6027248517376,291.4690641022552,298.6027248517376,201.90416709649907,11.639309069405051,-306.030019490713,89.56489700575614,1.5083342136938054,7.427294638975418
2984.0,40.92094039916992,291.46906652446006,13.14765860303162,-298.6027133154062,291.46906652446006,298.6027133154062,201.9041663196734,11.639324294361696,-306.030009383289,89.56490020478665,1.508334308669924,7.427296067882743
2992.0,41.03085708618164,291.4690297222434,13.147664653756978,-298.60264370534674,291.4690297222434,298.60264370534674,201.90412784522226,11.63933089046611,-306.02994115925327,89.56490187702116,1.5083337632908673,7.4272974539065615
3000.0,41.14077377319336,291.4690032172157,13.147672697198345,-298.60258294073185,291.4690032172157,298.60258294073185,201.90410054963252,11.639338607025918,-306.02988139583425,89.56490266758315,1.5083340901724274,7.427298455102374
3008.0,41.25068664550781,291.46900165706813,13.147674732431822,-298.60258202469583,291.46900165706813,298.60258202469583,201.9040982102101,11.63934113778627,-306.02988173862946,89.56490344685807,1.5083335946455527,7.427299713933628
3016.0,41.360599517822266,291.4688400861986,13.147666396869298,-298.6025115826592,291.4688400861986,298.6025115826592,201.90394188547327,11.639332936186198,-306.02981073266267,89.56489820072531,1.5083334606830983,7.427299150003506
3024.0,41.470516204833984,291.4688327682167,13.147625515128722,-298.60253091028756,291.4688327682167,298.60253091028756,201.90394598821865,11.639291944647805,-306.0298272986205,89.56488677999806,1.5083335704809162,7.427296388332962
3032.0,41.58042907714844,291.46895643000136,13.147616776061753,-298.60262958011907,291.46895643000136,298.60262958011907,201.9040669204526,11.639283501964949,-306.0299271830477,89.56488950954875,1.5083332740968043,7.427297602928618
3040.0,41.69034194946289,291.46903407662023,13.147628357727246,-298.60261955504143,291.46903407662023,298.60261955504143,201.90413795200757,11.639295157732263,-306.02991890876416,89.56489612461266,1.5083331999949818,7.427299353722745
3048.0,41.80025863647461,291.46905392395877,13.147646342053973,-298.6025796016784,291.46905392395877,298.6025796016784,201.90415032867148,11.639313400258875,-306.0298812964528,89.56490359528726,1.5083329417950981,7.427301694774357
3056.0,41.91017150878906,291.4690721301626,13.147661575539026,-298.60256398854295,291.4690721301626,298.60256398854295,201.90416327751745,11.639328698894094,-306.0298669680877,89.56490885264516,1.5083328766449329,7.427302979544699
3064.0,42.020084381103516,291.4690643252106,13.147677677694382,-298.6025178973019,291.4690643252106,298.6025178973019,201.90415149504832,11.639344938814192,-306.0298223783773,89.56491283016227,1.5083327388801893,7.427304481075389
3072.0,42.130001068115234,291.46908115694345,13.147688829091866,-298.60252714800924,291.46908115694345,298.60252714800924,201.90416502669996,11.63935642807647,-306.02983223149783,89.5649161302435,1.5083324010153971,7.427305083488605
3080.0,42.239925384521484,291.46907321251825,13.147709109030554,-298.6024968863361,291.46907321251825,298.6024968863361,201.90415515051885,11.639376474256967,-306.0298034830072,89.56491806199939,1.5083326347735868,7.427306596671059
3088.0,42.3498420715332,291.46907020187814,13.147710938924632,-298.6024607357292,291.46907020187814,298.6024607357292,201.9041507000063,11.639378524116614,-306.0297685079974,89.56491950187186,1.5083324148080184,7.427307772268193
3096.0,42.459754943847656,291.46903871428003,13.147727215618982,-298.60239451040866,291.46903871428003,298.60239451040866,201.9041185697784,11.639394523452953,-306.029703061607,89.5649201445016,1.5083326921660296,7.427308551198365
3104.0,42.56966781616211,291.46901489076834,13.147738286208051,-298.60233159749555,291.46901489076834,298.60233159749555,201.9040946764711,11.63940578217256,-306.02964145292435,89.56492021429725,1.5083325040354918,7.427309855428817
3112.0,42.67958450317383,291.4690038254688,13.147752433295604,-298.6022913241817,291.4690038254688,298.6022913241817,201.90408332464486,11.639419869853219,-306.0296019182201,89.56492050082396,1.5083325634423863,7.427310594038417
3120.0,42.78950119018555,291.4689976488544,13.147766382075588,-298.6022783401293,291.4689976488544,298.6022783401293,201.90407735262153,11.639434298166133,-306.0295899907676,89.56492029623284,1.5083320839094538,7.427311650638288
3128.0,42.8994140625,291.4689763953496,13.14777584949595,-298.60223850838594,291.4689763953496,298.60223850838594,201.9040565855039,11.639443716752368,-306.0295509932603,89.56491980984569,1.5083321327435826,7.427312484874321
3136.0,43.00932693481445,291.46898581845016,13.147793349211101,-298.60221279926816,291.46898581845016,298.60221279926816,201.90406606698258,11.639461191583763,-306.0295260269975,89.56491975146756,1.508332157627338,7.427313227729293
3144.0,43.11924362182617,291.4689916022569,13.147805255999092,-298.60219076332993,291.4689916022569,298.60219076332993,201.9040720394166,11.639473411870144,-306.02950471697926,89.56491956284032,1.5083318441289482,7.427313953649318
3152.0,43.229156494140625,291.468972443067,13.1478260997917,-298.60210403240023,291.468972443067,298.60210403240023,201.90405278647938,11.639494586580186,-306.02941913908876,89.56491965658763,1.5083315132115152,7.427315106688525
3160.0,43.33906936645508,291.4689852938511,13.147839924103476,-298.6021023568806,291.4689852938511,298.6021023568806,201.90406538304123,11.63950825422203,-306.0294185126986,89.56491991080992,1.5083316698814473,7.427316155817998
3168.0,43.4489860534668,291.4689877182305,13.147861890934527,-298.60206842256537,291.4689877182305,298.60206842256537,201.90406658006793,11.639530305064653,-306.0293851323379,89.56492113816256,1.5083315858698736,7.427316709772505
3176.0,43.55889892578125,291.46897746446314,13.147877961861546,-298.6020141611862,291.46897746446314,298.6020141611862,201.90405592522848,11.639546313752431,-306.02933213092604,89.56492153923466,1.508331648109114,7.427317969739832
3184.0,43.6688117980957,291.46898582085134,13.147892145813916,-298.6020072070351,291.46898582085134,298.6020072070351,201.90406345276372,11.639560896154814,-306.0293262254547,89.56492236808762,1.5083312496591024,7.427319018419624
3192.0,43.77872848510742,291.4690094583665,13.147917960126838,-298.60198758924935,291.4690094583665,298.60198758924935,201.90408598760658,11.639586796164792,-306.02930730401965,89.56492347075988,1.5083311639620458,7.427319714770292
3200.0,43.888641357421875,291.46901066098894,13.147939814329536,-298.601935126419,291.46901066098894,298.601935126419,201.90408623043936,11.639608734831937,-306.0292558109485,89.56492443054955,1.5083310794975997,7.427320684529505
3208.0,43.99856948852539,291.4690039955516,13.147961723523387,-298.6018972260236,291.4690039955516,298.6018972260236,201.90407900063212,11.63963092231285,-306.02921863964605,89.56492499491945,1.508330801210536,7.427321413622458
3216.0,44.10848617553711,291.4690170254464,13.147985550611402,-298.6018903066807,291.4690170254464,298.6018903066807,201.90409127698243,11.639654506661898,-306.0292126528353,89.56492574846402,1.5083310439495028,7.427322346154632
3224.0,44.21839904785156,291.4689956411763,13.147998119227918,-298.60179173672947,291.4689956411763,298.60179173672947,201.9040692831495,11.639667377515297,-306.0291152252002,89.56492635802681,1.508330741712621,7.427323488470755
3232.0,44.328311920166016,291.4690008309145,13.14803166645396,-298.60176599873273,291.4690008309145,298.60176599873273,201.90407389420022,11.639701274078227,-306.02909022742006,89.56492693671431,1.5083303923757327,7.427324228687326
3240.0,44.438228607177734,291.46900095829204,13.148049426125995,-298.6017263490166,291.46900095829204,298.6017263490166,201.90407332525405,11.639718840276847,-306.02905133324606,89.564927633038,1.5083305858491478,7.427324984229472
3248.0,44.54814147949219,291.4689920076888,13.148065342097134,-298.60166884570026,291.4689920076888,298.60166884570026,201.90406379586284,11.639734904803776,-306.02899469787144,89.56492821182599,1.508330437293357,7.427325852171187
3256.0,44.65805435180664,291.46900984476395,13.148101228189546,-298.6016807123316,291.46900984476395,298.6016807123316,201.90408083309404,11.639770980108555,-306.02900732468055,89.56492901166989,1.5083302480809921,7.427326612348942
3264.0,44.76797103881836,291.4690077686282,13.148112041830153,-298.6016418524365,291.4690077686282,298.6016418524365,201.90407838750411,11.639781974862268,-306.02896913857904,89.56492938112413,1.5083300669678854,7.427327286142564
3272.0,44.87788391113281,291.4689755097588,13.148132651282747,-298.6015633422507,291.4689755097588,298.6015633422507,201.90404589635713,11.63980265721375,-306.02889155696903,89.56492961340169,1.5083299940689976,7.427328214718337
3280.0,44.987796783447266,291.4687651575165,13.148102400087872,-298.601563133529,291.4687651575165,298.601563133529,201.90385089572885,11.639772546458342,-306.028887117475,89.56491426178764,1.5083298536295295,7.427323983946003
3288.0,45.097713470458984,291.4689066627204,13.148068263987394,-298.60163234700883,291.4689066627204,298.60163234700883,201.90399667513987,11.639738778461007,-306.028955349408,89.56490998758056,1.508329485526386,7.427323002399184
3296.0,45.20762634277344,291.469042068653,13.148089552445352,-298.6017250465993,291.469042068653,298.6017250465993,201.9041244095307,11.639760105640281,-306.02904884448344,89.56491765912227,1.5083294468050719,7.4273237978841
3304.0,45.31753921508789,291.4690044653325,13.148103970994685,-298.6015778665428,291.4690044653325,298.6015778665428,201.90407996428968,11.639774955983789,-306.0289037823661,89.5649245010428,1.5083290150108954,7.4273259158233245
3312.0,45.42745590209961,291.4690110897051,13.14810290500054,-298.6015822314938,291.4690110897051,298.6015822314938,201.9040844717397,11.639773800633687,-306.02890952636426,89.5649266179654,1.5083291043668527,7.42732729487043
3320.0,45.53736877441406,291.4691150213757,13.14812472980593,-298.60163219881184,291.4691150213757,298.60163219881184,201.90418190036996,11.639795189171146,-306.0289608095425,89.56493312100574,1.5083295406347847,7.42732861073069
3328.0,45.64728927612305,291.4691662293393,13.148146968470291,-298.6016468618395,291.4691662293393,298.6016468618395,201.90422379446915,11.639817322003545,-306.02897690564123,89.56494243487015,1.5083296464667466,7.427330043801717
3336.0,45.7572135925293,291.46920732949144,13.148173805584536,-298.6016360305427,291.46920732949144,298.6016360305427,201.90425697404154,11.639844172365356,-306.0289679220894,89.56495035544991,1.50832963321918,7.427331891546693
3344.0,45.86712646484375,291.4692054456673,13.148189092712894,-298.6016333848349,291.4692054456673,298.6016333848349,201.90424967089837,11.639859561257985,-306.0289660331373,89.56495577476892,1.5083295314549092,7.427332648302425
3352.0,45.9770393371582,291.4691899380855,13.148216480296647,-298.60156087003946,291.4691899380855,298.60156087003946,201.90423102859467,11.6398872737113,-306.02889442109154,89.56495890949083,1.508329206585346,7.427333551052058
3360.0,46.08695602416992,291.4691698178806,13.148236289092713,-298.6015065329942,291.4691698178806,298.6015065329942,201.90420951445643,11.639906976678187,-306.0288408610111,89.56496030342417,1.508329312414526,7.427334328016876
3368.0,46.196868896484375,291.46900483998957,13.148244076004051,-298.6014278053969,291.46900483998957,298.6014278053969,201.90404755429915,11.639914659521596,-306.02876259519337,89.56495728569038,1.5083294164824554,7.427334789796475
3376.0,46.30678176879883,291.46874756423756,13.148175783207975,-298.60129845136976,291.46874756423756,298.60129845136976,201.90381354650324,11.639846455257327,-306.02862764192787,89.56493401773432,1.508329327950647,7.42732919055814
3384.0,46.41669845581055,291.4690078199642,13.148150561610844,-298.60151921063317,291.4690078199642,298.60151921063317,201.90407688800673,11.639821695042196,-306.02884794604,89.56493093195745,1.5083288665686476,7.427328735406839
3392.0,46.526611328125,291.46907496328447,13.148168396147723,-298.60152869698663,291.46907496328447,298.60152869698663,201.90413581618077,11.639839552919895,-306.0288592514397,89.56493914710371,1.5083288432278277,7.427330554453057
3400.0,46.63652420043945,291.4690833167044,13.148187125157172,-298.6014469927568,291.4690833167044,298.6014469927568,201.9041392385795,11.639858594879774,-306.028779351828,89.56494407812491,1.5083285302773968,7.427332359071222
3408.0,46.74644088745117,291.46913234064095,13.148209330456876,-298.60147121742745,291.46913234064095,298.60147121742745,201.90418289027994,11.639880531576893,-306.0288054735912,89.56494945036101,1.5083287988799823,7.427334256163753
3416.0,46.856353759765625,291.4691716656519,13.148226115334491,-298.6014738884099,291.4691716656519,298.6014738884099,201.90421644558842,11.639897268410627,-306.0288090573459,89.5649552200635,1.508328846923864,7.427335168936004
3424.0,46.96626663208008,291.46918329807573,13.148230825993071,-298.60145133069256,291.46918329807573,298.60145133069256,201.90422181178226,11.639902377013248,-306.0287884232732,89.56496148629346,1.5083284489798219,7.427337092580686
3432.0,47.0761833190918,291.46918679768345,13.148246694931963,-298.60141666714753,291.46918679768345,298.60141666714753,201.90422088329686,11.639918116000525,-306.0287545664305,89.5649659143866,1.5083285789314393,7.427337899282961
3440.0,47.18609619140625,291.4692079445284,13.14825453919989,-298.6014266159128,291.4692079445284,298.6014266159128,201.9042385760997,11.639925973309973,-306.02876542990134,89.5649693684287,1.5083285658899177,7.42733881398852
3448.0,47.2960090637207,291.4691816649499,13.148268027285926,-298.6013873082993,291.4691816649499,298.6013873082993,201.9042103459629,11.639939670993193,-306.02872673572165,89.56497131898699,1.5083283562927328,7.427339427422353
3456.0,47.40592575073242,291.46919866878955,13.148284223615121,-298.6013982580606,291.46919866878955,298.6013982580606,201.90422581244428,11.639956017026122,-306.0287381869661,89.56497285634529,1.5083282065889998,7.427339928905518
3464.0,47.51585388183594,291.4691480421062,13.148306513138962,-298.60130947800724,291.4691480421062,298.60130947800724,201.9041751241756,11.639978283190624,-306.0286503465367,89.56497291793063,1.5083282299483374,7.427340868529512
3472.0,47.62576675415039,291.4691240351858,13.148316607668255,-298.60126349329204,291.4691240351858,298.60126349329204,201.90415188316948,11.63998825138135,-306.02860508106403,89.56497215201631,1.5083283562869045,7.427341587771998
3480.0,47.73568344116211,291.4691150053384,13.148323586430383,-298.6012329665,291.4691150053384,298.6012329665,201.90414317352207,11.639995599527147,-306.0285750609531,89.56497183181631,1.5083279869032369,7.427342094453067
3488.0,47.84559631347656,291.4691170523056,13.14833687839359,-298.601222173129,291.4691170523056,298.601222173129,201.90414574642048,11.640008929313197,-306.02856496210137,89.56497130588508,1.5083279490803916,7.427342788972375
3496.0,47.955509185791016,291.46909615653277,13.148353202905923,-298.60114855568975,291.46909615653277,298.60114855568975,201.9041254053905,11.640025245024262,-306.0284919992274,89.56497075114228,1.5083279578816624,7.427343443537666
3504.0,48.065425872802734,291.46909954232444,13.14837441624073,-298.6011271506413,291.46909954232444,298.6011271506413,201.9041286696596,11.640046752517577,-306.0284709965381,89.56497087266484,1.5083276637231524,7.427343845896814
3512.0,48.17533874511719,291.46911202796184,13.148389687721792,-298.60113708180614,291.46911202796184,298.60113708180614,201.90414124297467,11.64006234022349,-306.028481674545,89.56497078498714,1.5083273474983017,7.427344592738862
3520.0,48.28525161743164,291.46911572175327,13.14841697840885,-298.60108184159645,291.46911572175327,298.60108184159645,201.90414487771392,11.640089334352657,-306.02842712958955,89.56497084403935,1.5083276440561928,7.42734528799307
3528.0,48.39516830444336,291.46913251012995,13.148431541734222,-298.6010725468566,291.46913251012995,298.6010725468566,201.90416120139918,11.640104103437592,-306.0284187678106,89.56497130873075,1.5083274382966296,7.427346220953993
3536.0,48.50508117675781,291.46912840134024,13.14846124823585,-298.60101887622915,291.46912840134024,298.60101887622915,201.90415622007322,11.640134033837745,-306.0283652705877,89.56497218126702,1.5083272143981068,7.427346394358544
3544.0,48.614994049072266,291.4691302012445,13.148481133536322,-298.6009599661527,291.4691302012445,298.6009599661527,201.90415725941568,11.64015398225725,-306.0283069306413,89.56497294182881,1.5083271512790732,7.427346964488635
3552.0,48.724910736083984,291.46913038169583,13.148505650548614,-298.60094210397676,291.46913038169583,298.60094210397676,201.90415685321324,11.640178542734185,-306.0282900174163,89.5649735284826,1.5083271078144298,7.427347913439533
3560.0,48.83482360839844,291.4691467371366,13.148529622122135,-298.6009306613071,291.4691467371366,298.6009306613071,201.90417252029374,11.640202800992922,-306.02827920365553,89.56497421684287,1.508326821129213,7.427348542348433
3568.0,48.94473648071289,291.4691539190323,13.148560087246684,-298.6008538617996,291.4691539190323,298.6008538617996,201.90417896415934,11.640233304456942,-306.02820290457413,89.56497495487295,1.5083267827897426,7.4273490427745585
3576.0,49.05465316772461,291.46915802463604,13.148580592180014,-298.6008386741061,291.46915802463604,298.6008386741061,201.90418212363642,11.640254057375365,-306.0281885042082,89.56497590099963,1.5083265348046497,7.427349830102052
3584.0,49.16456604003906,291.46914740285035,13.148604543181463,-298.6007886559927,291.46914740285035,298.6007886559927,201.90417040271547,11.640277937354526,-306.0281392390257,89.56497700013486,1.5083266058269373,7.427350583032961
3592.0,49.27449417114258,291.46915792204777,13.148634587783722,-298.60077225675093,291.46915792204777,298.60077225675093,201.90418032786206,11.640307900570871,-306.0281230969417,89.56497759418573,1.5083266872128505,7.427350840190769
3600.0,49.3844108581543,291.46917248643285,13.148659259401636,-298.6007348354609,291.46917248643285,298.6007348354609,201.90419421427302,11.64033279722135,-306.0280864628274,89.56497827215983,1.508326462180288,7.427351627366498
3608.0,49.49432373046875,291.46917188852177,13.148690698363364,-298.6006840802909,291.46917188852177,298.6006840802909,201.90419290652562,11.640364436026148,-306.0280361551536,89.56497898199616,1.5083262623372153,7.427352074862682
3616.0,49.6042366027832,291.46917735010766,13.148719058995885,-298.60066038884554,291.46917735010766,298.60066038884554,201.90419784270088,11.6403928872741,-306.0280133153998,89.56497950740675,1.5083261717217855,7.427352926554256
3624.0,49.71415328979492,291.46916258594445,13.148751340523798,-298.60060935043555,291.46916258594445,298.60060935043555,201.9041822890677,11.640425298933957,-306.0279630790685,89.56498029687677,1.5083260415898412,7.427353728632987
3632.0,49.824066162109375,291.46917535577643,13.14877658261549,-298.6005720181999,291.46917535577643,298.6005720181999,201.90419458669487,11.640450752498241,-306.0279261597916,89.56498076908156,1.5083258301172497,7.4273541415916995
3640.0,49.93397903442383,291.4691762780912,13.148810678786994,-298.600517379239,291.4691762780912,298.600517379239,201.90419471740938,11.640484878800423,-306.027871984507,89.56498156068182,1.5083257999865705,7.427354605267972
3648.0,50.04389572143555,291.46916982182137,13.148843790039983,-298.6004739750058,291.46916982182137,298.6004739750058,201.90418778282196,11.640518065630221,-306.0278290214941,89.5649820389994,1.5083257244097625,7.427355046488302
3656.0,50.15380859375,291.46918572896425,13.14886862661984,-298.6004299592663,291.46918572896425,298.6004299592663,201.90420354968856,11.640542889315675,-306.02778580136015,89.5649821792757,1.5083257373041654,7.427355842093839
3664.0,50.26372146606445,291.4691857006471,13.14891095238888,-298.6003942121037,291.4691857006471,298.6003942121037,201.9042033645768,11.640585210766947,-306.0277503814022,89.56498233607027,1.508325741621933,7.427356169298513
3672.0,50.37363815307617,291.46919927455133,13.148939910785543,-298.6003872284498,291.46919927455133,298.6003872284498,201.90421642701713,11.640614483038664,-306.0277438068319,89.56498284753422,1.508325427746878,7.427356578382117
3680.0,50.483551025390625,291.4691964490999,13.148980431739986,-298.60031526511676,291.4691964490999,298.60031526511676,201.9042132911268,11.640654924612654,-306.0276723135699,89.56498315797309,1.5083255071273305,7.427357048453125
3688.0,50.59346389770508,291.4691929907017,13.14901066663745,-298.6002567096788,291.4691929907017,298.6002567096788,201.90420968076467,11.640685617752045,-306.02761456572233,89.56498330993702,1.5083250488854052,7.427357856043535
3696.0,50.7033805847168,291.46920104996457,13.149045993749093,-298.60023623523335,291.46920104996457,298.60023623523335,201.90421759435344,11.640721230187538,-306.02759469530787,89.5649834556111,1.5083247635615553,7.427358460074508
3704.0,50.81329345703125,291.469202607381,13.149076481920785,-298.60020683675475,291.469202607381,298.60020683675475,201.90421919804805,11.640751518913568,-306.0275652990684,89.56498340933297,1.508324963007217,7.427358462313656
3712.0,50.9232063293457,291.46918745540336,13.149109602124405,-298.6000982464083,291.46918745540336,298.6000982464083,201.90420412854525,11.640784712499876,-306.0274572966988,89.56498332685813,1.5083248896245287,7.427359050290491
3720.0,51.033138275146484,291.46920285402757,13.149151973388616,-298.6000910275715,291.46920285402757,298.6000910275715,201.90421945391088,11.640827371678474,-306.02745051764833,89.56498340011672,1.5083246017101413,7.427359490076803
3728.0,51.14305114746094,291.4692272267119,13.14918496876243,-298.60004922135613,291.4692272267119,298.60004922135613,201.90424344490026,11.640860316403854,-306.02740916162395,89.56498378181163,1.5083246523585752,7.427359940267834
3736.0,51.25296401977539,291.4692124338832,13.149214145084674,-298.59999883730717,291.4692124338832,298.59999883730717,201.9042286737054,11.640889816019586,-306.0273596143652,89.56498376017775,1.5083243290650872,7.427360777058041
3744.0,51.36288070678711,291.4692467827582,13.149247634101219,-298.6000273154375,291.4692467827582,298.6000273154375,201.9042626562058,11.640923371848574,-306.02738818819563,89.56498412655239,1.5083242622526445,7.427360872758129
3752.0,51.47279357910156,291.46901426414945,13.14926577710985,-298.599841801824,291.46901426414945,298.599841801824,201.9040355067532,11.640941571717233,-306.02720184878535,89.56497875739626,1.5083242053926176,7.427360046961333
3760.0,51.58271408081055,291.46885586815665,13.149204110856402,-298.599808546697,291.46885586815665,298.599808546697,201.90390144402852,11.640879830497926,-306.02716281537505,89.56495442412816,1.508324280358475,7.42735426867808
3768.0,51.692623138427734,291.46897097804435,13.149169278799175,-298.5999805309464,291.46897097804435,298.5999805309464,201.90402377032012,11.640845128637913,-306.02733308966117,89.56494720772426,1.5083241501612612,7.427352558714745
3776.0,51.80253601074219,291.4690414427092,13.149154011749921,-298.6000435683722,291.4690414427092,298.6000435683722,201.9040934327729,11.64082981382336,-306.0273958237427,89.56494800993633,1.5083241979265614,7.427352255370522
3784.0,51.91244888305664,291.46911512187205,13.149161580751816,-298.6000324166632,291.46911512187205,298.6000324166632,201.90416299931837,11.64083748226037,-306.0273860797572,89.56495212255365,1.508324098491446,7.427353663094003
3792.0,52.02236557006836,291.46922098775286,13.14916888720412,-298.60004542308155,291.46922098775286,298.60004542308155,201.90425964575059,11.640845059508807,-306.02740068209306,89.56496134200228,1.5083238276953121,7.42735525901152
3800.0,52.13227844238281,291.4693734335558,13.149193273682595,-298.60013325761923,291.4693734335558,298.60013325761923,201.90439665613482,11.640869376582963,-306.0274912694472,89.56497677742098,1.5083238970996335,7.4273580118279625
3808.0,52.242191314697266,291.4694421182125,13.149206513456981,-298.6001460580994,291.4694421182125,298.6001460580994,201.90444912754674,11.640882588887475,-306.0275063641745,89.56499299066576,1.5083239245695053,7.427360306075052
3816.0,52.352108001708984,291.4694799905533,13.149235864967446,-298.60018234598255,291.4694799905533,298.60018234598255,201.9044744419014,11.64091167755942,-306.0275441182455,89.56500554865184,1.5083241874080269,7.427361772262927
3824.0,52.46202087402344,291.46945514581785,13.149240177533745,-298.60014165006316,291.46945514581785,298.60014165006316,201.90444252165037,11.640915849513451,-306.02750446217726,89.56501262416745,1.5083243280202945,7.427362812114076
3832.0,52.57193374633789,291.4694326715273,13.14925965272297,-298.6000800765208,291.4694326715273,298.6000800765208,201.90441716945267,11.640935699529827,-306.02744394361514,89.5650155020746,1.508323953193143,7.427363867094364
3840.0,52.681854248046875,291.4693729551624,13.149276127377117,-298.5999944071467,291.4693729551624,298.5999944071467,201.90435704899346,11.640951892954348,-306.02735902404186,89.5650159061689,1.5083242344227683,7.427364616895119
3848.0,52.791778564453125,291.4693373927995,13.149296686026434,-298.5999722662131,291.4693373927995,298.5999722662131,201.9043228334535,11.640972326337767,-306.027337083972,89.56501455934603,1.5083243596886664,7.427364817758857
3856.0,52.90169143676758,291.46929147490675,13.149305487075154,-298.59989573108834,291.46929147490675,298.59989573108834,201.9042793748245,11.64098155479262,-306.027260670024,89.56501210008221,1.5083239322825337,7.427364938935661
3864.0,53.0116081237793,291.46927568692985,13.149331810717996,-298.5998562804468,291.46927568692985,298.5998562804468,201.90426587344962,11.641007587857008,-306.02722154751075,89.56500981348024,1.5083242228609892,7.427365267063962
3872.0,53.12152099609375,291.4692676593554,13.149343406237268,-298.5998671266173,291.4692676593554,298.5998671266173,201.90426057624958,11.641019581933367,-306.0272326751425,89.56500708310584,1.5083238243039014,7.427365548525167
3880.0,53.2314338684082,291.4692568240092,13.149369001564725,-298.59981566531445,291.4692568240092,298.59981566531445,201.90425124414725,11.641045237013234,-306.0271813213189,89.56500557986197,1.5083237645514913,7.427365656004433
3888.0,53.34135055541992,291.46923866384435,13.149387990000294,-298.59975715713574,291.46923866384435,298.59975715713574,201.90423481763494,11.64106426148358,-306.02712314847577,89.56500384620941,1.5083237285167144,7.427365991340018
3896.0,53.451263427734375,291.4692635852188,13.149415135512271,-298.59975326516843,291.4692635852188,298.59975326516843,201.90426032381438,11.641091388904668,-306.0271193739524,89.56500326140443,1.5083237466076023,7.4273661087839855
3904.0,53.56117630004883,291.4692873102782,13.14943750033207,-298.5997559344019,291.4692873102782,298.5997559344019,201.90428417899435,11.64111373367868,-306.02712210805305,89.56500313128387,1.5083237666533895,7.427366173651151
3912.0,53.67109298706055,291.4692932951521,13.14946816337724,-298.59968235706464,291.4692932951521,298.59968235706464,201.90429039868388,11.641144279752723,-306.0270496760602,89.56500289646823,1.5083238836245156,7.427367318995572
3920.0,53.781005859375,291.4693118253688,13.149493051601395,-298.5996738881868,291.4693118253688,298.5996738881868,201.90430806550273,11.641169235503812,-306.0270414444613,89.56500375986606,1.5083238160975831,7.427367556274454
3928.0,53.89091873168945,291.469323239985,13.149511434769828,-298.5996551408772,291.469323239985,298.5996551408772,201.90431892721136,11.641187672363642,-306.027023220276,89.56500431277365,1.5083237624061852,7.427368079398818
3936.0,54.00083541870117,291.4693442730373,13.149544316318618,-298.5996167488399,291.4693442730373,298.5996167488399,201.9043386579011,11.641220702593237,-306.02698553196115,89.56500561513619,1.5083236137253797,7.427368783121274
3944.0,54.110748291015625,291.4693637107211,13.149585016613832,-298.5996023365554,291.4693637107211,298.5996023365554,201.90435702477538,11.641261292643021,-306.0269715788812,89.56500668594572,1.5083237239708112,7.427369242325817
3952.0,54.22066116333008,291.4693586977595,13.149615288349317,-298.5995238862214,291.4693586977595,298.5995238862214,201.9043509573657,11.64129169049508,-306.0268937186924,89.56500774039382,1.5083235978542353,7.4273698324710296
3960.0,54.3305778503418,291.46937954938136,13.149646837380072,-298.5995129217256,291.46937954938136,298.5995129217256,201.90437045901962,11.641323672614213,-306.0268829734804,89.56500909036173,1.5083231647658595,7.427370051754792
3968.0,54.44049072265625,291.4693724025522,13.149676132005808,-298.5994441008718,291.4693724025522,298.5994441008718,201.90436233943376,11.641352798233195,-306.02681475988675,89.56501006311845,1.508323333772613,7.42737065901494
3976.0,54.5504150390625,291.4693785156129,13.149702217762933,-298.5994314688759,291.4693785156129,298.5994314688759,201.90436755631805,11.641379179295551,-306.0268025126742,89.56501095929482,1.508323038467382,7.427371043798331
3984.0,54.66032791137695,291.46938766843334,13.149743283302861,-298.5993890543213,291.46938766843334,298.5993890543213,201.90437623547723,11.641420000908195,-306.0267605014926,89.56501143295611,1.5083232823946657,7.427371447171311
3992.0,54.77024841308594,291.4693984113047,13.149769325963408,-298.59934917912153,291.4693984113047,298.59934917912153,201.90438643137298,11.641445808276671,-306.0267212358141,89.56501197993177,1.508323517686737,7.427372056692519
4000.0,54.88016128540039,291.46931473543077,13.149799741800178,-298.5992917880555,291.46931473543077,298.5992917880555,201.90430382275818,11.641476669258562,-306.02666371528704,89.56501091267256,1.5083230725416161,7.427371927231569
4008.0,54.99007034301758,291.46900045214477,13.149754721615235,-298.59913133811057,291.46900045214477,298.59913133811057,201.90401110050888,11.64143127074355,-306.0264985747521,89.56498935163587,1.5083234508716856,7.427367236641537
4016.0,55.0999870300293,291.4690581906961,13.149695401656562,-298.5992516820667,291.4690581906961,298.5992516820667,201.90408340910764,11.6413724906946,-306.02661635068347,89.56497478158846,1.5083229109619616,7.42736466861674
4024.0,55.20989990234375,291.46911826431455,13.149675993568945,-298.5993677078207,291.46911826431455,298.5993677078207,201.90414601607307,11.641353120043174,-306.02673097193315,89.56497224824149,1.5083228735257714,7.427363264112465
4032.0,55.3198127746582,291.4691413849863,13.149663522566904,-298.5993324273871,291.4691413849863,298.5993324273871,201.9041683688676,11.6413408458765,-306.02669663561335,89.56497301611867,1.508322676690403,7.427364208226265
4040.0,55.42972946166992,291.46918419851727,13.14965248363701,-298.59936968943606,291.46918419851727,298.59936968943606,201.90420880062027,11.641329728835665,-306.0267345475648,89.56497539789697,1.5083227548013438,7.427364858128719
4048.0,55.539642333984375,291.46924639063855,13.14965032680424,-298.59938550432867,291.46924639063855,298.59938550432867,201.90426690499328,11.641327698319047,-306.02675094921636,89.56497948564524,1.5083226284851925,7.427365444887691
4056.0,55.64955520629883,291.4692635355387,13.149636376758359,-298.5993646767909,291.4692635355387,298.5993646767909,201.90427919712522,11.641313882774476,-306.026732198977,89.56498433841347,1.5083224939838829,7.427367522186124
4064.0,55.75947189331055,291.4692985986925,13.149621236742853,-298.59942055666244,291.4692985986925,298.59942055666244,201.9043096949256,11.641298694973248,-306.0267889434885,89.56498890376689,1.508322541769605,7.427368386826068
4072.0,55.869384765625,291.46934031836076,13.149603352414024,-298.5994813732765,291.46934031836076,298.5994813732765,201.9043464536584,11.641280958245222,-306.0268507499271,89.56499386470233,1.5083223941688022,7.42736937665066
4080.0,55.979305267333984,291.46933253479926,13.14958587026818,-298.59948077689694,291.46933253479926,298.59948077689694,201.90433451893688,11.641263562514546,-306.026851067005,89.56499801586239,1.5083223077536347,7.427370290108087
4088.0,56.08921813964844,291.4693330736752,13.149574512422829,-298.5994925415701,291.4693330736752,298.5994925415701,201.9043321939244,11.641251979605645,-306.02686392367144,89.56500087975084,1.5083225328171839,7.427371382101356
4096.0,56.199127197265625,291.46942764572105,13.149567572441168,-298.5995726509422,291.46942764572105,298.5995726509422,201.9044217297552,11.64124508799571,-306.02694457500695,89.56500591596586,1.5083224844454568,7.4273719240647225
4104.0,56.309024810791016,291.469528414248,13.14958743113582,-298.59958124127286,291.469528414248,298.59958124127286,201.9045107173135,11.6412652868462,-306.026955127815,89.56501769693446,1.5083221442896209,7.427373886542142
4112.0,56.41896438598633,291.46956262162723,13.14961650897111,-298.599614754751,291.46956262162723,298.599614754751,201.90453382474823,11.641294313569066,-306.02699006334825,89.56502879687898,1.5083221954020445,7.427375308597263
4120.0,56.52888107299805,291.4695034507914,13.149643548099775,-298.59952820034187,291.4695034507914,298.59952820034187,201.90446836773117,11.64132113368092,-306.0269051546366,89.56503508306022,1.5083224144188545,7.427376954294772
4128.0,56.6387939453125,291.46943076719606,13.149644736505632,-298.599466807084,291.46943076719606,298.599466807084,201.90439715306582,11.641322648889991,-306.0268436283867,89.56503361413027,1.5083220876156416,7.427376821302687
4136.0,56.74870681762695,291.4693781681202,13.149632613983623,-298.5994386349653,291.4693781681202,298.5994386349653,201.90434793781733,11.641310429679024,-306.026815320901,89.56503023030287,1.5083221843045997,7.427376685935705
4144.0,56.85862350463867,291.4693531968822,13.149634113985407,-298.5994153350854,291.4693531968822,298.5994153350854,201.90432524745245,11.64131167306092,-306.0267919197164,89.56502794942975,1.508322440924486,7.427376584631034
4152.0,56.968536376953125,291.4693229109623,13.149643824499421,-298.5993495570322,291.4693229109623,298.5993495570322,201.90429734795052,11.641321709846803,-306.02672635664794,89.56502556301183,1.508322114652617,7.427376799615743
4160.0,57.07844924926758,291.46931893189344,13.149645623453093,-298.59937208692116,291.46931893189344,298.59937208692116,201.9042955807182,11.641323634417418,-306.02674889333673,89.56502335117521,1.5083219890356743,7.427376806415552
4168.0,57.1883659362793,291.4693050915921,13.14966225656945,-298.5993277876775,291.4693050915921,298.5993277876775,201.90428298400238,11.64134013028875,-306.0267046250564,89.56502210758973,1.5083221262806985,7.427376837378937
4176.0,57.29827880859375,291.4693132905709,13.149678883528818,-298.5993353701929,291.4693132905709,298.5993353701929,201.9042926549976,11.641356828465533,-306.0267123088272,89.56502063557332,1.5083220550632843,7.427376938634332
4184.0,57.4081916809082,291.4693081929345,13.149691494894476,-298.5992889215681,291.4693081929345,298.5992889215681,201.90428839213675,11.641369624867254,-306.0266663134379,89.56501980079776,1.5083218700272232,7.427377391869804
4192.0,57.51810836791992,291.46932319735146,13.14970415926858,-298.5992938292171,291.46932319735146,298.5992938292171,201.90430394731345,11.641382431411103,-306.0266712745697,89.565019250038,1.5083217278574779,7.42737744535259
4200.0,57.628021240234375,291.4693251753102,13.149718232266586,-298.59927380881635,291.4693251753102,298.59927380881635,201.90430561192923,11.641396355589146,-306.02665131460367,89.56501956338094,1.5083218766774396,7.4273775057873195
4208.0,57.73793411254883,291.4693245625905,13.149734428507626,-298.5992321772654,291.4693245625905,298.5992321772654,201.9043050180867,11.641412902599292,-306.02660981496945,89.56501954450377,1.5083215259083342,7.427377637704048
4216.0,57.84785079956055,291.46935102475226,13.149754395765843,-298.5992229129072,291.46935102475226,298.5992229129072,201.90433122927374,11.641432761731915,-306.02660148255507,89.5650197954785,1.508321634033928,7.427378569647885
4224.0,57.957763671875,291.46934509929963,13.149768596969821,-298.5991786526639,291.46934509929963,298.5991786526639,201.9043245947739,11.64144696718681,-306.02655715698944,89.5650205045257,1.508321629783011,7.4273785043255245
4232.0,58.06767654418945,291.46936264563516,13.149786947883644,-298.5991854061966,291.46936264563516,298.5991854061966,201.9043416787008,11.641465522757532,-306.0265644009979,89.56502096693434,1.5083214251261134,7.42737899480133
4240.0,58.17759323120117,291.46937302648905,13.149810347955206,-298.59915649735024,291.46937302648905,298.59915649735024,201.9043510091119,11.641488796878654,-306.0265356478676,89.56502201737715,1.5083215510765529,7.4273791505173605
4248.0,58.287506103515625,291.4693969323434,13.14982959642437,-298.59918738813315,291.4693969323434,298.59918738813315,201.9043744474198,11.641508358168792,-306.0265669446876,89.56502248492357,1.5083212382555775,7.427379556554449
4256.0,58.39741897583008,291.4694019983558,13.149849641573091,-298.59912953654367,291.4694019983558,298.59912953654367,201.9043787007774,11.641528314008314,-306.0265093771473,89.56502329757843,1.5083213275647775,7.427379840603649
4264.0,58.5073356628418,291.46940401717984,13.149874399293866,-298.5991277845251,291.46940401717984,298.5991277845251,201.90437991215924,11.641552890395577,-306.0265081235044,89.5650241050206,1.5083215088982893,7.427380338979347
4272.0,58.61724853515625,291.46940297525913,13.149892517120044,-298.5990820614774,291.46940297525913,298.5990820614774,201.90437866203814,11.641570907965715,-306.02646260189965,89.56502431322099,1.5083216091543292,7.427380540422227
4280.0,58.7271614074707,291.46941899213795,13.149908642012356,-298.5990634262681,291.46941899213795,298.5990634262681,201.90439385983925,11.64158723926505,-306.0264439882144,89.5650251322987,1.5083214027473062,7.427380561946265
4288.0,58.83707809448242,291.4693691877907,13.149932341528377,-298.59901330759743,291.4693691877907,298.59901330759743,201.904344438715,11.641610938203142,-306.0263944726079,89.56502474907569,1.508321403325235,7.427381165010452
4296.0,58.946990966796875,291.46903994996524,13.149879598853314,-298.59887598517315,291.46903994996524,298.59887598517315,201.90403184247674,11.64155844717899,-306.0262532245289,89.56500810748852,1.5083211516743225,7.427377239355721
4304.0,59.05690383911133,291.4690524529823,13.149821569120471,-298.5989586286059,291.4690524529823,298.5989586286059,201.9040612172517,11.64150035051053,-306.02633336562263,89.56499123573056,1.5083212186099413,7.4273747370167555
4312.0,59.16682052612305,291.4693102957067,13.149809651478487,-298.59915006556037,291.4693102957067,298.59915006556037,201.90431664365275,11.641488663114355,-306.02652441765343,89.56499365205394,1.5083209883641313,7.427374352093082
4320.0,59.2767333984375,291.46946147778124,13.149847627384391,-298.5991695359104,291.46946147778124,298.5991695359104,201.90445422215353,11.641526923539267,-306.0265464436041,89.5650072556277,1.5083207038451238,7.4273769076936915
4328.0,59.38664627075195,291.4695164489029,13.149886868076594,-298.5991501195374,291.4695164489029,298.5991501195374,201.90449682305467,11.641565971654282,-306.02652985693055,89.56501962584822,1.5083208964223118,7.427379737393146
4336.0,59.49656295776367,291.46955899949774,13.149909623441717,-298.59913448994683,291.46955899949774,298.59913448994683,201.90452871848038,11.641589220346297,-306.0265160647965,89.56503028101733,1.5083204030954196,7.4273815748496546
4344.0,59.606475830078125,291.469606613606,13.149942086451166,-298.59915132276626,291.469606613606,298.59915132276626,201.90456829227807,11.641621562468444,-306.026533682588,89.56503832132793,1.5083205239827215,7.427382359821792
4352.0,59.71638870239258,291.4696174167435,13.149951295734498,-298.599131933265,291.4696174167435,298.599131933265,201.90457211602094,11.641630305164005,-306.02651539155335,89.5650453007226,1.5083209905704926,7.427383458288325
4360.0,59.8263053894043,291.4696257777977,13.149974073440376,-298.59912968379354,291.4696257777977,298.59912968379354,201.90457580624317,11.641653287169792,-306.02651379586376,89.56504997155454,1.508320786270584,7.4273841120702215
4368.0,59.936248779296875,291.4695998664499,13.150002354257996,-298.5990703813894,291.4695998664499,298.5990703813894,201.90454773031732,11.641681385547784,-306.0264551879816,89.5650521361326,1.508320968710211,7.427384806592144
4376.0,60.04616165161133,291.4695863937381,13.150033544827147,-298.59902184451875,291.4695863937381,298.59902184451875,201.90453344836027,11.641712583070575,-306.0264070602448,89.56505294537784,1.5083209617565725,7.427385215726069
4384.0,60.15607833862305,291.46954082705065,13.150054987351503,-298.598961301586,291.46954082705065,298.598961301586,201.90448887598896,11.641734137454778,-306.0263470171634,89.56505195106169,1.508320849896724,7.427385715577415
4392.0,60.2659912109375,291.4695213254069,13.15008571279831,-298.5989131154075,291.4695213254069,298.5989131154075,201.90447041562285,11.64176470802014,-306.02629891044705,89.56505090978406,1.5083210047781694,7.4273857950395055
4400.0,60.37590408325195,291.4695104195407,13.150110197667622,-298.59886841032153,291.4695104195407,298.59886841032153,201.90446072327524,11.641788988787843,-306.0262541532642,89.56504969626545,1.5083212088797797,7.427385742942668
4408.0,60.48582077026367,291.46951077919425,13.150138738640663,-298.59884187836406,291.46951077919425,298.59884187836406,201.90446241906594,11.641817964527341,-306.0262279466873,89.56504836012832,1.5083207741133222,7.427386068323223
4416.0,60.595733642578125,291.4695057234836,13.150169532302922,-298.5988060632847,291.4695057234836,298.5988060632847,201.9044580273801,11.64184872653994,-306.02619212597506,89.5650476961035,1.5083208057629802,7.427386062690324
4424.0,60.70564651489258,291.4695081476512,13.15019694646968,-298.598772777771,291.4695081476512,298.598772777771,201.90446086410628,11.641876042053623,-306.0261588603465,89.5650472835449,1.508320904416057,7.427386082575531
4432.0,60.8155632019043,291.4695031609451,13.150227080906713,-298.5987101017092,291.4695031609451,298.5987101017092,201.90445640014298,11.64190616455424,-306.02609646046983,89.56504676080216,1.5083209163524742,7.427386358760643
4440.0,60.92547607421875,291.4695217959583,13.15026900863435,-298.5986674403118,291.4695217959583,298.5986674403118,201.9044750327826,11.641948415179593,-306.0260539568105,89.56504676317569,1.5083205934547577,7.427386516498714
4448.0,61.0353889465332,291.4695291646778,13.150298383767375,-298.5986502153382,291.4695291646778,298.5986502153382,201.9044822659464,11.641977803205302,-306.0260367335035,89.5650468987314,1.5083205805620734,7.427386518165292
4456.0,61.14530563354492,291.46937654511555,13.150315065903097,-298.5985752925473,291.46937654511555,298.5985752925473,201.90433346781904,11.641994456932256,-306.025960941309,89.56504307729648,1.5083206089708403,7.427385648761685
4464.0,61.255218505859375,291.46917704333197,13.150268349112508,-298.59847919494285,291.46917704333197,298.59847919494285,201.90415483877226,11.641947944870024,-306.0258614610153,89.56502220455971,1.5083204042424834,7.427382266072456
4472.0,61.36513137817383,291.4692113931253,13.150241674158211,-298.5985763206328,291.4692113931253,298.5985763206328,201.90420245131628,11.641921477276528,-306.0259555725064,89.56500894180905,1.5083201968816837,7.427379251873617
4480.0,61.47505187988281,291.46924048775884,13.15021309287808,-298.5985806005941,291.46924048775884,298.5985806005941,201.90423605713502,11.641892878088074,-306.02595881338624,89.56500443062382,1.5083202147900066,7.427378212792135
4488.0,61.584964752197266,291.4692802262517,13.150216311572636,-298.59861012720404,291.4692802262517,298.59861012720404,201.90427650415623,11.641896197582124,-306.0259885846968,89.5650037220955,1.5083201139905125,7.427378457492765
4496.0,61.694881439208984,291.46941081436375,13.150225874355588,-298.5986727580288,291.46941081436375,298.5986727580288,201.9044025393252,11.64190576265899,-306.02605181672186,89.56500827503855,1.508320111696598,7.427379058693077
4504.0,61.80479431152344,291.4695529877947,13.150253746159562,-298.59870868182537,291.4695529877947,298.59870868182537,201.90453283012886,11.641933767363184,-306.0260905518104,89.56502015766583,1.5083199787963775,7.427381869985027
4512.0,61.91470718383789,291.4696520166697,13.150294812728752,-298.59871484072266,291.4696520166697,298.59871484072266,201.90461652400862,11.641975056568471,-306.0260993176354,89.56503549266111,1.5083197561602804,7.4273844769126995
4520.0,62.02462387084961,291.4697202134347,13.150324670536671,-298.5987395938804,291.4697202134347,298.5987395938804,201.90467202727586,11.642004680303714,-306.0261261001956,89.56504818615883,1.5083199902329572,7.42738650631523
4528.0,62.13453674316406,291.4697247099713,13.150362481852408,-298.5986845864488,291.4697247099713,298.5986845864488,201.90466751074422,11.642042498924274,-306.02607260730775,89.56505719922707,1.5083199829281329,7.427388020858899
4536.0,62.244449615478516,291.4697312961855,13.150394892592171,-298.59865587154843,291.4697312961855,298.59865587154843,201.90466796696012,11.642074727369014,-306.02604494320013,89.56506332922538,1.5083201652231573,7.42738907165171
4544.0,62.354366302490234,291.46971839698523,13.150407998064972,-298.5986194413364,291.46971839698523,298.5986194413364,201.9046519896618,11.642088044963794,-306.0260090458411,89.56506640732344,1.5083199531011786,7.427389604504697
4552.0,62.46427536010742,291.4696821111245,13.150437014434218,-298.5985620532396,291.4696821111245,298.5985620532396,201.9046152720012,11.642117102647894,-306.0259521584511,89.56506683912329,1.508319911786324,7.427390105211494
4560.0,62.574188232421875,291.4696424951304,13.150470244777564,-298.5984910308559,291.4696424951304,298.5984910308559,201.904576489683,11.64215012073917,-306.02588153931396,89.56506600544745,1.5083201240383932,7.427390508458089
4568.0,62.68410110473633,291.4696307509423,13.15050150116851,-298.59845364712305,291.4696307509423,298.59845364712305,201.90456596619623,11.642181574381762,-306.0258440656954,89.56506478474611,1.5083199267867462,7.427390418572394
4576.0,62.79401779174805,291.46962983482945,13.150537948635693,-298.59843926254916,291.46962983482945,298.59843926254916,201.90456679796722,11.64221821296642,-306.0258296954511,89.56506303686226,1.5083197356692732,7.427390432901888
4584.0,62.9039306640625,291.4696023019532,13.150558337076554,-298.5983772536164,291.4696023019532,298.5983772536164,201.9045412237821,11.642238346463888,-306.0257677861702,89.5650610781711,1.5083199906126659,7.427390532553801
4592.0,63.01384353637695,291.469593139698,13.150595073310004,-298.5983367742183,291.469593139698,298.5983367742183,201.90453392613466,11.642275086086233,-306.025727300483,89.56505921356337,1.5083199872237705,7.427390526264745
4600.0,63.12376022338867,291.4695863071802,13.150632566874883,-298.59828697784496,291.4695863071802,298.59828697784496,201.90452853263406,11.642312793832119,-306.0256775283438,89.56505777454609,1.508319773042765,7.42739055049887
4608.0,63.233673095703125,291.4695878071091,13.150665580978231,-298.59823265425973,291.4695878071091,298.59823265425973,201.90453116369883,11.642345701816087,-306.0256230055575,89.56505664341029,1.5083198791621442,7.427390351297802
4616.0,63.34358596801758,291.469608221052,13.150705786227496,-298.59822403155295,291.469608221052,298.59822403155295,201.90455212068827,11.642385824043894,-306.02561453450335,89.56505610036373,1.5083199621836023,7.427390502950388
4624.0,63.45353317260742,291.4696149509019,13.15074114074325,-298.59819444279424,291.4696149509019,298.59819444279424,201.90455918951545,11.642421266442211,-306.02558514382713,89.56505576138649,1.5083198743010389,7.427390701032898
4632.0,63.563446044921875,291.4696181102328,13.150777749336527,-298.59814196478254,291.4696181102328,298.59814196478254,201.90456249483782,11.642457651342852,-306.0255328095755,89.56505561539493,1.5083200979936748,7.427390844792981
4640.0,63.67335891723633,291.4696325653224,13.150815190558667,-298.59814602305767,291.4696325653224,298.59814602305767,201.90457688319083,11.642495333093873,-306.02553680304925,89.5650556821316,1.5083198574647936,7.427390779991612
4648.0,63.78327560424805,291.469626491385,13.150854113307279,-298.59802846157805,291.469626491385,298.59802846157805,201.90457107040456,11.642534232366305,-306.0254197844713,89.56505542098043,1.5083198809409737,7.427391322893243
4656.0,63.8931884765625,291.46965986160535,13.150889128344064,-298.59801781344765,291.46965986160535,298.59801781344765,201.90460421864728,11.64256948086758,-306.0254091387221,89.56505564295804,1.5083196474764833,7.4273913252744705
4664.0,64.00310516357422,291.46965237401764,13.150927831466072,-298.59798957318657,291.46965237401764,298.59798957318657,201.9045962221648,11.642607801225688,-306.0253812866572,89.56505615185283,1.5083200302403839,7.427391713470648
4672.0,64.1130142211914,291.4696655895683,13.150962926747106,-298.5979390079984,291.4696655895683,298.5979390079984,201.90460971477984,11.642643173537955,-306.0253305962042,89.56505587478847,1.5083197532091503,7.427391588205822
4680.0,64.22293090820312,291.469680953766,13.151005650488251,-298.5979121515897,291.469680953766,298.5979121515897,201.90462432294723,11.642685881012074,-306.02530366838033,89.56505663081879,1.508319769476178,7.427391516790657
4688.0,64.33284759521484,291.46970026315273,13.151045994376096,-298.5978643610634,291.46970026315273,298.5978643610634,201.904643200471,11.642726090238199,-306.0252560372445,89.56505706268175,1.5083199041378972,7.427391676181138
4696.0,64.44275665283203,291.4697136353164,13.151085093715574,-298.5978488573438,291.4697136353164,298.5978488573438,201.90465609222474,11.642765402538245,-306.02524089164024,89.56505754309165,1.508319691177329,7.4273920342964175
4704.0,64.55267333984375,291.46971609942796,13.151120738140627,-298.59778822029256,291.46971609942796,298.59778822029256,201.90465834969814,11.642801029901245,-306.0251806529261,89.56505774972979,1.508319708239382,7.427392432633553
4712.0,64.66259002685547,291.46971158039423,13.151167134128311,-298.5977380644558,291.46971158039423,298.5977380644558,201.90465347236386,11.642847544583184,-306.0251309662915,89.56505810803039,1.5083195895451276,7.427392901835695
4720.0,64.77249908447266,291.4697300534177,13.15120467226743,-298.59770503608587,291.4697300534177,298.59770503608587,201.904671591172,11.642885119078624,-306.0250977798557,89.56505846224573,1.5083195531888052,7.427392743769822
4728.0,64.88241577148438,291.46950073893146,13.151219905508729,-298.5975504419556,291.46950073893146,298.5975504419556,201.90444936099578,11.642900079180443,-306.02494176357175,89.56505137793569,1.508319826328285,7.427391321616142
4736.0,64.9923324584961,291.46935314539905,13.151177001922306,-298.5975200138669,291.46935314539905,298.5975200138669,201.90432306751285,11.642857409153548,-306.0249075566265,89.56503007788623,1.5083195927687596,7.427387542759561
4744.0,65.10224151611328,291.4693788663768,13.151144710545312,-298.59756062081686,291.4693788663768,298.59756062081686,201.9043598819634,11.642825619427555,-306.02494596562866,89.56501898441343,1.508319091117757,7.427385344811789
4752.0,65.212158203125,291.46940618196913,13.151136055832152,-298.5975921587665,291.46940618196913,298.5975921587665,201.9043908322387,11.642816919202232,-306.0249766561882,89.56501534973046,1.50831913662992,7.427384497421727
4760.0,65.32207489013672,291.4694217687471,13.151137088739286,-298.59757208179974,291.4694217687471,298.59757208179974,201.90440765333307,11.642817821898234,-306.0249563419025,89.56501411541404,1.5083192668410534,7.427384260102777
4768.0,65.4319839477539,291.4694841558774,13.151140087953443,-298.5976562819679,291.4694841558774,298.5976562819679,201.90446965307598,11.642821068554841,-306.0250406038778,89.56501450280143,1.508319019398602,7.427384321909948
4776.0,65.54190063476562,291.46951243505987,13.151142429880391,-298.5976538588938,291.46951243505987,298.5976538588938,201.90449556752066,11.642823419455908,-306.0250388509469,89.56501686753919,1.508319010424482,7.427384992053078
4784.0,65.65181732177734,291.4695523985041,13.151138931260125,-298.5976872928405,291.4695523985041,298.5976872928405,201.9045331464982,11.642820141949775,-306.0250729218763,89.5650192520059,1.5083187893103496,7.4273856290358395
4792.0,65.76172637939453,291.4695846352219,13.151129038588197,-298.59769791648534,291.4695846352219,298.59769791648534,201.90456196104603,11.642810156670848,-306.0250841411397,89.56502267417589,1.508318881917349,7.427386224654356
4800.0,65.87164306640625,291.4696020796339,13.151119507233652,-298.5977122581943,291.4696020796339,298.5977122581943,201.90457605958406,11.64280062161453,-306.025098934703,89.56502602004983,1.508318885619122,7.427386676508711
4808.0,65.98155975341797,291.469610865509,13.151120145687683,-298.5976981318623,291.469610865509,298.5976981318623,201.9045817640723,11.642801154778702,-306.02508576136506,89.56502910143674,1.5083189909089807,7.427387629502803
4816.0,66.09146881103516,291.4696315944716,13.151109660997447,-298.59774576915856,291.4696315944716,298.59774576915856,201.90459980162706,11.64279070606948,-306.025133740809,89.56503179284454,1.508318954927967,7.427387971650447
4824.0,66.20138549804688,291.46961425192615,13.151100197012372,-298.5976920260472,291.46961425192615,298.5976920260472,201.9045800989371,11.64278107233952,-306.02508076547593,89.56503415298909,1.5083191246728527,7.427388739428736
4832.0,66.3113021850586,291.4696274687486,13.151095196304716,-298.59768678679376,291.4696274687486,298.59768678679376,201.90459147533983,11.642776609235806,-306.02507594108124,89.56503599340877,1.50831858706891,7.427389154287489
4840.0,66.42121124267578,291.4696188250805,13.151089799511421,-298.5976919540333,291.4696188250805,298.5976919540333,201.90458183003528,11.642771040532716,-306.0250812778156,89.56503699504519,1.508318758978704,7.427389323782364
4848.0,66.5311279296875,291.4696111277112,13.151085764810476,-298.5977002032558,291.4696111277112,298.5977002032558,201.90457325212736,11.642767141798485,-306.02508975804005,89.56503787558381,1.5083186230119914,7.427389554784249
4856.0,66.64104461669922,291.469597809667,13.151083020624402,-298.59768082699605,291.469597809667,298.59768082699605,201.90455960976206,11.642764346637808,-306.02507079744373,89.56503819990496,1.5083186739865937,7.427389970447692
4864.0,66.7509536743164,291.4695970584265,13.151087700671837,-298.5976848434021,291.4695970584265,298.5976848434021,201.90455892417128,11.642768819003457,-306.02507474019876,89.56503813425518,1.5083188816683792,7.427389896796662
4872.0,66.86087036132812,291.4695817402054,13.15106446497841,-298.59769460462815,291.4695817402054,298.59769460462815,201.9045437391353,11.642745711439078,-306.0250849979113,89.56503800107009,1.5083187535393314,7.4273903932831615
4880.0,66.97081756591797,291.46959782915303,13.151067120548518,-298.5977061480078,291.46959782915303,298.5977061480078,201.90455980528273,11.642748628253724,-306.02509651782304,89.56503802387027,1.5083184922947952,7.427390369815278
4888.0,67.08072662353516,291.4695849502728,13.151063144947475,-298.5977229917078,291.4695849502728,298.5977229917078,201.90454739576245,11.642744519457555,-306.0251134731549,89.56503755451035,1.5083186254899195,7.427390481447048
4896.0,67.19064331054688,291.469555500701,13.151055879609782,-298.5976675245356,291.469555500701,298.5976675245356,201.90451782659943,11.64273718554145,-306.0250581753136,89.56503767410156,1.5083186940683326,7.427390650777987
4904.0,67.3005599975586,291.46957439358175,13.151048586790319,-298.5977325266963,291.46957439358175,298.5977325266963,201.90453711485293,11.642730077444103,-306.0251231834028,89.5650372787288,1.508318509346216,7.427390656706507
4912.0,67.41046905517578,291.46956391581693,13.151039301029073,-298.5977138843425,291.46956391581693,298.5977138843425,201.9045268647739,11.642720868785329,-306.0251046356586,89.56503705104305,1.508318432243743,7.427390751316089
4920.0,67.5203857421875,291.4695594212329,13.151046897574023,-298.59771361423265,291.4695594212329,298.59771361423265,201.9045223482322,11.642728450964716,-306.0251047344632,89.56503707300067,1.5083184466093078,7.427391120230524
4928.0,67.63030242919922,291.46955614440054,13.151036391880433,-298.5977124274589,291.46955614440054,298.5977124274589,201.9045191053734,11.642717931923201,-306.02510354348624,89.56503703902716,1.5083184599572323,7.4273911160273585
4936.0,67.7402114868164,291.46957019847355,13.151036767828506,-298.5977565120562,291.46957019847355,298.5977565120562,201.9045335110011,11.642718290226586,-306.02514735657394,89.56503668747246,1.5083184776019198,7.42739084451771
4944.0,67.85012817382812,291.4695479504098,13.151025688544511,-298.59771011636167,291.4695479504098,298.59771011636167,201.9045115883275,11.642707074246633,-306.02510152840756,89.5650363620823,1.5083186142978775,7.4273914120459
4952.0,67.96004486083984,291.4695474366401,13.151012537903757,-298.59772023377246,291.4695474366401,298.59772023377246,201.9045112627549,11.642694136734779,-306.0251115756864,89.56503617388518,1.508318401168979,7.427391341913946
4960.0,68.06995391845703,291.4695386485479,13.15101064814522,-298.59771407852185,291.4695386485479,298.59771407852185,201.90450258607314,11.642692078955262,-306.02510554278035,89.56503606247477,1.5083185691899592,7.4273914642585055
4968.0,68.17987060546875,291.46955321046096,13.151008378471122,-298.59775342716034,291.46955321046096,298.59775342716034,201.9045174634656,11.642690053797153,-306.025144729119,89.56503574699539,1.5083183246739695,7.427391301958664
4976.0,68.28978729248047,291.46952709136315,13.150998573854618,-298.59770938902085,291.46952709136315,298.59770938902085,201.90449120677465,11.642680323788426,-306.0251009829829,89.56503588458848,1.5083182500661927,7.427391593962064
4984.0,68.39969635009766,291.46952546980344,13.150999649709751,-298.59771415723515,291.46952546980344,298.59771415723515,201.90449000028792,11.642681460636547,-306.02510618686665,89.5650354695155,1.5083181890732043,7.42739202963152
4992.0,68.50961303710938,291.46954320671176,13.150990258848076,-298.59775754895276,291.46954320671176,298.59775754895276,201.90450759451596,11.642671735013241,-306.02514922535397,89.5650356121958,1.5083185238348342,7.427391676401214
5000.0,68.6195297241211,291.4695409891197,13.150985525972345,-298.59775854935555,291.4695409891197,298.59775854935555,201.90450527601698,11.642667157475868,-306.0251504801106,89.56503571310274,1.508318368496477,7.42739193075505
5008.0,68.72943878173828,291.46952955874315,13.15097747247548,-298.59773905343883,291.46952955874315,298.59773905343883,201.90449376293844,11.64265912771128,-306.02513101276384,89.56503579580473,1.5083183447642003,7.427391959324993
5016.0,68.83935546875,291.4695310831656,13.150972784052936,-298.59773836617103,291.4695310831656,298.59773836617103,201.90449531013348,11.642654367081501,-306.0251303274621,89.56503577303208,1.5083184169714352,7.427391961291029
5024.0,68.94927215576172,291.46952317039904,13.150969952485557,-298.5977340269212,291.46952317039904,298.5977340269212,201.90448748940395,11.642651656062503,-306.02512636648885,89.56503568099512,1.5083182964230533,7.427392339567611
5032.0,69.0591812133789,291.4695187779761,13.150967931154021,-298.5977214300723,291.4695187779761,298.5977214300723,201.90448277905747,11.642650010617453,-306.02511375629933,89.56503599891862,1.5083179205365669,7.42739232622705
5040.0,69.16909790039062,291.4695460258652,13.150964988733154,-298.59777811875335,291.4695460258652,298.59777811875335,201.9045100077409,11.642646638264031,-306.0251706568789,89.56503601812432,1.5083183504691222,7.427392538125574
5048.0,69.27901458740234,291.4695065767168,13.15095063869926,-298.5977221607954,291.4695065767168,298.5977221607954,201.90447062290434,11.642632345279711,-306.02511507398526,89.56503595381247,1.50831829341955,7.42739291318987
5056.0,69.38892364501953,291.4695275314971,13.150951417560151,-298.5977634523162,291.4695275314971,298.5977634523162,201.90449166140664,11.642633351067001,-306.02515622635656,89.56503587009043,1.5083180664931497,7.427392774040349
5064.0,69.49884033203125,291.46953015689644,13.150941583929807,-298.5977484646169,291.46953015689644,298.5977484646169,201.90449427386957,11.642623524632368,-306.0251413478596,89.56503588302687,1.508318059297439,7.427392883242646
5072.0,69.60875701904297,291.469528556315,13.150944082497547,-298.5977635266756,291.469528556315,298.5977635266756,201.90449256730523,11.64262604731258,-306.0251564239079,89.56503598900983,1.508318035184967,7.427392897232345
5080.0,69.71866607666016,291.46953243385576,13.150937589278936,-298.5977900533687,291.46953243385576,298.5977900533687,201.9044964107092,11.642619681684625,-306.02518326415725,89.56503602314652,1.5083179075943098,7.427393210788551
5088.0,69.82858276367188,291.46952091769384,13.150931247859733,-298.5977635433899,291.46952091769384,298.5977635433899,201.90448477445557,11.64261318010794,-306.0251568357671,89.56503614323829,1.5083180677517927,7.427393292377275
5096.0,69.9384994506836,291.46952193044547,13.150920522330237,-298.59775949007303,291.46952193044547,298.59775949007303,201.904485491911,11.642602873135498,-306.0251530574241,89.56503643853449,1.5083176491947388,7.427393567351089
5104.0,70.04840850830078,291.46952144338036,13.150911840624293,-298.5977866440423,291.46952144338036,298.5977866440423,201.90448539841822,11.642593971442299,-306.02518054983693,89.56503604496214,1.508317869181993,7.427393905794645
5112.0,70.1583251953125,291.4695269073202,13.15091854573254,-298.59778237360774,291.4695269073202,298.59778237360774,201.904490450609,11.642600518338085,-306.0251760191822,89.5650364567112,1.5083180273944548,7.427393645574483
5120.0,70.26824188232422,291.4695138344093,13.150915283138536,-298.59775519662725,291.4695138344093,298.59775519662725,201.90447731055292,11.642597472885384,-306.0251491765498,89.5650365238564,1.5083178102531516,7.427393979922556
5128.0,70.3781509399414,291.46952485850704,13.15090479125055,-298.5977825340842,291.46952485850704,298.5977825340842,201.90448812889673,11.64258694416803,-306.0251765422273,89.56503672961033,1.5083178470825187,7.427394008143125
5136.0,70.48809814453125,291.46950924448953,13.150894672469127,-298.59775395256656,291.46950924448953,298.59775395256656,201.90447240275472,11.64257685493776,-306.02514817236147,89.56503684173482,1.508317817531367,7.427394219794898
5144.0,70.59801483154297,291.4695299607473,13.150896153878094,-298.5978034773382,291.4695299607473,298.5978034773382,201.90449332338912,11.642578431924253,-306.0251978990277,89.56503663735822,1.5083177219538406,7.427394421689527
5152.0,70.70792388916016,291.46950388571844,13.150893141675216,-298.59774598760737,291.46950388571844,298.59774598760737,201.90446705168003,11.642575381496401,-306.0251405773484,89.56503683403841,1.508317760178815,7.427394589741006
5160.0,70.81784057617188,291.46953126430094,13.150895429867631,-298.5978133136565,291.46953126430094,298.5978133136565,201.9044944119558,11.642577806459263,-306.02520776286866,89.56503685234512,1.5083176234083684,7.427394449212137
5168.0,70.9277572631836,291.4695160228773,13.150889825528337,-298.5977773195616,291.4695160228773,298.5977773195616,201.90447893419486,11.64257190516256,-306.0251721476742,89.56503708868249,1.5083179203657764,7.427394828112583
5176.0,71.03766632080078,291.46951479766886,13.150878329163202,-298.597775798663,291.46951479766886,298.597775798663,201.90447771744925,11.642560703743612,-306.0251705454366,89.56503708021962,1.508317625419589,7.427394746773587
5184.0,71.1475830078125,291.4695138294077,13.15087797376062,-298.59779901437105,291.4695138294077,298.59779901437105,201.904476639239,11.642560398502617,-306.02519392899114,89.56503719016868,1.508317575258003,7.427394914620123
5192.0,71.25749969482422,291.4694976121661,13.150874310525786,-298.597801735289,291.4694976121661,298.597801735289,201.90446043365887,11.642556537805952,-306.0251968965909,89.56503717850723,1.5083177727198338,7.427395161301881
5200.0,71.3674087524414,291.4695172834207,13.150868180167198,-298.59780897098693,291.4695172834207,298.59780897098693,201.90447978510025,11.64255044899457,-306.02520410559515,89.56503749832049,1.508317731172629,7.42739513460824
5208.0,71.47732543945312,291.4695056780781,13.150858502731204,-298.5977857497932,291.4695056780781,298.5977857497932,201.90446841345238,11.642540974895871,-306.0251812330967,89.56503726462576,1.5083175278353318,7.427395483303499
5216.0,71.58724212646484,291.46949505878945,13.15086363058844,-298.59779938182857,291.46949505878945,298.59779938182857,201.90445775568585,11.642545888354915,-306.02519482445564,89.56503730310362,1.5083177422335252,7.427395442627052
5224.0,71.69715118408203,291.4695070965059,13.150859966015595,-298.5978225905212,291.4695070965059,298.5978225905212,201.90446949086703,11.642542271530354,-306.0252178500473,89.56503760563884,1.50831769448524,7.427395259526044
5232.0,71.80706787109375,291.4695059696449,13.150860064006157,-298.59780787553996,291.4695059696449,298.59780787553996,201.90446849494168,11.642542290036578,-306.02520344385755,89.56503747470322,1.5083177739695781,7.427395568317621
5240.0,71.91698455810547,291.46949364724566,13.150848659080097,-298.59779067954844,291.46949364724566,298.59779067954844,201.9044563682173,11.642530810018885,-306.02518629366125,89.56503727902836,1.5083178490612124,7.42739561411279
5248.0,72.02689361572266,291.4694966753967,13.150845456064442,-298.597802065168,291.4694966753967,298.597802065168,201.90445917095764,11.64252796402273,-306.0251979207925,89.56503750443908,1.5083174920417113,7.427395855624496
5256.0,72.13681030273438,291.4694962246195,13.15084194064546,-298.5978101056852,291.4694962246195,298.5978101056852,201.90445877751688,11.642524242509268,-306.02520573652134,89.56503744710261,1.5083176981361914,7.427395630836152
5264.0,72.2467269897461,291.4694840985376,13.150836358409796,-298.59779673974657,291.4694840985376,298.59779673974657,201.90444654857623,11.642518625094255,-306.02519284554984,89.56503754996135,1.5083177333155415,7.4273961058032825
5272.0,72.35663604736328,291.4695079515453,13.150839480107043,-298.59785222310404,291.4695079515453,298.59785222310404,201.90447047328178,11.6425218112777,-306.0252481990784,89.56503747826358,1.5083176688293438,7.427395975974349
5280.0,72.466552734375,291.4694768581565,13.150825785464416,-298.59779226845706,291.4694768581565,298.59779226845706,201.90443896264813,11.64250844424274,-306.02518844201023,89.56503789550837,1.5083173412216775,7.4273961735532055
5288.0,72.57646942138672,291.46948430462504,13.150822712862801,-298.5977936537454,291.46948430462504,298.5977936537454,201.90444646997736,11.64250523631616,-306.0251898241555,89.56503783464768,1.508317476546643,7.427396170410141
5296.0,72.6863784790039,291.4694842464786,13.150821624964241,-298.5978093629897,291.4694842464786,298.5978093629897,201.90444643865598,11.642504339196172,-306.02520566794226,89.56503780782262,1.5083172857680696,7.427396304952538
5304.0,72.79629516601562,291.4694848917492,13.150816279080612,-298.5978158468173,291.4694848917492,298.5978158468173,201.90444700603695,11.64249890784918,-306.02521207304846,89.56503788571226,1.5083173712314304,7.427396226231167
5312.0,72.90621185302734,291.46948230865826,13.150815209128977,-298.5978210872847,291.46948230865826,298.5978210872847,201.90444462377764,11.642497852153024,-306.02521739818917,89.56503768488064,1.5083173569759527,7.4273963109044985
5320.0,73.01612091064453,291.46948978433295,13.150814679434989,-298.59783560137356,291.46948978433295,298.59783560137356,201.90445197673952,11.642497343366752,-306.0252322709041,89.5650378075934,1.5083173360682363,7.4273966695305305
5328.0,73.12603759765625,291.4694769541967,13.150808459697432,-298.5978108779651,291.4694769541967,298.5978108779651,201.9044390819511,11.642491045454289,-306.0252073642068,89.5650378722456,1.5083174142431428,7.427396486241669
5336.0,73.23595428466797,291.46947446219417,13.150802383506237,-298.5978027059339,291.46947446219417,298.5978027059339,201.90443667530457,11.642485124431115,-306.0251992139985,89.56503778688958,1.5083172590751222,7.427396508064675
5344.0,73.34586334228516,291.4694921324533,13.150805501459557,-298.5978478089671,291.4694921324533,298.5978478089671,201.90445403853147,11.642488490386238,-306.0252445499657,89.56503809392181,1.5083170110733182,7.427396740998596
5352.0,73.45578002929688,291.469492814851,13.150799659914895,-298.59786297841197,291.469492814851,298.59786297841197,201.90445491100672,11.642482292616513,-306.0252598723695,89.56503790384426,1.508317367298381,7.427396893957535
5360.0,73.5656967163086,291.4694825240693,13.150795843979514,-298.5978302814886,291.4694825240693,298.5978302814886,201.90444438180594,11.642478343660752,-306.02522701513203,89.56503814226333,1.5083175003187623,7.427396733643448
5368.0,73.67560577392578,291.46949753060835,13.150788050484227,-298.5978756368113,291.46949753060835,298.5978756368113,201.9044590500327,11.642470877887131,-306.0252724133037,89.56503848057568,1.5083171725970956,7.427396776492415
5376.0,73.7855224609375,291.4694742849058,13.150787347667737,-298.5978481915952,291.4694742849058,298.5978481915952,201.90443627747365,11.642470173082874,-306.0252447654585,89.56503800743215,1.5083171745848638,7.427396573863376
5384.0,73.89543914794922,291.4694802698785,13.150784565840848,-298.597853593867,291.4694802698785,298.597853593867,201.90444199753563,11.642467438729417,-306.025250383001,89.56503827234286,1.5083171271114306,7.427396789133979
5392.0,74.00537872314453,291.4694726934207,13.150788176224449,-298.5978381464767,291.4694726934207,298.5978381464767,201.90443435072748,11.642471047494642,-306.02523499802203,89.56503834269321,1.508317128729808,7.427396851545311
5400.0,74.11528778076172,291.4694686428427,13.150781152336982,-298.5978358067448,291.4694686428427,298.5978358067448,201.90443041263663,11.642464007120374,-306.02523286647477,89.56503823020603,1.5083171452166075,7.427397059729955
5408.0,74.22520446777344,291.4694732406507,13.150771680635472,-298.59785062897976,291.4694732406507,298.59785062897976,201.90443483795434,11.64245446872778,-306.0252474071774,89.56503840269639,1.508317211907694,7.427396778197661
5416.0,74.33512115478516,291.46947862587473,13.150771434155704,-298.5978580067626,291.46947862587473,298.5978580067626,201.90443993521674,11.642454383689458,-306.0252548289642,89.565038690658,1.5083170504662453,7.427396822201608
5424.0,74.44503021240234,291.4694707447969,13.150762604758173,-298.5978283123735,291.4694707447969,298.5978283123735,201.90443217853493,11.6424456199553,-306.02522560988825,89.565038566262,1.5083169848028728,7.427397297514737
5432.0,74.55494689941406,291.46948625320175,13.150759496846302,-298.59788584757507,291.46948625320175,298.59788584757507,201.90444777176802,11.642442614693472,-306.02528294586523,89.56503848143373,1.5083168821528306,7.427397098290172
5440.0,74.66486358642578,291.4694638138312,13.150762702913742,-298.5978394871375,291.4694638138312,298.5978394871375,201.9044254244176,11.642445703631378,-306.0252367186835,89.56503838941359,1.5083169992823642,7.427397231546038
5448.0,74.77477264404297,291.4694682994221,13.150755218863885,-298.5978597752405,291.4694682994221,298.5978597752405,201.90442964949182,11.64243821223348,-306.0252570895203,89.56503864993027,1.5083170066304055,7.42739731427978
5456.0,74.88468933105469,291.46947354579055,13.15076369844541,-298.5978703606956,291.46947354579055,298.5978703606956,201.90443473232307,11.642446818373672,-306.02526772781033,89.56503881346748,1.508316880071737,7.427397367114757
5464.0,74.9946060180664,291.46947518364607,13.150755967590996,-298.5978621804028,291.46947518364607,298.5978621804028,201.90443654395722,11.642438936503993,-306.02525930144236,89.56503863968888,1.508317031087003,7.427397121039576
5472.0,75.1045150756836,291.469462598378,13.150747720163938,-298.59784858168507,291.469462598378,298.59784858168507,201.90442366146067,11.642430827391422,-306.0252460851101,89.56503893691735,1.5083168927725152,7.427397503425006
5480.0,75.21443176269531,291.46947521033246,13.15075018362121,-298.5978757596064,291.46947521033246,298.5978757596064,201.90443659121155,11.642433168798224,-306.0252735754078,89.56503861912094,1.5083170148229863,7.427397815801463
5488.0,75.32434844970703,291.4694665783341,13.150737070584288,-298.5978615745113,291.4694665783341,298.5978615745113,201.90442804073098,11.642420165666376,-306.0252593027699,89.56503853760314,1.508316904917911,7.427397728258619
5496.0,75.43425750732422,291.4694633341399,13.1507372179156,-298.597872742895,291.4694633341399,298.597872742895,201.90442489587463,11.642420084196551,-306.0252703402623,89.56503843826528,1.5083171337190482,7.427397597367296
5504.0,75.54417419433594,291.46946653445093,13.15073359091738,-298.5978517735063,291.46946653445093,298.5978517735063,201.9044277415524,11.642416340030055,-306.02524963260055,89.56503879289855,1.508317250887326,7.427397859094235
5512.0,75.65409088134766,291.4694804019603,13.150729352756091,-298.5978787924553,291.4694804019603,298.5978787924553,201.90444175059793,11.642412365469198,-306.02527683225435,89.56503865136239,1.508316987286892,7.427398039799044
5520.0,75.76399993896484,291.4694491327589,13.15073276493878,-298.59784505913717,291.4694491327589,298.59784505913717,201.90441021709307,11.642415733121725,-306.02524295512,89.56503891566578,1.5083170318170556,7.427397895982843
5528.0,75.87391662597656,291.46946239733927,13.15073308622895,-298.5978818141979,291.46946239733927,298.5978818141979,201.90442333183532,11.642415978346005,-306.02527990916496,89.56503906550395,1.5083171078829443,7.427398094967117
5536.0,75.98383331298828,291.46946246038976,13.15072883205431,-298.5978790014,291.46946246038976,298.5978790014,201.90442359368043,11.642411818072066,-306.02527714420484,89.56503886670933,1.5083170139822446,7.42739814280484
5544.0,76.09374237060547,291.46946749421807,13.150726378751468,-298.5978942346277,291.46946749421807,298.5978942346277,201.90442815927474,11.642409337839668,-306.025292385175,89.56503933494335,1.5083170409117992,7.427398150547312
5552.0,76.20365905761719,291.4694539547289,13.15071558830192,-298.5978791128646,291.4694539547289,298.5978791128646,201.90441463075854,11.642398407538321,-306.0252772651365,89.56503932397035,1.5083171807635978,7.427398152271884
5560.0,76.3135757446289,291.4694544716719,13.150714668709158,-298.5978646633405,291.4694544716719,298.5978646633405,201.90441526200954,11.642397940429602,-306.02526273897195,89.56503920966237,1.5083167282795564,7.427398075631444
5568.0,76.42349243164062,291.4694530919057,13.150717798301503,-298.5978646970443,291.4694530919057,298.5978646970443,201.90441398863985,11.642400877189836,-306.02526327427825,89.56503910326583,1.5083169211116667,7.427398577233916
5576.0,76.53340911865234,291.46945663921855,13.150716427540363,-298.59786779807604,291.46945663921855,298.59786779807604,201.90441767873511,11.642399165080512,-306.02526645581327,89.56503896048343,1.508317262459852,7.427398657737228
5584.0,76.64331817626953,291.46946930591054,13.150707389114425,-298.5979180213875,291.46946930591054,298.5979180213875,201.90443012275023,11.64239056000976,-306.0253163744718,89.56503918316031,1.5083168291046647,7.427398353084314
5592.0,76.75323486328125,291.46944714276526,13.150704755121993,-298.5978841405323,291.46944714276526,298.5978841405323,201.90440785228355,11.642387956419153,-306.0252824357071,89.56503929048174,1.5083167987028396,7.427398295174804
5600.0,76.86315155029297,291.46945574935717,13.150705247171912,-298.59788075836366,291.46945574935717,298.59788075836366,201.904416437627,11.642388475897699,-306.0252792116156,89.5650393117302,1.5083167712742132,7.427398453251975
5608.0,76.97306060791016,291.46945923827786,13.150705730189731,-298.597894630737,291.46945923827786,298.597894630737,201.904419724226,11.64238898567706,-306.02529297331785,89.56503951405189,1.5083167445126717,7.4273983425808225
5616.0,77.08297729492188,291.46946078396684,13.150699785252804,-298.59790279565954,291.46946078396684,298.59790279565954,201.9044213764588,11.642382760364042,-306.02530129980306,89.56503940750801,1.5083170248887638,7.427398504143518
5624.0,77.1928939819336,291.4694453071354,13.150693729665766,-298.597894596186,291.4694453071354,298.597894596186,201.90440610948474,11.64237703747572,-306.0252933058265,89.56503919765063,1.5083166921900464,7.4273987096405065
5632.0,77.30280303955078,291.46944512872426,13.15069936585488,-298.5978712891428,291.46944512872426,298.5978712891428,201.90440580330988,11.642382826806958,-306.02526981736446,89.56503932541439,1.5083165390479207,7.427398528221644
5640.0,77.4127197265625,291.46946283927525,13.150689808377155,-298.59791680740466,291.46946283927525,298.59791680740466,201.9044231785794,11.6423729386844,-306.0253156522759,89.56503966069585,1.5083168696927567,7.427398844871227
5648.0,77.52265930175781,291.46944770357663,13.150690474693864,-298.5979024980412,291.46944770357663,298.5979024980412,201.90440825577963,11.642374064672943,-306.02530135887093,89.56503944779699,1.508316410020921,7.427398860829754
5656.0,77.63257598876953,291.4694463572373,13.150688603524362,-298.5978762797793,291.4694463572373,298.5978762797793,201.90440664934363,11.642372076533674,-306.02527517618876,89.5650397078937,1.508316526990689,7.427398896409443
5664.0,77.74248504638672,291.46944851193314,13.150691009218818,-298.5978901465952,291.46944851193314,298.5978901465952,201.90440877966918,11.642374265909147,-306.0252891838933,89.56503973226398,1.5083167433096714,7.427399037298073
5672.0,77.85240173339844,291.4694541764943,13.15067980993642,-298.5978890447921,291.4694541764943,298.5978890447921,201.9044141393508,11.642363312925678,-306.0252880968801,89.56504003714355,1.5083164970107426,7.427399052087971
5680.0,77.96231842041016,291.4694538586416,13.150692964017779,-298.5978852465272,291.4694538586416,298.5978852465272,201.904414026494,11.642376418196822,-306.0252843025321,89.56503983214759,1.508316545820957,7.427399056004894
5688.0,78.07222747802734,291.46944534949404,13.150685521417222,-298.5978783910591,291.46944534949404,298.5978783910591,201.90440559692314,11.642368923734004,-306.02527724207584,89.5650397525709,1.5083165976832174,7.42739885101674
5696.0,78.18214416503906,291.46945024617145,13.150674177741301,-298.59790873843957,291.46945024617145,298.59790873843957,201.90441043285736,11.642357633368043,-306.02530807411847,89.5650398133141,1.5083165443732574,7.427399335678913
5704.0,78.29206085205078,291.46946158721266,13.150675243137046,-298.5979322395387,291.46946158721266,298.5979322395387,201.90442157271855,11.642358891068923,-306.02533118777603,89.56504001449414,1.5083163520681229,7.427398948237361
5712.0,78.40196990966797,291.46945033202326,13.150672287076134,-298.5979090714369,291.46945033202326,298.5979090714369,201.90441000903803,11.642355610593597,-306.0253082070016,89.56504032298521,1.5083166764825355,7.427399135564734
5720.0,78.51188659667969,291.46943803718574,13.150673444340647,-298.5978729861068,291.46943803718574,298.5978729861068,201.90439761704062,11.642356847702768,-306.0252722985654,89.56504042014514,1.5083165966378784,7.4273993124586255
5728.0,78.6218032836914,291.46945140766286,13.150676407114041,-298.5978984156438,291.46945140766286,298.5978984156438,201.90441097174588,11.642360027548717,-306.0252975632693,89.56504043591701,1.5083163795653238,7.427399147625529
5736.0,78.7317123413086,291.4694455160005,13.150678636416703,-298.59788957696077,291.4694455160005,298.59788957696077,201.90440564586595,11.64236215438069,-306.0252890991046,89.5650398701346,1.5083164820360127,7.42739952214383
5744.0,78.84162902832031,291.46944565015394,13.150676009903416,-298.5978926811583,291.46944565015394,298.5978926811583,201.90440549095683,11.642359370289629,-306.025291977026,89.56504015919711,1.5083166396137866,7.427399295867666
5752.0,78.95154571533203,291.4694513413318,13.150671637601697,-298.5979066429548,291.4694513413318,298.5979066429548,201.9044112589537,11.642355009349323,-306.02530600933,89.56504008237812,1.5083166282523726,7.427399366375177
5760.0,79.06146240234375,291.4694459119029,13.15067257009784,-298.59791119238946,291.4694459119029,298.59791119238946,201.90440583749384,11.642355967342562,-306.0253104718925,89.56504007440904,1.5083166027552766,7.427399279503071
5768.0,79.17137908935547,291.4694424559639,13.150664574476814,-298.59789054756163,291.4694424559639,298.59789054756163,201.9044021071455,11.642348094169034,-306.0252900306351,89.56504034881837,1.5083164803077809,7.427399483073501
5776.0,79.28128814697266,291.46944382238246,13.150664028231708,-298.59790289320875,291.46944382238246,298.59790289320875,201.9044034745676,11.642347461273223,-306.0253023347856,89.56504034781489,1.5083165669584844,7.4273994415768385
5784.0,79.39120483398438,291.4694500351667,13.150669495095617,-298.5979219750998,291.4694500351667,298.5979219750998,201.9044097786794,11.642353004025772,-306.0253213635299,89.5650402564873,1.5083164910698441,7.4273993884301035
5792.0,79.5011215209961,291.4694436548583,13.150652360703184,-298.59791956345356,291.4694436548583,298.59791956345356,201.9044033422587,11.642335860572807,-306.02531897657457,89.56504031259959,1.508316500130376,7.427399413121009
5800.0,79.61103057861328,291.4694482117143,13.150663957244692,-298.5979305812456,291.4694482117143,298.5979305812456,201.90440794037508,11.64234746243605,-306.02533000460375,89.56504027133917,1.5083164948086418,7.427399423358153
5808.0,79.720947265625,291.469448816596,13.150662047737153,-298.5979269165438,291.469448816596,298.5979269165438,201.90440840442136,11.642345343808591,-306.02532661202946,89.56504041217467,1.5083167039285623,7.427399695485626
5816.0,79.83086395263672,291.4694512488413,13.150657547252054,-298.59794155025884,291.4694512488413,298.59794155025884,201.9044109857519,11.64234092667592,-306.0253409734612,89.5650402630894,1.5083166205761334,7.4273994232023455
5824.0,79.9407730102539,291.46942779278504,13.15064695098818,-298.5978905847364,291.46942779278504,298.5978905847364,201.90438740994065,11.642330584693752,-306.02529038045526,89.5650403828444,1.5083163662944283,7.42739979571887
5832.0,80.05068969726562,291.4694459555799,13.150645677497929,-298.5979446072787,291.4694459555799,298.5979446072787,201.9044057067933,11.642329284216297,-306.02534404609605,89.56504024878654,1.508316393281632,7.427399438817389
5840.0,80.16060638427734,291.4694449366203,13.150657113637816,-298.59791521888826,291.4694449366203,298.59791521888826,201.90440450312747,11.64234051243388,-306.0253149344213,89.56504043349281,1.508316601203937,7.427399715533063
5848.0,80.27051544189453,291.46942066181725,13.150644331314528,-298.5978939863774,291.46942066181725,298.5978939863774,201.9043803206618,11.642327892480319,-306.02529354054917,89.56504034115544,1.5083164388342079,7.427399554171771
5856.0,80.38043212890625,291.4694559413783,13.15065398575177,-298.5979358713773,291.4694559413783,298.5979358713773,201.9044153839448,11.642337642045952,-306.02533554074074,89.56504055743349,1.5083163437058182,7.4273996693634885
5864.0,80.49034881591797,291.46944143448974,13.150650817168376,-298.59788518316185,291.46944143448974,298.59788518316185,201.904401107233,11.64233444471408,-306.0252848899303,89.56504032725672,1.5083163724542965,7.427399706768448
5872.0,80.60025787353516,291.4694376107574,13.150650202868178,-298.59795113503145,291.4694376107574,298.59795113503145,201.9043971808829,11.642333794687172,-306.02535067139615,89.56504042987444,1.508316408181007,7.427399536364703
5880.0,80.71017456054688,291.469438058208,13.150656042982394,-298.5979055719573,291.469438058208,298.5979055719573,201.90439774818424,11.642339503897528,-306.0253050732275,89.56504031002378,1.5083165390848663,7.42739950127023
5888.0,80.8200912475586,291.4694462485289,13.150642987613052,-298.5979413030167,291.4694462485289,298.5979413030167,201.90440588294587,11.642326568568741,-306.0253412734257,89.56504036558309,1.508316419044311,7.42739997040902
5896.0,80.93000030517578,291.46944894096737,13.150641769693973,-298.59795853540794,291.46944894096737,298.59795853540794,201.9044085002412,11.642325075862253,-306.02535835417893,89.56504044072616,1.5083166938317207,7.427399818771015
5904.0,81.0399398803711,291.4694416781258,13.150641895212182,-298.597930835597,291.4694416781258,298.597930835597,201.90440144604867,11.642325451799909,-306.0253303819253,89.56504023207711,1.508316443412273,7.427399546328253
5912.0,81.14985656738281,291.4694420381929,13.150645194730409,-298.5979120163791,291.4694420381929,298.5979120163791,201.9044018101256,11.6423287199653,-306.0253118282105,89.56504022806729,1.5083164747651088,7.4273998118314
5920.0,81.25977325439453,291.4694404847254,13.150641438450705,-298.5979472950501,291.4694404847254,298.5979472950501,201.90439992601438,11.642324941633326,-306.0253467377969,89.56504055871102,1.50831649681738,7.42739944274679
5928.0,81.36968231201172,291.4694381530326,13.15064122305235,-298.5979235692359,291.4694381530326,298.5979235692359,201.90439768918887,11.64232469303489,-306.0253235804556,89.56504046384376,1.5083165300174608,7.427400011219731
5936.0,81.47959899902344,291.46943619565184,13.15063493699041,-298.5979303725958,291.46943619565184,298.5979303725958,201.90439581769206,11.642318624254806,-306.0253298823383,89.56504037795979,1.5083163127356052,7.427399509742557
5944.0,81.58951568603516,291.4694504833091,13.15063855183362,-298.59796521189054,291.4694504833091,298.59796521189054,201.90440997492567,11.64232221767376,-306.0253648434905,89.56504050838345,1.5083163341598604,7.4273996315999256
5952.0,81.69942474365234,291.4694320799753,13.150640460978444,-298.5979337921294,291.4694320799753,298.5979337921294,201.90439137361832,11.642324230382547,-306.02533368062615,89.565040706357,1.508316230595896,7.427399888496723
5960.0,81.80934143066406,291.469444812373,13.150633130117502,-298.59794536124616,291.469444812373,298.59794536124616,201.90440393064154,11.642316935415863,-306.0253451739769,89.56504088173146,1.5083161947016395,7.427399812730762
5968.0,81.91925811767578,291.4694384995493,13.150636899762715,-298.5979291768329,291.4694384995493,298.5979291768329,201.9043974288675,11.642320690648027,-306.02532891433304,89.56504107068183,1.5083162091146871,7.427399737500124
5976.0,82.0291748046875,291.46944932800704,13.150636704075259,-298.5979714261514,291.46944932800704,298.5979714261514,201.90440829565478,11.64232059387104,-306.025371366121,89.56504103235227,1.5083161102042197,7.4273999399696535
5984.0,82.13909149169922,291.4694446388393,13.15062912396612,-298.5979607252677,291.4694446388393,298.5979607252677,201.9044040895069,11.642312972426827,-306.0253604890529,89.56504054933244,1.508316151539291,7.427399763785232
5992.0,82.2490005493164,291.46944901806717,13.150626929554715,-298.5979640503731,291.46944901806717,298.5979640503731,201.90440835007377,11.642310919669768,-306.02536362362224,89.56504066799343,1.508316009884946,7.4273995732491755
6000.0,82.35891723632812,291.46943244031854,13.150628650896333,-298.59793284901076,291.46943244031854,298.59793284901076,201.90439192714092,11.642312351405891,-306.0253327590481,89.56504051317759,1.5083162994904429,7.427399910037366
6008.0,82.46883392333984,291.46943365640954,13.150624084418325,-298.5979274146755,291.46943365640954,298.5979274146755,201.904392732133,11.642307858540322,-306.02532754213223,89.56504092427654,1.508316225878004,7.427400127456735
6016.0,82.57874298095703,291.4694376716184,13.150625319094367,-298.597936429592,291.4694376716184,298.597936429592,201.9043969190448,11.642309211209671,-306.0253365852994,89.56504075257354,1.5083161078846956,7.427400155707396
6024.0,82.68865966796875,291.46944208619885,13.150623831133988,-298.5979517018536,291.46944208619885,298.5979517018536,201.90440124300815,11.6423077232489,-306.0253518241485,89.5650408431907,1.5083161078850873,7.427400122294877
6032.0,82.79857635498047,291.4694473858699,13.150623059682857,-298.5979704501927,291.4694473858699,298.5979704501927,201.90440658287037,11.642306872391316,-306.02537054674366,89.5650408029995,1.508316187291542,7.427400096550954
6040.0,82.90848541259766,291.46944056416714,13.150628817560172,-298.5979366693967,291.46944056416714,298.5979366693967,201.9043997109655,11.64231258062128,-306.0253365675862,89.56504085320162,1.5083162369388923,7.427399898189506
6048.0,83.01840209960938,291.46944322044493,13.150623548694876,-298.59793863463625,291.46944322044493,298.59793863463625,201.90440267631087,11.642307096032127,-306.02533874767806,89.56504054413406,1.5083164526627488,7.42740011304182
6056.0,83.1283187866211,291.46943439835496,13.150620633429678,-298.5979353169134,291.46943439835496,298.5979353169134,201.9043934797461,11.642304349105473,-306.0253354523248,89.56504091860887,1.5083162843242066,7.427400135411418
6064.0,83.23822784423828,291.4694282568426,13.150632650465802,-298.5979332070241,291.4694282568426,298.5979332070241,201.9043874916091,11.64231626147032,-306.02533340327176,89.5650407652335,1.5083163889954827,7.4274001962476675
6072.0,83.34814453125,291.46943856338385,13.15062219906973,-298.5979456989785,291.46943856338385,298.5979456989785,201.90439774670617,11.642305965226765,-306.02534575737855,89.56504081667765,1.5083162338429652,7.427400058400025
6080.0,83.45806121826172,291.4694322387959,13.15062413952526,-298.5979339262651,291.4694322387959,298.5979339262651,201.90439133393653,11.642307863403786,-306.025334070275,89.56504090485936,1.508316276121473,7.427400144009887
6088.0,83.5679702758789,291.4694360307224,13.150627847260768,-298.59794383981534,291.4694360307224,298.59794383981534,201.9043951908784,11.642311513694644,-306.02534399411246,89.56504083984402,1.5083163335661256,7.427400154297111
6096.0,83.67788696289062,291.4694382263696,13.150622032386147,-298.5979209505787,291.4694382263696,298.5979209505787,201.90439730149353,11.642306000112558,-306.02532097415974,89.56504092487607,1.508316032273589,7.427400023581015
6104.0,83.78780364990234,291.46942964777315,13.150629868990432,-298.59793876950346,291.46942964777315,298.59793876950346,201.90438878709313,11.642313690618277,-306.0253389816716,89.56504086068006,1.5083161783721541,7.427400212168159
6112.0,83.89771270751953,291.46945120991273,13.150625543138933,-298.59796507715515,291.46945120991273,298.59796507715515,201.90441028739053,11.642309161336375,-306.0253652431244,89.5650409225222,1.5083163818025573,7.427400165969253
6120.0,84.00762939453125,291.46943342008416,13.150623622429162,-298.5979573092317,291.46943342008416,298.5979573092317,201.90439272193822,11.642307479211107,-306.0253575772011,89.56504069814592,1.5083161432180558,7.427400267969375
6128.0,84.11754608154297,291.46943495620627,13.15061830771267,-298.59793931167354,291.46943495620627,298.59793931167354,201.9043941532297,11.64230198963555,-306.0253396296216,89.56504080297655,1.5083163180771182,7.427400317948084
6136.0,84.22745513916016,291.46943262073,13.150616618231746,-298.59793364976423,291.46943262073,298.59793364976423,201.90439174371477,11.64230064168921,-306.025334092147,89.56504087701526,1.5083159765425354,7.427400442382748
6144.0,84.33737182617188,291.4694376528406,13.150624869988885,-298.597952308792,291.4694376528406,298.597952308792,201.90439688750007,11.64230847808415,-306.02535269150104,89.56504076534054,1.5083163919047342,7.427400382709031
6152.0,84.4472885131836,291.4694273566622,13.150613946225658,-298.59792688714634,291.4694273566622,298.59792688714634,201.90438645665515,11.642297714092068,-306.0253269379747,89.56504090000709,1.5083162321335903,7.427400050828325
6160.0,84.5572280883789,291.4694332258968,13.15062051502348,-298.59792824369197,291.4694332258968,298.59792824369197,201.90439222579965,11.64230434004741,-306.02532839562446,89.56504100009717,1.5083161749760707,7.42740015193246
6168.0,84.66714477539062,291.46944249407346,13.150621286267032,-298.59797214804274,291.46944249407346,298.59797214804274,201.90440121960683,11.642304756629901,-306.02537224380274,89.56504127446665,1.5083165296371321,7.427400095760007
6176.0,84.77706146240234,291.46943084043835,13.150616100668469,-298.59792612817574,291.46943084043835,298.59792612817574,201.90439014086186,11.64229994485619,-306.0253263963956,89.56504069957646,1.5083161558122784,7.42740026821987
6184.0,84.88697052001953,291.46941047256644,13.150620224930803,-298.5979030555836,291.46941047256644,298.5979030555836,201.90436918606883,11.642303945427876,-306.0253034658948,89.56504128649759,1.5083162795029263,7.427400410311236
6192.0,84.99688720703125,291.46943701518944,13.15062156112975,-298.59793368906014,291.46943701518944,298.59793368906014,201.90439589447732,11.642305470656984,-306.0253340718431,89.56504112071212,1.5083160904727668,7.427400382782913
6200.0,85.10680389404297,291.46943280753675,13.15061788521829,-298.59792361099653,291.46943280753675,298.59792361099653,201.90439182658616,11.642301670312085,-306.02532380299914,89.56504098095058,1.5083162149062055,7.4274001920026365
6208.0,85.21671295166016,291.46944745618254,13.150621520592564,-298.5979773559904,291.46944745618254,298.5979773559904,201.90440660670325,11.64230500384806,-306.0253777098354,89.56504084947927,1.5083165167445038,7.427400353845044
6216.0,85.32662963867188,291.46942964356145,13.150622997949243,-298.59793259755156,291.46942964356145,298.59793259755156,201.90438885850287,11.642306935509952,-306.025332984377,89.56504078505859,1.5083160624392917,7.427400386825418
6224.0,85.4365463256836,291.4694357467112,13.150615904108548,-298.59793037276626,291.4694357467112,298.59793037276626,201.90439494372237,11.642299679628394,-306.02533074390533,89.56504080298885,1.5083162244801533,7.427400371139058
6232.0,85.54644775390625,291.4694437873287,13.15061438338276,-298.59793927303286,291.4694437873287,298.59793927303286,201.9044028418704,11.642298330172476,-306.02533971011667,89.56504094545832,1.5083160532102822,7.427400437083811
6240.0,85.6563720703125,291.46944068616364,13.150623462595671,-298.5979507151359,291.46944068616364,298.5979507151359,201.90439966024485,11.64230714460313,-306.0253513531325,89.56504102591877,1.5083163179925405,7.427400637996612
6248.0,85.76627349853516,291.46943086863007,13.15061665360846,-298.59794478911067,291.46943086863007,298.59794478911067,201.90438993651435,11.642300326385385,-306.02534520148765,89.56504093211569,1.508316327223075,7.427400412377004
6256.0,85.8761978149414,291.46944406608986,13.150618257271969,-298.59796704152257,291.46944406608986,298.59796704152257,201.90440289058702,11.64230202776914,-306.0253675322624,89.56504117550284,1.5083162295028272,7.427400490739814
6264.0,85.9861068725586,291.4694430149598,13.150621682105832,-298.59795644556874,291.4694430149598,298.59795644556874,201.9044017272623,11.642305405790756,-306.0253567443581,89.5650412876975,1.5083162763150755,7.427400298789344
6272.0,86.09603118896484,291.46943946974653,13.150617079825402,-298.59792177253416,291.46943946974653,298.59792177253416,201.9043981227592,11.642300968100852,-306.0253222988649,89.56504134698731,1.5083161117245512,7.427400526330757
6280.0,86.2059326171875,291.46943848641524,13.150616820175124,-298.59794199398266,291.46943848641524,298.59794199398266,201.90439719378213,11.642300509396414,-306.025342650546,89.56504129263311,1.508316310778711,7.42740065656335
6288.0,86.31585693359375,291.46945294775253,13.150612486206267,-298.59798135829845,291.46945294775253,298.59798135829845,201.90441170551847,11.642296339083012,-306.02538163542175,89.56504124223405,1.5083161471232538,7.427400277123276
6296.0,86.4257583618164,291.46943660388433,13.150620064954756,-298.59794762581976,291.46943660388433,298.59794762581976,201.9043956209652,11.64230408837007,-306.0253481570362,89.56504098291916,1.5083159765846865,7.4274005312164775
6304.0,86.53568267822266,291.46943947638783,13.15062393745916,-298.59794100729727,291.46943947638783,298.59794100729727,201.90439800868978,11.64230778003104,-306.0253415875402,89.56504146769805,1.508316157428121,7.4274005802429315
6312.0,86.64559173583984,291.4694439052859,13.150624997291505,-298.5979496677559,291.4694439052859,298.5979496677559,201.9044026025187,11.6423087062938,-306.02535064211827,89.56504130276723,1.5083162909977057,7.427400974362328
6320.0,86.7555160522461,291.4694412234573,13.150621629043268,-298.5979411464748,291.4694412234573,298.5979411464748,201.9043999363755,11.6423055647256,-306.0253415437596,89.56504128708178,1.5083160643176674,7.427400397284842
6328.0,86.86541748046875,291.4694349833053,13.150617746666263,-298.5979341822094,291.4694349833053,298.5979341822094,201.9043937230797,11.642301389271221,-306.02533503932955,89.56504126022563,1.508316357395043,7.427400857120119
6336.0,86.975341796875,291.4694316419733,13.150621374433289,-298.5979030320131,291.4694316419733,298.5979030320131,201.90439005665132,11.64230517997485,-306.02530372467675,89.56504158532195,1.5083161944584393,7.427400692663625
6344.0,87.08524322509766,291.4694439076765,13.150627271306549,-298.5979343138927,291.4694439076765,298.5979343138927,201.9044023664768,11.642311051912392,-306.02533490921604,89.56504154119973,1.5083162193941568,7.427400595323299
6352.0,87.1951675415039,291.46943213362306,13.1506187597133,-298.5979345856651,291.46943213362306,298.5979345856651,201.90439093447455,11.64230268133658,-306.025335313004,89.56504119914848,1.5083160783767182,7.427400727338934
6360.0,87.3050765991211,291.46944630525104,13.150620810555461,-298.5979442675229,291.46944630525104,298.5979442675229,201.90440491883606,11.642304811354212,-306.02534478369864,89.56504138641495,1.5083159992012494,7.4274005161757515
6368.0,87.41500091552734,291.469450420181,13.150627078153843,-298.5979858590736,291.469450420181,298.5979858590736,201.9044090755308,11.642310910146525,-306.02538642852323,89.56504134465017,1.5083161680073163,7.42740056944961
6376.0,87.52490234375,291.46944584114334,13.150627127928109,-298.5979526864036,291.46944584114334,298.5979526864036,201.90440440805284,11.64231101052948,-306.02535348164304,89.5650414330905,1.5083161173986284,7.427400795239436
6384.0,87.63482666015625,291.4694246345822,13.150615481600042,-298.5979220181407,291.4694246345822,298.5979220181407,201.90438341894372,11.642299214789222,-306.0253228726392,89.56504121563847,1.5083162668108203,7.4274008544984795
6392.0,87.7447280883789,291.46942743647236,13.15063188584029,-298.59789729920624,291.46942743647236,298.59789729920624,201.904385976294,11.642315594748785,-306.02529835516685,89.56504146017835,1.5083162910915044,7.427401055960644
6400.0,87.85465240478516,291.4694246024449,13.150629055475816,-298.5979032453455,291.4694246024449,298.5979032453455,201.9043831485264,11.642312985787711,-306.02530420362837,89.56504145391851,1.5083160696881048,7.42740095828286
6408.0,87.96456146240234,291.46943983398853,13.150622929041145,-298.597940881636,291.46943983398853,298.597940881636,201.90439838641632,11.64230709121058,-306.0253416240227,89.56504144757218,1.5083158378305646,7.427400742386666
6416.0,88.07450103759766,291.46943960005706,13.15062833472209,-298.5979000218774,291.46943960005706,298.5979000218774,201.9043979832416,11.642312160844739,-306.0253011396971,89.56504161681542,1.5083161738773505,7.427401117819699
6424.0,88.1844253540039,291.469437014191,13.150625449943117,-298.59793299776754,291.469437014191,298.59793299776754,201.9043954597343,11.642309453448222,-306.0253336726154,89.56504155445668,1.5083159964948951,7.427400674847803
6432.0,88.2943344116211,291.4694377614817,13.150626214667817,-298.59793598257966,291.4694377614817,298.59793598257966,201.90439620650807,11.64231003845126,-306.0253371099193,89.5650415549736,1.5083161762165558,7.427401127339635
6440.0,88.40425872802734,291.4694355831853,13.150625488507568,-298.5979203426504,291.4694355831853,298.5979203426504,201.90439401236046,11.642309401214213,-306.0253212602512,89.56504157082485,1.5083160872933554,7.427400917600757
6448.0,88.51416015625,291.4694522888895,13.150624286325986,-298.5979623514422,291.4694522888895,298.5979623514422,201.90441073670183,11.64230843575979,-306.0253630537131,89.56504155218767,1.5083158505661958,7.4274007022708375
6456.0,88.62408447265625,291.469434860603,13.150628694429718,-298.5979247056405,291.469434860603,298.5979247056405,201.90439306786382,11.642312814086047,-306.0253259643489,89.56504179273918,1.5083158803436714,7.427401258708443
6464.0,88.7339859008789,291.469439695921,13.150629524375098,-298.59794784083937,291.469439695921,298.59794784083937,201.904397937083,11.642313720956658,-306.0253490522967,89.56504175883798,1.5083158034184416,7.42740121145733
6472.0,88.84391021728516,291.4694460892506,13.150625379256907,-298.59794302857733,291.4694460892506,298.59794302857733,201.9044042362383,11.642309611830314,-306.0253440162951,89.56504185301227,1.508315767426593,7.427400987717775
6480.0,88.95381927490234,291.46943699450816,13.150629381621727,-298.5979202651499,291.46943699450816,298.5979202651499,201.90439503949267,11.642313498753953,-306.0253212665792,89.5650419550155,1.5083158828677732,7.427401001429331
6488.0,89.0637435913086,291.4694452815194,13.15062523573105,-298.59794414503784,291.4694452815194,298.59794414503784,201.90440331580513,11.642309341434842,-306.02534507554725,89.5650419657143,1.5083158942962083,7.4274009305093855
6496.0,89.17364501953125,291.46942849431696,13.150636746948106,-298.597905274286,291.46942849431696,298.597905274286,201.90438620782595,11.642320864376359,-306.0253064449056,89.565042286491,1.5083158825717478,7.4274011706196035
6504.0,89.2835693359375,291.4694464127127,13.150632195181359,-298.59793668572905,291.4694464127127,298.59793668572905,201.90440442175824,11.642316332528175,-306.02533789182667,89.56504199095448,1.5083158626531832,7.427401206097606
6512.0,89.39347076416016,291.46943342925704,13.150636346034515,-298.5979073996926,291.46943342925704,298.5979073996926,201.90439118469058,11.64232055133407,-306.0253085119372,89.56504224456643,1.5083157947004455,7.4274011122446595
6520.0,89.5033950805664,291.46944369783756,13.150632411257158,-298.5979357884452,291.46944369783756,298.5979357884452,201.90440158866747,11.642316907926688,-306.02533675035806,89.5650421091701,1.5083155033304703,7.427400961912831
6528.0,89.6133041381836,291.46942699422937,13.150637308466756,-298.5978897415707,291.46942699422937,298.5978897415707,201.90438472811766,11.642321601964987,-306.0252910150524,89.56504226611172,1.5083157065017678,7.427401273481685
6536.0,89.72322845458984,291.4694444351097,13.150635616700285,-298.5979277957648,291.4694444351097,298.5979277957648,201.90440215076705,11.642319756707895,-306.02532904651815,89.5650422843427,1.5083158599923907,7.427401250753377
6544.0,89.8331298828125,291.46944222518607,13.150640193463381,-298.5979034129544,291.46944222518607,298.5979034129544,201.9043999477805,11.64232428052481,-306.02530459989345,89.56504227740561,1.5083159129385715,7.4274011869390435
6552.0,89.94305419921875,291.46945763379404,13.15064051150158,-298.5979302975698,291.46945763379404,298.5979302975698,201.90441521141415,11.642324548717163,-306.0253315605717,89.5650424223799,1.5083159627844172,7.427401263001933
6560.0,90.0529556274414,291.46944330168526,13.150643506440405,-298.59791155525704,291.46944330168526,298.59791155525704,201.90440083183196,11.642327861307047,-306.02531282408563,89.56504246985332,1.508315645133358,7.427401268828611
6568.0,90.16287994384766,291.46944590013993,13.15064480667827,-298.5979224805531,291.46944590013993,298.5979224805531,201.90440354519313,11.642328683132964,-306.0253233984331,89.56504235494677,1.5083161235453062,7.427400917880014
6576.0,90.27278900146484,291.4694384026435,13.150637980324213,-298.5979018627187,291.4694384026435,298.5979018627187,201.90439651372506,11.642322080995022,-306.0253031426046,89.56504188891846,1.5083158993291912,7.427401279885942
6584.0,90.3827133178711,291.4694434879459,13.15063960000132,-298.59794922750945,291.4694434879459,298.59794922750945,201.90440127281408,11.642323865312502,-306.0253503471929,89.5650422151318,1.508315734688817,7.427401119683459
6592.0,90.49261474609375,291.46945142230163,13.15064512738481,-298.59791907371846,291.46945142230163,298.59791907371846,201.9044092504362,11.642329550926,-306.0253201153814,89.56504217186544,1.5083155764588092,7.427401041662954
6600.0,90.6025390625,291.4694518515164,13.150645113643414,-298.59794149263126,291.4694518515164,298.59794149263126,201.90440950804503,11.642329516164299,-306.02534269405777,89.56504234347139,1.5083155974791156,7.42740120142652
6608.0,90.71244049072266,291.46946219422705,13.150650857473519,-298.5979326645731,291.46946219422705,298.5979326645731,201.904419994096,11.64233498240616,-306.025333722865,89.56504220013106,1.5083158750673595,7.42740105829192
6616.0,90.8223648071289,291.46945650296965,13.150646929626642,-298.5979197748173,291.46945650296965,298.5979197748173,201.9044143544627,11.642331261059551,-306.02532113430755,89.56504214850696,1.508315668567092,7.427401359490254
6624.0,90.9322738647461,291.46944451503526,13.150652234445168,-298.59790976177516,291.46944451503526,298.59790976177516,201.90440213452192,11.642336383302386,-306.02531116523517,89.56504238051336,1.5083158511427825,7.427401403459989
6632.0,91.04219818115234,291.46945120445025,13.150645219485018,-298.59793128696873,291.46945120445025,298.59793128696873,201.90440873962038,11.642329500754759,-306.0253327240221,89.56504246482984,1.508315718730258,7.427401437053405
6640.0,91.152099609375,291.4694560692854,13.150657037957025,-298.5979218924148,291.4694560692854,298.5979218924148,201.90441329012296,11.64234119732047,-306.0253232757064,89.56504277916244,1.5083158406365555,7.427401383291631
6648.0,91.26202392578125,291.4694435446382,13.150656235780001,-298.597887131816,291.4694435446382,298.597887131816,201.904400954827,11.6423403181356,-306.02528830100766,89.56504258981117,1.5083159176444,7.427401169191661
6656.0,91.37194061279297,291.46944533215935,13.150647958400054,-298.5978874356323,291.46944533215935,298.5978874356323,201.90440255786274,11.642332192482357,-306.025288550629,89.56504277429663,1.508315765917697,7.427401114996698
6664.0,91.48184967041016,291.4694510193629,13.15065590875686,-298.59789944927184,291.4694510193629,298.59789944927184,201.90440854819286,11.642340008586558,-306.02530087381894,89.56504247117005,1.5083159001703015,7.427401424547114
6672.0,91.591796875,291.46943715539635,13.15066052087223,-298.5978833010017,291.46943715539635,298.5978833010017,201.90439455591695,11.64234443764746,-306.0252846786313,89.56504259947943,1.5083160832247708,7.427401377629614
6680.0,91.70171356201172,291.4694475935341,13.150661325268171,-298.5978908986312,291.4694475935341,298.5978908986312,201.90440510907038,11.642345483144403,-306.0252922289237,89.5650424844637,1.5083158421237686,7.427401330292504
6688.0,91.8116226196289,291.4694411435114,13.150666627454024,-298.5978955544972,291.4694411435114,298.5978955544972,201.90439842072706,11.642350986653067,-306.02529680648524,89.56504272278437,1.5083156408009568,7.427401251988073
6696.0,91.92154693603516,291.46945770510825,13.150664672018294,-298.59791017362636,291.46945770510825,298.59791017362636,201.90441501043742,11.642348924614296,-306.02531147910105,89.56504269467084,1.5083157474039988,7.427401305474696
6704.0,92.03145599365234,291.46944435678995,13.150663585428148,-298.59788107927517,291.46944435678995,298.59788107927517,201.90440156612212,11.642347944590362,-306.02528237483347,89.56504279066786,1.5083156408377851,7.42740129555829
6712.0,92.1413803100586,291.46943994308367,13.150664416727317,-298.59787303324174,291.46943994308367,298.59787303324174,201.90439692058717,11.64234872357127,-306.02527438630807,89.56504302249647,1.508315693156046,7.427401353066351
6720.0,92.25128173828125,291.4694586012432,13.150664605775582,-298.5979046652668,291.4694586012432,298.5979046652668,201.90441564402096,11.642348876008477,-306.02530595358223,89.56504295722225,1.5083157297671042,7.42740128831543
6728.0,92.3612060546875,291.46944736901844,13.150667741451393,-298.59788244917013,291.46944736901844,298.59788244917013,201.9044045859155,11.642352087480893,-306.02528373411155,89.56504278310291,1.5083156539705014,7.4274012849414035
6736.0,92.47110748291016,291.4694459225474,13.150662751018075,-298.59787784723903,291.4694459225474,298.59787784723903,201.90440314921557,11.642346900149526,-306.0252792329105,89.5650427733318,1.5083158508685477,7.4274013856715015
6744.0,92.5810317993164,291.46945270069125,13.150670565625031,-298.59789209466584,291.46945270069125,298.59789209466584,201.90440994318124,11.642355024423352,-306.0252933376331,89.56504275751001,1.5083155412016787,7.427401242967285
6752.0,92.6909408569336,291.4694551453995,13.15067115685242,-298.5978823100075,291.4694551453995,298.5978823100075,201.90441239247536,11.642355486054246,-306.02528399143034,89.56504275292411,1.508315670798174,7.427401681422872
6760.0,92.80086517333984,291.4694581161184,13.150673432681781,-298.59788509703037,291.4694581161184,298.59788509703037,201.90441525073672,11.642357662749074,-306.02528654472496,89.56504286538167,1.5083157699327066,7.427401447694578
6768.0,92.9107666015625,291.469445057704,13.15067418830154,-298.5978703316002,291.469445057704,298.5978703316002,201.9044020492821,11.64235844067277,-306.0252717340882,89.56504300842187,1.508315747628771,7.427401402488023
6776.0,93.02069091796875,291.46945127910533,13.150678767791762,-298.59789685892895,291.46945127910533,298.59789685892895,201.90440839179917,11.642363113069102,-306.02529825382726,89.56504288730613,1.5083156547226597,7.427401394898325
6784.0,93.1305923461914,291.4694701801677,13.1506789245339,-298.59790432653887,291.4694701801677,298.59790432653887,201.90442688127186,11.642363244646694,-306.0253055531582,89.56504329889589,1.5083156798872057,7.427401226619359
6792.0,93.24051666259766,291.46944582104487,13.150679118889691,-298.59786206614666,291.46944582104487,298.59786206614666,201.90440269615453,11.642363557629784,-306.02526357847887,89.56504312489034,1.5083155612599066,7.4274015123322314
6800.0,93.35042572021484,291.46944644626024,13.150681549933381,-298.5978426504088,291.46944644626024,298.5978426504088,201.90440309548413,11.642365770350406,-306.025243952693,89.56504335077612,1.5083157795829756,7.427401302284217
6808.0,93.4603500366211,291.4694553468213,13.150687950440272,-298.5978769010742,291.4694553468213,298.5978769010742,201.9044122914268,11.642372184667828,-306.02527835669224,89.56504305539451,1.508315765772445,7.427401455618082
6816.0,93.57025146484375,291.4694518041706,13.150688983373154,-298.59786846632653,291.4694518041706,298.59786846632653,201.90440864462875,11.642373323476665,-306.02526997600125,89.56504315954183,1.508315659896489,7.427401509674745
6824.0,93.68017578125,291.4694482797372,13.150685340098564,-298.59787322334375,291.4694482797372,298.59787322334375,201.90440492236834,11.642369754362196,-306.0252747824293,89.56504335736889,1.5083155857363675,7.427401559085531
6832.0,93.79007720947266,291.46946159427284,13.150695019225605,-298.5978565909634,291.46946159427284,298.5978565909634,201.90441830306688,11.642379207255912,-306.0252579628541,89.565043291206,1.5083158119696938,7.427401371890696
6840.0,93.9000015258789,291.4694683898283,13.150689307155027,-298.5978848064386,291.4694683898283,298.5978848064386,201.904425196917,11.642373541429647,-306.02528628909494,89.56504319291128,1.5083157657253796,7.427401482656315
6848.0,94.0099105834961,291.46945485191077,13.150696164755843,-298.5978463578505,291.46945485191077,298.5978463578505,201.90441169234703,11.642380741976975,-306.0252479481384,89.56504315956374,1.5083154227788667,7.42740159028785
6856.0,94.11983489990234,291.4694513123035,13.15069924938351,-298.59783922376243,291.4694513123035,298.59783922376243,201.90440807495088,11.642383486257398,-306.0252407641203,89.56504323735263,1.508315763126113,7.427401540357863
6864.0,94.229736328125,291.4694516520211,13.15070283672193,-298.5978375099691,291.4694516520211,298.5978375099691,201.90440813908288,11.642387130684714,-306.0252391190876,89.56504351293822,1.508315706037215,7.427401609118483
6872.0,94.33966064453125,291.4694597206215,13.150708363156586,-298.59784779489627,291.4694597206215,298.59784779489627,201.90441599278245,11.64239288653151,-306.02524933409916,89.56504372783905,1.5083154766250741,7.427401539202876
6880.0,94.4495620727539,291.4694614062554,13.15071233945174,-298.5978431498396,291.4694614062554,298.5978431498396,201.9044179056576,11.642396669569242,-306.0252445051317,89.5650435005978,1.5083156698824967,7.4274013552920835
6888.0,94.55948638916016,291.4694570830378,13.150709673668427,-298.59782498507474,291.4694570830378,298.59782498507474,201.90441327207543,11.642393732941663,-306.02522675601256,89.5650438109624,1.5083159407267637,7.427401770937813
6896.0,94.66939544677734,291.46945346290823,13.150702469849367,-298.5978206818457,291.46945346290823,298.5978206818457,201.9044096883241,11.64238660056986,-306.02522229244505,89.56504377458413,1.5083158692795058,7.427401610599382
6904.0,94.7793197631836,291.4694447877026,13.150712925741107,-298.59781704007565,291.4694447877026,298.59781704007565,201.90440122441714,11.642397285743126,-306.0252189222649,89.56504356328546,1.5083156399979814,7.427401882189251
6912.0,94.88922119140625,291.46947165378606,13.150720197887406,-298.5978344593714,291.46947165378606,298.5978344593714,201.90442778416184,11.642404458246599,-306.0252361889934,89.56504386962425,1.508315739640806,7.42740172962197
6920.0,94.9991455078125,291.4694647257973,13.1507144446127,-298.5978593016087,291.4694647257973,298.5978593016087,201.90442091365662,11.64239889186106,-306.02526070641966,89.56504381214069,1.5083155527516405,7.427401404810944
6928.0,95.10906982421875,291.46946499649175,13.150718008024521,-298.59783316055814,291.46946499649175,298.59783316055814,201.9044211715687,11.642401996592671,-306.0252349711077,89.56504382492307,1.50831601143185,7.4274018105495685
6936.0,95.218994140625,291.46947526975316,13.150720158009651,-298.5978504588934,291.46947526975316,298.5978504588934,201.904431470394,11.642404372217324,-306.0252519404213,89.56504379935915,1.5083157857923277,7.427401481527923
6944.0,95.32889556884766,291.46948771075176,13.15072903489872,-298.59785806828455,291.46948771075176,298.59785806828455,201.90444343250834,11.642413367541602,-306.0252597945536,89.56504427824342,1.5083156673571194,7.427401726269089
6952.0,95.4388198852539,291.4694696028546,13.15072431731662,-298.5978314419217,291.4694696028546,298.5978314419217,201.90442572482823,11.642408649487617,-306.0252329042705,89.56504387802639,1.5083156678290024,7.427401462348854
6960.0,95.5487289428711,291.4694879300248,13.150735859490815,-298.5978727110983,291.4694879300248,298.5978727110983,201.9044438791768,11.642420313949309,-306.025274470789,89.565044050848,1.5083155455415076,7.427401759690682
6968.0,95.65865325927734,291.46947089794025,13.150731599561851,-298.5978114094638,291.46947089794025,298.5978114094638,201.90442698086667,11.64241574916457,-306.02521302284805,89.56504391707355,1.508315850397282,7.427401613384227
6976.0,95.7685546875,291.46946093350505,13.150741289649734,-298.59778843817844,291.46946093350505,298.59778843817844,201.90441721139325,11.642425491231469,-306.02518999268614,89.56504372211178,1.5083157984182636,7.427401554507725
6984.0,95.87847900390625,291.4694771372509,13.150740761116907,-298.5978308607948,291.4694771372509,298.5978308607948,201.90443324222375,11.642425048780403,-306.0252323913925,89.5650438950272,1.508315712336504,7.427401530597713
6992.0,95.9883804321289,291.4694751052528,13.150742160056577,-298.59782281807577,291.4694751052528,298.59782281807577,201.90443101019946,11.642426409259883,-306.0252246126695,89.56504409505334,1.5083157507966929,7.427401794593742
7000.0,96.09830474853516,291.4694734594943,13.150746103494635,-298.5977916419138,291.4694734594943,298.5977916419138,201.9044294737834,11.642430495766178,-306.0251930443907,89.56504398571087,1.5083156077284574,7.427401402476924
7008.0,96.20821380615234,291.4694754684931,13.150748813619801,-298.59780596031874,291.4694754684931,298.59780596031874,201.9044313605019,11.642433061523663,-306.0252074611735,89.56504410799124,1.5083157520961379,7.4274015008547565
7016.0,96.3181381225586,291.46946410645756,13.150756963525215,-298.59778254689303,291.46946410645756,298.59778254689303,201.90442009110183,11.642441371926951,-306.02518416325506,89.56504401535574,1.5083155915982633,7.427401616362026
7024.0,96.42803955078125,291.4694708999021,13.150756139601015,-298.5978111160946,291.4694708999021,298.5978111160946,201.90442695021522,11.642440143140984,-306.0252124277432,89.56504394968687,1.5083159964600306,7.427401311648602
7032.0,96.5379638671875,291.4694829129395,13.150765218445809,-298.59779951505294,291.4694829129395,298.59779951505294,201.90443864321753,11.642449542778778,-306.0252008574597,89.56504426972197,1.5083156756670304,7.427401342406775
7040.0,96.64786529541016,291.46945886797937,13.150761677573643,-298.5977791124497,291.46945886797937,298.5977791124497,201.90441492781554,11.642446239426533,-306.02518063467903,89.56504394016385,1.5083154381471093,7.4274015222293315
7048.0,96.7577896118164,291.4694632712914,13.150765030717881,-298.5977823694284,291.4694632712914,298.5977823694284,201.90441916536832,11.642449166768564,-306.02518393387834,89.56504410592308,1.5083158639493162,7.427401564449966
7056.0,96.8676986694336,291.4694739615997,13.150768036395586,-298.5977827781908,291.4694739615997,298.5977827781908,201.90442987168512,11.642452506336301,-306.02518427533687,89.5650440899146,1.5083155300592859,7.4274014971460645
7064.0,96.97762298583984,291.46946597903127,13.150771963608648,-298.59777472654116,291.46946597903127,298.59777472654116,201.90442205687228,11.642456425950954,-306.02517639233383,89.56504392215902,1.5083155376576949,7.427401665792694
7072.0,97.0875244140625,291.4694658295662,13.150780136100167,-298.59777532315275,291.4694658295662,298.59777532315275,201.90442171496366,11.642464600197748,-306.0251768291365,89.56504411460257,1.5083155359024198,7.427401505983752
7080.0,97.19744873046875,291.4694685991273,13.15077570897148,-298.5977410550041,291.4694685991273,298.5977410550041,201.90442423854364,11.642460293300788,-306.0251427280929,89.56504436058368,1.5083154156706913,7.427401673088781
7088.0,97.3073501586914,291.46946079862516,13.150786439915555,-298.5977317016212,291.46946079862516,298.5977317016212,201.90441653457944,11.642470955371099,-306.0251336622947,89.56504426404575,1.5083154845444557,7.4274019606735
7096.0,97.41727447509766,291.4694716374569,13.150790583330222,-298.59776363361055,291.4694716374569,298.59776363361055,201.9044273066753,11.642475120496435,-306.02516537878347,89.56504433078157,1.508315462833787,7.427401745172936
7104.0,97.52718353271484,291.46947720769333,13.150795619810395,-298.5977606237624,291.46947720769333,298.5977606237624,201.90443305186295,11.642479850879196,-306.02516241535784,89.5650441558304,1.5083157689312001,7.42740179159545
7112.0,97.6371078491211,291.4694743741999,13.150796476500226,-298.59774751836085,291.4694743741999,298.59774751836085,201.90443012972983,11.642480718963562,-306.02514915162703,89.56504424447003,1.5083157575366641,7.427401633266179
7120.0,97.74700927734375,291.46948613141495,13.150794655669689,-298.5977629584342,291.46948613141495,298.5977629584342,201.9044418131084,11.642479087585095,-306.02516489622326,89.56504431830655,1.5083155680845932,7.42740193778905
7128.0,97.85693359375,291.4694801787344,13.150801684625376,-298.5977542876912,291.4694801787344,298.5977542876912,201.9044358545048,11.642486223412867,-306.025155919471,89.56504432422958,1.5083154612125096,7.427401631779766
7136.0,97.96683502197266,291.4694683361073,13.150803074978029,-298.59773881265585,291.4694683361073,298.59773881265585,201.90442431737313,11.642487621709009,-306.02514051031346,89.56504401873417,1.5083154532690193,7.427401697657636
7144.0,98.0767593383789,291.46948799494294,13.150816778244852,-298.5977562824494,291.46948799494294,298.5977562824494,201.90444384895903,11.64250137363754,-306.02515772535526,89.5650441459839,1.5083154046073126,7.427401442905854
7152.0,98.1866683959961,291.4694836928941,13.15080753314512,-298.59776407511066,291.4694836928941,298.59776407511066,201.90443921343,11.642492072252619,-306.0251658395686,89.56504447946404,1.5083154608924998,7.427401764457976
7160.0,98.29659271240234,291.46947678119307,13.15082018620131,-298.5977324517968,291.46947678119307,298.5977324517968,201.90443179599737,11.642504886533095,-306.0251339101154,89.56504498519567,1.5083152996682152,7.427401458318656
7168.0,98.406494140625,291.46949999111223,13.150816123528962,-298.5977476248712,291.46949999111223,298.5977476248712,201.9044551554746,11.642500870225762,-306.025149476108,89.56504483563761,1.5083152533032012,7.42740185123683
7176.0,98.51641845703125,291.4694861449371,13.150822416991565,-298.5977420215154,291.4694861449371,298.5977420215154,201.90444127605903,11.642506939648722,-306.02514373178985,89.56504486887806,1.5083154773428422,7.427401710274459
7184.0,98.6263656616211,291.46949378447164,13.150830276576599,-298.59772457917643,291.46949378447164,298.59772457917643,201.90444899558494,11.642514930886863,-306.02512616708935,89.56504478888667,1.508315345689736,7.427401587912932
7192.0,98.73627471923828,291.46948873406063,13.150829517226253,-298.59773690795276,291.46948873406063,298.59773690795276,201.90444390028676,11.642514034912635,-306.02513860730943,89.56504483377384,1.508315482313619,7.427401699356686
7200.0,98.84619140625,291.46949344729114,13.150838307184035,-298.5977112880779,291.46949344729114,298.5977112880779,201.90444850753696,11.64252299259975,-306.02511305319206,89.56504493975419,1.5083153145842862,7.427401765114176
7208.0,98.95610809326172,291.46949124785715,13.150844056331671,-298.59772021150695,291.46949124785715,298.59772021150695,201.9044461072402,11.642528523605225,-306.02512202704486,89.56504514061697,1.5083155327264466,7.427401815537877
7216.0,99.0660171508789,291.46948811948494,13.15084903026261,-298.59768736313276,291.46948811948494,298.59768736313276,201.90444279364266,11.642533629017414,-306.0250893815323,89.56504532584228,1.5083154012451958,7.427402018399533
7224.0,99.17593383789062,291.4694960747112,13.150851910030454,-298.5977262741759,291.4694960747112,298.5977262741759,201.90445095370526,11.64253648695755,-306.02512817316887,89.56504512100594,1.5083154230729052,7.42740189899294
7232.0,99.28585052490234,291.4694790075705,13.150858017926343,-298.5976803321302,291.4694790075705,298.5976803321302,201.9044337276642,11.64254263113062,-306.0250821074334,89.56504527990631,1.5083153867957222,7.427401775303174
7240.0,99.39575958251953,291.4694750312128,13.150858689571518,-298.59768346694216,291.4694750312128,298.59768346694216,201.90442986612894,11.64254327258708,-306.02508552419204,89.56504516508386,1.5083154169844368,7.427402057249864
7248.0,99.50567626953125,291.4694857741598,13.150860249949051,-298.5976703098745,291.4694857741598,298.5976703098745,201.9044401593656,11.642544390256468,-306.0250720950791,89.56504561479419,1.5083158596925834,7.427401785204616
7256.0,99.61559295654297,291.4694906466225,13.150867885815966,-298.5976676814273,291.4694906466225,298.5976676814273,201.90444506626199,11.642552204117823,-306.0250695909502,89.56504558036053,1.5083156816981438,7.42740190952285
7264.0,99.72550201416016,291.46949170217556,13.15087184655086,-298.5976879805713,291.46949170217556,298.5976879805713,201.90444621879058,11.642556467824626,-306.0250898640312,89.56504548338498,1.508315378726235,7.427401883459893
7272.0,99.83541870117188,291.4694782340032,13.150878363006278,-298.59764275533814,291.4694782340032,298.59764275533814,201.90443277186816,11.6425627251451,-306.02504467578467,89.565045462135,1.5083156378611795,7.427401920446535
7280.0,99.9453353881836,291.4694955655454,13.150881805942557,-298.5976544430301,291.4694955655454,298.5976544430301,201.90444988472296,11.642566001022661,-306.02505628851816,89.56504568082244,1.5083158049198966,7.427401845488063
7288.0,100.05524444580078,291.46949196165014,13.150884693037513,-298.597645228463,291.46949196165014,298.597645228463,201.9044462411759,11.642569094545037,-306.0250471405248,89.56504572047425,1.5083155984924765,7.427401912061804
7296.0,100.1651611328125,291.4695117034557,13.150888818205992,-298.59767456613133,291.4695117034557,298.59767456613133,201.90446578467538,11.642573351931766,-306.0250763819711,89.5650459187803,1.5083154662742269,7.427401815839723
7304.0,100.27507781982422,291.46950479337545,13.150892999132282,-298.59764445223936,291.46950479337545,298.59764445223936,201.90445897996148,11.642577350263958,-306.0250462468785,89.56504581341397,1.508315648868324,7.427401794639138
7312.0,100.3849868774414,291.46950531284836,13.150899753615978,-298.5976528443998,291.46950531284836,298.5976528443998,201.90445931248456,11.642584161415401,-306.0250545790042,89.56504600036382,1.5083155922005762,7.427401734604331
7320.0,100.49490356445312,291.4695010668472,13.150906169182548,-298.5976637370681,291.4695010668472,298.5976637370681,201.90445506127304,11.64259074193848,-306.025065445449,89.5650460055742,1.5083154272440664,7.427401708380891
7328.0,100.60482025146484,291.4694960639265,13.150910281848207,-298.5976294976743,291.4694960639265,298.5976294976743,201.90445004767363,11.642594936600874,-306.02503124896504,89.56504601625284,1.5083153452473326,7.427401751290745
7336.0,100.71472930908203,291.46950680526936,13.150914779886659,-298.59765632413144,291.46950680526936,298.59765632413144,201.90446071869073,11.64259946758454,-306.0250583665779,89.56504608657862,1.508315312302118,7.427402042446516
7344.0,100.82464599609375,291.4695016518384,13.150915470651896,-298.59764142703466,291.4695016518384,298.59764142703466,201.90445577840686,11.642600012422761,-306.025043416023,89.56504587343156,1.5083154582291343,7.427401988988336
7352.0,100.93456268310547,291.46952108052363,13.15092314167066,-298.5976784330118,291.46952108052363,298.5976784330118,201.9044749358846,11.642607827918926,-306.0250800606717,89.56504614463906,1.5083153137517327,7.427401627659869
7360.0,101.04447174072266,291.46949752627404,13.150927334920645,-298.59760512236863,291.46949752627404,298.59760512236863,201.90445148574753,11.642611924628746,-306.025006728034,89.56504604052652,1.5083154102918988,7.4274016056653664
7368.0,101.15438842773438,291.4695177604572,13.150929776933658,-298.5976403070349,291.4695177604572,298.5976403070349,201.9044717334259,11.642614332937578,-306.02504189003594,89.56504602703131,1.5083154439960804,7.427401583001021
7376.0,101.2643051147461,291.4695004554053,13.150942070092336,-298.59760250643683,291.4695004554053,298.59760250643683,201.904454036735,11.642626614590709,-306.02500403704005,89.56504641867029,1.5083154555016272,7.427401530603248
7384.0,101.37421417236328,291.46951429147765,13.15094757617119,-298.5976389707323,291.46951429147765,298.5976389707323,201.90446851398698,11.64263210329803,-306.02504076439743,89.56504577749068,1.508315472873159,7.427401793665155
7392.0,101.484130859375,291.46950673007365,13.150946784327106,-298.59762732297236,291.46950673007365,298.59762732297236,201.9044608688974,11.642631420125143,-306.0250288800804,89.56504586117626,1.5083153642019624,7.427401557108027
7400.0,101.59404754638672,291.4695182654519,13.150948278267485,-298.5976244916847,291.4695182654519,298.5976244916847,201.90447220381307,11.642632925361092,-306.0250260953393,89.56504606163881,1.5083153529063944,7.42740160365458
7408.0,101.7039566040039,291.4695170853106,13.150962106472836,-298.5976248370423,291.4695170853106,298.5976248370423,201.9044713484271,11.642646615734083,-306.02502661571356,89.56504573688349,1.5083154907387533,7.427401778671268
7416.0,101.81387329101562,291.4695054178245,13.150956282904666,-298.59757899031774,291.4695054178245,298.59757899031774,201.9044596233563,11.64264097100202,-306.024980723632,89.56504579446822,1.5083153119026464,7.427401733314234
7424.0,101.92378997802734,291.4695035280231,13.1509677651012,-298.5975746529242,291.4695035280231,298.5975746529242,201.90445773658558,11.642652161605154,-306.0249763514761,89.56504579143748,1.5083156034960457,7.427401698551883
7432.0,102.03369903564453,291.4695185408092,13.150972024321547,-298.5975962085957,291.4695185408092,298.5975962085957,201.90447218785755,11.6426565513352,-306.0249981908994,89.56504635295165,1.5083154729863466,7.427401982303728
7440.0,102.14363861083984,291.469524122171,13.150972268417373,-298.5975957295731,291.469524122171,298.5975957295731,201.90447759732868,11.642656759379442,-306.0249972559126,89.5650465248423,1.5083155090379323,7.427401526339487
7448.0,102.2535629272461,291.4695266184235,13.150986524735426,-298.5975698940627,291.4695266184235,298.5975698940627,201.90448034213472,11.642670938015069,-306.02497170500953,89.56504627628878,1.5083155867203573,7.427401810946826
7456.0,102.36346435546875,291.46951771340537,13.150983409220029,-298.5975754885423,291.46951771340537,298.5975754885423,201.90447108970926,11.642668126722228,-306.0249772115543,89.5650466236961,1.5083152824978,7.427401723012018
7464.0,102.473388671875,291.46950978190335,13.151000201216696,-298.5975638082388,291.46950978190335,298.5975638082388,201.90446325465527,11.642684833187515,-306.0249658128569,89.56504652724809,1.5083153680291819,7.4274020046181235
7472.0,102.58329010009766,291.4695289091905,13.150999800918115,-298.59757288904535,291.4695289091905,298.59757288904535,201.90448245134644,11.642684347450377,-306.02497436484083,89.56504645784406,1.5083154534677377,7.4274014757954845
7480.0,102.6932144165039,291.4695271851156,13.15100333301553,-298.5975564168027,291.4695271851156,298.5975564168027,201.9044806091536,11.642688012510815,-306.0249585016122,89.56504657596201,1.508315320504714,7.427402084809508
7488.0,102.8031234741211,291.46951996388793,13.151010064109379,-298.59754417789287,291.46951996388793,298.59754417789287,201.90447323016718,11.642694753609033,-306.0249459006857,89.56504673372078,1.508315310500346,7.4274017227928155
7496.0,102.91304779052734,291.4695320908837,13.151018879914947,-298.5975657877666,291.4695320908837,298.5975657877666,201.9044853665981,11.64270350442073,-306.02496778066245,89.56504672428564,1.5083153754942158,7.427401992895874
7504.0,103.02294921875,291.46951301554077,13.151025733614013,-298.59751909356993,291.46951301554077,298.59751909356993,201.90446616926823,11.642710462396783,-306.0249210613728,89.56504684627257,1.5083152712172287,7.427401967802908
7512.0,103.13287353515625,291.46953995028093,13.15102896852703,-298.5975420120771,291.46953995028093,298.5975420120771,201.9044930315932,11.642713607710228,-306.02494366284935,89.56504691868773,1.508315360816801,7.427401650772275
7520.0,103.24279022216797,291.46954905772293,13.1510381096595,-298.5975517086379,291.46954905772293,298.5975517086379,201.90450226684214,11.642722613261363,-306.0249536844017,89.56504679088081,1.5083154963981382,7.427401975763743
7528.0,103.35269927978516,291.4695312627926,13.151038944878456,-298.59755798080613,291.4695312627926,298.59755798080613,201.90448441891107,11.64272347467604,-306.0249597889819,89.56504684388152,1.5083154702024153,7.427401808175766
7536.0,103.46260833740234,291.46954097105834,13.151039128958061,-298.5975242164827,291.46954097105834,298.5975242164827,201.90449407018414,11.642723920423496,-306.0249263227635,89.56504690087417,1.5083152085345644,7.427402106280766
7544.0,103.5725326538086,291.4695230005678,13.151058231585822,-298.59747867678584,291.4695230005678,298.59747867678584,201.90447607161357,11.642742718583563,-306.02488045015485,89.56504692895422,1.508315513002258,7.427401773369013
7552.0,103.68243408203125,291.469528884461,13.151056630926576,-298.59749246772947,291.469528884461,298.59749246772947,201.90448188016825,11.642741239783593,-306.02489398272064,89.56504700429277,1.5083153911429825,7.427401514991168
7560.0,103.7923583984375,291.46953044017994,13.1510573886167,-298.59747627784384,291.46953044017994,298.59747627784384,201.90448334208713,11.64274193349299,-306.02487842714663,89.5650470980928,1.5083154551237081,7.427402149302772
7568.0,103.90225982666016,291.46954968818955,13.151073816374483,-298.59752353350274,291.46954968818955,298.59752353350274,201.90450260945465,11.642758200583827,-306.02492552463565,89.56504707873492,1.5083156157906554,7.427401991132889
7576.0,104.0121841430664,291.46954472825104,13.151078411187187,-298.5974949388345,291.46954472825104,298.5974949388345,201.90449783292271,11.642762888258446,-306.0248970281259,89.56504689532832,1.5083155229287417,7.427402089291419
7584.0,104.1220932006836,291.4695552522611,13.151081739636725,-298.59752446951813,291.4695552522611,298.59752446951813,201.9045084395036,11.64276635626975,-306.024926905621,89.56504681275749,1.5083153833669751,7.427402436102874
7592.0,104.23201751708984,291.46954009432113,13.151088735097883,-298.5974844746861,291.46954009432113,298.5974844746861,201.90449319073926,11.642773032830501,-306.02488648940147,89.56504690358189,1.5083157022673825,7.427402014715369
7600.0,104.3419189453125,291.4695498386285,13.151089001750979,-298.59746262435965,291.4695498386285,298.59746262435965,201.9045028748811,11.642773533526002,-306.02486448779865,89.56504696374736,1.5083154682249758,7.4274018634389805
7608.0,104.45184326171875,291.46955140292573,13.151104703575683,-298.5974728452185,291.46955140292573,298.5974728452185,201.90450432005287,11.642789428983786,-306.0248746949247,89.56504708287285,1.5083152745918964,7.427401849706214
7616.0,104.5617446899414,291.4695587094131,13.151103444254547,-298.59749389609436,291.4695587094131,298.59749389609436,201.9045115321387,11.642787963006173,-306.0248956015853,89.56504717727437,1.5083154812483741,7.427401705490915
7624.0,104.67166900634766,291.46955557482494,13.151111694121356,-298.5974650483508,291.46955557482494,298.5974650483508,201.90450835719176,11.642796199689947,-306.02486706258304,89.56504721763318,1.5083154944314092,7.427402014232257
7632.0,104.78157806396484,291.4695422206983,13.151115659664278,-298.59742182774795,291.4695422206983,298.59742182774795,201.90449507890503,11.64280017263241,-306.02482372379876,89.56504714179327,1.508315487031866,7.427401896050803
7640.0,104.8915023803711,291.4695572609797,13.15112745964829,-298.59745870907926,291.4695572609797,298.59745870907926,201.90451018543718,11.642811938948388,-306.02486079939945,89.5650470755425,1.5083155206999024,7.427402090320193
7648.0,105.00140380859375,291.46954857957905,13.151130922417275,-298.59744092757103,291.46954857957905,298.59744092757103,201.90450129603101,11.642815611221867,-306.02484305069294,89.56504728354803,1.5083153111954086,7.427402123121908
7656.0,105.111328125,291.4695637991267,13.151141971668995,-298.59745839410465,291.4695637991267,298.59745839410465,201.9045165908189,11.642826627933914,-306.0248605576199,89.56504720830782,1.50831534373508,7.427402163515218
7664.0,105.22122955322266,291.46956705684204,13.15115363797578,-298.5974410485702,291.46956705684204,298.5974410485702,201.9045196491747,11.642838211697693,-306.02484282705745,89.56504740766735,1.5083154262780862,7.427401778487244
7672.0,105.3311538696289,291.4695681936709,13.151156650771394,-298.59743256390374,291.4695681936709,298.59743256390374,201.90452091708622,11.642841233843146,-306.0248344729197,89.56504727658469,1.508315416928248,7.427401909015927
7680.0,105.44107055664062,291.46955172190917,13.151160459136754,-298.5973787455442,291.46955172190917,298.5973787455442,201.9045038749242,11.642845071511147,-306.024781078988,89.56504784698495,1.5083153876256077,7.427402333443787
7688.0,105.55098724365234,291.46955397829345,13.151174124649014,-298.59741490641875,291.46955397829345,298.59741490641875,201.90450637443476,11.642858522722982,-306.02481692768356,89.56504760385866,1.508315601926033,7.427402021264832
7696.0,105.66092681884766,291.4695571709039,13.151176873117606,-298.5974044124082,291.4695571709039,298.5974044124082,201.90450952961532,11.642861363064526,-306.02480657397774,89.56504764128857,1.5083155100530803,7.427402161569553
7704.0,105.77083587646484,291.46955939698273,13.15118193692702,-298.5973786496865,291.46955939698273,298.5973786496865,201.90451157272784,11.642866525123853,-306.0247806868962,89.56504782425486,1.5083154118031663,7.427402037209667
7712.0,105.8807601928711,291.4695681304275,13.151193638426754,-298.5973816469094,291.4695681304275,298.5973816469094,201.9045202027167,11.64287833991205,-306.0247835824015,89.5650479277108,1.5083152985147041,7.427401935492057
7720.0,105.99066162109375,291.469570796339,13.151192158949716,-298.59738994421866,291.469570796339,298.59738994421866,201.904522838444,11.642876635912765,-306.0247918298272,89.56504795789502,1.5083155230369512,7.427401885608539
7728.0,106.1005859375,291.4695617448956,13.151209431069184,-298.59735294746474,291.4695617448956,298.59735294746474,201.90451390828417,11.642893848398801,-306.02475518139687,89.56504783661143,1.5083155826703818,7.427402233932099
7736.0,106.21048736572266,291.4695776922144,13.151205500157111,-298.5973543236001,291.4695776922144,298.5973543236001,201.9045297754611,11.642890164859901,-306.0247564758264,89.5650479167533,1.50831533529721,7.427402152226314
7744.0,106.3204116821289,291.4695651544425,13.151215644035709,-298.5973428629836,291.4695651544425,298.5973428629836,201.90451734842574,11.64290013885556,-306.02474491079784,89.56504780601674,1.508315505180148,7.427402047814212
7752.0,106.4303207397461,291.4695765035904,13.15122904728932,-298.5973537626973,291.4695765035904,298.5973537626973,201.90452881468377,11.642913545216132,-306.02475589563335,89.56504768890665,1.508315502073188,7.427402132936031
7760.0,106.54024505615234,291.4695686777019,13.151234136743415,-298.5973365611148,291.4695686777019,298.5973365611148,201.90452057379514,11.642918612855025,-306.024738495886,89.56504810390678,1.50831552388839,7.427401934771261
7768.0,106.650146484375,291.46958066391267,13.151238118336053,-298.5973436021884,291.46958066391267,298.5973436021884,201.9045324500576,11.642922838094698,-306.02474576891956,89.5650482138551,1.5083152802413542,7.427402166731149
7776.0,106.76007080078125,291.46957628472416,13.151250070294083,-298.5973199194642,291.46957628472416,298.5973199194642,201.90452832461605,11.642934588524128,-306.0247221657903,89.56504796010812,1.508315481769956,7.427402246326068
7784.0,106.8699722290039,291.4695756306689,13.15125389933339,-298.59731272853116,291.4695756306689,298.59731272853116,201.90452753052796,11.642938542054532,-306.02471480233214,89.56504810014093,1.5083153572788595,7.427402073800991
7792.0,106.97989654541016,291.4695862338733,13.1512669807395,-298.59732354832516,291.4695862338733,298.59732354832516,201.90453816679502,11.642951527039504,-306.02472571073974,89.56504806707828,1.5083154536999954,7.427402162414573
7800.0,107.08980560302734,291.46958628440746,13.151266300065053,-298.5973074142382,291.46958628440746,298.5973074142382,201.90453827211627,11.642950742803016,-306.0247095463835,89.56504801229116,1.508315557262037,7.42740213214536
7808.0,107.1997299194336,291.46958247541556,13.151272826931066,-298.5972891117895,291.46958247541556,298.5972891117895,201.90453435587403,11.642957394117584,-306.02469097843255,89.56504811954156,1.5083154328134816,7.427401866643024
7816.0,107.30963134765625,291.4695744760138,13.151286876254416,-298.5972815185102,291.4695744760138,298.5972815185102,201.90452617520955,11.642971587257426,-306.0246838366846,89.56504830080422,1.5083152889969895,7.427402318174337
7824.0,107.4195556640625,291.46958652020965,13.151289640791566,-298.5972645347724,291.46958652020965,298.5972645347724,201.90453822329263,11.642974300310037,-306.0246664229704,89.56504829691703,1.5083153404815288,7.42740188819802
7832.0,107.52947235107422,291.4695833146709,13.151302763974385,-298.59726035437154,291.4695833146709,298.59726035437154,201.90453471988752,11.642987494879868,-306.0246623347522,89.5650485947834,1.5083152690945179,7.4274019803806155
7840.0,107.6393814086914,291.46959050571763,13.151314288736375,-298.59726201301305,291.46959050571763,298.59726201301305,201.90454172852452,11.642999015812705,-306.0246642259692,89.56504877719311,1.508315272923669,7.427402212956196
7848.0,107.74929809570312,291.4695989413886,13.151305801276266,-298.5972805943443,291.4695989413886,298.5972805943443,201.90455038697021,11.642990251253408,-306.0246827171326,89.5650485544184,1.508315550022857,7.427402122788315
7856.0,107.85921478271484,291.4695928036116,13.151326067889212,-298.5972377643359,291.4695928036116,298.5972377643359,201.90454413032842,11.643010561429419,-306.0246397478656,89.56504867328316,1.5083155064597937,7.42740198352972
7864.0,107.96912384033203,291.46960811111774,13.15133618757855,-298.5972555010078,291.46960811111774,298.5972555010078,201.90455942879137,11.643020554091445,-306.02465764297597,89.56504868232633,1.508315633487106,7.427402141968173
7872.0,108.07904052734375,291.4695893993667,13.151338412819085,-298.5972035902746,291.4695893993667,298.5972035902746,201.90454070673763,11.643022936144686,-306.02460595687216,89.56504869262909,1.5083154766743991,7.427402366597576
7880.0,108.18895721435547,291.46959790511687,13.15134808863131,-298.5972106011447,291.46959790511687,298.5972106011447,201.90454902194426,11.64303260993723,-306.02461280072026,89.5650488831726,1.5083154786940813,7.427402199575546
7888.0,108.29886627197266,291.46959626447835,13.151359221997296,-298.5972192272913,291.46959626447835,298.5972192272913,201.90454718674607,11.643043736491276,-306.0246212171988,89.56504907773225,1.50831548550602,7.427401989907494
7896.0,108.40878295898438,291.46961108695075,13.15136514231526,-298.5972258982311,291.46961108695075,298.5972258982311,201.90456216374236,11.643049496872809,-306.02462823796867,89.56504892320837,1.508315645442452,7.427402339737569
7904.0,108.5186996459961,291.4696031659135,13.151374948557832,-298.59721674679673,291.4696031659135,298.59721674679673,201.90455404454104,11.643059558078571,-306.0246186340487,89.56504912137245,1.508315390479261,7.427401887251939
7912.0,108.62860870361328,291.4696124058884,13.151384001938718,-298.5972067963209,291.4696124058884,298.5972067963209,201.90456317990754,11.643068426389519,-306.0246088450815,89.56504922598089,1.508315575549199,7.427402048760577
7920.0,108.738525390625,291.469625900391,13.151389189060172,-298.59719300948683,291.469625900391,298.59719300948683,201.9045767007175,11.643073449282618,-306.0245953706933,89.56504919967351,1.5083157397775553,7.427402361206454
7928.0,108.84844970703125,291.46961805620754,13.151397648724181,-298.59718150735284,291.46961805620754,298.59718150735284,201.9045688263009,11.64308209802261,-306.02458338606044,89.5650492299066,1.5083155507015702,7.427401878707606
7936.0,108.9583511352539,291.4696140898282,13.151405442629203,-298.59717763165617,291.4696140898282,298.59717763165617,201.90456462238262,11.643089842248422,-306.0245798691708,89.5650494674456,1.5083156003807812,7.4274022375146345
7944.0,109.06827545166016,291.4696041884612,13.151415866099935,-298.5971377210345,291.4696041884612,298.5971377210345,201.90455464883024,11.643100382720972,-306.02454018547274,89.56504953963093,1.5083154833789623,7.4274024644382095
7952.0,109.1781997680664,291.4696169506001,13.151425068004196,-298.59714669379304,291.4696169506001,298.59714669379304,201.90456737014983,11.643109571138377,-306.0245488922789,89.56504958045022,1.5083154968658192,7.427402198485872
7960.0,109.28812408447266,291.46962133969396,13.151435754974628,-298.5971740361779,291.46962133969396,298.5971740361779,201.90457179869867,11.643120205018924,-306.02457648769723,89.56504954099526,1.5083155499557028,7.427402451519363
7968.0,109.39803314208984,291.4696237219448,13.151443722161433,-298.59713176667617,291.4696237219448,298.59713176667617,201.9045743899688,11.643128464478137,-306.02453416855377,89.56504933197601,1.5083152576832966,7.4274024018776
7976.0,109.5079574584961,291.4696293343585,13.151455178825053,-298.5971327136509,291.4696293343585,298.5971327136509,201.90457965607223,11.643139682396349,-306.0245350700033,89.5650496782863,1.508315496428704,7.42740235635241
7984.0,109.61785888671875,291.46962033404276,13.151466293956124,-298.5971258309512,291.46962033404276,298.5971258309512,201.9045705114885,11.643150714907444,-306.0245278989954,89.56504982255427,1.5083155790486806,7.427402068044188
7992.0,109.727783203125,291.4696242732964,13.15146431171915,-298.59709323254236,291.4696242732964,298.59709323254236,201.90457478015134,11.64314880222041,-306.02449536316385,89.56504949314508,1.5083155094987415,7.427402130621488
8000.0,109.83768463134766,291.4696288492538,13.151479815708472,-298.59710767523745,291.4696288492538,298.59710767523745,201.90457947542905,11.643164251894667,-306.0245097017651,89.56504937382479,1.5083155638138042,7.42740202652768
8008.0,109.9476089477539,291.469640769937,13.151485939837706,-298.597105173921,291.469640769937,298.597105173921,201.9045914474534,11.643170389630633,-306.0245071705691,89.56504932248357,1.5083155502070715,7.4274019966480935
8016.0,110.0575180053711,291.46963050502825,13.151493836964015,-298.5970793971158,291.46963050502825,298.5970793971158,201.9045810180192,11.64317841234233,-306.024481550675,89.56504948700906,1.5083154246216859,7.4274021535591785
8024.0,110.16744232177734,291.46962312535385,13.15151414830455,-298.5970713107023,291.46962312535385,298.5970713107023,201.90457373010682,11.643198585329445,-306.02447317533256,89.56504939524703,1.5083155629751053,7.427401864630269
8032.0,110.27734375,291.46963415287075,13.151510845287708,-298.5970695078689,291.46963415287075,298.5970695078689,201.90458492230917,11.643195443541705,-306.024471832142,89.56504923056158,1.5083154017460032,7.427402324273103
8040.0,110.38726806640625,291.4696323704447,13.151522955658725,-298.5970596083438,291.4696323704447,298.5970596083438,201.9045832089415,11.643207281010742,-306.02446169627444,89.5650491615032,1.5083156746479833,7.427402087930645
8048.0,110.4971694946289,291.4696441257872,13.151532540369466,-298.5970513003626,291.4696441257872,298.5970513003626,201.90459508179214,11.643216982962269,-306.0244535353022,89.56504904399506,1.5083155574071965,7.427402234939599
8056.0,110.60709381103516,291.46964454656313,13.151536936624808,-298.59704755065746,291.46964454656313,298.59704755065746,201.9045952843602,11.643221518481006,-306.0244497733173,89.5650492622029,1.5083154181438019,7.427402222659829
8064.0,110.71700286865234,291.4696406701456,13.151550992520447,-298.59703595845104,291.4696406701456,298.59703595845104,201.90459105811618,11.643235357378721,-306.0244380942911,89.56504961202947,1.5083156351417255,7.427402135840055
8072.0,110.8269271850586,291.46964592015865,13.151553915727987,-298.59702895636315,291.46964592015865,298.59702895636315,201.90459650853361,11.643238635227387,-306.0244313008469,89.56504941162501,1.5083152805006002,7.427402344483788
8080.0,110.93682861328125,291.46965112635826,13.1515689797766,-298.59702988958867,291.46965112635826,298.59702988958867,201.90460205351656,11.643253367524748,-306.0244322022256,89.5650490728417,1.5083156122518524,7.427402312636971
8088.0,111.0467529296875,291.4696416312945,13.15157051894554,-298.5969947851506,291.4696416312945,298.5969947851506,201.90459249173125,11.643255012045739,-306.02439708918575,89.56504913956324,1.5083155068998018,7.4274023040351125
8096.0,111.15665435791016,291.4696409232223,13.151589044402392,-298.59697203633465,291.4696409232223,298.59697203633465,201.9045915536383,11.643273552443263,-306.0243744088709,89.56504936958399,1.5083154919591282,7.427402372536299
8104.0,111.2665786743164,291.46965876483983,13.151597941925303,-298.5970002012866,291.46965876483983,298.5970002012866,201.9046092264483,11.643282473431306,-306.02440234828885,89.56504953839155,1.5083154684939961,7.427402147002219
8112.0,111.3764877319336,291.46966313053366,13.151602960075984,-298.59698976339394,291.46966313053366,298.59698976339394,201.9046136968965,11.643287377794,-306.0243919235106,89.56504943363717,1.508315582281984,7.427402160116664
8120.0,111.48641204833984,291.469668878369,13.151619967547973,-298.59698899117353,291.469668878369,298.59698899117353,201.90461953017325,11.64330421811748,-306.02439113549957,89.56504934819574,1.5083157494304933,7.427402144326017
8128.0,111.5963134765625,291.46964267515517,13.15161943745787,-298.5969411202994,291.46964267515517,298.5969411202994,201.90459313367853,11.643304046523431,-306.0243434921518,89.56504954147665,1.5083153909344382,7.427402371852395
8136.0,111.70623779296875,291.46966200136194,13.1516281773937,-298.5969607946342,291.46966200136194,298.5969607946342,201.90461259716693,11.6433128417636,-306.02436307864843,89.56504940419501,1.5083153356301011,7.427402284014249
8144.0,111.8161392211914,291.4696611592274,13.151639990459657,-298.5969258570083,291.4696611592274,298.5969258570083,201.90461168404545,11.64332450772846,-306.0243278443586,89.565049475182,1.508315482731196,7.427401987350343
8152.0,111.92606353759766,291.46966423972214,13.151650727761698,-298.596931012972,291.46966423972214,298.596931012972,201.9046147141197,11.643335279424328,-306.02433320716204,89.56504952560242,1.5083154483373713,7.427402194190073
8160.0,112.03597259521484,291.4696628901808,13.151661654699469,-298.5969252576578,291.4696628901808,298.5969252576578,201.90461336730306,11.643346160864642,-306.024327246335,89.56504952287774,1.5083154938348269,7.427401988677211
8168.0,112.1458969116211,291.4696537324093,13.151669427447107,-298.596889128593,291.4696537324093,298.596889128593,201.90460408814067,11.643353806632286,-306.02429122520607,89.56504964426863,1.5083156208148214,7.4274020966131005
8176.0,112.25579833984375,291.46967323315675,13.151677811082187,-298.59688963801625,291.46967323315675,298.59688963801625,201.90462313538103,11.64336227419456,-306.02429164919016,89.5650500977757,1.5083155368876282,7.427402011173896
8184.0,112.36572265625,291.4696846329241,13.151688451421725,-298.5969045732574,291.4696846329241,298.5969045732574,201.90463486586407,11.643373062663857,-306.02430700257355,89.56504976706,1.5083153887578682,7.427402429316132
8192.0,112.47562408447266,291.4696850396955,13.151700807189151,-298.59692855792184,291.4696850396955,298.59692855792184,201.90463528045754,11.643385374415406,-306.02433068888314,89.56504975923798,1.5083154327737445,7.427402130961276
8200.0,112.58548736572266,291.4696819478197,13.151711755242733,-298.5968904660999,291.4696819478197,298.5968904660999,201.90463204098853,11.643396261785313,-306.0242926100715,89.56504990683116,1.5083154934574194,7.427402143971534
8208.0,112.6954116821289,291.46967746541407,13.151714430097208,-298.59688251335353,291.46967746541407,298.59688251335353,201.90462754888176,11.643398776219096,-306.0242847352158,89.56504991653227,1.508315653878113,7.427402221862259
8216.0,112.80535888671875,291.46967584714906,13.151727879637907,-298.5968647854803,291.46967584714906,298.5968647854803,201.9046260393347,11.64341248089002,-306.02426695020694,89.56504980781439,1.5083153987478868,7.427402164726637
8224.0,112.9153060913086,291.46969612582393,13.151742090201147,-298.5968708766488,291.46969612582393,298.5968708766488,201.90464626304367,11.643426773365642,-306.02427323438513,89.56504986278024,1.5083153168355041,7.427402357736341
8232.0,113.02521514892578,291.46969698344793,13.15175601252573,-298.59688072265305,291.46969698344793,298.59688072265305,201.9046469538441,11.643440408372301,-306.0242829854282,89.56505002960384,1.5083156041534291,7.427402262775139
8240.0,113.1351318359375,291.4696920004583,13.151752435372817,-298.59682704151965,291.4696920004583,298.59682704151965,201.90464218047072,11.64343706220486,-306.0242295719148,89.56504981998756,1.5083153731679575,7.427402530395163
8248.0,113.24504852294922,291.4696900647622,13.151778534722702,-298.59682164767565,291.4696900647622,298.59682164767565,201.904640116082,11.643462893339708,-306.0242239364101,89.56504994868021,1.5083156413829935,7.427402288734463
8256.0,113.3549575805664,291.46969271860314,13.15177509107296,-298.59681833109187,291.46969271860314,298.59681833109187,201.90464256732753,11.643459722126154,-306.0242205341951,89.5650501512756,1.508315368946806,7.427402203103199
8264.0,113.46487426757812,291.46967986849063,13.151787521916809,-298.596788202785,291.46967986849063,298.596788202785,201.9046299258732,11.64347208593773,-306.02419039571976,89.56504994261743,1.5083154359790782,7.42740219293475
8272.0,113.57479095458984,291.4696990369745,13.151800853255217,-298.5968025757516,291.4696990369745,298.5968025757516,201.90464880507923,11.643485335479191,-306.0242047784436,89.56505023189524,1.508315517776027,7.427402202692015
8280.0,113.68470001220703,291.4697034483507,13.15181208879904,-298.59680466645125,291.4697034483507,298.59680466645125,201.90465329264012,11.64349676178073,-306.0242070217116,89.56505015571058,1.5083153270183116,7.427402355260362
8288.0,113.79461669921875,291.46969052887505,13.151829710769256,-298.5967797358102,291.46969052887505,298.5967797358102,201.90464025850034,11.643514196774557,-306.024182146119,89.56505027037468,1.5083155139946989,7.427402410308815
8296.0,113.90453338623047,291.46969189109575,13.151829472284936,-298.5967553355034,291.46969189109575,298.5967553355034,201.90464132842823,11.643514191282065,-306.024157747408,89.56505056266752,1.5083152810028704,7.427402411904616
8304.0,114.01444244384766,291.4697041278679,13.151842024589683,-298.59675960414916,291.4697041278679,298.59675960414916,201.90465347015055,11.643526615405866,-306.0241619866253,89.56505065771731,1.5083154091838171,7.427402382476124
8312.0,114.12435913085938,291.46970384857724,13.151843500133559,-298.5967448957946,291.46970384857724,298.5967448957946,201.90465283709858,11.643528163787039,-306.02414726853215,89.56505101147864,1.50831533634652,7.427402372737568
8320.0,114.2342758178711,291.4697066637286,13.151862640926232,-298.5967276020072,291.4697066637286,298.5967276020072,201.9046556672668,11.643547472412042,-306.02412999928333,89.56505099646176,1.5083151685141898,7.427402397276133
8328.0,114.34418487548828,291.46970980130044,13.151867820711244,-298.5967258293259,291.46970980130044,298.5967258293259,201.90465856071438,11.643552611965166,-306.02412814790216,89.56505124058604,1.5083152087460778,7.427402318576263
8336.0,114.4541015625,291.46971193157503,13.1518774372549,-298.5967195734097,291.46971193157503,298.5967195734097,201.90466087032243,11.64356209436123,-306.02412192003476,89.56505106125263,1.5083153428936695,7.427402346625087
8344.0,114.56401824951172,291.4697143303323,13.151896657625583,-298.59669664806665,291.4697143303323,298.59669664806665,201.90466303459817,11.643581257092961,-306.02409890725073,89.5650512957341,1.5083154005326218,7.4274022591840705
8352.0,114.6739273071289,291.46971951854243,13.151908409874999,-298.59669570403037,291.46971951854243,298.59669570403037,201.9046680826194,11.643592920093857,-306.02409807651395,89.56505143592305,1.5083154897811415,7.42740237248357
8360.0,114.78384399414062,291.4697310953717,13.151913793489662,-298.59670997167956,291.4697310953717,298.59670997167956,201.90467979371647,11.643598374852058,-306.0241125343597,89.56505130165523,1.508315418637605,7.427402562680129
8368.0,114.89376068115234,291.4697209539245,13.151929886845085,-298.59666199011406,291.4697209539245,298.59666199011406,201.90466921153484,11.643614629819862,-306.02406403462305,89.56505174238967,1.508315257025223,7.427402044509023
8376.0,115.003662109375,291.46963635956905,13.151928274596496,-298.5966131988185,291.46963635956905,298.5966131988185,201.9045867932619,11.64361282738875,-306.0240153392108,89.56504956630714,1.508315447207747,7.427402140392296
8384.0,115.11358642578125,291.4695355247426,13.151903718998948,-298.5965784224503,291.4695355247426,298.5965784224503,201.90449336276063,11.643588286483684,-306.02397879010505,89.56504216198192,1.508315432515265,7.427400367654748
8392.0,115.2234878540039,291.4695123003852,13.151880887354801,-298.59661042425313,291.4695123003852,298.59661042425313,201.9044784700383,11.643565540251142,-306.0240089434733,89.5650338303469,1.5083153471036592,7.427398519220176
8400.0,115.33341217041016,291.46950693303467,13.151861403195856,-298.59662848358744,291.46950693303467,298.59662848358744,201.90447764327496,11.643546096367308,-306.02402597943615,89.56502928975969,1.508315306828547,7.42739749584873
8408.0,115.44332122802734,291.46953948895225,13.151857257264176,-298.59667248250844,291.46953948895225,298.59667248250844,201.9045118274795,11.643541638032266,-306.02406992578995,89.56502766147275,1.5083156192319107,7.427397443281528
8416.0,115.5532455444336,291.4695633625623,13.151846480090638,-298.5967041645644,291.4695633625623,298.5967041645644,201.90453563293138,11.643531097276705,-306.0241011758053,89.56502772963097,1.508315382813933,7.427397011240906
8424.0,115.66314697265625,291.469576275692,13.151842828880799,-298.5967011276259,291.469576275692,298.5967011276259,201.9045479182232,11.643527369422127,-306.02409827280087,89.5650283574688,1.5083154594586716,7.427397145174936
8432.0,115.7730712890625,291.4695976515286,13.151835987955366,-298.59672694135554,291.4695976515286,298.59672694135554,201.9045683596926,11.643520702582904,-306.024124114606,89.56502929183603,1.5083152853724613,7.42739717325049
8440.0,115.88297271728516,291.4696672870896,13.151844502756113,-298.59677348248323,291.4696672870896,298.59677348248323,201.90463587805903,11.643529268684741,-306.0241713456858,89.56503140903058,1.5083152340713708,7.427397863202536
8448.0,115.9928970336914,291.4698382557457,13.1518653487223,-298.5967705692191,291.4698382557457,298.5967705692191,201.90479544729544,11.64355013066335,-306.02417045492297,89.56504280845027,1.508315218058951,7.427399885703878
8456.0,116.1028060913086,291.46992743595854,13.151915750831064,-298.5967930907622,291.46992743595854,298.5967930907622,201.90486906915024,11.64360056935952,-306.02419616361146,89.56505836680829,1.5083151814715432,7.427403072849252
8464.0,116.21273040771484,291.46995971013223,13.15194861716109,-298.5967914081617,291.46995971013223,298.5967914081617,201.90489155922126,11.643633241944592,-306.02419554985147,89.56506815091095,1.5083153752164975,7.4274041416897205
8472.0,116.3226318359375,291.46996362926814,13.15197853528015,-298.59678304911,291.46996362926814,298.59678304911,201.90489035821565,11.643663415583122,-306.0241886195276,89.56507327105247,1.5083151196970288,7.427405570417584
8480.0,116.43255615234375,291.4699453873459,13.152001884305111,-298.59672172878686,291.4699453873459,298.59672172878686,201.90486934496826,11.643686753251089,-306.024127623215,89.56507604237765,1.5083151310540233,7.427405894428162
8488.0,116.5424575805664,291.46968059995106,13.152005976693989,-298.5965537650538,291.46968059995106,298.5965537650538,201.90461020630053,11.643690613365742,-306.0239589179345,89.56507039365052,1.508315363328248,7.427405152880745
8496.0,116.65238189697266,291.46948869394475,13.151946827637744,-298.59649903637387,291.46948869394475,298.59649903637387,201.90443854867735,11.643631195227474,-306.02389971215644,89.5650501452674,1.5083156324102704,7.427400675782565
8504.0,116.76229095458984,291.46946597091386,13.151889653184341,-298.59657632546384,291.46946597091386,298.59657632546384,201.9044310941632,11.643574299596667,-306.02397421394335,89.56503487675067,1.5083153535876734,7.427397888479511
8512.0,116.8722152709961,291.4694497833974,13.151875335026851,-298.5965923387404,291.4694497833974,298.5965923387404,201.9044246236651,11.643560136792331,-306.02398885501304,89.56502515973233,1.508315198234519,7.427396516272665
8520.0,116.98211669921875,291.4694567476456,13.151858172993741,-298.5966253118059,291.4694567476456,298.5966253118059,201.90443714997252,11.643542646484953,-306.0240210309254,89.56501959767311,1.5083155265087873,7.427395719119481
8528.0,117.092041015625,291.46946639907424,13.151839131798557,-298.5966547185455,291.46946639907424,298.5966547185455,201.9044497769681,11.6435236181794,-306.0240496582878,89.56501662210616,1.5083155136191575,7.427394939742349
8536.0,117.20194244384766,291.4695104070196,13.151817159747718,-298.59669923171083,291.4695104070196,298.59669923171083,201.90449363829262,11.643501797592476,-306.0240938271358,89.56501676872695,1.5083153621552423,7.42739459542495
8544.0,117.3118667602539,291.4695405541029,13.151804389340603,-298.5967453866168,291.4695405541029,298.5967453866168,201.90452194913902,11.643489127476615,-306.0241402113202,89.56501860496385,1.508315261863988,7.427394824703349
8552.0,117.4217758178711,291.46957973233197,13.151784184252897,-298.59677268935235,291.46957973233197,298.59677268935235,201.90455884209618,11.643468682872683,-306.0241678753098,89.56502089023579,1.5083155013802143,7.427395185957415
8560.0,117.53170013427734,291.469602242708,13.151757083245478,-298.5967964327871,291.469602242708,298.5967964327871,201.9045789512853,11.643441990935365,-306.02419209397954,89.56502329142268,1.508315092310112,7.427395661192463
8568.0,117.6416015625,291.469618979292,13.151732533596487,-298.5968200388025,291.469618979292,298.5968200388025,201.9045926376906,11.64341710925428,-306.02421636448764,89.56502634160144,1.5083154243422072,7.427396325685159
8576.0,117.75152587890625,291.46964722515776,13.151722057325447,-298.59686847444027,291.46964722515776,298.59686847444027,201.90461804884904,11.64340675429441,-306.02426529995046,89.56502917630871,1.5083153030310372,7.427396825510215
8584.0,117.8614273071289,291.46965269001134,13.151694532792026,-298.5968981189566,291.46965269001134,298.5968981189566,201.90462048527576,11.643379307744786,-306.02429506910727,89.56503220473557,1.508315225047241,7.427396950150715
8592.0,117.97135162353516,291.4696735247659,13.151681265396295,-298.5969354788326,291.4696735247659,298.5969354788326,201.90463880409516,11.643365901857551,-306.0243331127947,89.5650347206707,1.5083153635387427,7.427397633962059
8600.0,118.08126068115234,291.4696539902138,13.151663004897227,-298.59689639740833,291.4696539902138,298.59689639740833,201.9046173636978,11.643347865816438,-306.02429416902675,89.56503662651605,1.50831513908079,7.427397771618395
8608.0,118.1911849975586,291.469655641274,13.151642428740153,-298.596938902495,291.469655641274,298.596938902495,201.90461787984987,11.643327053565297,-306.02433698261484,89.56503776142415,1.5083153751748561,7.427398080119794
8616.0,118.30108642578125,291.4696381273178,13.151613639944468,-298.59694418834505,291.4696381273178,298.59694418834505,201.9045990965658,11.643298223113346,-306.024342006648,89.56503903075205,1.508315416831123,7.427397818302971
8624.0,118.4110107421875,291.46963303847417,13.151594661353686,-298.5969722795274,291.46963303847417,298.5969722795274,201.9045937963822,11.64327955224222,-306.0243707971141,89.56503924209196,1.5083151091114662,7.4273985175867026
8632.0,118.52091217041016,291.46963032867586,13.151576111493888,-298.5969748804804,291.46963032867586,298.5969748804804,201.9045905263414,11.643260846605886,-306.02437342015816,89.5650398023345,1.5083152648880027,7.427398539677775
8640.0,118.6308364868164,291.4696333262767,13.151553854802394,-298.5970294325985,291.4696333262767,298.5970294325985,201.90459320530897,11.643238650449051,-306.0244276174362,89.56504012096774,1.5083152043533419,7.427398184837678
8648.0,118.7407455444336,291.46963128192704,13.151536490816559,-298.5970417290284,291.46963128192704,298.5970417290284,201.90459097414956,11.643221377008238,-306.02444016644097,89.56504030777747,1.5083151138083206,7.42739843741257
8656.0,118.85066986083984,291.46960014702813,13.151516619571119,-298.59704600283504,291.46960014702813,298.59704600283504,201.90456022443672,11.64320128297053,-306.0244449646757,89.56503992259142,1.5083153366005897,7.427398961840645
8664.0,118.9605712890625,291.4695877455943,13.151487159802564,-298.5970400510919,291.4695877455943,298.5970400510919,201.90454756498139,11.6431715653939,-306.02443866029313,89.56504018061293,1.508315594408665,7.427398609201262
8672.0,119.07049560546875,291.46959699688296,13.15147773352864,-298.5970904873624,291.46959699688296,298.5970904873624,201.90455662468236,11.643162556963283,-306.0244890725229,89.5650403722006,1.5083151765653575,7.427398585160503
8680.0,119.18041229248047,291.46958208119116,13.15144795945588,-298.59710584940865,291.46958208119116,298.59710584940865,201.90454202662647,11.643132533814395,-306.0245046306527,89.56504005456469,1.5083154256414852,7.42739878124403
8688.0,119.29032135009766,291.4695804973536,13.151432051613906,-298.59711073930816,291.4695804973536,298.59711073930816,201.90454035510268,11.64311652323438,-306.02450969882403,89.56504014225092,1.5083155283795273,7.427398959515891
8696.0,119.40023803710938,291.4695813223717,13.15140839538466,-298.59717136449234,291.4695813223717,298.59717136449234,201.9045413693799,11.643092983505895,-306.02456995251407,89.56503995299178,1.5083154118787645,7.42739858802171
8704.0,119.5101547241211,291.46957759459247,13.151391606947804,-298.5971709111122,291.46957759459247,298.5971709111122,201.90453755989452,11.643076352920584,-306.024569530539,89.56504003469794,1.5083152540272193,7.4273986194268105
8712.0,119.62005615234375,291.4695722785912,13.151370018316857,-298.59719428825815,291.4695722785912,298.59719428825815,201.90453212439513,11.643054692655456,-306.0245930332335,89.56504015419608,1.5083153256614024,7.4273987449753065
8720.0,119.72998046875,291.46957135409525,13.151346964954083,-298.5971981536783,291.46957135409525,298.5971981536783,201.90453131397356,11.643031783091647,-306.02459673123883,89.56504004012172,1.5083151818624367,7.427398577560581
8728.0,119.83992767333984,291.46956759090466,13.151335574090723,-298.5972210459531,291.46956759090466,298.5972210459531,201.9045276379627,11.643020187092256,-306.0246196629488,89.56503995294197,1.5083153869984676,7.42739861699566
8736.0,119.94986724853516,291.4695331846057,13.151304082118648,-298.59720450142964,291.4695331846057,298.59720450142964,201.90449306233103,11.642988808330557,-306.0246035339586,89.5650401222747,1.5083152737880905,7.427399032528953
8740.0,120.00482177734375,291.46955415349737,13.151304917973025,-298.59723864348496,291.46955415349737,298.59723864348496,201.9045143057072,11.64298964098618,-306.0246377012643,89.56503984779016,1.5083152769868464,7.427399057779297
