step,t_u_l,fx_solver,fy_solver,fz_solver,drag_solver,downforce_solver,pressure_fx_solver,pressure_fy_solver,pressure_fz_solver,viscous_fx_solver,viscous_fy_solver,viscous_fz_solver
8.0,0.05877525731921196,1402.9682594548667,5.71007181690205,-760.0257923543622,1402.9682594548667,760.0257923543622,888.7099870774039,4.834387182137232,-824.5723942942998,514.258272377463,0.8756846347648182,64.54660193993756
16.0,0.12014497071504593,1025.053204992679,4.394944125050039,-588.0219519109663,1025.053204992679,588.0219519109663,630.888609483484,3.3939444716348532,-638.3285574840536,394.164595509195,1.0009996534151862,50.30660557308723
24.0,0.1835644245147705,892.6815510523569,3.93720512483049,-562.635503896092,892.6815510523569,562.635503896092,556.3444224767067,2.8704987554229087,-607.3116575031731,336.33712857565024,1.0667063694075813,44.676153607081105
32.0,0.2482057809829712,814.1582789413976,3.5436628756310045,-556.8821656704092,814.1582789413976,556.8821656704092,513.0558736415308,2.4153666534830736,-597.5810880483864,301.10240529986686,1.128296222147931,40.69892237797711
40.0,0.3139359652996063,768.0538852584925,3.238358669328682,-564.2614261707679,768.0538852584925,564.2614261707679,490.50900315082396,2.0614949634733852,-601.6076945967135,277.5448821076686,1.1768637058552969,37.34626842594564
48.0,0.38052281737327576,733.7028306741493,2.9127904958306,-572.6155617456816,733.7028306741493,572.6155617456816,473.4187768830741,1.6982030132604615,-606.8906416222846,260.28405379107517,1.2145874825701384,34.27507987660305
56.0,0.4477078318595886,709.8466309995456,2.6415065040700663,-582.9927951317144,709.8466309995456,582.9927951317144,462.5615318891938,1.3972996961138584,-614.4782320053589,247.28509911035178,1.2442068079562079,31.485436873644545
64.0,0.5154684782028198,690.2530382365034,2.3743559128160223,-591.78786209291,690.2530382365034,591.78786209291,453.2191935394199,1.1068223661738712,-620.7250989816555,237.03384469708348,1.267533546642151,28.93723688874543
72.0,0.5836631655693054,675.8548668349852,2.1417746079879882,-600.7519047154601,675.8548668349852,600.7519047154601,447.02102699776617,0.8558155572169484,-627.3739034126818,228.83383983721893,1.28595905077104,26.621998697221713
80.0,0.6521387100219727,663.5836095748348,1.9401994329204941,-608.0705948785854,663.5836095748348,608.0705948785854,441.50411299167877,0.6399104970158884,-632.5802005855692,222.07949658315607,1.3002889359046057,24.509605706983688
88.0,0.7208813428878784,653.8973882315212,1.762638732742505,-614.6939583672082,653.8973882315212,614.6939583672082,437.4009804992564,0.45132997172022304,-637.2943658367657,216.4964077322648,1.311308761022282,22.600407469557496
96.0,0.7898768186569214,645.5290400038969,1.6076984575044284,-620.0675533984511,645.5290400038969,620.0675533984511,433.73196737229546,0.2885177444944649,-640.9407106906763,211.7970726316014,1.3191807130099635,20.873157292225173
104.0,0.8591176271438599,638.5654184206837,1.470204484337178,-624.6305446682769,638.5654184206837,624.6305446682769,430.73830827121714,0.14566141359599105,-643.9484782598784,207.82711014946662,1.324543070741187,19.317933591601435
112.0,0.9285755157470703,632.4346776034849,1.3467186478265532,-628.2059369885715,632.4346776034849,628.2059369885715,428.0059324961812,0.019016198629813408,-646.1261288461426,204.42874510730377,1.3277024491967397,17.920191857571176
120.0,0.9982244968414307,627.1004886506993,1.2376433382250456,-630.9777361952104,627.1004886506993,630.9777361952104,425.58899289772563,-0.09185024623359883,-647.6479052091624,201.51149575297364,1.3294935844586444,16.670169013952066
128.0,1.0680522918701172,622.3055878005251,1.1358218277833707,-632.9427868891086,622.3055878005251,632.9427868891086,423.31640216488415,-0.1945087300279238,-648.4985020093815,198.98918563564095,1.3303305578112945,15.555715120272879
136.0,1.1380398273468018,618.0362423835712,1.0390124813725645,-634.26943273525,618.0362423835712,634.26943273525,421.2349271658872,-0.2912453385291034,-648.8342659806519,196.80131521768405,1.330257819901668,14.564833245401934
144.0,1.208146572113037,614.1211824510709,0.9511718716783686,-634.9410019500867,614.1211824510709,634.9410019500867,419.23101964362127,-0.3776519668931084,-648.6268136460916,194.89016280744968,1.328823838571477,13.685811696004855
152.0,1.2783632278442383,610.5256629018556,0.8680386367123951,-635.0399827041862,610.5256629018556,635.0399827041862,417.30412027240357,-0.4580804423072773,-647.9509173788208,193.22154262945205,1.3261190790196724,12.910934674634598
160.0,1.3486818075180054,607.186103872224,0.7889225158420219,-634.6117497732454,607.186103872224,634.6117497732454,415.425490170492,-0.5336670206789238,-646.8441712743303,191.76061370173196,1.3225895365209457,12.232421501084877
168.0,1.4190950393676758,604.0794898618655,0.7144847108815189,-633.7290199356796,604.0794898618655,633.7290199356796,413.5990434166474,-0.6038479214108712,-645.372451572789,190.48044644521804,1.31833263229239,11.643431637109387
176.0,1.4895950555801392,601.1797000806991,0.6423251148287519,-632.4588696867318,601.1797000806991,632.4588696867318,411.82335661387754,-0.6709967042679339,-643.5963324319031,189.35634346682156,1.3133218190966858,11.137462745171323
184.0,1.5601704120635986,598.4710599117026,0.5728239574801288,-630.8600694785547,598.4710599117026,630.8600694785547,410.10310545115675,-0.7347922634500474,-641.568681673205,188.36795446054583,1.3076162209301763,10.708612194650332
192.0,1.6308114528656006,595.941127860338,0.5044830920754642,-628.997727805822,595.941127860338,628.997727805822,408.44386850907824,-0.7966477842292905,-639.3484455264356,187.49725935125977,1.3011308763047547,10.350717720613606
200.0,1.7015069723129272,593.5747240179437,0.4367602788475986,-626.9292408254913,593.5747240179437,626.9292408254913,406.8460987799008,-0.8572887453426623,-636.9869729778127,186.72862523804292,1.294049024190261,10.057732152321407
208.0,1.77224862575531,591.369119431744,0.37125020853401325,-624.7145192044037,591.369119431744,624.7145192044037,405.3202643655744,-0.9153069001197371,-634.5377979968257,186.04885506616958,1.2865571086537504,9.823278792421998
216.0,1.843030333518982,589.3104943679225,0.30820927759067285,-622.3992515501097,589.3104943679225,622.3992515501097,403.8641720929696,-0.9704189330524322,-632.0402271482667,185.44632227495288,1.278628210643105,9.640975598156928
224.0,1.9138449430465698,587.3981008130254,0.24709238652321064,-620.0348758049549,587.3981008130254,620.0348758049549,402.4877426492146,-1.0233119203914134,-629.5390686828574,184.91035816381077,1.270404306914624,9.504192877902426
232.0,1.9846855401992798,585.6109977566496,0.18687815550930242,-617.6525906473262,585.6109977566496,617.6525906473262,401.1791340264101,-1.075049204125115,-627.0590295146039,184.43186373023943,1.2619273596344174,9.4064388672777
240.0,2.0555472373962402,583.951274233531,0.12878100741822185,-615.291387589207,583.951274233531,615.291387589207,399.9485336137517,-1.1244766474824337,-624.6330804852378,184.00274061977925,1.2532576549006555,9.341692896030786
248.0,2.126425266265869,582.4024389751255,0.07356304989484341,-612.9727244389859,582.4024389751255,612.9727244389859,398.78622833608296,-1.1709484223362367,-622.277313729132,183.61621063904252,1.2445114722310802,9.304589290146026
256.0,2.1973161697387695,580.9623950334592,0.021129348719198138,-610.7220128881362,580.9623950334592,610.7220128881362,397.6957697511657,-1.2146416494087435,-620.0120156222843,183.2666252822935,1.2357709981279417,9.29000273414809
264.0,2.268217086791992,579.6222387860308,-0.028921498329683715,-608.5557660346719,579.6222387860308,608.5557660346719,396.6734155046821,-1.2559808419557204,-617.849157010306,182.94882328134872,1.2270593436260366,9.293390975634088
272.0,2.3391246795654297,578.3734144807365,-0.07599998346121062,-606.4845266068501,578.3734144807365,606.4845266068501,395.71470188671435,-1.2944167185055706,-615.795327362034,182.65871259402223,1.21841673504436,9.310800755183855
280.0,2.410037040710449,577.2121705800271,-0.12026420964404094,-604.5206154559182,577.2121705800271,604.5206154559182,394.8196477304746,-1.330115449976387,-613.8593664475702,182.39252284955242,1.209851240332346,9.33875099165192
288.0,2.480952501296997,576.1284499515043,-0.16210679022321184,-602.6658480442868,576.1284499515043,602.6658480442868,393.98102504091537,-1.3635124412860113,-612.040134843074,182.147424910589,1.2014056510627995,9.374286798787258
296.0,2.5518691539764404,575.1230228279666,-0.2017305057484753,-600.9291968053079,575.1230228279666,600.9291968053079,393.2023993135189,-1.3948578854445641,-610.3440766845015,181.9206235144476,1.1931273796960888,9.414879879193613
304.0,2.6227877140045166,574.1834907428122,-0.23889087925278796,-599.3058810596716,574.1834907428122,599.3058810596716,392.4732948764451,-1.423946841445415,-608.7643473816679,181.7101958663671,1.185055962192627,9.458466321996278
312.0,2.693706750869751,573.3119981383945,-0.2740795470784749,-597.8018083000989,573.3119981383945,597.8018083000989,391.7978668977897,-1.451267252543322,-607.3050811323781,181.51413124060485,1.177187705464847,9.503272832279263
320.0,2.7646257877349854,572.5017629542119,-0.30723313865203394,-596.413615801795,572.5017629542119,596.413615801795,391.17083023760915,-1.476768884075013,-605.9614885770168,181.3309327166028,1.1695357454229791,9.547872775221805
328.0,2.8355424404144287,571.748010306979,-0.3384856209281315,-595.1367532826507,571.748010306979,595.1367532826507,390.5888883900583,-1.5006069747993456,-604.7279095916406,181.1591219169207,1.162121353871214,9.591156308989884
336.0,2.9064583778381348,571.0467880466631,-0.3678920680890245,-593.9671690574932,571.0467880466631,593.9671690574932,390.04908641130766,-1.5228286302218716,-603.5994902555808,180.99770163535544,1.1549365621328471,9.632321198087691
344.0,2.977372407913208,570.394325639327,-0.39562753882414636,-592.8992643932542,570.394325639327,592.8992643932542,389.5487357170309,-1.5436064694425715,-602.570003065894,180.84558992229609,1.1479789306184252,9.670738672639798
352.0,3.0482842922210693,569.7872372315999,-0.42171585519487476,-591.9274096956296,569.7872372315999,591.9274096956296,389.0852017025622,-1.5629801080870989,-601.6334091035429,180.70203552903763,1.141264252892224,9.705999407913273
360.0,3.1191930770874023,569.2223289772796,-0.44641438670659817,-591.045051066246,569.2223289772796,591.045051066246,388.6559871295765,-1.581197537760802,-600.7828860040745,180.5663418477031,1.134783151054204,9.73783493782858
368.0,3.1900999546051025,568.6956356555122,-0.46976321171251456,-590.2456016235094,568.6956356555122,590.2456016235094,388.2576727391899,-1.598296017525474,-600.0117292843839,180.43796291632225,1.1285328058129593,9.76612766087455
376.0,3.2610044479370117,568.2045724587157,-0.4919721538115227,-589.5226015469102,568.2045724587157,589.5226015469102,387.88829311212123,-1.614487964806318,-599.3134659063676,180.31627934659446,1.1225158109947952,9.790864359457348
384.0,3.33190655708313,567.7477829949376,-0.5129671143217043,-588.8702046528563,567.7477829949376,588.8702046528563,387.54678614467224,-1.629701431669686,-598.6823593580182,180.20099685026537,1.1167343173479818,9.812154705161952
392.0,3.402806520462036,567.3187065090631,-0.5328448519527571,-588.2785718398092,567.3187065090631,588.2785718398092,387.2271104527642,-1.6440390792250765,-598.1087063760322,180.0915960562989,1.1111942272723194,9.830134536222953
400.0,3.4737040996551514,566.9202262434769,-0.5514913576830944,-587.7456181674761,566.9202262434769,587.7456181674761,386.93235008358124,-1.6573728563671006,-597.5906346962427,179.98787615989565,1.1058814986840062,9.845016528766589
408.0,3.544600009918213,566.5462676995505,-0.5691732759466777,-587.2625512486527,566.5462676995505,587.2625512486527,386.65687139208785,-1.6699578667684287,-597.1195700605782,179.88939630746268,1.100784590821751,9.85701881192555
416.0,3.6154942512512207,566.1957220019258,-0.5859353050208811,-586.8245095213837,566.1957220019258,586.8245095213837,386.3997149903988,-1.681824704725301,-596.6909344700975,179.79600701152697,1.09588939970442,9.866424948713822
424.0,3.6863865852355957,565.8667423672936,-0.6018692024398902,-586.4253648480517,565.8667423672936,586.4253648480517,386.1593275929848,-1.693062229522713,-596.2988720350822,179.70741477430875,1.0911930270828227,9.87350718703061
432.0,3.757277488708496,565.5579226508187,-0.6170333190834134,-586.0615685213676,565.5579226508187,586.0615685213676,385.93454602645767,-1.703731403930826,-595.9401085713685,179.62337662436101,1.0866980848474126,9.878540050000868
440.0,3.82816743850708,565.2683638680786,-0.6312945577877178,-585.729203484674,565.2683638680786,585.729203484674,385.72465860695075,-1.7137106971880263,-595.6110219852046,179.54370526112783,1.0824161394003085,9.8818185005306
448.0,3.8990559577941895,564.9933167798717,-0.6447850735458012,-585.4209772151047,564.9933167798717,585.4209772151047,385.52516036711665,-1.7231307835451908,-595.304592838536,179.46815641275512,1.0783457099993896,9.88361562343129
456.0,3.969944477081299,564.7358005891821,-0.6575396969482874,-585.1373332717494,564.7358005891821,585.1373332717494,385.33920406138964,-1.7320206108952032,-595.021521956965,179.39659652779244,1.0744809139469158,9.884188685215527
464.0,4.040832042694092,564.490286662793,-0.6696306596939294,-584.8717114472405,564.490286662793,584.8717114472405,385.1614991376591,-1.7404449080589153,-594.7554899305408,179.32878752513383,1.0708142483649858,9.88377848330023
472.0,4.111719131469727,564.2590849862472,-0.6810314351051971,-584.623596429309,564.2590849862472,584.623596429309,384.99445969708836,-1.748370580105595,-594.5062232678629,179.2646252891588,1.067339145000398,9.882626838553804
480.0,4.18260383605957,564.0395927140463,-0.6919099073519477,-584.3895918348728,564.0395927140463,584.3895918348728,384.83571841601184,-1.7559573776849597,-594.2705104030244,179.20387429803446,1.064047470333012,9.880918568151671
488.0,4.2534894943237305,563.8315228596578,-0.7021853864334702,-584.16786811974,563.8315228596578,584.16786811974,384.685083892229,-1.7631240657576335,-594.0467042012771,179.14643896742882,1.0609386793241633,9.878836081537088
496.0,4.324374198913574,563.633997138171,-0.7119249821057902,-583.9566407753125,563.633997138171,583.9566407753125,384.5419278687201,-1.7699365871173427,-593.8331599340775,179.09206926945097,1.0580116050115524,9.876519158764903
504.0,4.395258903503418,563.4452796371695,-0.7211339120835429,-583.7541262280873,563.4452796371695,583.7541262280873,384.40455383178085,-1.7763938794825314,-593.6282499520128,179.0407258053887,1.0552599673989884,9.87412372392545
512.0,4.466143608093262,563.2663151744539,-0.729803112258903,-583.5600736297262,563.2663151744539,583.5600736297262,384.27418112178424,-1.7824837731930918,-593.4318156911802,178.9921340526696,1.0526806609341888,9.87174206145404
520.0,4.5370330810546875,563.0959425047415,-0.7379566390211969,-583.3730467798243,563.0959425047415,583.3730467798243,384.1496965546171,-1.788222051058868,-593.2425242772032,178.94624595012436,1.050265412037671,9.869477497378863
528.0,4.607917785644531,562.9330600647945,-0.7457395367548516,-583.1924873750149,562.9330600647945,583.1924873750149,384.03022424842374,-1.7937414299809706,-593.0598734169758,178.90283581637073,1.048001893226119,9.867386041960952
536.0,4.678802490234375,562.778290120262,-0.7529677531858718,-583.0180728747855,562.778290120262,583.0180728747855,383.91639197331335,-1.798854277078489,-592.8836155296389,178.86189814694865,1.0458865238926172,9.86554265485341
544.0,4.749691009521484,562.6294934678554,-0.7597304837636263,-582.847913552125,562.6294934678554,582.847913552125,383.80639927697155,-1.8036417660402746,-592.7118669480255,178.8230941908838,1.0439112822766483,9.863953395900637
552.0,4.820581436157227,562.4891276108151,-0.7654521080414216,-582.6844214719176,562.4891276108151,582.6844214719176,383.7026972950383,-1.807506850703425,-592.547102309144,178.78643031577678,1.0420547426620035,9.862680837226307
560.0,4.891469955444336,562.3532548020813,-0.7707361547975204,-582.5245300025297,562.3532548020813,582.5245300025297,383.60157259300695,-1.8110475963961687,-592.3862463643086,178.7516822090744,1.0403114415986483,9.861716361778871
568.0,4.962358474731445,562.2266391968627,-0.7764345302286588,-582.3728814959053,562.2266391968627,582.3728814959053,383.50762764931926,-1.8151660148320548,-592.2339115476227,178.71901154754343,1.038731484603396,9.861030051717382
576.0,5.033246994018555,562.1023400891598,-0.7817164339906455,-582.2224220789637,562.1023400891598,582.2224220789637,383.4142941694493,-1.8189909352526854,-592.0830478596786,178.68804591971053,1.03727450126204,9.86062578071483
584.0,5.104132175445557,561.9882698725976,-0.7867121850400058,-582.0812739393195,561.9882698725976,582.0812739393195,383.3294467952279,-1.822637860248308,-591.9417778234119,178.65882307736968,1.0359256752083021,9.860503884092356
592.0,5.175020694732666,561.8751249507604,-0.7910951769349177,-581.9407772074856,561.8751249507604,581.9407772074856,383.2440071709801,-1.8257771985802576,-591.8014127029558,178.6311177797803,1.0346820216453398,9.86063549547022
600.0,5.245909214019775,561.7690485032201,-0.7952658001476611,-581.8067424044983,561.7690485032201,581.8067424044983,383.1641411914418,-1.828808060223317,-591.6677514606954,178.60490731177836,1.0335422600756559,9.861009056197052
608.0,5.316797733306885,561.6692012549522,-0.7992194815465719,-581.6789046843171,561.6692012549522,581.6789046843171,383.08913954266563,-1.8317156484597077,-591.540488671591,178.58006171228658,1.0324961669131358,9.86158398727384
616.0,5.387688636779785,561.5726517827405,-0.8027918426811183,-581.5544378836022,561.5726517827405,581.5544378836022,383.0160631315065,-1.8343315633421073,-591.4167927707882,178.55658865123405,1.031539720660989,9.862354887186038
624.0,5.4585771560668945,561.480719719746,-0.8061427034908046,-581.4348264234803,561.480719719746,581.4348264234803,382.94645571031543,-1.8368105550353508,-591.2980976112854,178.53426400943064,1.0306678515445462,9.86327118780507
632.0,5.529465675354004,561.3921310345612,-0.8092193914860006,-581.3192874890133,561.3921310345612,581.3192874890133,382.8789774863565,-1.8390928672952915,-591.1836152874498,178.51315354820468,1.029873475809291,9.864327798436566
640.0,5.600358009338379,561.3097202829849,-0.8120537208369063,-581.2100982062037,561.3097202829849,581.2100982062037,382.8166237604639,-1.8412062311411228,-591.0755786498812,178.49309652252103,1.0291525103042165,9.865480443677539
648.0,5.671252250671387,561.2302758676711,-0.81462584418087,-581.1053579404096,561.2302758676711,581.1053579404096,382.75619874118837,-1.8431256823303204,-590.9720713877798,178.4740771264828,1.0284998381494503,9.86671344737022
656.0,5.742144584655762,561.1540943159941,-0.8169603000534917,-581.004044942047,561.1540943159941,581.004044942047,382.6980888646639,-1.8448698634149303,-590.8720493556687,178.45600545133033,1.0279095633614386,9.868004413621597
664.0,5.813036918640137,561.0842363114391,-0.8191662206604837,-580.9103339209366,561.0842363114391,580.9103339209366,382.6454051839471,-1.8465439179819318,-590.7796566410955,178.43883112749205,1.0273776973214481,9.869322720158834
672.0,5.883929252624512,561.0146738440827,-0.8212272557968516,-580.818023015623,561.0146738440827,580.818023015623,382.5921929281833,-1.848127768181409,-590.6886755460482,178.42248091589943,1.0269005123845574,9.870652530425186
680.0,5.954815864562988,560.9502786932555,-0.8231731609408852,-580.7318962618922,560.9502786932555,580.7318962618922,382.5433032984418,-1.8496455377396055,-590.6038789748205,178.4069753948138,1.0264723767987203,9.871982712928297
688.0,6.025708198547363,560.8888993588595,-0.8249031634264989,-580.6499427782807,560.8888993588595,580.6499427782807,382.4966692830447,-1.850993627328628,-590.5232358541201,178.39223007581478,1.026090463902129,9.87329307583942
696.0,6.096600532531738,560.8297611025703,-0.8265194062461645,-580.5716595145392,560.8297611025703,580.5716595145392,382.4516057753046,-1.8522686203715444,-590.4462219179302,178.3781553272657,1.02574921412538,9.874562403391016
704.0,6.167492866516113,560.7748870785049,-0.8279280500326713,-580.4983910505529,560.7748870785049,580.4983910505529,382.41005182918684,-1.853374037728038,-590.3741890673571,178.36483524931808,1.0254459876953668,9.875798016804172
712.0,6.2383832931518555,560.720769854568,-0.8293177141620625,-580.4273024564338,560.720769854568,580.4273024564338,382.36873781380086,-1.85449361155489,-590.3042627738395,178.35203204076709,1.0251758973928276,9.8769603174056
720.0,6.3092756271362305,560.6709204925401,-0.8305781701634616,-580.3612688997558,560.6709204925401,580.3612688997558,382.3309442038777,-1.8555144247627084,-590.2393508702958,178.33997628866234,1.0249362545992469,9.878081970539926
728.0,6.3801679611206055,560.6232012014254,-0.8317314370270816,-580.2986933745491,560.6232012014254,580.2986933745491,382.2948269327418,-1.8564557486605997,-590.1778057351567,178.32837426868366,1.024724311633518,9.87911236060754
736.0,6.4510602951049805,560.5778781917681,-0.8327964970379949,-580.2397639191234,560.5778781917681,580.2397639191234,382.2604976140067,-1.8573334851119778,-590.1198459657237,178.3173805777615,1.024536988073983,9.880082046600293
744.0,6.521950721740723,560.5346477764394,-0.8337876984713732,-580.1839876213852,560.5346477764394,580.1839876213852,382.22773661865057,-1.8581580457757676,-590.0649632996003,178.30691115778882,1.0243703473043944,9.880975678215178
752.0,6.592843055725098,560.4942699063483,-0.8347090838374003,-580.1320168829333,560.4942699063483,580.1320168829333,382.197375197877,-1.8589332899067221,-590.0138030015403,178.2968947084713,1.0242242060693219,9.881786118606987
760.0,6.663735389709473,560.4548267000694,-0.8356680100118101,-580.0823830718394,560.4548267000694,580.0823830718394,382.167445072941,-1.8597624603938048,-589.964908406288,178.2873816271283,1.0240944503819946,9.882525334448557
768.0,6.734627723693848,560.4175851070856,-0.8365346959259843,-580.0354387733937,560.4175851070856,580.0354387733937,382.1392776430687,-1.8605145783569692,-589.9186280419372,178.27830746401693,1.023979882430985,9.883189268543491
776.0,6.805519104003906,560.3845107333243,-0.8372854231116325,-579.9934218181138,560.3845107333243,579.9934218181138,382.11483325993703,-1.8611637530737113,-589.8771995534387,178.26967747338722,1.0238783299620788,9.883777735324871
784.0,6.876411437988281,560.3503588390084,-0.8380540794151488,-579.9513080477939,560.3503588390084,579.9513080477939,382.0889280740615,-1.8618434263613155,-589.8356030889688,178.2614307649469,1.0237893469461667,9.884295041174946
792.0,6.947303771972656,560.3190801323169,-0.8387291665579548,-579.9129070906158,560.3190801323169,579.9129070906158,382.06550268316914,-1.8624393326843691,-589.7976531972934,178.2535774491478,1.0237101661264143,9.88474610667754
800.0,7.018196105957031,560.2895846774496,-0.8394164746589308,-579.8766947944533,560.2895846774496,579.8766947944533,382.0434686776957,-1.8630557407911663,-589.7618323828618,178.2461159997539,1.0236392661322355,9.885137588408483
808.0,7.089088439941406,560.2613737975943,-0.8400276392531341,-579.8425432756441,560.2613737975943,579.8425432756441,382.0223671751804,-1.8636044248312968,-589.72801406424,178.23900662241383,1.0235767855781628,9.885470788595939
816.0,7.159980773925781,560.2351732732816,-0.8406333325144622,-579.8112012773179,560.2351732732816,579.8112012773179,382.0029694651338,-1.8641533319699213,-589.6969455192193,178.23220380814786,1.0235199994554591,9.885744241901374
824.0,7.230873107910156,560.2087927901433,-0.8412151770293845,-579.779890550295,560.2087927901433,579.779890550295,381.9830188378253,-1.864684987279435,-589.6658689629397,178.225773952318,1.0234698102500506,9.88597841264467
832.0,7.301765441894531,560.1853129915708,-0.8418412974730121,-579.7518349420942,560.1853129915708,579.7518349420942,381.9656945088353,-1.865263627110723,-589.63799976928,178.21961848273546,1.023422329637711,9.886164827185734
840.0,7.37265682220459,560.1623800416496,-0.8423270268182304,-579.7249340217949,560.1623800416496,579.7249340217949,381.94857503811807,-1.8657074022859508,-589.6112536710186,178.21380500353152,1.0233803754677204,9.88631964922372
848.0,7.443549156188965,560.1403472921111,-0.8428733872328049,-579.6991500259353,560.1403472921111,579.6991500259353,381.9321472694435,-1.8662146503929051,-589.5855805027114,178.20820002266765,1.0233412631601002,9.886430476776184
856.0,7.51444149017334,560.1192172524313,-0.8433670080961049,-579.6744300242307,560.1192172524313,579.6744300242307,381.9162605312982,-1.8666720231483032,-589.5609590562564,178.20295672113315,1.0233050150521983,9.886529032025717
864.0,7.585333824157715,560.101361402308,-0.8438496989578548,-579.6534762412209,560.101361402308,579.6534762412209,381.9034557192824,-1.8671192040039957,-589.5400668430125,178.19790568302565,1.023269505046141,9.886590601791529
872.0,7.65622615814209,560.0813190361507,-0.8443402787586134,-579.6303469195062,560.0813190361507,579.6303469195062,381.8881814771496,-1.8675767515648172,-589.5169889492608,178.19313755900114,1.0232364728062038,9.886642029754622
880.0,7.727118492126465,560.0652733102892,-0.8447745535394624,-579.6114350960873,560.0652733102892,579.6114350960873,381.8766682319184,-1.8679788476480859,-589.4981108793904,178.18860507837076,1.0232042941086235,9.886675783303108
888.0,7.79801082611084,560.0483341980646,-0.8452279563824527,-579.5917623917455,560.0483341980646,579.5917623917455,381.86404060769536,-1.8684006324920839,-589.4784603645554,178.18429359036924,1.0231726761096311,9.886697972809849
896.0,7.868903160095215,560.0326892413146,-0.8457000240250352,-579.5736743379557,560.0326892413146,579.5736743379557,381.8525224115009,-1.8688415209145628,-589.460381982922,178.18016682981377,1.0231414968895276,9.886707644966187
904.0,7.93979549407959,560.0162289450568,-0.8461036027297943,-579.55473010575,560.0162289450568,579.55473010575,381.83993369344,-1.869214840737314,-589.4414526065043,178.17629525161686,1.0231112380075196,9.886722500754312
912.0,8.010687828063965,560.0039932616729,-0.8465018452823854,-579.5398855908353,560.0039932616729,579.5398855908353,381.8314138109391,-1.8695825402089161,-589.4266123579098,178.17257945073376,1.0230806949265308,9.8867267670745
920.0,8.08158016204834,559.9894303611077,-0.8469459482073969,-579.5231121081231,559.9894303611077,579.5231121081231,381.8203409070894,-1.8699968444760664,-589.4098503309231,178.16908945401823,1.0230508962686695,9.88673822279993
928.0,8.152472496032715,559.9761403658408,-0.8473418966935085,-579.5074496904078,559.9761403658408,579.5074496904078,381.81039186496514,-1.8703618092644532,-589.3941969364423,178.16574850087565,1.0230199125709447,9.886747246034467
936.0,8.223365783691406,559.9632707890078,-0.8477439406980336,-579.4925430014753,559.9632707890078,579.4925430014753,381.80069661771245,-1.8707335741125801,-589.3793022294647,178.16257417129532,1.0229896334145465,9.88675922798934
944.0,8.294258117675781,559.9519107459109,-0.8480886277185795,-579.4788663288816,559.9519107459109,579.4788663288816,381.79233940967583,-1.8710462736097226,-589.3656437913783,178.15957133623516,1.0229576458911431,9.886777462496676
952.0,8.365150451660156,559.9404436302331,-0.8485072904352968,-579.4651674320494,559.9404436302331,579.4651674320494,381.7837300311036,-1.871433168771948,-589.3519679393517,178.1567135991295,1.0229258783366513,9.886800507302215
960.0,8.436042785644531,559.9293834547757,-0.8488538810424666,-579.4517686731191,559.9293834547757,579.4517686731191,381.7753819244629,-1.8717474549455781,-589.3385991441081,178.1540015303128,1.0228935739031115,9.886830470989047
968.0,8.506936073303223,559.9206147144353,-0.8491413453826788,-579.441390676236,559.9206147144353,579.441390676236,381.76916650062566,-1.8720019028851937,-589.3282550437096,178.15144821380963,1.022860557502515,9.886864367473708
976.0,8.577828407287598,559.9095903177964,-0.849495624380177,-579.4282307214328,559.9095903177964,579.4282307214328,381.76062581577844,-1.8723232059515666,-589.3151318712312,178.14896450201795,1.0228275815713896,9.886901149798364
984.0,8.648720741271973,559.9015632607742,-0.8497922600236385,-579.4175123245986,559.9015632607742,579.4175123245986,381.75484398497986,-1.87258640104255,-589.3044730756944,178.14671927579434,1.0227941410189114,9.886960751095755
992.0,8.719613075256348,559.8910807650434,-0.8501099468969651,-579.4050882029927,559.8910807650434,579.4050882029927,381.74662224838175,-1.8728698764697223,-589.292094920607,178.1444585166616,1.0227599295727572,9.887006717614288
1000.0,8.790507316589355,559.883796126566,-0.850435644398595,-579.3961191069285,559.883796126566,579.3961191069285,381.7413954539617,-1.8731614231783285,-589.2831886088545,178.14240067260437,1.0227257787797335,9.887069501925989
1008.0,8.86139965057373,559.8756779990554,-0.8507435350195172,-579.3857024902269,559.8756779990554,579.3857024902269,381.73528393299205,-1.8734353998569206,-589.2728359088337,178.14039406606335,1.0226918648374035,9.887133418606854
1016.0,8.932291984558105,559.8684281247557,-0.8509920745391204,-579.3762704055295,559.8684281247557,579.3762704055295,381.72990076227234,-1.8736492251423504,-589.2634778275396,178.1385273624834,1.02265715060323,9.887207422010167
1024.0,9.00318431854248,559.860573478175,-0.8513197060798614,-579.366613697017,559.860573478175,579.366613697017,381.72384260678353,-1.8739416111270746,-589.2538938141688,178.13673087139145,1.0226219050472132,9.887280117151764
1032.0,9.074078559875488,559.8540813601885,-0.8515666587716169,-579.3582663496105,559.8540813601885,579.3582663496105,381.7190415530106,-1.8741537134558177,-589.2456269090258,178.13503980717792,1.0225870546842009,9.887360559415281
1040.0,9.144969940185547,559.8471489925867,-0.8518151309532693,-579.3494381663492,559.8471489925867,579.3494381663492,381.713733904248,-1.8743668282839265,-589.236879378197,178.13341508833872,1.0225516973306572,9.887441211847854
1048.0,9.215862274169922,559.8398301853545,-0.8520641345926885,-579.3404919528781,559.8398301853545,579.3404919528781,381.7079611744661,-1.8745804254142842,-589.2280175586397,178.13186901088835,1.0225162908215957,9.887525605761665
1056.0,9.28675365447998,559.8353103589219,-0.852308283153191,-579.3340983085573,559.8353103589219,579.3340983085573,381.70486423328595,-1.8747898502873572,-589.2217135427081,178.13044612563596,1.0224815671341663,9.887615234150918
1064.0,9.357645988464355,559.8281252787347,-0.8525800619835389,-579.3250074280061,559.8281252787347,579.3250074280061,381.69909239593835,-1.8750265061008706,-589.2127045010687,178.12903288279637,1.0224464441173318,9.887697073062702
1072.0,9.428537368774414,559.8239128297043,-0.8528009974113298,-579.3192755272743,559.8239128297043,579.3192755272743,381.69617949055055,-1.8752127446390956,-589.2070616409483,178.12773333915385,1.0224117472277658,9.887786113673988
1080.0,9.499430656433105,559.8183679181893,-0.8530247904329533,-579.3121194778556,559.8183679181893,579.3121194778556,381.69190374166186,-1.8754028441268007,-589.1999905842997,178.12646417652746,1.0223780536938474,9.887871106444049
1088.0,9.570323944091797,559.813966501999,-0.8532484093605572,-579.3061294108777,559.813966501999,579.3061294108777,381.6886535884317,-1.8755915836105346,-589.1940919551415,178.1253129135673,1.0223431742499773,9.88796254426387
1096.0,9.64122200012207,559.808658026722,-0.8534486429038246,-579.2994477398217,559.808658026722,579.2994477398217,381.6845187108825,-1.875758859921124,-589.1874895479864,178.12413931583944,1.0223102170172993,9.888041808164687
1104.0,9.712116241455078,559.8055402605811,-0.8536122602514045,-579.2947911460423,559.8055402605811,579.2947911460423,381.6824304553493,-1.8758887097898302,-589.182921420881,178.12310980523182,1.0222764495384258,9.88813027483873
1112.0,9.783008575439453,559.8002264017518,-0.8537952268016209,-579.2880885938562,559.8002264017518,579.2880885938562,381.67816830283493,-1.8760385088996454,-589.1762957939893,178.12205809891697,1.0222432820980245,9.888207200133158
1120.0,9.853902816772461,559.796925626636,-0.8539778177981878,-579.283847126234,559.796925626636,579.283847126234,381.6758250825632,-1.8761895456319229,-589.1721339433909,178.12110054407276,1.022211727833735,9.888286817156894
1128.0,9.924795150756836,559.7936702120155,-0.8541742857815517,-579.2789128899486,559.7936702120155,579.2789128899486,381.6735128202539,-1.8763543174594997,-589.1672732724337,178.12015739176155,1.022180031677948,9.888360382485107
1136.0,9.995688438415527,559.7884109623927,-0.8543668738220527,-579.2729859328524,559.7884109623927,579.2729859328524,381.66911755794683,-1.8765160903354845,-589.1614188983535,178.11929340444593,1.0221492165134318,9.88843296550115
1144.0,10.066581726074219,559.7862290680546,-0.8544963642616077,-579.2693117861016,559.7862290680546,579.2693117861016,381.66778296878215,-1.8766158471058967,-589.1578133361586,178.11844609927246,1.022119482844289,9.888501550056981
1152.0,10.137474060058594,559.7822697852284,-0.8546838996603965,-579.2642404680295,559.7822697852284,579.2642404680295,381.6646159909843,-1.8767736194645375,-589.1528107215597,178.11765379424406,1.022089719804141,9.888570253530233
1160.0,10.208366394042969,559.7791013720885,-0.8548641461329769,-579.2600200520001,559.7791013720885,579.2600200520001,381.6621894229484,-1.8769252224280741,-589.1486565540496,178.11691194914,1.0220610762950972,9.888636502049497
1168.0,10.279258728027344,559.776510816709,-0.8550225234710762,-579.2563521625591,559.776510816709,579.2563521625591,381.66033911427405,-1.877055661000485,-589.1450444526922,178.11617170243497,1.0220331375294087,9.888692290133099
1176.0,10.350151062011719,559.7723405629669,-0.8551623257658161,-579.2515773920597,559.7723405629669,579.2515773920597,381.65685412592757,-1.8771692330558345,-589.1403270335799,178.1154864370393,1.0220069072900184,9.888749641520096
1184.0,10.42104434967041,559.7711788999366,-0.8553177064146231,-579.2492287738988,559.7711788999366,579.2492287738988,381.65634434556193,-1.8772977499345407,-589.1380317962919,178.11483455437468,1.0219800435199176,9.888803022393102
1192.0,10.491937637329102,559.767577679763,-0.8554750760742755,-579.244819761673,559.767577679763,579.244819761673,381.65334900671394,-1.8774292858239288,-589.1336780756856,178.11422867304904,1.0219542097496532,9.888858314012563
1200.0,10.562829971313477,559.7671969062765,-0.8555704464692906,-579.2438604743081,559.7671969062765,579.2438604743081,381.65355407453563,-1.8775003339628502,-589.132763944281,178.11364283174078,1.0219298874935596,9.888903469972881
1208.0,10.633722305297852,559.7624951608407,-0.8556784837861962,-579.2385765382711,559.7624951608407,579.2385765382711,381.64943062071063,-1.8775852136328268,-589.1275230678687,178.11306454013007,1.0219067298466307,9.888946529597556
1216.0,10.704614639282227,559.7618975676302,-0.8557824745554052,-579.2368673116976,559.7618975676302,579.2368673116976,381.6493457355989,-1.8776660300850407,-589.1258599176278,178.11255183203127,1.0218835555296355,9.888992605930293
1224.0,10.775511741638184,559.7578877047889,-0.8559259223764313,-579.232900919125,559.7578877047889,579.232900919125,381.64588365634347,-1.8777868727168707,-589.121927850423,178.11200404844544,1.0218609503404394,9.889026931298108
1232.0,10.846404075622559,559.757628699076,-0.855980853670185,-579.2315814142829,559.757628699076,579.2315814142829,381.6460697484308,-1.8778213910134047,-589.1206511983585,178.11155895064516,1.0218405373432198,9.889069784075536
1240.0,10.917296409606934,559.754483718288,-0.8561019012646565,-579.227618764513,559.754483718288,579.227618764513,381.64339760232565,-1.8779227346838603,-589.1167270262367,178.1110861159624,1.0218208334192038,9.88910826172377
1248.0,10.988187789916992,559.7536974022975,-0.8561741785442241,-579.2263825680193,559.7536974022975,579.2263825680193,381.64303559337657,-1.8779754872432175,-589.1155260323162,178.1106618089209,1.0218013086989934,9.889143464296975
1256.0,11.059080123901367,559.7523847016345,-0.8562914319771462,-579.2244992334722,559.7523847016345,579.2244992334722,381.64216175171214,-1.878074043300387,-589.113673165905,178.1102229499223,1.0217826113232409,9.889173932432731
1264.0,11.129971504211426,559.7497398678676,-0.8563298622486242,-579.2212125347119,559.7497398678676,579.2212125347119,381.6398815349858,-1.8780945392234711,-589.1104259556408,178.10985833288174,1.021764676974847,9.889213420928915
1272.0,11.200864791870117,559.7482630841077,-0.8563986318449208,-579.2190736106412,559.7482630841077,579.2190736106412,381.6387843926375,-1.8781468615615564,-589.108319894165,178.10947869147026,1.0217482297166356,9.889246283523807
1280.0,11.271759033203125,559.7474074347933,-0.8564641403579634,-579.2174891209153,559.7474074347933,579.2174891209153,381.63826633255906,-1.8781961768508664,-589.1067698181112,178.10914110223422,1.021732036492903,9.8892806971959
1288.0,11.342657089233398,559.7451097645189,-0.8565358941839012,-579.2147808605666,559.7451097645189,579.2147808605666,381.63632286018657,-1.8782531016121577,-589.1040931710327,178.10878690433233,1.0217172074282566,9.889312310466046
1296.0,11.413551330566406,559.7454408028544,-0.8565702170323162,-579.2143279345005,559.7454408028544,579.2143279345005,381.63694440706234,-1.8782722844740212,-589.1036740629406,178.1084963957921,1.021702067441705,9.889346128440117
1304.0,11.484444618225098,559.7424216326347,-0.8566515348494113,-579.2110223965371,559.7424216326347,579.2110223965371,381.6342494094948,-1.8783399286728235,-589.1003945858179,178.10817222313977,1.0216883938234123,9.889372189280683
1312.0,11.555337905883789,559.742093853607,-0.8567210907984686,-579.2100193393882,559.742093853607,579.2100193393882,381.6341962315567,-1.8783966532197622,-589.0994234564661,178.1078976220503,1.0216755624212936,9.88940411707793
1320.0,11.626232147216797,559.7408168661167,-0.8567982844215187,-579.2082048697532,559.7408168661167,579.2082048697532,381.6331830881979,-1.8784616458768664,-589.0976396957401,178.10763377791878,1.0216633614553476,9.889434825986909
1328.0,11.697124481201172,559.7393069305456,-0.8568493987456858,-579.2061801575945,559.7393069305456,579.2061801575945,381.6319485653706,-1.8785009731192037,-589.0956437115947,178.107358365175,1.021651574373518,9.889463554000145
1336.0,11.76801872253418,559.7390323930383,-0.8568706677960183,-579.2056177838808,559.7390323930383,579.2056177838808,381.6318773183001,-1.8785108055832342,-589.095115532381,178.10715507473827,1.021640137787216,9.889497748500112
1344.0,11.838911056518555,559.7376796080309,-0.8569168271538565,-579.2041877107035,559.7376796080309,579.2041877107035,381.63081456231544,-1.8785462559913846,-589.0937034064274,178.10686504571544,1.021629428837528,9.88951569572382
1352.0,11.909802436828613,559.7365527912173,-0.8569545224700947,-579.2022598623777,559.7365527912173,579.2022598623777,381.62986683603987,-1.8785746736259759,-589.0918121858651,178.10668595517734,1.0216201511558811,9.889552323487505
1360.0,11.980695724487305,559.7351722716114,-0.8569872623649255,-579.2002130687231,559.7351722716114,579.2002130687231,381.6287101689071,-1.8785980455970988,-589.0897948170623,178.10646210270437,1.0216107832321732,9.88958174833924
1368.0,12.05158805847168,559.7338865121253,-0.8570267476821494,-579.1985279623515,559.7338865121253,579.1985279623515,381.62763154862944,-1.8786290632158282,-589.0881401747051,178.10625496349587,1.0216023155336789,9.889612212353647
1376.0,12.122481346130371,559.7347710227223,-0.8570296752829085,-579.1990152858444,559.7347710227223,579.1990152858444,381.62865906079105,-1.8786238992950421,-589.0886596891348,178.10611196193128,1.0215942240121336,9.889644403290436
1384.0,12.193374633789062,559.7333093863936,-0.857092195607696,-579.1973518745166,559.7333093863936,579.1973518745166,381.6274176053263,-1.8786790635872306,-589.0870177230413,178.10589178106724,1.0215868679795346,9.889665848524697
1392.0,12.264267921447754,559.7315851159555,-0.8571141096482453,-579.19471812228,559.7315851159555,579.19471812228,381.62585473381114,-1.8786934907160617,-589.0844191614012,178.10573038214432,1.0215793810678164,9.889701039121164
1400.0,12.335161209106445,559.731490475983,-0.857142232298032,-579.1942765743563,559.731490475983,579.1942765743563,381.6259040779963,-1.878714549132801,-589.0840081135188,178.10558639798674,1.021572316834769,9.889731539162511
1408.0,12.406054496765137,559.7295881795872,-0.8571981107063888,-579.1923356089053,559.7295881795872,579.1923356089053,381.62420177764824,-1.878763884948683,-589.0820901352726,178.10538640193897,1.0215657742422941,9.889754526367266
1416.0,12.476948738098145,559.7300559833104,-0.8572360253559284,-579.1925509725301,559.7300559833104,579.1925509725301,381.62479661840473,-1.8787962989228246,-589.0823299483907,178.10525936490563,1.0215602735668963,9.889778975860567
1424.0,12.547842025756836,559.7286186160354,-0.8572612136563116,-579.1901490276504,559.7286186160354,579.1901490276504,381.6234982477651,-1.8788162509081943,-589.0799601656722,178.10512036827038,1.0215550372518827,9.889811138021894
1432.0,12.618735313415527,559.7295015380002,-0.8572676631087948,-579.1905652602316,559.7295015380002,579.1905652602316,381.62449450512355,-1.878817796997259,-589.0804073893457,178.10500703287676,1.0215501338884643,9.889842129114214
1440.0,12.689627647399902,559.7289739521682,-0.8572704304947489,-579.189763297266,559.7289739521682,579.189763297266,381.6240685968833,-1.87881546995688,-589.0796406470556,178.1049053552848,1.021545039462131,9.889877349789614
1448.0,12.760520935058594,559.7273940910848,-0.8573368081754609,-579.1878554844153,559.7273940910848,579.1878554844153,381.6226354231737,-1.8788769696467202,-589.0777578075617,178.10475866791103,1.0215401614712594,9.889902323146377
1456.0,12.831413269042969,559.7279644830373,-0.8573569270170198,-579.1879006985857,559.7279644830373,579.1879006985857,381.62330055874304,-1.8788929783076886,-589.077833341356,178.10466392429433,1.0215360512906688,9.889932642770358
1464.0,12.90230655670166,559.7267639090422,-0.8574041644887251,-579.1864127734773,559.7267639090422,579.1864127734773,381.62220631804627,-1.8789362403891263,-589.0763775867672,178.10455759099597,1.0215320759004012,9.889964813289925
1472.0,12.973199844360352,559.7266033331078,-0.8574488458984684,-579.1857219202633,559.7266033331078,579.1857219202633,381.6221380158991,-1.8789768901147736,-589.0757192172994,178.10446531720874,1.0215280442163053,9.889997297036057
1480.0,13.04409408569336,559.7263026905581,-0.8574119465169421,-579.1849971542513,559.7263026905581,579.1849971542513,381.6219223405568,-1.8789373176167192,-589.0750253757125,178.1043803500013,1.0215253710997771,9.89002822146124
1488.0,13.11498737335205,559.7245856596195,-0.8574534728738783,-579.1830965737751,559.7245856596195,579.1830965737751,381.62028940446146,-1.8789753993486755,-589.0731564063885,178.10429625515806,1.0215219264747972,9.89005983261345
1496.0,13.185880661010742,559.724657186236,-0.8574629484418357,-579.1826366784533,559.724657186236,579.1826366784533,381.6204673205253,-1.8789822563887246,-589.0727192906102,178.10418986571068,1.021519307946889,9.890082612156938
1504.0,13.256772994995117,559.7236983562398,-0.8574430135082034,-579.1814844570026,559.7236983562398,579.1814844570026,381.61956050274364,-1.8789593862154659,-589.0715989199141,178.10413785349607,1.0215163727072625,9.890114462911448
1512.0,13.327666282653809,559.7252557432732,-0.8574632088917333,-579.1827503681618,559.7252557432732,579.1827503681618,381.62122070297096,-1.8789768591505442,-589.0728809375796,178.10403504030222,1.021513650258811,9.890130569417794
1520.0,13.398558616638184,559.7245640472519,-0.8575094079666519,-579.1818031330732,559.7245640472519,579.1818031330732,381.62060458248044,-1.8790199223138258,-589.0719591447339,178.1039594647714,1.0215105143471739,9.890156011660629
1528.0,13.469451904296875,559.7238824968076,-0.8574982699869516,-579.1804459201151,559.7238824968076,579.1804459201151,381.61997982734636,-1.8790066968942014,-589.070633578402,178.10390266946132,1.0215084269072499,9.890187658286923
1536.0,13.540345191955566,559.7236232494784,-0.8574430929240076,-579.1797224385405,559.7236232494784,579.1797224385405,381.61976802681335,-1.8789495078532172,-589.0699411444078,178.10385522266495,1.0215064149292097,9.890218705867357
1544.0,13.61124038696289,559.7226341475325,-0.8575056002149264,-579.1784826875183,559.7226341475325,579.1784826875183,381.6188704222292,-1.879009997608776,-589.0687217420593,178.10376372530334,1.0215043973938496,9.890239054540965
1552.0,13.682133674621582,559.7212816159881,-0.8575647082484164,-579.1767109207053,559.7212816159881,579.1767109207053,381.6175863855847,-1.8790668713629675,-589.0669800451897,178.10369523040342,1.021502163114551,9.890269124484334
1560.0,13.753026962280273,559.7221755210828,-0.8575053647894162,-579.177587153858,559.7221755210828,579.177587153858,381.61849007551155,-1.879005285801945,-589.0678867863255,178.10368544557127,1.0214999210125288,9.890299632467583
1568.0,13.823919296264648,559.7217963123592,-0.8575715940131561,-579.1766729851066,559.7217963123592,579.1766729851066,381.61818325554935,-1.8790697116877562,-589.06699381217,178.10361305680988,1.0214981176746,9.89032082706337
1576.0,13.89481258392334,559.7226990975071,-0.8575380839794962,-579.177236459356,559.7226990975071,579.177236459356,381.6191423584757,-1.8790347596097634,-589.0675803615322,178.10355673903132,1.0214966756302672,9.89034390217628
1584.0,13.965704917907715,559.7205435303997,-0.8575986957741315,-579.1748287926827,559.7205435303997,579.1748287926827,381.6170417589327,-1.8790943980440553,-589.0651978473528,178.10350177146705,1.0214957022699238,9.8903690546701
1592.0,14.036598205566406,559.7199682730768,-0.8575899382360408,-579.1739053795667,559.7199682730768,579.1739053795667,381.6165014539966,-1.8790836705404708,-589.0643030001467,178.10346681908018,1.02149373230443,9.890397620579966
1600.0,14.107490539550781,559.720839765657,-0.8575754674433709,-579.1743077825816,559.720839765657,579.1743077825816,381.61739635973424,-1.8790672335649008,-589.0647308026387,178.1034434059228,1.02149176612153,9.890423020057014
1608.0,14.178387641906738,559.7197508956139,-0.8575887957730481,-579.1732207001079,559.7197508956139,579.1732207001079,381.61634442103923,-1.8790782771352026,-589.0636712718783,178.1034064745746,1.0214894813621545,9.890450571770414
1616.0,14.24928092956543,559.7200446194038,-0.8576141626017564,-579.1730205087863,559.7200446194038,579.1730205087863,381.61669539653076,-1.8791024194600987,-589.0634898481625,178.10334922287308,1.0214882568583423,9.890469339376185
1624.0,14.320173263549805,559.718588835515,-0.8576404242251616,-579.1714300598923,559.718588835515,579.1714300598923,381.61527268458343,-1.8791269953421068,-589.0619257156523,178.10331615093153,1.0214865711169452,9.890495655759977
1632.0,14.391066551208496,559.7198451689878,-0.8575984679766231,-579.1722834730815,559.7198451689878,579.1722834730815,381.61655874177075,-1.8790837822970774,-589.0627992736562,178.10328642721709,1.0214853143204543,9.890515800574738
1640.0,14.461958885192871,559.7195976263708,-0.8576231208943916,-579.1716152843364,559.7195976263708,579.1716152843364,381.61631423872643,-1.8791071589605544,-589.0621607402531,178.10328338764435,1.0214840380661627,9.890545455916666
1648.0,14.532852172851562,559.7200326366908,-0.8576244435078317,-579.1718198138756,559.7200326366908,579.1718198138756,381.6167967478672,-1.87910718927784,-589.06238307731,178.10323588882363,1.0214827457700082,9.890563263434355
1656.0,14.603744506835938,559.7194752904271,-0.8576190094747727,-579.1707953660176,559.7194752904271,579.1707953660176,381.61624900127015,-1.8790995707489362,-589.061388119025,178.10322628915696,1.0214805612741635,9.890592753007384
1664.0,14.674637794494629,559.7193259895387,-0.8576105121118696,-579.1705082950216,559.7193259895387,579.1705082950216,381.6161307881918,-1.8790899765112519,-589.0611227493878,178.10319520134692,1.0214794643993823,9.890614454366187
1672.0,14.745532989501953,559.717494171723,-0.8576177483645777,-579.1684919434329,559.717494171723,579.1684919434329,381.6143359322766,-1.8790960026933368,-589.0591309975755,178.10315823944643,1.021478254328759,9.890639054142689
1680.0,14.816426277160645,559.7189430355809,-0.8576138662436539,-579.1694653140986,559.7189430355809,579.1694653140986,381.6158053384122,-1.879090207273871,-589.0601224786858,178.10313769716873,1.0214763410302172,9.890657164587166
1688.0,14.887319564819336,559.7182532092486,-0.8576344469620638,-579.1685941599393,559.7182532092486,579.1685941599393,381.61512005369,-1.879109534751735,-589.0592774051588,178.10313315555862,1.0214750877896712,9.890683245219467
1696.0,14.958211898803711,559.7181555499401,-0.8576236160145267,-579.1681699369869,559.7181555499401,579.1681699369869,381.615021513365,-1.8790975885248962,-589.0588798822655,178.10313403657506,1.0214739725103694,9.890709945278536
1704.0,15.029105186462402,559.7184077656729,-0.8576570634861698,-579.1683537866514,559.7184077656729,579.1683537866514,381.6153194049827,-1.8791296605787808,-589.0590779095068,178.10308836069015,1.021472597092611,9.890724122855344
1712.0,15.099997520446777,559.7180013359991,-0.8576349906720311,-579.1673768738193,559.7180013359991,579.1673768738193,381.61492769522204,-1.8791071313272067,-589.058124618859,178.10307364077707,1.0214721406551757,9.890747745039683
1720.0,15.170890808105469,559.7173736441633,-0.8576227466441195,-579.1667709392766,559.7173736441633,579.1667709392766,381.61432760173847,-1.8790937368630956,-589.05753953867,178.10304604242486,1.021470990218976,9.890768599393368
1728.0,15.241783142089844,559.7180526142853,-0.8576891027812739,-579.1672414589686,559.7180526142853,579.1672414589686,381.61503586328456,-1.879158711498281,-589.058026813546,178.10301675100072,1.0214696087170072,9.890785354577403
1736.0,15.3126802444458,559.7177941954867,-0.8576721785452746,-579.1664155094207,559.7177941954867,579.1664155094207,381.61474727732747,-1.87914076862475,-589.057230890527,178.10304691815924,1.0214685900794755,9.8908153811062
1744.0,15.383572578430176,559.7174103298455,-0.8577079297382637,-579.1658950859462,559.7174103298455,579.1658950859462,381.6143939315315,-1.8791751963121373,-589.0567276312097,178.10301639831397,1.0214672665738735,9.890832545263464
1752.0,15.454465866088867,559.717049557788,-0.8576895349192011,-579.1652438766434,559.717049557788,579.1652438766434,381.6140429976111,-1.8791557834633625,-589.0561004024748,178.10300656017694,1.0214662485441615,9.8908565258314
1760.0,15.525358200073242,559.7169802519525,-0.8576911560218545,-579.1647840459444,559.7169802519525,579.1647840459444,381.6139841663148,-1.879156733900507,-589.0556605350946,178.1029960856377,1.0214655778786526,9.89087648915013
1768.0,15.596251487731934,559.7174685707944,-0.8576900727333308,-579.1651085038678,559.7174685707944,579.1651085038678,381.61446169182346,-1.8791544140745473,-589.0560072794444,178.10300687897092,1.0214643413412166,9.89089877557661
1776.0,15.667143821716309,559.7169082121538,-0.8577056559859209,-579.1646644201345,559.7169082121538,579.1646644201345,381.61394703497785,-1.8791690425381997,-589.0555767179153,178.10296117717598,1.0214633865522789,9.890912297780826
1784.0,15.738037109375,559.7177515684061,-0.857728947458396,-579.1647920704364,559.7177515684061,579.1647920704364,381.6147967005641,-1.8791908688492978,-589.0557245981615,178.10295486784202,1.0214619213909018,9.890932527725102
1792.0,15.808929443359375,559.7173781690569,-0.8576953984302138,-579.1641404029909,559.7173781690569,579.1641404029909,381.6143951502976,-1.879156481187926,-589.0551012444167,178.10298301875937,1.0214610827577122,9.890960841425766
1800.0,15.879826545715332,559.7146940183911,-0.8577484865785383,-579.1615741819926,559.7146940183911,579.1615741819926,381.6117522079701,-1.879209280068082,-589.0525528014218,178.1029418104211,1.0214607934895437,9.890978619429262
1808.0,15.950718879699707,559.7173572710253,-0.8576800225281964,-579.163569246483,559.7173572710253,579.163569246483,381.6143949312117,-1.8791394314953251,-589.0545657165796,178.1029623398136,1.0214594089671287,9.890996470096674
1816.0,16.0216121673584,559.7159180236486,-0.8577559428982116,-579.1621134531937,559.7159180236486,579.1621134531937,381.6129926694853,-1.8792143931544039,-589.053123257702,178.10292535416318,1.0214584502561923,9.891009804508425
1824.0,16.092504501342773,559.7156254794116,-0.857749127762161,-579.1616047301477,559.7156254794116,579.1616047301477,381.61271242591897,-1.879206704199162,-589.0526355209015,178.1029130534927,1.021457576437001,9.891030790753781
1832.0,16.16339874267578,559.7168817609895,-0.857704725499568,-579.1623356028656,559.7168817609895,579.1623356028656,381.613948082834,-1.8791619275689957,-589.0533901451479,178.10293367815552,1.0214572020694277,9.89105454228234
1840.0,16.234291076660156,559.7155028788134,-0.8577122302933153,-579.1613243813906,559.7155028788134,579.1613243813906,381.6125901839374,-1.8791687072892023,-589.0523944609389,178.10291269487595,1.021456476995887,9.891070079548284
1848.0,16.30518341064453,559.7157903021847,-0.8577607445140139,-579.1609481637241,559.7157903021847,579.1609481637241,381.6129036539282,-1.8792161776717258,-589.052033232447,178.10288664825654,1.021455433157712,9.891085068722836
1856.0,16.376075744628906,559.7160620643244,-0.8577473829906763,-579.1609963695847,559.7160620643244,579.1609963695847,381.61316886644687,-1.8792015320562578,-589.0521037834089,178.10289319787762,1.0214541490655815,9.891107413824269
1864.0,16.44697380065918,559.7155264845665,-0.8577744116760044,-579.1600832731872,559.7155264845665,579.1600832731872,381.61262657001396,-1.879227498310991,-589.0512155706334,178.10289991455255,1.0214530866349865,9.891132297446223
1872.0,16.517866134643555,559.7159220716553,-0.8577810519594262,-579.160230975692,559.7159220716553,579.160230975692,381.61301362274924,-1.8792333002186652,-589.0513859883979,178.10290844890613,1.021452248259239,9.891155012705891
1880.0,16.58875846862793,559.7165032851071,-0.8578077947308769,-579.1607002470871,559.7165032851071,579.1607002470871,381.61362171932996,-1.8792590892902856,-589.0518676789702,178.10288156577724,1.0214512945594088,9.891167431883101
1888.0,16.659650802612305,559.715042404124,-0.8577825933476371,-579.1591263146381,559.715042404124,579.1591263146381,381.6121183619824,-1.8792332494021062,-589.0503225247124,178.10292404214155,1.0214506560544692,9.89119621007437
1896.0,16.730545043945312,559.7159637406107,-0.8578283940282501,-579.1598256090615,559.7159637406107,579.1598256090615,381.6130995604535,-1.879278345579062,-589.051021712214,178.10286418015727,1.021449951550812,9.891196103152485
1904.0,16.801437377929688,559.7166649710349,-0.857821663062059,-579.1600616493706,559.7166649710349,579.1600616493706,381.61377909582103,-1.8792710196746372,-589.0512819171599,178.10288587521387,1.0214493566125782,9.89122026778937
1912.0,16.872329711914062,559.7161862037553,-0.8578050974304867,-579.1593129579018,559.7161862037553,579.1593129579018,381.61327884922923,-1.8792539602154283,-589.0505571975898,178.1029073545261,1.0214488627849416,9.89124423968807
1920.0,16.943222045898438,559.7150476540388,-0.8577939741459617,-579.1582557893155,559.7150476540388,579.1582557893155,381.6121694846108,-1.8792420668759626,-589.0495146663156,178.10287816942807,1.021448092730001,9.891258877000194
1928.0,17.014118194580078,559.7149637924454,-0.8578397700831881,-579.1579407036411,559.7149637924454,579.1579407036411,381.6121205576503,-1.8792865523678688,-589.0492095729497,178.102843234795,1.0214467822846807,9.891268869308607
1936.0,17.085010528564453,559.7147417151398,-0.8578716812933003,-579.1576023675201,559.7147417151398,579.1576023675201,381.611888750327,-1.8793174389523966,-589.0488910759262,178.10285296481277,1.0214457576590963,9.891288708406133
1944.0,17.155902862548828,559.7154887120032,-0.857885441798218,-579.1576745780806,559.7154887120032,579.1576745780806,381.6126006779473,-1.8793297509590507,-589.0489900700244,178.10288803405592,1.0214443091608327,9.891315491943784
1952.0,17.226795196533203,559.7151411996682,-0.8578815354378038,-579.1575786767902,559.7151411996682,579.1575786767902,381.6122942822103,-1.8793264474531832,-589.0489016655763,178.10284691745787,1.0214449120153795,9.891322988786111
1960.0,17.297687530517578,559.7154118907865,-0.8578773546341618,-579.1572306375932,559.7154118907865,579.1572306375932,381.61252568942444,-1.8793214844851192,-589.0485800836889,178.10288620136205,1.0214441298509573,9.891349446095637
1968.0,17.36858367919922,559.7152265659538,-0.8579293180007834,-579.1567218323974,559.7152265659538,579.1567218323974,381.6123328523124,-1.8793725366770975,-589.0480927718785,178.10289371364144,1.021443218676314,9.891370939481117
1976.0,17.439476013183594,559.715046141826,-0.8579325041300274,-579.1564058537731,559.715046141826,579.1564058537731,381.612128054756,-1.8793737260768628,-589.0478002780786,178.10291808706995,1.0214412219468354,9.891394424305528
1984.0,17.51036834716797,559.7149509640668,-0.8579180401338595,-579.1567094272435,559.7149509640668,579.1567094272435,381.61210257403496,-1.8793593054283066,-589.0481021194553,178.10284839003182,1.0214412652944471,9.891392692211715
1992.0,17.58126449584961,559.7151234009737,-0.8578685545602203,-579.1563749793933,559.7151234009737,579.1563749793933,381.61219889227107,-1.8793091253330947,-589.0477966779094,178.1029245087026,1.0214405707728744,9.89142169851616
2000.0,17.652156829833984,559.7140497164319,-0.8579111553570749,-579.1558634897361,559.7140497164319,579.1558634897361,381.6112163488691,-1.8793511376860832,-589.0472793876611,178.1028333675627,1.0214399823290083,9.891415897924938
2008.0,17.723052978515625,559.7147570048521,-0.8578887376089077,-579.1553973230036,559.7147570048521,579.1553973230036,381.61190032777336,-1.8793282235098636,-589.0468349889844,178.10285667707876,1.021439485900956,9.89143766598076
2016.0,17.7939453125,559.7146741024352,-0.8579141324143165,-579.1554213174418,559.7146741024352,579.1554213174418,381.6117630686598,-1.8793530449987847,-589.0468832773688,178.10291103377537,1.0214389125844683,9.891461959927025
2024.0,17.864837646484375,559.7143098149768,-0.8579307784456098,-579.1549880617314,559.7143098149768,579.1549880617314,381.61144585424233,-1.8793692715030268,-589.0464563368308,178.1028639607345,1.021438493057417,9.891468275099466
2032.0,17.93572998046875,559.7143338736314,-0.857958508652054,-579.1546152392629,559.7143338736314,579.1546152392629,381.61148638166196,-1.879396662521769,-589.0460980425025,178.10284749196944,1.021438153869715,9.891482803239715
2040.0,18.006622314453125,559.7153884318936,-0.8579783762699384,-579.155164081147,559.7153884318936,579.155164081147,381.61252936564244,-1.879415495353244,-589.0466643076595,178.10285906625114,1.0214371190833056,9.891500226512509
2048.0,18.0775146484375,559.7148970306309,-0.8579918023913486,-579.1545495911234,559.7148970306309,579.1545495911234,381.61201052395097,-1.8794282823638278,-589.0460728829978,178.10288650668002,1.021436479972479,9.891523291874337
2056.0,18.148414611816406,559.7141583328157,-0.8580471875469646,-579.1536309469559,559.7141583328157,579.1536309469559,381.61128426976086,-1.879483304413415,-589.0451712246186,178.1028740630549,1.0214361168664503,9.89154027766265
2064.0,18.21930694580078,559.7152738815006,-0.8580428943626579,-579.1543011935688,559.7152738815006,579.1543011935688,381.61237978776194,-1.879478005574832,-589.0458609503354,178.10289409373866,1.021435111212174,9.891559756766547
2072.0,18.290199279785156,559.7140484271292,-0.8579881584569715,-579.1533381564868,559.7140484271292,579.1533381564868,381.6111131738226,-1.879422983479693,-589.0449174948837,178.10293525330658,1.0214348250227214,9.89157933839698
2080.0,18.36109161376953,559.7136842322225,-0.8580284950922692,-579.1530146476209,559.7136842322225,579.1530146476209,381.610812687602,-1.8794626781739339,-589.0445947220012,178.10287154462043,1.0214341830816647,9.891580074380268
2088.0,18.431983947753906,559.7137813656047,-0.8580474340399307,-579.1527685477241,559.7137813656047,579.1527685477241,381.6109208206297,-1.8794814207080823,-589.0443625232018,178.10286054497502,1.0214339866681517,9.891593975477702
2096.0,18.50287628173828,559.7140650873059,-0.8580830002971029,-579.1529392536787,559.7140650873059,579.1529392536787,381.61122968230563,-1.8795162745173033,-589.044542142912,178.1028354050003,1.0214332742202004,9.891602889233223
2104.0,18.573768615722656,559.7154080348466,-0.8581001320806423,-579.1537600244966,559.7154080348466,579.1537600244966,381.61249638350563,-1.879532362120591,-589.045390539727,178.102911651341,1.0214322300399488,9.891630515230375
2112.0,18.64466094970703,559.7140791003071,-0.8580583697501019,-579.1522991051769,559.7140791003071,579.1522991051769,381.6111447109543,-1.879490780430023,-589.0439476371207,178.1029343893528,1.021432410679921,9.89164853194377
2120.0,18.715553283691406,559.7133078588539,-0.8581230137646885,-579.1518923013184,559.7133078588539,579.1518923013184,381.6104446346557,-1.8795539263728167,-589.0435404865588,178.1028632241982,1.0214309126081282,9.891648185240328
2128.0,18.78644561767578,559.7138892404096,-0.8581601952674371,-579.151827849293,559.7138892404096,579.151827849293,381.611034494815,-1.8795909339094048,-589.0434886763717,178.10285474559456,1.0214307386419677,9.891660827078663
2136.0,18.857337951660156,559.7145354062122,-0.858175918090093,-579.1522047566837,559.7145354062122,579.1522047566837,381.61164182703044,-1.8796064739383764,-589.0438896449133,178.10289357918185,1.0214305558482835,9.891684888229587
2144.0,18.92823028564453,559.7147076442833,-0.8581874389578354,-579.1519317192749,559.7147076442833,579.1519317192749,381.6117883334306,-1.8796172644626958,-589.0436369378574,178.10291931085268,1.0214298255048604,9.891705218582555
2152.0,18.999122619628906,559.7131124644528,-0.8582616904968456,-579.1508147768765,559.7131124644528,579.1508147768765,381.61022125474926,-1.879691211256707,-589.042529083136,178.10289120970353,1.0214295207598614,9.891714306259425
2160.0,19.07001495361328,559.7141338085471,-0.8582741010262622,-579.1512700441955,559.7141338085471,579.1512700441955,381.61121850888003,-1.8797029577842959,-589.043001689902,178.10291529966702,1.0214288567580336,9.891731645706514
2168.0,19.14090919494629,559.7144211611128,-0.8582924104505913,-579.1511082959657,559.7144211611128,579.1511082959657,381.61150922026457,-1.8797210102488986,-589.0428539860173,178.10291194084817,1.0214285997983072,9.89174569005159
2176.0,19.211801528930664,559.7151021432783,-0.8582593356509314,-579.1517039851954,559.7151021432783,579.1517039851954,381.6121301205734,-1.8796872465152177,-589.0434718275562,178.10297202270493,1.0214279108642863,9.891767842360885
2184.0,19.28270721435547,559.7130136495277,-0.8582728790473473,-579.1499172251374,559.7130136495277,579.1499172251374,381.6100711191227,-1.879700690169746,-589.041693499845,178.10294253040502,1.0214278111223987,9.891776274707638
2192.0,19.353599548339844,559.7135755892186,-0.8583371523000438,-579.1504697425896,559.7135755892186,579.1504697425896,381.610707804553,-1.8797645524461477,-589.0422372990831,178.10286778466565,1.021427400146104,9.891767556493544
2200.0,19.42449378967285,559.7151822258766,-0.8583528699148659,-579.1513242207362,559.7151822258766,579.1513242207362,381.6122405253973,-1.8797800260993367,-589.0431191273219,178.10294170047933,1.0214271561844708,9.891794906585737
2208.0,19.49538803100586,559.7140934670567,-0.8583537578482563,-579.1502366994918,559.7140934670567,579.1502366994918,381.6111221548945,-1.879780530289004,-589.0420471160626,178.10297131216223,1.0214267724407478,9.891810416570813
2216.0,19.566280364990234,559.7136238735432,-0.8583863848731084,-579.1495398058912,559.7136238735432,579.1495398058912,381.61065612044325,-1.8798119846994488,-589.0413677100246,178.10296775309993,1.0214255998263404,9.89182790413334
2224.0,19.63717269897461,559.7129930402702,-0.858448458851629,-579.1494375202811,559.7129930402702,579.1494375202811,381.6100996168335,-1.8798733760073987,-589.0412617086923,178.10289342343674,1.0214249171557697,9.891824188411222
2232.0,19.708066940307617,559.7147258925131,-0.8584435492658722,-579.150213054783,559.7147258925131,579.150213054783,381.6117885418961,-1.8798684587763246,-589.0420577721079,178.10293735061697,1.0214249095104524,9.891844717324897
2240.0,19.778961181640625,559.7146219539666,-0.8584407357480937,-579.1498646054392,559.7146219539666,579.1498646054392,381.61164121823145,-1.8798649389657263,-589.0417299362432,178.10298073573514,1.0214242032176326,9.891865330803997
2248.0,19.849853515625,559.7134149027975,-0.8585254453899187,-579.1489139947279,559.7134149027975,579.1489139947279,381.61045357348826,-1.8799496498889423,-589.0407904921847,178.10296132930918,1.0214242044990236,9.89187649745684
2256.0,19.920745849609375,559.7140835775893,-0.8585118349652976,-579.149054339372,559.7140835775893,579.149054339372,381.6111338537889,-1.8799353286759792,-589.0409419337673,178.10294972380044,1.0214234937106816,9.891887594395271
2264.0,19.99163818359375,559.7144865428601,-0.8585221103638121,-579.1492243674613,559.7144865428601,579.1492243674613,381.61149849064856,-1.8799451864914163,-589.0411334981375,178.10298805221151,1.0214230761276042,9.891909130676176
2272.0,20.062530517578125,559.7130260422351,-0.8585929979770845,-579.1480114856613,559.7130260422351,579.1480114856613,381.6100672461365,-1.8800155185526648,-589.0399280651171,178.10295879609862,1.0214225205755803,9.891916579455872
2280.0,20.1334228515625,559.7146010161819,-0.858593829477982,-579.1488582421947,559.7146010161819,579.1488582421947,381.61160292031917,-1.8800156952902538,-589.0407912328976,178.10299809586272,1.0214218658122718,9.891932990702871
2288.0,20.204315185546875,559.7138146184685,-0.8586051255308011,-579.148127287306,559.7138146184685,579.148127287306,381.61082401140595,-1.8800268390904145,-589.0400711597426,178.10299060706257,1.0214217135596133,9.891943872436649
2296.0,20.27520751953125,559.7139446863516,-0.858614517650315,-579.1479235452864,559.7139446863516,579.1479235452864,381.61094270956886,-1.8800360791828885,-589.0398844385841,178.10300197678274,1.0214215615325735,9.89196089329762
2304.0,20.346099853515625,559.7134671034289,-0.8586006083061024,-579.147549624994,559.7134671034289,579.147549624994,381.61047996592697,-1.880021907394343,-589.0395219234904,178.102987137502,1.0214212990882405,9.89197229849644
2312.0,20.417003631591797,559.7137211101183,-0.8585817636945186,-579.147514709288,559.7137211101183,579.147514709288,381.6107228503041,-1.8800028242283349,-589.0395027974008,178.10299825981411,1.0214210605338163,9.891988088112818
2320.0,20.487895965576172,559.7131847096317,-0.8586351216934387,-579.1471041142645,559.7131847096317,579.1471041142645,381.6102075666022,-1.880055608840326,-589.0391007459383,178.10297714302956,1.0214204871468873,9.891996631673772
2328.0,20.558788299560547,559.7135423889188,-0.8587095452734459,-579.1471081341083,559.7135423889188,579.1471081341083,381.610579342347,-1.8801290241632127,-589.0391134353043,178.1029630465717,1.0214194788897668,9.892005301196033
2336.0,20.629680633544922,559.7134125282987,-0.858739031067441,-579.1468912719441,559.7134125282987,579.1468912719441,381.61045180085694,-1.8801581915091221,-589.038908794327,178.10296072744183,1.0214191604416811,9.89201752238281
2344.0,20.700572967529297,559.713247906504,-0.8588394171056382,-579.1467076273116,559.713247906504,579.1467076273116,381.6103063212686,-1.880258341941008,-589.0387328246259,178.10294158523544,1.0214189248353698,9.892025197314261
2352.0,20.771465301513672,559.7148347887282,-0.8588169036664832,-579.1478200848719,559.7148347887282,579.1478200848719,381.61179325884723,-1.880234299572921,-589.0398673183618,178.103041529881,1.0214173959064379,9.892047233489848
2360.0,20.842357635498047,559.713434372474,-0.8588191187596759,-579.1465562758956,559.713434372474,579.1465562758956,381.61041835179486,-1.88023694655547,-589.0386092541839,178.1030160206791,1.0214178277957942,9.892052978288373
2368.0,20.913249969482422,559.7141171024457,-0.8588220422093493,-579.1468110298242,559.7141171024457,579.1468110298242,381.6111033651843,-1.880239745679138,-589.038875184288,178.1030137372614,1.0214177034697887,9.892064154463787
2376.0,20.984142303466797,559.7136280007442,-0.8588116526818301,-579.1461373207459,559.7136280007442,579.1461373207459,381.6106037319139,-1.8802296502218927,-589.0382178933819,178.10302426883027,1.0214179975400626,9.892080572636008
2384.0,21.055034637451172,559.7133259134284,-0.858806609964321,-579.1458304602977,559.7133259134284,579.1458304602977,381.6103161200905,-1.8802242999059817,-589.0379204728531,178.10300979333795,1.0214176899416607,9.892090012555364
2392.0,21.12592887878418,559.7137486831605,-0.8588120072940861,-579.145831761676,559.7137486831605,579.145831761676,381.61073295935137,-1.880228992651999,-589.037935096106,178.1030157238091,1.021416985357913,9.892103334429994
2400.0,21.196821212768555,559.7133703127816,-0.8587963110254777,-579.1454498583984,559.7133703127816,579.1454498583984,381.61035067711225,-1.8802127272531117,-589.0375666214619,178.10301963566943,1.021416416227634,9.892116763063516
2408.0,21.26771354675293,559.7131724540569,-0.8588061395839857,-579.1451706194296,559.7131724540569,579.1451706194296,381.610166999768,-1.8802224257309836,-589.0372965207405,178.1030054542889,1.021416286146998,9.89212590131092
2416.0,21.338605880737305,559.7131835806301,-0.8588779620650708,-579.1451464218026,559.7131835806301,579.1451464218026,381.61018810254643,-1.8802935722649305,-589.0372803584751,178.10299547808373,1.0214156101998597,9.892133936672499
2424.0,21.40949821472168,559.7132237198853,-0.8589281618649154,-579.1450036959603,559.7132237198853,579.1450036959603,381.61023296325067,-1.8803436024342326,-589.037147993821,178.10299075663465,1.0214154405693172,9.892144297860682
2432.0,21.480390548706055,559.71324917675,-0.8589707000429012,-579.1448511736194,559.71324917675,579.1448511736194,381.61026243291235,-1.8803861213281134,-589.0370048978727,178.10298674383768,1.0214154212852122,9.89215372425339
2440.0,21.55129623413086,559.7132358418148,-0.8590453974420342,-579.1447103475115,559.7132358418148,579.1447103475115,381.6102537361462,-1.8804599362454433,-589.0368744406916,178.10298210566864,1.021414538803409,9.892164093180096
2448.0,21.622188568115234,559.7137300703387,-0.859058796063606,-579.1449550927081,559.7137300703387,579.1449550927081,381.6107408896239,-1.8804736350116424,-589.037130234342,178.10298918071476,1.0214148389480364,9.892175141634002
2456.0,21.69308090209961,559.7138623632588,-0.8591131810452797,-579.1448509752963,559.7138623632588,579.1448509752963,381.610846417866,-1.8805277360955202,-589.0370407286988,178.10301594539288,1.0214145550502405,9.892189753402509
2464.0,21.763973236083984,559.7140108150454,-0.8591457726489613,-579.1447141749023,559.7140108150454,579.1447141749023,381.6109755342452,-1.8805598090275895,-589.0369182198665,178.10303528080024,1.0214140363786282,9.892204044964165
2472.0,21.83486557006836,559.7139718750398,-0.8591901946270866,-579.1446233868297,559.7139718750398,579.1446233868297,381.61092146619717,-1.880604133727158,-589.03683893072,178.10305040884265,1.0214139391000714,9.892215543890252
2480.0,21.905757904052734,559.7133564333081,-0.8591991897160565,-579.1440627352127,559.7133564333081,579.1440627352127,381.6103226247401,-1.8806126118069333,-589.036285605141,178.10303380856806,1.0214134220908768,9.892222869928187
2488.0,21.97665023803711,559.7134540128759,-0.8592378560216996,-579.1439855970044,559.7134540128759,579.1439855970044,381.6104278338466,-1.880651625257634,-589.0362168357881,178.10302617902937,1.0214137692359344,9.892231238783648
2496.0,22.047542572021484,559.7136619967785,-0.8593141220719445,-579.1439602296743,559.7136619967785,579.1439602296743,381.6106359638036,-1.8807269564061673,-589.0362016093093,178.1030260329748,1.0214128343342228,9.892241379634937
2504.0,22.11843490600586,559.7139464802248,-0.859293845654586,-579.1440501327841,559.7139464802248,579.1440501327841,381.6109051434323,-1.880706881161759,-589.0363046726723,178.10304133679247,1.021413035507173,9.892254539888205
2512.0,22.189327239990234,559.7136663362276,-0.8593302474779065,-579.1437960036897,559.7136663362276,579.1437960036897,381.6105894481207,-1.880742974397485,-589.0360644253062,178.1030768881069,1.0214127269195785,9.892268421616585
2520.0,22.26021957397461,559.7133183460895,-0.8594439254056967,-579.1437655931762,559.7133183460895,579.1437655931762,381.6103031803557,-1.8808561502901133,-589.0360254615453,178.10301516573384,1.0214122248844166,9.892259868369031
2528.0,22.331111907958984,559.7146585528791,-0.8594452284539034,-579.1443104536376,559.7146585528791,579.1443104536376,381.6116060229293,-1.880857476912039,-589.0365856442198,178.10305252994974,1.0214122484581356,9.892275190582263
2536.0,22.40200424194336,559.71463629711,-0.8594451644241761,-579.1441643143206,559.71463629711,579.1441643143206,381.6115403609665,-1.880857602481386,-589.0364552564661,178.10309593614357,1.0214124380572098,9.892290942145483
2544.0,22.472896575927734,559.7140158597465,-0.8594870831980139,-579.1434697235809,559.7140158597465,579.1434697235809,381.61090567859173,-1.8808992513726523,-589.0357724925389,178.1031101811547,1.0214121681746384,9.892302768957936
2552.0,22.543790817260742,559.7139523320168,-0.8595081292587858,-579.1432975558164,559.7139523320168,579.1432975558164,381.6108606135281,-1.8809197330516456,-589.035607321509,178.10309171848877,1.0214116037928598,9.892309765692612
2560.0,22.61468505859375,559.7146639484895,-0.8594624741497263,-579.1437445354535,559.7146639484895,579.1437445354535,381.61154232498666,-1.880874242134622,-589.036069267979,178.10312162350283,1.0214117679848957,9.89232473252551
2568.0,22.685590744018555,559.7135967511339,-0.8594731009734651,-579.1427983156985,559.7135967511339,579.1427983156985,381.61047197513506,-1.8808848853829558,-589.0351333221261,178.10312477599885,1.0214117844094908,9.892335006427471
2576.0,22.75648307800293,559.7132507844251,-0.8594822625728806,-579.1426560407568,559.7132507844251,579.1426560407568,381.61017287373534,-1.880893725876616,-589.0349892022309,178.1030779106897,1.0214114633037354,9.892333161474085
2584.0,22.827377319335938,559.7134748522938,-0.8595569422744256,-579.1427282780113,559.7134748522938,579.1427282780113,381.6104175766121,-1.880968418874366,-589.0350641406369,178.1030572756817,1.0214114765999405,9.892335862625604
2592.0,22.898269653320312,559.7139631831053,-0.8595810534435038,-579.142738331423,559.7139631831053,579.142738331423,381.61090059088593,-1.8809925431717818,-589.0350856095532,178.10306259221932,1.021411489728278,9.892347278130284
2600.0,22.969161987304688,559.7143964741804,-0.8596136639148955,-579.1428815014165,559.7143964741804,579.1428815014165,381.61128867685295,-1.8810244409129555,-589.0352462429644,178.10310779732743,1.02141077699806,9.892364741547873
2608.0,23.040056228637695,559.7137641678977,-0.8596607224157982,-579.1423141621439,559.7137641678977,579.1423141621439,381.6106563785756,-1.881071508008949,-589.0346894569581,178.10310778932214,1.021410785593151,9.892375294814194
2616.0,23.110950469970703,559.713975529301,-0.8597285979307028,-579.1424407515331,559.713975529301,579.1424407515331,381.6108946809542,-1.8811388674135863,-589.0348176610546,178.1030808483469,1.0214102694828835,9.892376909521513
2624.0,23.181842803955078,559.7150067785878,-0.8596417845820312,-579.1433828601497,559.7150067785878,579.1433828601497,381.6118276022535,-1.8810517836963427,-589.0357781836556,178.10317917633432,1.0214099991143115,9.892395323505873
2632.0,23.252735137939453,559.7135509903875,-0.8596785990239804,-579.1419825468627,559.7135509903875,579.1419825468627,381.61040224602084,-1.881087909078821,-589.0343813865177,178.10314874436668,1.0214093100548407,9.892398839655055
2640.0,23.323627471923828,559.7134362388518,-0.8596422913397048,-579.141715345301,559.7134362388518,579.141715345301,381.61032718134504,-1.8810520058874434,-589.0341153199272,178.1031090575068,1.0214097145477385,9.892399974626176
2648.0,23.394519805908203,559.713565955462,-0.8596622945045458,-579.1416000994719,559.713565955462,579.1416000994719,381.61046283682435,-1.8810715044353992,-589.0340086563114,178.10310311863765,1.0214092099308534,9.892408556839413
2656.0,23.465412139892578,559.71462651905,-0.859702706936111,-579.1424786834815,559.71462651905,579.1424786834815,381.61151380993874,-1.8811116024471728,-589.0348975353157,178.1031127091112,1.0214088955110618,9.892418851834183
2664.0,23.53630828857422,559.714526620928,-0.8596802195522542,-579.1423531260383,559.714526620928,579.1423531260383,381.6113436093931,-1.8810884384467683,-589.034790088589,178.10318301153498,1.0214082188945142,9.89243696255069
2672.0,23.607200622558594,559.7135896835844,-0.8596509346084567,-579.1412377639052,559.7135896835844,579.1412377639052,381.61042341944056,-1.8810593559234725,-589.0336820400446,178.10316626414377,1.0214084213150159,9.892444276139413
2680.0,23.67809295654297,559.7134977035133,-0.8596583322068625,-579.1411025909186,559.7134977035133,579.1411025909186,381.6103563973918,-1.8810665614104014,-589.0335512074384,178.10314130612156,1.021408229203539,9.892448616519825
2688.0,23.748985290527344,559.7134993870056,-0.8596632281978946,-579.140910744803,559.7134993870056,579.140910744803,381.6103646219974,-1.8810718869797087,-589.0333676841303,178.10313476500818,1.021408658781814,9.892456939327344
2696.0,23.81988525390625,559.713436696951,-0.8596619045036062,-579.1407471824634,559.713436696951,579.1407471824634,381.610304915032,-1.8810701571460724,-589.0332136113975,178.103131781919,1.0214082526424662,9.892466428934139
2704.0,23.890777587890625,559.7134113531007,-0.8597384416133615,-579.1405537412869,559.7134113531007,579.1405537412869,381.6102832157448,-1.8811460455949676,-589.0330286599929,178.10312813735587,1.021407603981606,9.8924749187059
2712.0,23.961669921875,559.7134785468693,-0.8597612826529435,-579.1406129799285,559.7134785468693,579.1406129799285,381.6103556932752,-1.8811681971022853,-589.0330956180775,178.10312285359402,1.0214069144493418,9.892482638148945
2720.0,24.032564163208008,559.7134677491503,-0.8598035441543441,-579.1405265362877,559.7134677491503,579.1405265362877,381.6103499343734,-1.8812105321626742,-589.0330166494059,178.10311781477682,1.02140698800833,9.89249011311826
2728.0,24.103456497192383,559.7134984656407,-0.8598265989839282,-579.1403729347975,559.7134984656407,579.1403729347975,381.6103859063809,-1.8812337476461893,-589.0328706006312,178.10311255925984,1.0214071486622611,9.89249766583378
2736.0,24.174348831176758,559.7134810829175,-0.8599347050838664,-579.1401546892619,559.7134810829175,579.1401546892619,381.61037282053076,-1.8813412611382412,-589.0326591889859,178.1031082623868,1.0214065560543748,9.892504499724005
2744.0,24.245243072509766,559.7142082715577,-0.859988208043533,-579.1405662977215,559.7142082715577,579.1405662977215,381.61108486145883,-1.8813943840197807,-589.0330807390602,178.10312341009893,1.0214061759762476,9.892514441338733
2752.0,24.31613540649414,559.7139183087966,-0.860070266718246,-579.1402144460586,559.7139183087966,579.1402144460586,381.61077920873845,-1.881476984932652,-589.0327405351011,178.10313910005814,1.021406718214406,9.892526089042418
2760.0,24.387027740478516,559.7140622374227,-0.8601077289914718,-579.1401657126856,559.7140622374227,579.1401657126856,381.6109148777102,-1.8815139094182074,-589.032701103107,178.10314735971258,1.0214061804267356,9.892535390421333
2768.0,24.45792007446289,559.7138193631608,-0.8601625142132452,-579.1399755437908,559.7138193631608,579.1399755437908,381.6106777002126,-1.881568536041021,-589.0325175609946,178.1031416629482,1.0214060218277758,9.892542017203816
2776.0,24.5288143157959,559.7138536540627,-0.8602199861917099,-579.1399792858849,559.7138536540627,579.1399792858849,381.61072646132504,-1.881626048264049,-589.0325260447041,178.1031271927377,1.021406062072339,9.892546758819162
2784.0,24.599706649780273,559.7139053628019,-0.8603058234018395,-579.1398295880311,559.7139053628019,579.1398295880311,381.6107855828394,-1.8817120081455219,-589.0323832308792,178.10311977996253,1.0214061847436824,9.892553642848055
2792.0,24.67059898376465,559.7140527105621,-0.8604162177027197,-579.1398059205131,559.7140527105621,579.1398059205131,381.6109363109156,-1.8818213862756261,-589.0323658276757,178.10311639964647,1.0214051685729064,9.892559907162484
2800.0,24.741493225097656,559.7142187820796,-0.8605157644104211,-579.1397556464073,559.7142187820796,579.1397556464073,381.6111045589065,-1.8819212107161154,-589.0323230146473,178.103114223173,1.0214054463056943,9.89256736824004
2808.0,24.81238555908203,559.7146512197417,-0.8606253392986511,-579.1399430509719,559.7146512197417,579.1399430509719,381.61153073481313,-1.8820301396382613,-589.0325188547542,178.10312048492852,1.0214048003396101,9.892575803782348
2816.0,24.883277893066406,559.715435160589,-0.8606743029733033,-579.1405840540345,559.715435160589,579.1405840540345,381.61227638110785,-1.8820791045846552,-589.0331723879001,178.10315877948116,1.021404801611352,9.892588333865554
2824.0,24.954181671142578,559.7153725482732,-0.8607469443105655,-579.1403530128924,559.7153725482732,579.1403530128924,381.6121696630148,-1.8821520352159,-589.0329523629988,178.1032028852584,1.0214050909053345,9.892599350106341
2832.0,25.025074005126953,559.7152851020286,-0.8608354447431479,-579.1401956864604,559.7152851020286,579.1401956864604,381.6120786190944,-1.8822396421991732,-589.0328017664981,178.1032064829342,1.0214041974560253,9.892606080037746
2840.0,25.095966339111328,559.7149834383539,-0.8608670771923657,-579.1397354700733,559.7149834383539,579.1397354700733,381.61177800717536,-1.8822718947290409,-589.0323507788405,178.1032054311785,1.0214048175366752,9.892615308767162
2848.0,25.166858673095703,559.7153310672023,-0.8608483814500314,-579.1399261658634,559.7153310672023,579.1399261658634,381.6121142750492,-1.882252956787248,-589.0325514553663,178.10321679215315,1.0214045753372165,9.892625289502892
2856.0,25.237751007080078,559.7156189802215,-0.8608840917265335,-579.1400952992813,559.7156189802215,579.1400952992813,381.61238591926246,-1.8822884194970504,-589.0327297130714,178.10323306095904,1.021404327770517,9.892634413790072
2864.0,25.308645248413086,559.7154093612803,-0.8608595539403563,-579.1399026513254,559.7154093612803,579.1399026513254,381.61215979391926,-1.8822640214020456,-589.0325454889289,178.1032495673611,1.0214044674616893,9.892642837603516
2872.0,25.37953758239746,559.7151012309643,-0.8608645979066045,-579.1395846507224,559.7151012309643,579.1395846507224,381.61185491013896,-1.8822689058341657,-589.0322346156547,178.10324632082526,1.0214043079275612,9.892649964932321
2880.0,25.45043182373047,559.7146460498045,-0.8608574422918074,-579.139163075247,559.7146460498045,579.139163075247,381.6114199269996,-1.8822617365043413,-589.0318169824498,178.10322612280487,1.0214042942125339,9.892653907202739
2888.0,25.521324157714844,559.7145502001916,-0.8609103563656526,-579.1390880341019,559.7145502001916,579.1390880341019,381.61135125697393,-1.8823138391671912,-589.0317417130542,178.1031989432177,1.0214034828015386,9.892653678952367
2896.0,25.59221649169922,559.7146451923472,-0.8609606377956274,-579.1390949112218,559.7146451923472,579.1390949112218,381.6114570253703,-1.882363757385403,-589.031752494478,178.10318816697693,1.0214031195897757,9.89265758325617
2904.0,25.663108825683594,559.7151448968043,-0.8609749895312899,-579.1391914327683,559.7151448968043,579.1391914327683,381.61195000974186,-1.8823777966968689,-589.0318576237945,178.1031948870624,1.021402807165579,9.892666191026205
2912.0,25.73400115966797,559.7155825164984,-0.8610353560910404,-579.139443907261,559.7155825164984,579.139443907261,381.61235767554973,-1.8824379963667983,-589.0321227338625,178.10322484094868,1.021402640275758,9.892678826601497
2920.0,25.804893493652344,559.7155725473042,-0.8610285081632671,-579.1393531011288,559.7155725473042,579.1393531011288,381.6123279598952,-1.8824317947809845,-589.0320413112611,178.103244587409,1.0214032866177174,9.89268821013227
2928.0,25.87578582763672,559.7155994970996,-0.8610556698852418,-579.1390711972143,559.7155994970996,579.1390711972143,381.61233374044133,-1.8824584529174375,-589.0317693635183,178.1032657566582,1.0214027830321957,9.892698166303926
2936.0,25.946678161621094,559.7148545826855,-0.8610396999985532,-579.1385357866042,559.7148545826855,579.1385357866042,381.61159528466663,-1.8824425576210935,-589.0312392992797,178.10325929801883,1.0214028576225402,9.892703512675514
2944.0,26.0175724029541,559.7146987095789,-0.86106445517997,-579.138516473782,559.7146987095789,579.138516473782,381.61147196248,-1.8824662342808844,-589.0312182869382,178.10322674709897,1.0214017791009145,9.892701813156167
2952.0,26.08847427368164,559.7148185779297,-0.8611094161185182,-579.1385982964415,559.7148185779297,579.1385982964415,381.6116057970901,-1.8825110259625522,-589.0313032122419,178.10321278083967,1.021401609844034,9.892704915800405
2960.0,26.159366607666016,559.7149373121825,-0.8611856680001639,-579.1385091721809,559.7149373121825,579.1385091721809,381.61172714256173,-1.8825867801584724,-589.0312207752308,178.1032101696208,1.0214011121583084,9.892711603049976
2968.0,26.230260848999023,559.7158381959498,-0.8612440363530904,-579.1391205967918,559.7158381959498,579.1391205967918,381.61261711406047,-1.8826444824923882,-589.0318392442686,178.10322108188927,1.0214004461392978,9.892718647476713
2976.0,26.3011531829834,559.7155501999523,-0.8612454416206274,-579.1386272780098,559.7155501999523,579.1386272780098,381.61230774485387,-1.8826462256645895,-589.0313573910626,178.1032424550984,1.021400784043962,9.892730113052766
2984.0,26.372047424316406,559.7157508057312,-0.8612956216876198,-579.13881588321,559.7157508057312,579.13881588321,381.61247694331945,-1.8826965547679402,-589.0315566961985,178.10327386241175,1.0214009330803204,9.89274081298853
2992.0,26.44293975830078,559.7156407769525,-0.8613081946995029,-579.1385124148691,559.7156407769525,579.1385124148691,381.61235272624765,-1.882708999017308,-589.0312611558304,178.10328805070483,1.0214008043178051,9.892748740961334
3000.0,26.513832092285156,559.7156590624525,-0.8612959693773368,-579.1384032075093,559.7156590624525,579.1384032075093,381.612365587042,-1.8826970264440535,-589.0311592677675,178.1032934754104,1.0214010570667167,9.892756060258172
3008.0,26.58472442626953,559.7156000832113,-0.8612927191894117,-579.138292375227,559.7156000832113,579.138292375227,381.6122938678708,-1.8826933487569866,-589.0310571825055,178.10330621534044,1.0214006295675748,9.892764807278475
3016.0,26.655616760253906,559.7158316577884,-0.861300900611857,-579.1385249839285,559.7158316577884,579.1385249839285,381.6125140002303,-1.8827015452385503,-589.031296897552,178.10331765755805,1.0214006446266932,9.892771913623466
3024.0,26.72650909423828,559.7154149409878,-0.8612250246544866,-579.1379931171482,559.7154149409878,579.1379931171482,381.6120892056606,-1.882625574544865,-589.0307725708166,178.1033257353272,1.0214005498903784,9.892779453668368
3032.0,26.797401428222656,559.7148879759147,-0.8612297539202087,-579.1375352037134,559.7148879759147,579.1375352037134,381.61157705954736,-1.8826295867804204,-589.0303186774045,178.10331091636738,1.0213998328602116,9.892783473691107
3040.0,26.86829376220703,559.7148503725745,-0.8612208827031118,-579.1377469724595,559.7148503725745,579.1377469724595,381.6115651599148,-1.882621067061864,-589.0305291524959,178.10328521265964,1.0214001843587521,9.892782180036441
3048.0,26.93918800354004,559.7149620326206,-0.8612201638467432,-579.1375313960931,559.7149620326206,579.1375313960931,381.611685506911,-1.8826194331515373,-589.0303177380096,178.10327652570965,1.0213992693047942,9.892786341916443
3056.0,27.010082244873047,559.7150508437205,-0.8612075595142281,-579.1373775747747,559.7150508437205,579.1373775747747,381.6117613490571,-1.8826076707960917,-589.030174112672,178.10328949466347,1.0214001112818636,9.892796537897228
3064.0,27.080974578857422,559.7152661488382,-0.8612380917584685,-579.1375248564111,559.7152661488382,579.1375248564111,381.6119786054464,-1.8826374132496957,-589.0303270095449,178.10328754339176,1.0213993214912271,9.892802153133772
3072.0,27.151866912841797,559.7147537029839,-0.8612554299700013,-579.1372124463677,559.7147537029839,579.1372124463677,381.61147031543044,-1.882655043414275,-589.0300187656126,178.1032833875535,1.0213996134442738,9.89280631924482
3080.0,27.22277069091797,559.7150259743066,-0.8612441321403788,-579.1372600997014,559.7150259743066,579.1372600997014,381.61173676682205,-1.8826437644850342,-589.0300729349057,178.10328920748464,1.0213996323446555,9.892812835204232
3088.0,27.293663024902344,559.7152540460177,-0.8612515289551035,-579.1371842661447,559.7152540460177,579.1371842661447,381.611955749553,-1.8826504738396488,-589.0300057642481,178.10329829646463,1.0213989448845453,9.892821498103405
3096.0,27.36455535888672,559.7148444683984,-0.8613002205279807,-579.1368069676904,559.7148444683984,579.1368069676904,381.6115440654429,-1.882699078524614,-589.0296354569127,178.10330040295548,1.0213988579966333,9.892828489222353
3104.0,27.435447692871094,559.7150762547511,-0.8612999947519286,-579.1370123771198,559.7150762547511,579.1370123771198,381.61178342825383,-1.8826984554111883,-589.0298444585829,178.10329282649732,1.0213984606592597,9.892832081463098
3112.0,27.50634002685547,559.7149655401487,-0.8613342286751866,-579.136803448914,559.7149655401487,579.136803448914,381.611666114034,-1.882732368126927,-589.029643207043,178.1032994261147,1.0213981394517404,9.892839758129044
3120.0,27.577234268188477,559.7148652906649,-0.861377218422497,-579.1366092987496,559.7148652906649,579.1366092987496,381.6115727469345,-1.882775416014022,-589.029454471366,178.10329254373033,1.021398197591525,9.892845172616415
3128.0,27.64812660217285,559.7148101213434,-0.8614151403436701,-579.136446067438,559.7148101213434,579.136446067438,381.6115267859711,-1.8828133939573757,-589.0292951435449,178.10328333537234,1.0213982536137056,9.892849076106943
3136.0,27.719018936157227,559.7148865378771,-0.8614347659719148,-579.1365019024657,559.7148865378771,579.1365019024657,381.61160788062375,-1.8828326292183193,-589.0293553105666,178.10327865725333,1.0213978632464045,9.892853408100908
3144.0,27.7899112701416,559.7149531021431,-0.8615037937525258,-579.1364414760732,559.7149531021431,579.1364414760732,381.6116758755585,-1.8829012170339023,-589.0293005962324,178.1032772265846,1.0213974232813765,9.892859120159155
3152.0,27.86080551147461,559.716712827715,-0.861453411721341,-579.1381785054499,559.716712827715,579.1381785054499,381.6133284437776,-1.8828511373278407,-589.0310517167081,178.1033843839374,1.0213977256064997,9.892873211258271
3160.0,27.931697845458984,559.7144973669891,-0.8614862142701929,-579.1365776308045,559.7144973669891,579.1365776308045,381.6111813301489,-1.8828840591828273,-589.0294376068728,178.10331603684023,1.0213978449126344,9.892859976068234
3168.0,28.00259017944336,559.7150461805838,-0.8615260515839753,-579.1365808591796,559.7150461805838,579.1365808591796,381.6117599680262,-1.8829238640429593,-589.0294386138025,178.1032862125576,1.021397812458984,9.892857754622979
3176.0,28.073482513427734,559.7152670918157,-0.8615525044241696,-579.1364984238033,559.7152670918157,579.1364984238033,381.61196670878155,-1.8829502485875356,-589.0293671558363,178.10330038303414,1.021397744163366,9.89286873203299
3184.0,28.14437484741211,559.7161483204216,-0.8615767047867626,-579.1371017324016,559.7161483204216,579.1371017324016,381.61282077644535,-1.8829744508293045,-589.029981402876,178.1033275439762,1.0213977460425419,9.892879670474453
3192.0,28.215267181396484,559.7166557559979,-0.8615506305843166,-579.1376517313729,559.7166557559979,579.1376517313729,381.61323534145316,-1.8829486891548992,-589.0305443478475,178.1034204145447,1.0213980585705826,9.892892616474624
3200.0,28.28615951538086,559.7152438775329,-0.8615291814149062,-579.136320406795,559.7152438775329,579.136320406795,381.6118410273533,-1.8829275467706834,-589.0292145493697,178.10340285017952,1.0213983653557772,9.892894142574733
3208.0,28.357065200805664,559.7150603820803,-0.86154955929059,-579.1361522402038,559.7150603820803,579.1361522402038,381.6116925273035,-1.8829475950927366,-589.0290461695593,178.10336785477688,1.0213980358021466,9.892893929355402
3216.0,28.42795753479004,559.7151416144006,-0.8615527817278705,-579.1360280693513,559.7151416144006,579.1360280693513,381.6117805728625,-1.8829502472395037,-589.02892852677,178.10336104153822,1.0213974655116331,9.892900457418728
3224.0,28.498849868774414,559.7151433035359,-0.8615301605458194,-579.1358816048137,559.7151433035359,579.1358816048137,381.61178271802976,-1.8829275457601318,-589.0287896909144,178.10336058550615,1.0213973852143123,9.89290808610078
3232.0,28.569744110107422,559.7150434676889,-0.8615502693219619,-579.1357617720189,559.7150434676889,579.1357617720189,381.6116857548335,-1.8829482494423027,-589.0286759690628,178.10335771285543,1.0213979801203408,9.89291419704383
3240.0,28.640636444091797,559.7149905927545,-0.8615489800762535,-579.1357766272047,559.7149905927545,579.1357766272047,381.61163913221355,-1.8829468209808584,-589.0286958167592,178.10335146054092,1.021397840904605,9.892919189554531
3248.0,28.711528778076172,559.7149488489949,-0.8615911244136294,-579.1355623316998,559.7149488489949,579.1355623316998,381.6116029434885,-1.8829889210572928,-589.0284861374586,178.1033459055065,1.0213977966436634,9.892923805758784
3256.0,28.782421112060547,559.7149785585239,-0.8616241511444951,-579.1355384859954,559.7149785585239,579.1355384859954,381.61163652605705,-1.8830221657494786,-589.0284672349312,178.10334203246686,1.0213980146049835,9.892928748935816
3264.0,28.853313446044922,559.7150588543575,-0.8616425405864554,-579.1355624452024,559.7150588543575,579.1355624452024,381.61172022988103,-1.883040286360032,-589.0284958151675,178.1033386244764,1.0213977457735766,9.89293336996513
3272.0,28.924205780029297,559.7156935213158,-0.861680564125999,-579.1359433549975,559.7156935213158,579.1359433549975,381.6123407712271,-1.883078138458817,-589.0288837804824,178.10335275008867,1.021397574332818,9.892940425484866
3280.0,28.995098114013672,559.7154927357788,-0.8616865638373521,-579.1356770244248,559.7154927357788,579.1356770244248,381.61212100661686,-1.8830845473431341,-589.0286256757116,178.10337172916192,1.021397983505782,9.892948651286847
3288.0,29.06599235534668,559.7156104796286,-0.8616895965559968,-579.1355820360657,559.7156104796286,579.1355820360657,381.6122270223851,-1.8830870545650766,-589.0285379627351,178.10338345724344,1.0213974580090799,9.892955926669368
3296.0,29.136884689331055,559.7153151077355,-0.8617354626708265,-579.1353295640997,559.7153151077355,579.1353295640997,381.61193364705406,-1.8831327631636858,-589.0282900832402,178.10338146068142,1.0213973004928594,9.892960519140495
3304.0,29.20777702331543,559.7151695299207,-0.8617409950918162,-579.135202613876,559.7151695299207,579.135202613876,381.6117994107335,-1.8831384918925895,-589.0281662011203,178.10337011918713,1.0213974968007733,9.892963587244278
3312.0,29.278669357299805,559.7152310154479,-0.8617998972681855,-579.1352872581147,559.7152310154479,579.1352872581147,381.61186787801955,-1.8831978915730554,-589.0282543981871,178.10336313742832,1.0213979943048699,9.892967140072411
3320.0,29.34956169128418,559.7153416901947,-0.8618101994901259,-579.1351891077836,559.7153416901947,579.1351891077836,381.61198056084265,-1.8832080920513405,-589.0281610021692,178.1033611293521,1.0213978925612146,9.892971894385592
3328.0,29.420455932617188,559.7153904616015,-0.8618891336823995,-579.1352499105446,559.7153904616015,579.1352499105446,381.6120306260403,-1.8832872909445135,-589.0282266456543,178.10335983556118,1.021398157262114,9.89297673510961
3336.0,29.491357803344727,559.7153250719788,-0.8619056310257598,-579.1349962993788,559.7153250719788,579.1349962993788,381.61196762699666,-1.8833033950047877,-589.0279781642872,178.1033574449821,1.021397763979028,9.892981864908414
3344.0,29.5622501373291,559.7153803205051,-0.8619804519412897,-579.1349638957246,559.7153803205051,579.1349638957246,381.612025356107,-1.883377615532237,-589.0279501523403,178.1033549643982,1.0213971635909473,9.89298625661571
3352.0,29.63314437866211,559.7154624218272,-0.8620011602307076,-579.1350148832126,559.7154624218272,579.1350148832126,381.61211061039637,-1.8833982552979047,-589.0280051344882,178.10335181143074,1.0213970950671971,9.892990251275638
3360.0,29.704036712646484,559.7154664053412,-0.8621437092575612,-579.1349153023148,559.7154664053412,579.1349153023148,381.61211797212803,-1.8835400422732111,-589.0279093223915,178.1033484332132,1.02139633301565,9.892994020076681
3368.0,29.77492904663086,559.7159491044968,-0.8621997209128631,-579.13525665123,559.7159491044968,579.13525665123,381.6125979810288,-1.8835964214538334,-589.0282549628515,178.10335112346792,1.0213967005409703,9.892998311621609
3376.0,29.845821380615234,559.7163459650153,-0.862224238035795,-579.1355152198875,559.7163459650153,579.1355152198875,381.61296720446484,-1.8836205452948747,-589.0285221960386,178.1033787605505,1.0213963072590797,9.893006976151096
3384.0,29.91671371459961,559.7163386529844,-0.8622584500943464,-579.1353435683508,559.7163386529844,579.1353435683508,381.612945831692,-1.8836551286398429,-589.0283569232513,178.1033928212924,1.0213966785454964,9.893013354900535
3392.0,29.987606048583984,559.7162598326237,-0.8623142721581614,-579.1352179131358,559.7162598326237,579.1352179131358,381.6128626534788,-1.883710698786051,-589.0282364327663,178.10339717914485,1.0213964266278897,9.893018519630585
3400.0,30.05849838256836,559.7159977272837,-0.8623728983083092,-579.1349022589574,559.7159977272837,579.1349022589574,381.61259954336117,-1.8837695793311555,-589.0279255587831,178.10339818392254,1.0213966810228463,9.893023299825709
3408.0,30.129390716552734,559.7158978951871,-0.8624125985453928,-579.1347573769278,559.7158978951871,579.1347573769278,381.6125118748453,-1.8838088660376728,-589.027782688625,178.1033860203418,1.02139626749228,9.893025311697262
3416.0,30.20028305053711,559.7166036841178,-0.8624536143945853,-579.1353075023984,559.7166036841178,579.1353075023984,381.61320432943955,-1.8838497208194767,-589.0283392434318,178.10339935467823,1.0213961064248913,9.893031741033374
3424.0,30.271177291870117,559.7166241778376,-0.8624979950377476,-579.1351752427527,559.7166241778376,579.1351752427527,381.61320053866547,-1.8838939326433426,-589.0282147606838,178.10342363917212,1.021395937605595,9.893039517931149
3432.0,30.342069625854492,559.7161377622692,-0.8624946362553501,-579.134783499148,559.7161377622692,579.134783499148,381.61272086776296,-1.883890745069745,-589.0278259164002,178.10341689450627,1.021396108814395,9.893042417252113
3440.0,30.4129638671875,559.7160308352849,-0.8625644786608904,-579.1347185207567,559.7160308352849,579.1347185207567,381.61263213562836,-1.8839604477316465,-589.027761260447,178.10339869965654,1.0213959690707561,9.893042739690316
3448.0,30.483856201171875,559.7160919059834,-0.8626088638045237,-579.1346054851676,559.7160919059834,579.1346054851676,381.6127020439381,-1.8840048978172268,-589.027651011739,178.1033898620453,1.021396034012703,9.893045526571349
3456.0,30.55474853515625,559.7162537985545,-0.8626871263770144,-579.1347339366432,559.7162537985545,579.1347339366432,381.61286617802017,-1.8840830459152023,-589.0277834143317,178.1033876205343,1.0213959195381879,9.893049477688407
3464.0,30.625652313232422,559.7164842968724,-0.8627447923433555,-579.1347226709892,559.7164842968724,579.1347226709892,381.61309522251184,-1.8841402251239776,-589.0277769470299,178.1033890743606,1.021395432780622,9.893054276040733
3472.0,30.696544647216797,559.7165646396256,-0.8627759861721014,-579.1347050815364,559.7165646396256,579.1347050815364,381.61316234687564,-1.8841717878930204,-589.0277669964254,178.10340229275002,1.021395801720919,9.89306191488906
3480.0,30.767436981201172,559.7164524790093,-0.8628530244621011,-579.1346606974267,559.7164524790093,579.1346606974267,381.6130542481999,-1.8842486418661935,-589.027725973549,178.10339823080938,1.0213956174040923,9.893065276122204
3488.0,30.838329315185547,559.7164328138833,-0.862923309716229,-579.1345717338804,559.7164328138833,579.1345717338804,381.6130435582992,-1.8843190231615958,-589.0276396195828,178.1033892555841,1.0213957134453668,9.893067885702356
3496.0,30.909223556518555,559.7166081903812,-0.8629929659390103,-579.1346723548158,559.7166081903812,579.1346723548158,381.6132232092085,-1.884388202923144,-589.0277426586156,178.10338498117267,1.0213952369841337,9.893070303799767
3504.0,30.98011589050293,559.716720249656,-0.8630601830189946,-579.1346084804316,559.716720249656,579.1346084804316,381.6133377535019,-1.8844555504619187,-589.0276829314872,178.103382496154,1.0213953674429241,9.893074451055615
3512.0,31.051008224487305,559.7173320867221,-0.8631493453813279,-579.1349293566134,559.7173320867221,579.1349293566134,381.61393153345557,-1.8845444468448784,-589.0280107084976,178.10340055326654,1.0213951014635505,9.893081351884234
3520.0,31.12190055847168,559.7174690054068,-0.8631909188901221,-579.1350814691202,559.7174690054068,579.1350814691202,381.61405010227463,-1.8845861870336633,-589.0281693147301,178.10341890313214,1.0213952681435412,9.893087845609928
3528.0,31.192794799804688,559.7176753731677,-0.8632298451280462,-579.1352136511348,559.7176753731677,579.1352136511348,381.6142368677459,-1.88462478188338,-589.0283077401944,178.10343850542182,1.0213949367553337,9.893094089059542
3536.0,31.263687133789062,559.7177658965202,-0.8632807508158633,-579.1352182536378,559.7177658965202,579.1352182536378,381.6143044740438,-1.884676354959523,-589.0283179980297,178.1034614224764,1.0213956041436596,9.893099744391858
3544.0,31.334579467773438,559.7175487212711,-0.8632860114658145,-579.1350414057522,559.7175487212711,579.1350414057522,381.6140917220949,-1.8846816052652562,-589.02814345521,178.1034569991762,1.0213955937994417,9.893102049457875
3552.0,31.405471801757812,559.7171813010873,-0.8633274377363769,-579.1345400206927,559.7171813010873,579.1345400206927,381.6137336225099,-1.8847229492617306,-589.0276454852437,178.10344767857737,1.0213955115253537,9.89310546455097
3560.0,31.476364135742188,559.7171503846239,-0.8633950483744122,-579.134635445945,559.7171503846239,579.134635445945,381.61371781233623,-1.8847903101881545,-589.0277415946379,178.10343257228763,1.0213952618137423,9.89310614869284
3568.0,31.547256469726562,559.7172445949548,-0.8634259370591715,-579.1346581539121,559.7172445949548,579.1346581539121,381.613820112246,-1.884820463049659,-589.0277662374031,178.10342448270882,1.0213945259904875,9.89310808349093
3576.0,31.618148803710938,559.7173134602862,-0.8634551275286388,-579.1344987529277,559.7173134602862,579.1344987529277,381.6138915741477,-1.884849984896324,-589.0276113611189,178.10342188613848,1.0213948573676852,9.893112608191291
3584.0,31.689041137695312,559.7174184218069,-0.8635369668404027,-579.1346224778392,559.7174184218069,579.1346224778392,381.6139977965218,-1.8849319164782545,-589.0277385655668,178.10342062528508,1.0213949496378518,9.893116087727536
3592.0,31.75994873046875,559.7174494547577,-0.8636204464145609,-579.1344604978926,559.7174494547577,579.1344604978926,381.6140313599658,-1.885015070857841,-589.0275801623675,178.1034180947919,1.02139462444328,9.893119664474877
3600.0,31.830841064453125,559.7175385548107,-0.8636959161618871,-579.1345842385747,559.7175385548107,579.1345842385747,381.61412302669277,-1.8850909074288196,-589.0277070355569,178.10341552811792,1.0213949912669325,9.893122796982194
3608.0,31.9017333984375,559.7176490587105,-0.8637377850418826,-579.1345471616951,559.7176490587105,579.1345471616951,381.6142357192705,-1.885132713056791,-589.0276737243789,178.10341333944012,1.0213949280149084,9.89312656268385
3616.0,31.972625732421875,559.7177421291972,-0.8638405551658392,-579.1345785556001,559.7177421291972,579.1345785556001,381.6143303730584,-1.885235158433292,-589.0277076226614,178.1034117561387,1.0213946032674528,9.893129067061311
3624.0,32.04351806640625,559.7178108590234,-0.8639330160237857,-579.1346732556178,559.7178108590234,579.1346732556178,381.6144013374385,-1.8853278046883992,-589.0278059431587,178.10340952158492,1.0213947886646135,9.89313268754082
3632.0,32.114410400390625,559.717949623466,-0.8639956262008468,-579.1346945493549,559.717949623466,579.1346945493549,381.61454169265164,-1.8853905243273434,-589.0278308977122,178.10340793081429,1.0213948981264966,9.893136348357292
3640.0,32.185302734375,559.720377137483,-0.8640013295470155,-579.1368379950666,559.720377137483,579.1368379950666,381.61691031107864,-1.8853962075099435,-589.0299820478795,178.10346682640437,1.021394877962928,9.893144052812865
3648.0,32.256195068359375,559.7188998030024,-0.8640411947162203,-579.1353776423111,559.7188998030024,579.1353776423111,381.6153709397106,-1.8854361208476274,-589.0285281401013,178.10352886329173,1.021394926131407,9.89315049779021
3656.0,32.32708740234375,559.7181161233545,-0.8640523818121872,-579.1347253700158,559.7181161233545,579.1347253700158,381.6146237850646,-1.885447881098247,-589.0278732310983,178.10349233828993,1.0213954992860597,9.893147861082511
3664.0,32.397979736328125,559.7182453702959,-0.8640873751067573,-579.1346703896877,559.7182453702959,579.1346703896877,381.61476908623445,-1.885482332629143,-589.0278195059927,178.1034762840615,1.0213949575223857,9.89314911630509
3672.0,32.4688720703125,559.7182475659984,-0.8640567396982579,-579.1345431980758,559.7182475659984,579.1345431980758,381.61477186485115,-1.8854518170525232,-589.027698046976,178.1034757011472,1.0213950773542653,9.893154848900224
3680.0,32.53976821899414,559.718266479036,-0.8640841901773992,-579.134514200363,559.718266479036,579.134514200363,381.61479208932394,-1.8854790799629786,-589.0276736380185,178.103474389712,1.0213948897855794,9.893159437655562
3688.0,32.610660552978516,559.7182545317563,-0.8641351691430517,-579.1345485204998,559.7182545317563,579.1345485204998,381.6147844659491,-1.885529639375938,-589.0277118134268,178.10347006580716,1.0213944702328863,9.89316329292699
3696.0,32.68155288696289,559.7182108391374,-0.8641379301095151,-579.1344686699725,559.7182108391374,579.1344686699725,381.6147450352272,-1.8855319904745178,-589.0276350428777,178.1034658039102,1.0213940603650027,9.893166372905169
3704.0,32.752445220947266,559.7182341382315,-0.8641908678626793,-579.1344704347048,559.7182341382315,579.1344704347048,381.61477133522874,-1.8855856099689765,-589.0276394651947,178.1034628030028,1.0213947421062972,9.893169030489942
3712.0,32.82333755493164,559.7192498525496,-0.8641857948757616,-579.135193683085,559.7192498525496,579.135193683085,381.61574938917863,-1.8855804748746872,-589.0283716069699,178.10350046337095,1.0213946799989255,9.893177923884856
3720.0,32.89424133300781,559.718811472186,-0.8641483800861272,-579.134707214578,559.718811472186,579.134707214578,381.6152896104979,-1.88554347779736,-589.0278913339599,178.10352186168802,1.021395097711233,9.8931841193819
3728.0,32.96513366699219,559.7183735911187,-0.8641813768431401,-579.1342204072173,559.7183735911187,579.1342204072173,381.61486184393266,-1.8855758713186948,-589.0274063823808,178.10351174718613,1.0213944944755546,9.893185975163487
3736.0,33.03602600097656,559.7183690634982,-0.8641646886070289,-579.1342930451566,559.7183690634982,579.1342930451566,381.6148651990902,-1.8855591675344057,-589.0274803639786,178.10350386440803,1.0213944789273768,9.893187318821983
3744.0,33.10691833496094,559.7183855958046,-0.8641331078376777,-579.134215222922,559.7183855958046,579.134215222922,381.61488517997446,-1.885528517830752,-589.027406617047,178.10350041583015,1.0213954099930742,9.893191394124987
3752.0,33.17781066894531,559.7184187582347,-0.864168054380261,-579.1342817427237,559.7184187582347,579.1342817427237,381.6149189860947,-1.8855628307319647,-589.0274765765175,178.10349977214005,1.0213947763517037,9.893194833793775
3760.0,33.24870300292969,559.7183825929724,-0.8641607657637858,-579.134187280666,559.7183825929724,579.134187280666,381.614884279281,-1.8855549523897315,-589.0273854630389,178.10349831369138,1.0213941866259457,9.893198182372874
3768.0,33.31959533691406,559.7183361353431,-0.864164732926537,-579.1340263883972,559.7183361353431,579.1340263883972,381.61483870405607,-1.8855594606605353,-589.0272283313168,178.103497431287,1.0213947277339983,9.893201942919582
3776.0,33.39048767089844,559.7183253763803,-0.8641640026836326,-579.1339218199494,559.7183253763803,579.1339218199494,381.61482867561085,-1.8855586988912902,-589.0271270282269,178.10349670076943,1.0213946962076577,9.893205208277603
3784.0,33.46138000488281,559.7183646140903,-0.8642203041352507,-579.1340176983804,559.7183646140903,579.1340176983804,381.6148688022634,-1.8856149093836096,-589.0272257439299,178.1034958118269,1.021394605248359,9.893208045549528
3792.0,33.53227996826172,559.7183961364178,-0.8642042867753306,-579.1339945503306,559.7183961364178,579.1339945503306,381.61490122067653,-1.8855993921256298,-589.0272059833728,178.10349491574135,1.0213951053502992,9.89321143304225
3800.0,33.603172302246094,559.7183521573485,-0.8642085824215258,-579.1339692200708,559.7183521573485,579.1339692200708,381.61485902955235,-1.8856031640570112,-589.0271831124096,178.10349312779613,1.0213945816354855,9.893213892338899
3808.0,33.67406463623047,559.7183441210691,-0.8642409275340741,-579.1338580531856,559.7183441210691,579.1338580531856,381.61485264146063,-1.8856352293364784,-589.0270753792264,178.10349147960846,1.0213943018024043,9.893217326040821
3816.0,33.744956970214844,559.7182731376815,-0.8642408118762841,-579.1337141656336,559.7182731376815,579.1337141656336,381.61478333391085,-1.8856353354230855,-589.0269338942702,178.10348980377074,1.0213945235468014,9.893219728636666
3824.0,33.81584930419922,559.7182905051329,-0.8642882091895157,-579.1337179533008,559.7182905051329,579.1337179533008,381.6148015181346,-1.885682603844364,-589.0269408549789,178.10348898699834,1.0213943946548483,9.893222901678088
3832.0,33.886741638183594,559.7183869076541,-0.864276730779924,-579.1337660562583,559.7183869076541,579.1337660562583,381.6148979365986,-1.8856714649634778,-589.0269915677704,178.10348897105555,1.0213947341835539,9.893225511512172
3840.0,33.95763397216797,559.7183162333941,-0.8643380376307732,-579.1335535091018,559.7183162333941,579.1335535091018,381.6148300002952,-1.8857320082871905,-589.0267819250006,178.10348623309892,1.0213939706564172,9.893228415898808
3848.0,34.02853775024414,559.7183741408849,-0.8643341344553992,-579.1335838250233,559.7183741408849,579.1335838250233,381.61488838004993,-1.8857284051016183,-589.0268145692181,178.10348576083487,1.0213942706462191,9.893230744194842
3856.0,34.099430084228516,559.7183597399716,-0.8643860733844528,-579.1335453323927,559.7183597399716,579.1335453323927,381.6148747582588,-1.885779914601124,-589.0267789775864,178.10348498171277,1.0213938412166712,9.893233645193709
3864.0,34.17032241821289,559.7184147097553,-0.8644308730581605,-579.1335410329796,559.7184147097553,579.1335410329796,381.61492941586954,-1.8858248309010515,-589.0267771969847,178.1034852938858,1.021393957842891,9.893236164005142
3872.0,34.241214752197266,559.7184840828488,-0.8644403441782957,-579.1336455441741,559.7184840828488,579.1336455441741,381.61499905235144,-1.8858341574504456,-589.0268846177354,178.10348503049732,1.0213938132721498,9.893239073561318
3880.0,34.31210708618164,559.7184601467104,-0.8644953114579144,-579.133412105617,559.7184601467104,579.133412105617,381.6149754216128,-1.8858892532912774,-589.0266546099907,178.10348472509764,1.021393941833363,9.893242504373644
3888.0,34.382999420166016,559.7185533524394,-0.8645453932751508,-579.1335689601141,559.7185533524394,579.1335689601141,381.6150688207325,-1.885939640623759,-589.0268139498444,178.10348453170684,1.0213942473486082,9.893244989730277
3896.0,34.45389175415039,559.7185093426838,-0.8645855227156005,-579.1335484259235,559.7185093426838,579.1335484259235,381.61502606777947,-1.8859798369395797,-589.0267962800617,178.10348327490433,1.0213943142239792,9.893247854138206
3904.0,34.524784088134766,559.7194109157601,-0.8646205918831988,-579.1343906775132,559.7194109157601,579.1343906775132,381.61593894769396,-1.8860144089292632,-589.027633000381,178.1034719680662,1.0213938170460644,9.893242322867774
3912.0,34.59567642211914,559.7194823750111,-0.864678064303189,-579.1342412060776,559.7194823750111,579.1342412060776,381.61596212757775,-1.8860721217920533,-589.0274947237722,178.10352024743338,1.0213940574888642,9.89325351769455
3920.0,34.666568756103516,559.719072618701,-0.8647116293625472,-579.133869612976,559.719072618701,579.133869612976,381.6155479971852,-1.88610531879061,-589.0271258091815,178.10352462151585,1.0213936894280629,9.893256196205476
3928.0,34.737464904785156,559.7189457135871,-0.8647237296197385,-579.1335976231601,559.7189457135871,579.1335976231601,381.6154292685336,-1.8861173183009043,-589.0268555981604,178.10351644505354,1.0213935886811658,9.893257975000358
3936.0,34.80835723876953,559.7189663017828,-0.8647639962708782,-579.1335331255997,559.7189663017828,579.1335331255997,381.6154551697772,-1.8861577871677797,-589.0267939772999,178.1035111320055,1.0213937908969015,9.893260851700212
3944.0,34.879249572753906,559.7190791230411,-0.8648086876491057,-579.1336197015676,559.7190791230411,579.1336197015676,381.6155690345896,-1.886202679507944,-589.0268835773854,178.10351008845146,1.0213939918588384,9.893263875817834
3952.0,34.95014190673828,559.7191253532919,-0.8648807867349655,-579.1336755321869,559.7191253532919,579.1336755321869,381.61561623653176,-1.8862747482871667,-589.0269423809,178.1035091167601,1.0213939615522012,9.893266848713058
3960.0,35.021034240722656,559.719154644381,-0.8649649397134569,-579.1336178211129,559.719154644381,579.1336178211129,381.6156469447013,-1.8863582367246652,-589.026887565984,178.10350769967962,1.0213932970112083,9.89326974487113
3968.0,35.09192657470703,559.7191822648947,-0.8649817862778066,-579.1334747949348,559.7191822648947,579.1334747949348,381.6156767021544,-1.8863752897138584,-589.0267478807169,178.10350556274025,1.0213935034360517,9.893273085782052
3976.0,35.16283416748047,559.7192458920791,-0.8650640822807967,-579.1334975716236,559.7192458920791,579.1334975716236,381.6157412765633,-1.8864574216625796,-589.0267730623214,178.1035046155158,1.021393339381783,9.893275490697771
3984.0,35.233726501464844,559.7193923119223,-0.8651305443941908,-579.1337240859659,559.7193923119223,579.1337240859659,381.6158883823732,-1.8865240816080409,-589.027001853792,178.10350392954905,1.02139353721385,9.893277767826074
3992.0,35.30461883544922,559.7194021410602,-0.8651718452866604,-579.1335071833503,559.7194021410602,579.1335071833503,381.6158994189816,-1.88656564516819,-589.026787628755,178.1035027220786,1.0213937998815297,9.89328044540474
4000.0,35.375511169433594,559.7195507878275,-0.8652305328716343,-579.1337162725579,559.7195507878275,579.1337162725579,381.61604786208574,-1.886624597114129,-589.026999634889,178.10350292574176,1.0213940642424948,9.89328336233111
4008.0,35.44640350341797,559.7202630191783,-0.8652985847314598,-579.134217214023,559.7202630191783,579.134217214023,381.61675167436135,-1.886692596004793,-589.0275035938545,178.10351134481695,1.0213940112733333,9.893286379831487
4016.0,35.51729965209961,559.7203063284403,-0.8653200735523501,-579.1341220186432,559.7203063284403,579.1341220186432,381.6167623200452,-1.8867137053753296,-589.0274161639053,178.10354400839503,1.0213936318229795,9.89329414526211
4024.0,35.588191986083984,559.7199075513313,-0.865368427197601,-579.1336579925994,559.7199075513313,579.1336579925994,381.6163611789302,-1.8867623834364275,-589.026954794029,178.10354637240113,1.0213939562388266,9.893296801429688
4032.0,35.65908432006836,559.7198659166121,-0.8654158813331616,-579.1336413337332,559.7198659166121,579.1336413337332,381.61632669520395,-1.8868097684431344,-589.0269393471249,178.1035392214081,1.0213938871099728,9.893298013391728
4040.0,35.729976654052734,559.7203949516138,-0.8654470626440753,-579.1339656887452,559.7203949516138,579.1339656887452,381.6168370854206,-1.8868405599584834,-589.0272690343987,178.10355786619317,1.021393497314408,9.893303345653479
4048.0,35.80086898803711,559.7202533839843,-0.8654660732469992,-579.1339538143109,559.7202533839843,579.1339538143109,381.6166892104774,-1.8868597116461228,-589.0272601827315,178.10356417350692,1.0213936383991236,9.893306368420719
4056.0,35.871761322021484,559.7200580453339,-0.8654958050314225,-579.1337042649046,559.7200580453339,579.1337042649046,381.6165001702868,-1.8868891900256028,-589.0270125633418,178.10355787504707,1.0213933849941803,9.893308298437185
4064.0,35.94265365600586,559.7200233826638,-0.8655388867101594,-579.1335923078956,559.7200233826638,579.1335923078956,381.6164705317434,-1.886932242446405,-589.0269020190673,178.1035528509205,1.0213933557362456,9.893309711171721
4072.0,36.0135498046875,559.7201443084878,-0.8655521438646101,-579.1337914030363,559.7201443084878,579.1337914030363,381.61659514896013,-1.8869457283095237,-589.0271028989768,178.1035491595277,1.0213935844449136,9.893311495940482
4080.0,36.084442138671875,559.7201420231885,-0.8656278573460736,-579.1336244785217,559.7201420231885,579.1336244785217,381.61659416571547,-1.8870212113728475,-589.0269388730064,178.10354785747302,1.021393354026774,9.893314394484767
4088.0,36.15533447265625,559.7206183666175,-0.8655986638424382,-579.1339959939836,559.7206183666175,579.1339959939836,381.6170627336013,-1.8869920955243282,-589.027313786878,178.10355563301619,1.02139343168189,9.893317792894393
4096.0,36.226226806640625,559.720983304845,-0.8656156018286056,-579.1343444627834,559.720983304845,579.1343444627834,381.6174016630319,-1.8870087603514092,-589.0276681217249,178.1035816418132,1.0213931585228035,9.893323658941593
4104.0,36.29710006713867,559.7209647095241,-0.8656104394096982,-579.1343129947105,559.7209647095241,579.1343129947105,381.61735322313604,-1.8870036439325393,-589.0276416592267,178.10361148638808,1.021393204522841,9.893328664516211
4112.0,36.36802673339844,559.7203319749876,-0.8656134848719512,-579.1336436659936,559.7203319749876,579.1336436659936,381.6167282739365,-1.8870070879350083,-589.0269733790453,178.1036037010512,1.021393603063057,9.89332971305163
4120.0,36.43891906738281,559.7200972467949,-0.8656363727526344,-579.1334904522062,559.7200972467949,579.1334904522062,381.61651122706303,-1.8870296900252548,-589.0268189592025,178.1035860197319,1.0213933172726204,9.893328506996314
4128.0,36.50981140136719,559.7200859684308,-0.8656364625796353,-579.1335305734463,559.7200859684308,579.1335305734463,381.6165102341654,-1.8870295593128965,-589.026859453282,178.10357573426535,1.0213930967332612,9.893328879835739
4136.0,36.58070373535156,559.7201790073876,-0.8656677609494512,-579.1335079401346,559.7201790073876,579.1335079401346,381.616605518272,-1.8870609396866644,-589.0268391923752,178.10357348911558,1.0213931787372132,9.893331252240639
4144.0,36.65159606933594,559.7202405392927,-0.8656642076629719,-579.1335901038984,559.7202405392927,579.1335901038984,381.61666720273337,-1.8870570151666701,-589.0269241922608,178.10357333655932,1.0213928075036982,9.893334088362371
4152.0,36.72248840332031,559.7201880229907,-0.8656663388128116,-579.1335764601189,559.7201880229907,579.1335764601189,381.616616315792,-1.887059121234321,-589.0269129612302,178.10357170719863,1.0213927824215094,9.893336501111317
4160.0,36.79338073730469,559.72024208961,-0.8656515813959667,-579.1334063588625,559.72024208961,579.1334063588625,381.6166709837762,-1.8870446145870288,-589.0267451355372,178.1035711058338,1.0213930331910621,9.8933387766747
4168.0,36.86427307128906,559.7202616975528,-0.8656747336406583,-579.1334858932365,559.7202616975528,579.1334858932365,381.6166912672661,-1.8870677976029246,-589.0268263569578,178.10357043028665,1.0213930639622664,9.893340463721252
4176.0,36.93516540527344,559.7201708038584,-0.8657144846368032,-579.133339937922,559.7201708038584,579.133339937922,381.61660170726253,-1.887107534150144,-589.0266831942904,178.10356909659586,1.0213930495133408,9.89334325636843
4184.0,37.00605773925781,559.7202499369496,-0.8657436243203511,-579.1334432641462,559.7202499369496,579.1334432641462,381.61668371896604,-1.887136477723602,-589.026787261103,178.10356621798354,1.0213928534032508,9.893343996956789
4192.0,37.07695007324219,559.7202795546641,-0.8657462136244027,-579.133454693414,559.7202795546641,579.133454693414,381.61671462738656,-1.8871389224646573,-589.0268009356842,178.1035649272776,1.0213927088402546,9.893346242270077
4200.0,37.14784240722656,559.7203443053288,-0.8657898921416689,-579.1333987837934,559.7203443053288,579.1333987837934,381.61677928708724,-1.8871825044647434,-589.0267476009524,178.10356501824157,1.0213926123230745,9.893348817158962
4208.0,37.21873474121094,559.7203189683279,-0.8658099966164601,-579.1332672805441,559.7203189683279,579.1332672805441,381.61675486367426,-1.8872025606468563,-589.026618397718,178.10356410465363,1.0213925640303962,9.89335111717386
4216.0,37.28962707519531,559.7203384479593,-0.8658275181442052,-579.1333838448875,559.7203384479593,579.1333838448875,381.6167759386219,-1.8872202041726096,-589.0267364731188,178.1035625093374,1.0213926860284044,9.893352628231373
4224.0,37.36051940917969,559.7204048870747,-0.8658899174412631,-579.1334001944471,559.7204048870747,579.1334001944471,381.6168435586186,-1.8872823730115331,-589.0267545928652,178.10356132845607,1.02139245557027,9.893354398418204
4232.0,37.43141174316406,559.7204033594041,-0.8659268240361602,-579.1332586617774,559.7204033594041,579.1332586617774,381.61684434310007,-1.8873193447924006,-589.0266152491006,178.10355901630405,1.0213925207562404,9.893356587323144
4240.0,37.50230407714844,559.7205231727996,-0.8659831134657718,-579.1333800874693,559.7205231727996,579.1333800874693,381.61696473538603,-1.8873756904021644,-589.0267377749855,178.10355843741365,1.0213925769363925,9.893357687516197
4248.0,37.57319641113281,559.7205218322467,-0.86602258637555,-579.1332491614367,559.7205218322467,579.1332491614367,381.61696424225556,-1.8874149350892342,-589.0266100534659,178.1035575899912,1.0213923487136842,9.893360892029285
4256.0,37.64408874511719,559.7205724877098,-0.8660475626885384,-579.133275628055,559.7205724877098,579.133275628055,381.61701525815596,-1.8874401466973643,-589.0266379891433,178.10355722955384,1.0213925840088258,9.893362361088329
4264.0,37.71498107910156,559.7210022970166,-0.866064858767873,-579.1335261934872,559.7210022970166,579.1335261934872,381.61743231219236,-1.8874572547262365,-589.0268924326576,178.10356998482428,1.0213923959583635,9.893366239170376
4272.0,37.78587341308594,559.7209283286688,-0.8660865333165644,-579.1334711798305,559.7209283286688,579.1334711798305,381.61734681180553,-1.8874792244054825,-589.0268412689977,178.10358151686336,1.0213926910889182,9.893370089167153
4280.0,37.85676574707031,559.7207140692133,-0.8661269041800366,-579.1332574119328,559.7207140692133,579.1332574119328,381.61713713251766,-1.8875195344747833,-589.0266288192435,178.10357693669567,1.0213926302947467,9.893371407310626
4288.0,37.92765808105469,559.7208498050869,-0.866163485858277,-579.1333396290354,559.7208498050869,579.1333396290354,381.61727780267796,-1.8875561115458237,-589.0267114367161,178.10357200240895,1.0213926256875467,9.893371807680778
4296.0,37.99855041503906,559.7211365446102,-0.8661646015934013,-579.1334907522972,559.7211365446102,579.1334907522972,381.61754919328337,-1.887557709782402,-589.0268678885578,178.1035873513268,1.0213931081890006,9.893377136260597
4304.0,38.06944274902344,559.7209957104086,-0.8662093796255785,-579.1333650229191,559.7209957104086,579.1333650229191,381.61740559591533,-1.8876023876939012,-589.0267440939451,178.10359011449324,1.0213930080683227,9.893379071026061
4312.0,38.14033508300781,559.7209693438756,-0.8662361509248857,-579.133399959783,559.7209693438756,579.133399959783,381.61738417045524,-1.8876289551473189,-589.0267798458019,178.10358517342036,1.0213928042224332,9.893379886018968
4320.0,38.21122741699219,559.7209328969905,-0.8662860088743631,-579.1333767720329,559.7209328969905,579.1333767720329,381.61735247483585,-1.8876783643848842,-589.0267578000447,178.1035804221546,1.021392355510521,9.89338102801186
4328.0,38.28211975097656,559.7209229232337,-0.866350915053661,-579.133278033963,559.7209229232337,579.133278033963,381.61734573080423,-1.8877435355518424,-589.0266606168709,178.10357719242953,1.0213926204981814,9.893382582907883
4336.0,38.35301208496094,559.7214197647917,-0.8663475453551355,-579.1335094406784,559.7214197647917,579.1335094406784,381.6178331223009,-1.8877405201037094,-589.0268958297366,178.10358664249074,1.021392974748574,9.893386389058252
4344.0,38.42390441894531,559.7217222668,-0.8663622549130015,-579.1338121464381,559.7217222668,579.1338121464381,381.618115840497,-1.8877554623294586,-589.0272035874788,178.10360642630297,1.0213932074164571,9.893391441040674
4352.0,38.49479675292969,559.7213543906992,-0.8663916397094571,-579.1333919220106,559.7213543906992,579.1333919220106,381.61773656020773,-1.8877838545565275,-589.0267870581541,178.10361783049146,1.0213922148470704,9.893395136143592
4360.0,38.56568908691406,559.7211728255198,-0.8664059013520458,-579.1332998751558,559.7211728255198,579.1332998751558,381.6175611083936,-1.8877981578525702,-589.0266946848142,178.10361171712623,1.0213922565005245,9.893394809658389
4368.0,38.63661575317383,559.7211024346987,-0.8664044823874941,-579.1331881848573,559.7211024346987,579.1331881848573,381.6174999253464,-1.88779753355549,-589.0265841813325,178.1036025093523,1.0213930511679958,9.893395996475212
4376.0,38.7075080871582,559.7211167339252,-0.8664203879614876,-579.1331618548734,559.7211167339252,579.1331618548734,381.6175194488387,-1.8878129429317072,-589.0265587239437,178.1035972850865,1.0213925549702196,9.893396869070333
4384.0,38.77840042114258,559.7210800930718,-0.8664708795726019,-579.1330401002909,559.7210800930718,579.1330401002909,381.6174853465952,-1.8878638047654634,-589.0264389844746,178.10359474647657,1.0213929251928615,9.89339888418365
4392.0,38.84929275512695,559.7211731856321,-0.8665151989104363,-579.1331834012407,559.7211731856321,579.1331834012407,381.61757999645937,-1.88790751030667,-589.0265835768489,178.10359318917273,1.0213923113962338,9.893400175608205
4400.0,38.920188903808594,559.7212684139189,-0.8665298985621677,-579.1332861397714,559.7212684139189,579.1332861397714,381.61767642930147,-1.8879228133663881,-589.0266877125882,178.10359198461742,1.0213929148042205,9.893401572816854
4408.0,38.99108123779297,559.7212987966527,-0.8665218642126478,-579.1332616002368,559.7212987966527,579.1332616002368,381.6177084479649,-1.8879147726277568,-589.0266649767909,178.10359034868787,1.021392908415109,9.89340337655419
4416.0,39.061973571777344,559.721383224195,-0.86655404053844,-579.1333109345734,559.721383224195,579.1333109345734,381.6177934673473,-1.8879471378047326,-589.0267157940472,178.10358975684773,1.0213930972662926,9.893404859473776
4424.0,39.13286590576172,559.7214019800422,-0.8666328513640207,-579.1332354506557,559.7214019800422,579.1332354506557,381.61781314192615,-1.88802562051634,-589.0266429400633,178.10358883811602,1.0213927691523192,9.8934074894076
4432.0,39.203758239746094,559.7214685499359,-0.8667089571978996,-579.1333545768745,559.7214685499359,579.1333545768745,381.61788080427283,-1.8881014145579167,-589.026763294075,178.10358774566305,1.021392457360017,9.893408717200504
4440.0,39.27465057373047,559.7214664441756,-0.866691049878674,-579.1333498117374,559.7214664441756,579.1333498117374,381.61788007782206,-1.8880840113876074,-589.0267594195047,178.10358636635357,1.0213929615089334,9.893409607767342
4448.0,39.345542907714844,559.7214826166048,-0.8667258810111544,-579.1331442937492,559.7214826166048,579.1331442937492,381.6178977654639,-1.8881188234910802,-589.0265568486491,178.10358485114085,1.0213929424799257,9.893412554899868
4456.0,39.41643524169922,559.721565362255,-0.8668230924109266,-579.1332976618639,559.721565362255,579.1332976618639,381.6179812304903,-1.8882153242223487,-589.0267110930354,178.10358413176476,1.0213922318114221,9.893413431171382
4464.0,39.487327575683594,559.7216296371909,-0.8668548034428101,-579.1332958274818,559.7216296371909,579.1332958274818,381.6180470889331,-1.8882475624937198,-589.026710432125,178.10358254825778,1.0213927590509098,9.893414604643215
4472.0,39.55821990966797,559.721642932015,-0.8668853862815782,-579.1332108301723,559.721642932015,579.1332108301723,381.61806164576717,-1.888277843453337,-589.0266270377683,178.10358128624782,1.0213924571717587,9.893416207596008
4480.0,39.62911605834961,559.7217560147427,-0.866984013893564,-579.1333500871267,559.7217560147427,579.1333500871267,381.6181749472398,-1.8883763431653513,-589.0267677183357,178.10358106750292,1.0213923292717872,9.89341763120903
4488.0,39.700008392333984,559.7218890823895,-0.8670427706361137,-579.1334193748471,559.7218890823895,579.1334193748471,381.61830870861945,-1.8884351172024045,-589.0268384719029,178.10358037376994,1.0213923465662909,9.893419097055837
4496.0,39.77090072631836,559.7219226883681,-0.8670895263671943,-579.1333427323751,559.7219226883681,579.1333427323751,381.6183441607836,-1.8884818986887764,-589.0267631158013,178.10357852758443,1.021392372321582,9.893420383426168
4504.0,39.841793060302734,559.7219959344923,-0.8671398008150062,-579.1333847697268,559.7219959344923,579.1333847697268,381.6184181266144,-1.8885322678716472,-589.0268060521487,178.10357780787785,1.021392467056641,9.893421282421812
4512.0,39.91268539428711,559.7221275290174,-0.8672202068096255,-579.1335288228241,559.7221275290174,579.1335288228241,381.61854986818787,-1.888613003566134,-589.0269520685035,178.10357766082947,1.0213927967565084,9.8934232456794
4520.0,39.983577728271484,559.7222139317552,-0.8672715682686754,-579.1335781658789,559.7222139317552,579.1335781658789,381.6186370755958,-1.8886643821164313,-589.0270031763515,178.10357685615935,1.021392813847756,9.893425010472594
4528.0,40.05447006225586,559.7223675603541,-0.8673645278997202,-579.1337031870108,559.7223675603541,579.1337031870108,381.6187911332381,-1.8887572811830995,-589.0271293683845,178.10357642711597,1.0213927532833793,9.89342618137366
4536.0,40.125362396240234,559.7229004241913,-0.8674414374740724,-579.1337650464449,559.7229004241913,579.1337650464449,381.6193031952838,-1.8888342016971045,-589.0271966088217,178.1035972289075,1.021392764223032,9.893431562376808
4544.0,40.19625473022461,559.7234238375859,-0.8675005693325151,-579.134419174487,559.7234238375859,579.134419174487,381.6197927928939,-1.8888930006302527,-589.0278560428792,178.10363104469195,1.0213924312977376,9.89343686839225
4552.0,40.267147064208984,559.7230192124343,-0.8674944719842128,-579.1339239968698,559.7230192124343,579.1339239968698,381.61937637866896,-1.888887542561902,-589.0273630434699,178.10364283376532,1.0213930705776892,9.893439046600061
4560.0,40.33803939819336,559.723101042235,-0.8675111253124239,-579.1339736368486,559.723101042235,579.1339736368486,381.61946166466555,-1.8889036438674918,-589.0274135999389,178.1036393775695,1.0213925185550679,9.893439963090206
4568.0,40.408931732177734,559.7237139893368,-0.8675617072025785,-579.1345089008784,559.7237139893368,579.1345089008784,381.62004970605204,-1.88895387485445,-589.0279530148358,178.10366428328476,1.0213921676518716,9.893444113957464
4576.0,40.47982406616211,559.7236592053441,-0.8675374158203084,-579.1345826467682,559.7236592053441,579.1345826467682,381.6199720351881,-1.8889302977801883,-589.0280296194418,178.10368717015598,1.0213928819598799,9.893446972673594
4584.0,40.550716400146484,559.7233795838722,-0.8675188168118231,-579.1341284110018,559.7233795838722,579.1341284110018,381.61968526805794,-1.8889116734577334,-589.0275780846875,178.10369431581424,1.0213928566459103,9.893449673685762
4592.0,40.62160873413086,559.7229481299851,-0.8675152702029432,-579.1336797599797,559.7229481299851,579.1336797599797,381.6192614641934,-1.8889078368715597,-589.0271302333842,178.10368666579168,1.0213925666686166,9.893450473404531
4600.0,40.692501068115234,559.7228260238898,-0.8674985891558298,-579.1337351321533,559.7228260238898,579.1337351321533,381.61915312779195,-1.8888913366175957,-589.0271848808497,178.10367289609783,1.021392747461766,9.893449748696447
4608.0,40.76339340209961,559.7227223028319,-0.8675420142479324,-579.1335317312968,559.7227223028319,579.1335317312968,381.6190581541522,-1.8889350069837714,-589.0269821208519,178.10366414867968,1.021392992735839,9.893450389555166
4616.0,40.83428955078125,559.7227933591726,-0.867509327663678,-579.1336378998284,559.7227933591726,579.1336378998284,381.61913219491,-1.8889020939484475,-589.0270896261061,178.10366116426258,1.0213927662847695,9.89345172627769
4624.0,40.905208587646484,559.7226752118501,-0.8674962819385974,-579.1335351769682,559.7226752118501,579.1335351769682,381.6190168326443,-1.8888889591080367,-589.0269887952879,178.10365837920574,1.0213926771694393,9.893453618319782
4632.0,40.97610092163086,559.7227108574374,-0.8674711664105748,-579.1335445288316,559.7227108574374,579.1335445288316,381.6190554549526,-1.8888642957878532,-589.0269993126109,178.10365540248478,1.0213931293772784,9.893454783779196
4640.0,41.046993255615234,559.7227078877681,-0.867510920349468,-579.1335180616396,559.7227078877681,579.1335180616396,381.61905406545486,-1.8889039663981615,-589.0269739956209,178.10365382231322,1.0213930460486935,9.893455933981311
4648.0,41.11788558959961,559.7227479336811,-0.8675094495698099,-579.1335408656621,559.7227479336811,579.1335408656621,381.6190954657676,-1.8889021888434998,-589.0269981638774,178.10365246791358,1.02139273927369,9.893457298215242
4656.0,41.188777923583984,559.7227770716022,-0.8675450722347464,-579.1335532491546,559.7227770716022,579.1335532491546,381.6191260914833,-1.888937545293127,-589.0270123151589,178.10365098011897,1.0213924730583805,9.8934590660043
4664.0,41.25967025756836,559.7227937064349,-0.8675361471947087,-579.1335594801438,559.7227937064349,579.1335594801438,381.61914333965393,-1.8889288205111927,-589.027019470087,178.10365036678104,1.021392673316484,9.893459989943207
4672.0,41.330562591552734,559.7227974336513,-0.8675798872492217,-579.1335175240309,559.7227974336513,579.1335175240309,381.61914878565796,-1.8889717568325244,-589.0269787776831,178.10364864799337,1.0213918695833026,9.893461253652156
4680.0,41.40145492553711,559.7227473334171,-0.8675771104938281,-579.1334016098664,559.7227473334171,579.1334016098664,381.6191004922004,-1.8889695843832772,-589.0268646727477,178.10364684121672,1.021392473889449,9.893463062881358
4688.0,41.472347259521484,559.7228436236614,-0.8676072427452652,-579.1335634298908,559.7228436236614,579.1335634298908,381.61919764269317,-1.8889994895687625,-589.027027824975,178.10364598096825,1.0213922468234973,9.893464395084193
4696.0,41.54323959350586,559.7227932159842,-0.8675910283238997,-579.1334528422085,559.7227932159842,579.1334528422085,381.61914788486934,-1.8889837918857184,-589.026918177972,178.10364533111482,1.0213927635618187,9.893465335763445
4704.0,41.614131927490234,559.7228214401725,-0.867635905889216,-579.1334723357329,559.7228214401725,579.1334723357329,381.6191776593318,-1.8890284947227922,-589.0269385543365,178.1036437808408,1.0213925888335762,9.89346621860362
4712.0,41.68502426147461,559.722826393717,-0.8676843958644236,-579.1334420106805,559.722826393717,579.1334420106805,381.619184860758,-1.889076646774046,-589.0269096301109,178.103641532959,1.0213922509096225,9.89346761943044
4720.0,41.755916595458984,559.7229207500403,-0.8676647398510404,-579.1334591562924,559.7229207500403,579.1334591562924,381.6192802077104,-1.8890569915876476,-589.0269278361313,178.1036405423299,1.0213922517366072,9.893468679838948
4728.0,41.82680892944336,559.7229848113429,-0.8676941935154847,-579.1336051912718,559.7229848113429,579.1336051912718,381.6193453834343,-1.889086806190063,-589.0270745573849,178.1036394279086,1.0213926126745783,9.893469366113095
4736.0,41.897701263427734,559.7229944297917,-0.8677192525671646,-579.1334245497115,559.7229944297917,579.1334245497115,381.61935544498044,-1.8891120585849848,-589.0268955001646,178.10363898481128,1.0213928060178201,9.893470950453093
4744.0,41.96859359741211,559.72338151496,-0.8677531968090797,-579.1336870469879,559.72338151496,579.1336870469879,381.619725394855,-1.8891452220191347,-589.0271624062152,178.103656120105,1.021392025210055,9.893475359227264
4752.0,42.03948974609375,559.7232432625357,-0.8677628786645393,-579.133609839429,559.7232432625357,579.133609839429,381.6195836223637,-1.8891553681080868,-589.0270869335627,178.10365964017203,1.0213924894435475,9.89347709413373
4760.0,42.110382080078125,559.7230859007502,-0.8677901491274516,-579.1333915392714,559.7230859007502,579.1333915392714,381.6194299207216,-1.8891825556160655,-589.0268695196824,178.1036559800287,1.021392406488614,9.893477980410921
4768.0,42.1812744140625,559.7230759619356,-0.8678290712360361,-579.1333719248016,559.7230759619356,579.1333719248016,381.6194234725498,-1.889221866431214,-589.0268506670329,178.10365248938578,1.0213927951951778,9.893478742231352
4776.0,42.252166748046875,559.7231492892283,-0.8678209529686489,-579.1335391645741,559.7231492892283,579.1335391645741,381.6194992594369,-1.8892136569645297,-589.0270184464678,178.10365002979148,1.0213927039958808,9.893479281893674
4784.0,42.32305908203125,559.7232155134823,-0.8678726495556726,-579.1335460859092,559.7232155134823,579.1335460859092,381.6195662442396,-1.8892650643146522,-589.0270264819669,178.10364926924274,1.0213924147589797,9.893480396057743
4792.0,42.393951416015625,559.7231806041943,-0.8678959564695616,-579.1334235534803,559.7231806041943,579.1334235534803,381.61953346632606,-1.8892884620842536,-589.0269052324205,178.10364713786828,1.021392505614692,9.89348167894029
4800.0,42.46484375,559.7232781766727,-0.8679465397910624,-579.1335781770475,559.7232781766727,579.1335781770475,381.6196317918159,-1.8893389172221253,-589.0270604782568,178.10364638485675,1.021392377431063,9.89348230120927
4808.0,42.535736083984375,559.7232579311736,-0.8679892777014535,-579.1334865536013,559.7232579311736,579.1334865536013,381.61961318279407,-1.889381777069663,-589.0269706620672,178.10364474837957,1.0213924993682095,9.893484108465945
4816.0,42.60662841796875,559.7232859385033,-0.86804047715761,-579.13346929022,559.7232859385033,579.13346929022,381.61964189058233,-1.8894330651263314,-589.0269546953889,178.10364404792097,1.0213925879687213,9.893485405168871
4824.0,42.677520751953125,559.7233317445659,-0.8680370353527902,-579.1334464867856,559.7233317445659,579.1334464867856,381.6196896734117,-1.8894298954786652,-589.0269329194714,178.1036420711543,1.021392860125875,9.89348643268575
4832.0,42.7484130859375,559.7234581136173,-0.8680912970738603,-579.1335733956222,559.7234581136173,579.1335733956222,381.6198170633344,-1.889484209661699,-589.0270601855134,178.10364105028293,1.0213929125878387,9.893486789891158
4840.0,42.819305419921875,559.723461637369,-0.8681179851371428,-579.1335448370783,559.723461637369,579.1335448370783,381.6198218900722,-1.8895110866133158,-589.0270327546284,178.10363974729682,1.021393101476173,9.893487917550118
4848.0,42.89019775390625,559.7236545069164,-0.8682110111897474,-579.1336397039893,559.7236545069164,579.1336397039893,381.62001386434156,-1.8896035978125303,-589.0271289988541,178.1036406425749,1.0213925866227829,9.89348929486483
4856.0,42.961090087890625,559.7239534292269,-0.8682138388744369,-579.1338623291509,559.7239534292269,579.1338623291509,381.6202944348447,-1.8896066636282458,-589.0273560020895,178.10365899438222,1.0213928247538089,9.893493672938556
4864.0,43.031982421875,559.7242090448029,-0.8682117766781063,-579.1339476856072,559.7242090448029,579.1339476856072,381.6205288816233,-1.889604635728813,-589.0274458475283,178.10368016317963,1.0213928590507066,9.893498161921089
4872.0,43.102874755859375,559.7243031010486,-0.8682329675513567,-579.1341010842144,559.7243031010486,579.1341010842144,381.6206005033622,-1.889625552422078,-589.027602596351,178.10370259768638,1.0213925848707213,9.89350151213663
4880.0,43.173797607421875,559.7236037174691,-0.8682580967779345,-579.1336969586504,559.7236037174691,579.1336969586504,381.6199166678198,-1.8896504978363677,-589.0271947600228,178.1036870496493,1.0213924010584332,9.893497801372458
4888.0,43.24468994140625,559.7242650129012,-0.8682350799022602,-579.1340205557647,559.7242650129012,579.1340205557647,381.6205767463466,-1.8896278069316326,-589.027519050939,178.10368826655463,1.0213927270293723,9.893498495174253
4896.0,43.315582275390625,559.724132189071,-0.8682497379729037,-579.1339702326416,559.724132189071,579.1339702326416,381.6204310701504,-1.8896430674144709,-589.0274731351939,178.10370111892064,1.0213933294415671,9.893502902552367
4904.0,43.386474609375,559.7242953164291,-0.8682319131244323,-579.1339849135319,559.7242953164291,579.1339849135319,381.62059145275987,-1.889624434662435,-589.027489552107,178.1037038636693,1.0213925215380026,9.893504638575081
4912.0,43.457366943359375,559.7241706232069,-0.8682179357716189,-579.133837132896,559.7241706232069,579.133837132896,381.6204566598939,-1.8896106764832643,-589.027344962677,178.10371396331294,1.0213927407116454,9.893507829780976
4920.0,43.52825927734375,559.7239740796085,-0.8682494144778072,-579.1337412062129,559.7239740796085,579.1337412062129,381.6202619921427,-1.8896424224098514,-589.0272495613448,178.1037120874658,1.0213930079320441,9.893508355131921
4928.0,43.599151611328125,559.7238758698632,-0.8682494079751875,-579.1335902183031,559.7238758698632,579.1335902183031,381.6201696738764,-1.8896418913387132,-589.0270991168811,178.10370619598672,1.0213924833635257,9.89350889857805
4936.0,43.6700439453125,559.7238181211204,-0.8682240843147802,-579.1336693366106,559.7238181211204,579.1336693366106,381.62011603379506,-1.8896169207746172,-589.0271788776213,178.10370208732533,1.021392836459837,9.893509541010673
4944.0,43.740936279296875,559.7237807043741,-0.8682244961467593,-579.1335514224849,559.7237807043741,579.1335514224849,381.6200815651928,-1.8896175806798063,-589.0270622537059,178.1036991391813,1.021393084533047,9.893510831221056
4952.0,43.81182861328125,559.7237620462565,-0.8682146897765537,-579.1335112422772,559.7237620462565,579.1335112422772,381.62006488592914,-1.8896075284743055,-589.0270233068788,178.10369716032744,1.0213928386977518,9.893512064601637
4960.0,43.882720947265625,559.7237564044455,-0.8682540430043191,-579.1334342842937,559.7237564044455,579.1334342842937,381.62006101366234,-1.8896468353638647,-589.0269472700998,178.10369539078312,1.0213927923595456,9.893512985806119
4968.0,43.95361328125,559.7237107764541,-0.8682144382613233,-579.1333600257904,559.7237107764541,579.1333600257904,381.6200173948419,-1.889607280845511,-589.0268737246047,178.10369338161226,1.0213928425841878,9.893513698814285
4976.0,44.024505615234375,559.7237516341961,-0.8682089138816087,-579.1335018973922,559.7237516341961,579.1335018973922,381.6200591553941,-1.8896018772889596,-589.0270165587763,178.10369247880197,1.0213929634073509,9.893514661384078
4984.0,44.09539794921875,559.7237324321419,-0.868233157858981,-579.1333639243944,559.7237324321419,579.1333639243944,381.6200407699013,-1.8896258937042347,-589.0268801503012,178.10369166224058,1.0213927358452537,9.893516225906742
4992.0,44.166290283203125,559.7237359085574,-0.8682509193663543,-579.1333017613119,559.7237359085574,579.1333017613119,381.6200458549762,-1.8896434805423636,-589.0268191745321,178.1036900535812,1.0213925611760093,9.893517413220088
5000.0,44.2371826171875,559.7237203326365,-0.8682675395561308,-579.133332921299,559.7237203326365,579.133332921299,381.62003166877844,-1.8896597291602006,-589.0268508678879,178.10368866385807,1.0213921896040699,9.893517946588878
5008.0,44.308074951171875,559.7237494532137,-0.8682629563840534,-579.1332775488785,559.7237494532137,579.1332775488785,381.6200612460598,-1.8896555423832213,-589.0267972246181,178.10368820715394,1.021392585999168,9.893519675739675
5016.0,44.37896728515625,559.7237693474694,-0.8682833436378372,-579.1333678172988,559.7237693474694,579.1333678172988,381.6200820472868,-1.8896754487058525,-589.0268883831629,178.10368730018257,1.0213921050680153,9.8935205658641
5024.0,44.449859619140625,559.7236933161042,-0.868283156723451,-579.1331685155834,559.7236933161042,579.1331685155834,381.6200066018902,-1.889675865969905,-589.0266904962746,178.103686714214,1.021392709246454,9.893521980691132
5032.0,44.520751953125,559.7238418692708,-0.8682601838807997,-579.1333851290766,559.7238418692708,579.1333851290766,381.6201554812359,-1.889652890183532,-589.0269077188093,178.10368638803493,1.0213927063027324,9.893522589732658
5040.0,44.591644287109375,559.7237927170785,-0.8683049013857529,-579.133375344291,559.7237927170785,579.133375344291,381.6201071650803,-1.8896972452698693,-589.0268989485688,178.10368555199818,1.0213923438841164,9.893523604277767
5048.0,44.66253662109375,559.7238323917996,-0.8683268205754606,-579.1333041825825,559.7238323917996,579.1333041825825,381.62014711582424,-1.8897190349815878,-589.0268287776789,178.1036852759754,1.0213922144061272,9.893524595096405
5056.0,44.733428955078125,559.7238228935074,-0.8682977836492585,-579.1332951737708,559.7238228935074,579.1332951737708,381.6201384573947,-1.8896902997586773,-589.0268204517644,178.1036844361127,1.0213925161094188,9.893525277993595
5064.0,44.8043212890625,559.723881886131,-0.8683499295066408,-579.1334089898178,559.723881886131,579.1334089898178,381.6201981076359,-1.8897423345493713,-589.0269351077225,178.10368377849517,1.0213924050427305,9.893526117904676
5072.0,44.875213623046875,559.7238363058328,-0.8683806608223277,-579.1332438431499,559.7238363058328,579.1332438431499,381.62015286749295,-1.8897723175605483,-589.0267710375484,178.10368343833986,1.0213916567382206,9.893527194398578
5080.0,44.94610595703125,559.7238156404833,-0.8683919019952411,-579.1331783458478,559.7238156404833,579.1331783458478,381.62013282790275,-1.8897840580696768,-589.0267072415261,178.10368281258047,1.0213921560744357,9.893528895678259
5088.0,45.016998291015625,559.7238752362925,-0.8684108247305375,-579.133302191007,559.7238752362925,579.133302191007,381.6201926743681,-1.8898029923804995,-589.026831882728,178.10368256192436,1.021392167649962,9.89352969172095
5096.0,45.087894439697266,559.7239181210764,-0.8684088703056116,-579.1332929407148,559.7239181210764,579.1332929407148,381.6202353792817,-1.8898011478518897,-589.0268237698295,178.10368274179473,1.021392277546278,9.89353082911475
5104.0,45.15878677368164,559.7239670573288,-0.8684420732949505,-579.1334155214658,559.7239670573288,579.1334155214658,381.62028528947695,-1.889834221951629,-589.0269468855854,178.10368176785175,1.0213921486566786,9.893531364119585
5112.0,45.22968292236328,559.72387472481,-0.8684560369495706,-579.1331790942814,559.72387472481,579.1331790942814,381.6201942213523,-1.8898481206622826,-589.0267120715623,178.1036805034577,1.021392083712712,9.89353297728088
5120.0,45.300575256347656,559.7239420002201,-0.8684770719488593,-579.1332134985544,559.7239420002201,579.1332134985544,381.6202616928845,-1.8898695224142599,-589.0267471180634,178.1036803073355,1.0213924504654006,9.8935336195091
5128.0,45.37146759033203,559.7239936903911,-0.8684945290317465,-579.1332643211647,559.7239936903911,579.1332643211647,381.6203130218737,-1.8898869404307117,-589.0267988848194,178.1036806685174,1.0213924113989652,9.893534563654743
5136.0,45.44239044189453,559.7240333805528,-0.8685606635237617,-579.1332866637529,559.7240333805528,579.1332866637529,381.6203524988781,-1.8899522508619357,-589.0268220334651,178.10368088167473,1.021391587338174,9.893535369712232
5144.0,45.513282775878906,559.7240073185866,-0.8685477330006144,-579.1332300238357,559.7240073185866,579.1332300238357,381.62032650001777,-1.8899395725802393,-589.0267662345716,178.10368081856882,1.0213918395796249,9.89353621073586
5152.0,45.58417510986328,559.724085007935,-0.868555710676918,-579.1332352317319,559.724085007935,579.1332352317319,381.62040416664706,-1.8899473986373048,-589.0267728942063,178.10368084128783,1.0213916879603868,9.893537662474348
5160.0,45.655067443847656,559.7240387581053,-0.8685627440358017,-579.1331083004407,559.7240387581053,579.1331083004407,381.62035870978394,-1.8899547946791602,-589.0266471921964,178.10368004832134,1.0213920506433585,9.893538891755764
5168.0,45.72595977783203,559.7241190533002,-0.8686187887870074,-579.1333254047222,559.7241190533002,579.1333254047222,381.6204383993943,-1.8900102687029467,-589.0268642506834,178.1036806539059,1.0213914799159394,9.893538845961146
5176.0,45.796852111816406,559.724152167656,-0.8686306359429619,-579.1332324453047,559.724152167656,579.1332324453047,381.6204720994623,-1.8900219354405703,-589.0267723459293,178.1036800681938,1.0213912994976084,9.893539900624692
5184.0,45.86774444580078,559.7242589579998,-0.868667611850928,-579.1333671950034,559.7242589579998,579.1333671950034,381.62057918398926,-1.8900588743681817,-589.0269076849656,178.10367977401057,1.0213912625172537,9.893540489962172
5192.0,45.938636779785156,559.7242727431005,-0.8686987287723729,-579.1332485928672,559.7242727431005,579.1332485928672,381.6205931528491,-1.890089771216552,-589.0267900864623,178.10367959025143,1.0213910424441792,9.893541493595055
5200.0,46.00952911376953,559.7243259048522,-0.8687220200451495,-579.1332982943419,559.7243259048522,579.1332982943419,381.62064581421606,-1.890112959555692,-589.026841085985,178.10368009063615,1.0213909395105425,9.893542791643041
5208.0,46.080421447753906,559.7244122094929,-0.8687355735000595,-579.1334054963592,559.7244122094929,579.1334054963592,381.6207320724915,-1.8901266469358426,-589.0269494680854,178.10368013700145,1.0213910734357832,9.893543971726176
5216.0,46.15131759643555,559.7244070491483,-0.8688167691427244,-579.1334091195522,559.7244070491483,579.1334091195522,381.6207267491792,-1.890207202415083,-589.0269538411255,178.10368029996908,1.0213904332723587,9.893544721573328
5224.0,46.22221374511719,559.7244603098349,-0.8688387386307888,-579.1334365687384,559.7244603098349,579.1334365687384,381.62077958216037,-1.8902293302997286,-589.0269824229523,178.10368072767452,1.0213905916689399,9.893545854213883
5232.0,46.29310607910156,559.7245633264536,-0.8688521839676859,-579.1334682428063,559.7245633264536,579.1334682428063,381.62088160005726,-1.8902431246897304,-589.027014881688,178.1036817263963,1.0213909407220445,9.89354663888178
5240.0,46.36399841308594,559.7245856783312,-0.8689158493187383,-579.133503327035,559.7245856783312,579.133503327035,381.62090410061967,-1.8903067081950118,-589.0270511545903,178.10368157771154,1.0213908588762735,9.893547827555242
5248.0,46.43489074707031,559.7245902569582,-0.8689606434041446,-579.133479117826,559.7245902569582,579.133479117826,381.62090890014076,-1.890350965037796,-589.0270279053176,178.10368135681742,1.0213903216336515,9.893548787491593
5256.0,46.50578308105469,559.7246607924029,-0.8689695954406611,-579.133488558449,559.7246607924029,579.133488558449,381.6209793354614,-1.8903602943387066,-589.0270385548346,178.1036814569415,1.0213906988980455,9.893549996385612
5264.0,46.57667541503906,559.7247098952472,-0.869008989943159,-579.1335009193987,559.7247098952472,579.1335009193987,381.6210277498145,-1.8904000136824357,-589.0270521512105,178.10368214543269,1.0213910237392767,9.893551231811777
5272.0,46.64756774902344,559.7254809223364,-0.8690359905239831,-579.134107513016,559.7254809223364,579.134107513016,381.6217829302548,-1.8904267210971781,-589.0276611904653,178.10369799208155,1.021390730573195,9.893553677449265
5280.0,46.71846008300781,559.7253741928614,-0.8690507091197572,-579.1340349438326,559.7253741928614,579.1340349438326,381.62164099906704,-1.890441619843176,-589.0275943263756,178.10373319379437,1.0213909107234187,9.893559382542968
5288.0,46.78935241699219,559.7250093742036,-0.8690545448536504,-579.1337176526366,559.7250093742036,579.1337176526366,381.6212780574583,-1.8904454210237578,-589.0272770347541,178.1037313167453,1.0213908761701074,9.893559382117445
5296.0,46.86024475097656,559.7252470502681,-0.8690541994455163,-579.1338723506273,559.7252470502681,579.1338723506273,381.6215173923223,-1.8904452368646236,-589.0274317196315,178.10372965794582,1.0213910374191073,9.893559369004283
5304.0,46.93113708496094,559.7251812009381,-0.8690431108910994,-579.1337268287855,559.7251812009381,579.1337268287855,381.6214430638221,-1.890434103062069,-589.0272891845075,178.10373813711598,1.0213909921709696,9.89356235572202
5312.0,47.00202941894531,559.7253987344818,-0.8690154600628084,-579.1339285783502,559.7253987344818,579.1339285783502,381.6216436604636,-1.8904068601366273,-589.0274936724732,178.1037550740183,1.021391400073819,9.89356509412302
5320.0,47.07292175292969,559.7251206878034,-0.8689815899856166,-579.1337552253109,559.7251206878034,579.1337552253109,381.6213649571828,-1.8903731274341231,-589.0273209561249,178.10375573062058,1.0213915374485065,9.893565730814014
5328.0,47.14381790161133,559.7248495190859,-0.8689497732987905,-579.133479297224,559.7248495190859,579.133479297224,381.62110112809955,-1.8903416872972936,-589.0270445255042,178.10374839098634,1.021391913998503,9.893565228280192
5336.0,47.2147102355957,559.7248406296405,-0.868945757098075,-579.1335822456782,559.7248406296405,579.1335822456782,381.62109851164814,-1.8903372015643374,-589.0271476088394,178.1037421179924,1.0213914444662624,9.893565363161205
5344.0,47.28560256958008,559.7248058528648,-0.8689167980049124,-579.133505402322,559.7248058528648,579.133505402322,381.62106728779725,-1.8903079164341126,-589.0270711739443,178.1037385650676,1.0213911184292002,9.893565771622193
5352.0,47.35649490356445,559.724726294869,-0.868881198099456,-579.1334143589206,559.724726294869,579.1334143589206,381.6209905136983,-1.8902724176252912,-589.026980786649,178.1037357811707,1.0213912195258352,9.893566427728437
5360.0,47.42738723754883,559.7246945142549,-0.8689106495932086,-579.1333471791256,559.7246945142549,579.1333471791256,381.6209603644436,-1.8903021275075989,-589.0269142989218,178.10373414981137,1.0213914779143902,9.893567119796238
5368.0,47.4982795715332,559.7246425137093,-0.8689053886954294,-579.1333070193492,559.7246425137093,579.1333070193492,381.6209099280864,-1.8902961658310176,-589.0268746723823,178.10373258562294,1.0213907771355881,9.893567653033084
5376.0,47.56917190551758,559.7246237385933,-0.8689206394160065,-579.133274336631,559.7246237385933,579.133274336631,381.6208926541333,-1.8903119445751448,-589.0268425589178,178.10373108446004,1.0213913051591383,9.89356822228683
5384.0,47.64006423950195,559.7245997943774,-0.8688835789300802,-579.1332341447794,559.7245997943774,579.1332341447794,381.62087008668203,-1.8902749219799633,-589.0268029186554,178.10372970769538,1.021391343049883,9.893568773875995
5392.0,47.71098327636719,559.7245713520708,-0.8688708364097293,-579.1332976686735,559.7245713520708,579.1332976686735,381.6208440067086,-1.8902623538788594,-589.0268666503716,178.1037273453622,1.0213915174691302,9.893568981698103
5400.0,47.78187561035156,559.7245547859303,-0.8688588716130958,-579.1330960216249,559.7245547859303,579.1330960216249,381.6208276679291,-1.8902508260047313,-589.0266664724535,178.1037271180012,1.0213919543916354,9.893570450828612
5408.0,47.85276794433594,559.7245263375671,-0.8688440704962987,-579.1331074382954,559.7245263375671,579.1331074382954,381.6207999492301,-1.890235342660369,-589.0266785407505,178.10372638833695,1.0213912721640703,9.89357110245512
5416.0,47.92366027832031,559.7245754431123,-0.8688559777235048,-579.1332346142391,559.7245754431123,579.1332346142391,381.6208503078656,-1.8902473696845723,-589.0268060921208,178.10372513524663,1.0213913919610675,9.893571477881654
5424.0,47.99455261230469,559.7245550489796,-0.8688577340732211,-579.1332582540225,559.7245550489796,579.1332582540225,381.62083078131263,-1.8902486677943537,-589.0268299883251,178.103724267667,1.0213909337211327,9.893571734302597
5432.0,48.06544494628906,559.724443481213,-0.8688513000982603,-579.1330429645762,559.724443481213,579.1330429645762,381.62072063582536,-1.890243188370695,-589.026615718301,178.10372284538764,1.0213918882724347,9.893572753724719
5440.0,48.13633728027344,559.7244823801084,-0.8688521867085388,-579.1330673287422,559.7244823801084,579.1330673287422,381.6207596122151,-1.8902440230815838,-589.0266403638591,178.10372276789332,1.021391836373045,9.893573035116907
5448.0,48.20722961425781,559.7244899086043,-0.8688479785859329,-579.1332132997968,559.7244899086043,579.1332132997968,381.6207678751703,-1.8902397732550043,-589.0267869873704,178.10372203343394,1.0213917946690714,9.89357368757358
5456.0,48.27812194824219,559.7245027566514,-0.8688226592087869,-579.133127687011,559.7245027566514,579.133127687011,381.62078184672043,-1.8902147717392044,-589.0267022242315,178.10372090993093,1.0213921125304175,9.893574537220461
5464.0,48.34901428222656,559.7248888645056,-0.8688184712892411,-579.1334344963336,559.7248888645056,579.1334344963336,381.6211603737598,-1.8902098788293364,-589.027010309354,178.10372849074582,1.0213914075400954,9.893575813020277
5472.0,48.41990661621094,559.7250496395899,-0.8687926623786506,-579.1334637469989,559.7250496395899,579.1334637469989,381.6213032267483,-1.8901842961812232,-589.0270434451515,178.1037464128416,1.0213916338025726,9.893579698152568
5480.0,48.49080276489258,559.7252793928747,-0.868763090711326,-579.1336428510211,559.7252793928747,579.1336428510211,381.6215059778093,-1.8901548597004076,-589.0272266293418,178.1037734150653,1.0213917689890817,9.893583778320732
5488.0,48.56169509887695,559.7248739706243,-0.8687180993203656,-579.1332885693079,559.7248739706243,579.1332885693079,381.62108658907107,-1.890109084185016,-589.0268743891729,178.1037873815533,1.0213909848646505,9.893585819865036
5496.0,48.63258743286133,559.7245554770896,-0.8686868787501716,-579.1331052814716,559.7245554770896,579.1331052814716,381.6207763595285,-1.89007809325593,-589.0266899157095,178.1037791175611,1.0213912145057584,9.893584634237932
5504.0,48.7034797668457,559.7244042713124,-0.8686581544844336,-579.1330230098854,559.7244042713124,579.1330230098854,381.6206345982582,-1.8900495362768068,-589.0266060189371,178.1037696730542,1.0213913817923732,9.893583009051692
5512.0,48.77437210083008,559.7242031778289,-0.8686280806203222,-579.1328176322166,559.7242031778289,579.1328176322166,381.62043979470343,-1.8900197906888128,-589.0264009124752,178.10376338312557,1.0213917100684906,9.893583280258579
5520.0,48.84526443481445,559.7241748009329,-0.8685989150444344,-579.1328268166982,559.7241748009329,579.1328268166982,381.62041552026596,-1.8899903082712965,-589.0264100353205,178.10375928066696,1.0213913932268621,9.893583218622371
5528.0,48.91615676879883,559.7241386746279,-0.8685547348352021,-579.1328038581112,559.7241386746279,579.1328038581112,381.62038145046876,-1.8899461160542774,-589.0263872217625,178.1037572241591,1.0213913812190754,9.893583363651338
5536.0,48.9870491027832,559.7240319792327,-0.8685044782296063,-579.1326925095427,559.7240319792327,579.1326925095427,381.6202772218908,-1.8898960116508667,-589.0262766906175,178.10375475734196,1.0213915334212604,9.893584181074754
5544.0,49.05794143676758,559.7240021391259,-0.8684738531613139,-579.1327120736431,559.7240021391259,579.1327120736431,381.62024875807526,-1.8898650594369553,-589.0262966481314,178.1037533810506,1.0213912062756414,9.893584574488324
5552.0,49.12883758544922,559.7239252422264,-0.8684329441938496,-579.1326458406036,559.7239252422264,579.1326458406036,381.6201736343199,-1.8898244934522213,-589.0262307574583,178.1037516079066,1.0213915492583716,9.893584916854698
5560.0,49.199729919433594,559.7238904365003,-0.8684260521247027,-579.132577070106,559.7238904365003,579.132577070106,381.6201401379435,-1.8898174183685197,-589.0261625638192,178.10375029855675,1.021391366243817,9.893585493713207
5568.0,49.27062225341797,559.7238482534366,-0.8683824459947136,-579.132561068945,559.7238482534366,579.132561068945,381.6200989515336,-1.889774178838337,-589.0261473198885,178.103749301903,1.0213917328436235,9.893586250943443
5576.0,49.341514587402344,559.723768179912,-0.8683744977168257,-579.1324526676106,559.723768179912,579.1324526676106,381.62002002267593,-1.8897660041474595,-589.0260396989511,178.1037481572361,1.0213915064306338,9.893587031340576
5584.0,49.41240692138672,559.7237352984637,-0.8683830949816551,-579.1324395134653,559.7237352984637,579.1324395134653,381.619987646475,-1.8897746471138115,-589.0260268804191,178.10374765198867,1.0213915521321564,9.893587366953714
5592.0,49.483299255371094,559.7237298024086,-0.868323655548739,-579.1323650436271,559.7237298024086,579.1323650436271,381.61998246546284,-1.889715007870013,-589.0259533971179,178.1037473369457,1.0213913523212739,9.893588353490689
5600.0,49.55419158935547,559.7236263031341,-0.8682727144609914,-579.1323220338087,559.7236263031341,579.1323220338087,381.61988011361814,-1.8896640496460173,-589.025910829125,178.1037461895159,1.021391335185026,9.89358879531629
5608.0,49.625083923339844,559.7236063784594,-0.8682370489997018,-579.1323531117825,559.7236063784594,579.1323531117825,381.61986087961424,-1.8896285625012927,-589.0259423435639,178.10374549884517,1.021391513501591,9.893589231781295
5616.0,49.69597625732422,559.7235456312824,-0.8682287598435323,-579.1322272654367,559.7235456312824,579.1322272654367,381.6198014926273,-1.8896202448566584,-589.0258173336463,178.1037441386551,1.021391485013126,9.893590068209651
5624.0,49.766868591308594,559.7235943048825,-0.868196354315355,-579.1323640079595,559.7235943048825,579.1323640079595,381.61985038997415,-1.889587917156991,-589.0259540179571,178.10374391490834,1.021391562841636,9.893590009997585
5632.0,49.83776092529297,559.7235424740797,-0.8681895219478379,-579.1322737863085,559.7235424740797,579.1322737863085,381.61979906428587,-1.889581438888107,-589.0258647054367,178.10374340979394,1.021391916940269,9.893590919128203
5640.0,49.908653259277344,559.7235080097787,-0.8681626195340209,-579.1322918110063,559.7235080097787,579.1322918110063,381.6197648562269,-1.8895550268448233,-589.0258829213236,178.10374315355185,1.0213924073108025,9.893591110317281
5648.0,49.979576110839844,559.7234998908752,-0.8681870065470934,-579.132308441831,559.7234998908752,579.132308441831,381.61975735427905,-1.8895789733802504,-589.0259001707636,178.10374253659623,1.021391966833157,9.893591728932673
5656.0,50.05046844482422,559.7233653274429,-0.8681319953801143,-579.1320554746919,559.7233653274429,579.1320554746919,381.6196237224512,-1.8895238967947492,-589.0256475521483,178.10374160499174,1.0213919014146349,9.893592077456344
5664.0,50.121360778808594,559.7233555856151,-0.8681168449060777,-579.1321531631723,559.7233555856151,579.1321531631723,381.6196162099588,-1.8895082594077883,-589.0257457172072,178.1037393756563,1.0213914145017107,9.893592554034814
5672.0,50.19225311279297,559.7233168504828,-0.8681127378812201,-579.1320622310211,559.7233168504828,579.1320622310211,381.6195778705283,-1.88950406876421,-589.0256550588114,178.10373897995447,1.0213913308829898,9.89359282779022
5680.0,50.263145446777344,559.7233085209881,-0.8680875295539381,-579.1321016811399,559.7233085209881,579.1321016811399,381.6195696726399,-1.8894787680621143,-589.0256956041889,178.1037388483482,1.0213912385081763,9.893593923048938
5688.0,50.33403778076172,559.7232758408455,-0.8680948934037227,-579.131995982681,559.7232758408455,579.131995982681,381.61953729118227,-1.8894861136938088,-589.0255898034866,178.1037385496633,1.021391220290086,9.893593820805506
5696.0,50.404930114746094,559.7232530152089,-0.8680889367010076,-579.1319251382436,559.7232530152089,579.1319251382436,381.6195152225338,-1.8894804286647728,-589.0255198961131,178.10373779267508,1.0213914919637652,9.893594757869577
5704.0,50.47582244873047,559.7232442783372,-0.8680657021938716,-579.1320479426613,559.7232442783372,579.1320479426613,381.61950767269343,-1.8894575042546746,-589.025643002342,178.10373660564375,1.021391802060803,9.893595059680672
5712.0,50.546714782714844,559.7232225954275,-0.8680553871194752,-579.1319489354387,559.7232225954275,579.1319489354387,381.6194868438529,-1.8894473354186347,-589.0255437360843,178.10373575157465,1.0213919482991596,9.893594800645587
5720.0,50.61760711669922,559.7232064025261,-0.868034045266735,-579.1318665543552,559.7232064025261,579.1318665543552,381.61947110758865,-1.8894258863339575,-589.0254624964696,178.1037352949374,1.0213918410672225,9.893595942114406
5728.0,50.688499450683594,559.7232287038433,-0.8680344613241182,-579.1320469571847,559.7232287038433,579.1320469571847,381.61949363060427,-1.8894260021946199,-589.0256432492968,178.10373507323908,1.0213915408705017,9.893596292112031
5736.0,50.75939178466797,559.7232093371856,-0.8680276245671594,-579.131914328335,559.7232093371856,579.131914328335,381.6194741011868,-1.889418909338473,-589.0255111067172,178.10373523599878,1.0213912847713136,9.893596778382161
5744.0,50.830284118652344,559.7231881047663,-0.8680259490505136,-579.1318504844302,559.7231881047663,579.1318504844302,381.61945359173853,-1.8894179822525365,-589.0254477959654,178.10373451302783,1.021392033202023,9.893597311535217
5752.0,50.90117645263672,559.7231343459075,-0.8680533536625985,-579.1318890837734,559.7231343459075,579.1318890837734,381.61940029501386,-1.8894449336047208,-589.0254868887919,178.10373405089365,1.0213915799421223,9.893597805018404
5760.0,50.97207260131836,559.723159126429,-0.868020844032281,-579.1317571294371,559.723159126429,579.1317571294371,381.6194256683964,-1.8894126542453167,-589.0253556761206,178.1037334580326,1.0213918102130357,9.893598546683492
5768.0,51.042964935302734,559.7231313518248,-0.8680160568012623,-579.1318639587802,559.7231313518248,579.1318639587802,381.6193981611451,-1.8894078320402583,-589.0254628413073,178.10373319067975,1.021391775238996,9.893598882527193
5776.0,51.11385726928711,559.7231674063137,-0.8680274755168691,-579.1319072584023,559.7231674063137,579.1319072584023,381.61943431492455,-1.8894187980946588,-589.0255066823001,178.1037330913892,1.0213913225777898,9.893599423897902
5784.0,51.184749603271484,559.7231518667311,-0.8680063677383516,-579.131835857139,559.7231518667311,579.131835857139,381.61941889407944,-1.8893983109278296,-589.025435712105,178.10373297265164,1.021391943189478,9.893599854966002
5792.0,51.25564193725586,559.7231371135176,-0.86802234128875,-579.1318179607949,559.7231371135176,579.1318179607949,381.6194048657855,-1.8894141316847346,-589.0254185354061,178.1037322477321,1.0213917903959846,9.893600574611153
5800.0,51.326534271240234,559.7231007098931,-0.8680258013092605,-579.1317023770926,559.7231007098931,579.1317023770926,381.61936880660306,-1.8894171213011455,-589.0253034464365,178.10373190328997,1.021391319991885,9.893601069343948
5808.0,51.39742660522461,559.7235408031729,-0.8680079950191604,-579.1319235658214,559.7235408031729,579.1319235658214,381.61979182091216,-1.8893993308214756,-589.0255279842644,178.10374898226075,1.0213913358023152,9.893604418443005
5816.0,51.468318939208984,559.7234256476379,-0.8679918020733774,-579.131892242044,559.7234256476379,579.131892242044,381.6196664016477,-1.8893830957680402,-589.0254994155297,178.10375924599026,1.0213912936946627,9.893607173485634
5824.0,51.53921127319336,559.723286484389,-0.8679882030038417,-579.1318038517559,559.723286484389,579.1318038517559,381.61952743092337,-1.8893796715372737,-589.0254115590935,178.1037590534656,1.021391468533432,9.893607707337601
5832.0,51.610103607177734,559.7235691089152,-0.8679453621020339,-579.1320791203541,559.7235691089152,579.1320791203541,381.61981254905135,-1.8893370544946584,-589.0256844867608,178.10375655986377,1.0213916923926245,9.89360536640669
5840.0,51.68099594116211,559.7237870131501,-0.8679275950504413,-579.1322381441786,559.7237870131501,579.1322381441786,381.6200007463527,-1.8893190857504494,-589.0258492028995,178.10378626679736,1.0213914907000081,9.893611058720914
5848.0,51.751888275146484,559.723306736707,-0.8679041772588598,-579.1318428996705,559.723306736707,579.1318428996705,381.61951693182516,-1.8892954594316564,-589.0254552310287,178.10378980488176,1.0213912821727966,9.893612331358185
5856.0,51.82278060913086,559.7231218338702,-0.8678724271166747,-579.1317139009797,559.7231218338702,579.1317139009797,381.6193397332358,-1.8892638064411695,-589.0253251153524,178.1037821006344,1.0213913793244949,9.893611214372706
5864.0,51.893672943115234,559.7230133916338,-0.8678527023913287,-579.1315868914072,559.7230133916338,579.1315868914072,381.6192373231143,-1.8892439146257431,-589.0251972564598,178.1037760685195,1.0213912122344144,9.89361036505263
5872.0,51.96456527709961,559.7229997050107,-0.8678256240513047,-579.1316434662274,559.7229997050107,579.1316434662274,381.6192253356312,-1.8892167898135739,-589.0252543459225,178.1037743693795,1.0213911657622692,9.893610879695109
5880.0,52.03546142578125,559.7229642853458,-0.8678080771901082,-579.1316133389857,559.7229642853458,579.1316133389857,381.61919169896885,-1.8891988865314047,-589.0252247895727,178.10377258637698,1.0213908093412964,9.893611450586898
5888.0,52.106353759765625,559.7228948735976,-0.8677800422037856,-579.1315692017563,559.7228948735976,579.1315692017563,381.6191241457167,-1.8891713050319159,-589.0251814774655,178.10377072788094,1.0213912628281303,9.893612275709188
5896.0,52.17724609375,559.7228092813622,-0.8677471068854983,-579.1314171935346,559.7228092813622,579.1314171935346,381.61903960619895,-1.8891385620672283,-589.025030179582,178.10376967516325,1.02139145518173,9.893612986047437
5904.0,52.2481689453125,559.7228285054645,-0.867780979740953,-579.1315609834004,559.7228285054645,579.1315609834004,381.61906004475344,-1.8891716507715959,-589.0251734132161,178.10376846071105,1.0213906710306428,9.893612429815622
5912.0,52.319061279296875,559.7228064213479,-0.8677171360957225,-579.1315421520385,559.7228064213479,579.1315421520385,381.61903820268805,-1.889107999001388,-589.0251549482745,178.1037682186598,1.0213908629056654,9.89361279623594
5920.0,52.38995361328125,559.7226877890938,-0.8676663482465639,-579.1312922320451,559.7226877890938,579.1312922320451,381.61892022104627,-1.8890575201378166,-589.0249065228805,178.10376756804754,1.0213911718912527,9.893614290835473
5928.0,52.460845947265625,559.7226560760871,-0.8676593674276334,-579.1313000163661,559.7226560760871,579.1313000163661,381.6188891508599,-1.8890507696165888,-589.0249150226989,178.10376692522718,1.0213914021889554,9.893615006332709
5936.0,52.53173828125,559.7226208859461,-0.8676556179716899,-579.1312466428778,559.7226208859461,579.1312466428778,381.61885464261434,-1.8890468650746497,-589.0248617741803,178.1037662433318,1.0213912471029598,9.893615131302406
5944.0,52.602630615234375,559.7226268713257,-0.867609913984873,-579.1312698861303,559.7226268713257,579.1312698861303,381.6188607664974,-1.8890011715894164,-589.0248855692546,178.10376610482834,1.0213912576045434,9.893615683124299
5952.0,52.67352294921875,559.7225720897657,-0.8675938145268192,-579.1311942411012,559.7225720897657,579.1311942411012,381.61880672464315,-1.8889849738530065,-589.024810290286,178.10376536512257,1.0213911593261873,9.8936160491849
5960.0,52.744415283203125,559.7225818848578,-0.8676124938564951,-579.1312424008509,559.7225818848578,579.1312424008509,381.6188170373327,-1.889003708369032,-589.0248591761865,178.1037648475252,1.021391214512537,9.893616775335607
5968.0,52.8153076171875,559.7225210956237,-0.8675881300497892,-579.1311235751175,559.7225210956237,579.1311235751175,381.6187568622314,-1.8889794264173112,-589.0247408369996,178.1037642333923,1.021391296367522,9.893617261882111
5976.0,52.886199951171875,559.7225064115681,-0.8675800813814911,-579.1311706835286,559.7225064115681,579.1311706835286,381.6187420414251,-1.888971169055023,-589.0247881311741,178.103764370143,1.021391087673532,9.893617447645529
5984.0,52.95709228515625,559.7225164324975,-0.8675428300305512,-579.1312555821156,559.7225164324975,579.1312555821156,381.61875207346475,-1.8889339791427684,-589.0248741686892,178.10376435903277,1.0213911491122172,9.893618586573535
5992.0,53.027984619140625,559.7224350599453,-0.8675285497248786,-579.1311025068638,559.7224350599453,579.1311025068638,381.61867159638433,-1.8889195297456616,-589.0247214341924,178.10376346356097,1.021390980020783,9.893618927328607
6000.0,53.098876953125,559.722431537779,-0.8675098423951573,-579.1311205933911,559.722431537779,579.1311205933911,381.618668630532,-1.888900242202726,-589.0247398176855,178.10376290724702,1.0213903998075686,9.893619224294387
6008.0,53.169769287109375,559.7223741168053,-0.8675244137881419,-579.1310836890984,559.7223741168053,579.1310836890984,381.618611281811,-1.8889148270938447,-589.0247031444878,178.10376283499434,1.0213904133057028,9.893619455389409
6016.0,53.24066162109375,559.7223093272237,-0.8674579990631983,-579.1309461932877,559.7223093272237,579.1309461932877,381.61854644010714,-1.8888490517227385,-589.0245665827952,178.10376288711657,1.0213910526595402,9.893620389507399
6024.0,53.311553955078125,559.722290125627,-0.8674748203791864,-579.1310287707729,559.722290125627,579.1310287707729,381.6185280813613,-1.8888657048706659,-589.0246492735722,178.10376204426566,1.0213908844914794,9.893620502799283
6032.0,53.3824462890625,559.7222934698577,-0.8674499953797152,-579.13102576837,559.7222934698577,579.13102576837,381.6185312565171,-1.88884071524817,-589.0246462000736,178.1037622133406,1.0213907198684549,9.893620431703486
6040.0,53.453338623046875,559.7223151928366,-0.8674519151857645,-579.1310020846994,559.7223151928366,579.1310020846994,381.6185527988699,-1.8888424825857388,-589.0246237798056,178.1037623939667,1.0213905673999744,9.893621695106209
6048.0,53.52423095703125,559.7222644410502,-0.8674053546025355,-579.1308936419347,559.7222644410502,579.1308936419347,381.61850087737486,-1.888796397035458,-589.0245157036061,178.10376356367536,1.0213910424329224,9.893622061671426
6056.0,53.595123291015625,559.7221572062319,-0.8673729255207694,-579.1307178282016,559.7221572062319,579.1307178282016,381.61839414839176,-1.8887641543430242,-589.0243411386103,178.10376305784013,1.0213912288222549,9.893623310408767
6064.0,53.666015625,559.7221509699212,-0.8673917706881067,-579.1307441657005,559.7221509699212,579.1307441657005,381.6183877873953,-1.8887825891720684,-589.024368134096,178.10376318252594,1.0213908184839617,9.89362396839547
6072.0,53.736907958984375,559.722142224125,-0.8673729472885636,-579.1307727975478,559.722142224125,579.1307727975478,381.6183788709452,-1.8887637654051872,-589.0243969518956,178.1037633531798,1.0213908181166236,9.89362415434778
6080.0,53.80780029296875,559.7221705513039,-0.8673779923063893,-579.1308215526384,559.7221705513039,579.1308215526384,381.61840702473717,-1.8887688233400883,-589.02444608481,178.10376352656672,1.021390831033699,9.893624532171625
6088.0,53.87869644165039,559.7221688264829,-0.8673333127917164,-579.1307986714144,559.7221688264829,579.1307986714144,381.6184045074514,-1.8887244681164024,-589.0244241903654,178.10376431903148,1.021391155324686,9.893625518951048
6096.0,53.949588775634766,559.7221117016314,-0.8673496705038972,-579.1308148438573,559.7221117016314,579.1308148438573,381.61834693164644,-1.8887412422226224,-589.0244407458622,178.103764769985,1.0213915717187252,9.893625902004946
6104.0,54.02048110961914,559.7221076396352,-0.8673293288357296,-579.1307254850041,559.7221076396352,579.1307254850041,381.61834220927426,-1.8887206815874023,-589.0243522194196,178.1037654303609,1.0213913527516727,9.893626734415541
6112.0,54.09137725830078,559.7221010837759,-0.867294182742893,-579.1307766007794,559.7221010837759,579.1307766007794,381.6183351033459,-1.8886852831506244,-589.0244031787361,178.10376598042996,1.0213911004077314,9.893626577956617
6120.0,54.162269592285156,559.7220665164502,-0.8672643790715364,-579.1307408074657,559.7220665164502,579.1307408074657,381.6183007659573,-1.8886555320911365,-589.0243684089846,178.10376575049298,1.0213911530196,9.893627601518922
6128.0,54.23316192626953,559.7220612460753,-0.8672748629353051,-579.1307243594146,559.7220612460753,579.1307243594146,381.6182945208587,-1.8886662728507786,-589.0243527281232,178.10376672521662,1.0213914099154735,9.893628368708564
6136.0,54.304054260253906,559.7219533525413,-0.8672758288160085,-579.1305711229138,559.7219533525413,579.1305711229138,381.6181869933114,-1.8886668243741993,-589.0241999537195,178.10376635922995,1.0213909955581908,9.893628830805667
6144.0,54.37494659423828,559.7219184580265,-0.8672795991646867,-579.1306421111893,559.7219184580265,579.1306421111893,381.61815282072723,-1.8886700357953599,-589.024271213029,178.10376563729932,1.0213904366306732,9.893629101839691
6152.0,54.445838928222656,559.7219319097339,-0.8672506635125377,-579.1305802342805,559.7219319097339,579.1305802342805,381.6181660629063,-1.8886408847002851,-589.0242100182508,178.10376584682757,1.0213902211877475,9.893629783970276
6160.0,54.516761779785156,559.7219653404395,-0.8672570650586469,-579.1306058278499,559.7219653404395,579.1306058278499,381.61819930349196,-1.8886479105585163,-589.0242357803788,178.10376603694752,1.0213908454998695,9.893629952528972
6168.0,54.58765411376953,559.7219509824904,-0.8672378938961911,-579.1306264019977,559.7219509824904,579.1306264019977,381.61818443992223,-1.8886285730548193,-589.0242564312549,178.10376654256814,1.0213906791586282,9.893630029257231
6176.0,54.658546447753906,559.7219013623352,-0.8672102360840492,-579.130547209391,559.7219013623352,579.130547209391,381.61813541072513,-1.8886009989165276,-589.0241780074064,178.10376595161006,1.0213907628324783,9.893630798015371
6184.0,54.72943878173828,559.7219574812042,-0.8672169145691755,-579.1306146984973,559.7219574812042,579.1306146984973,381.6181910963904,-1.8886077558741676,-589.0242459080673,178.1037663848138,1.0213908413049921,9.893631209570007
6192.0,54.800331115722656,559.721878118211,-0.8672110280632506,-579.1305323030373,559.721878118211,579.1305323030373,381.61811135127573,-1.8886017005351743,-589.0241639367978,178.10376676693528,1.0213906724719237,9.893631633760515
6200.0,54.87122344970703,559.7218396987251,-0.8671778238972934,-579.1304820076159,559.7218396987251,579.1304820076159,381.61807315739026,-1.8885688725330319,-589.024113672179,178.10376654133486,1.0213910486357385,9.893631664563113
6208.0,54.942115783691406,559.7217775215711,-0.867185785077015,-579.130404611144,559.7217775215711,579.130404611144,381.6180117215681,-1.8885764729309509,-589.0240371520902,178.10376580000295,1.0213906878539358,9.893632540946216
6216.0,55.01300811767578,559.7218530232676,-0.8671992959384904,-579.1304979185768,559.7218530232676,579.1304979185768,381.6180871696192,-1.8885905398339538,-589.024130706601,178.1037658536485,1.0213912438954633,9.893632788024192
6224.0,55.083900451660156,559.7218128674753,-0.8671705729057422,-579.1304064226568,559.7218128674753,579.1304064226568,381.61804699875415,-1.8885617400903971,-589.0240398530811,178.10376586872107,1.021391167184655,9.893633430424348
6232.0,55.15479278564453,559.7218522593337,-0.8671577051788102,-579.13043861972,559.7218522593337,579.13043861972,381.61808552034927,-1.8885487536260595,-589.0240726500679,178.1037667389844,1.0213910484472493,9.893634030347755
6240.0,55.225685119628906,559.7217859222279,-0.8671488139797998,-579.1304259157483,559.7217859222279,579.1304259157483,381.6180192401622,-1.88853972420238,-589.0240599804192,178.10376668206573,1.0213909102225802,9.89363406467087
6248.0,55.29657745361328,559.7217642881665,-0.8671608984671852,-579.130364697066,559.7217642881665,579.130364697066,381.6179977338737,-1.8885520840075891,-589.0239996705232,178.1037665542927,1.0213911855404039,9.89363497345712
6256.0,55.367469787597656,559.7217398572407,-0.8671584440968458,-579.1303850789585,559.7217398572407,579.1303850789585,381.6179729347759,-1.888549506784988,-589.0240199671148,178.10376692246473,1.0213910626881422,9.893634888156297
6264.0,55.43836212158203,559.7217030650093,-0.8671635873757344,-579.1302196924424,559.7217030650093,579.1302196924424,381.61793570871816,-1.8885545298697357,-589.0238555091822,178.10376735629106,1.0213909424940013,9.893635816739756
6272.0,55.509254455566406,559.7217282280404,-0.8671106192217888,-579.1302775328198,559.7217282280404,579.1302775328198,381.6179613233506,-1.888501867652728,-589.0239137063916,178.10376690468985,1.0213912484309393,9.893636173571764
6280.0,55.58014678955078,559.7217501382968,-0.8671354074712534,-579.1304313100483,559.7217501382968,579.1304313100483,381.61798299618704,-1.8885259474423721,-589.0240677809575,178.10376714210972,1.0213905399711187,9.893636470909211
6288.0,55.651039123535156,559.7217026838618,-0.8671022325828859,-579.1303310849692,559.7217026838618,579.1303310849692,381.6179354330785,-1.8884926935590838,-589.0239676890665,178.10376725078336,1.021390460976198,9.893636604097257
6296.0,55.72193145751953,559.7216880181907,-0.8670989579610442,-579.1303555417516,559.7216880181907,579.1303555417516,381.6179211130119,-1.8884893676169963,-589.023992379341,178.10376690517882,1.021390409655952,9.89363683758952
6304.0,55.79282760620117,559.7216982524392,-0.8670983224008681,-579.130286887074,559.7216982524392,579.130286887074,381.6179318146089,-1.8884892736409347,-589.0239242581763,178.10376643783025,1.0213909512400665,9.893637371102319
6312.0,55.86371994018555,559.7216962424516,-0.8670725623782407,-579.1302905647458,559.7216962424516,579.1302905647458,381.61792959050786,-1.8884637872383156,-589.0239280772921,178.10376665194377,1.021391224860075,9.893637512546377
6320.0,55.93461227416992,559.7216365436826,-0.8670804516758559,-579.1302342546459,559.7216365436826,579.1302342546459,381.6178703976528,-1.8884711362476332,-589.0238726776852,178.10376614602987,1.0213906845717773,9.893638423039283
6328.0,56.0055046081543,559.7216920519859,-0.8671102372897304,-579.130314466807,559.7216920519859,579.130314466807,381.6179256374427,-1.8885013136681428,-589.0239527284032,178.10376641454314,1.0213910763784124,9.893638261596209
6336.0,56.07639694213867,559.7216340337027,-0.8670876789956119,-579.1302019844592,559.7216340337027,579.1302019844592,381.61786810472734,-1.8884788185202166,-589.0238409658734,178.1037659289754,1.0213911395246047,9.89363898141422
6344.0,56.14728927612305,559.7216318291504,-0.8670961217963646,-579.1302424710158,559.7216318291504,579.1302424710158,381.61786611105356,-1.8884870281212538,-589.0238812087804,178.10376571809687,1.0213909063248892,9.89363873776465
6352.0,56.21818161010742,559.7216209821518,-0.8670868598089809,-579.1302288896219,559.7216209821518,579.1302288896219,381.61785560302746,-1.8884775534232459,-589.0238679424158,178.10376537912424,1.021390693614265,9.893639052793919
6360.0,56.2890739440918,559.721622005213,-0.8670339557853501,-579.1301804855179,559.721622005213,579.1301804855179,381.6178569462378,-1.8884251616349803,-589.0238201896918,178.10376505897517,1.0213912058496302,9.893639704173903
6368.0,56.35996627807617,559.7216005493615,-0.8670612548589922,-579.1301790910384,559.7216005493615,579.1301790910384,381.6178361648979,-1.888452698757428,-589.0238185850324,178.1037643844636,1.0213914438984357,9.893639493994005
6376.0,56.43085861206055,559.7216256040056,-0.8670836900096126,-579.1302415568033,559.7216256040056,579.1302415568033,381.6178613575312,-1.8884743199826342,-589.0238813298236,178.10376424647438,1.0213906299730215,9.893639773020304
6384.0,56.50175094604492,559.7216441429337,-0.8670587680495219,-579.1302484326432,559.7216441429337,579.1302484326432,381.6178799885232,-1.8884496841390144,-589.0238884481662,178.10376415441038,1.0213909160894925,9.893640015522994
6392.0,56.5726432800293,559.7215748657292,-0.867087056054682,-579.1301628539859,559.7215748657292,579.1301628539859,381.61781081577783,-1.888477919675784,-589.0238032943938,178.10376404995137,1.021390863621102,9.893640440407882
6400.0,56.64353561401367,559.7215910604398,-0.8670938020492223,-579.1301779045918,559.7215910604398,579.1301779045918,381.6178265383768,-1.8884843891107987,-589.0238191277194,178.103764522063,1.0213905870615765,9.893641223127617
6408.0,56.71442794799805,559.7215569856619,-0.8670575509377128,-579.1301173136209,559.7215569856619,579.1301173136209,381.61779267449754,-1.8884478395933066,-589.0237589206234,178.10376431116438,1.021390288655594,9.893641607002602
6416.0,56.78535461425781,559.721626693092,-0.867086650780772,-579.1301616738141,559.721626693092,579.1301616738141,381.6178623548135,-1.8884772008673156,-589.0238036276154,178.10376433827855,1.0213905500865437,9.893641953801279
6424.0,56.85624694824219,559.7216170598188,-0.8671107784990157,-579.1302315452568,559.7216170598188,579.1302315452568,381.6178524431283,-1.888501088380731,-589.0238739635204,178.1037646166905,1.0213903098817152,9.89364241826353
6432.0,56.92713928222656,559.7216174072051,-0.8671101890399266,-579.1300633098748,559.7216174072051,579.1300633098748,381.6178527036452,-1.8885002940623674,-589.0237064427542,178.10376470355996,1.0213901050224408,9.893643132879442
6440.0,56.99803161621094,559.7216049859046,-0.8670664632532867,-579.13011542802,559.7216049859046,579.13011542802,381.6178396094916,-1.8884566268136025,-589.0237586291447,178.10376537641304,1.0213901635603158,9.893643201124728
6448.0,57.06892395019531,559.721646544575,-0.8670538350513022,-579.1301398006175,559.721646544575,579.1301398006175,381.6178814363243,-1.8884444015297115,-589.0237836273191,178.10376510825074,1.0213905664784093,9.89364382670157
6456.0,57.13981628417969,559.7216608634701,-0.8670940684947963,-579.1302483924183,559.7216608634701,579.1302483924183,381.61789610675237,-1.8884843693233053,-589.0238921616894,178.10376475671768,1.021390300828509,9.89364376927118
6464.0,57.21070861816406,559.7215833063069,-0.8671182178797574,-579.1300103357122,559.7215833063069,579.1300103357122,381.6178183799694,-1.888508425901846,-589.0236548427667,178.1037649263375,1.0213902080220887,9.893644507054518
6472.0,57.28160095214844,559.7215715863297,-0.8671105336981553,-579.1301133239848,559.7215715863297,579.1301133239848,381.6178068451556,-1.8885006564707085,-589.0237575376584,178.10376474117407,1.0213901227725533,9.893644213673625
6480.0,57.35249328613281,559.7215523451043,-0.8671010589632058,-579.1300167764904,559.7215523451043,579.1300167764904,381.6177882786709,-1.888491251044277,-589.0236615001744,178.10376406643337,1.0213901920810713,9.893644723684003
6488.0,57.42338562011719,559.721624927241,-0.8671221783507219,-579.1300989954563,559.721624927241,579.1300989954563,381.61785989000214,-1.8885126060498658,-589.0237440552194,178.10376503723887,1.021390427699144,9.893645059763115
6496.0,57.49427795410156,559.7216184165281,-0.8671050737964405,-579.1300486898986,559.7216184165281,579.1300486898986,381.6178532560431,-1.8884955566111925,-589.0236942393173,178.10376516048504,1.021390482814752,9.893645549418705
6504.0,57.56517028808594,559.7216642621286,-0.8671324373364557,-579.1301271877381,559.7216642621286,579.1301271877381,381.6178989953739,-1.8885227817650607,-589.0237729423079,178.10376526675464,1.021390344428605,9.893645754569793
6512.0,57.63606262207031,559.7217548571803,-0.8671129871481966,-579.1302628050066,559.7217548571803,579.1302628050066,381.61798895706085,-1.8885035087218096,-589.023908973676,178.10376590011944,1.021390521573613,9.893646168669445
6520.0,57.70695495605469,559.7217061358587,-0.8671478965957222,-579.1302210248227,559.7217061358587,579.1302210248227,381.6179394083632,-1.8885387807466065,-589.0238674874827,178.10376672749547,1.0213908841508843,9.89364646265995
6528.0,57.77784729003906,559.7217010686044,-0.8671489018570115,-579.1301964470161,559.7217010686044,579.1301964470161,381.6179336256437,-1.888539276505207,-589.0238436392336,178.10376744296067,1.0213903746481954,9.893647192217502
6536.0,57.84873962402344,559.7217195962718,-0.8671629132877747,-579.1301552022553,559.7217195962718,579.1301552022553,381.6179517970787,-1.8885531540393057,-589.0238025642941,178.10376779919304,1.021390240751531,9.89364736203875
6544.0,57.91963195800781,559.7217739751875,-0.8671405387821451,-579.1302943080672,559.7217739751875,579.1302943080672,381.6180062656788,-1.8885311789851489,-589.0239416540148,178.10376770950876,1.0213906402030037,9.893647345947635
6552.0,57.99052429199219,559.72167981159,-0.8671865002979313,-579.1301405815597,559.72167981159,579.1301405815597,381.61791249545934,-1.8885766902145207,-589.0237888062832,178.10376731613064,1.0213901899165894,9.893648224723506
6560.0,58.06141662597656,559.7217462762559,-0.8671576510894763,-579.1301541527923,559.7217462762559,579.1301541527923,381.61797845377777,-1.8885478451443163,-589.0238023847694,178.10376782247812,1.02139019405484,9.893648231977107
6568.0,58.13230895996094,559.7218144441555,-0.8671501592425468,-579.130331482236,559.7218144441555,579.130331482236,381.6180462460761,-1.8885406653377554,-589.023979644744,178.1037681980794,1.0213905060952087,9.893648162508015
6576.0,58.20320510864258,559.7217397216341,-0.8671935724165456,-579.1301329114982,559.7217397216341,579.1301329114982,381.61797202647926,-1.8885838725810453,-589.0237817803678,178.10376769515477,1.0213903001644997,9.893648868869636
6584.0,58.27409744262695,559.7217485329986,-0.8671745799432977,-579.1302550107126,559.7217485329986,579.1302550107126,381.6179810637053,-1.8885646435700445,-589.0239039704059,178.10376746929333,1.0213900636267468,9.893648959693266
6592.0,58.34498977661133,559.7217418889843,-0.8672144050631116,-579.1300664884859,559.7217418889843,579.1300664884859,381.6179742939224,-1.888604117296853,-589.0237163478087,178.10376759506198,1.0213897122337414,9.893649859322775
6600.0,58.4158821105957,559.7217439840165,-0.8672270017764623,-579.1300632415291,559.7217439840165,579.1300632415291,381.61797704638684,-1.888617038048765,-589.0237136781782,178.1037669376296,1.0213900362723027,9.893650436649114
6608.0,58.48677444458008,559.7218260044092,-0.8672128116073443,-579.1302973061028,559.7218260044092,579.1302973061028,381.6180603937224,-1.8886029589377022,-589.0239471708487,178.1037656106868,1.021390147330358,9.89364986474591
6616.0,58.55766677856445,559.7217587226805,-0.8672142886069167,-579.1301338604294,559.7217587226805,579.1301338604294,381.61799296614623,-1.888604613214131,-589.0237845180765,178.10376575653436,1.0213903246072142,9.893650657647122
6624.0,58.62855911254883,559.7217898756056,-0.8672238535296857,-579.1301738834688,559.7217898756056,579.1301738834688,381.6180246736067,-1.8886138931764145,-589.023824008527,178.1037652019989,1.0213900396467288,9.893650125058155
6632.0,58.6994514465332,559.7218513017128,-0.8672379832888746,-579.130200483393,559.7218513017128,579.130200483393,381.61808614870006,-1.8886280485802152,-589.0238508179409,178.10376515301277,1.0213900652913406,9.893650334547889
6640.0,58.77034378051758,559.7218110961473,-0.8672526218892065,-579.1301928181416,559.7218110961473,579.1301928181416,381.61804641193095,-1.888642493939801,-589.0238434953912,178.1037646842164,1.0213898720505945,9.893650677249639
6648.0,58.84123992919922,559.721864023564,-0.8672895963233946,-579.1301837589396,559.721864023564,579.1301837589396,381.61809876612045,-1.8886794013165664,-589.0238347076522,178.10376525744357,1.0213898049931718,9.893650948712695
6656.0,58.912132263183594,559.7218365945811,-0.8672581899127518,-579.1301444371761,559.7218365945811,579.1301444371761,381.61807143219164,-1.8886482531259503,-589.0237961404173,178.1037651623894,1.0213900632131985,9.893651703241186
6664.0,58.98302459716797,559.7218670827424,-0.8673166085601793,-579.130196704195,559.7218670827424,579.130196704195,381.61810217826746,-1.8887063524796894,-589.0238482874352,178.10376490447487,1.02138974391951,9.893651583240128
6672.0,59.0539436340332,559.721892383376,-0.86731651116318,-579.1301639940899,559.721892383376,579.1301639940899,381.61812769624413,-1.8887064285137853,-589.0238157315571,178.10376468713193,1.0213899173506054,9.89365173746721
6680.0,59.12483596801758,559.7219225632766,-0.867311482600273,-579.1301838692481,559.7219225632766,579.1301838692481,381.61815774210777,-1.8887017255650345,-589.0238355163046,178.1037648211688,1.0213902429647614,9.893651647056608
6688.0,59.19572830200195,559.721966941732,-0.8673348307118482,-579.1303222789915,559.721966941732,579.1303222789915,381.618201924799,-1.888724937848262,-589.0239743788361,178.1037650169331,1.0213901071364138,9.893652099844633
6696.0,59.266624450683594,559.7219479723442,-0.8673681357231207,-579.1301903553423,559.7219479723442,579.1301903553423,381.6181831777077,-1.8887579914591566,-589.0238430156164,178.1037647946365,1.021389855736036,9.893652660274107
6704.0,59.33751678466797,559.7219453270309,-0.8673732947034694,-579.1301899326123,559.7219453270309,579.1301899326123,381.6181806351157,-1.888763363152833,-589.0238427238454,178.10376469191516,1.0213900684493638,9.893652791233109
6712.0,59.408409118652344,559.7220181747148,-0.8673965512895236,-579.1302706820509,559.7220181747148,579.1302706820509,381.61825319390204,-1.8887862186548219,-589.0239235376085,178.1037649808128,1.0213896673652982,9.8936528555577
6720.0,59.47930145263672,559.7219878736264,-0.8673692417374648,-579.1301916354806,559.7219878736264,579.1301916354806,381.6182226960531,-1.8887589712025603,-589.0238450411462,178.10376517757322,1.0213897294650955,9.893653405665521
6728.0,59.550193786621094,559.7220393781911,-0.867399264201592,-579.1303074444745,559.7220393781911,579.1303074444745,381.6182740995274,-1.8887886932986264,-589.0239610654677,178.10376527866367,1.0213894290970345,9.893653620993202
6736.0,59.62108612060547,559.7220473910538,-0.8674227652384121,-579.1301827737619,559.7220473910538,579.1301827737619,381.6182818887244,-1.8888122566817436,-589.0238371603396,178.10376550232937,1.0213894914433315,9.89365438657766
6744.0,59.691978454589844,559.722158004702,-0.867459727105417,-579.1303229370826,559.722158004702,579.1303229370826,381.61839189558566,-1.8888490712281287,-589.0239772470084,178.10376610911635,1.0213893441227118,9.893654309925804
6752.0,59.76287078857422,559.7220954610735,-0.8674826823851323,-579.1302132241285,559.7220954610735,579.1302132241285,381.6183298426843,-1.8888720822061007,-589.0238684622482,178.10376561838925,1.0213893998209684,9.893655238119656
6760.0,59.833763122558594,559.7221979384806,-0.8675083853727932,-579.1304249346124,559.7221979384806,579.1304249346124,381.6184319853885,-1.888897782082645,-589.0240797652378,178.10376595309208,1.0213893967098517,9.893654830625458
6768.0,59.90465545654297,559.7222382782098,-0.8675233233230624,-579.1304572371494,559.7222382782098,579.1304572371494,381.61847157271933,-1.888912864475985,-589.0241122569411,178.1037667054905,1.0213895411529226,9.893655019791701
6776.0,59.975547790527344,559.7222426810629,-0.8675045304710669,-579.1305176590904,559.7222426810629,579.1305176590904,381.61847631508675,-1.8888940214250831,-589.0241725910604,178.10376636597607,1.0213894909540162,9.893654931969987
6784.0,60.04644012451172,559.7222771397401,-0.867515589465377,-579.1303428581062,559.7222771397401,579.1303428581062,381.6185094095583,-1.8889052588318673,-589.0239986514715,178.10376773018174,1.0213896693664903,9.893655793365316
6792.0,60.117332458496094,559.7222917224028,-0.8675736140076964,-579.130338948965,559.7222917224028,579.130338948965,381.618524532636,-1.8889631928110493,-589.0239947253946,178.10376718976676,1.021389578803353,9.893655776429615
6800.0,60.18822479248047,559.7222955486593,-0.8675475259273977,-579.1304803438707,559.7222955486593,579.1304803438707,381.6185282803719,-1.8889375943618987,-589.0241363380987,178.10376726828738,1.021390068434501,9.893655994228123
6808.0,60.259117126464844,559.7223090483482,-0.8675974268721145,-579.1304263841911,559.7223090483482,579.1304263841911,381.6185418403576,-1.8889862797439942,-589.0240826341947,178.10376720799061,1.0213888528718797,9.893656250003573
6816.0,60.33000946044922,559.7223084898571,-0.8675884463989405,-579.1303601303813,559.7223084898571,579.1303601303813,381.61854221771625,-1.88897797438608,-589.0240167318127,178.10376627214083,1.0213895279871394,9.893656601431378
6824.0,60.400901794433594,559.7223732965706,-0.867639305384003,-579.130440490301,559.7223732965706,579.130440490301,381.61860643308586,-1.889028617945982,-589.0240975248385,178.1037668634847,1.021389312561979,9.893657034537505
6832.0,60.47179412841797,559.7223584753077,-0.8676408311305566,-579.1304036378883,559.7223584753077,579.1304036378883,381.6185910523258,-1.889030354880005,-589.0240608929191,178.1037674229819,1.0213895237494484,9.893657255030845
6840.0,60.542686462402344,559.7224364614472,-0.867675575083938,-579.1305500528248,559.7224364614472,579.1305500528248,381.6186696533456,-1.889064771947849,-589.0242072148565,178.1037668081015,1.021389196863911,9.893657162031662
6848.0,60.61357879638672,559.7224895367082,-0.8676683952234314,-579.1306249468228,559.7224895367082,579.1306249468228,381.61872247773084,-1.8890580293468582,-589.0242824276755,178.1037670589773,1.0213896341234268,9.893657480852792
6856.0,60.684471130371094,559.7224604630187,-0.8677036380639462,-579.1305283363703,559.7224604630187,579.1305283363703,381.6186936923233,-1.8890929873442976,-589.0241859153678,178.10376677069536,1.0213893492803514,9.893657578997441
6864.0,60.75536346435547,559.7224861583247,-0.8677096729494576,-579.1305713640149,559.7224861583247,579.1305713640149,381.6187198571208,-1.8890986787953583,-589.0242291333611,178.1037663012039,1.0213890058459008,9.893657769346216
6872.0,60.82625961303711,559.7225492458624,-0.867753562064081,-579.1305779286168,559.7225492458624,579.1305779286168,381.61878271839345,-1.8891431374682508,-589.024235558926,178.1037665274689,1.0213895754041697,9.893657630309114
6880.0,60.897151947021484,559.7226124338683,-0.8677811168913188,-579.1306846393618,559.7226124338683,579.1306846393618,381.618845650819,-1.8891704133670277,-589.0243423730965,178.10376678304937,1.021389296475709,9.893657733734717
6888.0,60.96804428100586,559.7226109578069,-0.8677792149225301,-579.1306018377701,559.7226109578069,579.1306018377701,381.61884415974623,-1.889168474938522,-589.0242606571359,178.10376679806058,1.021389260015992,9.893658819365768
6896.0,61.038936614990234,559.7225927495028,-0.8678144325935992,-579.1305377504714,559.7225927495028,579.1305377504714,381.61882661533787,-1.8892040911278976,-589.02419651281,178.10376613416494,1.0213896585342983,9.89365876233866
6904.0,61.10982894897461,559.722601820554,-0.867853839475254,-579.1305126772952,559.722601820554,579.1305126772952,381.61883598065447,-1.8892428974575015,-589.0241718410502,178.10376583989958,1.0213890579822476,9.8936591637551
6912.0,61.180721282958984,559.7226761628789,-0.8678329617397584,-579.1306015839702,559.7226761628789,579.1306015839702,381.6189100608466,-1.8892224411338998,-589.024260665713,178.1037661020323,1.0213894793941414,9.893659081742708
6920.0,61.25161361694336,559.7226782206658,-0.8678805248190775,-579.1305573476782,559.7226782206658,579.1305573476782,381.61891194329587,-1.8892696760558456,-589.0242168366093,178.10376627736986,1.021389151236768,9.893659488931078
6928.0,61.32253646850586,559.7227815159082,-0.8678892485727445,-579.1307991315678,559.7227815159082,579.1307991315678,381.619015288317,-1.8892779612090163,-589.0244579949372,178.1037662275912,1.0213887126362717,9.893658863369419
6936.0,61.393428802490234,559.7227852774821,-0.8679253973649361,-579.1306286750829,559.7227852774821,579.1306286750829,381.61901982061164,-1.8893146389001823,-589.0242889519536,178.10376545687046,1.0213892415352461,9.89366027687075
6944.0,61.46432113647461,559.7228431501768,-0.8679480154673422,-579.1307184422436,559.7228431501768,579.1307184422436,381.6190773307801,-1.8893368752060242,-589.0243784312128,178.1037658193967,1.021388859738682,9.893659988969185
6952.0,61.535213470458984,559.7228947189087,-0.8679656832048939,-579.1307834548413,559.7228947189087,579.1307834548413,381.61912890022353,-1.8893548811880447,-589.024443304429,178.10376581868516,1.0213891979831509,9.893659849587687
6960.0,61.60610580444336,559.7229257886904,-0.8679929645634967,-579.130804191079,559.7229257886904,579.130804191079,381.61915990983033,-1.8893820700398702,-589.0244643165827,178.10376587886014,1.0213891054763735,9.893660125503597
6968.0,61.676998138427734,559.7229515038707,-0.8680343623660116,-579.1308328810045,559.7229515038707,579.1308328810045,381.61918546217805,-1.8894236051656828,-589.0244936909977,178.10376604169267,1.0213892427996711,9.893660809993154
6976.0,61.74789047241211,559.7229869895965,-0.8680763883125331,-579.1307978198853,559.7229869895965,579.1307978198853,381.6192212972277,-1.889465669926294,-589.0244586336441,178.10376569236882,1.0213892816137609,9.89366081375885
6984.0,61.818782806396484,559.7235022811067,-0.8680723817982772,-579.1310706828962,559.7235022811067,579.1310706828962,381.6197141691658,-1.8894616468125642,-589.0247352861295,178.10378811194087,1.021389265014287,9.893664603233331
6992.0,61.889678955078125,559.7234047276083,-0.8680743577725312,-579.1310442448593,559.7234047276083,579.1310442448593,381.6196055706192,-1.8894638262010122,-589.0247109089129,178.1037991569891,1.021389468428481,9.893666664053645
7000.0,61.9605712890625,559.7233032321012,-0.868065319837255,-579.1310400602166,559.7233032321012,579.1310400602166,381.6195047408046,-1.889455066677714,-589.0247068340634,178.10379849129663,1.021389746840459,9.893666773846814
7008.0,62.031463623046875,559.7237116378385,-0.8680994416222805,-579.1312889361355,559.7237116378385,579.1312889361355,381.61990096307267,-1.8894885038032139,-589.0249573291231,178.10381067476584,1.0213890621809334,9.893668392987577
7016.0,62.10235595703125,559.7235312728278,-0.8680575271354192,-579.1310937541421,559.7235312728278,579.1310937541421,381.61971009405136,-1.8894472107261029,-589.024764093188,178.1038211787764,1.0213896835906837,9.893670339045897
7024.0,62.173248291015625,559.7233551890021,-0.8680228523341613,-579.1309933189291,559.7233551890021,579.1309933189291,381.61953530898234,-1.8894127709438076,-589.0246636636192,178.1038198800197,1.0213899186096462,9.893670344690175
7032.0,62.244140625,559.7232335681457,-0.8680475465787652,-579.1310219891587,559.7232335681457,579.1310219891587,381.61941752815784,-1.889437567941938,-589.0246908077263,178.10381603998786,1.0213900213631728,9.893668818567594
7040.0,62.315032958984375,559.7231396641047,-0.86804455801223,-579.1307766496042,559.7231396641047,579.1307766496042,381.6193272118886,-1.8894341803978247,-589.0244454847334,178.10381245221606,1.0213896223855947,9.893668835129265
7048.0,62.38592529296875,559.7231936266116,-0.8680440374658076,-579.1309423220592,559.7231936266116,579.1309423220592,381.61938337192,-1.8894340252502548,-589.0246105436978,178.1038102546917,1.0213899877844472,9.893668221638574
7056.0,62.456817626953125,559.7231310092964,-0.868032799820921,-579.1309069418361,559.7231310092964,579.1309069418361,381.6193230216654,-1.8894228716454728,-589.0245746702925,178.1038079876309,1.0213900718245519,9.893667728456453
7064.0,62.5277099609375,559.7232015398481,-0.8680402725877512,-579.1310300879751,559.7232015398481,579.1310300879751,381.6193947487581,-1.8894306302035,-589.02469838894,178.10380679109,1.0213903576157488,9.893668300964958
7072.0,62.598602294921875,559.7233287976744,-0.8680314116412626,-579.1310225740646,559.7233287976744,579.1310225740646,381.6195208162002,-1.8894213195719525,-589.0246912312714,178.10380798147418,1.0213899079306898,9.893668657206799
7080.0,62.66949462890625,559.7234628114304,-0.8680040055724727,-579.1310463141798,559.7234628114304,579.1310463141798,381.6196370584737,-1.889393880436733,-589.0247187048129,178.10382575295665,1.0213898748642602,9.893672390633128
7088.0,62.740386962890625,559.7233222195707,-0.867985877333016,-579.131010253693,559.7233222195707,579.131010253693,381.6194918827649,-1.8893761501351332,-589.0246831081581,178.10383033680583,1.0213902728021171,9.893672854465112
7096.0,62.811279296875,559.7232251896005,-0.8679671017878663,-579.1309286852111,559.7232251896005,579.1309286852111,381.6193967172105,-1.8893571467385568,-589.0246013003065,178.10382847239003,1.0213900449506905,9.893672615095424
7104.0,62.882171630859375,559.7231196649568,-0.867975395474363,-579.1309499212102,559.7231196649568,579.1309499212102,381.61929454019344,-1.8893655874720414,-589.0246216782205,178.10382512476338,1.0213901919976784,9.893671757010265
7112.0,62.95306396484375,559.7230276913915,-0.8679102522194886,-579.1307436020302,559.7230276913915,579.1307436020302,381.6192055250166,-1.8893006203798053,-589.0244156171198,178.10382216637498,1.0213903681603167,9.893672015089617
7120.0,63.023956298828125,559.723043442184,-0.8679277091286335,-579.1307902295181,559.723043442184,579.1307902295181,381.61922278045336,-1.8893182327580793,-589.0244619000975,178.10382066173065,1.0213905236294458,9.893671670579472
7128.0,63.0948486328125,559.7229539821672,-0.8678972434957157,-579.1306864771633,559.7229539821672,579.1306864771633,381.6191346948736,-1.889287892453567,-589.024358249192,178.1038192872936,1.0213906489578513,9.893671772028712
7136.0,63.165740966796875,559.7229224111512,-0.8679040254056902,-579.1307272847051,559.7229224111512,579.1307272847051,381.61910402793876,-1.8892941586849181,-589.02439917215,178.10381838321248,1.021390133279228,9.893671887444823
7144.0,63.23663330078125,559.7228828051425,-0.8679044711384591,-579.1306633009463,559.7228828051425,579.1306633009463,381.61906550509946,-1.8892941291847976,-589.0243348883782,178.10381730004298,1.0213896580463384,9.893671587431937
7152.0,63.307525634765625,559.7228754832204,-0.8678594298098536,-579.1306914364243,559.7228754832204,579.1306914364243,381.61905944395465,-1.8892499998143757,-589.0243625766753,178.1038160392657,1.021390570004522,9.8936711402511
7160.0,63.37841796875,559.722981119848,-0.8678401163505889,-579.130898202222,559.722981119848,579.130898202222,381.61917496801846,-1.8892302966347607,-589.0245663236996,178.10380615182956,1.0213901802841718,9.893668121477507
7168.0,63.449310302734375,559.7232240499702,-0.8678024681214351,-579.1309632327961,559.7232240499702,579.1309632327961,381.6193985213142,-1.8891925530162128,-589.0246348637274,178.10382552865593,1.0213900848947777,9.89367163093125
7176.0,63.52020263671875,559.7230116545943,-0.8678058231310706,-579.1307594881608,559.7230116545943,579.1307594881608,381.6191818032773,-1.8891962675236327,-589.0244326084176,178.103829851317,1.021390444392562,9.8936731202567
7184.0,63.591129302978516,559.7229247350358,-0.8677825788877227,-579.1306926046973,559.7229247350358,579.1306926046973,381.61909683234086,-1.8891731482657468,-589.0243655629811,178.10382790269495,1.021390569378024,9.893672958283819
7192.0,63.66202163696289,559.7228119175622,-0.8677604168539723,-579.1307299146714,559.7228119175622,579.1307299146714,381.61898703249045,-1.8891509236676995,-589.0244023429184,178.10382488507173,1.0213905068137272,9.893672428246955
7200.0,63.732913970947266,559.7227565859637,-0.8677385037663328,-579.1305807531882,559.7227565859637,579.1305807531882,381.6189337727575,-1.8891291074108398,-589.024253130916,178.10382281320616,1.021390603644507,9.893672377727853
7208.0,63.80380630493164,559.7227818944903,-0.8677105829821721,-579.1306801766511,559.7227818944903,579.1306801766511,381.6189600968696,-1.8891011680621461,-589.0243525302421,178.10382179762067,1.021390585079974,9.893672353590995
7216.0,63.874698638916016,559.7226671944982,-0.8677176860135623,-579.1305689655779,559.7226671944982,579.1305689655779,381.61884683003495,-1.8891081207854272,-589.0242409432454,178.10382036446327,1.021390434771865,9.893671977667466
7224.0,63.945587158203125,559.7226307250221,-0.8677093665060323,-579.1304675823975,559.7226307250221,579.1304675823975,381.61881094789817,-1.889099590705996,-589.0241401922281,178.10381977712393,1.0213902241999637,9.893672609830572
7232.0,64.0164794921875,559.7226219998332,-0.8677111504522381,-579.1305379738428,559.7226219998332,579.1305379738428,381.6188027713275,-1.8891017854233132,-589.024210730468,178.1038192285057,1.021390634971075,9.893672756625218
7240.0,64.08737182617188,559.7226525243424,-0.867687363984706,-579.1306250430305,559.7226525243424,579.1306250430305,381.61883365851656,-1.8890776996163372,-589.0242969160943,178.1038188658258,1.0213903356316312,9.893671873063845
7248.0,64.15826416015625,559.7225721092271,-0.8676476562056727,-579.130505097899,559.7225721092271,579.130505097899,381.61875408754554,-1.889038338725081,-589.024177592356,178.10381802168163,1.0213906825194083,9.89367249445699
7256.0,64.22915649414062,559.7225344335745,-0.8676334932752603,-579.1304847749872,559.7225344335745,579.1304847749872,381.61871673993056,-1.8890239488186484,-589.0241579253573,178.10381769364398,1.0213904555433881,9.893673150370116
7264.0,64.300048828125,559.7225147704108,-0.8676319105443713,-579.1303668044333,559.7225147704108,579.1303668044333,381.61869714661395,-1.8890222416052835,-589.024040007193,178.1038176237969,1.0213903310609123,9.89367320275977
7272.0,64.37094116210938,559.72254165655,-0.8676124527693236,-579.1304753116547,559.72254165655,579.1304753116547,381.61872422632837,-1.8890030278563152,-589.0241478471048,178.10381743022168,1.0213905750869916,9.893672535450158
7280.0,64.44183349609375,559.7225671304639,-0.8675787268213719,-579.1305546463534,559.7225671304639,579.1305546463534,381.61874965938375,-1.8889694852489525,-589.0242275612521,178.10381747108016,1.0213907584275805,9.893672914898701
7288.0,64.51272583007812,559.7224591931791,-0.8675677026105717,-579.1304737878697,559.7224591931791,579.1304737878697,381.61864250024155,-1.888958739675191,-589.0241466684841,178.10381669293758,1.0213910370646193,9.893672880614393
7296.0,64.5836181640625,559.7224526158419,-0.8675727728166995,-579.1303916801925,559.7224526158419,579.1303916801925,381.61863595714976,-1.8889636870323825,-589.0240646054992,178.10381665869218,1.021390914215683,9.893672925306738
7304.0,64.65451049804688,559.7224499233882,-0.8675589182937298,-579.130399032615,559.7224499233882,579.130399032615,381.6186341448172,-1.888949702981364,-589.024071992728,178.10381577857106,1.0213907846876342,9.893672960113001
7312.0,64.72540283203125,559.7223821922732,-0.8675872690124953,-579.1303895212257,559.7223821922732,579.1303895212257,381.61856750850393,-1.8889780344484945,-589.024062259047,178.1038146837693,1.0213907654359993,9.893672737821326
7320.0,64.79629516601562,559.7223377932339,-0.867523886095471,-579.1302764971648,559.7223377932339,579.1302764971648,381.61852303957534,-1.8889148322027385,-589.0239494807045,178.10381475365853,1.0213909461072674,9.893672983539648
7328.0,64.8671875,559.7224186907848,-0.8675350149913297,-579.1304794401522,559.7224186907848,579.1304794401522,381.6186041298354,-1.8889258023302955,-589.0241522111328,178.10381456094944,1.0213907873389658,9.893672770980656
7336.0,64.93807983398438,559.7222827520749,-0.8675014662857334,-579.1302375568147,559.7222827520749,579.1302375568147,381.6184688044159,-1.8888922841060234,-589.0239107145103,178.10381394765898,1.02139081782029,9.893673157695599
7344.0,65.00897216796875,559.7222660499648,-0.8674919666977781,-579.1303038819345,559.7222660499648,579.1303038819345,381.61845230343056,-1.8888830388999667,-589.0239768925576,178.10381374653423,1.0213910722021886,9.893673010623093
7352.0,65.07986450195312,559.7222808699239,-0.8674661928060257,-579.1302843531854,559.7222808699239,579.1302843531854,381.6184667867723,-1.8888572042453724,-589.023957656714,178.1038140831517,1.0213910114393467,9.893673303528587
7360.0,65.15076446533203,559.7223156352057,-0.8674653535049588,-579.1302815728809,559.7223156352057,579.1302815728809,381.6185011412192,-1.8888562480716695,-589.0239549276441,178.10381449398656,1.0213908945667107,9.893673354763258
7368.0,65.22164916992188,559.722291174591,-0.867453556656371,-579.1302606428558,559.722291174591,579.1302606428558,381.61847724390134,-1.8888441985674076,-589.0239344037186,178.10381393068963,1.0213906419110366,9.893673760862889
7376.0,65.29254150390625,559.7222944939704,-0.8674451459734627,-579.1303791746823,559.7222944939704,579.1303791746823,381.6184806306343,-1.888836542629706,-589.0240523542595,178.10381386333614,1.0213913966562433,9.893673179577284
7384.0,65.36343383789062,559.7222043209721,-0.8674530964998164,-579.1302275046721,559.7222043209721,579.1302275046721,381.61839057777007,-1.888844244960894,-589.0239011403203,178.103813743202,1.0213911484610776,9.893673635648163
7392.0,65.434326171875,559.7222490292968,-0.8674419516054246,-579.1301340995846,559.7222490292968,579.1301340995846,381.61843474090074,-1.8888329262385173,-589.0238079441617,178.103814288396,1.0213909746330927,9.893673844577219
7400.0,65.50521850585938,559.7222373533642,-0.8674256354799361,-579.1302621937277,559.7222373533642,579.1302621937277,381.6184229848169,-1.8888166615052846,-589.0239362858367,178.10381436854735,1.0213910260253485,9.893674092108995
7408.0,65.57611083984375,559.7221667734175,-0.867454777549344,-579.130150823475,559.7221667734175,579.130150823475,381.61835222627553,-1.8888460606800304,-589.023825047374,178.10381454714195,1.0213912831306864,9.893674223898984
7416.0,65.64701080322266,559.722163390082,-0.8674229807063285,-579.1301287342872,559.722163390082,579.1301287342872,381.6183486789271,-1.8888139525857466,-589.0238032946161,178.10381471115494,1.021390971879418,9.893674560328936
7424.0,65.71790313720703,559.7221852468864,-0.8674231799618535,-579.1302282605016,559.7221852468864,579.1302282605016,381.61837076981385,-1.88881450337565,-589.0239025754374,178.10381447707255,1.0213913234137966,9.89367431493589
7432.0,65.78878784179688,559.7221486197436,-0.8673941807814232,-579.130114173413,559.7221486197436,579.130114173413,381.61833421142643,-1.8887852769083975,-589.0237886531801,178.10381440831716,1.0213910961269743,9.893674479767114
7440.0,65.8597183227539,559.7221055564592,-0.8673581544764621,-579.130196618053,559.7221055564592,579.130196618053,381.618292009206,-1.8887491995284327,-589.023871098635,178.10381354725314,1.0213910450519705,9.89367448058206
7448.0,65.93061065673828,559.7221469356116,-0.8673784372277824,-579.1302079933901,559.7221469356116,579.1302079933901,381.61833362160905,-1.8887696387130424,-589.0238823360269,178.1038133140026,1.02139120148526,9.893674342636807
7456.0,66.00150299072266,559.7220772754775,-0.867339139268501,-579.1300209191248,559.7220772754775,579.1300209191248,381.618263878399,-1.8887304334955042,-589.023696406585,178.10381339707857,1.0213912942270031,9.893675487460241
7464.0,66.07239532470703,559.7220364302666,-0.8673241153551885,-579.13004237434,559.7220364302666,579.13004237434,381.6182229318813,-1.8887160496470656,-589.0237172857908,178.10381349838536,1.0213919342918771,9.89367491145084
7472.0,66.1432876586914,559.7220589285917,-0.8673525368177448,-579.130041278112,559.7220589285917,579.130041278112,381.6182455466159,-1.8887436178964703,-589.0237160659185,178.10381338197567,1.0213910810787254,9.893674787806539
7480.0,66.21417999267578,559.7220151094307,-0.8673073518690182,-579.1299970100339,559.7220151094307,579.1299970100339,381.6182016204566,-1.8886989639640146,-589.0236722608928,178.10381348897403,1.0213916120949964,9.893675250858939
7488.0,66.28507232666016,559.7220052579623,-0.8673342872677274,-579.1299979976544,559.7220052579623,579.1299979976544,381.6181912218601,-1.8887254180634532,-589.0236736001285,178.10381403610222,1.0213911307957257,9.893675602474138
7496.0,66.35596466064453,559.721975523635,-0.8673103739719479,-579.130066496267,559.721975523635,579.130066496267,381.6181611746211,-1.8887015035904695,-589.0237419850013,178.1038143490139,1.0213911296185216,9.893675488734262
7504.0,66.4268569946289,559.7219393001624,-0.867288911169942,-579.1299885243014,559.7219393001624,579.1299885243014,381.61812511771734,-1.8886805263651927,-589.0236644509647,178.103814182445,1.0213916151952507,9.893675926663224
7512.0,66.49774932861328,559.7220176295866,-0.8672782020551209,-579.1300535783995,559.7220176295866,579.1300535783995,381.6182029518627,-1.8886699372376912,-589.0237291073433,178.10381467772385,1.0213917351825703,9.893675528943856
7520.0,66.56864166259766,559.7219676600893,-0.8672670749000435,-579.1299504535573,559.7219676600893,579.1299504535573,381.6181529231583,-1.8886581857438518,-589.023626573452,178.10381473693099,1.0213911108438083,9.893676119894678
7528.0,66.63953399658203,559.7219252841659,-0.8672511857296525,-579.1299636186546,559.7219252841659,579.1299636186546,381.6181112095546,-1.8886428685111403,-589.0236396368666,178.10381407461125,1.0213916827814877,9.893676018211949
7536.0,66.7104263305664,559.7218618285701,-0.867231105599438,-579.1298373270264,559.7218618285701,579.1298373270264,381.6180478742262,-1.8886226462835198,-589.0235135853328,178.10381395434396,1.0213915406840819,9.893676258306435
7544.0,66.78131866455078,559.7218972321638,-0.8672651862217067,-579.1299343658503,559.7218972321638,579.1299343658503,381.6180824758736,-1.888656673203871,-589.0236105645588,178.10381475629015,1.0213914869821643,9.893676198708473
7552.0,66.85221099853516,559.721955606986,-0.8672672869915168,-579.1300434504815,559.721955606986,579.1300434504815,381.6181404644891,-1.8886585580647353,-589.0237196711716,178.10381514249684,1.0213912710732185,9.893676220690207
7560.0,66.92310333251953,559.7218545547748,-0.8672249832681462,-579.1298869448481,559.7218545547748,579.1298869448481,381.618039735318,-1.8886165475626626,-589.02356402504,178.10381481945686,1.0213915642945164,9.89367708019186
7568.0,66.9939956665039,559.7218733593279,-0.8672220178017271,-579.1298854918431,559.7218733593279,579.1298854918431,381.6180583898591,-1.8886136457025193,-589.0235624427534,178.10381496946886,1.0213916279007922,9.893676950910248
7576.0,67.06489562988281,559.7218720186323,-0.8671972827761247,-579.1300150067024,559.7218720186323,579.1300150067024,381.6180575808487,-1.8885889490586627,-589.0236914431855,178.10381443778365,1.021391666282538,9.893676436483094
7584.0,67.13578796386719,559.7218900350872,-0.8671800302968098,-579.1299647698089,559.7218900350872,579.1299647698089,381.6180743870551,-1.888571900362125,-589.0236413732277,178.10381564803214,1.0213918700653153,9.893676603418843
7592.0,67.20668029785156,559.7218415109642,-0.8672018182244177,-579.1298753445536,559.7218415109642,579.1298753445536,381.6180267306801,-1.888593550432697,-589.0235521969881,178.10381478028404,1.0213917322082793,9.893676852434549
7600.0,67.27757263183594,559.7218018206421,-0.8671782629271392,-579.129860403098,559.7218018206421,579.129860403098,381.6179875873704,-1.8885697373190244,-589.0235378641241,178.10381423327166,1.0213914743918853,9.893677461026146
7608.0,67.34846496582031,559.7217724906027,-0.8671775378035704,-579.1297674977977,559.7217724906027,579.1297674977977,381.6179572996806,-1.8885693151041743,-589.0234446767072,178.1038151909221,1.0213917773006038,9.893677178909506
7616.0,67.41935729980469,559.7217999337194,-0.8671372663136445,-579.1299033380474,559.7217999337194,579.1299033380474,381.6179851634447,-1.8885288541560978,-589.0235803970999,178.10381477027465,1.0213915878424533,9.89367705905245
7624.0,67.49024963378906,559.7217809295336,-0.8671620886953892,-579.129861812382,559.7217809295336,579.129861812382,381.6179662036899,-1.8885536300229813,-589.0235395703481,178.10381472584368,1.021391541327592,9.893677757966035
7632.0,67.56114196777344,559.7217972485952,-0.8671512528673793,-579.1298452073739,559.7217972485952,579.1298452073739,381.61798204615235,-1.8885431351387743,-589.023522841554,178.10381520244283,1.021391882271395,9.893677634180118
7640.0,67.63203430175781,559.721812750077,-0.8671588839310145,-579.1299336598846,559.721812750077,579.1299336598846,381.6179974356786,-1.8885502683253206,-589.0236114176673,178.1038153143984,1.021391384394306,9.893677757782704
7648.0,67.70292663574219,559.7217255111798,-0.867122832667655,-579.1297642084849,559.7217255111798,579.1297642084849,381.6179100674212,-1.8885142125404384,-589.0234426993222,178.10381544375855,1.0213913798727834,9.893678490837324
7656.0,67.77381896972656,559.7217499023188,-0.8671070483307028,-579.1298774259823,559.7217499023188,579.1298774259823,381.6179340737368,-1.8884987919878027,-589.0235558227491,178.103815828582,1.0213917436570998,9.89367839676686
7664.0,67.84471130371094,559.7217227672852,-0.8670773993409444,-579.1298425563494,559.7217227672852,579.1298425563494,381.61790712146643,-1.888469374584627,-589.0235210610467,178.10381564581883,1.0213919752436826,9.893678504697252
7672.0,67.91560363769531,559.7216930368114,-0.8671136523218266,-579.1297912068338,559.7216930368114,579.1297912068338,381.617877770124,-1.8885049271101462,-589.0234700491187,178.10381526668743,1.0213912747883196,9.89367884228487
7680.0,67.98649597167969,559.7216583231515,-0.867085078063992,-579.1296885355665,559.7216583231515,579.1296885355665,381.6178422741482,-1.8884771310704345,-589.0233676693443,178.10381604900329,1.0213920530064424,9.893679133777786
7688.0,68.05738830566406,559.7216391156096,-0.8670838878949221,-579.1297699013963,559.7216391156096,579.1297699013963,381.61782294532145,-1.8884756911154463,-589.0234491385315,178.1038161702882,1.0213918032205243,9.89367923713521
7696.0,68.12831115722656,559.7216979056913,-0.867048594063256,-579.1297211458884,559.7216979056913,579.1297211458884,381.61788154518865,-1.8884405228431227,-589.023400272956,178.10381636050258,1.0213919287798667,9.893679127067617
7704.0,68.19920349121094,559.7216148535748,-0.8670524876615424,-579.1296715217237,559.7216148535748,579.1296715217237,381.61779835997663,-1.8884443992208393,-589.0233509219504,178.1038164935982,1.0213919115592969,9.893679400226706
7712.0,68.27009582519531,559.7215731288445,-0.8670598988652696,-579.1296081334877,559.7215731288445,579.1296081334877,381.6177563461331,-1.8884512224723178,-589.0232880210342,178.10381678271142,1.0213913236070482,9.893679887546433
7720.0,68.34098815917969,559.7215912209858,-0.8670438741172921,-579.1296617023695,559.7215912209858,579.1296617023695,381.6177743338334,-1.8884357755043508,-589.0233413482968,178.10381688715242,1.0213919013870587,9.89367964592724
7728.0,68.41188049316406,559.7216093674522,-0.8670151870853626,-579.1297170497969,559.7216093674522,579.1297170497969,381.6177924548099,-1.8884071657486459,-589.0233966370606,178.1038169126423,1.0213919786632832,9.893679587263701
7736.0,68.48277282714844,559.7216460820306,-0.8670135688924479,-579.1297385477679,559.7216460820306,579.1297385477679,381.61782898701284,-1.8884058259300431,-589.0234184605877,178.10381709501777,1.0213922570375953,9.893679912819774
7744.0,68.55366516113281,559.7215808189596,-0.867023294646958,-579.1298062907827,559.7215808189596,579.1298062907827,381.6177640218967,-1.888414850998477,-589.0234862385149,178.10381679706302,1.021391556351519,9.893679947732293
7752.0,68.62455749511719,559.7215251539753,-0.8670025540307256,-579.1296550248959,559.7215251539753,579.1296550248959,381.6177084257547,-1.8883941629143495,-589.0233350337985,178.10381672822064,1.021391608883624,9.893680008902658
7760.0,68.69544982910156,559.7215331133183,-0.8669888299487907,-579.1296484387723,559.7215331133183,579.1296484387723,381.61771589733917,-1.888380368088261,-589.0233288439433,178.10381721597912,1.0213915381394703,9.89368040517105
7768.0,68.76634216308594,559.7215464112052,-0.8669787991383306,-579.1296130565979,559.7215464112052,579.1296130565979,381.6177291591239,-1.8883700818165665,-589.0232934787347,178.10381725208126,1.0213912826782359,9.893680422136738
7776.0,68.83723449707031,559.7215156016282,-0.8669715018239081,-579.1296654365956,559.7215156016282,579.1296654365956,381.61769844868127,-1.8883624747462768,-589.0233458451888,178.10381715294696,1.0213909729223687,9.893680408593262
7784.0,68.90812683105469,559.7215054740691,-0.8669577229480203,-579.129639838197,559.7215054740691,579.129639838197,381.61768910083265,-1.8883493879849182,-589.023320025915,178.10381637323638,1.021391665036898,9.89368018771801
7792.0,68.97901916503906,559.7214590387795,-0.8669673224944252,-579.1295666751847,559.7214590387795,579.1295666751847,381.6176430677858,-1.8883587154491335,-589.023247311543,178.10381597099362,1.0213913929547083,9.89368063635818
7800.0,69.04991149902344,559.7214402385407,-0.8669355602652846,-579.1295132844033,559.7214402385407,579.1295132844033,381.6176240057305,-1.8883272701950293,-589.0231937628193,178.10381623281023,1.0213917099297447,9.89368047841611
7808.0,69.12080383300781,559.7214400317666,-0.8669240985488038,-579.1295069933032,559.7214400317666,579.1295069933032,381.617623931884,-1.8883157599384468,-589.02318833707,178.10381609988264,1.021391661389643,9.89368134376688
7816.0,69.19169616699219,559.7214559600831,-0.8669384929714301,-579.1296228008247,559.7214559600831,579.1296228008247,381.617639590099,-1.8883304031057762,-589.0233039156692,178.1038163699841,1.021391910134346,9.89368111484454
7824.0,69.26258850097656,559.7214290928505,-0.8669138025754739,-579.1296137614122,559.7214290928505,579.1296137614122,381.6176126340366,-1.8883057541503812,-589.0232943437703,178.1038164588138,1.0213919515749073,9.893680582358162
7832.0,69.33348083496094,559.7213860859642,-0.8669468436112155,-579.1295278788803,559.7213860859642,579.1295278788803,381.6175695427733,-1.8883388244538541,-589.02320925634,178.103816543191,1.0213919808426386,9.893681377459703
7840.0,69.40437316894531,559.7214291254239,-0.8669232957996971,-579.1295989211221,559.7214291254239,579.1295989211221,381.6176123112943,-1.888315128048926,-589.0232802102676,178.1038168141296,1.021391832249229,9.893681289145393
7848.0,69.47526550292969,559.7213584374016,-0.8668923039677745,-579.1295119340725,559.7213584374016,579.1295119340725,381.61754135354505,-1.8882840151414202,-589.0231933950856,178.10381708385654,1.0213917111736457,9.89368146101306
7856.0,69.54615783691406,559.7213714027362,-0.8669048289520771,-579.1294460706442,559.7213714027362,579.1294460706442,381.61755409596924,-1.8882965440056165,-589.0231275710853,178.10381730676698,1.0213917150535394,9.893681500441055
7864.0,69.61705017089844,559.7213708366378,-0.8669073564321685,-579.1295385298017,559.7213708366378,579.1295385298017,381.6175536162351,-1.8882985931468674,-589.0232201136805,178.10381722040273,1.021391236714699,9.89368158387879
7872.0,69.68794250488281,559.7213596303577,-0.866921118691284,-579.1295524610593,559.7213596303577,579.1295524610593,381.61754233809086,-1.8883125748051395,-589.0232339967383,178.1038172922669,1.0213914561138555,9.893681535679013
7880.0,69.75883483886719,559.7212633445819,-0.8668411712392947,-579.1294304118927,559.7212633445819,579.1294304118927,381.61744611952383,-1.8882332302481464,-589.0231123015927,178.10381722505804,1.0213920590088517,9.893681889699984
7888.0,69.82972717285156,559.7213585729654,-0.8668440855898929,-579.1294503410383,559.7213585729654,579.1294503410383,381.61754140399677,-1.8882359800471313,-589.023132544701,178.10381716896867,1.0213918944572384,9.893682203662678
7896.0,69.90061950683594,559.7213122173366,-0.866864910110142,-579.1294566610164,559.7213122173366,579.1294566610164,381.6174942767024,-1.8882568900925176,-589.0231393039794,178.10381794063414,1.0213919799823756,9.893682642963
7904.0,69.97151184082031,559.7213181755005,-0.8668393430800814,-579.129475780367,559.7213181755005,579.129475780367,381.6174996848972,-1.8882315935936367,-589.0231581881566,178.10381849060337,1.0213922505135553,9.893682407789528
7912.0,70.04240417480469,559.7212607120456,-0.8668446874895421,-579.1293799414975,559.7212607120456,579.1293799414975,381.6174430067713,-1.8882363851268549,-589.0230628000128,178.10381770527434,1.0213916976373127,9.893682858515312
7920.0,70.11329650878906,559.7212423814699,-0.8668387370489405,-579.1293367643553,559.7212423814699,579.1293367643553,381.61742455977185,-1.8882301576752614,-589.0230197294477,178.10381782169804,1.0213914206263208,9.89368296509236
7928.0,70.18418884277344,559.7212655437401,-0.8668329976788933,-579.1294195873832,559.7212655437401,579.1294195873832,381.61744753482304,-1.8882250139472974,-589.0231024748692,178.10381800891705,1.021392016268404,9.893682887486131
7936.0,70.25508117675781,559.7212122043679,-0.8668406917281777,-579.1293827282229,559.7212122043679,579.1293827282229,381.61739448311084,-1.8882323436442716,-589.0230658013221,178.1038177212571,1.021391651916094,9.893683073099172
7944.0,70.32597351074219,559.7213091047226,-0.8667939642103559,-579.1295206187721,559.7213091047226,579.1295206187721,381.6174904797864,-1.8881865577845063,-589.023203492646,178.1038186249362,1.0213925935741504,9.893682873873876
7952.0,70.39690399169922,559.7211955544822,-0.866811564765527,-579.1293080115088,559.7211955544822,579.1293080115088,381.61737707222403,-1.8882033437025054,-589.0229913279695,178.10381848225808,1.0213917789369784,9.893683316460777
7960.0,70.4677963256836,559.721216303591,-0.8667860992276055,-579.1293672639943,559.721216303591,579.1293672639943,381.61739708468656,-1.88817777211024,-589.0230504937281,178.1038192189044,1.0213916728826344,9.893683229733867
7968.0,70.53868865966797,559.7212172197777,-0.8667836372807036,-579.1293919716334,559.7212172197777,579.1293919716334,381.61739827814586,-1.8881755750079838,-589.023075475425,178.10381894163186,1.0213919377272802,9.893683503791616
7976.0,70.60958099365234,559.7211849618286,-0.8667471483035287,-579.1294072083545,559.7211849618286,579.1294072083545,381.617365419173,-1.8881387029617747,-589.0230911350707,178.10381954265566,1.021391554658246,9.893683926716207
7984.0,70.68047332763672,559.7212211787102,-0.866753870557861,-579.1293694570402,559.7212211787102,579.1293694570402,381.6174013751778,-1.88814524679541,-589.0230531047742,178.10381980353236,1.021391376237549,9.893683647734017
7992.0,70.7513656616211,559.7211474455103,-0.8667382865908042,-579.1293887766408,559.7211474455103,579.1293887766408,381.6173278096753,-1.8881303518109345,-589.0230729077996,178.103819635835,1.0213920652201303,9.893684131158821
8000.0,70.82225799560547,559.7210944023758,-0.8667434054514369,-579.1292775972008,559.7210944023758,579.1292775972008,381.6172746653233,-1.8881350071341774,-589.0229616998344,178.1038197370525,1.0213916016827405,9.893684102633529
8008.0,70.89315032958984,559.7211317536855,-0.8667512339579768,-579.1293158382045,559.7211317536855,579.1293158382045,381.6173112979591,-1.888142786728833,-589.0230005630178,178.1038204557264,1.0213915527708561,9.893684724813333
8016.0,70.96404266357422,559.7211665880145,-0.8667467231153663,-579.1293723869226,559.7211665880145,579.1293723869226,381.6173459953999,-1.8881380465147264,-589.0230567461218,178.10382059261468,1.0213913233993601,9.893684359199273
8024.0,71.03494262695312,559.7211133018,-0.8667238448654802,-579.1293339311401,559.7211133018,579.1293339311401,381.617292416996,-1.8881153697988386,-589.0230187067145,178.103820884804,1.0213915249333585,9.893684775574457
8032.0,71.1058349609375,559.7210991356346,-0.8666988582963229,-579.1293713096711,559.7210991356346,579.1293713096711,381.617278189158,-1.8880907347495985,-589.0230560860914,178.10382094647665,1.0213918764532757,9.893684776420338
8040.0,71.17672729492188,559.7210826433836,-0.8666984599186773,-579.1292766822648,559.7210826433836,579.1292766822648,381.61726060286514,-1.8880903298807685,-589.0229614843582,178.10382204051848,1.0213918699620912,9.893684802093379
8048.0,71.24761962890625,559.720998189521,-0.8666879159809149,-579.1291957289864,559.720998189521,579.1291957289864,381.6171773478822,-1.8880795915207909,-589.0228809611339,178.10382084163874,1.021391675539876,9.893685232147533
8056.0,71.31851196289062,559.7210073310679,-0.8666826871295328,-579.1292533286173,559.7210073310679,579.1292533286173,381.6171861129489,-1.888074201110003,-589.02293850507,178.10382121811898,1.0213915139804701,9.893685176452642
8064.0,71.389404296875,559.721006656307,-0.8666739259815106,-579.1291950053926,559.721006656307,579.1291950053926,381.617185532432,-1.888064962719044,-589.0228805151942,178.103821123875,1.0213910367375334,9.893685509801571
8072.0,71.46029663085938,559.7211027171087,-0.866654172862142,-579.1292649743964,559.7211027171087,579.1292649743964,381.61728118752984,-1.888046000813227,-589.022950386616,178.10382152957888,1.021391827951085,9.89368541221964
8080.0,71.53118896484375,559.721024546199,-0.866629229188213,-579.1291252294991,559.721024546199,579.1291252294991,381.6172031887161,-1.8880206508195574,-589.0228111488168,178.1038213574829,1.0213914216313444,9.893685919317743
8088.0,71.60208129882812,559.721014903059,-0.866644218900241,-579.1291815009278,559.721014903059,579.1291815009278,381.61719347548217,-1.8880358524563476,-589.0228674542517,178.10382142757678,1.0213916335561066,9.893685953323896
8096.0,71.6729736328125,559.7209659620603,-0.866632391315755,-579.1291946631676,559.7209659620603,579.1291946631676,381.61714457114255,-1.8880234678329542,-589.0228803357327,178.10382139091777,1.0213910765171992,9.893685672565049
8104.0,71.74386596679688,559.7209856015741,-0.8666218643786374,-579.1291866949773,559.7209856015741,579.1291866949773,381.6171641383851,-1.8880138157337845,-589.0228723726779,178.10382146318898,1.021391951355147,9.893685677700603
8112.0,71.81475830078125,559.7209223510389,-0.8666199559852861,-579.1291605727481,559.7209223510389,579.1291605727481,381.61710079368646,-1.8880119572882266,-589.0228464901984,178.10382155735243,1.0213920013029405,9.893685917450242
8120.0,71.88565063476562,559.7209581834095,-0.8666166719051906,-579.1291949749022,559.7209581834095,579.1291949749022,381.6171367168249,-1.8880085366196573,-589.022881115744,178.10382146658463,1.0213918647144666,9.893686140841758
8128.0,71.95654296875,559.7208925734922,-0.8665998514322184,-579.1290210000452,559.7208925734922,579.1290210000452,381.61707155956833,-1.8879920078776569,-589.0227072069875,178.10382101392378,1.0213921564454385,9.893686206942299
8136.0,72.02743530273438,559.7208988997464,-0.866585030319178,-579.1290543291963,559.7208988997464,579.1290543291963,381.6170776186415,-1.8879767283158033,-589.0227405206899,178.10382128110496,1.0213916979966253,9.893686191493643
8144.0,72.09832763671875,559.7209223340102,-0.8665944504413914,-579.129138796723,559.7209223340102,579.129138796723,381.6171005370744,-1.8879860844339666,-589.0228251177034,178.10382179693576,1.0213916339925753,9.893686320980382
8152.0,72.16921997070312,559.720832667801,-0.8665683899795589,-579.1290206351268,559.720832667801,579.1290206351268,381.6170105638911,-1.8879603089560142,-589.0227072183316,178.10382210390992,1.0213919189764553,9.89368658320475
8160.0,72.2401123046875,559.7208316084724,-0.8665491573026345,-579.1290550929133,559.7208316084724,579.1290550929133,381.61700969435276,-1.8879410526316538,-589.0227417258666,178.10382191411964,1.0213918953290193,9.893686632953258
8168.0,72.31100463867188,559.7208603852623,-0.8665485999173077,-579.1291806729239,559.7208603852623,579.1291806729239,381.61703873916105,-1.8879404341672794,-589.0228665240937,178.1038216461012,1.0213918342499717,9.89368585116989
8176.0,72.38189697265625,559.7207717993299,-0.8665157334099831,-579.1290879698386,559.7207717993299,579.1290879698386,381.6169502906987,-1.887907555623249,-589.0227745830242,178.10382150863117,1.0213918222132659,9.893686613185693
8184.0,72.45278930664062,559.7208462314724,-0.8665193628593792,-579.1291017247153,559.7208462314724,579.1291017247153,381.6170240402347,-1.887911725422307,-589.02278825501,178.10382219123764,1.0213923625629278,9.893686530294712
8192.0,72.523681640625,559.7208314317976,-0.8665185727392846,-579.1291190711221,559.7208314317976,579.1291190711221,381.6170096681296,-1.8879103996712683,-589.0228057048661,178.10382176366798,1.0213918269319837,9.893686633743936
8200.0,72.59452819824219,559.7207929325064,-0.866530447247321,-579.1290919000578,559.7207929325064,579.1290919000578,381.6169713341547,-1.8879225044853634,-589.0227782264133,178.10382159835166,1.0213920572380424,9.893686326355432
8208.0,72.66542053222656,559.7207501733122,-0.8665081392492859,-579.1289431674071,559.7207501733122,579.1289431674071,381.6169288511486,-1.8878998715302164,-589.0226299010816,178.10382132216364,1.0213917322809305,9.893686733674535
8216.0,72.73634338378906,559.7206658320064,-0.8665226975486284,-579.1288904789288,559.7206658320064,579.1288904789288,381.6168452244834,-1.8879140286535243,-589.0225771974585,178.10382060752295,1.0213913311048959,9.893686718529656
8224.0,72.8072738647461,559.7206924718075,-0.8664734569719208,-579.1289652602048,559.7206924718075,579.1289652602048,381.61687176969747,-1.8878653603809052,-589.0226522420933,178.1038207021101,1.0213919034089844,9.893686981888415
8232.0,72.87816619873047,559.7207227490557,-0.8665053763827206,-579.1290291365062,559.7207227490557,579.1290291365062,381.61690228536986,-1.8878968158076255,-589.0227157841907,178.1038204636858,1.0213914394249048,9.893686647684488
8240.0,72.94905853271484,559.7207158455009,-0.8664532058802115,-579.1290036035427,559.7207158455009,579.1290036035427,381.61689498579597,-1.8878448669384325,-589.0226902361089,178.1038208597049,1.021391661058221,9.893686632566132
8248.0,73.01995086669922,559.7206490363667,-0.866447671546362,-579.1289374764849,559.7206490363667,579.1289374764849,381.61682893014927,-1.8878391759406088,-589.0226240085324,178.10382010621737,1.0213915043942468,9.89368653204744
8256.0,73.0908432006836,559.7207338194946,-0.8664508468182235,-579.1290690229298,559.7207338194946,579.1290690229298,381.6169131285267,-1.887842530640127,-589.0227555858771,178.10382069096795,1.0213916838219035,9.893686562947307
8264.0,73.16173553466797,559.7206992911974,-0.8664479980663158,-579.1290964748533,559.7206992911974,579.1290964748533,381.61687901554524,-1.887840026062828,-589.0227830524452,178.10382027565225,1.0213920279965123,9.893686577591916
8272.0,73.23262786865234,559.7206562370402,-0.8664451114615055,-579.1290077918482,559.7206562370402,579.1290077918482,381.6168356637297,-1.8878369907393413,-589.0226942890749,178.1038205733105,1.0213918792778358,9.893686497226797
8280.0,73.30352020263672,559.7206253334604,-0.8664613470008087,-579.1288915520686,559.7206253334604,579.1288915520686,381.6168052937224,-1.8878531462564476,-589.0225789095305,178.103820039738,1.021391799255639,9.893687357461914
8288.0,73.3744125366211,559.7205807972789,-0.8664048892408398,-579.1288845057574,559.7205807972789,579.1288845057574,381.61676104583046,-1.8877967667116144,-589.0225717130337,178.10381975144838,1.0213918774707746,9.893687207276388
8296.0,73.44530487060547,559.7206372600604,-0.8664410144337924,-579.1290109870101,559.7206372600604,579.1290109870101,381.6168171857811,-1.8878329705105155,-589.0226974622555,178.10382007427927,1.021391956076723,9.893686475245268
8304.0,73.51619720458984,559.7205848935816,-0.866425874880342,-579.1288605255014,559.7205848935816,579.1288605255014,381.6167647569615,-1.8878176157486184,-589.0225482015775,178.10382013662016,1.0213917408682764,9.893687676076041
8312.0,73.58708953857422,559.7206260632852,-0.8663940369511849,-579.1289388311367,559.7206260632852,579.1289388311367,381.61680593448693,-1.8877859075793388,-589.0226259307904,178.1038201287982,1.021391870628154,9.893687099653626
8320.0,73.6579818725586,559.720557046053,-0.8663854974289569,-579.1288920722175,559.720557046053,579.1288920722175,381.61673716734066,-1.887777471336718,-589.022579446239,178.10381987871244,1.021391973907761,9.893687374021471
8328.0,73.72887420654297,559.7206075409589,-0.8664192724446904,-579.1289683881769,559.7206075409589,579.1289683881769,381.61678728245624,-1.887811230777868,-589.0226553329048,178.10382025850265,1.0213919583331776,9.893686944727982
8336.0,73.79976654052734,559.7205689390585,-0.8664142918932121,-579.1288737425293,559.7205689390585,579.1288737425293,381.6167484717431,-1.8878060207763627,-589.0225614046433,178.10382046731536,1.0213917288831507,9.893687662113962
8344.0,73.87065887451172,559.7205839273425,-0.8663585296988958,-579.1289157419062,559.7205839273425,579.1289157419062,381.6167635567242,-1.8877508307254902,-589.0226029567067,178.10382037061834,1.0213923010265944,9.893687214800527
8352.0,73.9415512084961,559.7205204433601,-0.866388724687372,-579.1288620320723,559.7205204433601,579.1288620320723,381.6167007038746,-1.8877807672860243,-589.0225492450419,178.10381973948546,1.0213920425986522,9.893687212969544
8360.0,74.01244354248047,559.7205190056925,-0.8663718363369712,-579.1288186168047,559.7205190056925,579.1288186168047,381.616699036663,-1.8877634833922068,-589.0225064020344,178.10381996902942,1.0213916470552356,9.893687785229712
8368.0,74.08333587646484,559.7205294701172,-0.8663974713833813,-579.128831969168,559.7205294701172,579.128831969168,381.6167098881878,-1.8877888484033516,-589.0225199366037,178.10381958192937,1.0213913770199703,9.893687967435683
8376.0,74.15422821044922,559.7205626199926,-0.866390986842867,-579.1289211667739,559.7205626199926,579.1289211667739,381.6167426950799,-1.8877826807823999,-589.0226085998664,178.10381992491276,1.0213916939395329,9.893687433092552
8384.0,74.2251205444336,559.7204924639456,-0.8663406207961026,-579.1288132766508,559.7204924639456,579.1288132766508,381.61667267353835,-1.8877326964541021,-589.0225007407671,178.10381979040721,1.0213920756579995,9.893687464116272
8392.0,74.29601287841797,559.7205443783059,-0.8663612051899605,-579.1289633389073,559.7205443783059,579.1289633389073,381.61672422198495,-1.887753121369295,-589.0226508108227,178.10382015632092,1.0213919161793346,9.893687471915399
8400.0,74.36690521240234,559.7205070649403,-0.8663481762397005,-579.1287489231297,559.7205070649403,579.1287489231297,381.61668627384483,-1.887740459854287,-589.0224371400652,178.10382079109547,1.0213922836145866,9.893688216935544
8408.0,74.43779754638672,559.7204699986389,-0.8663312485324584,-579.1287696192619,559.7204699986389,579.1287696192619,381.61664966905533,-1.8877230860917935,-589.0224579234898,178.10382032958364,1.0213918375593352,9.893688304227853
8416.0,74.5086898803711,559.72053249427,-0.8663363319711532,-579.1288694790381,559.72053249427,579.1288694790381,381.61671149010397,-1.8877287296833138,-589.0225577044005,178.10382100416604,1.0213923977121606,9.893688225362322
8424.0,74.57958221435547,559.7204637191517,-0.8663166028033085,-579.1287263502076,559.7204637191517,579.1287263502076,381.61664212345073,-1.8877084534754451,-589.0224146739167,178.103821595701,1.0213918506721367,9.893688323709195
8432.0,74.65047454833984,559.7204758710157,-0.8663522459530588,-579.128875916676,559.7204758710157,579.128875916676,381.61665453717245,-1.8877442718985575,-589.0225642550615,178.10382133384323,1.0213920259454987,9.893688338385552
8440.0,74.72136688232422,559.7205419659573,-0.866305001419831,-579.128916274164,559.7205419659573,579.128916274164,381.61672079637424,-1.8876972605084648,-589.0226042677623,178.10382116958303,1.0213922590886337,9.893687993598292
8448.0,74.7922592163086,559.7204153158573,-0.8663007950527559,-579.1287536534312,559.7204153158573,579.1287536534312,381.6165943910093,-1.8876931928700627,-589.0224419636509,178.103820924848,1.0213923978173067,9.893688310219616
8456.0,74.86315155029297,559.7203967568096,-0.866291309135518,-579.1287434274715,559.7203967568096,579.1287434274715,381.61657571342784,-1.8876834818540904,-589.022432397243,178.1038210433818,1.0213921727185724,9.893688969771539
8464.0,74.93404388427734,559.7204583717667,-0.8663178812083503,-579.1288736431937,559.7204583717667,579.1288736431937,381.61663711386166,-1.8877101932391787,-589.0225618147922,178.10382125790505,1.0213923120308284,9.893688171598454
8472.0,75.00493621826172,559.720371399665,-0.8663072260990425,-579.1287301103707,559.720371399665,579.1287301103707,381.6165506666838,-1.887699238030157,-589.0224188880832,178.1038207329812,1.0213920119311144,9.893688777712399
8480.0,75.0758285522461,559.7204270410055,-0.8663033628834631,-579.1287795939688,559.7204270410055,579.1287795939688,381.6166060848183,-1.8876952720281936,-589.0224683330202,178.10382095618718,1.0213919091447305,9.89368873905147
8488.0,75.14672088623047,559.7204338281339,-0.8662685723729484,-579.1288279608617,559.7204338281339,579.1288279608617,381.616612661752,-1.8876607471253837,-589.0225169673795,178.1038211663819,1.0213921747524353,9.89368900651776
8496.0,75.21761322021484,559.7204273285729,-0.8662601622699162,-579.1288079783407,559.7204273285729,579.1288079783407,381.6166057943035,-1.887652588917466,-589.022496834501,178.10382153426946,1.0213924266475498,9.893688856160367
8504.0,75.28850555419922,559.7203876133299,-0.8662669831073702,-579.1287238756443,559.7203876133299,579.1287238756443,381.61656576372417,-1.887659408814712,-589.0224126954341,178.1038218496057,1.021392425707342,9.893688819789826
8512.0,75.3593978881836,559.720394838085,-0.8662890260934857,-579.128710338629,559.720394838085,579.128710338629,381.61657250285634,-1.8876810377470425,-589.0223994427265,178.10382233522859,1.0213920116535569,9.893689104097426
8520.0,75.43029022216797,559.7203697209768,-0.8662702155501765,-579.1286953390149,559.7203697209768,579.1286953390149,381.61654758833095,-1.8876623353647655,-589.0223846135508,178.10382213264592,1.021392119814589,9.893689274535898
8528.0,75.50118255615234,559.7203847863537,-0.8662725501943491,-579.1287410867209,559.7203847863537,579.1287410867209,381.61656230649953,-1.887664719901002,-589.0224307749457,178.10382247985424,1.0213921697066528,9.893689688224914
8536.0,75.57207489013672,559.7203571962909,-0.8662722773208973,-579.1286236089853,559.7203571962909,579.1286236089853,381.61653424702786,-1.8876647194798526,-589.0223135042597,178.10382294926308,1.0213924421589553,9.893689895274374
8544.0,75.6429672241211,559.7203393512099,-0.8662273287005933,-579.1287295895014,559.7203393512099,579.1287295895014,381.6165172240421,-1.8876200522809556,-589.0224190129072,178.10382212716772,1.0213927235803624,9.893689423405839
8552.0,75.71385955810547,559.7203708299506,-0.8662606059458278,-579.128765609068,559.7203708299506,579.128765609068,381.61654847373495,-1.887652934094906,-589.0224546457337,178.1038223562157,1.0213923281490782,9.89368903666572
8560.0,75.78475189208984,559.720327836141,-0.8662279574294205,-579.1286450556765,559.720327836141,579.1286450556765,381.6165057845797,-1.8876201981068812,-589.0223351839653,178.10382205156122,1.0213922406774607,9.893690128288728
8568.0,75.85564422607422,559.7203195770841,-0.8662563024545982,-579.1286484585253,559.7203195770841,579.1286484585253,381.61649670196846,-1.88764838852647,-589.0223379345723,178.10382287511558,1.021392086071872,9.893689476047012
8576.0,75.9265365600586,559.7202543132331,-0.866221487449879,-579.1285420786216,559.7202543132331,579.1285420786216,381.6164321608589,-1.8876136936231322,-589.0222318128397,178.10382215237425,1.0213922061732532,9.893689734217997
8584.0,75.99742889404297,559.7203377718085,-0.8662315085178287,-579.1287053765568,559.7203377718085,579.1287053765568,381.6165153346154,-1.8876236646780322,-589.0223950123784,178.10382243719317,1.0213921561602035,9.893689635821648
8592.0,76.06832122802734,559.7203109863979,-0.8662185406410359,-579.1287095345098,559.7203109863979,579.1287095345098,381.61648953734397,-1.887610793299535,-589.0223993474361,178.10382144905387,1.021392252658499,9.893689812926414
8600.0,76.13921356201172,559.7203142456988,-0.8662570798988982,-579.1287241062126,559.7203142456988,579.1287241062126,381.6164921288463,-1.8876490041518492,-589.0224137751683,178.10382211685248,1.021391924252951,9.893689668955616
8608.0,76.2101058959961,559.7202153415917,-0.8662284484307374,-579.1285098009721,559.7202153415917,579.1285098009721,381.61639341214146,-1.8876203481914562,-589.0221999387793,178.1038219294503,1.0213918997607188,9.893690137807251
8616.0,76.28099822998047,559.7202811811709,-0.8661914682267899,-579.128672044766,559.7202811811709,579.128672044766,381.6164594863569,-1.8875835385114113,-589.022361922128,178.10382169481397,1.0213920702846213,9.893689877362032
8624.0,76.35189056396484,559.7202743805464,-0.8662028321795443,-579.128644452192,559.7202743805464,579.128644452192,381.61645274886837,-1.8875947867679361,-589.0223342996242,178.10382163167796,1.0213919545883918,9.893689847432158
8632.0,76.42278289794922,559.7202462658847,-0.8662297860032204,-579.1286003334249,559.7202462658847,579.1286003334249,381.61642500564284,-1.8876216266473698,-589.0222901655186,178.1038212602419,1.0213918406441493,9.893689832093695
8640.0,76.4936752319336,559.7203243840211,-0.8662126843514732,-579.1287816635447,559.7203243840211,579.1287816635447,381.6165028872347,-1.8876043765836927,-589.0224708357998,178.10382149678645,1.0213916922322195,9.893689172255073
8648.0,76.56456756591797,559.7202606806001,-0.8662118004571964,-579.1286381864074,559.7202606806001,579.1286381864074,381.6164387669078,-1.8876033815095399,-589.0223278889919,178.1038219136923,1.0213915810523435,9.89368970258446
8656.0,76.63545989990234,559.7202958728541,-0.8662144875995161,-579.1286846320573,559.7202958728541,579.1286846320573,381.61647408959425,-1.88760619065201,-589.0223743897645,178.10382178325983,1.021391703052494,9.893689757707186
8664.0,76.70635223388672,559.7202625564511,-0.8661871030415957,-579.1286608154397,559.7202625564511,579.1286608154397,381.61644013179176,-1.8875792726594947,-589.0223510510128,178.1038224246593,1.021392169617899,9.893690235573143
8672.0,76.7772445678711,559.7202571487414,-0.866188650904796,-579.1286834438476,559.7202571487414,579.1286834438476,381.61643483644434,-1.8875808151982216,-589.0223736105172,178.10382231229704,1.0213921642934256,9.89369016666955
8680.0,76.84813690185547,559.7203108184607,-0.8661995052867391,-579.1287388605747,559.7203108184607,579.1287388605747,381.61648806912245,-1.8875912354830136,-589.0224288285201,178.10382274933826,1.0213917301962745,9.893689967945475
8688.0,76.91902923583984,559.7202368583648,-0.8661750245532902,-579.1286681041894,559.7202368583648,579.1286681041894,381.61641439497726,-1.8875669094483944,-589.0223582787702,178.10382246338764,1.0213918848951042,9.893690174580748
8696.0,76.98992156982422,559.7202397945696,-0.8661918684624399,-579.1286439775045,559.7202397945696,579.1286439775045,381.61641669429434,-1.8875836320131962,-589.0223347908313,178.10382310027524,1.0213917635507563,9.893690813326879
8704.0,77.0608139038086,559.7203281962454,-0.8661989715656699,-579.128697827821,559.7203281962454,579.128697827821,381.6165042607221,-1.8875905722849855,-589.0223882359164,178.1038239355234,1.0213916007193156,9.893690408095392
8712.0,77.13170623779297,559.7202389834492,-0.866159150655049,-579.1286274962814,559.7202389834492,579.1286274962814,381.61641535004605,-1.8875510164253875,-589.0223185570181,178.10382363340315,1.0213918657703385,9.893691060736693
8720.0,77.20259857177734,559.7202473978327,-0.8661370520954721,-579.1285893630242,559.7202473978327,579.1285893630242,381.61642318646943,-1.88752924266785,-589.0222803592478,178.10382421136333,1.021392190572378,9.893690996223707
8728.0,77.27352905273438,559.7202596457959,-0.8661833989650081,-579.1286943268727,559.7202596457959,579.1286943268727,381.61643569892976,-1.887575290527506,-589.0223851540799,178.1038239468661,1.021391891562498,9.893690827207156
8736.0,77.34445190429688,559.7201996674435,-0.8661815591721518,-579.1285908498822,559.7201996674435,579.1285908498822,381.616376394894,-1.8875732555863576,-589.0222814934573,178.10382327254948,1.0213916964142058,9.893690643575024
8744.0,77.41534423828125,559.7202156380646,-0.8661754925015037,-579.1285684779858,559.7202156380646,579.1285684779858,381.6163921686642,-1.8875672876776113,-589.022259230609,178.10382346940037,1.0213917951761076,9.893690752623211
8752.0,77.48623657226562,559.7202072355892,-0.8661846145431138,-579.1286041125899,559.7202072355892,579.1286041125899,381.6163838916077,-1.8875765000788132,-589.0222948532273,178.10382334398145,1.0213918855356994,9.893690740637432
8760.0,77.55712890625,559.7202345302105,-0.8661865128795521,-579.1286174516711,559.7202345302105,579.1286174516711,381.61641105412514,-1.8875782645699788,-589.022308532387,178.10382347608538,1.0213917516904267,9.89369108071589
8768.0,77.62802124023438,559.7201445657663,-0.8661717434538971,-579.1285091649271,559.7201445657663,579.1285091649271,381.6163210647947,-1.8875635059123788,-589.0222001509607,178.10382350097154,1.0213917624584816,9.893690986033562
8776.0,77.69891357421875,559.7201685191679,-0.8661359897760956,-579.1285479903945,559.7201685191679,579.1285479903945,381.6163450339445,-1.8875278534480735,-589.022239060008,178.10382348522344,1.0213918636719779,9.893691069613537
8784.0,77.76980590820312,559.7201838507307,-0.8661934227106438,-579.1285660848383,559.7201838507307,579.1285660848383,381.6163599595653,-1.8875854515959012,-589.0222574706524,178.1038238911654,1.0213920288852574,9.893691385814083
8792.0,77.84070587158203,559.7201757618775,-0.8661147557809032,-579.1285137108847,559.7201757618775,579.1285137108847,381.61635110748585,-1.8875067147943367,-589.0222053749709,178.1038246543916,1.0213919590134335,9.893691664086244
8800.0,77.9115982055664,559.720187561831,-0.8661449067205829,-579.1284742296274,559.720187561831,579.1284742296274,381.6163627856403,-1.8875370721121967,-589.0221658698746,178.10382477619072,1.0213921653916138,9.893691640247186
8808.0,77.98249053955078,559.7201625107659,-0.8661349660565927,-579.1284723155404,559.7201625107659,579.1284723155404,381.61633809033026,-1.8875271496067834,-589.0221642743953,178.10382442043567,1.0213921835501907,9.89369195885492
8816.0,78.05338287353516,559.7202056077639,-0.8661978532156893,-579.1285836234752,559.7202056077639,579.1285836234752,381.6163811679886,-1.8875894849858397,-589.0222746833383,178.10382443977528,1.0213916317701504,9.893691059863155
8824.0,78.12427520751953,559.7202742761858,-0.8661309803524224,-579.1287417297074,559.7202742761858,579.1287417297074,381.61644975149613,-1.8875233091027548,-589.0224331294812,178.10382452468963,1.0213923287503324,9.893691399773873
8832.0,78.1951675415039,559.7202221240444,-0.8661184591003996,-579.1286820180737,559.7202221240444,579.1286820180737,381.61639806626465,-1.8875104214429408,-589.0223733271428,178.10382405777978,1.0213919623425411,9.893691309069062
8840.0,78.26605987548828,559.7201781005597,-0.8661509804550613,-579.1285842424425,559.7201781005597,579.1285842424425,381.6163541174618,-1.8875427363944786,-589.0222754206252,178.1038239830979,1.0213917559394172,9.893691178182724
8848.0,78.33695220947266,559.7201661099737,-0.8661288773748939,-579.1285124194674,559.7201661099737,579.1285124194674,381.61634212649136,-1.8875208061604467,-589.0222039036232,178.10382398348227,1.0213919287855528,9.893691484155884
8856.0,78.40784454345703,559.7201484035029,-0.8661404851662882,-579.1286084151527,559.7201484035029,579.1286084151527,381.6163249630159,-1.8875325273391477,-589.022299780435,178.1038234404869,1.0213920421728595,9.893691365282308
8864.0,78.4787368774414,559.7201482121916,-0.8661527804238953,-579.1285855147477,559.7201482121916,579.1285855147477,381.61632535697834,-1.8875449585628252,-589.0222771592663,178.10382285521325,1.02139217813893,9.893691644518661
8872.0,78.54962921142578,559.7201867468046,-0.8661380635523925,-579.128628224637,559.7201867468046,579.128628224637,381.6163637410714,-1.8875298253915278,-589.0223195489522,178.10382300573326,1.0213917618391353,9.893691324315082
8880.0,78.62052154541016,559.7201146400762,-0.86609886538682,-579.1285087499425,559.7201146400762,579.1285087499425,381.6162917566271,-1.887491029119663,-589.0222003422415,178.10382288344908,1.021392163732843,9.893691592298994
8888.0,78.69141387939453,559.7201302357196,-0.8661138125682109,-579.1285820068364,559.7201302357196,579.1285820068364,381.616306893744,-1.887505782837707,-589.0222735209079,178.10382334197558,1.0213919702694962,9.893691514071541
8896.0,78.7623062133789,559.7202175264688,-0.8661426548112345,-579.1286376865878,559.7202175264688,579.1286376865878,381.61639432973857,-1.8875344908061713,-589.0223293839008,178.10382319673016,1.0213918359949368,9.893691697312969
8904.0,78.83319854736328,559.7201710183334,-0.8661198752556682,-579.1285380311464,559.7201710183334,579.1285380311464,381.61634754384255,-1.887511900504796,-589.0222300300381,178.10382347449087,1.0213920252491278,9.893691998891782
8912.0,78.90409088134766,559.7202049324478,-0.8661436465423487,-579.1285824344504,559.7202049324478,579.1285824344504,381.61638114927393,-1.887535642009122,-589.0222739762796,178.10382378317388,1.0213919954667734,9.893691541829192
8920.0,78.97498321533203,559.7201920809531,-0.8661292018596529,-579.1285942894419,559.7201920809531,579.1285942894419,381.61636848232087,-1.8875211820287574,-589.0222862789349,178.10382359863226,1.0213919801691045,9.893691989492975
8928.0,79.0458755493164,559.720165186649,-0.8661212041140507,-579.1285520165775,559.720165186649,579.1285520165775,381.6163416528967,-1.887513487311101,-589.022244063053,178.10382353375218,1.0213922831970503,9.893692046475465
8936.0,79.11676788330078,559.720169296262,-0.8661371181181456,-579.1285387302194,559.720169296262,579.1285387302194,381.6163451044994,-1.8875290065722181,-589.0222305128498,178.10382419176267,1.0213918884540725,9.89369178263043
8944.0,79.18766021728516,559.7201745871654,-0.8661141221119495,-579.1285854841266,559.7201745871654,579.1285854841266,381.61635026906526,-1.8875060468471068,-589.0222776476307,178.1038243181001,1.0213919247351573,9.89369216350412
8952.0,79.25856018066406,559.7201806803154,-0.8661387759274417,-579.1286019809644,559.7201806803154,579.1286019809644,381.61635622984863,-1.88753073244236,-589.0222948010887,178.10382445046676,1.0213919565149183,9.893692820124276
8960.0,79.32945251464844,559.7202182622523,-0.8661538760103662,-579.1285946850426,559.7202182622523,579.1285946850426,381.61639342350134,-1.8875452795637733,-589.0222867536316,178.103824838751,1.021391403553407,9.893692068589083
8968.0,79.40034484863281,559.7201986573776,-0.8661540750473966,-579.1286309691511,559.7201986573776,579.1286309691511,381.616374509888,-1.8875460033104767,-589.0223231742289,178.10382414748963,1.0213919282630801,9.893692205077699
8976.0,79.47123718261719,559.7201424437676,-0.8661263907482493,-579.1284850388054,559.7201424437676,579.1284850388054,381.6163181037425,-1.8875183203352233,-589.0221774013055,178.10382434002514,1.021391929586974,9.89369236250009
8984.0,79.54212951660156,559.7201987657412,-0.8661203998132994,-579.1286060640203,559.7201987657412,579.1286060640203,381.61637454846107,-1.887512409198587,-589.0222982842879,178.1038242172801,1.0213920093852877,9.893692220267583
8992.0,79.61302185058594,559.7201648597911,-0.8661586667826051,-579.1285353479079,559.7201648597911,579.1285353479079,381.61634071825006,-1.8875511591750915,-589.0222276025174,178.10382414154108,1.0213924923924864,9.893692254609476
9000.0,79.68391418457031,559.7201286933225,-0.8661655478104433,-579.1284923002179,559.7201286933225,579.1284923002179,381.61630437460997,-1.8875577490005502,-589.0221846834805,178.1038243187126,1.0213922011901069,9.893692383262618
9008.0,79.75480651855469,559.7201609024892,-0.8661301243198634,-579.1285188934579,559.7201609024892,579.1285188934579,381.61633639449053,-1.887522487122498,-589.0222114373968,178.10382450799864,1.0213923628026347,9.893692543938863
9016.0,79.82569885253906,559.7201830454582,-0.8661499578765692,-579.1285562465358,559.7201830454582,579.1285562465358,381.6163585988759,-1.8875419551110202,-589.0222487314455,178.1038244465823,1.021391997234451,9.89369248490966
9024.0,79.89659118652344,559.7202039901649,-0.8661595961821491,-579.1286491887884,559.7202039901649,579.1286491887884,381.6163799577623,-1.8875520263935095,-589.0223410725523,178.1038240324026,1.0213924302113604,9.89369188376395
9032.0,79.96748352050781,559.7201461528668,-0.8661630907901068,-579.1284942079088,559.7201461528668,579.1284942079088,381.61632148221315,-1.8875547698615045,-589.0221865283963,178.10382467065364,1.0213916790713977,9.893692320487467
9040.0,80.03837585449219,559.7201972492925,-0.8661245511466964,-579.1285366838389,559.7201972492925,579.1285366838389,381.61637257507084,-1.8875162743262353,-589.0222293952186,178.1038246742216,1.0213917231795389,9.893692711379693
9048.0,80.10926818847656,559.7201937138677,-0.8661697700525117,-579.1285919975747,559.7201937138677,579.1285919975747,381.6163691359161,-1.8875609600714078,-589.0222846230414,178.10382457795168,1.0213911900188961,9.89369262546661
9056.0,80.18016052246094,559.7201535056254,-0.8661695367185476,-579.1286339289953,559.7201535056254,579.1286339289953,381.6163286683982,-1.8875612363858827,-589.0223263156647,178.1038248372272,1.0213916996673351,9.893692386669336
9064.0,80.25105285644531,559.720167824271,-0.8661572718786879,-579.1285394730227,559.720167824271,579.1285394730227,381.6163422970882,-1.8875493048435086,-589.0222320362157,178.10382552718283,1.0213920329648207,9.893692563193017
9072.0,80.32194519042969,559.7201370779749,-0.8661467601209827,-579.1285328931859,559.7201370779749,579.1285328931859,381.61631199936494,-1.887538675775418,-589.0222256559325,178.10382507860993,1.0213919156544353,9.89369276274656
9080.0,80.39283752441406,559.7201846072927,-0.8661362892275939,-579.1285197393361,559.7201846072927,579.1285197393361,381.6163594668763,-1.8875283450025258,-589.0222124270574,178.1038251404164,1.0213920557749319,9.893692687721295
9088.0,80.46372985839844,559.7202263456348,-0.8661239711927404,-579.1285693766317,559.7202263456348,579.1285693766317,381.61640050715346,-1.8875160286546535,-589.0222620506796,178.10382583848138,1.021392057461913,9.893692674047891
9096.0,80.53462219238281,559.7202438212425,-0.8661551891389019,-579.1286765833507,559.7202438212425,579.1286765833507,381.6164181835602,-1.8875473364090345,-589.0223691854776,178.1038256376823,1.0213921472701326,9.893692602126885
9104.0,80.60551452636719,559.72024373494,-0.8661443027007567,-579.1286469143179,559.72024373494,579.1286469143179,381.61641822715865,-1.8875362718838882,-589.0223395152316,178.10382550778135,1.0213919691831315,9.893692600913688
9112.0,80.67640686035156,559.7201792508326,-0.8661501995210021,-579.1285525815451,559.7201792508326,579.1285525815451,381.61635407024244,-1.887542107221441,-589.0222454777308,178.10382518059015,1.0213919077004388,9.893692896185746
9120.0,80.74729919433594,559.7201528120976,-0.8661600975722026,-579.1284172097336,559.7201528120976,579.1284172097336,381.61632797147035,-1.8875519745355058,-589.0221103869709,178.1038248406272,1.0213918769633032,9.893693177237264
9128.0,80.81819152832031,559.7201927752693,-0.8661340059200944,-579.128570587591,559.7201927752693,579.128570587591,381.6163678573033,-1.887526151333149,-589.0222633742843,178.10382491796602,1.0213921454130546,9.893692786693304
9136.0,80.88908386230469,559.7201861690298,-0.8661607872014043,-579.1285596600445,559.7201861690298,579.1285596600445,381.6163616483014,-1.8875528609750303,-589.0222522655447,178.10382452072844,1.021392073773626,9.893692605500146
9144.0,80.95997619628906,559.7201878081602,-0.8661769441167886,-579.1286439099731,559.7201878081602,579.1286439099731,381.61636375192734,-1.8875688473592716,-589.0223367292466,178.10382405623287,1.021391903242483,9.893692819273468
9152.0,81.03086853027344,559.7202714940638,-0.8661608722906644,-579.1287238143859,559.7202714940638,579.1287238143859,381.61644687339924,-1.8875532256293903,-589.0224158948618,178.1038246206645,1.021392353338726,9.893692080475795
9160.0,81.10176086425781,559.7202264110558,-0.8661631692691598,-579.1285644741378,559.7202264110558,579.1285644741378,381.6164016730897,-1.8875551999569895,-589.0222577286013,178.10382473796614,1.0213920306878297,9.893693254463567
9168.0,81.17265319824219,559.7201991163341,-0.8661667461034375,-579.128499944796,559.7201991163341,579.128499944796,381.61637434505855,-1.8875593064288578,-589.022193123126,178.1038247712756,1.0213925603254204,9.893693178330025
9176.0,81.24354553222656,559.7202253670217,-0.8661940881570143,-579.1285559691041,559.7202253670217,579.1285559691041,381.6164006342003,-1.8875861395745837,-589.0222492281944,178.10382473282144,1.0213920514175694,9.893693259090243
9184.0,81.31443786621094,559.7202267815692,-0.8662030732810826,-579.1285902827173,559.7202267815692,579.1285902827173,381.61640194540064,-1.8875949169628288,-589.0222832514983,178.10382483616857,1.0213918436817462,9.893692968781025
9192.0,81.38533020019531,559.720313394422,-0.8661910616720205,-579.1287782416156,559.720313394422,579.1287782416156,381.61648834761775,-1.8875829669479685,-589.0224710660813,178.10382504680425,1.021391905275948,9.893692824465738
9200.0,81.45622253417969,559.7202389271546,-0.8661826093286407,-579.1286012085338,559.7202389271546,579.1286012085338,381.61641430441273,-1.8875750392770416,-589.0222944634704,178.10382462274185,1.021392429948401,9.893693254936572
9208.0,81.52711486816406,559.7202592897502,-0.8662009808323878,-579.1286374920523,559.7202592897502,579.1286374920523,381.61643466277326,-1.8875930553617772,-589.0223303649515,178.10382462697697,1.0213920745293894,9.893692872899132
9216.0,81.59800720214844,559.7202358680184,-0.8662309638035195,-579.1286268408766,559.7202358680184,579.1286268408766,381.616411851482,-1.8876224566175503,-589.0223197778218,178.10382401653646,1.0213914928140309,9.893692936945248
9224.0,81.66889953613281,559.7202776500565,-0.8662182003839813,-579.1286299145511,559.7202776500565,579.1286299145511,381.61645303969635,-1.887610212866388,-589.0223230642276,178.10382461036005,1.0213920124824067,9.893693149676542
9232.0,81.73979187011719,559.7203118153166,-0.8662314982049173,-579.1287198607977,559.7203118153166,579.1287198607977,381.61648649866197,-1.8876237588366935,-589.022413065791,178.10382531665454,1.0213922606317762,9.893693204993392
9240.0,81.81071472167969,559.7202509196704,-0.8662316007851336,-579.1285421202516,559.7202509196704,579.1285421202516,381.616425909358,-1.8876239338799001,-589.0222354173613,178.1038250103125,1.0213923330947665,9.893693297109714
9248.0,81.88163757324219,559.7203343146327,-0.866229914416178,-579.1287654383552,559.7203343146327,579.1287654383552,381.61650883897505,-1.8876219248377994,-589.0224580021262,178.10382547565763,1.0213920104216214,9.893692563771015
9256.0,81.95252990722656,559.7202849135615,-0.8662110145503426,-579.1285965874225,559.7202849135615,579.1285965874225,381.6164592870977,-1.8876032138049417,-589.0222901518983,178.10382562646384,1.0213921992545991,9.89369356447579
9264.0,82.02342224121094,559.7202718475244,-0.866240093706359,-579.1285719744243,559.7202718475244,579.1285719744243,381.6164456445669,-1.887632181142338,-589.0222655617399,178.10382620295752,1.021392087435979,9.893693587315655
9272.0,82.09431457519531,559.7203412564967,-0.866201282789504,-579.1287256861958,559.7203412564967,579.1287256861958,381.6165152911085,-1.8875934035990714,-589.0224188915612,178.10382596538818,1.0213921208095673,9.893693205365413
9280.0,82.16520690917969,559.7202915446359,-0.8662078019695931,-579.1286203049326,559.7202915446359,579.1286203049326,381.61646573090843,-1.8875996450352899,-589.0223136162631,178.10382581372744,1.0213918430656967,9.893693311330477
9288.0,82.23609924316406,559.720317676513,-0.8662532632610778,-579.1286245420251,559.720317676513,579.1286245420251,381.61649177487845,-1.8876457316396356,-589.02231826877,178.10382590163454,1.0213924683785578,9.893693726744964
9296.0,82.30699157714844,559.7203223547918,-0.8662130637772307,-579.1286657648686,559.7203223547918,579.1286657648686,381.61649595189635,-1.8876054555866535,-589.0223595412159,178.10382640289552,1.0213923918094228,9.893693776347316
9304.0,82.37788391113281,559.720343194248,-0.8662401536401907,-579.1286845205952,559.720343194248,579.1286845205952,381.616516991126,-1.8876328654082046,-589.0223779720136,178.10382620312197,1.021392711768014,9.893693451418391
9312.0,82.44877624511719,559.7202891247439,-0.8662707704147472,-579.1285786769591,559.7202891247439,579.1285786769591,381.61646309020875,-1.8876630438714557,-589.02227243603,178.1038260345352,1.0213922734567085,9.89369375907091
9320.0,82.51966857910156,559.7203730227243,-0.8662612589821128,-579.1287297795238,559.7203730227243,579.1287297795238,381.6165466967907,-1.8876536190883817,-589.0224232527319,178.10382632593365,1.0213923601062689,9.893693473208089
9328.0,82.59056091308594,559.72033934648,-0.8662522316556709,-579.1287042204575,559.72033934648,579.1287042204575,381.6165130939112,-1.8876445166003615,-589.0223974135665,178.10382625256887,1.0213922849446906,9.893693193109012
9336.0,82.66145324707031,559.7203064082961,-0.8662620591759698,-579.1285751145901,559.7203064082961,579.1285751145901,381.61648065625815,-1.8876541794194708,-589.022268606946,178.10382575203795,1.021392120243501,9.893693492355819
9344.0,82.73234558105469,559.7203755321297,-0.8662266017708662,-579.128708194649,559.7203755321297,579.128708194649,381.6165492439944,-1.8876193730083584,-589.0224019185395,178.1038262881352,1.0213927712374922,9.893693723890468
9352.0,82.80323791503906,559.720413106292,-0.8662629220141831,-579.1287468052554,559.720413106292,579.1287468052554,381.6165866145922,-1.8876552074339141,-589.0224401190285,178.10382649169978,1.021392285419731,9.893693313773078
9360.0,82.87413024902344,559.7203426512672,-0.8662577308780035,-579.1286435133029,559.7203426512672,579.1286435133029,381.61651709827896,-1.8876506307915148,-589.0223376555089,178.10382555298824,1.0213928999135113,9.893694142205966
9368.0,82.94502258300781,559.7203661678611,-0.866289404614867,-579.1286477685383,559.7203661678611,579.1286477685383,381.6165401549231,-1.8876821819026128,-589.0223418225225,178.10382601293801,1.0213927772877458,9.893694053984282
9376.0,83.01591491699219,559.7203703255495,-0.8662352535453266,-579.128682605397,559.7203703255495,579.128682605397,381.6165441309622,-1.8876276826699883,-589.0223767370269,178.10382619458727,1.0213924291246617,9.893694131629843
9384.0,83.08680725097656,559.7204817368172,-0.866299032055835,-579.128780722368,559.7204817368172,579.128780722368,381.61665475525854,-1.8876916574339422,-589.0224743469478,178.10382698155863,1.0213926253781072,9.893693624579813
9392.0,83.15769958496094,559.7204216869869,-0.8662650035704411,-579.1286587462463,559.7204216869869,579.1286587462463,381.61659507137267,-1.8876571686607049,-589.0223528589902,178.10382661561425,1.0213921650902638,9.893694112743878
9400.0,83.22859191894531,559.7204191948082,-0.8663212619671645,-579.1286824100121,559.7204191948082,579.1286824100121,381.6165924600649,-1.8877133860502502,-589.0223767252028,178.10382673474325,1.0213921240830857,9.893694315190753
9408.0,83.29948425292969,559.7204596084534,-0.8663110344797973,-579.1288054835985,559.7204596084534,579.1288054835985,381.616632487047,-1.8877032348957536,-589.0224991498743,178.10382712140637,1.0213922004159564,9.893693666275801
9416.0,83.37037658691406,559.7204229251327,-0.8663337416987233,-579.1286870152557,559.7204229251327,579.1286870152557,381.61659628671794,-1.887726064857692,-589.0223815354669,178.10382663841466,1.0213923231589686,9.893694520211316
9424.0,83.44126892089844,559.72044023697,-0.86632562150985,-579.1286965362476,559.72044023697,579.1286965362476,381.6166130623229,-1.8877177136522119,-589.0223905342234,178.10382717464717,1.0213920921423618,9.893693997975838
9432.0,83.51216125488281,559.7203803231598,-0.866329723304077,-579.1286310917318,559.7203803231598,579.1286310917318,381.6165532272466,-1.8877218669991902,-589.0223260905423,178.10382709591323,1.0213921436951132,9.89369499881052
9440.0,83.58305358886719,559.7204856319745,-0.8663507902388741,-579.1287708640227,559.7204856319745,579.1287708640227,381.61665889323103,-1.8877431902746942,-589.0224650036885,178.10382673874352,1.02139240003582,9.893694139665751
9448.0,83.65394592285156,559.720495362554,-0.8663316011254594,-579.1287501202333,559.720495362554,579.1287501202333,381.61666778493776,-1.8877236921480325,-589.022444599327,178.1038275776162,1.0213920910225731,9.893694479093572
9456.0,83.72483825683594,559.7205166456232,-0.8663333529138946,-579.12887913077,559.7205166456232,579.12887913077,381.6166897460139,-1.8877261370725353,-589.0225732307883,178.10382689960932,1.0213927841586408,9.893694100018408
9464.0,83.79573059082031,559.7204879797871,-0.8663294767879917,-579.1287360562351,559.7204879797871,579.1287360562351,381.6166611453518,-1.8877225520077614,-589.0224305651636,178.10382683443524,1.0213930752197697,9.893694508928586
9472.0,83.86662292480469,559.7204637824907,-0.8663187690556491,-579.1287789003148,559.7204637824907,579.1287789003148,381.6166373753932,-1.8877115761902807,-589.0224732380043,178.10382640709747,1.0213928071346317,9.893694337689407
9480.0,83.93751525878906,559.7204480338974,-0.8663350721464775,-579.1287256453173,559.7204480338974,579.1287256453173,381.6166213106675,-1.8877278433435452,-589.0224202319724,178.10382672322987,1.0213927711970676,9.893694586655137
9488.0,84.00840759277344,559.7204836883022,-0.8663603761902667,-579.1287294357091,559.7204836883022,579.1287294357091,381.61665714623234,-1.8877528332777658,-589.0224237229982,178.10382654206987,1.021392457087499,9.89369428728906
9496.0,84.07929992675781,559.7204911414001,-0.8663501358656962,-579.1286859130757,559.7204911414001,579.1286859130757,381.6166644037833,-1.887742877343248,-589.0223809297479,178.10382673761683,1.0213927414775519,9.893695016672122
9504.0,84.15019989013672,559.7205068005073,-0.8663793838029514,-579.1286949263364,559.7205068005073,579.1286949263364,381.6166801268363,-1.8877721785489738,-589.0223900437445,178.103826673671,1.0213927947460224,9.893695117408097
9512.0,84.2210922241211,559.7205563587306,-0.8663570337873523,-579.1287907156009,559.7205563587306,579.1287907156009,381.61672922236494,-1.8877500619831462,-589.022485548254,178.10382713636568,1.021393028195794,9.893694832653228
9520.0,84.29198455810547,559.7205591568274,-0.8663579331502826,-579.1287564661827,559.7205591568274,579.1287564661827,381.6167319457606,-1.8877508802879244,-589.0224514623881,178.10382721106686,1.0213929471376417,9.893694996205346
9528.0,84.36287689208984,559.7205444198986,-0.8663718558360864,-579.1287775367978,559.7205444198986,579.1287775367978,381.6167173375578,-1.8877645273201997,-589.0224721615549,178.10382708234079,1.0213926714841133,9.893694624757183
9536.0,84.43376922607422,559.7206136057837,-0.8664011462823451,-579.1288960272058,559.7206136057837,579.1288960272058,381.61678588322854,-1.8877942527811404,-589.0225908083582,178.10382772255517,1.0213931064987953,9.893694781152494
9544.0,84.5046615600586,559.7205381039169,-0.8664076909020388,-579.1287402260498,559.7205381039169,579.1287402260498,381.6167110407646,-1.8878002368455662,-589.0224355899027,178.10382706315227,1.0213925459435274,9.893695363852865
9552.0,84.57555389404297,559.7206002603023,-0.866414016220717,-579.1289589448176,559.7206002603023,579.1289589448176,381.6167726411905,-1.887807008669717,-589.0226537959934,178.10382761911177,1.021392992449,9.893694851175841
9560.0,84.64644622802734,559.7205111245453,-0.8663824914431282,-579.1287436948114,559.7205111245453,579.1287436948114,381.6166841882346,-1.8877758615106672,-589.0224386509532,178.10382693631072,1.021393370067539,9.89369495614175
9568.0,84.71733856201172,559.7205898672958,-0.8664245225374718,-579.1288057904271,559.7205898672958,579.1288057904271,381.6167630006869,-1.88781723449419,-589.022500758487,178.1038268666088,1.021392711956718,9.893694968059858
9576.0,84.7882308959961,559.7206259585429,-0.8664413122897274,-579.1288960806969,559.7206259585429,579.1288960806969,381.61679821174937,-1.8878339692507984,-589.0225906634985,178.10382774679354,1.021392656961071,9.89369458280159
9584.0,84.85912322998047,559.7206763880562,-0.8664211028213478,-579.1289509363727,559.7206763880562,579.1289509363727,381.6168487307524,-1.887814243950939,-589.0226455079587,178.10382765730375,1.0213931411295913,9.893694571586003
9592.0,84.93001556396484,559.7206058256813,-0.8664429529877031,-579.1287959374297,559.7206058256813,579.1287959374297,381.6167786591209,-1.8878356041281323,-589.0224909881932,178.1038271665605,1.0213926511404292,9.893695050763515
9600.0,85.00090789794922,559.7206190257848,-0.8664587355795104,-579.1288604196787,559.7206190257848,579.1288604196787,381.6167918789141,-1.887851565765946,-589.0225547470469,178.10382714687066,1.0213928301864357,9.893694327368168
9608.0,85.0718002319336,559.7206120834825,-0.8664549019560233,-579.1288143535261,559.7206120834825,579.1288143535261,381.6167852053483,-1.8878481996993268,-589.0225095674616,178.10382687813419,1.0213932977433036,9.893695213935555
9616.0,85.14269256591797,559.7206361988474,-0.8664358519641624,-579.1288300776388,559.7206361988474,579.1288300776388,381.61680912380166,-1.8878289191958189,-589.0225250792337,178.10382707504573,1.0213930672316565,9.893695001594875
9624.0,85.21358489990234,559.7206848800449,-0.8664622024144215,-579.1289397749945,559.7206848800449,579.1289397749945,381.61685783418056,-1.887855040605487,-589.0226341035909,178.10382704586434,1.0213928381910655,9.893694328596396
9632.0,85.28447723388672,559.7206935315733,-0.8664733730929814,-579.1289125168804,559.7206935315733,579.1289125168804,381.61686650288107,-1.8878663844704633,-589.0226071631439,178.1038270286922,1.0213930113774818,9.89369464626352
9640.0,85.3553695678711,559.7207610941457,-0.8664883607377596,-579.1289589810125,559.7207610941457,579.1289589810125,381.61693359942853,-1.8878816826176528,-589.0226535885381,178.1038274947171,1.0213933218798932,9.893694607525637
9648.0,85.42626190185547,559.7207172969004,-0.8664860127358258,-579.1289461619311,559.7207172969004,579.1289461619311,381.61688999126306,-1.8878790384340478,-589.0226409716513,178.10382730563725,1.021393025698222,9.893694809720149
9656.0,85.49715423583984,559.720711686829,-0.866488598090521,-579.128881590918,559.720711686829,579.128881590918,381.6168848801205,-1.8878817303873592,-589.0225764856182,178.10382680670853,1.0213931322968381,9.893694894700149
9664.0,85.56804656982422,559.7206885892219,-0.8664963001189072,-579.1288285120066,559.7206885892219,579.1288285120066,381.6168615358911,-1.8878895232709034,-589.022523462112,178.1038270533308,1.0213932231519962,9.893694950105353
9672.0,85.6389389038086,559.72072035437,-0.8665055642401169,-579.128881723607,559.72072035437,579.128881723607,381.61689315280165,-1.887899152269477,-589.0225767336283,178.10382720156832,1.02139358802936,9.89369501002123
9680.0,85.70983123779297,559.7207661725193,-0.8665169895959273,-579.1289683320738,559.7207661725193,579.1289683320738,381.61693921577864,-1.8879103094119212,-589.0226633065412,178.10382695674068,1.021393319815994,9.89369497446744
9688.0,85.78072357177734,559.7207450159138,-0.8665331049294789,-579.1288074364586,559.7207450159138,579.1288074364586,381.6169175973731,-1.8879258385415252,-589.0225026009364,178.10382741854073,1.0213927336120463,9.89369516447776
9696.0,85.85161590576172,559.7208218979849,-0.8665465438337852,-579.1289935533762,559.7208218979849,579.1289935533762,381.616994802446,-1.8879399037417959,-589.0226887154844,178.1038270955389,1.0213933599080107,9.893695162108202
9704.0,85.9225082397461,559.7207391828038,-0.866551745186734,-579.1288276249855,559.7207391828038,579.1288276249855,381.61691171138716,-1.8879449484618265,-589.0225233316671,178.10382747141657,1.0213932032750925,9.893695706681605
9712.0,85.99340057373047,559.7208421773842,-0.8665560641252616,-579.129040566062,559.7208421773842,579.129040566062,381.6170143485921,-1.8879491564722644,-589.0227358589493,178.1038278287921,1.0213930923470027,9.89369529288733
9720.0,86.06429290771484,559.7207661808204,-0.8665575916928381,-579.1288248515598,559.7207661808204,579.1288248515598,381.6169384113284,-1.8879505212320327,-589.0225201844429,178.103827769492,1.0213929295391946,9.893695332883066
9728.0,86.13518524169922,559.7208356003765,-0.8665657905977455,-579.1289610687417,559.7208356003765,579.1289610687417,381.6170078190348,-1.8879593091235507,-589.0226569398507,178.1038277813417,1.0213935185258052,9.893695871109024
9736.0,86.2060775756836,559.720807738913,-0.8665534601370712,-579.1289270569482,559.720807738913,579.1289270569482,381.6169802399416,-1.8879467310939653,-589.022622706004,178.1038274989714,1.021393270956894,9.893695649055726
9744.0,86.27696990966797,559.720824463039,-0.8665652679519802,-579.1289782967275,559.720824463039,579.1289782967275,381.61699660273314,-1.8879587802229771,-589.0226737021128,178.1038278603059,1.021393512270997,9.893695405385271
9752.0,86.347900390625,559.7208902781379,-0.8665752707385446,-579.1290808013914,559.7208902781379,579.1290808013914,381.61706166056797,-1.8879683742804856,-589.0227763478954,178.10382861756992,1.021393103541941,9.893695546504013
9760.0,86.4188232421875,559.7209179882478,-0.8666337483613757,-579.1291689148551,559.7209179882478,579.1291689148551,381.6170895453139,-1.8880267490584677,-589.0228641080643,178.10382844293392,1.021393000697092,9.893695193209119
9768.0,86.48971557617188,559.7209489910813,-0.8666049225487438,-579.129141463765,559.7209489910813,579.129141463765,381.6171196557122,-1.8879984683580595,-589.0228369549982,178.10382933536908,1.0213935458093157,9.893695491233164
9776.0,86.56060791015625,559.7209670410651,-0.8666004575274213,-579.1291040014231,559.7209670410651,579.1291040014231,381.6171378119639,-1.8879935959878908,-589.02279941342,178.10382922910122,1.0213931384604695,9.893695411996855
9784.0,86.63150024414062,559.7209486458842,-0.8666326849251904,-579.1290583218953,559.7209486458842,579.1290583218953,381.6171199022597,-1.888025915778468,-589.0227546643164,178.10382874362446,1.0213932308532776,9.893696342421041
9792.0,86.702392578125,559.7209066326609,-0.8666410904361017,-579.1289389322994,559.7209066326609,579.1289389322994,381.6170775654527,-1.8880340556935478,-589.0226348907763,178.10382906720824,1.021392965257446,9.89369595847689
9800.0,86.77328491210938,559.7208886637275,-0.866640162835731,-579.1289211895469,559.7208886637275,579.1289211895469,381.61705986482315,-1.88803351077485,-589.0226175197895,178.10382879890435,1.021393347939119,9.893696330242626
9808.0,86.84417724609375,559.7209824633592,-0.8666477983597436,-579.1291653142242,559.7209824633592,579.1291653142242,381.6171538392431,-1.8880409114560401,-589.0228606967,178.10382862411615,1.0213931130962965,9.893695382475808
9816.0,86.91506958007812,559.7209405739414,-0.8666679896128029,-579.1289869382202,559.7209405739414,579.1289869382202,381.6171116286786,-1.88806136339801,-589.0226828475927,178.10382894526288,1.021393373785207,9.893695909372473
9824.0,86.9859619140625,559.7209903565675,-0.866647813622393,-579.1290315950419,559.7209903565675,579.1290315950419,381.6171611499489,-1.88804124954531,-589.0227273500707,178.10382920661863,1.021393435922917,9.893695755028782
9832.0,87.05685424804688,559.7209917629696,-0.8666833332544623,-579.1290785953348,559.7209917629696,579.1290785953348,381.61716290484435,-1.8880764301849986,-589.0227748125526,178.10382885812527,1.0213930969305363,9.893696217217824
9840.0,87.12774658203125,559.720976472992,-0.8666411945537642,-579.1289923498991,559.720976472992,579.1289923498991,381.61714692407554,-1.8880347624224032,-589.0226887003473,178.10382954891648,1.021393567868639,9.893696350448216
9848.0,87.19863891601562,559.7210094522272,-0.8667037927378498,-579.1289986818574,559.7210094522272,579.1289986818574,381.61717985927527,-1.8880966253295615,-589.0226950052137,178.103829592952,1.0213928325917117,9.893696323356298
9856.0,87.26953125,559.7210181915912,-0.8666807275870108,-579.1289992363075,559.7210181915912,579.1289992363075,381.617188549286,-1.888074013464549,-589.0226956491227,178.10382964230507,1.0213932858775383,9.893696412815208
9864.0,87.34042358398438,559.7210430683313,-0.8667002131638175,-579.1291475841766,559.7210430683313,579.1291475841766,381.6172141243557,-1.8880936561396067,-589.0228433820312,178.1038289439756,1.0213934429757892,9.893695797854537
9872.0,87.41131591796875,559.7210557198867,-0.8667136335958494,-579.1290388711054,559.7210557198867,579.1290388711054,381.617226106424,-1.888106924794429,-589.0227352113011,178.10382961346275,1.0213932911985797,9.89369634019565
9880.0,87.48220825195312,559.7210678303095,-0.8667052112460905,-579.129071989225,559.7210678303095,579.129071989225,381.61723805442864,-1.888098452703428,-589.0227682409034,178.10382977588088,1.0213932414573375,9.89369625167833
9888.0,87.5531005859375,559.7210445191137,-0.8667070485465409,-579.1290303942226,559.7210445191137,579.1290303942226,381.61721470815104,-1.8881001637138386,-589.0227268517808,178.10382981096265,1.0213931151672977,9.893696457558278
9896.0,87.62399291992188,559.7210938240021,-0.8667329509223585,-579.129160719883,559.7210938240021,579.129160719883,381.61726405990714,-1.8881261573288413,-589.0228566051444,178.10382976409488,1.0213932064064828,9.893695885261401
9904.0,87.69488525390625,559.7211327325354,-0.8667197365910617,-579.1292696257906,559.7211327325354,579.1292696257906,381.6173029425721,-1.8881129846703448,-589.0229656639981,178.10382978996324,1.0213932480792831,9.893696038207509
9912.0,87.76577758789062,559.7211518043746,-0.8667506884142786,-579.1292698237284,559.7211518043746,579.1292698237284,381.6173231337092,-1.8881440718308427,-589.0229658285607,178.1038286706654,1.021393383416564,9.893696004832385
9920.0,87.836669921875,559.7210898301636,-0.8667756959220316,-579.1290650325657,559.7210898301636,579.1290650325657,381.61726101013494,-1.888168373886323,-589.0227614868043,178.10382882002864,1.0213926779642915,9.893696454238594
9928.0,87.90756225585938,559.7211592475028,-0.8667837444930626,-579.1291588117105,559.7211592475028,579.1291588117105,381.61733014125315,-1.8881765476819474,-589.0228551007449,178.10382910624963,1.0213928031888848,9.893696289034402
9936.0,87.97845458984375,559.7211490116661,-0.8668092923809834,-579.1291271250926,559.7211490116661,579.1291271250926,381.61732009333423,-1.8882021252733328,-589.022823423436,178.1038289183318,1.0213928328923494,9.89369629834336
9944.0,88.04934692382812,559.7211814186448,-0.8668023337333794,-579.1291874100881,559.7211814186448,579.1291874100881,381.6173524964363,-1.8881955235966297,-589.0228836276784,178.1038289222085,1.0213931898632502,9.893696217590369
9952.0,88.1202392578125,559.7211562264723,-0.8667953181036578,-579.1290385014292,559.7211562264723,579.1290385014292,381.6173268627917,-1.8881886591720667,-589.0227355559119,178.10382936368063,1.0213933410684088,9.893697054482733
9960.0,88.19113159179688,559.7211891891127,-0.8668221942522614,-579.1291972520149,559.7211891891127,579.1291972520149,381.61736043509603,-1.8882150003911011,-589.022893457714,178.10382875401672,1.0213928061388398,9.89369620569901
9968.0,88.26202392578125,559.7212966727641,-0.8668084447057254,-579.1294220899076,559.7212966727641,579.1294220899076,381.6174673506317,-1.8882012001923538,-589.0231178266929,178.10382932213236,1.0213927554866284,9.89369573678524
9976.0,88.33291625976562,559.7213318269988,-0.866840841880439,-579.1292761773865,559.7213318269988,579.1292761773865,381.617501706335,-1.8882336962596966,-589.0229721650838,178.10383012066382,1.0213928543792576,9.893695987697349
9984.0,88.40380859375,559.721232585575,-0.866856947333547,-579.1292968477844,559.721232585575,579.1292968477844,381.6174032052809,-1.8882495320373724,-589.0229935065518,178.1038293802941,1.0213925847038254,9.893696658767286
9992.0,88.47470092773438,559.7212519530651,-0.8668278849760833,-579.1292733423566,559.7212519530651,579.1292733423566,381.6174225396823,-1.8882208559921443,-589.0229695030896,178.10382941338287,1.021392971016061,9.893696160733082
10000.0,88.54559326171875,559.7212728046425,-0.8669123868187216,-579.1291884692187,559.7212728046425,579.1291884692187,381.61744334519943,-1.8883051435380742,-589.0228848931799,178.10382945944298,1.0213927567193526,9.893696423961321
10008.0,88.61648559570312,559.7212900777873,-0.8668557083949082,-579.1293109734819,559.7212900777873,579.1293109734819,381.61746036755903,-1.8882489730460001,-589.0230068263622,178.1038297102283,1.021393264651092,9.89369585288037
10016.0,88.6873779296875,559.7213327831834,-0.8669130025367551,-579.1292822556013,559.7213327831834,579.1292822556013,381.61750315595145,-1.8883055435165375,-589.0229789115858,178.1038296272319,1.0213925409797824,9.893696655984531
10024.0,88.75827026367188,559.7213490865945,-0.8669015507800633,-579.1293119924845,559.7213490865945,579.1293119924845,381.6175193911875,-1.8882939627498803,-589.0230084748428,178.103829695407,1.021392411969817,9.893696482358187
10032.0,88.82916259765625,559.7213500311831,-0.8668973319531723,-579.1293081661055,559.7213500311831,579.1293081661055,381.6175202287003,-1.8882899935398427,-589.0230044675143,178.1038298024828,1.0213926615866704,9.893696301408768
10040.0,88.90005493164062,559.721365180775,-0.8668960082695074,-579.1293676380781,559.721365180775,579.1293676380781,381.617535605291,-1.8882885909434206,-589.0230638255312,178.10382957548404,1.0213925826739132,9.893696187453134
10048.0,88.970947265625,559.7214084785603,-0.8669333321343311,-579.129360962137,559.7214084785603,579.129360962137,381.617578564678,-1.8883261499763675,-589.0230572892647,178.10382991388224,1.0213928178420364,9.893696327127667
10056.0,89.04183959960938,559.7213431271664,-0.8669500083966777,-579.1292207061349,559.7213431271664,579.1292207061349,381.6175129776475,-1.8883425168189087,-589.0229173071561,178.1038301495189,1.021392508422231,9.89369660102122
10064.0,89.11273193359375,559.7214395800875,-0.8669426084752612,-579.1294462596651,559.7214395800875,579.1294462596651,381.617609308634,-1.8883351130806858,-589.0231424338947,178.10383027145355,1.0213925046054246,9.89369617422955
10072.0,89.18362426757812,559.7214287792124,-0.8669574705044276,-579.1293435998161,559.7214287792124,579.1293435998161,381.61759893204055,-1.8883502296035104,-589.0230401210997,178.10382984717177,1.0213927590990828,9.893696521283601
10080.0,89.2545166015625,559.7215287137656,-0.8669762770683538,-579.1295232666083,559.7215287137656,579.1295232666083,381.61769822602264,-1.8883687440895778,-589.0232196973311,178.10383048774293,1.021392467021224,9.893696430722825
10088.0,89.32540893554688,559.7214886219617,-0.8669636059925674,-579.1293861303212,559.7214886219617,579.1293861303212,381.617658385436,-1.8883563841739859,-589.0230827258986,178.10383023652577,1.0213927781814185,9.893696595577314
10096.0,89.39630126953125,559.7215190413503,-0.8669825934776516,-579.12943994196,559.7215190413503,579.12943994196,381.61768872710843,-1.8883754232004013,-589.023136447093,178.10383031424186,1.0213928297227497,9.893696505133004
10104.0,89.46719360351562,559.7215056983315,-0.8669855128292348,-579.1294137446655,559.7215056983315,579.1294137446655,381.6176753496266,-1.8883781205234733,-589.0231104489719,178.10383034870486,1.0213926076942386,9.893696704306443
10112.0,89.5380859375,559.7215261505723,-0.8670096189793375,-579.1294653389682,559.7215261505723,579.1294653389682,381.61769577002684,-1.888402406285814,-589.0231618084345,178.10383038054545,1.0213927873064765,9.893696469466267
10120.0,89.60897827148438,559.7215583342536,-0.8670320954168664,-579.1294359999791,559.7215583342536,579.1294359999791,381.6177273382152,-1.8884246494412311,-589.023132367739,178.1038309960383,1.0213925540243647,9.893696367759823
10128.0,89.67987060546875,559.7216017985018,-0.8670267187892859,-579.1295457590984,559.7216017985018,579.1295457590984,381.6177712520848,-1.8884192398808386,-589.0232419048473,178.10383054641693,1.0213925210915527,9.893696145748914
10136.0,89.75076293945312,559.7215843465433,-0.8669983152761604,-579.1294936850668,559.7215843465433,579.1294936850668,381.6177540543757,-1.888391004845393,-589.0231899577207,178.10383029216763,1.0213926895692325,9.893696272653866
10144.0,89.8216552734375,559.7216063217268,-0.8670517506290194,-579.1295009359824,559.7216063217268,579.1295009359824,381.6177750900898,-1.8884449543724573,-589.0231972657773,178.103831231637,1.021393203743438,9.893696329794896
10152.0,89.89254760742188,559.7215962940531,-0.8670426292763276,-579.1295156543928,559.7215962940531,579.1295156543928,381.6177653690328,-1.8884356147370083,-589.0232118477066,178.10383092502036,1.0213929854606807,9.89369619331389
10160.0,89.96343994140625,559.7216582219651,-0.8670637137623158,-579.129597522485,559.7216582219651,579.129597522485,381.61782717188527,-1.8884563510429162,-589.0232940552453,178.10383105007978,1.0213926372806004,9.893696532760258
10168.0,90.03433227539062,559.7216328971404,-0.8670725071002416,-579.1295135187842,559.7216328971404,579.1295135187842,381.6178022477691,-1.8884653015710087,-589.023209767927,178.10383064937122,1.021392794470767,9.893696249142849
10176.0,90.105224609375,559.7216052110019,-0.8670926808273305,-579.1294647602455,559.7216052110019,579.1294647602455,381.6177741347718,-1.8884855671827379,-589.0231613496139,178.10383107623008,1.0213928863554074,9.893696589368425
10184.0,90.17611694335938,559.7216875878198,-0.8671184313397893,-579.1295388904113,559.7216875878198,579.1295388904113,381.61785613317534,-1.888511354893926,-589.0232353302636,178.10383145464453,1.0213929235541368,9.893696439852274
10192.0,90.24700927734375,559.7216389547993,-0.8670997331092956,-579.129460672503,559.7216389547993,579.129460672503,381.6178073300087,-1.888491997497555,-589.0231575449118,178.1038316247907,1.0213922643882594,9.893696872408727
10200.0,90.31790161132812,559.721752181507,-0.8671273147699221,-579.1296028304887,559.721752181507,579.1296028304887,381.6179199957077,-1.888519632118534,-589.0232993104116,178.1038321857993,1.021392317348612,9.893696479922891
10208.0,90.3887939453125,559.7217397944473,-0.8671495935247009,-579.1295835012826,559.7217397944473,579.1295835012826,381.61790781191985,-1.8885419227546603,-589.0232798318932,178.10383198252742,1.0213923292299594,9.893696330610663
10216.0,90.4596939086914,559.7218011909235,-0.8671605855928339,-579.1296455480443,559.7218011909235,579.1296455480443,381.61796885385326,-1.8885533347824905,-589.0233426987647,178.10383233707023,1.0213927491896566,9.893697150720453
10224.0,90.53058624267578,559.7217661116674,-0.8671502802396889,-579.1295775538725,559.7217661116674,579.1295775538725,381.61793379186696,-1.8885430778226278,-589.0232738017299,178.1038323198004,1.0213927975829389,9.893696247857445
10232.0,90.60147857666016,559.7217774898052,-0.8671541984599944,-579.1296913715046,559.7217774898052,579.1296913715046,381.61794536771635,-1.8885466718210822,-589.0233878069063,178.10383212208876,1.0213924733610877,9.893696435401697
10240.0,90.67237091064453,559.7217513230873,-0.867173918713041,-579.1294917747026,559.7217513230873,579.1294917747026,381.6179190546097,-1.8885662206193494,-589.0231889237936,178.10383226847762,1.0213923019063085,9.893697149090974
10248.0,90.7432632446289,559.7218426100271,-0.8671619176497316,-579.1297121489326,559.7218426100271,579.1297121489326,381.6180095541766,-1.8885546060846323,-589.0234092015514,178.10383305585052,1.0213926884349007,9.89369705261879
10256.0,90.81415557861328,559.7218056929051,-0.8671986951328736,-579.1297023150737,559.7218056929051,579.1297023150737,381.61797282500135,-1.8885914820779912,-589.0233990724591,178.1038328679038,1.0213927869451176,9.893696757385399
10264.0,90.88507843017578,559.7218693298788,-0.8672014947222966,-579.1296927582827,559.7218693298788,579.1296927582827,381.61803669543656,-1.8885936798548695,-589.0233898230172,178.10383263444226,1.021392185132573,9.893697064734457
10272.0,90.95600891113281,559.7224155884616,-0.8671982085780878,-579.1299501164764,559.7224155884616,579.1299501164764,381.61855998524567,-1.8885907808143432,-589.0236516806303,178.10385560321592,1.0213925722362553,9.893701564154004
10280.0,91.02690124511719,559.7222808047812,-0.8671760791644836,-579.1297933943109,559.7222808047812,579.1297933943109,381.61840822885307,-1.8885683348146216,-589.0234980878129,178.1038725759282,1.021392255650138,9.893704693501919
10288.0,91.09779357910156,559.7220998945716,-0.8671769661992363,-579.12984218847,559.7220998945716,579.12984218847,381.61822557389627,-1.8885692871621305,-589.0235460978882,178.10387432067535,1.0213923209628941,9.893703909418278
10296.0,91.16868591308594,559.7220268276701,-0.8671686644380108,-579.1297173437329,559.7220268276701,579.1297173437329,381.618154654295,-1.8885608870917912,-589.0234209045734,178.10387217337507,1.0213922226537804,9.893703560840526
10304.0,91.23957824707031,559.7220028000078,-0.867098840487607,-579.1297173802229,559.7220028000078,579.1297173802229,381.61813267323794,-1.8884916303407842,-589.023419945287,178.10387012676986,1.0213927898531772,9.89370256506402
10312.0,91.31047058105469,559.7219510703769,-0.867107981698207,-579.1296763314595,559.7219510703769,579.1296763314595,381.6180823034199,-1.888500473587471,-589.0233795384222,178.10386876695696,1.021392491889264,9.893703206962737
10320.0,91.38136291503906,559.7218600195524,-0.8671086953632807,-579.1296460618513,559.7218600195524,579.1296460618513,381.61799321142917,-1.8885007450261737,-589.0233488518211,178.10386680812326,1.021392049662893,9.893702789969735
10328.0,91.45225524902344,559.721864545406,-0.86711045005161,-579.1295686682771,559.721864545406,579.1295686682771,381.61799763854617,-1.8885027097747797,-589.0232712527143,178.1038669068598,1.0213922597231697,9.893702584437179
10336.0,91.52314758300781,559.7219116723187,-0.8670980561536545,-579.1297485556439,559.7219116723187,579.1297485556439,381.61804508476064,-1.8884900094978434,-589.0234504141035,178.1038665875581,1.0213919533441889,9.893701858459604
10344.0,91.59403991699219,559.7217965217608,-0.8670721510447188,-579.1296421055955,559.7217965217608,579.1296421055955,381.61793076013447,-1.8884643348219918,-589.0233438913122,178.10386576162625,1.021392183777273,9.893701785716676
10352.0,91.66493225097656,559.7217836218913,-0.867051620379391,-579.1296076378653,559.7217836218913,579.1296076378653,381.61791807749603,-1.8884441230842133,-589.0233097239172,178.10386554439526,1.0213925027048223,9.89370208605191
10360.0,91.73582458496094,559.7217808782273,-0.867067365516256,-579.1296409529538,559.7217808782273,579.1296409529538,381.6179153447581,-1.8884596972153211,-589.0233424949857,178.1038655334691,1.0213923316990652,9.893701542031932
10368.0,91.80671691894531,559.7217787855728,-0.8670665971843716,-579.1296045301975,559.7217787855728,579.1296045301975,381.6179139004463,-1.8884587280954799,-589.0233061089102,178.10386488512657,1.0213921309111083,9.89370157871273
10376.0,91.87760925292969,559.7216736619591,-0.8670480193563455,-579.1294539980161,559.7216736619591,579.1294539980161,381.61780900394933,-1.888440433642434,-589.0231562339515,178.10386465800985,1.0213924142860886,9.893702235935347
10384.0,91.94850158691406,559.7216397344869,-0.8670135116546964,-579.1293878379837,559.7216397344869,579.1293878379837,381.61777549557473,-1.8884058997961626,-589.0230902718563,178.1038642389122,1.0213923881414662,9.89370243387258
10392.0,92.01939392089844,559.7216746506826,-0.8669720768425595,-579.1295259721991,559.7216746506826,579.1295259721991,381.617810278674,-1.8883646801103033,-589.0232276719538,178.10386437200856,1.0213926032677438,9.893701699754747
10400.0,92.09028625488281,559.7216157992441,-0.8669783609466224,-579.129520125671,559.7216157992441,579.129520125671,381.6177522027835,-1.8883708744139467,-589.0232212444238,178.10386359646054,1.0213925134673243,9.893701118752787
10408.0,92.16117858886719,559.7215611511936,-0.8669865538270272,-579.1294280357866,559.7215611511936,579.1294280357866,381.617698321111,-1.8883789988920152,-589.0231293859947,178.10386283008253,1.021392445064988,9.893701350208115
10416.0,92.23207092285156,559.7216321424223,-0.8669370783000869,-579.1295076066243,559.7216321424223,579.1295076066243,381.6177697430679,-1.8883292969847134,-589.023209122937,178.10386239935445,1.0213922186846265,9.893701516312664
10424.0,92.30296325683594,559.7215961346184,-0.866945944436674,-579.129602815669,559.7215961346184,579.129602815669,381.61773344218335,-1.8883382585904531,-589.0233041973694,178.10386269243506,1.021392314153779,9.893701381700332
10432.0,92.37385559082031,559.7215357384293,-0.866885533500906,-579.129365653631,559.7215357384293,579.129365653631,381.6176727345181,-1.8882777787865135,-589.023067452934,178.10386300391127,1.0213922452856075,9.893701799303015
10440.0,92.44475555419922,559.7215024455612,-0.8669233104340406,-579.1294581203229,559.7215024455612,579.1294581203229,381.6176396333949,-1.8883151836878382,-589.0231595674834,178.1038628121663,1.0213918732537977,9.893701447160508
10448.0,92.5156478881836,559.7214922925543,-0.8669275357936499,-579.1293813934312,559.7214922925543,579.1293813934312,381.61763030308737,-1.8883196756493756,-589.0230824793002,178.1038619894669,1.0213921398557257,9.89370108586903
10456.0,92.58654022216797,559.7215233636631,-0.8668769484090433,-579.1294383850525,559.7215233636631,579.1294383850525,381.61766073380994,-1.8882697144508764,-589.0231396704658,178.10386262985315,1.0213927660418332,9.893701285413247
10464.0,92.65743255615234,559.7214864913095,-0.8668818910636604,-579.1294167616139,559.7214864913095,579.1294167616139,381.61762448336594,-1.8882739687188375,-589.0231179399536,178.10386200794355,1.021392077655177,9.893701178339738
10472.0,92.72832489013672,559.7215030629569,-0.8668541757829855,-579.1294863650503,559.7215030629569,579.1294863650503,381.61764089763716,-1.8882466149325987,-589.0231874533767,178.10386216531975,1.0213924391496132,9.893701088326434
10480.0,92.7992172241211,559.7214543738774,-0.8668257042776322,-579.1294268657638,559.7214543738774,579.1294268657638,381.6175924624836,-1.8882178583098312,-589.0231276786715,178.1038619113938,1.021392154032199,9.89370081290773
10488.0,92.87010955810547,559.7214608041738,-0.866847417658144,-579.129423151644,559.7214608041738,579.129423151644,381.6175989549163,-1.8882397166217841,-589.0231240805606,178.10386184925756,1.0213922989636401,9.893700928916555
10496.0,92.94100189208984,559.7213640415556,-0.8668353083984845,-579.129231548958,559.7213640415556,579.129231548958,381.61750236573846,-1.8882276214451492,-589.0229325690519,178.10386167581714,1.0213923130466647,9.893701020093918
10504.0,93.01189422607422,559.7213739413478,-0.8668363270599402,-579.1293425150493,559.7213739413478,579.1293425150493,381.61751317574215,-1.8882286580931735,-589.0230431107827,178.10386076560565,1.0213923310332333,9.8937005957334
10512.0,93.0827865600586,559.7213515946316,-0.8668182202851327,-579.1292494553043,559.7213515946316,579.1292494553043,381.6174903206779,-1.8882102304585882,-589.0229500293057,178.10386127395373,1.0213920101734555,9.893700574001404
10520.0,93.15367889404297,559.7213543543348,-0.8667816310146894,-579.1293952686835,559.7213543543348,579.1293952686835,381.61749378183936,-1.8881739979782748,-589.0230955646423,178.10386057249542,1.0213923669635854,9.893700295958705
10528.0,93.22457122802734,559.7212060945466,-0.8667822618645609,-579.1291214555134,559.7212060945466,579.1291214555134,381.617345631764,-1.8881744900989599,-589.0228221922932,178.10386046278256,1.021392228234399,9.89370073677986
10536.0,93.29546356201172,559.7212641182005,-0.8667609525828821,-579.1292256672995,559.7212641182005,579.1292256672995,381.6174039676497,-1.88815306936782,-589.0229260179877,178.10386015055076,1.0213921167849378,9.893700350688245
10544.0,93.3663558959961,559.7212193055917,-0.8667434306317405,-579.1292944217338,559.7212193055917,579.1292944217338,381.61735944018665,-1.8881360233938844,-589.0229946145284,178.10385986540507,1.021392592762144,9.893700192794618
10552.0,93.43724822998047,559.7211890114672,-0.866708331278284,-579.1292034233529,559.7211890114672,579.1292034233529,381.61732917510926,-1.888101040712197,-589.0229034750694,178.10385983635797,1.021392709433913,9.893700051716504
10560.0,93.50814056396484,559.7212305063397,-0.8667147034748162,-579.129237297391,559.7212305063397,579.129237297391,381.6173709739345,-1.8881070943668519,-589.0229375750635,178.10385953240512,1.0213923908920357,9.893700277672432
10568.0,93.57903289794922,559.7211741162732,-0.8666980853802988,-579.1291213533457,559.7211741162732,579.1291213533457,381.6173151242734,-1.8880902956009136,-589.0228215750477,178.10385899199989,1.0213922102206148,9.893700221702083
10576.0,93.6499252319336,559.7211856522664,-0.8666863569618393,-579.1292617354823,559.7211856522664,579.1292617354823,381.6173263116645,-1.8880781552922254,-589.0229620475901,178.10385934060187,1.0213917983303862,9.893700312107825
10584.0,93.72081756591797,559.7211193861724,-0.8666907152668832,-579.1291035159339,559.7211193861724,579.1291035159339,381.6172603369471,-1.8880831061824415,-589.0228042050277,178.10385904922526,1.0213923909155582,9.893700689093764
10592.0,93.79170989990234,559.7212092904583,-0.8666495793579001,-579.1293114608375,559.7212092904583,579.1293114608375,381.61734967599534,-1.8880421587417198,-589.0230112012046,178.10385961446292,1.0213925793838197,9.893699740367062
10600.0,93.86260223388672,559.7211233556135,-0.8666440564302293,-579.1291499886889,559.7211233556135,579.1291499886889,381.61726427919496,-1.8880364505745488,-589.0228502898196,178.10385907641853,1.0213923941443195,9.893700301130737
10608.0,93.9334945678711,559.7210969193126,-0.86663532173226,-579.1292150954326,559.7210969193126,579.1292150954326,381.617237908623,-1.8880280566061751,-589.0229153829594,178.1038590106896,1.0213927348739151,9.893700287526682
10616.0,94.00438690185547,559.7211242972858,-0.8666584960346739,-579.129251775229,559.7211242972858,579.129251775229,381.61726582041985,-1.8880508765059005,-589.0229519012429,178.10385847686592,1.0213923804712266,9.893700126013815
10624.0,94.07527923583984,559.721071847946,-0.8666145604914304,-579.1291685271783,559.721071847946,579.1291685271783,381.6172134097241,-1.8880071212137386,-589.022868383181,178.1038584382219,1.0213925607223082,9.893699856002765
10632.0,94.14617156982422,559.7210213726021,-0.866584869961617,-579.1290772596032,559.7210213726021,579.1290772596032,381.61716271460045,-1.8879772580672753,-589.022777465681,178.10385865800157,1.0213923881056584,9.893700206077803
10640.0,94.2170639038086,559.7210272756289,-0.8665905756823551,-579.1291658858395,559.7210272756289,579.1291658858395,381.6171688964338,-1.8879831276629573,-589.0228656697841,178.10385837919512,1.0213925519806022,9.893699783944603
10648.0,94.28795623779297,559.7210505015959,-0.8665505402747762,-579.1291584427721,559.7210505015959,579.1291584427721,381.6171920330688,-1.8879430141129436,-589.0228580564019,178.10385846852705,1.0213924738381674,9.893699613629845
10656.0,94.35885620117188,559.7209670370684,-0.8665923199196763,-579.1290731612536,559.7209670370684,579.1290731612536,381.6171093011569,-1.887984504731512,-589.0227729081682,178.10385773591145,1.0213921848118357,9.893699746914628
10664.0,94.42974853515625,559.7209311811414,-0.86658920245773,-579.129088954486,559.7209311811414,579.129088954486,381.61707362821676,-1.887981212575987,-589.022788680292,178.10385755292467,1.021392010118257,9.893699725806075
10672.0,94.50064086914062,559.7209284182819,-0.8665465352407091,-579.1289887356211,559.7209284182819,579.1289887356211,381.6170708059085,-1.8879389893559102,-589.0226886025666,178.10385761237345,1.021392454115201,9.893699866945584
10680.0,94.571533203125,559.7209502094423,-0.8665236489640353,-579.1291003738011,559.7209502094423,579.1291003738011,381.6170924527031,-1.887916051256985,-589.022799822964,178.10385775673925,1.0213924022929497,9.893699449162908
10688.0,94.64242553710938,559.7209273519834,-0.86653070365446,-579.128988555965,559.7209273519834,579.128988555965,381.61706936216643,-1.887923141828253,-589.0226884092931,178.1038579898169,1.0213924381737929,9.893699853328119
10696.0,94.71331787109375,559.7209070037411,-0.866518613008707,-579.1290997293338,559.7209070037411,579.1290997293338,381.6170490306847,-1.8879105933840323,-589.0227993258458,178.10385797305645,1.0213919803753253,9.893699596512008
10704.0,94.78421020507812,559.7208677921782,-0.8665123138843578,-579.12900546763,559.7208677921782,579.12900546763,381.61701073382693,-1.8879049348842765,-589.0227051877666,178.10385705835128,1.0213926209999187,9.893699720136638
10712.0,94.8551025390625,559.7208384777927,-0.8664698827951991,-579.129017856468,559.7208384777927,579.129017856468,381.61698096337443,-1.887862712366232,-589.022717081416,178.10385751441822,1.0213928295710328,9.893699224948003
10720.0,94.92599487304688,559.7208606582759,-0.8664854204138153,-579.1291356796066,559.7208606582759,579.1291356796066,381.6170036538774,-1.887877416655615,-589.022834773617,178.10385700439852,1.0213919962417997,9.89369909401039
10728.0,94.99688720703125,559.7208080979879,-0.8664718669142881,-579.1289458558406,559.7208080979879,579.1289458558406,381.616950956488,-1.8878644381804697,-589.0226451615671,178.10385714149993,1.0213925712661815,9.893699305726456
10736.0,95.06777954101562,559.7207509899123,-0.8664395438627146,-579.1288495678477,559.7207509899123,579.1288495678477,381.6168942153848,-1.8878319310528617,-589.0225490473312,178.10385677452751,1.0213923871901471,9.893699479483363
10744.0,95.138671875,559.7207363098903,-0.8664638086608845,-579.128881935144,559.7207363098903,579.128881935144,381.6168796597158,-1.8878556817835266,-589.0225813393662,178.10385665017458,1.0213918731226421,9.893699404222112
10752.0,95.20956420898438,559.7207245322469,-0.8664654052278813,-579.1289335099195,559.7207245322469,579.1289335099195,381.6168679100095,-1.8878577129865892,-589.0226323958498,178.10385662223743,1.021392307758708,9.893698885930291
10760.0,95.28045654296875,559.7207795467888,-0.8664282362263789,-579.1289499795795,559.7207795467888,579.1289499795795,381.6169233812409,-1.8878205339189629,-589.0226490874185,178.10385616554788,1.021392297692584,9.893699107838996
10768.0,95.35134887695312,559.7207192903628,-0.8664170025402416,-579.1288927485543,559.7207192903628,579.1288927485543,381.6168631905315,-1.887809664081979,-589.0225918711653,178.10385609983135,1.0213926615417375,9.893699122611029
10776.0,95.42227172851562,559.7206799294065,-0.8664066361854736,-579.1288523939663,559.7206799294065,579.1288523939663,381.616823856803,-1.887799136762922,-589.0225516037772,178.1038560726035,1.0213925005774485,9.89369920981083
10784.0,95.49319458007812,559.7206621900715,-0.866412346844335,-579.1288741516648,559.7206621900715,579.1288741516648,381.6168060725102,-1.8878046948830054,-589.0225728201506,178.1038561175613,1.0213923480386704,9.893698668485735
10792.0,95.5640869140625,559.7206488828176,-0.8663909235460752,-579.1288397726049,559.7206488828176,579.1288397726049,381.6167937738128,-1.887783197329159,-589.0225387791972,178.10385510900483,1.0213922737830838,9.893699006592296
10800.0,95.63497924804688,559.7206638188717,-0.8663719286342104,-579.1289058145368,559.7206638188717,579.1289058145368,381.6168087149755,-1.8877642556456973,-589.0226045837326,178.1038551038962,1.0213923270114869,9.893698769195776
10808.0,95.70587158203125,559.7206734734162,-0.8663754620455091,-579.1288496156542,559.7206734734162,579.1288496156542,381.61681781215634,-1.8877676397622363,-589.022548234531,178.1038556612599,1.0213921777167272,9.893698618876762
10816.0,95.77676391601562,559.7206414863302,-0.8663571705865714,-579.128884265778,559.7206414863302,579.128884265778,381.61678636701544,-1.8877498976457208,-589.0225829686033,178.10385511931483,1.0213927270591494,9.893698702825285
10824.0,95.84765625,559.7206238723281,-0.8663306181172246,-579.1288569760114,559.7206238723281,579.1288569760114,381.6167687995202,-1.8877230906987208,-589.0225556119526,178.1038550728079,1.0213924725814962,9.89369863594119
10832.0,95.91854858398438,559.720572639513,-0.8663353113055772,-579.1288359912966,559.720572639513,579.1288359912966,381.61671777902757,-1.8877276070111249,-589.0225342659422,178.10385486048546,1.0213922957055477,9.893698274645637
10840.0,95.98944091796875,559.7205349684532,-0.8662854233559147,-579.1287827491348,559.7205349684532,579.1287827491348,381.61668035928324,-1.8876779508183268,-589.022481185411,178.1038546091699,1.021392527462412,9.893698436276274
10848.0,96.06033325195312,559.7205750315599,-0.8663035544583444,-579.1289037614702,559.7205750315599,579.1289037614702,381.616720050881,-1.887696193794854,-589.0226021098673,178.1038549806789,1.0213926393365096,9.893698348397164
10856.0,96.1312255859375,559.7204745066992,-0.8662882847296105,-579.1287692100168,559.7204745066992,579.1287692100168,381.6166206134839,-1.8876808501619893,-589.0224674892272,178.10385389321536,1.0213925654323788,9.893698279210415
10864.0,96.20211791992188,559.720549607258,-0.866304106938431,-579.1289555317452,559.720549607258,579.1289555317452,381.6166951096502,-1.8876965440818712,-589.0226539416057,178.10385449760778,1.0213924371434402,9.89369840986043
10872.0,96.27301025390625,559.7205059899566,-0.8662963006135973,-579.1288020418879,559.7205059899566,579.1288020418879,381.6166513714696,-1.8876888574330346,-589.022500843336,178.10385461848693,1.0213925568194373,9.893698801448124
10880.0,96.34390258789062,559.7204902853161,-0.8662813546967034,-579.1287946849474,559.7204902853161,579.1287946849474,381.6166357721993,-1.8876740836682075,-589.0224931484075,178.10385451311686,1.0213927289715041,9.89369846346014
10888.0,96.414794921875,559.7204457890639,-0.8662602625091376,-579.1287764584587,559.7204457890639,579.1287764584587,381.61659199654093,-1.8876525120328074,-589.0224747742068,178.103853792523,1.0213922495236698,9.89369831574816
10896.0,96.48568725585938,559.7204446262415,-0.8662430571027864,-579.1286786475689,559.7204446262415,579.1286786475689,381.6165899778281,-1.8876355305550012,-589.0223775756463,178.10385464841335,1.0213924734522148,9.893698928077349
10904.0,96.55657958984375,559.7205029530948,-0.8662613886033403,-579.1288813358133,559.7205029530948,579.1288813358133,381.6166484852695,-1.8876537770372428,-589.0225796007724,178.10385446782527,1.0213923884339025,9.893698264959074
10912.0,96.62747192382812,559.7204763159508,-0.8662203573825531,-579.1288108543918,559.7204763159508,579.1288108543918,381.61662215775095,-1.8876128506332472,-589.0225087854665,178.10385415819988,1.0213924932506941,9.893697931074655
10920.0,96.6983642578125,559.7204333999636,-0.8662102026464833,-579.1287734973639,559.7204333999636,579.1287734973639,381.6165791141126,-1.8876029149903104,-589.0224719515717,178.10385428585093,1.0213927123438271,9.893698454207708
10928.0,96.76925659179688,559.7203781064193,-0.866216250514805,-579.1286077899938,559.7203781064193,579.1286077899938,381.6165238603045,-1.8876089106219318,-589.0223067746035,178.10385424611482,1.0213926601071268,9.893698984609706
10936.0,96.84014892578125,559.7203929760342,-0.8662185216747575,-579.1287316161684,559.7203929760342,579.1287316161684,381.6165381085813,-1.8876110423581531,-589.0224302516624,178.10385486745287,1.0213925206833956,9.893698635494053
10944.0,96.91104125976562,559.7203585828051,-0.8661794288514195,-579.1286820865996,559.7203585828051,579.1286820865996,381.6165046410199,-1.8875725101366254,-589.0223810167984,178.10385394178525,1.021393081285206,9.893698930198795
10952.0,96.98193359375,559.7203612235271,-0.8661899831831676,-579.1286930326415,559.7203612235271,579.1286930326415,381.61650659975385,-1.8875827135303145,-589.0223915150272,178.10385462377326,1.0213927303471468,9.893698482385643
10960.0,97.05282592773438,559.7203639330936,-0.8662040302447487,-579.128669084426,559.7203639330936,579.128669084426,381.61650926591454,-1.8875964938440504,-589.0223681811015,178.10385466717906,1.0213924635993017,9.893699096675482
10968.0,97.12371826171875,559.7202959055842,-0.8662004618914487,-579.1286101022223,559.7202959055842,579.1286101022223,381.6164415693996,-1.887592739825303,-589.0223087125885,178.10385433618453,1.0213922779338542,9.893698610366238
10976.0,97.19461059570312,559.7203558553509,-0.8661532067908784,-579.1287141457248,559.7203558553509,579.1287141457248,381.61650210673577,-1.8875454268229603,-589.0224127635947,178.10385374861517,1.021392220032082,9.89369861787001
10984.0,97.2655029296875,559.7202610378502,-0.8661475379198609,-579.1286014348448,559.7202610378502,579.1286014348448,381.6164074296614,-1.8875403406643811,-589.0223002214728,178.10385360818867,1.0213928027445203,9.893698786628065
10992.0,97.33639526367188,559.720292708826,-0.8661734303164073,-579.1286042065007,559.720292708826,579.1286042065007,381.6164377950777,-1.8875662399464668,-589.022303033144,178.1038549137483,1.0213928096300595,9.893698826643393
11000.0,97.40728759765625,559.7202836439106,-0.8661301204525915,-579.1286026267885,559.7202836439106,579.1286026267885,381.6164294790751,-1.8875230796254523,-589.022301792031,178.10385416483552,1.0213929591728608,9.893699165242577
11008.0,97.47817993164062,559.7201781845203,-0.8661277463407786,-579.1284801761306,559.7201781845203,579.1284801761306,381.61632402200655,-1.8875207424132232,-589.0221788148092,178.10385416251373,1.0213929960724446,9.893698638678686
11016.0,97.549072265625,559.7201935599223,-0.86614896366296,-579.1285270993959,559.7201935599223,579.1285270993959,381.61633926855916,-1.8875415805740356,-589.0222261579809,178.10385429136312,1.0213926169110756,9.893699058584986
11024.0,97.61996459960938,559.7202697548107,-0.8660857409908784,-579.1285728546991,559.7202697548107,579.1285728546991,381.61641547559026,-1.8874790080903674,-589.0222712975002,178.1038542792205,1.021393267099489,9.893698442801107
11032.0,97.69085693359375,559.7202000717002,-0.8660776432507644,-579.1285250520779,559.7202000717002,579.1285250520779,381.61634608513094,-1.8874702499247986,-589.0222236775868,178.10385398656933,1.0213926066740342,9.893698625508915
11040.0,97.76174926757812,559.7201959896164,-0.8660887643545587,-579.1284993589858,559.7201959896164,579.1284993589858,381.61634153440264,-1.8874812818788707,-589.0221982157681,178.1038544552138,1.021392517524312,9.89369885678231
11048.0,97.8326416015625,559.7201938103042,-0.8660749731431308,-579.1285541049507,559.7201938103042,579.1285541049507,381.6163398044332,-1.8874676917594888,-589.0222527979606,178.10385400587103,1.021392718616358,9.893698693009938
11056.0,97.90353393554688,559.7201927904083,-0.8660658875187548,-579.1285875130302,559.7201927904083,579.1285875130302,381.61633875329244,-1.8874589111474482,-589.0222861887563,178.1038540371159,1.0213930236286934,9.893698675726075
11064.0,97.97442626953125,559.7201644496384,-0.8660648182638857,-579.1285196864034,559.7201644496384,579.1285196864034,381.61631052885434,-1.8874571797356205,-589.0222184665253,178.1038539207841,1.0213923614717348,9.893698780121857
11072.0,98.04531860351562,559.7201448394952,-0.8660861472626524,-579.128577414916,559.7201448394952,579.128577414916,381.6162909822111,-1.887478764357748,-589.0222755730517,178.1038538572841,1.0213926170950955,9.893698158135784
11080.0,98.1162109375,559.7201455580225,-0.8660269170943073,-579.1285593010622,559.7201455580225,579.1285593010622,381.6162916153675,-1.8874196124610125,-589.0222573700511,178.10385394265506,1.0213926953667052,9.893698068988884
11088.0,98.18710327148438,559.7201489841104,-0.8660272818807124,-579.128491535552,559.7201489841104,579.128491535552,381.61629501556365,-1.8874199303998518,-589.0221904606425,178.10385396854673,1.0213926485191394,9.893698925090437
11096.0,98.25800323486328,559.7201267570618,-0.8660366448799914,-579.1285256493157,559.7201267570618,579.1285256493157,381.616272881668,-1.887429289702733,-589.022224175995,178.10385387539384,1.0213926448227415,9.893698526679298
11104.0,98.32889556884766,559.7200859391728,-0.8660589499908928,-579.1284416063396,559.7200859391728,579.1284416063396,381.61623175522607,-1.8874509833359285,-589.0221404263416,178.10385418394674,1.0213920333450357,9.893698820002003
11112.0,98.39978790283203,559.7200710667103,-0.8660170926042081,-579.1284369913219,559.7200710667103,579.1284369913219,381.61621701415265,-1.8874099497392045,-589.0221358857618,178.10385405255755,1.0213928571349964,9.893698894439945
11120.0,98.4706802368164,559.720096116562,-0.86602810203056,-579.1284731167627,559.720096116562,579.1284731167627,381.6162413978591,-1.887420484469283,-589.0221715180502,178.1038547187029,1.021392382438723,9.89369840128748
11128.0,98.54157257080078,559.7200750461627,-0.8660100799389916,-579.1285476800396,559.7200750461627,579.1285476800396,381.616220549554,-1.8874026340188763,-589.022246450207,178.10385449660868,1.0213925540798847,9.893698770167518
11136.0,98.61246490478516,559.7200663330631,-0.8660140609458877,-579.1285253453277,559.7200663330631,579.1285253453277,381.6162122621522,-1.8874070017173312,-589.0222241847775,178.10385407091087,1.0213929407714435,9.893698839449872
11144.0,98.68335723876953,559.7201096892132,-0.8659731618571271,-579.1285652187366,559.7201096892132,579.1285652187366,381.616255173456,-1.887365844055985,-589.022263861572,178.10385451575723,1.021392682198858,9.893698642835329
11152.0,98.7542495727539,559.720082948691,-0.8659701892507883,-579.1285413246086,559.720082948691,579.1285413246086,381.61622851091056,-1.8873622014496014,-589.0222395467617,178.1038544377804,1.0213920121988131,9.893698222153182
11160.0,98.82514190673828,559.7199659023205,-0.8659674301042903,-579.1283478666479,559.7199659023205,579.1283478666479,381.61611158466206,-1.8873598736303014,-589.0220468692282,178.10385431765846,1.021392443526011,9.893699002580348
11168.0,98.89603424072266,559.7200002743256,-0.8659494069085731,-579.1283994941427,559.7200002743256,579.1283994941427,381.61614586099023,-1.8873420890282695,-589.0220983406774,178.1038544133353,1.0213926821196964,9.893698846534715
11176.0,98.96692657470703,559.7200354250672,-0.8659374756299179,-579.1284765021318,559.7200354250672,579.1284765021318,381.6161805534374,-1.887329509879954,-589.0221751929691,178.1038548716298,1.0213920342500362,9.893698690837367
11184.0,99.0378189086914,559.719945005877,-0.8659253063744563,-579.1284029944209,559.719945005877,579.1284029944209,381.6160908002422,-1.8873178314917025,-589.0221018207797,178.10385420563483,1.0213925251172462,9.893698826358817
11192.0,99.10871124267578,559.7199483049387,-0.8659112474735844,-579.1283225117146,559.7199483049387,579.1283225117146,381.616093732659,-1.887303888359063,-589.0220212877152,178.10385457227966,1.0213926408854785,9.893698776000646
11200.0,99.17960357666016,559.7199372401883,-0.8658897952407356,-579.1284083467408,559.7199372401883,579.1284083467408,381.61608289297016,-1.88728233552074,-589.0221067782875,178.1038543472182,1.0213925402800044,9.893698431546628
11208.0,99.25049591064453,559.7199331723207,-0.8658971571950147,-579.1284078182047,559.7199331723207,579.1284078182047,381.61607890988745,-1.8872895360987076,-589.0221066953009,178.10385426243326,1.021392378903693,9.893698877096215
11216.0,99.3213882446289,559.7199541966434,-0.8659101975171826,-579.1284038527176,559.7199541966434,579.1284038527176,381.6160998408627,-1.8873030466599943,-589.0221024441969,178.10385435578058,1.0213928491428117,9.893698591479309
11224.0,99.39228057861328,559.7198633869023,-0.8658978474829846,-579.128292745077,559.7198633869023,579.128292745077,381.61600936780235,-1.8872904803157473,-589.0219910690121,178.10385401909986,1.0213926328327627,9.893698323935098
11232.0,99.46317291259766,559.7198905216255,-0.8658550635062641,-579.1283100984178,559.7198905216255,579.1283100984178,381.6160361908301,-1.887247445778427,-589.0220090018436,178.10385433079546,1.021392382272163,9.893698903425754
11240.0,99.53406524658203,559.7198778591119,-0.8658864407618001,-579.1283459854604,559.7198778591119,579.1283459854604,381.6160230584648,-1.8872789518988942,-589.022045025898,178.1038548006471,1.021392511137094,9.893699040437575
11248.0,99.6049575805664,559.7198754843172,-0.8658863477481162,-579.1283392882087,559.7198754843172,579.1283392882087,381.61602074457124,-1.8872783983310288,-589.0220378879224,178.10385473974597,1.0213920505829126,9.893698599713666
11256.0,99.67584991455078,559.7198689528321,-0.8658388386634854,-579.1283529427557,559.7198689528321,579.1283529427557,381.61601455193716,-1.8872310957368637,-589.0220515166582,178.103854400895,1.0213922570733782,9.893698573902542
11264.0,99.74674224853516,559.7198106129408,-0.8658615665768088,-579.1282176021405,559.7198106129408,579.1282176021405,381.61595584899493,-1.8872540454632811,-589.0219164769521,178.10385476394595,1.0213924788864723,9.893698874811694
11272.0,99.81763458251953,559.7198614986468,-0.8658438896988727,-579.1283946250511,559.7198614986468,579.1283946250511,381.61600685042333,-1.8872364913814614,-589.0220934539224,178.10385464822343,1.0213926016825887,9.893698828871308
11280.0,99.8885269165039,559.7198203427533,-0.8658332341882824,-579.1283090905118,559.7198203427533,579.1283090905118,381.6159652704937,-1.8872255961903184,-589.0220078616219,178.10385507225962,1.021392362002036,9.893698771110103
11288.0,99.95945739746094,559.719768884355,-0.8658144656025986,-579.128302949475,559.719768884355,579.128302949475,381.61591487179703,-1.8872069464330803,-589.0220023079527,178.10385401255792,1.0213924808304817,9.893699358477662
11296.0,100.03038024902344,559.7197839778352,-0.8658303659063895,-579.1282509225891,559.7197839778352,579.1282509225891,381.6159293702731,-1.8872227348314423,-589.0219502372963,178.10385460756208,1.0213923689250528,9.89369931470721
11304.0,100.10127258300781,559.7198433219046,-0.8658027147121272,-579.1283572899991,559.7198433219046,579.1283572899991,381.61598804945913,-1.8871949832917236,-589.0220560252649,178.1038552724454,1.0213922685795964,9.893698735265719
11312.0,100.17216491699219,559.7197949324459,-0.8658228186691144,-579.1283056132669,559.7197949324459,579.1283056132669,381.61593978379796,-1.8872152328256284,-589.0220042462602,178.103855148648,1.021392414156514,9.893698632993301
11320.0,100.24305725097656,559.7197668243681,-0.8657968106107741,-579.1282536702968,559.7197668243681,579.1282536702968,381.6159119422674,-1.887189429710069,-589.0219521301084,178.10385488210068,1.021392619099295,9.893698459811617
11328.0,100.31394958496094,559.7196910946318,-0.8658048271195034,-579.1281398704295,559.7196910946318,579.1281398704295,381.6158366912126,-1.8871970615262788,-589.0218388010298,178.10385440341912,1.0213922344067754,9.893698930600301
11336.0,100.38484191894531,559.7197521196475,-0.8657952827717508,-579.1282774463544,559.7197521196475,579.1282774463544,381.6158972905201,-1.8871879207652902,-589.0219764275902,178.10385482912744,1.0213926379935394,9.893698981235703
11344.0,100.45573425292969,559.7196729065188,-0.8657706219897912,-579.1282062820959,559.7196729065188,579.1282062820959,381.6158183013221,-1.8871634712841687,-589.0219047473386,178.1038546051966,1.0213928492943776,9.893698465242643
11352.0,100.52662658691406,559.7197239651947,-0.8657764173955504,-579.1282115768439,559.7197239651947,579.1282115768439,381.61586929204054,-1.8871692382352743,-589.0219098792215,178.10385467315416,1.0213928208397238,9.893698302377617
11360.0,100.59751892089844,559.71972815366,-0.865774827434894,-579.1282204447964,559.71972815366,579.1282204447964,381.6158728635984,-1.887167622347695,-589.0219193025043,178.1038552900616,1.021392794912801,9.893698857707884
11368.0,100.66841125488281,559.7196717425434,-0.8657504239421434,-579.1282193541608,559.7196717425434,579.1282193541608,381.61581696026326,-1.8871430623969618,-589.021918335548,178.10385478228017,1.0213926384548184,9.893698981387136
11376.0,100.73930358886719,559.7196746496127,-0.865720350139791,-579.1282722191828,559.7196746496127,579.1282722191828,381.6158195833666,-1.8871127472788722,-589.0219709604418,178.10385506624607,1.0213923971390813,9.89369874125898
11384.0,100.81019592285156,559.7196958975369,-0.8657026491098261,-579.1283456444712,559.7196958975369,579.1283456444712,381.61584106336784,-1.8870956121556475,-589.0220441018166,178.10385483416908,1.0213929630458214,9.893698457345355
11392.0,100.88108825683594,559.7196155040542,-0.8657236313629051,-579.1281455856149,559.7196155040542,579.1281455856149,381.61576076832876,-1.887116426750123,-589.0218440579209,178.1038547357254,1.021392795387218,9.893698472306045
11400.0,100.95198059082031,559.7195670195238,-0.8657418187606085,-579.1281171615052,559.7195670195238,579.1281171615052,381.6157121751187,-1.887134755263303,-589.0218158856414,178.1038548444051,1.0213929365026946,9.89369872413625
11408.0,101.02287292480469,559.7196027019947,-0.8657276500597986,-579.1282167663892,559.7196027019947,579.1282167663892,381.61574805159614,-1.8871204901015828,-589.0219153825855,178.10385465039857,1.0213928400417842,9.893698616196282
11416.0,101.09376525878906,559.7196284368263,-0.8656937408996224,-579.1281537328945,559.7196284368263,579.1281537328945,381.6157736202905,-1.8870865423947865,-589.0218523888504,178.10385481653577,1.021392801495164,9.893698655955955
11424.0,101.16465759277344,559.7195591627647,-0.8656889610147145,-579.1280882923722,559.7195591627647,579.1280882923722,381.6157044491155,-1.8870820275303624,-589.0217870906486,178.10385471364913,1.0213930665156479,9.893698798276336
11432.0,101.23554992675781,559.7196165771068,-0.8656829739065381,-579.1281626368839,559.7196165771068,579.1281626368839,381.6157611415658,-1.8870762457125894,-589.0218614469496,178.10385543554088,1.0213932718060512,9.893698810065748
11440.0,101.30644226074219,559.7196187011418,-0.8656598318004658,-579.1281847798263,559.7196187011418,579.1281847798263,381.6157628366244,-1.8870530029675905,-589.0218836544268,178.10385586451736,1.0213931711671247,9.893698874600506
11448.0,101.37733459472656,559.7195525346287,-0.8656781898670283,-579.1280731505242,559.7195525346287,579.1280731505242,381.6156972017797,-1.8870712477322091,-589.0217724564473,178.10385533284907,1.0213930578651809,9.89369930592307
11456.0,101.44822692871094,559.7196272232587,-0.8656393721420592,-579.1283053528634,559.7196272232587,579.1283053528634,381.61577183741656,-1.887032334434192,-589.0220041755008,178.1038553858422,1.0213929622921327,9.893698822637363
11464.0,101.51911926269531,559.7195233808957,-0.8656507864537835,-579.1281405603686,559.7195233808957,579.1281405603686,381.615668100713,-1.887043793971185,-589.0218393407097,178.10385528018267,1.0213930075174016,9.893698780341083
11472.0,101.59001159667969,559.7195230353109,-0.8656452847973028,-579.1280599993556,559.7195230353109,579.1280599993556,381.6156679778783,-1.887038176065568,-589.0217590617251,178.10385505743255,1.021392891268265,9.89369906236944
11480.0,101.66090393066406,559.7195190071243,-0.8656327600635807,-579.1280825658368,559.7195190071243,579.1280825658368,381.61566392425016,-1.887025844030794,-589.0217814461419,178.10385508287416,1.0213930839672134,9.893698880305049
11488.0,101.73179626464844,559.7195240980295,-0.8656321169534769,-579.1281877056954,559.7195240980295,579.1281877056954,381.61566880285443,-1.8870250012632548,-589.0218862910888,178.1038552951751,1.021392884309778,9.893698585393441
11496.0,101.80268859863281,559.719453453652,-0.8656251736112499,-579.1279323078538,559.719453453652,579.1279323078538,381.6155978848034,-1.8870181908432397,-589.0216313747308,178.10385556884862,1.0213930172319898,9.893699066876986
11504.0,101.87358093261719,559.7194603158193,-0.8655989654230192,-579.1280662370928,559.7194603158193,579.1280662370928,381.61560495716446,-1.8869919447851293,-589.0217651492226,178.10385535865487,1.0213929793621102,9.893698912129771
11512.0,101.94447326660156,559.7195157999904,-0.865582206342177,-579.1281261173698,559.7195157999904,579.1281261173698,381.61566002899474,-1.8869750064299424,-589.0218244554267,178.1038557709956,1.0213928000877655,9.893698338056893
11520.0,102.01536560058594,559.7193934392855,-0.8655939714156835,-579.127944675228,559.7193934392855,579.127944675228,381.61553806955806,-1.8869873189456632,-589.0216439354881,178.1038553697274,1.0213933475299797,9.893699260260036
11528.0,102.08625793457031,559.7194941561963,-0.8655810112061344,-579.1280575654697,559.7194941561963,579.1280575654697,381.6156380591412,-1.8869743795025533,-589.0217563430293,178.1038560970552,1.021393368296419,9.893698777559583
11536.0,102.15715026855469,559.7194541482002,-0.8655709563203153,-579.1280855063002,559.7194541482002,579.1280855063002,381.6155978595913,-1.8869640298793051,-589.0217846003816,178.10385628860885,1.0213930735589898,9.893699094081358
11544.0,102.22804260253906,559.719396950483,-0.8655832590962502,-579.127911135693,559.719396950483,579.127911135693,381.6155412343355,-1.8869758863971606,-589.0216103461023,178.10385571614745,1.0213926273009104,9.89369921040927
11552.0,102.29893493652344,559.7194447711609,-0.8655506536052124,-579.1280664052955,559.7194447711609,579.1280664052955,381.615588841022,-1.8869435252536748,-589.0217651597418,178.1038559301389,1.0213928716484624,9.893698754446309
11560.0,102.36982727050781,559.7193755635817,-0.8655437970135345,-579.1280245408918,559.7193755635817,579.1280245408918,381.61551954423453,-1.8869365575122266,-589.021723376817,178.10385601934723,1.021392760498692,9.893698835925207
11568.0,102.44071960449219,559.7193907524445,-0.865531359436559,-579.1280211810001,559.7193907524445,579.1280211810001,381.6155339741417,-1.8869244326298378,-589.0217203666273,178.10385677830283,1.0213930731932788,9.893699185627149
11576.0,102.51161193847656,559.7193935705656,-0.8655419025858047,-579.1281041494182,559.7193935705656,579.1281041494182,381.61553692565525,-1.8869345242260982,-589.0218028633415,178.10385664491028,1.0213926216402935,9.893698713923353
11584.0,102.58250427246094,559.719299502259,-0.865508565553041,-579.127853542236,559.719299502259,579.127853542236,381.6154429142804,-1.8869014348802988,-589.0215530250374,178.1038565879786,1.0213928693272578,9.893699482801377
11592.0,102.65339660644531,559.719356785364,-0.8655096506947602,-579.1280155328583,559.719356785364,579.1280155328583,381.61550002636613,-1.8869023780321652,-589.0217144105293,178.1038567589979,1.021392727337405,9.893698877670985
11600.0,102.72428894042969,559.7192835677567,-0.8655089792353063,-579.1279105818619,559.7192835677567,579.1279105818619,381.6154265309851,-1.886901899543263,-589.0216101765258,178.10385703677167,1.0213929203079566,9.893699594663916
11608.0,102.79518127441406,559.7193390701937,-0.8654807546850973,-579.1280347521014,559.7193390701937,579.1280347521014,381.615482071387,-1.88687386040196,-589.0217338115184,178.1038569988067,1.0213931057168626,9.893699059417038
11616.0,102.86607360839844,559.7193108924689,-0.8654731927840347,-579.1279322277255,559.7193108924689,579.1279322277255,381.6154534686774,-1.8868664594227988,-589.0216309597736,178.10385742379157,1.0213932666387642,9.893698732048051
11624.0,102.93696594238281,559.7192965630651,-0.8654442627888215,-579.1280053775187,559.7192965630651,579.1280053775187,381.6154396755099,-1.8868375666290151,-589.0217043368211,178.1038568875552,1.0213933038401937,9.89369895930244
11632.0,103.00785827636719,559.7192356495372,-0.8654835765313882,-579.1278466591932,559.7192356495372,579.1278466591932,381.61537865096693,-1.8868766184514465,-589.0215457970353,178.10385699857025,1.0213930419200583,9.893699137842038
11640.0,103.07875061035156,559.7191804846814,-0.8654694296540706,-579.127732403093,559.7191804846814,579.127732403093,381.6153238029575,-1.8868624362898379,-589.0214316920791,178.10385668172387,1.0213930066357673,9.893699288986134
11648.0,103.14964294433594,559.7191735496897,-0.8654541527256603,-579.1277969839546,559.7191735496897,579.1277969839546,381.61531707521,-1.8868471424831315,-589.0214961466778,178.10385647447964,1.0213929897574712,9.893699162723257
11656.0,103.22053527832031,559.7192209416846,-0.8654263754819436,-579.1279855382901,559.7192209416846,579.1279855382901,381.61536413329964,-1.8868200741226229,-589.0216843552689,178.10385680838502,1.0213936986406793,9.893698816978807
11664.0,103.29142761230469,559.7191802614865,-0.865402695000359,-579.1277975598479,559.7191802614865,579.1277975598479,381.6153233410509,-1.8867959878102418,-589.0214969639244,178.1038569204356,1.0213932928098828,9.893699404076486
11672.0,103.36231994628906,559.7192080277667,-0.865438581610757,-579.1278043702761,559.7192080277667,579.1278043702761,381.6153502085164,-1.8868316407037486,-589.0215036857674,178.1038578192503,1.0213930590929916,9.893699315491304
11680.0,103.43321228027344,559.7191832930185,-0.8654280042641949,-579.1278311676512,559.7191832930185,579.1278311676512,381.6153251501573,-1.886820976778984,-589.0215304978376,178.10385814286124,1.0213929725147892,9.893699330186479
11688.0,103.50410461425781,559.7191308037837,-0.865400279811559,-579.1277050681452,559.7191308037837,579.1277050681452,381.6152728535536,-1.8867933479946783,-589.0214046839558,178.10385795023012,1.0213930681831194,9.893699615810561
11696.0,103.57499694824219,559.7191832811575,-0.8654201153899121,-579.1277831996141,559.7191832811575,579.1277831996141,381.61532531052694,-1.8868131501147714,-589.021482474141,178.10385797063054,1.0213930347248592,9.893699274526828
11704.0,103.64588928222656,559.7191720903589,-0.8653817657354459,-579.1278626751794,559.7191720903589,579.1278626751794,381.61531405983385,-1.8867743144201068,-589.0215621619122,178.10385803052506,1.021392548684661,9.893699486732917
11712.0,103.71678161621094,559.7191722340234,-0.8653859130290806,-579.1279252644699,559.7191722340234,579.1279252644699,381.61531359327046,-1.8867788649737305,-589.0216244719892,178.10385864075295,1.0213929519446499,9.89369920751922
11720.0,103.78767395019531,559.7190981224599,-0.8653637142592245,-579.1276415875822,559.7190981224599,579.1276415875822,381.61523973996873,-1.8867565903889254,-589.0213413656872,178.10385838249107,1.0213928761297009,9.893699778105137
11728.0,103.85856628417969,559.7190867111794,-0.8653568268157854,-579.127784684059,559.7190867111794,579.127784684059,381.61522780777807,-1.8867499818638058,-589.0214845247586,178.10385890340143,1.0213931550480204,9.893699840699735
11736.0,103.92945861816406,559.7191346474478,-0.8653466085349057,-579.1277905805287,559.7191346474478,579.1277905805287,381.6152754825989,-1.886739866353742,-589.0214904711172,178.10385916484896,1.0213932578188363,9.893699890588582
11744.0,104.00035095214844,559.7190630982648,-0.8653446089829187,-579.1277533975792,559.7190630982648,579.1277533975792,381.6152041499211,-1.8867377285328653,-589.0214529433706,178.10385894834363,1.0213931195499466,9.893699545791382
11752.0,104.07125091552734,559.719045782634,-0.8653240300855378,-579.127780283092,559.719045782634,579.127780283092,381.6151866823891,-1.886717024991218,-589.0214802013411,178.10385910024488,1.0213929949056801,9.893699918249109
11760.0,104.14214324951172,559.7190025609661,-0.8653257316401142,-579.1276575402178,559.7190025609661,579.1276575402178,381.61514354321264,-1.8867189509930746,-589.0213573814618,178.10385901775345,1.0213932193529605,9.893699841243983
11768.0,104.2130355834961,559.719028748999,-0.8652776601452437,-579.1276794445293,559.719028748999,579.1276794445293,381.6151693483651,-1.8866705435220843,-589.0213792034917,178.10385940063392,1.0213928833768406,9.893699758962406
11776.0,104.28392791748047,559.7190761320476,-0.8652853348980791,-579.1278825474346,559.7190761320476,579.1278825474346,381.6152162097138,-1.8866784715200033,-589.0215814645162,178.10385992233373,1.0213931366219242,9.893698917081515
11784.0,104.35482025146484,559.7189659532269,-0.8652922868831139,-579.1276942825507,559.7189659532269,579.1276942825507,381.6151066283005,-1.8866853796413876,-589.0213936813109,178.10385932492636,1.0213930927582737,9.893699398760186
11792.0,104.42572021484375,559.7189825677333,-0.8652745897923779,-579.1277448812517,559.7189825677333,579.1277448812517,381.6151233680049,-1.886667675348919,-589.0214447804958,178.10385919972836,1.0213930855565412,9.893699899244044
11800.0,104.49664306640625,559.7189541173016,-0.8652631357957228,-579.1276891040837,559.7189541173016,579.1276891040837,381.6150944247861,-1.886656078043793,-589.0213887380395,178.10385969251553,1.0213929422480703,9.893699633955766
11808.0,104.56756591796875,559.7190034730929,-0.8652269133826653,-579.1277560415701,559.7190034730929,579.1277560415701,381.6151429622285,-1.8866204270820432,-589.021455908702,178.10386051086442,1.021393513699378,9.893699867131911
11816.0,104.63845825195312,559.7189430224016,-0.8651952573810164,-579.1276750406464,559.7189430224016,579.1276750406464,381.61508327797503,-1.8865887907762624,-589.0213750282378,178.10385974442653,1.021393533395246,9.893699987591395
11824.0,104.7093505859375,559.7189105855615,-0.8651940437577847,-579.1276281758279,559.7189105855615,579.1276281758279,381.61505081657504,-1.8865869917859905,-589.0213278121965,178.10385976898644,1.0213929480282058,9.893699636368687
11832.0,104.78024291992188,559.7189285647519,-0.8652282542775698,-579.1276567328459,559.7189285647519,579.1276567328459,381.61506847110087,-1.886621418181372,-589.021356221394,178.10386009365104,1.0213931639038023,9.893699488548059
11840.0,104.85113525390625,559.7188998293716,-0.8651819836857788,-579.1276680817709,559.7188998293716,579.1276680817709,381.6150396458486,-1.88657479395986,-589.0213678194939,178.10386018352304,1.0213928102740812,9.893699737722995
11848.0,104.92202758789062,559.718885897083,-0.8651973623940039,-579.1276866128976,559.718885897083,579.1276866128976,381.61502557457703,-1.8865903792341916,-589.0213861801532,178.10386032250597,1.0213930168401877,9.893699567255588
11856.0,104.992919921875,559.7189337939938,-0.8651652940237282,-579.127776500973,559.7189337939938,579.127776500973,381.6150730956195,-1.8865584538666083,-589.0214758601012,178.10386069837432,1.02139315984288,9.893699359128156
11864.0,105.06381225585938,559.7188717465408,-0.8651625507697602,-579.1277274518283,559.7188717465408,579.1277274518283,381.6150113495079,-1.8865555250960533,-589.0214268984153,178.10386039703286,1.021392974326293,9.89369944658694
11872.0,105.13470458984375,559.7188440849725,-0.8651677822135326,-579.1276206838924,559.7188440849725,579.1276206838924,381.6149835201941,-1.886560371860181,-589.0213201073627,178.10386056477847,1.0213925896466485,9.893699423470329
11880.0,105.20559692382812,559.7187706689733,-0.865169904913182,-579.1275406616421,559.7187706689733,579.1275406616421,381.614910296722,-1.8865626883249962,-589.0212406360333,178.1038603722513,1.0213927834118142,9.893699974391227
11888.0,105.2764892578125,559.7187496210938,-0.8651404533215254,-579.1274569150922,559.7187496210938,579.1274569150922,381.6148884335152,-1.8865333426136326,-589.0211570897447,178.10386118757864,1.0213928892921071,9.893700174652523
11896.0,105.34738159179688,559.7187862664398,-0.8651087168567559,-579.127523825003,559.7187862664398,579.127523825003,381.614924606934,-1.8865015658233353,-589.0212236686746,178.1038616595058,1.0213928489665793,9.893699843671602
11904.0,105.41827392578125,559.718765639195,-0.8651136652679892,-579.1275357931432,559.718765639195,579.1275357931432,381.61490435723096,-1.8865065000662558,-589.0212354628442,178.1038612819641,1.0213928347982666,9.89369966970093
11912.0,105.48916625976562,559.7187092628889,-0.8651125118266529,-579.1275217609278,559.7187092628889,579.1275217609278,381.61484771532827,-1.8865046300882016,-589.0212215970764,178.1038615475606,1.0213921182615486,9.893699836148599
11920.0,105.56005859375,559.7187349339966,-0.8650870271840256,-579.1275359504643,559.7187349339966,579.1275359504643,381.6148733374631,-1.8864797187787028,-589.0212357816624,178.10386159653353,1.0213926915946772,9.893699831198088
11928.0,105.63095092773438,559.7187828633798,-0.865069855358509,-579.1276308013696,559.7187828633798,579.1276308013696,381.6149206028471,-1.8864624127941094,-589.0213305070567,178.1038622605327,1.0213925574356004,9.893699705687109
11936.0,105.70184326171875,559.7186635738561,-0.8650731833255323,-579.1275134403326,559.7186635738561,579.1275134403326,381.61480152441214,-1.8864658752871462,-589.0212137165853,178.10386204944402,1.0213926919616139,9.893700276252678
11944.0,105.77273559570312,559.7186567281971,-0.8650283321139121,-579.1274561806464,559.7186567281971,579.1274561806464,381.6147939358686,-1.8864216379240855,-589.0211566610798,178.1038627923285,1.0213933058101734,9.89370048043341
11952.0,105.8436279296875,559.7186615065573,-0.8650225484480374,-579.1274968509105,559.7186615065573,579.1274968509105,381.614798656461,-1.8864153090392297,-589.0211970568835,178.10386285009633,1.0213927605911923,9.89370020597299
11960.0,105.91452026367188,559.7185858472378,-0.865033767765909,-579.1273711954444,559.7185858472378,579.1273711954444,381.6147233853808,-1.8864267532170063,-589.0210716746434,178.10386246185698,1.0213929854510972,9.893700479198994
11968.0,105.98541259765625,559.7186304368026,-0.8650340565600514,-579.127443286433,559.7186304368026,579.127443286433,381.6147674862342,-1.886426670391379,-589.021143863047,178.10386295056844,1.0213926138313276,9.893700576613886
11976.0,106.05630493164062,559.7186365406989,-0.8649747029442412,-579.1275404028454,559.7186365406989,579.1275404028454,381.61477309951374,-1.8863673989272782,-589.021240296297,178.1038634411851,1.021392695983037,9.893699893451622
11984.0,106.127197265625,559.7185764496528,-0.8649697963994956,-579.127412662033,559.7185764496528,579.127412662033,381.6147134882901,-1.8863623085718007,-589.0211128071162,178.10386296136275,1.021392512172305,9.893700145083235
11992.0,106.19808959960938,559.7185698662263,-0.8649732519201239,-579.1274606760011,559.7185698662263,579.1274606760011,381.6147064967164,-1.8863657911630094,-589.0211607493268,178.1038633695099,1.0213925392428855,9.893700073325654
12000.0,106.26898193359375,559.7185392264812,-0.8649603980727347,-579.127388772372,559.7185392264812,579.127388772372,381.614675491685,-1.8863531179269435,-589.0210891240506,178.10386373479616,1.0213927198542088,9.893700351678614
12008.0,106.33987426757812,559.7185085344058,-0.864940393207601,-579.1273961270693,559.7185085344058,579.1273961270693,381.6146448334157,-1.8863331303371091,-589.0210964119444,178.1038637009901,1.0213927371295082,9.893700284875084
12016.0,106.4107666015625,559.7185296022419,-0.8649435371897827,-579.127393513682,559.7185296022419,579.127393513682,381.61466546057534,-1.886336775457817,-589.0210936381931,178.10386414166655,1.0213932382680344,9.893700124510996
12024.0,106.48165893554688,559.7185206054406,-0.8649381029844543,-579.127442104881,559.7185206054406,579.127442104881,381.61465704353805,-1.886330551111338,-589.0211419259158,178.10386356190259,1.0213924481268837,9.893699821034804
12032.0,106.55255126953125,559.718445799316,-0.8649235175072878,-579.1272804234868,559.718445799316,579.1272804234868,381.61458202490223,-1.8863158742452164,-589.02098105554,178.1038637744137,1.0213923567379286,9.893700632053243
12040.0,106.62344360351562,559.7184617489223,-0.8648855995337792,-579.1274119705988,559.7184617489223,579.1274119705988,381.61459783501084,-1.8862784577010805,-589.0211118091107,178.10386391391148,1.0213928581673013,9.893699838511875
12048.0,106.6943359375,559.7183833529173,-0.8648616043081003,-579.1272440569676,559.7183833529173,579.1272440569676,381.6145201037928,-1.8862544981642153,-589.0209444099711,178.1038632491245,1.021392893856115,9.893700353003535
12056.0,106.76522827148438,559.7183557471966,-0.8648540218855585,-579.127281475711,559.7183557471966,579.127281475711,381.6144922632252,-1.8862465088454767,-589.0209815440991,178.1038634839714,1.0213924869599182,9.8937000683881
12064.0,106.83612060546875,559.7183907058221,-0.8648331006021603,-579.1274097516891,559.7183907058221,579.1274097516891,381.6145269241264,-1.8862257919117376,-589.0211092488117,178.10386378169574,1.0213926913095772,9.893699497122583
12072.0,106.90701293945312,559.7183353805027,-0.864809527362806,-579.1272753779607,559.7183353805027,579.1272753779607,381.61447133146487,-1.8862025326779532,-589.0209756272959,178.10386404903784,1.0213930053151472,9.89370024933525
12080.0,106.9779052734375,559.7183336294876,-0.864810712682659,-579.1273098636698,559.7183336294876,579.1273098636698,381.6144698659418,-1.8862034571520025,-589.0210102404483,178.10386376354575,1.0213927444693436,9.893700376778462
12088.0,107.04879760742188,559.7182479035689,-0.8648093649296591,-579.1271763690312,559.7182479035689,579.1271763690312,381.6143849532367,-1.8862020089751521,-589.0208766025769,178.10386295033214,1.021392644045493,9.893700233545685
12096.0,107.11968994140625,559.7182938301244,-0.864791811456409,-579.1272686532284,559.7182938301244,579.1272686532284,381.61443047692137,-1.8861840409991606,-589.02096876681,178.10386335320294,1.0213922295427516,9.893700113581634
12104.0,107.19058227539062,559.7182612959809,-0.8648122488868593,-579.1272907948595,559.7182612959809,579.1272907948595,381.61439792182557,-1.8862047473407086,-589.0209905082556,178.1038633741554,1.0213924984538494,9.893699713396124
12112.0,107.261474609375,559.7182277532194,-0.8647585359445507,-579.1271293118091,559.7182277532194,579.1271293118091,381.6143645845141,-1.8861511246456923,-589.0208292115918,178.10386316870526,1.0213925887011417,9.89369989978276
12120.0,107.33236694335938,559.7181975295365,-0.8647483608490711,-579.1271589659464,559.7181975295365,579.1271589659464,381.61433435356804,-1.8861411597499478,-589.0208587682812,178.10386317596848,1.0213927989008766,9.893699802334845
12128.0,107.40325927734375,559.7181121146184,-0.8647573348164115,-579.1270339949178,559.7181121146184,579.1270339949178,381.6142492270457,-1.886149762271145,-589.0207338343482,178.10386288757263,1.0213924274547335,9.893699839430347
12136.0,107.47415161132812,559.7181400013872,-0.8647821702887768,-579.127170126648,559.7181400013872,579.127170126648,381.6142772651142,-1.8861741656950208,-589.0208696987181,178.10386273627302,1.021391995406244,9.89369957207014
12144.0,107.5450439453125,559.7181385807364,-0.8647192881290535,-579.1271781550606,559.7181385807364,579.1271781550606,381.6142756101153,-1.8861117501666569,-589.0208777771708,178.1038629706211,1.0213924620376034,9.89369962211012
12152.0,107.61593627929688,559.7180930312086,-0.8647262270420026,-579.1270554382191,559.7180930312086,579.1270554382191,381.6142303917678,-1.886118809515065,-589.0207552108625,178.1038626394408,1.0213925824730623,9.893699772643329
12160.0,107.68682861328125,559.7180612969177,-0.8647033017365877,-579.1270807677815,559.7180612969177,579.1270807677815,381.61419848058483,-1.8860957426213356,-589.020780258812,178.10386281633282,1.021392440884748,9.893699491030496
12168.0,107.75772094726562,559.7181166368962,-0.8646820320389716,-579.1271206675402,559.7181166368962,579.1271206675402,381.6142534323111,-1.8860746142039018,-589.0208205314001,178.10386320458502,1.0213925821649301,9.893699863859865
12176.0,107.82861328125,559.7179931171098,-0.8646583875578426,-579.1269957686549,559.7179931171098,579.1269957686549,381.6141304075874,-1.8860508688937458,-589.0206953238142,178.10386270952236,1.0213924813359032,9.893699555159284
12184.0,107.89950561523438,559.7180706423085,-0.8646712835198436,-579.1271168786299,559.7180706423085,579.1271168786299,381.6142080393563,-1.8860637935697557,-589.0208167798241,178.10386260295218,1.0213925100499122,9.893699901194296
12192.0,107.97039794921875,559.7180178381712,-0.8646477385187872,-579.1271054475814,559.7180178381712,579.1271054475814,381.6141549918486,-1.886040198323963,-589.0208047073424,178.10386284632267,1.0213924598051758,9.893699259761103
12200.0,108.04129028320312,559.7180459404079,-0.8646273262991366,-579.1271531579234,559.7180459404079,579.1271531579234,381.61418266558485,-1.886019562218464,-589.0208526675755,178.10386327482306,1.0213922359193273,9.893699509652048
12208.0,108.1121826171875,559.7179987699095,-0.8645812011110161,-579.1271062720907,559.7179987699095,579.1271062720907,381.6141354931868,-1.8859738675014617,-589.02080543446,178.10386327672273,1.0213926663904456,9.893699162369279
12216.0,108.18307495117188,559.7180120897771,-0.8645954834309495,-579.1270911170957,559.7180120897771,579.1270911170957,381.6141482244625,-1.8859873582207647,-589.0207911881569,178.10386386531457,1.0213918747898152,9.89370007106119
12224.0,108.25397491455078,559.7179097531974,-0.8645855777572544,-579.1269789970457,559.7179097531974,579.1269789970457,381.61404651834357,-1.885977567575023,-589.020678869569,178.10386323485386,1.0213919898177686,9.89369987252324
12232.0,108.32486724853516,559.7179673601165,-0.8645854941432636,-579.1271052454713,559.7179673601165,579.1271052454713,381.61410436281045,-1.8859779216735704,-589.020804989924,178.10386299730604,1.0213924275303068,9.893699744452775
12240.0,108.39575958251953,559.717939196283,-0.8645491163477175,-579.1271302471399,559.717939196283,579.1271302471399,381.6140762253476,-1.8859411834210906,-589.0208298327909,178.10386297093544,1.0213920670733732,9.893699585650957
12248.0,108.4666519165039,559.7178460383461,-0.8645406481976448,-579.1269587670522,559.7178460383461,579.1269587670522,381.6139829804319,-1.8859328811001674,-589.0206578749785,178.10386305791417,1.0213922329025227,9.893699107926286
12256.0,108.53754425048828,559.7178440595608,-0.8645296248439078,-579.1269434230866,559.7178440595608,579.1269434230866,381.61398067949267,-1.8859221100458972,-589.0206432447646,178.10386338006808,1.0213924852019893,9.893699821678032
12264.0,108.60843658447266,559.7177990438895,-0.8645318983130288,-579.1269722890339,559.7177990438895,579.1269722890339,381.61393628027724,-1.885923979156054,-589.0206722632587,178.10386276361226,1.0213920808430252,9.89369997422477
12272.0,108.67932891845703,559.7178345231421,-0.8644979643301012,-579.1269325311325,559.7178345231421,579.1269325311325,381.6139712477817,-1.885890382833268,-589.020632100036,178.10386327536042,1.0213924185031669,9.893699568903411
12280.0,108.7502212524414,559.7177638120427,-0.8644760082782739,-579.1268309047535,559.7177638120427,579.1268309047535,381.61390086461574,-1.8858686214804905,-589.0205303067904,178.103862947427,1.0213926132022166,9.893699402036821
12288.0,108.82111358642578,559.7177350855536,-0.8644877608120414,-579.1268906399625,559.7177350855536,579.1268906399625,381.61387222763693,-1.8858793985509816,-589.0205900667474,178.10386285791662,1.0213916377389403,9.893699426784881
12296.0,108.89200592041016,559.7177225683093,-0.8644539646897273,-579.1269315254865,559.7177225683093,579.1269315254865,381.6138592037116,-1.8858462189306122,-589.0206308925865,178.10386336459771,1.0213922542408849,9.893699367100028
12304.0,108.96289825439453,559.7176903169603,-0.8644393656311182,-579.1268405384943,559.7176903169603,579.1268405384943,381.613827296369,-1.8858314875427125,-589.0205403651462,178.10386302059135,1.0213921219115942,9.893699826651908
12312.0,109.03382110595703,559.7176618513445,-0.8644139098780275,-579.1268339108631,559.7176618513445,579.1268339108631,381.6137983219994,-1.8858063603087447,-589.0205328218333,178.10386352934512,1.0213924504307172,9.893698910970171
12320.0,109.10475158691406,559.7176758764007,-0.8644293669890142,-579.1268601338643,559.7176758764007,579.1268601338643,381.6138129428142,-1.8858212986070568,-589.0205591296533,178.1038629335865,1.0213919316180426,9.893698995788984
12328.0,109.17564392089844,559.7176890971409,-0.8644124824313142,-579.1268793874865,559.7176890971409,579.1268793874865,381.61382549132713,-1.885804645874643,-589.020579189793,178.10386360581384,1.0213921634433287,9.893699802306532
12336.0,109.24653625488281,559.7175912675224,-0.8643940607775589,-579.1267337274912,559.7175912675224,579.1267337274912,381.6137281216377,-1.8857864008313934,-589.0204334458714,178.10386314588473,1.0213923400538345,9.893699718380155
12344.0,109.31742858886719,559.7176251948911,-0.8643892526051067,-579.1267748835243,559.7176251948911,579.1267748835243,381.6137614234203,-1.88578118054519,-589.020473993544,178.10386377147069,1.0213919279400834,9.893699110019709
12352.0,109.38832092285156,559.7175547620575,-0.8643542148534804,-579.1267092902409,559.7175547620575,579.1267092902409,381.61369123790905,-1.8857464353927478,-589.0204087289419,178.1038635241484,1.0213922205392674,9.893699438700995
12360.0,109.45921325683594,559.7175509141925,-0.8643410024807814,-579.1266987072975,559.7175509141925,579.1266987072975,381.6136873177933,-1.8857328021630284,-589.0203980143845,178.10386359639932,1.021391799682247,9.893699307087005
12368.0,109.53010559082031,559.7175659693778,-0.8643274282417108,-579.1267486530816,559.7175659693778,579.1267486530816,381.61370233749585,-1.885719779051164,-589.020448431228,178.1038636318819,1.0213923508094531,9.893699778146484
12376.0,109.60099792480469,559.7175172293046,-0.8643126984455902,-579.1266752353165,559.7175172293046,579.1266752353165,381.6136533329576,-1.8857052119046562,-589.0203744273509,178.10386389634698,1.021392513459066,9.893699192034482
12384.0,109.67189025878906,559.7174411984445,-0.864303260856889,-579.1266059307815,559.7174411984445,579.1266059307815,381.6135778004128,-1.8856955446186734,-589.0203058011391,178.10386339803165,1.0213922837617844,9.893699870357656
12392.0,109.74278259277344,559.7174839796696,-0.8642676782626584,-579.1266601972682,559.7174839796696,579.1266601972682,381.6136206772042,-1.8856603772513498,-589.0203597790655,178.10386330246536,1.0213926989886914,9.893699581797339
12400.0,109.81367492675781,559.7174035645821,-0.864292216945401,-579.1266358824302,559.7174035645821,579.1266358824302,381.61353958605696,-1.8856839315607328,-589.0203351363618,178.10386397852517,1.0213917146153317,9.893699253931675
12408.0,109.88456726074219,559.7174162291064,-0.8642814966633434,-579.1265750987152,559.7174162291064,579.1265750987152,381.61355245613987,-1.8856738014084335,-589.0202746003209,178.10386377296663,1.0213923047450901,9.893699501605735
12416.0,109.95545959472656,559.7173721376055,-0.8642545376012558,-579.1265434924826,559.7173721376055,579.1265434924826,381.61350820622215,-1.8856466953795321,-589.0202433031709,178.10386393138327,1.0213921577782763,9.893699810688297
12424.0,110.02635192871094,559.7173782313328,-0.8642267196041997,-579.126578420444,559.7173782313328,579.126578420444,381.6135140178466,-1.8856193418570166,-589.0202782082993,178.10386421348613,1.021392622252817,9.893699787855216
12432.0,110.09724426269531,559.7173622679587,-0.8642140279544286,-579.1265593862764,559.7173622679587,579.1265593862764,381.6134977701068,-1.885606229230385,-589.0202590449027,178.10386449785193,1.0213922012759564,9.89369965862625
12440.0,110.16813659667969,559.7173532882566,-0.8641875378719281,-579.126654532855,559.7173532882566,579.126654532855,381.6134889028316,-1.8855797047326353,-589.020353791798,178.10386438542503,1.021392166860707,9.893699258943014
12448.0,110.23902893066406,559.7173577834834,-0.8641757475849765,-579.1266864846289,559.7173577834834,579.1266864846289,381.613493561125,-1.88556839305563,-589.0203857729796,178.10386422235845,1.0213926454706534,9.893699288350714
12456.0,110.30992126464844,559.7173234908307,-0.8641635638397158,-579.1266351429371,559.7173234908307,579.1266351429371,381.613459140593,-1.885556020158763,-589.0203343832773,178.1038643502377,1.021392456319047,9.893699240340244
12464.0,110.38081359863281,559.7173020728806,-0.8641768571297579,-579.126673041904,559.7173020728806,579.126673041904,381.6134379778143,-1.8855689606547585,-589.0203726577724,178.10386409506629,1.0213921035250006,9.89369961586836
12472.0,110.45170593261719,559.7171994365987,-0.864142479374971,-579.126412357063,559.7171994365987,579.126412357063,381.613335401997,-1.885534542212861,-589.0201120983538,178.10386403460168,1.02139206283789,9.893699741290781
12480.0,110.52259826660156,559.7172154011382,-0.8641208760194816,-579.1264794484928,559.7172154011382,579.1264794484928,381.61335154909614,-1.8855132703503417,-589.0201788082436,178.10386385204202,1.02139239433086,9.893699359750817
12488.0,110.59349060058594,559.717201205445,-0.8641284311636452,-579.1265172740361,559.717201205445,579.1265172740361,381.6133370051924,-1.885520536337844,-589.0202169539787,178.10386420025264,1.0213921051741988,9.893699679942522
12496.0,110.66438293457031,559.7172058986428,-0.8640621361064111,-579.1265978138739,559.7172058986428,579.1265978138739,381.6133412457157,-1.8854542314766833,-589.0202970258086,178.10386465292703,1.0213920953702722,9.893699211934695
12504.0,110.73527526855469,559.7171553518917,-0.8640767987376279,-579.1265272021042,559.7171553518917,579.1265272021042,381.61329064046447,-1.885469172660109,-589.0202265153456,178.1038647114272,1.021392373922481,9.893699313241388
12512.0,110.80616760253906,559.717125898818,-0.8640717885025744,-579.1264689072884,559.717125898818,579.1264689072884,381.6132609274101,-1.8854640320437674,-589.0201681703945,178.10386497140786,1.021392243541193,9.893699263106058
12520.0,110.87705993652344,559.71707993845,-0.8640557577690364,-579.1264246204977,559.71707993845,579.1264246204977,381.6132155790393,-1.885448153949448,-589.0201242602179,178.10386435941066,1.0213923961804117,9.893699639720289
12528.0,110.94795227050781,559.7170234725637,-0.8640335225659399,-579.1263297664503,559.7170234725637,579.1263297664503,381.61315898752446,-1.8854262059628297,-589.0200293071161,178.10386448503925,1.0213926833968898,9.893699540665766
12536.0,111.01884460449219,559.7170340028445,-0.8640081700357722,-579.1264484116888,559.7170340028445,579.1264484116888,381.6131697743742,-1.8854002479809857,-589.020147912664,178.10386422847017,1.0213920779452135,9.893699500975208
12544.0,111.08973693847656,559.7170435411381,-0.8639744189180645,-579.1264328031909,559.7170435411381,579.1264328031909,381.6131796569969,-1.8853671055886947,-589.0201322149385,178.1038638841411,1.0213926866706302,9.893699411747498
12552.0,111.16062927246094,559.716980917947,-0.8639754718608286,-579.1263845679272,559.716980917947,579.1263845679272,381.6131168124829,-1.885367501518144,-589.0200834055445,178.10386410546417,1.0213920296573153,9.893698837617315
12560.0,111.23152160644531,559.7169934235786,-0.8639471367963578,-579.1263553760889,559.7169934235786,579.1263553760889,381.61312942816176,-1.885340178772279,-589.0200546328241,178.10386399541684,1.0213930419759212,9.893699256735204
12568.0,111.30241394042969,559.7170042965286,-0.863920370876345,-579.1264485476976,559.7170042965286,579.1264485476976,381.6131401889329,-1.885313327369179,-589.0201478187056,178.10386410759563,1.021392956492834,9.893699271007977
12576.0,111.37330627441406,559.7169590740345,-0.8639274572075908,-579.1263939483935,559.7169590740345,579.1263939483935,381.6130950385919,-1.8853197301761866,-589.0200929858856,178.10386403544268,1.0213922729685958,9.893699037492205
12584.0,111.44419860839844,559.7168873960136,-0.8639379386645674,-579.1263183083614,559.7168873960136,579.1263183083614,381.61302336576955,-1.885330669438912,-589.0200176588601,178.103864030244,1.0213927307743447,9.893699350498625
12592.0,111.51509094238281,559.7167850168415,-0.8638934117705626,-579.1260934371406,559.7167850168415,579.1260934371406,381.6129209034754,-1.8852859929972992,-589.019792713384,178.1038641133661,1.0213925812267366,9.893699276243428
12600.0,111.58598327636719,559.7169108681985,-0.8639046089365263,-579.126293421189,559.7169108681985,579.126293421189,381.6130467674533,-1.885297025312115,-589.019993285982,178.10386410074526,1.0213924163755888,9.893699864792952
12608.0,111.65687561035156,559.71682693773,-0.8638943813534636,-579.1262200691992,559.71682693773,579.1262200691992,381.612963016629,-1.8852865338504623,-589.0199195870744,178.1038639211011,1.0213921524969987,9.893699517875069
12616.0,111.72776794433594,559.7168006871776,-0.8638366023801347,-579.1261928194314,559.7168006871776,579.1261928194314,381.61293652107,-1.88522943427177,-589.0198924814893,178.10386416610763,1.0213928318916352,9.893699662057923
12624.0,111.79866027832031,559.7167551010085,-0.8638103211909396,-579.1261344192109,559.7167551010085,579.1261344192109,381.61289073387707,-1.8852027348278035,-589.0198337932443,178.10386436713142,1.021392413636864,9.893699374033428
12632.0,111.86955261230469,559.7167399431851,-0.8638248216351068,-579.1261236750028,559.7167399431851,579.1261236750028,381.61287554569765,-1.8852171545637733,-589.0198233599258,178.1038643974874,1.0213923329286665,9.893699684923034
12640.0,111.94044494628906,559.7167624144622,-0.8637892259124627,-579.1262309354529,559.7167624144622,579.1262309354529,381.61289796289,-1.885181756651626,-589.0199301716293,178.1038644515723,1.0213925307391634,9.893699236176406
12648.0,112.01133728027344,559.7166846542966,-0.8637886701558606,-579.126194048797,559.7166846542966,579.126194048797,381.61282092584025,-1.8851814427094058,-589.0198930299684,178.10386372845636,1.0213927725535452,9.89369898117149
12656.0,112.08222961425781,559.7167081727554,-0.8638029560704044,-579.1261756785068,559.7167081727554,579.1261756785068,381.6128440515801,-1.8851952845565374,-589.0198747040363,178.10386412117526,1.021392328486133,9.893699025529482
12664.0,112.15312194824219,559.7167087229254,-0.8637702418598403,-579.1262159036896,559.7167087229254,579.1262159036896,381.6128447915685,-1.8851627372748494,-589.0199148108377,178.10386393135695,1.021392495415009,9.893698907148114
12672.0,112.22401428222656,559.7166280728154,-0.8637394793923932,-579.1261302890493,559.7166280728154,579.1261302890493,381.61276365216855,-1.8851319052104571,-589.0198293274475,178.10386442064691,1.021392425818064,9.8936990383981
12680.0,112.29490661621094,559.7166536119489,-0.8637523586913884,-579.1261574881986,559.7166536119489,579.1261574881986,381.61278895621354,-1.885144517316541,-589.0198567882483,178.10386465573544,1.0213921586251526,9.893699300049656
12688.0,112.36579895019531,559.7166167379131,-0.8636782194893673,-579.1261390240113,559.7166167379131,579.1261390240113,381.6127523012831,-1.8850705574804731,-589.0198379617717,178.10386443663003,1.0213923379911058,9.893698937760425
12696.0,112.43669128417969,559.7166327368191,-0.863707315575061,-579.1262681603304,559.7166327368191,579.1262681603304,381.61276909018943,-1.8850995058402855,-589.0199669606448,178.10386364662958,1.0213921902652245,9.893698800314333
12704.0,112.50758361816406,559.7165339813039,-0.8636965891494501,-579.1259649073884,559.7165339813039,579.1259649073884,381.6126700778184,-1.885089146624507,-589.0196640671924,178.1038639034855,1.0213925574750569,9.893699159803937
12712.0,112.57847595214844,559.716523372991,-0.8636696760165519,-579.125977342654,559.716523372991,579.125977342654,381.61265967896725,-1.8850617361678816,-589.0196767334293,178.10386369402377,1.0213920601513298,9.893699390775328
12720.0,112.64936828613281,559.7165250991424,-0.8636569402384882,-579.1261198664761,559.7165250991424,579.1261198664761,381.6126611728898,-1.8850498013125327,-589.0198188655893,178.1038639262526,1.0213928610740446,9.893698999113168
12728.0,112.72026062011719,559.7164949393365,-0.8636318166158903,-579.1260278979862,559.7164949393365,579.1260278979862,381.61263057934315,-1.8850243155818793,-589.0197270804035,178.10386435999337,1.021392498965989,9.893699182417318
12736.0,112.79115295410156,559.7164657634422,-0.863633351544383,-579.1260158330789,559.7164657634422,579.1260158330789,381.6126015540138,-1.8850253892222284,-589.0197148551702,178.10386420942842,1.0213920376778454,9.893699022091248
12744.0,112.86204528808594,559.7164893972538,-0.8636285486518158,-579.1260901910912,559.7164893972538,579.1260901910912,381.61262490703905,-1.8850209360178543,-589.0197889629335,178.10386449021476,1.0213923873660384,9.893698771842363
12752.0,112.93293762207031,559.7163852744212,-0.8636136274418207,-579.1258762018626,559.7163852744212,579.1258762018626,381.6125206023274,-1.8850058508911904,-589.0195750715038,178.10386467209386,1.0213922234493698,9.893698869641131
12760.0,113.00382995605469,559.7163836078595,-0.8635593125161307,-579.1259634682505,559.7163836078595,579.1259634682505,381.61251901791013,-1.8849520002587496,-589.0196625228185,178.10386458994938,1.021392687742619,9.893699054568017
12768.0,113.07472229003906,559.7163554623708,-0.8635465150666963,-579.1258991198403,559.7163554623708,579.1258991198403,381.61249141779683,-1.884939013772998,-589.0195981532551,178.10386404457395,1.0213924987063017,9.893699033414787
12776.0,113.14561462402344,559.7163860355455,-0.8635370211111013,-579.1260246698998,559.7163860355455,579.1260246698998,381.6125222686961,-1.8849290024304786,-589.0197233351435,178.10386376684934,1.0213919813193773,9.893698665243608
12784.0,113.21650695800781,559.7162864938605,-0.8635303476388669,-579.1258770326668,559.7162864938605,579.1258770326668,381.6124224937653,-1.8849225662781377,-589.0195761559469,178.10386400009517,1.0213922186392708,9.89369912328004
12792.0,113.28739929199219,559.7163278523747,-0.8635327844546126,-579.1259732364562,559.7163278523747,579.1259732364562,381.61246349397265,-1.884925002273846,-589.0196721497872,178.103864358402,1.0213922178192334,9.89369891333099
12800.0,113.35829162597656,559.7162855948231,-0.863518772288205,-579.1259202934914,559.7162855948231,579.1259202934914,381.61242110887247,-1.884911097787941,-589.0196193843678,178.10386448595074,1.0213923254997361,9.893699090876442
12808.0,113.42918395996094,559.7162803070736,-0.8634877084865531,-579.1259591675307,559.7162803070736,579.1259591675307,381.61241523327755,-1.8848802842773038,-589.0196578405513,178.10386507379604,1.0213925757907507,9.893698673020612
12816.0,113.50007629394531,559.7162062307273,-0.8634749928771193,-579.125808247295,559.7162062307273,579.125808247295,381.6123412940468,-1.8848671019198022,-589.0195075486074,178.1038649366805,1.021392109042683,9.893699301312338
12824.0,113.57099914550781,559.7161822428689,-0.8634652728524674,-579.1258089685042,559.7161822428689,579.1258089685042,381.6123177748813,-1.8848577420337147,-589.0195078967809,178.10386446798753,1.0213924691812473,9.893698928276603
12832.0,113.64193725585938,559.7162046446554,-0.8634465169422638,-579.1258874905549,559.7162046446554,579.1258874905549,381.61233977903925,-1.884838353247953,-589.0195860529013,178.10386486561612,1.021391836305689,9.89369856234651
12840.0,113.71282958984375,559.716183450231,-0.8634032678688923,-579.1257795509051,559.716183450231,579.1257795509051,381.61231861694387,-1.8847955366619464,-589.0194786908271,178.10386483328716,1.0213922687930541,9.893699139921981
12848.0,113.78372192382812,559.7160999088953,-0.8634065854904365,-579.1257143668026,559.7160999088953,579.1257143668026,381.6122350730215,-1.8847988889046747,-589.0194134156321,178.10386483587382,1.0213923034142383,9.893699048829511
12856.0,113.8546142578125,559.7161342740555,-0.8633869391664093,-579.1257798913344,559.7161342740555,579.1257798913344,381.612269732744,-1.8847795619059249,-589.0194789188495,178.10386454131162,1.0213926227395156,9.89369902751502
12864.0,113.92550659179688,559.716060365073,-0.8633846719730234,-579.1257342108281,559.716060365073,579.1257342108281,381.61219557305424,-1.8847768289167353,-589.0194331736581,178.10386479201875,1.0213921569437119,9.893698962829987
12872.0,113.99639892578125,559.7160078917898,-0.8633566666804207,-579.1255924628688,559.7160078917898,579.1255924628688,381.61214255177634,-1.8847489910161972,-589.0192915827913,178.10386534001339,1.0213923243357765,9.893699119922507
12880.0,114.06729125976562,559.7160505866909,-0.8633683434066297,-579.125772550537,559.7160505866909,579.125772550537,381.6121857735012,-1.8847607012936143,-589.0194717424251,178.10386481318966,1.0213923578869846,9.893699191888086
12888.0,114.13818359375,559.7159630280202,-0.8633507722260587,-579.1256690144756,559.7159630280202,579.1256690144756,381.61209876492774,-1.8847431692092433,-589.0193677408498,178.10386426309242,1.0213923969831846,9.893698726374204
12896.0,114.20907592773438,559.7159675842072,-0.8633250166249509,-579.1257486863976,559.7159675842072,579.1257486863976,381.61210358998426,-1.8847173461161626,-589.0194469737596,178.103863994223,1.0213923294912117,9.893698287362012
12904.0,114.27996826171875,559.7159819224607,-0.8633052994458752,-579.1256828543293,559.7159819224607,579.1256828543293,381.6121174702889,-1.8846973920160228,-589.0193813461576,178.10386445217188,1.0213920925701476,9.89369849182838
12912.0,114.35086059570312,559.7159476307655,-0.8633013780693073,-579.1256248689401,559.7159476307655,579.1256248689401,381.6120831794152,-1.8846938781825386,-589.0193238914663,178.10386445135035,1.0213925001132313,9.893699022526278
12920.0,114.4217529296875,559.715862696892,-0.8632641021748579,-579.1255549384942,559.715862696892,579.1255549384942,381.61199764425317,-1.8846562150717325,-589.0192538539454,178.10386505263884,1.0213921128968746,9.893698915451193
12928.0,114.49264526367188,559.7159325152242,-0.863241932608656,-579.1256596237829,559.7159325152242,579.1256596237829,381.6120673408943,-1.8846340592043327,-589.019358687943,178.10386517432985,1.0213921265956767,9.893699064160216
12936.0,114.56353759765625,559.7158521448972,-0.8632108717331528,-579.1255019460906,559.7158521448972,579.1255019460906,381.61198665609726,-1.8846035737864186,-589.0192013997066,178.10386548879993,1.0213927020532658,9.89369945361602
12944.0,114.63442993164062,559.7158318531012,-0.863216272951215,-579.1255680059201,559.7158318531012,579.1255680059201,381.6119664693931,-1.884608477234634,-589.0192673411075,178.10386538370815,1.0213922042834191,9.89369933518747
12952.0,114.705322265625,559.7158114726576,-0.8631875953854156,-579.1254937065851,559.7158114726576,579.1254937065851,381.61194625657083,-1.8845801678778518,-589.0191926101563,178.10386521608677,1.0213925724924362,9.893698903571252
12960.0,114.77621459960938,559.7158015968076,-0.8631840981202159,-579.1255507666247,559.7158015968076,579.1255507666247,381.6119355391129,-1.8845762426361943,-589.0192499204993,178.10386605769472,1.0213921445159784,9.893699153874632
12968.0,114.84710693359375,559.7157284063121,-0.8631811795291888,-579.1254169428335,559.7157284063121,579.1254169428335,381.6118630854743,-1.8845738304625144,-589.0191164086228,178.10386532083788,1.0213926509333255,9.893699465789354
12976.0,114.91799926757812,559.7157355965883,-0.863146601857272,-579.1255035403731,559.7157355965883,579.1255035403731,381.6118700408322,-1.8845392679928494,-589.01920260935,178.10386555575607,1.0213926661355774,9.893699068976908
12984.0,114.9888916015625,559.715768644147,-0.8631424732805337,-579.1255645949524,559.715768644147,579.1255645949524,381.6119032107357,-1.8845345160005325,-589.0192636381498,178.1038654334113,1.0213920427199987,9.893699043197476
12992.0,115.05978393554688,559.7157303790912,-0.8630848356613008,-579.1255447190493,559.7157303790912,579.1255447190493,381.61186430467933,-1.884477413684742,-589.0192434452872,178.10386607441185,1.0213925780234412,9.893698726237847
13000.0,115.13067626953125,559.7156652985063,-0.8630845933697238,-579.1254885550976,559.7156652985063,579.1254885550976,381.61179939018535,-1.8844770504182442,-589.0191871077135,178.10386590832098,1.0213924570485204,9.893698552615941
13008.0,115.20156860351562,559.7156531837184,-0.8630635418670849,-579.1255003480446,559.7156531837184,579.1255003480446,381.6117870784135,-1.884455711067515,-589.0191997042774,178.1038661053048,1.0213921692004302,9.893699356232776
13016.0,115.2724609375,559.7156480599153,-0.8630532025015278,-579.1255083568992,559.7156480599153,579.1255083568992,381.6117817002955,-1.8844457556494594,-589.0192072510678,178.10386635961987,1.0213925531479315,9.893698894168534
13024.0,115.34335327148438,559.7155962942678,-0.8630361805043965,-579.1254121677224,559.7155962942678,579.1254121677224,381.6117303832936,-1.884428359639326,-589.0191108568666,178.10386591097424,1.0213921791349296,9.893698689144216
13032.0,115.41424560546875,559.7155766339379,-0.8630381648566106,-579.1253940890799,559.7155766339379,579.1253940890799,381.61171039101737,-1.8844301546934572,-589.0190926525568,178.10386624292056,1.0213919898368466,9.893698563476892
13040.0,115.48513793945312,559.7155560688398,-0.863039223997708,-579.1253710305085,559.7155560688398,579.1253710305085,381.61168997950097,-1.8844315554662092,-589.0190697672795,178.10386608933882,1.0213923314685012,9.893698736770968
13048.0,115.5560302734375,559.7154713733282,-0.8630383177753989,-579.1252998486283,559.7154713733282,579.1252998486283,381.61160513810495,-1.8844302310711503,-589.0189990830779,178.10386623522322,1.0213919132957514,9.893699234449628
13056.0,115.62692260742188,559.7154608482722,-0.8629416843110906,-579.1252173243439,559.7154608482722,579.1252173243439,381.6115940660336,-1.8843337244068827,-589.0189167584133,178.1038667822386,1.021392040095792,9.893699434069383
13064.0,115.69781494140625,559.7154780782762,-0.8629679005742363,-579.1253857699294,559.7154780782762,579.1253857699294,381.6116120091921,-1.8843603955049057,-589.0190847113171,178.10386606908412,1.0213924949306694,9.89369894138775
13072.0,115.76870727539062,559.7154453398111,-0.8629607028426003,-579.1253600459663,559.7154453398111,579.1253600459663,381.61157867405143,-1.8843535771381168,-589.019059149017,178.10386666575968,1.0213928742955165,9.893699103050754
13080.0,115.839599609375,559.7154359142409,-0.8629306124838578,-579.1253487999338,559.7154359142409,579.1253487999338,381.6115693128819,-1.8843229751123705,-589.0190482550457,178.10386660135896,1.0213923626285126,9.89369945511189
13088.0,115.91049194335938,559.7153718803422,-0.8629143110112398,-579.1252263089374,559.7153718803422,579.1252263089374,381.611505512782,-1.8843064431618721,-589.0189257319028,178.10386636756016,1.0213921321506323,9.893699422965367
13096.0,115.98138427734375,559.715339536454,-0.8628981508731126,-579.1251811407735,559.715339536454,579.1251811407735,381.61147261551923,-1.8842902114298745,-589.0188803390672,178.10386692093485,1.021392060556762,9.893699198293653
13104.0,116.05227661132812,559.7153456859589,-0.8628859615650564,-579.1252988012938,559.7153456859589,579.1252988012938,381.61147877686983,-1.884278562495962,-589.0189978937522,178.10386690908913,1.0213926009309056,9.893699092458371
13112.0,116.1231689453125,559.7153169645435,-0.8628732325530288,-579.1252448597851,559.7153169645435,579.1252448597851,381.6114505597404,-1.8842652471763666,-589.0189441877956,178.1038664048031,1.0213920146233377,9.893699328010504
13120.0,116.19406127929688,559.7153349590494,-0.8628467335132131,-579.1252433765085,559.7153349590494,579.1252433765085,381.61146838612854,-1.8842392435331101,-589.0189425032584,178.10386657292082,1.021392510019897,9.893699126749915
13128.0,116.26495361328125,559.7152279101678,-0.8628384978324299,-579.1251711861785,559.7152279101678,579.1251711861785,381.6113612766095,-1.8842308249050554,-589.0188699186906,178.10386663355823,1.0213923270726255,9.893698732512087
13136.0,116.33584594726562,559.7152406075772,-0.8628277996606784,-579.1251605393868,559.7152406075772,579.1251605393868,381.6113739913358,-1.8842204478911864,-589.0188601490655,178.1038666162414,1.021392648230508,9.893699609678716
13144.0,116.40673828125,559.7151768498748,-0.8627911278397651,-579.1252087166608,559.7151768498748,579.1252087166608,381.6113100487455,-1.8841837173394431,-589.0189074607458,178.1038668011293,1.021392589499678,9.893698744085025
13152.0,116.47763061523438,559.7151995177971,-0.862765541772621,-579.1251806035878,559.7151995177971,579.1251806035878,381.61133244821985,-1.8841577868541464,-589.0188796958722,178.10386706957735,1.0213922450815254,9.89369909228444
13160.0,116.54852294921875,559.7151319518184,-0.8627781843393647,-579.1251288750386,559.7151319518184,579.1251288750386,381.61126522583925,-1.8841702191983947,-589.0188282503992,178.10386672597917,1.02139203485903,9.893699375360583
13168.0,116.61941528320312,559.715130355984,-0.8627482175010872,-579.1250711538335,559.715130355984,579.1250711538335,381.6112632588871,-1.8841404409229323,-589.0187705212911,178.10386709709687,1.021392223421845,9.893699367457687
13176.0,116.6903076171875,559.7150445141849,-0.862728953789702,-579.1250211743253,559.7150445141849,579.1250211743253,381.61117762458514,-1.884120995474218,-589.0187203553872,178.10386688959971,1.021392041684516,9.893699181062003
13184.0,116.76119995117188,559.7150841822029,-0.8626987672629443,-579.125103518541,559.7150841822029,579.125103518541,381.61121667847954,-1.884091054238048,-589.0188029131348,178.1038675037234,1.0213922869751038,9.893699394593789
13192.0,116.83209228515625,559.7150319955435,-0.862684616470001,-579.12510792782,559.7150319955435,579.12510792782,381.6111644641891,-1.8840766770306105,-589.0188071508935,178.1038675313545,1.0213920605606095,9.89369922307357
13200.0,116.90298461914062,559.7150134701676,-0.8626890922841643,-579.124997177671,559.7150134701676,579.124997177671,381.6111453307684,-1.8840816179313937,-589.0186968296833,178.1038681393992,1.0213925256472294,9.893699652012327
13208.0,116.973876953125,559.7150088117482,-0.8626406121398338,-579.1250159664135,559.7150088117482,579.1250159664135,381.61114088417776,-1.8840331154909906,-589.0187153856311,178.10386792757055,1.0213925033511568,9.893699419217722
13216.0,117.04476928710938,559.714949797478,-0.8626569698175701,-579.1249267360761,559.714949797478,579.1249267360761,381.61108208316443,-1.884049282369633,-589.0186263579119,178.10386771431354,1.021392312552063,9.89369962183585
13224.0,117.11566162109375,559.7149020971065,-0.8626263871778339,-579.1248700419518,559.7149020971065,579.1248700419518,381.6110339383977,-1.8840192582461417,-589.0185697655924,178.10386815870874,1.0213928710683078,9.893699723640594
13232.0,117.18655395507812,559.7148864166868,-0.8626069984042459,-579.1249370418425,559.7148864166868,579.1249370418425,381.61101864870625,-1.8839994466004182,-589.0186364223218,178.10386776798055,1.0213924481961723,9.893699380479317
13240.0,117.2574462890625,559.7148877063778,-0.8625975593253492,-579.1249711881721,559.7148877063778,579.1249711881721,381.61102009775664,-1.8839897893976718,-589.0186704864421,178.1038676086211,1.0213922300723226,9.893699298270036
13248.0,117.32833862304688,559.7148585926784,-0.862579315694215,-579.124892661551,559.7148585926784,579.124892661551,381.61099024715315,-1.8839716880586144,-589.0185922576262,178.10386834552526,1.0213923723643994,9.893699596075223
13256.0,117.39923095703125,559.7148664296965,-0.8625541317524794,-579.1249387441623,559.7148664296965,579.1249387441623,381.6109982742156,-1.8839464670596966,-589.0186382323201,178.10386815548094,1.0213923353072172,9.893699488157885
13264.0,117.47012329101562,559.7148343214429,-0.8625140351245406,-579.124880366396,559.7148343214429,579.124880366396,381.61096549568833,-1.883906281250031,-589.0185800403322,178.10386882575463,1.0213922461254903,9.893699673936084
13272.0,117.541015625,559.7147403136544,-0.8625027877083831,-579.1249093711896,559.7147403136544,579.1249093711896,381.61087193458724,-1.883895426974961,-589.0186086966792,178.10386837906708,1.021392639266578,9.893699325489614
13280.0,117.61190795898438,559.7147421295218,-0.8624686877179517,-579.1247896617759,559.7147421295218,579.1247896617759,381.61087353228993,-1.8838613011515228,-589.0184892778691,178.1038685972319,1.0213926134335711,9.893699616093194
13288.0,117.68280792236328,559.7146930366632,-0.8624709799670054,-579.1247649395252,559.7146930366632,579.1247649395252,381.61082384138126,-1.883863495517586,-589.0184647800903,178.10386919528193,1.0213925155505805,9.893699840565127
13296.0,117.75370025634766,559.7146572251539,-0.8624240873508722,-579.1248317152416,559.7146572251539,579.1248317152416,381.6107888535216,-1.8838163449655259,-589.0185309374597,178.1038683716323,1.0213922576146537,9.893699222218107
13304.0,117.82459259033203,559.714709784062,-0.8624017571571638,-579.1248086280403,559.714709784062,579.1248086280403,381.610840935978,-1.8837941442752015,-589.0185082289752,178.103868848084,1.0213923871180377,9.893699600934822
13312.0,117.8954849243164,559.7146423698538,-0.8624219731546101,-579.1246759086628,559.7146423698538,579.1246759086628,381.6107735807482,-1.8838144740969098,-589.0183755182519,178.1038687891056,1.0213925009422997,9.89369960958914
13320.0,117.96637725830078,559.7146236227618,-0.8623808052648165,-579.1247473552104,559.7146236227618,579.1247473552104,381.61075485973265,-1.883773122147982,-589.0184468800851,178.10386876302908,1.0213923168831656,9.893699524874721
13328.0,118.03726959228516,559.7146082258406,-0.8623854225781624,-579.12479663476,559.7146082258406,579.12479663476,381.6107392440946,-1.8837775824494916,-589.0184958222086,178.103868981746,1.0213921598713291,9.893699187448634
13336.0,118.10819244384766,559.7145428804473,-0.8623575359993323,-579.1246890695629,559.7145428804473,579.1246890695629,381.6106739514193,-1.8837501660015326,-589.0183888570724,178.103868929028,1.0213926300022003,9.893699787509469
13344.0,118.17912292480469,559.7145159064155,-0.8623573113789607,-579.1246948341385,559.7145159064155,579.1246948341385,381.6106468553664,-1.8837495878975523,-589.018394349594,178.10386905104906,1.0213922765185917,9.893699515455477
13352.0,118.25001525878906,559.7145035035114,-0.8623172135917967,-579.1247832237946,559.7145035035114,579.1247832237946,381.6106348076251,-1.8837095828999013,-589.0184827299723,178.10386869588626,1.0213923693081046,9.893699506177748
13360.0,118.32090759277344,559.7144136843735,-0.8623212362009935,-579.1246548108724,559.7144136843735,579.1246548108724,381.61054492354884,-1.8837133763191298,-589.0183542464838,178.10386876082464,1.0213921401181363,9.893699435611481
13368.0,118.39179992675781,559.7144166503037,-0.8622556371082277,-579.124679268258,559.7144166503037,579.124679268258,381.61054765963183,-1.8836482498603244,-589.0183790820746,178.1038689906719,1.0213926127520967,9.893699813816648
13376.0,118.46269226074219,559.7144122560787,-0.8622733130740543,-579.1247074289097,559.7144122560787,579.1247074289097,381.6105430317701,-1.8836653727414405,-589.0184067807493,178.1038692243087,1.0213920596673862,9.893699351839555
13384.0,118.53358459472656,559.7143524074099,-0.8622682066553997,-579.1244695307893,559.7143524074099,579.1244695307893,381.61048292920776,-1.8836608462888043,-589.0181689900114,178.10386947820223,1.0213926396334045,9.893699459222185
13392.0,118.60447692871094,559.7143410146103,-0.862247784152784,-579.1245143023442,559.7143410146103,579.1245143023442,381.6104714895366,-1.8836402055232129,-589.0182137094898,178.10386952507372,1.0213924213704288,9.89369940714562
13400.0,118.67536926269531,559.7142883825436,-0.8621999821793995,-579.1245095711406,559.7142883825436,579.1245095711406,381.6104190117203,-1.883592600508189,-589.0182095190937,178.10386937082325,1.0213926183287896,9.893699947953063
13408.0,118.74626159667969,559.7142754897868,-0.8621825876997979,-579.1245645749259,559.7142754897868,579.1245645749259,381.61040578353914,-1.8835748064236855,-589.0182640922721,178.10386970624774,1.0213922187238875,9.893699517346217
13416.0,118.81715393066406,559.714228358633,-0.8621801937747757,-579.1244554534777,559.714228358633,579.1244554534777,381.61035887200677,-1.8835725135498413,-589.0181550001507,178.10386948662625,1.0213923197750656,9.893699546673012
13424.0,118.88804626464844,559.714273245161,-0.8621453953345863,-579.1245165793031,559.714273245161,579.1245165793031,381.61040337840075,-1.8835377812406762,-589.0182161576397,178.10386986676028,1.0213923859060898,9.893699578336586
13432.0,118.95893859863281,559.7142052869316,-0.86213101991483,-579.1244940102193,559.7142052869316,579.1244940102193,381.610336040677,-1.8835232517517322,-589.0181934201851,178.10386924625456,1.0213922318369022,9.893699409965688
13440.0,119.02983093261719,559.7141673138717,-0.8621112577516987,-579.124491111576,559.7141673138717,579.124491111576,381.6102978546867,-1.883503547619223,-589.0181905301476,178.10386945918503,1.0213922898675243,9.893699418571554
13448.0,119.10072326660156,559.714146567812,-0.8620759665227329,-579.1243854880194,559.714146567812,579.1243854880194,381.6102768702338,-1.8834690148812196,-589.0180849430225,178.10386969757818,1.0213930483584868,9.893699455003109
13456.0,119.17161560058594,559.714069362046,-0.8620801846313735,-579.1243774600027,559.714069362046,579.1243774600027,381.6102000703147,-1.8834726764296348,-589.018076762046,178.10386929173129,1.0213924917982613,9.893699302043224
13464.0,119.24250793457031,559.7141120943916,-0.8620538966024598,-579.1244676642515,559.7141120943916,579.1244676642515,381.6102425934246,-1.8834466193414117,-589.0181669095487,178.10386950096694,1.0213927227389519,9.89369924529717
13472.0,119.31340026855469,559.7140669513419,-0.8620336128729695,-579.1243616609038,559.7140669513419,579.1243616609038,381.61019698342085,-1.8834263320499298,-589.0180613900469,178.10386996792113,1.0213927191769603,9.893699729143165
13480.0,119.38429260253906,559.713991155752,-0.862002834627364,-579.1242474427635,559.713991155752,579.1242474427635,381.6101218824905,-1.8833951210416613,-589.0179474245916,178.1038692732614,1.0213922864142972,9.89369998182815
13488.0,119.45518493652344,559.7139974132499,-0.862012800289051,-579.1243011487338,559.7139974132499,579.1243011487338,381.6101280646867,-1.8834051691697322,-589.0180009436497,178.10386934856314,1.0213923688806812,9.893699794915825
13496.0,119.52607727050781,559.713991764209,-0.8619987668614657,-579.1243457309005,559.713991764209,579.1243457309005,381.61012201852117,-1.883390870769623,-589.0180449488779,178.10386974568783,1.0213921039081573,9.89369921797747
13504.0,119.59696960449219,559.7138826608966,-0.8619549626750151,-579.1242130572334,559.7138826608966,579.1242130572334,381.61001307825813,-1.8833472751038665,-589.0179124956857,178.1038695826385,1.0213923124288513,9.893699438452293
13512.0,119.66786193847656,559.7139382844148,-0.8619076122658953,-579.1243795793952,559.7139382844148,579.1243795793952,381.61006815474616,-1.8833000946721477,-589.0180791400833,178.10387012966862,1.0213924824062524,9.8936995606881
13520.0,119.73875427246094,559.7138607884522,-0.8619372207728002,-579.1242658875702,559.7138607884522,579.1242658875702,381.6099912100957,-1.8833297382320229,-589.0179653063267,178.1038695783564,1.0213925174592227,9.89369941875644
13528.0,119.80964660644531,559.713802260766,-0.8618985086889679,-579.1241229413573,559.713802260766,579.1241229413573,381.6099327966468,-1.8832917136364595,-589.0178231337675,178.10386946411916,1.0213932049474916,9.893700192410197
13536.0,119.88053894042969,559.7138513011747,-0.8618941862517477,-579.124321149808,559.7138513011747,579.124321149808,381.60998126685547,-1.883286412265786,-589.0180206616276,178.10387003431924,1.0213922260140382,9.893699511819591
13544.0,119.95143127441406,559.7137694385076,-0.8618649829612535,-579.1242183684061,559.7137694385076,579.1242183684061,381.6098995617409,-1.8832573991062143,-589.0179179732486,178.10386987676665,1.0213924161449608,9.893699604842435
13550.0,120.00460815429688,559.7137830637089,-0.8618349569240906,-579.1242607568316,559.7137830637089,579.1242607568316,381.60991301661494,-1.8832273346787987,-589.017960182121,178.103870047094,1.021392377754708,9.893699425289409
