step,t_u_l,fx_solver,fy_solver,fz_solver,drag_solver,downforce_solver,pressure_fx_solver,pressure_fy_solver,pressure_fz_solver,viscous_fx_solver,viscous_fy_solver,viscous_fz_solver
8.0,0.09049668908119202,545.8792822789059,18.886489359553867,-287.4700971844061,545.8792822789059,287.4700971844061,328.24247764850764,18.395751887452636,-314.42974725021196,217.63680463039825,0.49073747210123164,26.959650065805864
16.0,0.18725915253162384,448.5265860334761,17.963973997857654,-272.07063936840854,448.5265860334761,272.07063936840854,279.73392501139705,17.248303301356543,-294.86735082880597,168.79266102207907,0.715670696501111,22.79671146039745
24.0,0.2869062125682831,415.60366466159917,17.29732855211927,-286.8686798980517,415.60366466159917,286.8686798980517,270.1447134216537,16.377789047583665,-307.37871991215866,145.45895123994546,0.9195395045356081,20.51004001410696
32.0,0.3891935646533966,382.0255519936363,16.918459462743662,-290.63764889337654,382.0255519936363,290.63764889337654,250.59496964056194,15.835208899666187,-309.13078210326876,131.43058235307439,1.0832505630774762,18.49313320989225
40.0,0.4930135905742645,363.609021385589,16.58072783347857,-300.03699477651526,363.609021385589,300.03699477651526,241.55683014584764,15.370786223537861,-316.65503330862396,122.05219123974139,1.20994160994071,16.61803853210868
48.0,0.5980454683303833,351.71924115525786,16.557565470678632,-307.79042626739516,351.71924115525786,307.79042626739516,236.2846058231824,15.253612218479168,-322.72754636182617,115.43463533207544,1.3039532521994648,14.937120094431007
56.0,0.7040960788726807,343.63516222738417,16.315098151723497,-315.2875802968887,343.63516222738417,315.2875802968887,233.05064947835126,14.940791991114025,-328.7632934029107,110.58451274903294,1.3743061606094709,13.47571310602202
64.0,0.8108225464820862,337.4229536113016,16.24113851401829,-320.75770967677835,337.4229536113016,320.75770967677835,230.51371498007015,14.814367431235748,-332.968563731466,106.90923863123145,1.4267710827825417,12.210854054687672
72.0,0.9181837439537048,331.442973691935,16.277109566880263,-323.6944919791877,331.442973691935,323.6944919791877,227.43733097663016,14.81035886576709,-334.8235289479503,104.00564271530484,1.4667507011131726,11.129036968762605
80.0,1.0261292457580566,326.4360250998906,16.131238709118723,-325.94664163796386,326.4360250998906,325.94664163796386,224.79953367552326,14.633776571726717,-336.14855887866014,101.63649142436738,1.497462137392005,10.201917240696293
88.0,1.1345354318618774,322.420045580977,16.047144297526536,-327.143686764043,322.420045580977,327.143686764043,222.72083858190723,14.525326125032127,-336.56342917461336,99.69920699906976,1.52181817249441,9.419742410570352
96.0,1.2433003187179565,319.6058856384792,16.014585536314264,-328.0710188720296,319.6058856384792,328.0710188720296,221.44950520105684,14.473361591225139,-336.84487851967685,98.15638043742234,1.541223945089127,8.77385964764725
104.0,1.3523398637771606,317.3992301870954,15.902152262337328,-328.49733759342126,317.3992301870954,328.49733759342126,220.45078504740363,14.345241696684305,-336.74776766578066,96.94844513969176,1.5569105656530233,8.250430072359405
112.0,1.4616045951843262,315.14099447096083,15.841822578015124,-327.9753612406459,315.14099447096083,327.9753612406459,219.15859508884023,14.273255544674768,-335.8103361315329,95.98239938212059,1.5685670333403556,7.834974890886994
120.0,1.571057915687561,312.4809580561774,15.781563928263733,-326.37968983436434,312.4809580561774,326.37968983436434,217.3186804578952,14.20447752244,-333.8921111445534,95.1622775982822,1.5770864058237324,7.51242131018904
128.0,1.6806726455688477,309.8879793565586,15.649038945562587,-324.405682750072,309.8879793565586,324.405682750072,215.44819672341583,14.06606912249447,-331.6747123993513,94.43978263314278,1.5829698230681162,7.26902964927925
136.0,1.790420413017273,307.8260552756095,15.532212446919344,-322.4030389701642,307.8260552756095,322.4030389701642,214.0033398867355,13.945756511322564,-329.50016217847804,93.82271538887404,1.586455935596779,7.0971232083138736
144.0,1.9002690315246582,306.4389248688949,15.423072511331666,-320.649274956048,306.4389248688949,320.649274956048,213.1066648964498,13.834769768462023,-327.6398456161452,93.33225997244514,1.5883027428696441,6.9905706600971955
152.0,2.0101871490478516,305.4085063293611,15.300144328301265,-319.0340570522748,305.4085063293611,319.0340570522748,212.44937463794383,13.711239550040919,-325.97228511306315,92.95913169141724,1.5889047782603454,6.938228060788322
160.0,2.120149612426758,304.2442104284381,15.203018203074542,-317.16526154502753,304.2442104284381,317.16526154502753,211.5854068029846,13.614511423461611,-324.0915483163808,92.65880362545349,1.5885067796129322,6.926286771353268
168.0,2.2301371097564697,302.7978240142538,15.101972251345869,-315.04249182441134,302.7978240142538,315.04249182441134,210.41641910302184,13.514630590287336,-321.9828305840042,92.38140491123195,1.5873416610585327,6.9403387595928825
176.0,2.3401412963867188,301.35453469698996,14.979200804371,-312.9670062913055,301.35453469698996,312.9670062913055,209.2455193783588,13.393752625715116,-319.9371495732887,92.10901531863115,1.5854481786558852,6.9701432819832245
184.0,2.4501607418060303,300.2703002017553,14.866489997660148,-311.220502946718,300.2703002017553,311.220502946718,208.41007981818754,13.283616992599391,-318.2317736057958,91.86022038356775,1.582873005060757,7.011270659077811
192.0,2.560189962387085,299.6342670214966,14.763127203293994,-309.90614185100924,299.6342670214966,309.90614185100924,207.97425209832306,13.18328850258439,-316.96770631991114,91.66001492317352,1.5798387007096037,7.061564468901912
200.0,2.6702194213867188,299.20106925335807,14.669141230166872,-308.8414477147509,299.20106925335807,308.8414477147509,207.69144316098902,13.09258421755798,-315.95893639673324,91.50962609236905,1.5765570126088928,7.117488681982299
208.0,2.7802393436431885,298.63046825332077,14.592407023739398,-307.73706792767535,298.63046825332077,307.73706792767535,207.24719266516445,13.019228110270104,-314.9106852881419,91.38327558815632,1.5731789134692928,7.1736173604665465
216.0,2.8902461528778076,297.8346415080949,14.515946147876148,-306.54754781556653,297.8346415080949,306.54754781556653,206.58286773879593,12.946191425334764,-313.7720792946794,91.25177376929895,1.5697547225413842,7.224531479112826
224.0,3.000241994857788,297.0227069350159,14.434265275072075,-305.44713560657607,297.0227069350159,305.44713560657607,205.9143383249047,12.867977762787763,-312.7148870530641,91.10836861011117,1.5662875122843127,7.267751446488026
232.0,3.110231637954712,296.45180052682656,14.358831629722975,-304.62195291365185,296.45180052682656,304.62195291365185,205.48112035214896,12.796112355850102,-311.9264464442513,90.97068017467757,1.5627192738728732,7.3044935305994505
240.0,3.2202157974243164,296.17941204332055,14.292295091761611,-304.11077158033174,296.17941204332055,304.11077158033174,205.32003171725037,12.733105097088023,-311.4477534054369,90.85938032607015,1.5591899946735874,7.336981825105174
248.0,3.330190896987915,296.01903564552794,14.237156088889906,-303.74757515475414,296.01903564552794,303.74757515475414,205.2422172523323,12.681355288393934,-311.1135053381433,90.77681839319564,1.555800800495971,7.365930183389113
256.0,3.4401543140411377,295.73482065475514,14.192502398648571,-303.3288181784838,295.73482065475514,303.3288181784838,205.02911575874163,12.639870419651757,-310.71888652675653,90.70570489601351,1.5526319789968146,7.390068348272749
264.0,3.5501060485839844,295.275027317255,14.148174876885898,-302.81564113030555,295.275027317255,302.81564113030555,204.64817676680246,12.598525693134022,-310.22337277802535,90.62685055045256,1.5496491837518764,7.407731647719825
272.0,3.660048723220825,294.79321380564124,14.10135917732338,-302.32743849028606,294.79321380564124,302.32743849028606,204.2560121412186,12.554569280889204,-309.746434686519,90.53720166442264,1.5467898964341749,7.4189961962329445
280.0,3.7699880599975586,294.47614174909086,14.056685614193302,-302.00213798642,294.47614174909086,302.00213798642,204.0256137417236,12.512639972119338,-309.42818121481446,90.4505280073673,1.5440456420739634,7.426043228394448
288.0,3.879925012588501,294.358072399192,14.017511715579888,-301.8575400428138,294.358072399192,301.8575400428138,203.97615219615477,12.476045951443592,-309.28891438432925,90.3819202030372,1.5414657641362954,7.431374341515429
296.0,3.989858388900757,294.3011526635937,13.985694316991975,-301.7714981789683,294.3011526635937,301.7714981789683,203.96834593193557,12.446584024434767,-309.2075404494084,90.33280673165817,1.5391102925572069,7.436042270440124
304.0,4.099785804748535,294.14192894048233,13.95882600966585,-301.607783133084,294.14192894048233,301.607783133084,203.85122850010546,12.421830664809796,-309.04720098033323,90.29070044037687,1.536995344856054,7.439417847249236
312.0,4.209708213806152,293.85025870147155,13.931032090766506,-301.3447256940825,293.85025870147155,301.3447256940825,203.60796643263492,12.39594110062471,-308.7852226745299,90.24229226883661,1.535090990141795,7.440496980447413
320.0,4.319627285003662,293.54131546353364,13.900578061942962,-301.075496917468,293.54131546353364,301.075496917468,203.35532165318816,12.367233767276321,-308.5148977049088,90.1859938103455,1.5333442946666413,7.439400787440793
328.0,4.429548740386963,293.347831886363,13.870543986690334,-300.90255829319364,293.347831886363,300.90255829319364,203.21586240343035,12.33880270516217,-308.34012801707115,90.13196948293262,1.5317412815281641,7.437569723877543
336.0,4.539470672607422,293.2901165504289,13.844058656754822,-300.83736712505606,293.2901165504289,300.83736712505606,203.19932620947378,12.313777995215228,-308.2739488972778,90.0907903409551,1.5302806615395936,7.436581772221757
344.0,4.649392604827881,293.2667667981149,13.82250553066767,-300.7942715405043,293.2667667981149,300.7942715405043,203.20376126921667,12.293498824827399,-308.2311472928018,90.06300552889819,1.5290067058402714,7.436875752297453
352.0,4.759312152862549,293.16419630422774,13.803836390869476,-300.6826533010532,293.16419630422774,300.6826533010532,203.12478561065964,12.275917485518166,-308.12034322815384,90.03941069356807,1.5279189053513096,7.4376899271006325
360.0,4.869230270385742,292.9659049979409,13.784275869163604,-300.493376116493,292.9659049979409,300.493376116493,202.9552784347759,12.257297652072314,-307.9313901423751,90.010626563165,1.5269782170912896,7.438014025882119
368.0,4.9791483879089355,292.7577581444778,13.762888012665588,-300.298392918161,292.7577581444778,300.298392918161,202.78184265096752,12.236749923852408,-307.73609731152953,89.97591549351029,1.5261380888131808,7.437704393368529
376.0,5.089068412780762,292.63393313133855,13.741785931912155,-300.172459474537,292.63393313133855,300.172459474537,202.6912109607779,12.216407190116476,-307.610010342453,89.94272217056066,1.5253787417956794,7.437550867916008
384.0,5.198990345001221,292.6049368094533,13.72348512451952,-300.1213560112126,292.6049368094533,300.1213560112126,202.686461320623,12.198772285696805,-307.5598000981215,89.91847548883032,1.5247128388227147,7.438444086908923
392.0,5.308912754058838,292.5963513494603,13.708735935397607,-300.08382795246916,292.5963513494603,300.08382795246916,202.69313558586023,12.18456827678182,-307.52428927936245,89.90321576360009,1.5241676586157886,7.4404613268932875
400.0,5.418834686279297,292.5286326455405,13.695671689065225,-299.99732383701956,292.5286326455405,299.99732383701956,202.6384671846944,12.171901821751147,-307.4401606085384,89.89016546084605,1.5237698673140776,7.442836771518827
408.0,5.528753757476807,292.3935263978806,13.682211122363062,-299.858074359328,292.3935263978806,299.858074359328,202.52069807418553,12.158752342335088,-307.3028727651456,89.87282832369505,1.523458780027974,7.4447984058176235
416.0,5.638673305511475,292.25385163338296,13.667598638155104,-299.71873429261245,292.25385163338296,299.71873429261245,202.40287207608242,12.144397562535783,-307.1649192260882,89.85097955730053,1.5232010756193213,7.446184933475744
424.0,5.748600482940674,292.1759902034864,13.653358740562174,-299.63211595394563,292.1759902034864,299.63211595394563,202.34587068266427,12.130380345297493,-307.0796390968727,89.83011952082211,1.522978395264682,7.447523142927104
432.0,5.858524799346924,292.16453489940994,13.641302824558675,-299.5997172489195,292.16453489940994,299.5997172489195,202.34909767116554,12.11850370536003,-307.0491150588483,89.8154372282444,1.5227991191986452,7.449397809928853
440.0,5.968449115753174,292.16471046584104,13.631997146471072,-299.576281399956,292.16471046584104,299.576281399956,202.3579100324263,12.109322619745212,-307.0281187415666,89.80680043341476,1.5226745267258592,7.451837341610613
448.0,6.078373432159424,292.12076692298217,13.624100795007953,-299.51775981365864,292.12076692298217,299.51775981365864,202.32148282838253,12.101495527861012,-306.97205945825544,89.79928409459961,1.5226052671469414,7.45429964459679
456.0,6.188292026519775,292.0291311676063,13.615861170775196,-299.42346274395356,292.0291311676063,299.42346274395356,202.2407759062848,12.093291854144592,-306.8796800492198,89.7883552613215,1.5225693166306038,7.456217305266268
464.0,6.298213958740234,291.93617150916043,13.606857060598662,-299.33179682986236,291.93617150916043,299.33179682986236,202.16208596112065,12.084310189173472,-306.78931325291643,89.77408554803975,1.5225468714251904,7.457516423054048
472.0,6.408138275146484,291.8882344056554,13.598077907059874,-299.2792805342553,291.8882344056554,299.2792805342553,202.12771093964358,12.075549862993219,-306.7378905923098,89.7605234660118,1.522528044066656,7.4586100580545125
480.0,6.518062591552734,291.8868426011576,13.590888855053612,-299.26549201049653,291.8868426011576,299.26549201049653,202.13550934138323,12.068368533200692,-306.72542964693,89.75133325977434,1.522520321852919,7.45993763643348
488.0,6.627983093261719,291.89156605431594,13.585523652641212,-299.2566969659543,291.89156605431594,299.2566969659543,202.1453205475149,12.062989304637377,-306.71822246981714,89.74624550680102,1.5225343480038358,7.461525503862825
496.0,6.737907409667969,291.86346832134205,13.581033467385206,-299.2221934409477,291.86346832134205,299.2221934409477,202.12175654925377,12.05845991521666,-306.6852009638069,89.74171177208828,1.5225735521685446,7.463007522859174
504.0,6.8478264808654785,291.8016799095997,13.57614878992816,-299.16252863713333,291.8016799095997,299.16252863713333,202.06710617469201,12.053526292244516,-306.6265396941354,89.7345737349077,1.5226224976836442,7.464011057002044
512.0,6.9577460289001465,291.74018797482535,13.570590778260348,-299.10564155133585,291.74018797482535,299.10564155133585,202.01514130878988,12.047921584929739,-306.57016954660736,89.72504666603547,1.5226691933306093,7.464527995271494
520.0,7.067668437957764,291.71155888137537,13.565140935127404,-299.0771040519379,291.71155888137537,299.0771040519379,201.9954540670139,12.042434327295295,-306.541990099732,89.71610481436144,1.5227066078321094,7.464886047794069
528.0,7.177592754364014,291.71510973152147,13.560737553881596,-299.07505871283985,291.71510973152147,299.07505871283985,202.0048078352525,12.037994409574278,-306.54047066496946,89.71030189626899,1.5227431443073178,7.465411952129618
536.0,7.287516117095947,291.7215130896855,13.557505689963595,-299.07491337347153,291.7215130896855,299.07491337347153,202.0141805325388,12.034718302156602,-306.541042829274,89.70733255714673,1.522787387806992,7.466129455802445
544.0,7.397435665130615,291.7033551776719,13.554749549847307,-299.0551214302877,291.7033551776719,299.0551214302877,201.99874563456504,12.031910375210956,-306.5219033951305,89.70460954310683,1.5228391746363514,7.466781964842745
552.0,7.507354736328125,291.6614539266729,13.551594055297512,-299.01717944127336,291.6614539266729,299.01717944127336,201.961505614661,12.028701826074553,-306.48429967629176,89.69994831201187,1.522892229222959,7.467120235018371
560.0,7.617273807525635,291.62097885325625,13.547932990771,-298.9818319042748,291.62097885325625,298.9818319042748,201.92735763010424,12.024997510301034,-306.4489897803685,89.69362122315204,1.5229354804699669,7.4671578760936415
568.0,7.727193355560303,291.60388996011966,13.544304387722386,-298.9660620380331,291.60388996011966,298.9660620380331,201.91610729368864,12.021336538398042,-306.43320029340265,89.68778266643102,1.5229678493243437,7.4671382553695365
576.0,7.8371124267578125,291.6091507897694,13.541359230160833,-298.96826416394083,291.6091507897694,298.96826416394083,201.9249505552987,12.018364247726813,-306.4355554495382,89.68420023447067,1.5229949824340192,7.467291285597364
584.0,7.947038173675537,291.61525237530543,13.539227462276303,-298.9705063472993,291.61525237530543,298.9705063472993,201.9326821671081,12.016203031321368,-306.4381291536596,89.68257020819735,1.5230244309549357,7.467622806360265
592.0,8.056957244873047,291.60328853790867,13.537371900809958,-298.9579072324898,291.60328853790867,298.9579072324898,201.92227673439382,12.014315851329496,-306.4258514746353,89.68101180351483,1.5230560494804637,7.467944242145526
600.0,8.166876792907715,291.5746015454773,13.535210039324964,-298.93228221256567,291.5746015454773,298.93228221256567,201.8965718896783,12.012124528647737,-306.40036174243346,89.67802965579898,1.5230855106772268,7.468079529867769
608.0,8.276795387268066,291.5475039836997,13.53265526833356,-298.90867005837634,291.5475039836997,298.90867005837634,201.87363546847223,12.009549466895855,-306.3767097624336,89.67386851522744,1.523105801437704,7.4680397040572535
616.0,8.38672161102295,291.5372831510845,13.530122280377437,-298.8990790816331,291.5372831510845,298.8990790816331,201.86718515459253,12.007005589526283,-306.3670770972324,89.67009799649199,1.5231166908511535,7.467998015599348
624.0,8.496641159057617,291.5425628961991,13.528114687983416,-298.9015849010327,291.5425628961991,298.9015849010327,201.87461903285381,12.004991119360792,-306.36969583522637,89.66794386334527,1.5231235686226245,7.468110934193639
632.0,8.606560707092285,291.5476476238179,13.526672833985089,-298.90348696291653,291.5476476238179,298.90348696291653,201.88052383176094,12.003541034457772,-306.3718552123212,89.66712379205696,1.5231317995273161,7.468368249404631
640.0,8.716479301452637,291.53946252450544,13.525424905606341,-298.8943718123679,291.53946252450544,298.8943718123679,201.87318007309932,12.002284886206347,-306.3630008163225,89.66628245140612,1.5231400193999947,7.468629003954579
648.0,8.826407432556152,291.51947684767094,13.523939015298112,-298.8760573937696,291.51947684767094,298.8760573937696,201.8551046565155,12.000791278012445,-306.34482088217953,89.66437219115546,1.5231477372856665,7.468763488409917
656.0,8.936326026916504,291.5011711895464,13.5221745814192,-298.8596347628481,291.5011711895464,298.8596347628481,201.83953694860668,11.999026793398388,-306.3284171036939,89.66163424093972,1.5231477880208129,7.468782340845796
664.0,9.046245574951172,291.4952018002722,13.5204729917029,-298.8533742631942,291.4952018002722,298.8533742631942,201.83599841845907,11.997331460236818,-306.32218384161666,89.65920338181309,1.5231415314660817,7.468809578422449
672.0,9.15616512298584,291.49976542673136,13.51915432678755,-298.8554356732114,291.49976542673136,298.8554356732114,201.84184405520426,11.996021001137954,-306.32438372740705,89.65792137152711,1.5231333256495967,7.468948054195664
680.0,9.266091346740723,291.50368603291844,13.518206237776802,-298.8566550674368,291.50368603291844,298.8566550674368,201.846143624582,11.995080289521457,-306.32583958389176,89.65754240833644,1.5231259482553448,7.469184516454932
688.0,9.37601089477539,291.4980193515697,13.517416591387649,-298.85004298089336,291.4980193515697,298.85004298089336,201.84092919121306,11.994296547450869,-306.3194557750399,89.65709016035669,1.5231200439367805,7.469412794146516
696.0,9.485930442810059,291.4841057366278,13.51643266307457,-298.837023533696,291.4841057366278,298.837023533696,201.828260058695,11.993318488154344,-306.30656773878906,89.65584567793277,1.5231141749202255,7.469544205093012
704.0,9.59584903717041,291.47176640367627,13.515260769620756,-298.8257443461904,291.47176640367627,298.8257443461904,201.81773483787475,11.992156623823444,-306.295333757718,89.6540315658015,1.523104145797313,7.469589411527641
712.0,9.70577621459961,291.4683684588446,13.51414735622316,-298.8219657658916,291.4683684588446,298.8219657658916,201.81592105952626,11.991057057218322,-306.2916009310365,89.65244739931836,1.5230902990048385,7.469635165144901
720.0,9.815695762634277,291.47221228951287,13.51329962038787,-298.8237974897572,291.47221228951287,298.8237974897572,201.82052893355188,11.990223265053121,-306.2935548615018,89.651683355961,1.5230763553347502,7.469757371744532
728.0,9.925614356994629,291.47526027558087,13.512737171104993,-298.82481909341647,291.47526027558087,298.82481909341647,201.82373546250443,11.989674119044846,-306.2947568372,89.65152481307643,1.5230630520601465,7.469937743783533
736.0,10.035533905029297,291.4712315001258,13.51225560603324,-298.82008951144974,291.4712315001258,298.82008951144974,201.81994336456967,11.989203042634657,-306.29019551417855,89.65128813555614,1.5230525633985819,7.4701060027288
744.0,10.145462989807129,291.46163904175893,13.511625307252881,-298.81113911974353,291.46163904175893,298.81113911974353,201.8111792197119,11.988582737149006,-306.2813346371051,89.65045982204703,1.5230425701038754,7.470195517361579
752.0,10.25538158416748,291.45340305993875,13.510880372198034,-298.8036866649364,291.45340305993875,298.8036866649364,201.80415617085566,11.98785034328679,-306.2739103963037,89.64924688908306,1.5230300289112444,7.4702237313673105
760.0,10.365301132202148,291.4512922987525,13.510177199474063,-298.80112176508,291.4512922987525,298.80112176508,201.80308561180564,11.987161208978023,-306.27137329764435,89.64820668694684,1.5230159904960399,7.47025153256436
768.0,10.475220680236816,291.4547203648195,13.509599346328532,-298.80330480308305,291.4547203648195,298.80330480308305,201.80697097985478,11.986596522019571,-306.27363305594207,89.64774938496468,1.523002824308961,7.470328252859009
776.0,10.585148811340332,291.4567887996902,13.509292375283298,-298.8040193388798,291.4567887996902,298.8040193388798,201.80908525996747,11.986301691003538,-306.2744634584835,89.6477035397227,1.52299068427976,7.470444119603729
784.0,10.695069313049316,291.4540657478743,13.508992668741179,-298.8008239901381,291.4540657478743,298.8008239901381,201.8064823687676,11.98601212771912,-306.271376084631,89.64758337910675,1.5229805410220587,7.470552094492922
792.0,10.804993629455566,291.4474715726873,13.50858537321337,-298.7949206174739,291.4474715726873,298.7949206174739,201.800438642255,11.98561319124653,-306.26551756192913,89.6470329304323,1.5229721819668391,7.4705969444552425
800.0,10.914917945861816,291.4419605774931,13.508086673526,-298.789848387499,291.4419605774931,298.789848387499,201.79573828453368,11.98512485837889,-306.26045502798627,89.64622229295942,1.5229618151471098,7.470606640487269
808.0,11.024837493896484,291.44099455796993,13.507623154597232,-298.78873335130857,291.44099455796993,298.78873335130857,201.79545439987257,11.984671491513208,-306.25934439952493,89.64554015809738,1.522951663084024,7.470611048216357
816.0,11.134761810302734,291.44341300455375,13.507279645261246,-298.79005121189147,291.44341300455375,298.79005121189147,201.79813130407985,11.984338041779726,-306.260712069343,89.64528170047389,1.5229416034815193,7.47066085745157
824.0,11.244686126708984,291.44515342753976,13.507113611425174,-298.79094628565946,291.44515342753976,298.79094628565946,201.7998627499548,11.984180412699414,-306.2616798533004,89.64529067758495,1.522933198725759,7.470733567640913
832.0,11.354610443115234,291.4431779966775,13.506893340250219,-298.78862012511723,291.4431779966775,298.78862012511723,201.79794423914836,11.983966645045733,-306.259422188945,89.6452337575291,1.5229266952044864,7.4708020638277866
840.0,11.464523315429688,291.4385132477681,13.506641910824596,-298.78422796931125,291.4385132477681,298.78422796931125,201.79364552428993,11.98372138965587,-306.25505810344197,89.64486772347817,1.5229205211687273,7.470830134130703
848.0,11.574447631835938,291.43495544488957,13.50631590320792,-298.7810362138783,291.43495544488957,298.7810362138783,201.79061814263963,11.983401915574795,-306.2518710089013,89.64433730224995,1.5229139876331241,7.470834795023004
856.0,11.684371948242188,291.43425022747556,13.50602450939765,-298.78000409113497,291.43425022747556,298.78000409113497,201.79035841470994,11.983117365734103,-306.2508446288741,89.64389181276562,1.5229071436635473,7.470840537739169
864.0,11.794296264648438,291.43610484060986,13.505766898884193,-298.78108275255283,291.43610484060986,298.78108275255283,201.7923620443264,11.982866097140956,-306.25196028160315,89.64374279628345,1.5229008017432366,7.47087752905033
872.0,11.90420913696289,291.43745037025485,13.505711551572714,-298.7817987084904,291.43745037025485,298.7817987084904,201.79367530193258,11.982816134915314,-306.25272890633767,89.6437750683223,1.5228954166574002,7.4709301978472995
880.0,12.01413345336914,291.4359394951434,13.505564415242217,-298.7799224837491,291.4359394951434,298.7799224837491,201.79218162101873,11.9826724236419,-306.25090373997716,89.64375787412463,1.5228919916003179,7.47098125622807
888.0,12.12405776977539,291.43299157007465,13.50536670374209,-298.7770439138843,291.43299157007465,298.7770439138843,201.78946098552427,11.982478251363387,-306.2480510100953,89.64353058455038,1.5228884523787034,7.471007096211006
896.0,12.23398208618164,291.4304783282524,13.505167653469899,-298.7747691692633,291.4304783282524,298.7747691692633,201.7872904012327,11.982283090584213,-306.24578555320284,89.64318792701968,1.5228845628856864,7.471016383939525
904.0,12.343894958496094,291.43010318808274,13.504961936696732,-298.77411540197875,291.43010318808274,298.77411540197875,201.78720874664626,11.982080820584144,-306.245140599525,89.64289444143645,1.5228811161125875,7.47102519754622
912.0,12.453819274902344,291.43120868967014,13.504828656272661,-298.7745124067157,291.43120868967014,298.7745124067157,201.78840777434468,11.981951223047583,-306.24556944151857,89.64280091532544,1.5228774332250778,7.471057034802871
920.0,12.563743591308594,291.4321143066958,13.504785172829743,-298.77501612126525,291.4321143066958,298.77501612126525,201.7892904394084,11.98191066544076,-306.2461143596976,89.64282386728739,1.5228745073889844,7.471098238432313
928.0,12.673667907714844,291.43153344461007,13.504691015072776,-298.77405529697296,291.43153344461007,298.77405529697296,201.7886989983666,11.98181824617378,-306.2451948468634,89.64283444624348,1.522872768898996,7.4711395498904585
936.0,12.783580780029297,291.42951893716247,13.504579451197182,-298.7718970218557,291.42951893716247,298.7718970218557,201.78679997357813,11.981708148140019,-306.2430640068248,89.64271896358437,1.5228713030571632,7.471166984969111
944.0,12.893505096435547,291.4280116805024,13.504403985900046,-298.7705066514691,291.4280116805024,298.7705066514691,201.78550033696928,11.981534394626387,-306.24168920953645,89.6425113435331,1.5228695912736594,7.471182558067373
952.0,13.003429412841797,291.42712560072755,13.504274538040491,-298.7694445052034,291.42712560072755,298.7694445052034,201.78481567831747,11.981406857092773,-306.24063638564337,89.6423099224101,1.5228676809477175,7.4711918804399655
960.0,13.113353729248047,291.42781062592195,13.50421445900911,-298.76955036778736,291.42781062592195,298.76955036778736,201.7855871829494,11.981349093201544,-306.2407659200272,89.64222344297254,1.5228653658075668,7.4712155522397925
968.0,13.2232666015625,291.42846416173717,13.504171314496224,-298.76977980002107,291.42846416173717,298.76977980002107,201.7862340542212,11.981307749015569,-306.241028922025,89.64223010751596,1.5228635654806557,7.4712491220039485
976.0,13.33319091796875,291.4283597150079,13.504151719504534,-298.76936014928066,291.4283597150079,298.76936014928066,201.7861073523689,11.981289163187396,-306.2406409712772,89.64225236263897,1.5228625563171372,7.471280821996524
984.0,13.443115234375,291.42762649639997,13.50405396891423,-298.7684462944513,291.42762649639997,298.7684462944513,201.7854004647202,11.98119178926608,-306.2397535046523,89.6422260316798,1.5228621796481492,7.471307210201014
992.0,13.55303955078125,291.42626614677516,13.50396057597955,-298.76686051311384,291.42626614677516,298.76686051311384,201.7841389425926,11.981099886909977,-306.2381893249304,89.64212720418259,1.522860689069573,7.471328811816517
1000.0,13.662952423095703,291.42559820875465,13.503824761649067,-298.76637081198896,291.42559820875465,298.76637081198896,201.78360421741957,11.980964574104865,-306.23770829349974,89.64199399133511,1.5228601875442016,7.471337481510776
1008.0,13.772876739501953,291.425514964868,13.503790337327773,-298.76588946366405,291.425514964868,298.76588946366405,201.78361224420752,11.980931091965628,-306.23724017470767,89.64190272066048,1.5228592453621448,7.471350711043626
1016.0,13.882801055908203,291.4257086428204,13.503764942947273,-298.7656732087225,291.4257086428204,298.7656732087225,201.7838402384379,11.980907479876073,-306.2370450831811,89.6418684043825,1.5228574630711993,7.471371874458626
1024.0,13.992725372314453,291.42603852445154,13.5037506636567,-298.7656236958721,291.42603852445154,298.7656236958721,201.78415942690515,11.980894368376362,-306.23702319391737,89.64187909754638,1.5228562952803388,7.471399498045307
1032.0,14.10263729095459,291.42610147786445,13.503761535784617,-298.76545711759803,291.42610147786445,298.76545711759803,201.78420408444322,11.98090499661277,-306.2368788924836,89.64189739342122,1.5228565391718476,7.47142177488561
1040.0,14.212557792663574,291.4255195154707,13.50368127750704,-298.7647197221746,291.4255195154707,298.7647197221746,201.78363611833717,11.980825808692721,-306.236162206336,89.64188339713348,1.5228554688143188,7.4714424841614235
1048.0,14.322479248046875,291.42484858845864,13.503602228829145,-298.76384284546214,291.42484858845864,298.76384284546214,201.78301764979864,11.980747856425886,-306.2353021856957,89.64183093866001,1.5228543724032582,7.471459340233508
1056.0,14.432400703430176,291.4245646376265,13.50355151661976,-298.76352206349776,291.4245646376265,298.76352206349776,201.78278600443196,11.980696397121008,-306.23499540720263,89.6417786331945,1.5228551194987525,7.471473343704857
1064.0,14.542323112487793,291.42428160955524,13.503484982759547,-298.7630500778522,291.42428160955524,298.7630500778522,201.7825621335508,11.980632875569327,-306.2345333964257,89.64171947600441,1.5228521071902192,7.4714833185735126
1072.0,14.652241706848145,291.4242066340953,13.503498882111701,-298.76263747100825,291.4242066340953,298.76263747100825,201.78251667723907,11.980646214467688,-306.23413646059953,89.64168995685625,1.5228526676440137,7.471498989591308
1080.0,14.762161254882812,291.4241288492766,13.503450970179541,-298.76232646269426,291.4241288492766,298.76232646269426,201.78245630162462,11.98059912533841,-306.2338423276781,89.64167254765198,1.522851844841132,7.471515864983792
1088.0,14.872081756591797,291.4241805179478,13.503449492130729,-298.7620952739392,291.4241805179478,298.7620952739392,201.78250724030326,11.980599411181252,-306.23362955746677,89.64167327764454,1.522850080949477,7.4715342835275695
1096.0,14.982010841369629,291.42430776221323,13.50347376906987,-298.76191884152365,291.42430776221323,298.76191884152365,201.7826266394823,11.980624071600307,-306.2334712793028,89.64168112273096,1.5228496974695647,7.471552437779184
1104.0,15.091930389404297,291.42389248006276,13.503448000706802,-298.7613107513445,291.42389248006276,298.7613107513445,201.78221423395507,11.980598375275783,-306.23288052136877,89.6416782461077,1.5228496254310193,7.471569770024244
1112.0,15.201849937438965,291.4237734068704,13.50339188630865,-298.76103750204953,291.4237734068704,298.76103750204953,201.78211500290212,11.980543556768517,-306.2326204797605,89.64165840396828,1.522848329540134,7.471582977710959
1120.0,15.31177043914795,291.42355817486134,13.503352999543296,-298.7606406677913,291.42355817486134,298.7606406677913,201.78191087342051,11.980504936432071,-306.23223978197643,89.6416473014408,1.5228480631112253,7.471599114185166
1128.0,15.4216890335083,291.4234591966176,13.503318936038642,-298.76033164349576,291.4234591966176,298.76033164349576,201.78182989180385,11.980471975486216,-306.23194351620447,89.64162930481379,1.522846960552426,7.4716118727087215
1136.0,15.531608581542969,291.4232286311514,13.50330336089992,-298.75995631146566,291.4232286311514,298.75995631146566,201.78161569777927,11.98045744474364,-306.2315807579989,89.64161293337212,1.5228459161562795,7.471624446533244
1144.0,15.641528129577637,291.42308997259363,13.503261822908348,-298.75963835402996,291.42308997259363,298.75963835402996,201.78149681471513,11.980416544355315,-306.23127399484963,89.6415931578785,1.5228452785530338,7.471635640819666
1152.0,15.751446723937988,291.4231382589403,13.503262370088855,-298.7594459910728,291.4231382589403,298.7594459910728,201.7815497469906,11.98041802761178,-306.23109449705066,89.64158851194969,1.5228443424770757,7.471648505977848
1160.0,15.861382484436035,291.4230005615454,13.503257310284486,-298.75906596237206,291.4230005615454,298.75906596237206,201.78141147439595,11.98041382111874,-306.2307297464539,89.64158908714944,1.5228434891657465,7.471663784081819
1168.0,15.971302032470703,291.42290580476265,13.503235769375323,-298.7587995167574,291.42290580476265,298.7587995167574,201.78132274161888,11.980392895154292,-306.2304763768128,89.6415830631438,1.5228428742210305,7.471676860055446
1176.0,16.081220626831055,291.4228287154267,13.503210239085073,-298.7585078192002,291.4228287154267,298.7585078192002,201.78125165967646,11.980368748736533,-306.23019744798495,89.64157705575026,1.5228414903485397,7.471689628784734
1184.0,16.19114112854004,291.42277854885566,13.503217812590279,-298.75827636472,291.42277854885566,298.75827636472,201.7811983341773,11.980377098933003,-306.22997973964334,89.64158021467834,1.522840713657276,7.4717033749232975
1192.0,16.301061630249023,291.42273156098554,13.503199777491893,-298.75803367548417,291.42273156098554,298.75803367548417,201.7811538420181,11.980359756174595,-306.229750068332,89.6415777189674,1.5228400213172986,7.47171639284781
1200.0,16.410980224609375,291.4225486633612,13.503182412949347,-298.75767219764737,291.4225486633612,298.75767219764737,201.7809739685951,11.9803432078737,-306.2294012094185,89.64157469476612,1.5228392050756456,7.471729011771103
1208.0,16.520898818969727,291.42244579541745,13.50315531760747,-298.75742724133636,291.42244579541745,298.75742724133636,201.78087921455727,11.980316939507368,-306.22916731704083,89.64156658086017,1.522838378100102,7.471740075704459
1216.0,16.63081932067871,291.4223670265493,13.503132404143738,-298.7571884184303,291.4223670265493,298.7571884184303,201.7808064945775,11.980294926012318,-306.22893961676044,89.64156053197178,1.5228374781314207,7.47175119833012
1224.0,16.740755081176758,291.42233795715623,13.503135864574686,-298.75696014769846,291.42233795715623,298.75696014769846,201.78077498557303,11.980299371168979,-306.22872391800075,89.64156297158318,1.5228364934057077,7.47176377030228
1232.0,16.850675582885742,291.42212931604934,13.503103163997123,-298.75659499167307,291.42212931604934,298.75659499167307,201.78057410791837,11.98026716059782,-306.22836923561874,89.64155520813097,1.5228360033993025,7.471774243945672
1240.0,16.960594177246094,291.4222240908319,13.503099910160426,-298.7565395946137,291.4222240908319,298.7565395946137,201.78067089861685,11.980265339926842,-306.22832475175517,89.64155319221504,1.5228345702335835,7.471785157141462
1248.0,17.070512771606445,291.4220771231728,13.503100782278343,-298.7562004457835,291.4220771231728,298.7562004457835,201.7805195068954,11.980266689509325,-306.2279978204807,89.64155761627741,1.5228340927690183,7.471797374697179
1256.0,17.18043327331543,291.42198551158486,13.503074967721796,-298.7559285100604,291.42198551158486,298.7559285100604,201.78043391589688,11.980241848393852,-306.2277360806943,89.64155159568799,1.5228331193279434,7.471807570633845
1264.0,17.29035186767578,291.4219825090787,13.503063963785563,-298.7557608772354,291.4219825090787,298.7557608772354,201.78043036096597,11.980231699212693,-306.22757930027683,89.64155214811277,1.5228322645728691,7.471818423041463
1272.0,17.400270462036133,291.4218779000606,13.50307402117842,-298.7554959707961,291.4218779000606,298.7554959707961,201.7803219183956,11.980242656028668,-306.2273263595142,89.64155598166501,1.5228313651497523,7.471830388718114
1280.0,17.510190963745117,291.4218969219867,13.5030506087666,-298.7553662447829,291.4218969219867,298.7553662447829,201.78034453551135,11.980220182554032,-306.2272063183196,89.64155238647531,1.5228304262125687,7.471840073536663
1288.0,17.620128631591797,291.42171038766486,13.503059026479786,-298.75500378066744,291.42171038766486,298.75500378066744,201.78015512792456,11.980229403208678,-306.2268549741261,89.64155525974029,1.5228296232711078,7.47185119345871
1296.0,17.73004913330078,291.42158517105645,13.50302715712645,-298.7547491520134,291.42158517105645,298.7547491520134,201.78003890865472,11.980198082833088,-306.22660910344223,89.64154626240176,1.5228290742933623,7.471859951428835
1304.0,17.839967727661133,291.42158808697957,13.503002612246949,-298.75464079830397,291.42158808697957,298.75464079830397,201.78004383283186,11.980174572747343,-306.22650951792,89.6415442541477,1.5228280394996063,7.4718687196160705
1312.0,17.949888229370117,291.42159576993356,13.502995293905245,-298.754467707871,291.42159576993356,298.754467707871,201.78004789608948,11.980168319460029,-306.22634689301515,89.64154787384408,1.5228269744452159,7.471879185144112
1320.0,18.05980682373047,291.4214779949573,13.502997475316622,-298.7541735178957,291.4214779949573,298.7541735178957,201.7799260413155,11.980171141411741,-306.22606368390444,89.6415519536418,1.5228263339048818,7.471890166008711
1328.0,18.16972541809082,291.42135031801513,13.50294108189805,-298.75396580795075,291.42135031801513,298.75396580795075,201.7798067805274,11.980115810083499,-306.22586396847754,89.6415435374877,1.5228252718145519,7.471898160526813
1336.0,18.279645919799805,291.4213934362944,13.502945064746157,-298.7538656437904,291.4213934362944,298.7538656437904,201.77984680429356,11.980120675191193,-306.2257733257216,89.64154663200084,1.5228243895549642,7.471907681931185
1344.0,18.389564514160156,291.4212785819675,13.502916405756565,-298.7535930293758,291.4212785819675,298.7535930293758,201.7797301794057,11.980092457462886,-306.22551025231854,89.64154840256182,1.5228239482936785,7.471917222942736
1352.0,18.499502182006836,291.4213603674054,13.502917243252757,-298.75348031970856,291.4213603674054,298.75348031970856,201.77980505778834,11.980094046298683,-306.22540812695837,89.64155530961703,1.5228231969540733,7.47192780724983
1360.0,18.609420776367188,291.42123030555297,13.502927126501358,-298.753237689875,291.42123030555297,298.753237689875,201.77966914168468,11.980104948158356,-306.22517540216904,89.64156116386832,1.5228221783430018,7.47193771229407
1368.0,18.71933937072754,291.4211135674408,13.502898338953473,-298.75299496309066,291.4211135674408,298.75299496309066,201.77955638946958,11.980077031315734,-306.2249415117867,89.64155717797122,1.5228213076377393,7.471946548696034
1376.0,18.829259872436523,291.4211047917463,13.502875622052018,-298.7528975417039,291.4211047917463,298.7528975417039,201.77954716611882,11.980054891231653,-306.2248519757777,89.64155762562748,1.522820730820365,7.471954434073825
1384.0,18.939178466796875,291.421044391039,13.502845823649427,-298.7526530359637,291.421044391039,298.7526530359637,201.77948837544736,11.980025889640684,-306.22461635226995,89.64155601559165,1.522819934008743,7.471963316306256
1392.0,19.049097061157227,291.4211159135307,13.50286855640016,-298.7526222877208,291.4211159135307,298.7526222877208,201.77954814368596,11.980049356070737,-306.22459502092033,89.64156776984473,1.5228192003294234,7.471972733199561
1400.0,19.15901756286621,291.42094458209334,13.502861151681579,-298.75228750267337,291.42094458209334,298.75228750267337,201.77937709347748,11.980042525218028,-306.2242688354056,89.64156748861586,1.5228186264635495,7.471981332732256
1408.0,19.268936157226562,291.42087684084913,13.502831356574124,-298.7520959017943,291.42087684084913,298.7520959017943,201.7793133212591,11.98001350618741,-306.22408539745487,89.64156351959005,1.5228178503867142,7.47198949566056
1416.0,19.378873825073242,291.42078190414054,13.502814489099846,-298.75190000139736,291.42078190414054,298.75190000139736,201.7792195310032,11.979997026870686,-306.22389700049087,89.64156237313733,1.5228174622291601,7.47199699909349
1424.0,19.488792419433594,291.42074630012445,13.502773479671603,-298.751794069082,291.42074630012445,298.751794069082,201.77918961144624,11.979956635007412,-306.22379830841055,89.64155668867822,1.5228168446641912,7.4720042393285535
1432.0,19.598711013793945,291.4209956955764,13.502799473054527,-298.7518839565721,291.4209956955764,298.7518839565721,201.7794255852949,11.979983627170418,-306.2238968284259,89.64157011028149,1.52281584588411,7.472012871853818
1440.0,19.70863151550293,291.42080370612416,13.502810992873854,-298.75152048490895,291.42080370612416,298.75152048490895,201.7792228457546,11.9799955122108,-306.22354295831224,89.6415808603696,1.5228154806630538,7.47202247340331
1448.0,19.81855010986328,291.4206718124228,13.502775006912675,-298.75131487268544,291.4206718124228,298.75131487268544,201.77909257834654,11.979960673831261,-306.22334607220984,89.64157923407626,1.522814333081414,7.472031199524411
1456.0,19.928468704223633,291.4205868678379,13.502752281862918,-298.7511294942279,291.4205868678379,298.7511294942279,201.779013482702,11.979938610174223,-306.2231670262629,89.64157338513593,1.522813671688695,7.472037532034998
1464.0,20.038389205932617,291.4207223908706,13.502736264533283,-298.75110788404015,291.4207223908706,298.75110788404015,201.7791439685373,11.97992315320852,-306.22315351566874,89.64157842233328,1.522813111324763,7.4720456316286015
1472.0,20.14830780029297,291.420759923108,13.502763983314468,-298.7510123255001,291.420759923108,298.7510123255001,201.77916968259547,11.979951751348523,-306.2230671731013,89.64159024051256,1.5228122319659447,7.472054847601224
1480.0,20.25824546813965,291.4204689236551,13.502755801279744,-298.75061494830584,291.4204689236551,298.75061494830584,201.7788774285202,11.979943999745522,-306.22267803583406,89.64159149513492,1.5228118015342216,7.472063087528212
1488.0,20.368165969848633,291.4204490305386,13.502712239513526,-298.7505263062719,291.4204490305386,298.7505263062719,201.77886536860376,11.979901424371906,-306.2225949325984,89.64158366193482,1.5228108151416198,7.472068626326463
1496.0,20.478086471557617,291.42051538898943,13.50268980359262,-298.75048293535633,291.42051538898943,298.75048293535633,201.77892812555245,11.97987977629392,-306.22255910235344,89.64158726343695,1.522810027298699,7.4720761669971365
1504.0,20.58800506591797,291.4204932868941,13.502703750074842,-298.75032028249865,291.4204932868941,298.75032028249865,201.77889770447507,11.979894090629639,-306.2224052830445,89.64159558241903,1.522809659445203,7.472085000545864
1512.0,20.69792366027832,291.42031467986146,13.502671411622595,-298.75003539404196,291.42031467986146,298.75003539404196,201.7787210358756,11.979862856619796,-306.22212777878093,89.64159364398589,1.5228085550027988,7.472092384738997
1520.0,20.807844161987305,291.42043532999685,13.502656926366683,-298.7500395446038,291.42043532999685,298.7500395446038,201.77883949677255,11.979848926170721,-306.2221386641662,89.6415958332243,1.5228080001959627,7.47209911956241
1528.0,20.917762756347656,291.42040539309073,13.502672790273543,-298.7499011481793,291.42040539309073,298.7499011481793,201.77879820302982,11.979865309141013,-306.2220089581995,89.64160719006088,1.5228074811325296,7.472107810020274
1536.0,21.027681350708008,291.42022481883464,13.50263852168511,-298.7496508210582,291.42022481883464,298.7496508210582,201.77862020087642,11.979832012053267,-306.2217659151886,89.64160461795822,1.5228065096318435,7.472115094130402
1544.0,21.13762092590332,291.4202422702739,13.502609194294841,-298.7495563712318,291.4202422702739,298.7495563712318,201.77863936566064,11.979803314056165,-306.2216781890719,89.64160290461325,1.522805880238677,7.472121817840103
1552.0,21.247541427612305,291.42018075234455,13.50257370108259,-298.7493999394671,291.42018075234455,298.7493999394671,201.77857802159778,11.979768709080364,-306.2215283794262,89.6416027307468,1.5228049920022246,7.4721284399591354
1560.0,21.35746192932129,291.42034234315656,13.50260434087354,-298.7494185001277,291.42034234315656,298.7494185001277,201.77872730170424,11.979800046019514,-306.2215544069919,89.64161504145233,1.522804294854026,7.4721359068641755
1568.0,21.46738624572754,291.4202746237204,13.502605686132323,-298.74922133618963,291.4202746237204,298.74922133618963,201.7786504738536,11.979801795705871,-306.22136552831887,89.64162414986681,1.5228038904264523,7.472144192129225
1576.0,21.57731056213379,291.42026037735695,13.502619771411808,-298.74906139057487,291.42026037735695,298.74906139057487,201.778627433513,11.979816109769406,-306.2212132916398,89.64163294384392,1.5228036616424023,7.472151901064924
1584.0,21.68723487854004,291.4201283984323,13.502620495764981,-298.7488682413858,291.4201283984323,298.7488682413858,201.77849399640394,11.979817888974562,-306.2210268299252,89.64163440202839,1.5228026067904188,7.47215858853939
1592.0,21.79715919494629,291.4201591561523,13.502625360682105,-298.7487482861315,291.4201591561523,298.7487482861315,201.77852413119422,11.979823196752296,-306.2209138608722,89.6416350249581,1.5228021639298088,7.472165574740721
1600.0,21.90708351135254,291.4201662657777,13.50263962834238,-298.74865824463717,291.4201662657777,298.74865824463717,201.77852501835196,11.979837888370131,-306.2208307933804,89.64164124742575,1.5228017399722487,7.472172548743239
1608.0,22.016998291015625,291.42000094144635,13.502640092355001,-298.7483621835567,291.42000094144635,298.7483621835567,201.77835942890965,11.979839224979774,-306.2205410302058,89.64164151253671,1.5228008673752287,7.47217884664913
1616.0,22.126922607421875,291.41983630679545,13.502611023491363,-298.74821851764045,291.41983630679545,298.74821851764045,201.7782067544743,11.979810658700659,-306.22040114152185,89.64162955232115,1.5228003647907045,7.472182623881418
1624.0,22.236846923828125,291.4198152388799,13.50256302578484,-298.7481666974208,291.4198152388799,298.7481666974208,201.77819475581435,11.97976330817653,-306.22035180168535,89.64162048306554,1.5227997176083097,7.472185104264543
1632.0,22.346771240234375,291.41975296070234,13.502526033576904,-298.74808061379946,291.41975296070234,298.74808061379946,201.77813696041824,11.979726814003929,-306.22026961168206,89.64161600028413,1.5227992195729754,7.472188997882574
1640.0,22.456695556640625,291.41969451683474,13.502465201666702,-298.747952017556,291.41969451683474,298.747952017556,201.77808295935628,11.97966675291222,-306.22014531318973,89.64161155747843,1.5227984487544814,7.4721932956337636
1648.0,22.566619873046875,291.41983182544993,13.50243195452444,-298.74796148917886,291.41983182544993,298.74796148917886,201.77821454250937,11.97963375679586,-306.22016119655206,89.64161728294057,1.5227981977285792,7.472199707373205
1656.0,22.676544189453125,291.42002166654316,13.502443989565206,-298.74801597391524,291.42002166654316,298.74801597391524,201.7783848223182,11.979646492323349,-306.22022364532046,89.64163684422496,1.5227974972418576,7.472207671405208
1664.0,22.786468505859375,291.4200192479111,13.502453378638512,-298.7479227532388,291.4200192479111,298.7479227532388,201.7783631905848,11.979656575067004,-306.2201384729365,89.64165605732629,1.5227968035715076,7.472215719697707
1672.0,22.896371841430664,291.4198429691298,13.502417977183024,-298.7477292870229,291.4198429691298,298.7477292870229,201.7781812352574,11.979621283629982,-306.21995091798806,89.6416617338724,1.5227966935530417,7.472221630965175
1680.0,23.006296157836914,291.41977412648436,13.50236621567668,-298.74760089701795,291.41977412648436,298.74760089701795,201.77811270297775,11.979570057138254,-306.2198287697048,89.64166142350659,1.5227961585384255,7.472227872686834
1688.0,23.116220474243164,291.4198422130836,13.50234231591067,-298.74759549887636,291.4198422130836,298.74759549887636,201.77817610810945,11.979546584311713,-306.2198304965252,89.64166610497412,1.5227957315989578,7.472234997648877
1696.0,23.226144790649414,291.4199505998829,13.502363599975084,-298.74757769221395,291.4199505998829,298.74757769221395,201.77827167565627,11.979568636039492,-306.21981952011527,89.64167892422661,1.522794963935592,7.4722418279012865
1704.0,23.336069107055664,291.41976251147923,13.502361763927823,-298.74725445518476,291.41976251147923,298.74725445518476,201.77807704661404,11.979567120847085,-306.21950334144697,89.64168546486516,1.522794643080739,7.4722488862622205
1712.0,23.445993423461914,291.4196781566373,13.502354830353612,-298.7471150568984,291.4196781566373,298.7471150568984,201.77799395027455,11.979560512090549,-306.21936962717325,89.64168420636275,1.5227943182630637,7.47225457027485
1720.0,23.555917739868164,291.4195610265369,13.502324069155915,-298.7469870529749,291.4195610265369,298.7469870529749,201.77788351442948,11.979530400505832,-306.21924642416406,89.64167751210742,1.5227936686500838,7.472259371189191
1728.0,23.665842056274414,291.4195387699526,13.502276364250644,-298.74688689199246,291.4195387699526,298.74688689199246,201.77786798486673,11.979483166972381,-306.21915001487366,89.64167078508592,1.5227931972782631,7.472263122881225
1736.0,23.775747299194336,291.4196876667156,13.502285992599436,-298.7469464419649,291.4196876667156,298.7469464419649,201.77800921593382,11.979493446026845,-306.2192154972431,89.6416784507818,1.5227925465725907,7.472269055278231
1744.0,23.885671615600586,291.41970567128794,13.502292484047619,-298.74685560669985,291.41970567128794,298.74685560669985,201.7780157666745,11.979500508981651,-306.2191312146042,89.6416899046134,1.5227919750659678,7.47227560790437
1752.0,23.995595932006836,291.4196553254253,13.502292102682002,-298.74664950000727,291.4196553254253,298.74664950000727,201.77795725982935,11.979500712171019,-306.2189321711496,89.64169806559593,1.5227913905109824,7.472282671142361
1760.0,24.105520248413086,291.4195635051385,13.502302639189358,-298.74654367436295,291.4195635051385,298.74654367436295,201.77786281911045,11.979511800430915,-306.21883185334025,89.64170068602806,1.5227908387584428,7.472288178977304
1768.0,24.215444564819336,291.4194836805849,13.502277073475007,-298.74636649848935,291.4194836805849,298.74636649848935,201.77778554994381,11.979486735690758,-306.2186595975237,89.64169813064106,1.5227903377842495,7.4722930990343315
1776.0,24.325368881225586,291.41948611467785,13.502270930384995,-298.746315144691,291.41948611467785,298.746315144691,201.7777875912545,11.979481111246681,-306.2186134071903,89.64169852342337,1.5227898191383145,7.472298262499289
1784.0,24.435293197631836,291.4195370811722,13.502261192349334,-298.74624758558446,291.4195370811722,298.74624758558446,201.77783336368626,11.979472135712685,-306.2185515717633,89.64170371748595,1.5227890566366487,7.472303986178867
1792.0,24.545217514038086,291.4195806914938,13.502282764353874,-298.74616979529844,291.4195806914938,298.74616979529844,201.777866591312,11.979494440871276,-306.21848014532674,89.64171410018184,1.5227883234825978,7.472310350028314
1800.0,24.655120849609375,291.41941371823293,13.502270938557762,-298.7459674234487,291.41941371823293,298.7459674234487,201.77769750360443,11.979483286348412,-306.2182826832244,89.64171621462847,1.5227876522093506,7.47231525977569
1808.0,24.765045166015625,291.41929824169335,13.502248235383489,-298.745799996637,291.41929824169335,298.745799996637,201.7775886707638,11.979461437457507,-306.21811915831995,89.64170957092955,1.5227867979259817,7.4723191616829245
1816.0,24.874969482421875,291.41924444590336,13.502210160209593,-298.74577466536385,291.41924444590336,298.74577466536385,201.77754231217403,11.979423801762382,-306.2180969653337,89.64170213372931,1.522786358447211,7.472322299969849
1824.0,24.984893798828125,291.41928689079475,13.50218214262577,-298.7457286461868,291.41928689079475,298.7457286461868,201.77758577047965,11.97939594439131,-306.2180548639751,89.6417011203151,1.5227861982344608,7.472326217788285
1832.0,25.094818115234375,291.4192752377821,13.502151378203486,-298.7456865957259,291.4192752377821,298.7456865957259,201.7775708516798,11.97936580897501,-306.2180170747016,89.64170438610228,1.5227855692284766,7.472330478975747
1840.0,25.204742431640625,291.41919472236333,13.502126005892656,-298.74554925072584,291.41919472236333,298.74554925072584,201.77748903864048,11.979341057866092,-306.2178850973539,89.64170568372283,1.5227849480265627,7.472335846628076
1848.0,25.314666748046875,291.4191748630776,13.502075605897323,-298.7454709980284,291.4191748630776,298.7454709980284,201.77747069917336,11.979291068939702,-306.2178111446625,89.64170416390428,1.5227845369576216,7.472340146634134
1856.0,25.424591064453125,291.4192451228478,13.502041443962039,-298.74544185777825,291.4192451228478,298.74544185777825,201.77753590528735,11.97925757272209,-306.21778660565326,89.64170921756046,1.5227838712399473,7.472344747875024
1864.0,25.534494400024414,291.41935084771495,13.502042995150632,-298.7455050062183,291.41935084771495,298.7455050062183,201.777627339457,11.979259779007519,-306.21785527935754,89.64172350825794,1.5227832161431132,7.472350273139254
1872.0,25.644418716430664,291.4193103231969,13.5020304075491,-298.7453734778491,291.4193103231969,298.7453734778491,201.77757761703964,11.979247633796346,-306.2177296403446,89.64173270615723,1.5227827737527537,7.472356162495478
1880.0,25.754343032836914,291.41941242524547,13.502039891517672,-298.74542476580245,291.41941242524547,298.74542476580245,201.777667982731,11.979257569116054,-306.21778607188367,89.64174444251448,1.5227823224016181,7.472361306081228
1888.0,25.864267349243164,291.41938881894066,13.502057000105111,-298.74529505199195,291.41938881894066,298.74529505199195,201.777633807904,11.979274987507305,-306.2176617653702,89.64175501103666,1.5227820125978058,7.4723667133782685
1896.0,25.974191665649414,291.4192540888416,13.502049139803397,-298.7451247168045,291.4192540888416,298.7451247168045,201.77749472283432,11.97926764674228,-306.217495765293,89.64175936600732,1.5227814930611165,7.472371048488445
1904.0,26.084115982055664,291.4190781607443,13.502023988554877,-298.7449312337948,291.4190781607443,298.7449312337948,201.77732560459015,11.97924280905865,-306.2173058175039,89.64175255615412,1.5227811794962256,7.4723745837091515
1912.0,26.194040298461914,291.41903627854214,13.5019737472013,-298.74489321766697,291.41903627854214,298.74489321766697,201.7772924882882,11.97919317362307,-306.21727015429747,89.64174379025394,1.5227805735782294,7.472376936630516
1920.0,26.303964614868164,291.4191806517634,13.501965058315694,-298.7449552589908,291.4191806517634,298.7449552589908,201.77743370256462,11.979184857538904,-306.2173360881182,89.64174694919876,1.522780200776789,7.472380829127413
1928.0,26.41386604309082,291.4191842530059,13.501989303140302,-298.74485063289677,291.4191842530059,298.74485063289677,201.7774284762444,11.979209243133258,-306.2172367501056,89.64175577676147,1.522780060007043,7.47238611720881
1936.0,26.52379035949707,291.4191467655461,13.501995389113091,-298.74469010117076,291.4191467655461,298.74469010117076,201.77738567318812,11.979215714376142,-306.2170819366247,89.64176109235795,1.5227796747369493,7.472391835453956
1944.0,26.63371467590332,291.41911798648937,13.502002046349507,-298.7446118761707,291.41911798648937,298.7446118761707,201.77735305239986,11.979223091593585,-306.2170081666286,89.64176493408948,1.5227789547559216,7.472396290457894
1952.0,26.743642807006836,291.4190414385671,13.501995920402472,-298.7444995104921,291.4190414385671,298.7444995104921,201.7772768390963,11.979217207166037,-306.2169001543377,89.6417645994708,1.522778713236435,7.4724006438455595
1960.0,26.853567123413086,291.419011730136,13.501980813959804,-298.74439826497917,291.419011730136,298.74439826497917,201.77724932440364,11.979202801980788,-306.21680268659435,89.64176240573235,1.5227780119790149,7.472404421615175
1968.0,26.963491439819336,291.4191422587241,13.501987048953184,-298.74442922851233,291.4191422587241,298.74442922851233,201.77737280765638,11.979209665156114,-306.2168382343258,89.6417694510677,1.5227773837970706,7.472409005813454
1976.0,27.073415756225586,291.4191892246479,13.502013801375442,-298.74436002221233,291.4191892246479,298.74436002221233,201.7774084878471,11.97923653608771,-306.2167739015782,89.64178073680074,1.5227772652877323,7.472413879365878
1984.0,27.183340072631836,291.41921876822664,13.502065049552975,-298.74428970922065,291.41921876822664,298.74428970922065,201.77742743749965,11.979288563703067,-306.2167081965508,89.64179133072702,1.5227764858499073,7.472418487330161
1992.0,27.293243408203125,291.4191132896811,13.502083645278603,-298.7441343218438,291.4191132896811,298.7441343218438,201.77731830003614,11.979307682540654,-306.216556518924,89.64179498964496,1.52277596273795,7.47242219708024
2000.0,27.403167724609375,291.4189326867893,13.502076455119422,-298.74389802476446,291.4189326867893,298.74389802476446,201.77714313536995,11.979300931449252,-306.21632355118095,89.6417895514193,1.5227755236701692,7.472425526416488
2008.0,27.513092041015625,291.4188641464021,13.502040873505182,-298.7438282238823,291.4188641464021,298.7438282238823,201.77708560303364,11.97926569076322,-306.2162545476194,89.64177854336843,1.5227751827419618,7.472426323737097
2016.0,27.623016357421875,291.41895403561875,13.50203909120186,-298.7438934082222,291.41895403561875,298.7438934082222,201.77717542694148,11.979263999044024,-306.2163229604636,89.64177860867727,1.5227750921578358,7.472429552241352
2024.0,27.732940673828125,291.41890533277353,13.502038281033414,-298.74374807786194,291.41890533277353,298.74374807786194,201.7771245197873,11.979263364542469,-306.2161812300332,89.64178081298627,1.5227749164909463,7.472433152171298
2032.0,27.842864990234375,291.4188285318601,13.502035657347397,-298.7435976243874,291.4188285318601,298.7435976243874,201.77704872875347,11.979261340547431,-306.2160349910923,89.6417798031066,1.5227743167999663,7.472437366704877
2040.0,27.952789306640625,291.41878510733613,13.502006056091517,-298.7435385332697,291.41878510733613,298.7435385332697,201.7770070949755,11.979232081064737,-306.2159788178684,89.64177801236062,1.5227739750267806,7.472440284598702
2048.0,28.062713623046875,291.41878172460093,13.501975461849426,-298.7435274136287,291.41878172460093,298.7435274136287,201.77700573590914,11.979201931937894,-306.2159708223104,89.64177598869179,1.522773529911532,7.472443408681677
2056.0,28.1726131439209,291.4187587846289,13.501946577743324,-298.7434716993571,291.4187587846289,298.7434716993571,201.77698314918393,11.979173849557768,-306.21591850153646,89.64177563544494,1.522772728185556,7.47244680217939
2064.0,28.28253173828125,291.41886006737667,13.501926172293944,-298.743496779604,291.41886006737667,298.743496779604,201.77707942344037,11.979153840154261,-306.2159472800457,89.64178064393629,1.5227723321396827,7.472450500441692
2072.0,28.3924503326416,291.418989617302,13.501935745995905,-298.74352719362156,291.418989617302,298.74352719362156,201.7771949890619,11.97916378467766,-306.2159825285595,89.64179462824005,1.5227719613182442,7.472455334937911
2080.0,28.50237274169922,291.4189635458732,13.501963661558005,-298.7434116414558,291.4189635458732,298.7434116414558,201.77715774526797,11.979191925179606,-306.21587119550026,89.64180580060525,1.5227717363783997,7.472459554044484
2088.0,28.612295150756836,291.418994735866,13.501977649120317,-298.7433675892916,291.418994735866,298.7433675892916,201.77717956725883,11.979205953983682,-306.2158313671813,89.64181516860717,1.522771695136635,7.472463777889709
2096.0,28.722213745117188,291.4189606189466,13.501991282253952,-298.74328182412387,291.4189606189466,298.74328182412387,201.77713768386525,11.9792202610804,-306.2157492501957,89.64182293508136,1.5227710211735523,7.472467426071833
2104.0,28.832136154174805,291.4188396081599,13.501993413761793,-298.7430874685814,291.4188396081599,298.7430874685814,201.77701586869148,11.979222975214178,-306.2155589066329,89.64182373946842,1.5227704385476155,7.472471438051538
2112.0,28.94205665588379,291.41872308127006,13.501965544310536,-298.7429857370463,291.41872308127006,298.7429857370463,201.77690441271525,11.979195442623036,-306.2154596266233,89.64181866855482,1.5227701016875015,7.472473889577035
2120.0,29.051977157592773,291.4186690000307,13.501935663328693,-298.74293644698,291.4186690000307,298.74293644698,201.77685708841548,11.979166121748598,-306.21541240969157,89.64181191161526,1.5227695415800944,7.472475962711559
2128.0,29.161897659301758,291.41860872771326,13.501910232177991,-298.74289094816044,291.41860872771326,298.74289094816044,201.7768035755868,11.979140928385744,-306.2153689574796,89.64180515212648,1.5227693037922472,7.472478009319149
2136.0,29.271818161010742,291.41864610230164,13.501874696491726,-298.7428646729301,291.41864610230164,298.7428646729301,201.77684346343312,11.979106000695044,-306.21534472543544,89.64180263886854,1.5227686957966817,7.472480052505291
2144.0,29.381736755371094,291.418645595248,13.501876024646746,-298.7428213086928,291.418645595248,298.7428213086928,201.77684097474835,11.979107459108455,-306.2153048365059,89.64180462049961,1.5227685655382914,7.472483527813092
2152.0,29.491655349731445,291.4186250313635,13.50184478270891,-298.7427636697081,291.4186250313635,298.7427636697081,201.77681832653795,11.979076437567015,-306.2152505762596,89.64180670482557,1.5227683451418952,7.472486906551518
2160.0,29.60157585144043,291.41859147284777,13.501816358885797,-298.7427171993378,291.41859147284777,298.7427171993378,201.7767839920622,11.979048590988825,-306.21520742006123,89.64180748078559,1.5227677678969718,7.472490220723428
2168.0,29.711496353149414,291.41865696760374,13.501796897655101,-298.7427270989648,291.41865696760374,298.7427270989648,201.77684557768015,11.979029582300853,-306.21522095953617,89.64181138992357,1.5227673153542467,7.472493860571395
2176.0,29.8214168548584,291.4186927178468,13.501784617208074,-298.74270451742507,291.4186927178468,298.74270451742507,201.77687336713748,11.979017917792692,-306.21520278063093,89.64181935070931,1.522766699415382,7.47249826320585
2184.0,29.931364059448242,291.4186491868818,13.501770916864112,-298.74263967484467,291.4186491868818,298.74263967484467,201.77682413708482,11.97900452347692,-306.21514144279195,89.641825049797,1.522766393387192,7.472501767947254
2192.0,30.041284561157227,291.4186151471268,13.501743040006108,-298.7425826187317,291.4186151471268,298.7425826187317,201.77678790672766,11.978976963241557,-306.2150881085356,89.64182724039912,1.5227660767645501,7.472505489803894
2200.0,30.15120506286621,291.4185809762421,13.501723905377776,-298.7425117789266,291.4185809762421,298.7425117789266,201.77675323111828,11.9789584194555,-306.2150202888323,89.64182774512378,1.5227654859222768,7.472508509905695
2208.0,30.261123657226562,291.41860461019206,13.501708993646547,-298.7424957575964,291.41860461019206,298.7424957575964,201.77677366151187,11.978944032522774,-306.2150076093808,89.6418309486802,1.5227649611237735,7.472511851784406
2216.0,30.371042251586914,291.4185876651658,13.501686085199028,-298.7424233563507,291.4185876651658,298.7424233563507,201.77675301859824,11.978921304169935,-306.21493873771726,89.64183464656756,1.522764781029093,7.472515381366564
2224.0,30.4809627532959,291.4185886115135,13.50168095160856,-298.7424367904204,291.4185886115135,298.7424367904204,201.7767508648871,11.978916383178182,-306.21495540839214,89.64183774662638,1.5227645684303774,7.472518617971737
2232.0,30.59088134765625,291.4185000242859,13.501662585956232,-298.7422952409281,291.4185000242859,298.7422952409281,201.7766624823683,11.97889843685931,-306.2148169694101,89.64183754191762,1.5227641490969228,7.472521728481981
2240.0,30.7007999420166,291.4184400437698,13.50163209187015,-298.7422460152926,291.4184400437698,298.7422460152926,201.7766056597192,11.978868344268852,-306.2147700210668,89.64183438405058,1.522763747601298,7.472524005774165
2248.0,30.810720443725586,291.41839960478114,13.501593441380185,-298.7421959542829,291.41839960478114,298.7421959542829,201.77656797510153,11.97883027057762,-306.2147219119132,89.6418316296796,1.5227631708025662,7.4725259576303085
2256.0,30.920639038085938,291.4183896012123,13.50155493938978,-298.7421871356139,291.4183896012123,298.7421871356139,201.7765599892332,11.97879193852242,-306.2147149424476,89.6418296119791,1.5227630008673598,7.472527806833672
2264.0,31.03055763244629,291.41846087158854,13.501534960303037,-298.742215352315,291.41846087158854,298.742215352315,201.77662892018984,11.978772495972976,-306.214745564852,89.64183195139873,1.5227624643300608,7.472530212537065
2272.0,31.140478134155273,291.41854034917213,13.501534202213293,-298.7422570242246,291.41854034917213,298.7422570242246,201.77669955162165,11.978771934045223,-306.21479045112943,89.6418407975505,1.5227622681680701,7.4725334269048105
2280.0,31.250396728515625,291.41853398354726,13.501544290570711,-298.7421559162951,291.41853398354726,298.7421559162951,201.7766852012803,11.978782348749167,-306.2146934027135,89.64184878226699,1.5227619418215448,7.472537486418439
2288.0,31.360315322875977,291.4184548384924,13.501534526303853,-298.7420972649877,291.4184548384924,298.7420972649877,201.7766024514401,11.978773026654153,-306.2146377972461,89.64185238705228,1.5227614996496994,7.472540532258409
2296.0,31.47023582458496,291.41838768091475,13.501520549649953,-298.741979157698,291.41838768091475,298.741979157698,201.776536033867,11.978758899023541,-306.2145219259164,89.64185164704776,1.5227616506264119,7.4725427682184415
2304.0,31.580154418945312,291.4183528734966,13.501491582912816,-298.7419578375503,291.4183528734966,298.7419578375503,201.7765020499317,11.978730369722555,-306.2145027123544,89.64185082356485,1.522761213190262,7.4725448748041
2312.0,31.690109252929688,291.41830701261205,13.501467946580869,-298.74187141004035,291.41830701261205,298.74187141004035,201.77645828294777,11.978707036981236,-306.2144188947518,89.64184872966428,1.5227609095996333,7.472547484711486
2320.0,31.800033569335938,291.41827045364533,13.501434263890538,-298.74184404841253,291.41827045364533,298.74184404841253,201.7764247549314,11.978673665861445,-306.21439349018414,89.64184569871391,1.5227605980290928,7.472549441771606
2328.0,31.90995216369629,291.4182522390611,13.501401146083031,-298.7418563752239,291.4182522390611,298.7418563752239,201.77640803434667,11.978641200432845,-306.2144072181705,89.64184420471439,1.522759945650186,7.472550842946577
2336.0,32.01987075805664,291.41821196916817,13.501357347702394,-298.7418029887819,291.41821196916817,298.7418029887819,201.77636947612027,11.978597893407011,-306.214355587174,89.64184249304787,1.5227594542953828,7.472552598392078
2344.0,32.129791259765625,291.418328948896,13.5013343450315,-298.7418988090982,291.418328948896,298.7418988090982,201.77648391315165,11.978575171788275,-306.2144538036433,89.64184503574434,1.5227591732432249,7.472554994545134
2352.0,32.23971176147461,291.4184010752601,13.501339520458364,-298.74190138121526,291.4184010752601,298.74190138121526,201.77654581293288,11.978580957106956,-306.2144595886823,89.6418552623272,1.5227585633514082,7.472558207467017
2360.0,32.34962844848633,291.4183773713048,13.501340233396249,-298.74184881070784,291.4183773713048,298.74184881070784,201.7765145884371,11.978581845850034,-306.2144102206591,89.64186278286772,1.5227583875462143,7.472561409951231
2368.0,32.45954895019531,291.4183474811676,13.5013261999889,-298.74177871155877,291.4183474811676,298.74177871155877,201.7764811966359,11.978567601554039,-306.21434305091964,89.64186628453169,1.5227585984348622,7.472564339360868
2376.0,32.5694694519043,291.4184199438266,13.501329134905493,-298.74180332766,291.4184199438266,298.74180332766,201.7765479198873,11.978571134725629,-306.21436987094893,89.64187202393931,1.5227580001798637,7.472566543288913
2384.0,32.679386138916016,291.4183714470262,13.501328068400632,-298.7417008197206,291.4183714470262,298.7417008197206,201.7764929227183,11.978570453596896,-306.21427048266173,89.64187852430787,1.522757614803735,7.47256966294111
2392.0,32.789306640625,291.4183087386923,13.501330202804946,-298.7416150332721,291.4183087386923,298.7416150332721,201.77642942290368,11.97857256251696,-306.2141872711852,89.64187931578863,1.5227576402879848,7.472572237913105
2400.0,32.899227142333984,291.41826767980575,13.50132618998087,-298.7415450111528,291.41826767980575,298.7415450111528,201.7763889486897,11.97856897084696,-306.2141191692244,89.64187873111602,1.522757219133911,7.472574158071549
2408.0,33.00914764404297,291.4182309207917,13.501305965598373,-298.74153562966416,291.4182309207917,298.74153562966416,201.77635398871604,11.978549205583853,-306.2141116335247,89.64187693207565,1.522756760014519,7.472576003860526
2416.0,33.11906814575195,291.4181711485129,13.501289462293892,-298.7414698498455,291.4181711485129,298.7414698498455,201.77629779146076,11.978532869430449,-306.2140474479441,89.64187335705215,1.5227565928634426,7.4725775980986375
2424.0,33.22898483276367,291.4181265021956,13.501262305219322,-298.74140063632285,291.4181265021956,298.74140063632285,201.77625655002777,11.978506110610311,-306.2139797367376,89.64186995216781,1.5227561946090113,7.4725791004147215
2432.0,33.33890914916992,291.4181182402888,13.501247184847367,-298.74137819493666,291.4181182402888,298.74137819493666,201.77625090982204,11.978491129770497,-306.21395935357447,89.64186733046677,1.5227560550768708,7.472581158637796
2440.0,33.44886016845703,291.4181204772075,13.501214240719648,-298.74138889147196,291.4181204772075,298.74138889147196,201.77625433836798,11.978458491071972,-306.213971436929,89.64186613883948,1.5227557496476765,7.472582545457051
2448.0,33.558780670166016,291.4180888620659,13.50118502869363,-298.7413320845007,291.4180888620659,298.7413320845007,201.77622304082337,11.978429678558197,-306.2139166715793,89.6418658212425,1.5227553501354332,7.472584587078579
2456.0,33.668701171875,291.4180827325424,13.501166089546263,-298.7413229889305,291.4180827325424,298.7413229889305,201.77621609451376,11.978411206406225,-306.21390919285375,89.64186663802866,1.5227548831400384,7.472586203923244
2464.0,33.778621673583984,291.41807531817244,13.501143312419094,-298.74129153697726,291.41807531817244,298.74129153697726,201.77620821784114,11.978388460675674,-306.2138794845108,89.64186710033128,1.5227548517434202,7.472587947533542
2472.0,33.88854217529297,291.4181565365931,13.50113125235176,-298.74133542501903,291.4181565365931,298.74133542501903,201.77628507331121,11.97837707996251,-306.21392613762873,89.64187146328186,1.5227541723892504,7.472590712609724
2480.0,33.99846267700195,291.41827153733885,13.501140475075037,-298.7414078646937,291.41827153733885,298.7414078646937,201.77638966461387,11.978386423263803,-306.21400118034717,89.641881872725,1.522754051811234,7.472593315653481
2488.0,34.10838317871094,291.4182695639869,13.501145047452992,-298.741384235776,291.4182695639869,298.741384235776,201.7763786599749,11.978391314889565,-306.2139803065468,89.64189090401194,1.522753732563427,7.472596070770775
2496.0,34.21830368041992,291.41820217651417,13.501143944251545,-298.7412718862091,291.41820217651417,298.7412718862091,201.77630787205152,11.978390262281223,-306.21387082527497,89.64189430446267,1.522753681970321,7.472598939065858
2504.0,34.328224182128906,291.4181049305588,13.501130870618951,-298.74116428561814,291.4181049305588,298.74116428561814,201.7762119217318,11.978377791485942,-306.21376500360054,89.64189300882703,1.5227530791330102,7.472600717982384
2512.0,34.43814468383789,291.4180357695933,13.501103600392025,-298.74106968068963,291.4180357695933,298.74106968068963,201.77614497993542,11.978350762155936,-306.2136724018527,89.64189078965788,1.5227528382360886,7.472602721163066
2520.0,34.548065185546875,291.41802278896904,13.501073368848745,-298.74109878156315,291.41802278896904,298.74109878156315,201.7761341275449,11.978320627380219,-306.21370280640565,89.64188866142412,1.5227527414685258,7.472604024842522
2528.0,34.65798568725586,291.41798819961605,13.501052122194087,-298.7410515287856,291.41798819961605,298.7410515287856,201.77610205265609,11.97829955934034,-306.21365704463415,89.64188614695993,1.5227525628537477,7.472605515848567
2536.0,34.767906188964844,291.4180319626131,13.501035439102258,-298.74109428284544,291.4180319626131,298.74109428284544,201.77614704048116,11.978283545942492,-306.2137017036389,89.64188492213191,1.5227518931597657,7.472607420793446
2544.0,34.87782669067383,291.4180696390041,13.501028698944904,-298.7410745002081,291.4180696390041,298.7410745002081,201.77618019471635,11.978276821177525,-306.2136834207301,89.64188944428777,1.5227518777673774,7.472608920522033
2552.0,34.98774719238281,291.41806538714064,13.501027554998442,-298.7410251941042,291.41806538714064,298.7410251941042,201.77617198571474,11.978275751767935,-306.2136365997829,89.64189340142592,1.522751803230507,7.472611405678653
2560.0,35.0976676940918,291.4180394027569,13.501018954376509,-298.7410188538277,291.4180394027569,298.7410188538277,201.77614419752913,11.978267818573203,-306.21363242597846,89.64189520522774,1.5227511358033068,7.4726135721507765
2568.0,35.20760726928711,291.4179950850513,13.501004197489543,-298.74091798597374,291.4179950850513,298.74091798597374,201.77609906357105,11.978252893833748,-306.2135337123265,89.64189602148026,1.5227513036557947,7.472615726352797
2576.0,35.31753158569336,291.4179864785653,13.500987130997347,-298.74091959385765,291.4179864785653,298.74091959385765,201.7760909253579,11.978236030554296,-306.2135367629029,89.6418955532074,1.5227511004430512,7.472617169045233
2584.0,35.42744827270508,291.4179619621712,13.500975644318304,-298.74087508631425,291.4179619621712,298.74087508631425,201.77606631314697,11.978224920044418,-306.2134944240323,89.64189564902424,1.5227507242738856,7.47261933771809
2592.0,35.53737258911133,291.4179511400941,13.500950793766233,-298.74085730441243,291.4179511400941,298.74085730441243,201.77605486639695,11.97820009714594,-306.2134780590877,89.64189627369714,1.5227506966202924,7.472620754675271
2600.0,35.64728927612305,291.4179264250535,13.500947848398903,-298.7408259055069,291.4179264250535,298.7408259055069,201.77603046042447,11.978197490069885,-306.21344855751465,89.64189596462906,1.5227503583290187,7.472622652007798
2608.0,35.7572135925293,291.41794185118806,13.500912340572803,-298.740842992004,291.41794185118806,298.740842992004,201.77604521631605,11.97816223765668,-306.21346716308153,89.64189663487204,1.5227501029161234,7.472624171077531
2616.0,35.867130279541016,291.4180818467461,13.500925839202022,-298.7409067165926,291.4180818467461,298.7409067165926,201.77617897103983,11.978175920958542,-306.2135329601812,89.64190287570624,1.522749918243481,7.47262624358866
2624.0,35.977054595947266,291.41816490783066,13.500959547766358,-298.7409090569978,291.41816490783066,298.7409090569978,201.77624873276108,11.97820980061624,-306.2135376932369,89.64191617506958,1.5227497471501188,7.472628636239101
2632.0,36.08697509765625,291.4181076296457,13.50097855279264,-298.740827820617,291.4181076296457,298.740827820617,201.77618447374104,11.97822878725459,-306.2134589401782,89.64192315590466,1.5227497655380504,7.472631119561197
2640.0,36.196895599365234,291.4180467294253,13.500978438442328,-298.7407903745159,291.4180467294253,298.7407903745159,201.7761230074522,11.978229180636445,-306.21342266829424,89.6419237219731,1.5227492578058817,7.472632293778335
2648.0,36.30681228637695,291.4178630811849,13.500959308967987,-298.74063303205975,291.4178630811849,298.74063303205975,201.7759442756511,11.978210620731813,-306.21326574357226,89.64191880553378,1.5227486882361738,7.472632711512534
2656.0,36.4167366027832,291.4177231807011,13.5008840278135,-298.7406165211057,291.4177231807011,298.7406165211057,201.77582164442285,11.978135380652885,-306.2132462872379,89.64190153627825,1.5227486471606144,7.4726297661321635
2664.0,36.52665710449219,291.4179316384061,13.500861478875475,-298.7407791024737,291.4179316384061,298.7407791024737,201.7760304268048,11.978112885693534,-306.2134097289051,89.64190121160132,1.5227485931819404,7.472630626431423
2672.0,36.63657760620117,291.41802887770564,13.500865604857202,-298.7407767071947,291.41802887770564,298.7407767071947,201.77611800562084,11.978117262291283,-306.2134097394977,89.6419108720848,1.5227483425659187,7.472633032303034
2680.0,36.746498107910156,291.4180192178105,13.500875099466473,-298.74073112662046,291.4180192178105,298.74073112662046,201.7761014724095,11.97812710838594,-306.213367560854,89.641917745401,1.5227479910805326,7.472636434233561
2688.0,36.85641860961914,291.4179747328275,13.500876655227046,-298.7406365238856,291.4179747328275,298.7406365238856,201.7760531622453,11.978128672832629,-306.213275267486,89.64192157058221,1.5227479823944177,7.472638743600376
2696.0,36.96635437011719,291.4179885230417,13.500865194108973,-298.7406408061426,291.4179885230417,298.7406408061426,201.7760636866386,11.978117412234813,-306.21328153664433,89.64192483640309,1.5227477818741613,7.472640730501722
2704.0,37.07627487182617,291.41798608393213,13.500858936293106,-298.74061616515695,291.41798608393213,298.74061616515695,201.7760582333879,11.978111410477794,-306.21325861961395,89.64192785054426,1.522747525815313,7.472642454456998
2712.0,37.18619918823242,291.41797128024314,13.500843401714752,-298.7405716221811,291.41797128024314,298.7405716221811,201.7760411245316,11.97809591959104,-306.2132161899566,89.64193015571155,1.5227474821237124,7.472644567775478
2720.0,37.29611587524414,291.4179496878299,13.500828487512967,-298.74054489656913,291.4179496878299,298.74054489656913,201.7760175830318,11.978081218240018,-306.21319128807926,89.64193210479809,1.5227472692729491,7.472646391510111
2728.0,37.40604019165039,291.4179308283806,13.50082840967189,-298.74051994235913,291.4179308283806,298.74051994235913,201.77599807781843,11.978081178994163,-306.2131678131366,89.64193275056218,1.522747230677727,7.472647870777442
2736.0,37.515960693359375,291.41791350347705,13.500816713421413,-298.74050549440653,291.41791350347705,298.74050549440653,201.77598078352986,11.978069917654175,-306.213154873909,89.64193271994718,1.522746795767239,7.472649379502462
2744.0,37.62588119506836,291.41787554627024,13.500807594804773,-298.7404507632943,291.41787554627024,298.7404507632943,201.77594311803395,11.978060753563096,-306.213101657719,89.64193242823632,1.5227468412416765,7.472650894424692
2752.0,37.73579788208008,291.41786436530947,13.500793987878131,-298.74042383919493,291.41786436530947,298.74042383919493,201.77593263809263,11.978047604710692,-306.21307647161893,89.64193172721686,1.5227463831674388,7.4726526324239835
2760.0,37.84572219848633,291.41784933851085,13.500779661174574,-298.74043100991247,291.41784933851085,298.74043100991247,201.77591790899695,11.978033520522901,-306.213084964784,89.6419314295139,1.5227461406516727,7.47265395487156
2768.0,37.95564270019531,291.41784840209573,13.500769877899467,-298.7404165156952,291.41784840209573,298.7404165156952,201.77591734903143,11.97802427359215,-306.2130711824508,89.64193105306427,1.522745604307317,7.472654666755607
2776.0,38.0655632019043,291.41783498610585,13.500760564788786,-298.7403706158186,291.41783498610585,298.7403706158186,201.7759034246805,11.97801524480159,-306.2130271239168,89.64193156142535,1.5227453199871959,7.472656508098141
2784.0,38.175479888916016,291.41783866418064,13.500749577631687,-298.7403678943451,291.41783866418064,298.7403678943451,201.77590679945075,11.978004283977718,-306.2130260150919,89.64193186472991,1.52274529365397,7.472658120746766
2792.0,38.285404205322266,291.4178097697505,13.500737257830206,-298.740323113291,291.4178097697505,298.740323113291,201.77587769585148,11.977992116790656,-306.212982420475,89.641932073899,1.5227451410395512,7.472659307183944
2800.0,38.39532470703125,291.4178046659208,13.500727163689918,-298.74032521334163,291.4178046659208,298.74032521334163,201.77587216879624,11.977982408194272,-306.21298603750046,89.6419324971246,1.522744755495646,7.472660824158795
2808.0,38.505245208740234,291.4177970703375,13.500714327409943,-298.74029744416276,291.4177970703375,298.74029744416276,201.77586417746352,11.977969845476087,-306.2129593299263,89.64193289287397,1.5227444819338554,7.472661885763577
2816.0,38.61516189575195,291.4177891786677,13.500701746203324,-298.74027813578084,291.4177891786677,298.74027813578084,201.77585515219397,11.977957366515977,-306.2129421679406,89.64193402647375,1.5227443796873477,7.4726640321597655
2824.0,38.725101470947266,291.41778866506,13.500694162405747,-298.74023979061803,291.41778866506,298.74023979061803,201.7758536314541,11.977949930967618,-306.21290525790806,89.64193503360592,1.5227442314381285,7.472665467290027
2832.0,38.83502197265625,291.4177789192197,13.500685118516099,-298.7402208957531,291.4177789192197,298.7402208957531,201.7758434891272,11.977941182882518,-306.2128871226844,89.64193543009249,1.522743935633581,7.472666226931249
2840.0,38.944942474365234,291.4177794606371,13.500674642040998,-298.7402177566078,291.4177794606371,298.7402177566078,201.77584255017342,11.977930795682802,-306.2128854840757,89.64193691046371,1.5227438463581953,7.4726677274678694
2848.0,39.054866790771484,291.4179069878995,13.500690539741877,-298.7403160456591,291.4179069878995,298.7403160456591,201.77596516731282,11.977947000149577,-306.21298513889104,89.64194182058674,1.5227435395923004,7.472669093231949
2856.0,39.1647834777832,291.4179597121173,13.500703922063767,-298.7402943260884,291.4179597121173,298.7402943260884,201.77600823794307,11.977960207949625,-306.2129654038697,89.64195147417425,1.5227437141141422,7.472671077781266
2864.0,39.27470397949219,291.4179586925976,13.50072407723473,-298.74024907371,291.4179586925976,298.74024907371,201.77599978094327,11.977980976001891,-306.2129217867414,89.64195891165434,1.5227431012328396,7.472672713031398
2872.0,39.38462448120117,291.4179446674525,13.500745905202248,-298.7402012261686,291.4179446674525,298.7402012261686,201.77598201718047,11.978002747562261,-306.2128748535554,89.64196265027206,1.5227431576399866,7.4726736273867544
2880.0,39.49454879760742,291.4179345491765,13.500763006196777,-298.74018716846484,291.4179345491765,298.74018716846484,201.77596964932712,11.978019741060075,-306.21286259160405,89.6419648998494,1.5227432651367012,7.472675423139185
2888.0,39.60446548461914,291.4178799813325,13.50078036651567,-298.7400899735672,291.4178799813325,298.7400899735672,201.77591429080638,11.978037222190189,-306.21276652150516,89.64196569052612,1.522743144325481,7.472676547937972
2896.0,39.71438980102539,291.4178051599508,13.50077545808141,-298.7400072824199,291.4178051599508,298.7400072824199,201.7758426533918,11.978032706220581,-306.212684529384,89.64196250655895,1.5227427518608279,7.472677246964051
2904.0,39.82430648803711,291.41780748355416,13.500778640935257,-298.73995001642254,291.41780748355416,298.73995001642254,201.77584633686695,11.978035870268805,-306.21262839809526,89.64196114668724,1.522742770666453,7.472678381672718
2912.0,39.93423080444336,291.4178381138854,13.500792952194733,-298.7399708804369,291.4178381138854,298.7399708804369,201.77587667002928,11.978050508388339,-306.21264988851135,89.6419614438561,1.522742443806393,7.472679008074474
2920.0,40.04414749145508,291.41781901151865,13.500819402862234,-298.7398989359648,291.41781901151865,298.7398989359648,201.77585701636838,11.978077169792158,-306.2125797941381,89.6419619951503,1.5227422330700766,7.47268085817328
2928.0,40.15407180786133,291.4176859002479,13.500819008368424,-298.73985484262096,291.4176859002479,298.73985484262096,201.77572933407026,11.978076799781244,-306.21253515590774,89.64195656617758,1.52274220858718,7.472680313286774
2936.0,40.26398849487305,291.4175883962206,13.500774213107206,-298.739806670374,291.4175883962206,298.739806670374,201.7756445636869,11.978031957927174,-306.2124848802033,89.64194383253371,1.5227422551800318,7.4726782098293345
2944.0,40.3739128112793,291.4176484275173,13.500740730491993,-298.73991467979056,291.4176484275173,298.73991467979056,201.77570901865985,11.977998852993538,-306.2125923569844,89.64193940885743,1.5227418774984542,7.472677677193812
2952.0,40.48385238647461,291.4176406029221,13.500719370615593,-298.7398871897973,291.4176406029221,298.7398871897973,201.77570187389526,11.977977495316255,-306.2125652826802,89.64193872902683,1.5227418752993391,7.472678092882898
2960.0,40.59376907348633,291.4176883383231,13.500709644074082,-298.7398670101219,291.4176883383231,298.7398670101219,201.77574755094133,11.977967773377992,-306.2125471320182,89.64194078738176,1.5227418706960898,7.472680121896328
2968.0,40.70369338989258,291.4178088865153,13.500706082619494,-298.73995561811313,291.4178088865153,298.73995561811313,201.7758611770551,11.977964923293221,-306.21263745731176,89.64194770946018,1.5227411593262734,7.4726818391986445
2976.0,40.81361389160156,291.4178424964922,13.500712113508449,-298.73991195409513,291.4178424964922,298.73991195409513,201.77588635154234,11.977971194166273,-306.2125960745535,89.64195614494989,1.5227409193421764,7.472684120458402
2984.0,40.92353439331055,291.4178748404363,13.500719643703203,-298.73991991094067,291.4178748404363,298.73991991094067,201.77591169868484,11.977978599962661,-306.2126063669872,89.64196314175143,1.5227410437405413,7.472686456046513
2992.0,41.03345489501953,291.41788141803517,13.500717876161596,-298.73991126208387,291.41788141803517,298.73991126208387,201.77591268491216,11.977977254335578,-306.21259922427873,89.641968733123,1.5227406218260189,7.472687962194845
3000.0,41.143375396728516,291.4178779523263,13.500704889499348,-298.7398837227035,291.4178779523263,298.7398837227035,201.77590518079305,11.977964284866633,-306.21257315596426,89.64197277153329,1.5227406046327139,7.472689433260766
3008.0,41.2532958984375,291.4178571685348,13.500691628747955,-298.73987840481203,291.4178571685348,298.73987840481203,201.77588156518402,11.977951053893392,-306.212568961619,89.64197560335077,1.5227405748545637,7.472690556807008
3016.0,41.363216400146484,291.4178203383467,13.500688637595788,-298.73984516953624,291.4178203383467,298.73984516953624,201.77584301397948,11.977948162241468,-306.21253693390327,89.6419773243672,1.5227404753543197,7.472691764367048
3024.0,41.47313690185547,291.41780385347283,13.500691566295611,-298.7398243242289,291.41780385347283,298.7398243242289,201.77582580501695,11.977951046904248,-306.2125173956032,89.64197804845588,1.5227405193913621,7.472693071374297
3032.0,41.58305740356445,291.4177811237465,13.500688225532876,-298.7397977234221,291.4177811237465,298.7397977234221,201.77580334297565,11.977948118466582,-306.21249154603186,89.64197778077087,1.5227401070662947,7.472693822609778
3040.0,41.69297790527344,291.4177717340206,13.500679475381038,-298.739775676989,291.4177717340206,298.739775676989,201.77579450399207,11.977939501508263,-306.21247095097476,89.64197723002856,1.522739973872775,7.472695273985769
3048.0,41.80289840698242,291.4177359661309,13.500676285990671,-298.73974903229026,291.4177359661309,298.73974903229026,201.7757596852523,11.977936290212646,-306.21244514569986,89.64197628087862,1.5227399957780245,7.472696113409582
3056.0,41.912818908691406,291.4177191533196,13.50066349557721,-298.7396955546903,291.4177191533196,298.7396955546903,201.77574323636424,11.977923741647256,-306.2123925218948,89.64197591695537,1.522739753929954,7.472696967204494
3064.0,42.02273941040039,291.4177144915034,13.50066535398868,-298.7396805016313,291.4177144915034,298.7396805016313,201.77573933302875,11.977925963547957,-306.2123785116904,89.64197515847464,1.5227393904407225,7.4726980100591085
3072.0,42.132659912109375,291.4177124455704,13.500658001531502,-298.7396620251844,291.4177124455704,298.7396620251844,201.77573712923834,11.977918430379635,-306.2123611977935,89.64197531633201,1.5227395711518668,7.47269917260909
3080.0,42.24259948730469,291.4177127660301,13.500662227197788,-298.7396510377463,291.4177127660301,298.7396510377463,201.7757371885332,11.977922765113771,-306.212351144255,89.6419755774969,1.5227394620840173,7.472700106508727
3088.0,42.35251998901367,291.41771118575355,13.500650935448139,-298.7396256315786,291.41771118575355,298.7396256315786,201.77573511919834,11.9779118371376,-306.2123269019427,89.6419760665552,1.522739098310538,7.4727012703640865
3096.0,42.46244430541992,291.41771171896073,13.500659635530258,-298.7395911943321,291.41771171896073,298.7395911943321,201.775735235742,11.977920332483372,-306.21229341026117,89.64197648321871,1.5227393030468863,7.472702215929066
3104.0,42.57236099243164,291.4177112879606,13.500655223688488,-298.7395826795345,291.4177112879606,298.7395826795345,201.77573370542262,11.97791624074522,-306.2122859371398,89.64197758253802,1.5227389829432685,7.4727032576053025
3112.0,42.682281494140625,291.4177187279967,13.500663914242152,-298.7395870143879,291.4177187279967,298.7395870143879,201.77574003879255,11.97792539355033,-306.2122914402687,89.64197868920418,1.522738520691822,7.472704425880807
3120.0,42.792205810546875,291.4177138994936,13.500670228650122,-298.73954946698535,291.4177138994936,298.73954946698535,201.77573405651168,11.977931608596469,-306.2122551428371,89.64197984298193,1.5227386200536532,7.472705675851743
3128.0,42.902130126953125,291.41771745256324,13.500670095684034,-298.73950663924603,291.41771745256324,298.73950663924603,201.7757364494814,11.977931453968479,-306.2122130438819,89.64198100308185,1.5227386417155553,7.472706404635846
3136.0,43.012054443359375,291.41771057734667,13.500670986443298,-298.7395104500375,291.41771057734667,298.7395104500375,201.7757288150937,11.977932861007043,-306.2122181018649,89.64198176225298,1.522738125436255,7.472707651827341
3144.0,43.121978759765625,291.4176999026273,13.500675737011386,-298.7394638044277,291.4176999026273,298.7394638044277,201.77571790455465,11.9779375565693,-306.212172411286,89.64198199807262,1.522738180442086,7.4727086068583235
3152.0,43.231903076171875,291.41770280453164,13.500677697738622,-298.739446830084,291.41770280453164,298.739446830084,201.77571978647873,11.977939723759583,-306.2121562629824,89.64198301805291,1.5227379739790385,7.472709432898387
3160.0,43.341827392578125,291.41769434159124,13.500689283640606,-298.7394114920762,291.41769434159124,298.7394114920762,201.77571091430377,11.977951529635986,-306.2121216814311,89.64198342728749,1.5227377540046194,7.472710189354895
3168.0,43.451751708984375,291.4176694648476,13.500693902451616,-298.7393724948888,291.4176694648476,298.7393724948888,201.77568579920612,11.977955889203356,-306.21208388682425,89.6419836656415,1.5227380132482597,7.472711391935406
3176.0,43.561676025390625,291.41766915152743,13.500691763635034,-298.7393548866921,291.41766915152743,298.7393548866921,201.77568463614026,11.977954310305396,-306.21206695367664,89.64198451538718,1.5227374533296376,7.472712066984502
3184.0,43.671600341796875,291.41766461893906,13.50070103452898,-298.7393305744645,291.41766461893906,298.7393305744645,201.77567986883034,11.977963412413118,-306.21204372934665,89.64198475010872,1.5227376221158613,7.4727131548821655
3192.0,43.781524658203125,291.4176578952805,13.50070943618384,-298.7393099699526,291.4176578952805,298.7393099699526,201.7756730382345,11.977971576981965,-306.21202390838056,89.64198485704601,1.522737859201876,7.472713938427939
3200.0,43.891448974609375,291.41765825791174,13.500707534716687,-298.73929230212696,291.41765825791174,298.73929230212696,201.77567327749304,11.977970412872368,-306.2120070971127,89.64198498041873,1.5227371218443189,7.472714794985737
3208.0,44.0013542175293,291.41765051906765,13.500710957862651,-298.7392663806517,291.41765051906765,298.7392663806517,201.77566508751653,11.977973774301638,-306.21198206409736,89.64198543155112,1.5227371835610133,7.4727156834456405
3216.0,44.11127853393555,291.4176356942893,13.500715410996502,-298.739245126378,291.4176356942893,298.739245126378,201.77565025190387,11.97797833796525,-306.21196166240964,89.64198544238539,1.522737073031252,7.4727165360316254
3224.0,44.2212028503418,291.4176366186763,13.500709087650636,-298.7392279231005,291.4176366186763,298.7392279231005,201.77565157201764,11.97797235927465,-306.2119450065969,89.64198504665865,1.5227367283759858,7.472717083496451
3232.0,44.33112716674805,291.41762374886497,13.500720255879735,-298.73915187733974,291.41762374886497,298.73915187733974,201.77563862412765,11.977983759137166,-306.2118694431186,89.64198512473732,1.522736496742569,7.472717565778855
3240.0,44.4410514831543,291.4176488054402,13.500727995312502,-298.7391946865132,291.4176488054402,298.7391946865132,201.7756633997325,11.977991400148168,-306.2119130555269,89.64198540570769,1.5227365951643344,7.47271836901372
3248.0,44.55097579956055,291.4176439544993,13.500733822306396,-298.7391640759397,291.4176439544993,298.7391640759397,201.7756578491822,11.97799733697837,-306.2118834010869,89.64198610531707,1.522736485328025,7.472719325147207
3256.0,44.6609001159668,291.41764625163916,13.500741425573679,-298.73912397983895,291.41764625163916,298.73912397983895,201.7756592617978,11.978004847111949,-306.2118441905491,89.64198698984134,1.5227365784617302,7.472720210710148
3264.0,44.77082443237305,291.4176546805949,13.50074928440119,-298.73914158162364,291.4176546805949,298.73914158162364,201.77566654981607,11.978013233005434,-306.2118624080156,89.64198813077886,1.5227360513957553,7.472720826391949
3272.0,44.8807487487793,291.41764651950007,13.500762236780297,-298.7390850410464,291.41764651950007,298.7390850410464,201.77565737687942,11.978026255442135,-306.2118071247529,89.64198914262064,1.5227359813381627,7.472722083706531
3280.0,44.99067306518555,291.4176560074118,13.500768045283067,-298.7390713417204,291.4176560074118,298.7390713417204,201.77566613803262,11.978032335032548,-306.211794110242,89.64198986937913,1.5227357102505197,7.472722768521646
3288.0,45.1005973815918,291.41765081628466,13.500783337831376,-298.7390434510477,291.41765081628466,298.7390434510477,201.77565994548772,11.978047651365248,-306.21176740279947,89.64199087079696,1.5227356864661274,7.472723951751787
3296.0,45.21052169799805,291.4176636903848,13.50079413259604,-298.73904520465334,291.4176636903848,298.73904520465334,201.775672202208,11.978058456268922,-306.2117697028185,89.64199148817681,1.5227356763271174,7.472724498165158
3304.0,45.3204460144043,291.41764744492514,13.500798349511255,-298.73899921378944,291.41764744492514,298.73899921378944,201.77565495846085,11.978062945336308,-306.21172434031587,89.64199248646428,1.5227354041749468,7.472725126526401
3312.0,45.43037033081055,291.41767019799795,13.50080575725908,-298.7389729891309,291.41767019799795,298.7389729891309,201.77567626345845,11.97807048897181,-306.2116988702126,89.64199393453953,1.5227352682872706,7.472725881081727
3320.0,45.5402946472168,291.4176470862381,13.50082802570634,-298.7389389915235,291.4176470862381,298.7389389915235,201.77565232128762,11.978092622192761,-306.2116661058927,89.64199476495047,1.5227354035135798,7.4727271143691265
3328.0,45.65021896362305,291.4176485344568,13.500846125256224,-298.738925065987,291.4176485344568,298.738925065987,201.77565311407304,11.978110535251112,-306.21165291096247,89.64199542038375,1.5227355900051127,7.4727278449754495
3336.0,45.760101318359375,291.4176353079427,13.500849724750255,-298.7388507122253,291.4176353079427,298.7388507122253,201.77563942444647,11.978114370231689,-306.2115792754057,89.64199588349624,1.522735354518567,7.472728563180377
3344.0,45.870025634765625,291.4176390743031,13.500867155504324,-298.73886516836455,291.4176390743031,298.73886516836455,201.77564273242234,11.978132128630904,-306.2115940242279,89.6419963418808,1.5227350268734199,7.472728855863342
3352.0,45.979949951171875,291.4176231457716,13.500873834433307,-298.7388123156563,291.4176231457716,298.7388123156563,201.77562718971768,11.978138831328636,-306.2115418468944,89.64199595605388,1.5227350031046702,7.472729531238117
3360.0,46.089874267578125,291.4176280901604,13.500886319290322,-298.7388157164021,291.4176280901604,298.7388157164021,201.77563215255662,11.978151419194234,-306.2115459131518,89.64199593760378,1.5227349000960877,7.472730196749674
3368.0,46.199798583984375,291.4176206386359,13.500889528891285,-298.73880449639404,291.4176206386359,298.73880449639404,201.7756247631939,11.978154865457597,-306.2115351375932,89.64199587544202,1.5227346634336878,7.472730641199157
3376.0,46.309722900390625,291.4176179471522,13.50090480783669,-298.73875082692723,291.4176179471522,298.73875082692723,201.77562222764692,11.978170381286365,-306.2114821795176,89.6419957195053,1.5227344265503246,7.472731352590351
3384.0,46.419647216796875,291.4176247319539,13.500923222876928,-298.7387319040773,291.4176247319539,298.7387319040773,201.77562901529024,11.978188672082023,-306.21146378448225,89.64199571666362,1.5227345507949046,7.472731880404896
3392.0,46.529571533203125,291.4176241984474,13.500936990402685,-298.7386965736379,291.4176241984474,298.7386965736379,201.77562824530506,11.978202383084959,-306.2114290379657,89.64199595314237,1.5227346073177266,7.472732464327762
3400.0,46.639495849609375,291.41762182687694,13.500946750379839,-298.7386807287819,291.41762182687694,298.7386807287819,201.7756253507838,11.978212646016114,-306.2114140091908,89.64199647609317,1.5227341043637237,7.472733280408859
3408.0,46.749420166015625,291.4176114255321,13.500960846292514,-298.7386585474461,291.4176114255321,298.7386585474461,201.77561428234404,11.97822643101877,-306.21139225480454,89.64199714318806,1.5227344152737432,7.4727337073584055
3416.0,46.859344482421875,291.4176287396907,13.500970840849961,-298.738632482286,291.4176287396907,298.738632482286,201.77563090421637,11.978236978134081,-306.2113670786018,89.64199783547437,1.5227338627158797,7.472734596315828
3424.0,46.969268798828125,291.41763836866664,13.500988758089205,-298.7386474662898,291.41763836866664,298.7386474662898,201.7756395307787,11.97825515974483,-306.2113825166851,89.64199883788793,1.522733598344376,7.472735050395289
3432.0,47.079193115234375,291.4176227413478,13.501006953847353,-298.7386141503727,291.4176227413478,298.7386141503727,201.7756234713464,11.978273417748891,-306.2113499296307,89.64199927000146,1.5227335360984626,7.472735779258021
3440.0,47.189117431640625,291.4174401950856,13.50098022288559,-298.73852773363234,291.4174401950856,298.73852773363234,201.7754486912778,11.978246776558478,-306.2112612378618,89.64199150380777,1.5227334463271105,7.472733504229411
3448.0,47.299041748046875,291.4174118296967,13.50093651029939,-298.73856540519336,291.4174118296967,298.73856540519336,201.77543240461878,11.978203294639249,-306.211296503785,89.64197942507786,1.5227332156601419,7.472731098591617
3456.0,47.408966064453125,291.41747225309734,13.500904353643694,-298.7386629244085,291.41747225309734,298.7386629244085,201.7754956218381,11.97817141595203,-306.2113926611599,89.64197663125921,1.5227329376916638,7.47272973675135
3464.0,47.51884841918945,291.4175108072537,13.500882181159719,-298.738657729778,291.4175108072537,298.738657729778,201.7755324763965,11.978149594057205,-306.2113883541605,89.64197833085717,1.5227325871025132,7.472730624382447
3472.0,47.6287727355957,291.41755736645456,13.500876246266586,-298.738685187058,291.41755736645456,298.738685187058,201.77557639005215,11.978143627988832,-306.2114170774222,89.64198097640242,1.5227326182777534,7.472731890364183
3480.0,47.73869705200195,291.41758314489243,13.500861686324571,-298.7386788962853,291.41758314489243,298.7386788962853,201.7755983280491,11.978128824959946,-306.211412313481,89.64198481684332,1.522732861364625,7.472733417195698
3488.0,47.8486213684082,291.41761779177693,13.50085261162856,-298.73869575130936,291.41761779177693,298.73869575130936,201.7756284088385,11.978120185516744,-306.211430151291,89.64198938293842,1.5227324261118156,7.472734399981644
3496.0,47.95854568481445,291.4178325743927,13.50086916407918,-298.7388776962698,291.4178325743927,298.7388776962698,201.77582992935737,11.97813701362826,-306.21161352633123,89.64200264503538,1.5227321504509197,7.472735830061396
3504.0,48.0684700012207,291.4179146202094,13.500902098527458,-298.73888111289864,291.4179146202094,298.73888111289864,201.77589393640864,11.978169658735048,-306.21161980322603,89.64202068380075,1.5227324397924105,7.472738690327386
3512.0,48.17839431762695,291.41791420786797,13.500923381158323,-298.7388618851426,291.41791420786797,298.7388618851426,201.7758821428905,11.978191150653007,-306.21160126341346,89.64203206497746,1.5227322305053153,7.4727393782708225
3520.0,48.2883186340332,291.4178888640804,13.500951571721586,-298.73881634961117,291.4178888640804,298.73881634961117,201.77585140976808,11.978219486097135,-306.2115566739445,89.64203745431234,1.5227320856244506,7.472740324333324
3528.0,48.39824295043945,291.41782601337945,13.500956939457051,-298.73872062827127,291.41782601337945,298.73872062827127,201.77578672104636,11.978224621015514,-306.21146156170306,89.64203929233307,1.522732318441538,7.472740933431798
3536.0,48.5081672668457,291.41779794390106,13.500969191667771,-298.7386782130985,291.41779794390106,298.7386782130985,201.7757593730736,11.97823684097493,-306.211419688926,89.64203857082748,1.522732350692841,7.472741475827519
3544.0,48.61809158325195,291.4177480013874,13.500981244834701,-298.73862744365084,291.4177480013874,298.73862744365084,201.77571124716977,11.978249033769622,-306.2113692625204,89.64203675421766,1.52273221106508,7.472741818869591
3552.0,48.7280158996582,291.41772885851566,13.500999902417071,-298.73860370240936,291.41772885851566,298.73860370240936,201.775694256443,11.978267799560756,-306.21134621805334,89.64203460207266,1.522732102856315,7.472742515643961
3560.0,48.83794021606445,291.41768896215183,13.501018757350487,-298.7385112913703,291.41768896215183,298.7385112913703,201.77565626593093,11.978286802615683,-306.21125405341365,89.64203269622088,1.5227319547348044,7.472742762043379
3568.0,48.9478645324707,291.41768400955056,13.501035862454156,-298.7385085886054,291.41768400955056,298.7385085886054,201.77565345232094,11.97830403890199,-306.21125162139543,89.64203055722962,1.5227318235521645,7.472743032790049
3576.0,49.05778884887695,291.4176853132666,13.501055290507516,-298.73846601598797,291.4176853132666,298.73846601598797,201.77565654362812,11.978323470075743,-306.21120951447534,89.64202876963847,1.5227318204317735,7.472743498487376
3584.0,49.1677131652832,291.4176985906367,13.501088127773665,-298.7384669710502,291.4176985906367,298.7384669710502,201.7756705360447,11.978356187099664,-306.2112109441491,89.64202805459202,1.5227319406740016,7.4727439730989165
3592.0,49.2775993347168,291.41767477613666,13.5010942367141,-298.7384039342454,291.41767477613666,298.7384039342454,201.7756478469926,11.978362263145087,-306.2111480097803,89.64202692914404,1.5227319735690132,7.472744075534897
3600.0,49.38752365112305,291.4175618941356,13.501104352030767,-298.73832188468435,291.4175618941356,298.73832188468435,201.77553837953997,11.978372693612314,-306.21106590763884,89.64202351459565,1.522731658418453,7.472744022954479
3608.0,49.4974479675293,291.41745413039865,13.501064538665776,-298.73830993372735,291.41745413039865,298.73830993372735,201.77544746150576,11.978333035859047,-306.21104988276596,89.64200666889288,1.5227315028067294,7.472739949038635
3616.0,49.60737228393555,291.41764609579616,13.501061854455488,-298.7384409702225,291.41764609579616,298.7384409702225,201.77563932211828,11.978330359690592,-306.21118084994566,89.6420067736779,1.5227314947648964,7.4727398797232025
3624.0,49.7172966003418,291.4177734486374,13.501084859647234,-298.7385137799752,291.4177734486374,298.7385137799752,201.77575865145133,11.978353425218977,-306.21125474096385,89.64201479718602,1.5227314344282568,7.472740960988623
3632.0,49.82722091674805,291.41779234593855,13.501124628795138,-298.73841430135815,291.41779234593855,298.73841430135815,201.77576921485078,11.978393136546405,-306.21115758504243,89.64202313108775,1.5227314922487332,7.472743283684283
3640.0,49.9371452331543,291.417710897819,13.501124053679902,-298.7383654789795,291.417710897819,298.7383654789795,201.7756859044181,11.978392844111903,-306.2111095055727,89.64202499340087,1.5227312095679988,7.472744026593177
3648.0,50.04706954956055,291.41769032724096,13.50111347980786,-298.7383062830642,291.41769032724096,298.7383062830642,201.77566539204184,11.978381992103468,-306.2110505550417,89.64202493519915,1.522731487704391,7.472744271977514
3656.0,50.1569938659668,291.41777193824237,13.501114666757537,-298.7383980091084,291.41777193824237,298.7383980091084,201.77574430352996,11.978383598892519,-306.21114375790273,89.6420276347124,1.5227310678650188,7.472745748794357
3664.0,50.26691818237305,291.41779038154016,13.501131446076208,-298.738358826503,291.41779038154016,298.738358826503,201.7757590394184,11.97840025034155,-306.21110537510344,89.64203134212174,1.5227311957346568,7.472746548600444
3672.0,50.3768424987793,291.41783083384837,13.50114408977244,-298.73838769178695,291.41783083384837,298.73838769178695,201.77579523398856,11.978413175152642,-306.2111351801684,89.64203559985984,1.5227309146197978,7.472747488381443
3680.0,50.48676681518555,291.41782847225085,13.501155093463947,-298.7383503217597,291.41782847225085,298.7383503217597,201.77578964690625,11.978424309914526,-306.21109866720167,89.6420388253446,1.522730783549421,7.472748345441982
3688.0,50.5966911315918,291.41783369280694,13.50117007070791,-298.73836277651054,291.41783369280694,298.73836277651054,201.77579181314684,11.978439166720833,-306.21111205193705,89.64204187966008,1.5227309039870773,7.472749275426526
3696.0,50.70661544799805,291.41782244070475,13.501192346204512,-298.7383005170526,291.41782244070475,298.7383005170526,201.77577876897183,11.978461632334287,-306.2110502372456,89.64204367173295,1.5227307138702249,7.472749720193006
3704.0,50.8165397644043,291.41782512937834,13.501198750651206,-298.7382779284857,291.41782512937834,298.7382779284857,201.77578022976303,11.97846770877561,-306.21102837474933,89.64204489961531,1.522731041875594,7.472750446263672
3712.0,50.92646408081055,291.41780353761567,13.50122561859734,-298.73822832267234,291.41780353761567,298.73822832267234,201.77575774830575,11.97849480448763,-306.21097933220074,89.64204578930995,1.522730814109711,7.472751009528415
3720.0,51.036346435546875,291.417788702994,13.501240890619828,-298.7382047764071,291.417788702994,298.7382047764071,201.775742524223,11.978509904034192,-306.2109565851822,89.64204617877098,1.522730986585635,7.472751808775137
3728.0,51.146270751953125,291.41778147001946,13.50125400076082,-298.7381653966125,291.41778147001946,298.7381653966125,201.77573529261042,11.97852338152561,-306.21091770757073,89.64204617740901,1.5227306192352104,7.472752310958225
3736.0,51.256195068359375,291.4177648050702,13.501273485932959,-298.7381251249174,291.4177648050702,298.7381251249174,201.77571858546668,11.978542813411229,-306.2108778247871,89.64204621960351,1.5227306725217291,7.472752699869632
3744.0,51.366119384765625,291.4177608165826,13.501283253774513,-298.7381015659929,291.4177608165826,298.7381015659929,201.7757147595642,11.978552641311225,-306.2108547029595,89.64204605701835,1.5227306124632891,7.472753136966606
3752.0,51.476043701171875,291.41765374870874,13.501283285682717,-298.73805534058766,291.41765374870874,298.73805534058766,201.77561114096866,11.978553014773361,-306.2108078390519,89.64204260774005,1.5227302709093564,7.472752498464198
3760.0,51.585968017578125,291.4175442888706,13.50125096954755,-298.7379859972622,291.4175442888706,298.7379859972622,201.77551192179732,11.978520615995922,-306.2107369705222,89.64203236707328,1.5227303535516286,7.472750973259993
3768.0,51.695892333984375,291.4175047812495,13.501226362326948,-298.73804509332103,291.4175047812495,298.73804509332103,201.77548068167948,11.978496211255836,-306.2107944305445,89.64202409957,1.5227301510711122,7.472749337223513
3776.0,51.805816650390625,291.41737205261904,13.501168968971518,-298.737982394735,291.41737205261904,298.737982394735,201.77536185854095,11.978438908091128,-306.21072882807005,89.6420101940781,1.5227300608803893,7.472746433335016
3784.0,51.915740966796875,291.41743014338505,13.501120579210996,-298.73809885017585,291.41743014338505,298.73809885017585,201.7754275228661,11.978390910190473,-306.21084439795993,89.64200262051895,1.5227296690205225,7.472745547784112
3792.0,52.025665283203125,291.4175171869476,13.501091254081924,-298.7382050915054,291.4175171869476,298.7382050915054,201.77551452157388,11.978361785038366,-306.2109504879679,89.64200266537368,1.5227294690435573,7.472745396462522
3800.0,52.135589599609375,291.4175353911739,13.501064420254949,-298.73818653914395,291.4175353911739,298.73818653914395,201.77552996195143,11.978335016214228,-306.21093312757284,89.64200542922245,1.5227294040407204,7.4727465884289055
3808.0,52.245513916015625,291.4176059071747,13.501037677234555,-298.7382486823319,291.4176059071747,298.7382486823319,201.7755953760144,11.978308265897045,-306.2109968631794,89.64201053116027,1.5227294113375094,7.472748180847454
3816.0,52.355438232421875,291.41765266671547,13.501011449465462,-298.7382784668673,291.41765266671547,298.7382784668673,201.7756354095081,11.978282033557202,-306.21102818013514,89.64201725720736,1.5227294159082598,7.472749713267807
3824.0,52.465362548828125,291.4176849889094,13.500972543998024,-298.73831586794705,291.4176849889094,298.73831586794705,201.77566069303447,11.978243299990766,-306.21106765613774,89.64202429587496,1.5227292440072584,7.4727517881907
3832.0,52.575286865234375,291.417726385115,13.50094463232779,-298.7383740084771,291.417726385115,298.7383740084771,201.77569566200245,11.978215199001358,-306.2111267622619,89.64203072311253,1.5227294333264334,7.472752753784829
3840.0,52.685211181640625,291.4177443051649,13.500911510603546,-298.7384077817735,291.4177443051649,298.7384077817735,201.77570688339935,11.978182300787608,-306.2111614534343,89.64203742176551,1.5227292098159375,7.4727536716607625
3848.0,52.79509353637695,291.4179421838022,13.500914888322345,-298.73857495333664,291.4179421838022,298.73857495333664,201.77589326603322,11.978185486651924,-306.21133045229146,89.64204891776902,1.522729401670421,7.472755498954836
3856.0,52.9050178527832,291.41799671287635,13.500938145492151,-298.73854655595187,291.41799671287635,298.73854655595187,201.77592864713054,11.97820867887442,-306.2113052140005,89.6420680657458,1.5227294666177311,7.472758658048626
3864.0,53.01494216918945,291.41792199442887,13.500948324234278,-298.7385481814856,291.41792199442887,298.7385481814856,201.7758455891215,11.978218974159745,-306.21130773214253,89.64207640530736,1.522729350074533,7.472759550656936
3872.0,53.1248664855957,291.41788681747073,13.500940830280944,-298.7384777194747,291.41788681747073,298.7384777194747,201.7758093210376,11.978211609435736,-306.2112382101276,89.64207749643316,1.5227292208452092,7.4727604906529015
3880.0,53.23479080200195,291.41789379201884,13.500948457967924,-298.73847243521845,291.41789379201884,298.73847243521845,201.77581426505395,11.97821898395436,-306.2112334802997,89.64207952696489,1.5227294740135644,7.472761045081254
3888.0,53.3447151184082,291.4178538345308,13.500951713691157,-298.73841676166,291.4178538345308,298.73841676166,201.77577365876556,11.97822227533569,-306.2111785588475,89.64208017576519,1.5227294383554661,7.472761797187512
3896.0,53.45463943481445,291.4178144561597,13.500976140599278,-298.73837131481577,291.4178144561597,298.73837131481577,201.7757351082103,11.978246725107,-306.2111343308939,89.64207934794942,1.5227294154922766,7.472763016078165
3904.0,53.5645637512207,291.41779770252367,13.50098107142223,-298.7383479068425,291.41779770252367,298.7383479068425,201.7757203362136,11.978251872131002,-306.21111058490874,89.64207736631005,1.5227291992912275,7.47276267806627
3912.0,53.67448806762695,291.41776013064964,13.50100626285153,-298.73825555734214,291.41776013064964,298.73825555734214,201.77568441190718,11.97827685937488,-306.2110186215849,89.64207571874246,1.5227294034766503,7.4727630642427725
3920.0,53.7844123840332,291.4177717130478,13.501034562259537,-298.7382875057179,291.4177717130478,298.7382875057179,201.77569748598995,11.978305105652243,-306.2110504773908,89.64207422705785,1.5227294566072933,7.472762971672916
3928.0,53.89433670043945,291.417757610748,13.501053386397903,-298.7382387501132,291.417757610748,298.7382387501132,201.77568462425108,11.978323944767583,-306.2110022869879,89.64207298649694,1.5227294416303203,7.4727635368746785
3936.0,54.0042610168457,291.4175299825828,13.501041628049116,-298.7381307759297,291.4175299825828,298.7381307759297,201.77546415054832,11.978312305201165,-306.2108934123194,89.64206583203446,1.5227293228479515,7.472762636389718
3944.0,54.11418533325195,291.4173848143911,13.50097000252947,-298.7380687447801,291.4173848143911,298.7380687447801,201.77534310075515,11.97824082022891,-306.21082690371577,89.64204171363592,1.5227291823005595,7.472758158935668
3952.0,54.2241096496582,291.4174746847342,13.500925429013648,-298.7382457185911,291.4174746847342,298.7382457185911,201.77544301558956,11.978196593948748,-306.21100180176586,89.64203166914467,1.5227288350649002,7.472756083174793
3960.0,54.33403396606445,291.41750146912864,13.500901899150861,-298.7382337351247,291.41750146912864,298.7382337351247,201.77547129739867,11.978173276119882,-306.21098960673015,89.64203017172997,1.5227286230309782,7.472755871605466
3968.0,54.4439582824707,291.4175364654391,13.500882820460332,-298.7382559179876,291.4175364654391,298.7382559179876,201.77550533569132,11.978154251456608,-306.21101257531734,89.6420311297478,1.522728569003723,7.472756657329726
3976.0,54.5538444519043,291.4176042429564,13.500862113031225,-298.7383497983393,291.4176042429564,298.7383497983393,201.7755697999238,11.97813351137926,-306.21110685748636,89.64203444303254,1.5227286016519637,7.472757059147061
3984.0,54.66376876831055,291.4176452938432,13.500848449162246,-298.7383666745293,291.4176452938432,298.7383666745293,201.775606673972,11.978120108359484,-306.2111249051243,89.64203861987116,1.5227283408027632,7.472758230595016
3992.0,54.7736930847168,291.41768818408264,13.500815049912593,-298.7384068566936,291.41768818408264,298.7384068566936,201.77564407448062,11.978086482425839,-306.21116685260563,89.64204410960204,1.5227285674867534,7.472759995912059
4000.0,54.88361740112305,291.4177131186111,13.50079415563062,-298.73842249934125,291.4177131186111,298.73842249934125,201.77566357113685,11.97806582989912,-306.21118367500225,89.64204954747427,1.5227283257315016,7.472761175661012
4008.0,54.9935417175293,291.4177443369004,13.50076704475665,-298.73847242811974,291.4177443369004,298.73847242811974,201.77568994775663,11.978038815277015,-306.21123468356603,89.64205438914378,1.5227282294796352,7.472762255446308
4016.0,55.10346603393555,291.417755521918,13.500749305068911,-298.73850305666883,291.417755521918,298.73850305666883,201.77569670534572,11.978020960388342,-306.21126643997405,89.6420588165723,1.5227283446805684,7.472763383305234
4024.0,55.2133903503418,291.4177216714581,13.500722077930565,-298.73845358994146,291.4177216714581,298.73845358994146,201.77565954872082,11.9779937101745,-306.2112175436937,89.64206212273724,1.5227283677560646,7.472763953752222
4032.0,55.32331466674805,291.41771326869446,13.500695548833992,-298.73846741933886,291.41771326869446,298.73846741933886,201.7756491271054,11.977966997582701,-306.2112318301876,89.64206414158903,1.5227285512512903,7.472764410848758
4040.0,55.4332389831543,291.41770550923906,13.500681890274654,-298.7384924968326,291.41770550923906,298.7384924968326,201.77563994523345,11.977953691268246,-306.21125730437586,89.6420655640056,1.5227281990064085,7.47276480754331
4048.0,55.54316329956055,291.4176874478429,13.500650990781876,-298.73852270826706,291.4176874478429,298.73852270826706,201.77562159928527,11.977922605716913,-306.2112885646243,89.64206584855762,1.5227283850649642,7.47276585635723
4056.0,55.6530876159668,291.41766238504215,13.500633836571906,-298.7385256946892,291.41766238504215,298.7385256946892,201.77559656075744,11.977905588658167,-306.2112913952276,89.64206582428471,1.5227282479137378,7.472765700538367
4064.0,55.76301193237305,291.4176463833055,13.500602443926534,-298.7385315147985,291.4176463833055,298.7385315147985,201.77558096822116,11.977874537739263,-306.2112974073021,89.64206541508436,1.5227279061872707,7.472765892503567
4072.0,55.8729362487793,291.4176219047662,13.500582943971024,-298.7385349857691,291.4176219047662,298.7385349857691,201.77555718766973,11.977854976732353,-306.211301466133,89.64206471709643,1.522727967238671,7.472766480363916
4080.0,55.98286056518555,291.4176117012945,13.500552387385778,-298.7385187955345,291.4176117012945,298.7385187955345,201.775547575679,11.97782428463842,-306.211285522578,89.64206412561546,1.5227281027473585,7.472766727043517
4088.0,56.0927848815918,291.4175878052405,13.500523770886929,-298.7385489023089,291.4175878052405,298.7385489023089,201.77552425856376,11.977795967451973,-306.2113155980307,89.6420635466767,1.5227278034349547,7.472766695721821
4096.0,56.20270919799805,291.417591942042,13.500515503121106,-298.7385906857417,291.417591942042,298.7385906857417,201.7755288242854,11.977787627543414,-306.2113578226622,89.6420631177566,1.5227278755776918,7.4727671369204955
4104.0,56.31259536743164,291.41759774344075,13.50049501445887,-298.73858655409515,291.41759774344075,298.73858655409515,201.77553522481827,11.977767162890004,-306.21135404217546,89.64206251862251,1.5227278515688658,7.472767488080303
4112.0,56.42251205444336,291.4175840657561,13.500459731585265,-298.73863489650296,291.4175840657561,298.73863489650296,201.7755215486192,11.977731941815085,-306.21140266519654,89.64206251713689,1.52272778977018,7.472767768693577
4120.0,56.53242874145508,291.4175767968223,13.500450598999723,-298.7386344677176,291.4175767968223,298.7386344677176,201.77551442224748,11.977723200054864,-306.21140246934397,89.6420623745748,1.5227273989448582,7.472768001626361
4128.0,56.64235305786133,291.4175746893651,13.500421640646817,-298.73863976085534,291.4175746893651,298.73863976085534,201.77551232031075,11.977693874632685,-306.21140800716194,89.64206236905434,1.5227277660141318,7.472768246306594
4136.0,56.75227737426758,291.41756293401096,13.500397771631215,-298.7386374132203,291.41756293401096,298.7386374132203,201.77550076941958,11.97766982568286,-306.2114059932313,89.64206216459138,1.5227279459483558,7.472768580011024
4144.0,56.86219787597656,291.41755916490877,13.500380443404614,-298.73864350395786,291.41755916490877,298.73864350395786,201.77549673220125,11.977652864719694,-306.21141234959634,89.64206243270749,1.5227275786849197,7.4727688456384875
4152.0,56.97212219238281,291.4175471612149,13.500362012372715,-298.73866391935167,291.4175471612149,298.73866391935167,201.77548499876423,11.977634446782519,-306.2114329624095,89.64206216245069,1.5227275655901962,7.47276904305786
4160.0,57.0820426940918,291.41753641739746,13.500337311452345,-298.7386737619578,291.41753641739746,298.7386737619578,201.775474253691,11.977609973841897,-306.2114434976047,89.64206216370647,1.5227273376104487,7.472769735646913
4168.0,57.19196701049805,291.41754033226096,13.500314571498922,-298.7386962329952,291.41754033226096,298.7386962329952,201.77547764361373,11.977587374508266,-306.2114661560086,89.64206268864726,1.522727196990656,7.472769923013396
4176.0,57.3018913269043,291.417540378592,13.500289447084738,-298.73872207477336,291.417540378592,298.73872207477336,201.77547756784335,11.977562162610067,-306.2114922049534,89.64206281074866,1.5227272844746707,7.472770130180018
4184.0,57.41181564331055,291.41753637904145,13.500280873221715,-298.7387131188024,291.41753637904145,298.7387131188024,201.7754731652489,11.977553792499394,-306.21148370757805,89.64206321379254,1.5227270807223214,7.472770588775637
4192.0,57.521732330322266,291.4175293216914,13.500253480732674,-298.7387202858374,291.4175293216914,298.7387202858374,201.77546598878308,11.977526082775931,-306.2114911830346,89.64206333290831,1.522727397956742,7.472770897197141
4200.0,57.631656646728516,291.41753928862767,13.500238269073261,-298.73877852724,291.41753928862767,298.73877852724,201.77547562974968,11.977511068778792,-306.2115498448075,89.64206365887799,1.5227272002944687,7.472771317567495
4208.0,57.7415771484375,291.41752243694754,13.500221823724946,-298.7387770668972,291.41752243694754,298.7387770668972,201.77545844865756,11.97749503970665,-306.2115487705433,89.64206398828998,1.522726784018297,7.4727717036460675
4216.0,57.85150146484375,291.41752473411225,13.500199181031348,-298.7387995376236,291.41752473411225,298.7387995376236,201.77546053284408,11.977472174747911,-306.21157145290226,89.64206420126816,1.5227270062834384,7.472771915278676
4224.0,57.96142578125,291.41751196903203,13.500180059326846,-298.73879362246373,291.41751196903203,298.73879362246373,201.7754476298215,11.97745316762987,-306.2115660721953,89.64206433921052,1.5227268916969763,7.47277244973154
4232.0,58.071346282958984,291.41752934961784,13.50016460846049,-298.738848263268,291.41752934961784,298.738848263268,201.77546441984578,11.977437907180967,-306.2116209564435,89.64206492977208,1.5227267012795243,7.472772693175504
4240.0,58.181270599365234,291.4175116816849,13.500150835041227,-298.7388349477433,291.4175116816849,298.7388349477433,201.77544637208211,11.977423694913135,-306.21160810018347,89.64206530960283,1.522727140128092,7.472773152440124
4248.0,58.291194915771484,291.4175077982827,13.500130542869108,-298.73881657871567,291.4175077982827,298.73881657871567,201.77544240490607,11.977403907526053,-306.21158969144585,89.64206539337667,1.5227266353430542,7.472773112730208
4256.0,58.4011116027832,291.4175114983012,13.500109492961927,-298.7388275234069,291.4175114983012,298.7388275234069,201.77544522505033,11.977382856047612,-306.2116009533785,89.64206627325089,1.5227266369143155,7.472773429971619
4264.0,58.51103591918945,291.4175077451921,13.500092886871366,-298.73887251750693,291.4175077451921,298.73887251750693,201.77544120406924,11.977366559543642,-306.2116463679447,89.64206654112283,1.522726327327724,7.472773850437738
4272.0,58.6209602355957,291.41749695652334,13.500075474457496,-298.7388531085033,291.41749695652334,298.7388531085033,201.7754301395586,11.97734899376958,-306.21162717922914,89.64206681696476,1.5227264806879175,7.472774070725828
4280.0,58.73088073730469,291.4174854926871,13.50006162066729,-298.7388576766394,291.4174854926871,298.7388576766394,201.77541788845951,11.977335286489204,-306.2116320327259,89.64206760422758,1.5227263341780866,7.47277435608649
4288.0,58.84080123901367,291.41750214476724,13.500046291882963,-298.738907065014,291.41750214476724,298.738907065014,201.77543465078077,11.977319994016607,-306.21168163402257,89.64206749398645,1.522726297866356,7.472774569008542
4296.0,58.95072555541992,291.41749619512524,13.500024762270574,-298.7388780632767,291.41749619512524,298.7388780632767,201.77542808176332,11.977298409086526,-306.2116529493135,89.64206811336192,1.5227263531840474,7.4727748860367855
4304.0,59.06064987182617,291.4174995435545,13.500009248941971,-298.73894537193047,291.4174995435545,298.73894537193047,201.7754314579239,11.97728286795012,-306.2117205533443,89.64206808563064,1.5227263809918514,7.472775181413863
4312.0,59.17056655883789,291.4174879411963,13.499993876535035,-298.7389179939651,291.4174879411963,298.7389179939651,201.77541946335253,11.977267734967736,-306.2116936730959,89.64206847784376,1.5227261415672992,7.472775679130767
4320.0,59.280487060546875,291.41747521772095,13.499980238017134,-298.7389191318444,291.41747521772095,298.7389191318444,201.7754067697603,11.977253983621697,-306.21169517833613,89.64206844796067,1.5227262543954372,7.472776046491733
4328.0,59.390411376953125,291.4174840014799,13.499959676308478,-298.7389632973154,291.4174840014799,298.7389632973154,201.77541512283824,11.977233640618607,-306.21173920433336,89.64206887864168,1.5227260356898702,7.472775907017906
4336.0,59.500335693359375,291.41746741536906,13.49995256715604,-298.7389196400956,291.41746741536906,298.7389196400956,201.7753985429108,11.977226479334213,-306.21169605887553,89.64206887245827,1.5227260878218276,7.472776418779917
4344.0,59.61025619506836,291.4174771089993,13.49993795046835,-298.73897107221745,291.4174771089993,298.73897107221745,201.77540792114672,11.97721187404727,-306.2117476647593,89.6420691878526,1.5227260764210802,7.472776592541852
4352.0,59.72018051147461,291.41745632553756,13.49991800196081,-298.73896682465534,291.41745632553756,298.73896682465534,201.77538721761158,11.977192359275136,-306.2117435040834,89.64206910792598,1.5227256426856726,7.4727766794280805
4360.0,59.83009719848633,291.4174441586714,13.499908955375881,-298.73895138992737,291.4174441586714,298.73895138992737,201.77537475350687,11.97718297130099,-306.21172828903195,89.6420694051645,1.52272598407489,7.472776899104582
4368.0,59.94001388549805,291.4174532380446,13.499889225701807,-298.7389988731951,291.4174532380446,298.7389988731951,201.77538400652807,11.977163049087348,-306.2117760963926,89.64206923151652,1.522726176614459,7.472777223197489
4376.0,60.0499382019043,291.4174557836417,13.499879259965297,-298.7390025847749,291.4174557836417,298.7390025847749,201.77538643137163,11.977153216784917,-306.21177990939003,89.64206935227004,1.5227260431803802,7.472777324615134
4384.0,60.159854888916016,291.4174241532535,13.499869359191942,-298.7389784486572,291.4174241532535,298.7389784486572,201.7753547962108,11.97714349527163,-306.211756145748,89.64206935704269,1.522725863920313,7.47277769709081
4392.0,60.269775390625,291.4174517901949,13.49985120285415,-298.73904771733277,291.4174517901949,298.73904771733277,201.77538235313915,11.97712513445806,-306.2118253238728,89.64206943705574,1.5227260683960915,7.472777606540016
4400.0,60.37969970703125,291.41741922623544,13.4998338790691,-298.7390014870675,291.41741922623544,298.7390014870675,201.77534995862487,11.977108145743294,-306.21177979674474,89.64206926761055,1.5227257333258075,7.472778309677197
4408.0,60.4896240234375,291.41742299612775,13.499825922953622,-298.73903998385714,291.41742299612775,298.73903998385714,201.7753537428563,11.977100233424162,-306.2118182364653,89.64206925327146,1.5227256895294614,7.4727782526082045
4416.0,60.599544525146484,291.41743134097703,13.4998138622223,-298.7390569223168,291.41743134097703,298.7390569223168,201.77536195786953,11.9770880980475,-306.21183524978784,89.64206938310751,1.522725764174802,7.47277832747102
4424.0,60.7094612121582,291.41742327014003,13.499794824766662,-298.7390405103615,291.41742327014003,298.7390405103615,201.77535381323457,11.977069391832512,-306.2118192895553,89.64206945690546,1.5227254329341506,7.472778779193814
4432.0,60.81938552856445,291.4174203877042,13.499784566133167,-298.7390618673929,291.4174203877042,298.7390618673929,201.77535073239872,11.97705888545156,-306.2118408888801,89.64206965530549,1.5227256806816065,7.472779021487218
4440.0,60.9293098449707,291.41742755221,13.49977143103645,-298.73907866146067,291.41742755221,298.73907866146067,201.77535773865566,11.977045951769234,-306.2118577849947,89.64206981355431,1.5227254792672165,7.472779123534068
4448.0,61.03923034667969,291.4174229988462,13.499761713761174,-298.7390815569767,291.4174229988462,298.7390815569767,201.77535271727726,11.977036181619921,-306.2118606061057,89.64207028156895,1.5227255321412532,7.4727790491289765
4456.0,61.14915084838867,291.4174262246151,13.499747111288231,-298.7390989689536,291.4174262246151,298.7390989689536,201.77535629032894,11.977021762477563,-306.2118781941231,89.64206993428616,1.5227253488106687,7.472779225169446
4464.0,61.25907516479492,291.4174116731104,13.499731586377692,-298.7390905590938,291.4174116731104,298.7390905590938,201.77534156943864,11.977006341282328,-306.21186978080914,89.64207010367176,1.5227252450953634,7.472779221715285
4472.0,61.36899948120117,291.41739202263653,13.499722640362581,-298.7390573662232,291.41739202263653,298.7390573662232,201.7753215069119,11.976997472511762,-306.211837161779,89.64207051572464,1.522725167850819,7.472779795555768
4480.0,61.47891616821289,291.4174042013731,13.499708573083193,-298.73909382009026,291.4174042013731,298.73909382009026,201.77533355409574,11.976983218711542,-306.2118736836379,89.64207064727731,1.5227253543716515,7.472779863547683
4488.0,61.58884048461914,291.41741185134003,13.499687610463143,-298.73913877661545,291.41741185134003,298.73913877661545,201.77534137108378,11.9769623802781,-306.2119185396465,89.64207048025625,1.5227252301850438,7.47277976303105
4496.0,61.698760986328125,291.4174031694798,13.499684840148458,-298.7391354043297,291.4174031694798,298.7391354043297,201.775332704,11.976959802385748,-306.2119151844009,89.6420704654798,1.5227250377627102,7.472779780071164
4504.0,61.808685302734375,291.41739116113524,13.499670262464623,-298.739122000822,291.41739116113524,298.739122000822,201.77532073030562,11.976944982784904,-306.2119022383481,89.64207043082962,1.522725279679718,7.472780237526075
4512.0,61.91860580444336,291.41738301269135,13.499669045108952,-298.7391123440016,291.41738301269135,298.7391123440016,201.7753125502578,11.97694368869568,-306.21189280948283,89.64207046243354,1.5227253564132712,7.47278046548119
4520.0,62.02853012084961,291.41738828349634,13.499659896466524,-298.7391593681562,291.41738828349634,298.7391593681562,201.7753177578747,11.976934665316833,-306.2119400011751,89.64207052562166,1.5227252311496913,7.472780633018888
4528.0,62.13844680786133,291.41738438886966,13.499637161929753,-298.73915269532796,291.41738438886966,298.73915269532796,201.77531368567662,11.976911808691149,-306.2119337994992,89.64207070319301,1.5227253532386036,7.472781104171239
4536.0,62.24837112426758,291.4173786095645,13.499629031773377,-298.7391625352253,291.4173786095645,298.7391625352253,201.77530774539525,11.9769038682283,-306.21194383562505,89.64207086416926,1.5227251635450778,7.4727813003997365
4544.0,62.35829162597656,291.4173932752355,13.499616494029919,-298.73919013188265,291.4173932752355,298.73919013188265,201.77532203170753,11.976891410950666,-306.2119714866698,89.64207124352795,1.522725083079254,7.472781354787198
4552.0,62.46821594238281,291.4173773404352,13.49960408434297,-298.73916273099945,291.4173773404352,298.73916273099945,201.77530617992903,11.976878825920556,-306.2119443342805,89.64207116050619,1.5227252584224136,7.472781603280994
4560.0,62.5781364440918,291.41737062975426,13.49959918871426,-298.73915376317814,291.41737062975426,298.73915376317814,201.77529899930386,11.976873930377735,-306.2119351593129,89.6420716304504,1.5227252583365258,7.472781396134755
4568.0,62.68806076049805,291.41737864676907,13.499593214331043,-298.7392072763449,291.41737864676907,298.7392072763449,201.77530695238158,11.976868532293034,-306.21198900016174,89.64207169438748,1.5227246820380076,7.47278172381678
4576.0,62.797977447509766,291.41736530849397,13.499579510958005,-298.73919183261944,291.41736530849397,298.73919183261944,201.77529356567317,11.976854688851638,-306.21197335979,89.6420717428208,1.5227248221063672,7.4727815271705955
4584.0,62.907901763916016,291.41736926924193,13.499569258824598,-298.7392035442544,291.41736926924193,298.7392035442544,201.77529777925452,11.976844360991308,-306.2119854759783,89.64207148998742,1.5227248978332901,7.47278193172387
4592.0,63.017822265625,291.4173687840106,13.499558404755444,-298.73920472670744,291.4173687840106,298.73920472670744,201.7752969394125,11.976833631322505,-306.2119868919261,89.64207184459809,1.5227247734329383,7.47278216521863
4600.0,63.12774658203125,291.4173674939388,13.499554695724248,-298.73919444901304,291.4173674939388,298.73919444901304,201.77529530734319,11.976829939023954,-306.21197681422393,89.6420721865956,1.5227247567002942,7.472782365210915
4608.0,63.237667083740234,291.4173775523132,13.499538997012555,-298.73924380282915,291.4173775523132,298.73924380282915,201.77530535315992,11.97681403197557,-306.21202598369405,89.64207219915329,1.522724965036986,7.472782180864912
4616.0,63.347591400146484,291.41737334094785,13.499529065446005,-298.7392229097709,291.41737334094785,298.7392229097709,201.77530115005618,11.976804135396964,-306.212005278251,89.64207219089164,1.5227249300490402,7.47278236848011
4624.0,63.45750427246094,291.41737345304597,13.4995154857904,-298.73924892124654,291.41737345304597,298.73924892124654,201.77530119704022,11.976790766915673,-306.21203168110685,89.64207225600576,1.522724718874728,7.472782759860299
4632.0,63.56742858886719,291.41735928442597,13.499506301806273,-298.73923195241787,291.41735928442597,298.73923195241787,201.77528701013654,11.976781334180169,-306.21201465791654,89.64207227428946,1.5227249676261039,7.472782705498661
4640.0,63.67735290527344,291.41734210677794,13.4995040500594,-298.7392042663972,291.41734210677794,298.7392042663972,201.7752694751475,11.976779132990103,-306.2119869938588,89.64207263163041,1.5227249170692971,7.472782727461542
4648.0,63.78727340698242,291.41734168927906,13.499496715147004,-298.7392300923498,291.41734168927906,298.7392300923498,201.77526943607296,11.976772004983188,-306.21201331696017,89.64207225320607,1.522724710163816,7.4727832246103585
4656.0,63.89719772338867,291.41735951765975,13.499489299767186,-298.73926841727905,291.41735951765975,298.73926841727905,201.77528692691573,11.976764607122167,-306.2120517001631,89.642072590744,1.5227246926450193,7.4727832828840794
4664.0,64.00711822509766,291.4173488634269,13.499480546345744,-298.7392513523104,291.4173488634269,298.7392513523104,201.77527580969388,11.976755953591377,-306.21203462436193,89.64207305373307,1.5227245927543676,7.472783272051515
4672.0,64.1170425415039,291.41735786081415,13.499469485204308,-298.73926349396083,291.41735786081415,298.73926349396083,201.77528459667172,11.976744790641874,-306.2120473030096,89.64207326414243,1.5227246945624344,7.47278380904877
4680.0,64.22695922851562,291.41736342420484,13.49946868198002,-298.73927024581684,291.41736342420484,298.73927024581684,201.77529004625805,11.976744178196618,-306.2120539431384,89.64207337794677,1.5227245037834005,7.47278369732155
4688.0,64.33688354492188,291.4173560643393,13.499464609568397,-298.73928980763503,291.4173560643393,298.73928980763503,201.7752827536574,11.976739924742528,-306.21207359848165,89.64207331068187,1.522724684825869,7.472783790846638
4696.0,64.4468002319336,291.4173679848816,13.499453044154128,-298.7392939141498,291.4173679848816,298.7392939141498,201.7752944776234,11.97672856605751,-306.2120775586684,89.64207350725823,1.5227244780966185,7.472783644518573
4704.0,64.55672454833984,291.41733623670615,13.499447802386893,-298.73927272021206,291.41733623670615,298.73927272021206,201.77526261409264,11.97672330421192,-306.21205708083426,89.6420736226135,1.5227244981749744,7.472784360622186
4712.0,64.6666488647461,291.41733787475107,13.499439531509063,-298.7392794194945,291.41733787475107,298.7392794194945,201.77526403705173,11.976714955406386,-306.21206401903527,89.64207383769934,1.5227245761026764,7.472784599540786
4720.0,64.77657318115234,291.4173480943461,13.49943420135292,-298.73929880788967,291.4173480943461,298.73929880788967,201.77527426125303,11.976709832165456,-306.21208337700705,89.64207383309305,1.522724369187463,7.472784569117393
4728.0,64.88648986816406,291.4173419169126,13.499427497649942,-298.73931376306103,291.4173419169126,298.73931376306103,201.7752678379563,11.976703100008828,-306.21209849567833,89.6420740789563,1.5227243976411136,7.4727847326173045
4736.0,64.99641418457031,291.4173521371913,13.499418653585309,-298.7393071758682,291.4173521371913,298.7393071758682,201.7752780774642,11.97669431906319,-306.2120919060902,89.64207405972712,1.5227243345221182,7.472784730222038
4744.0,65.10633087158203,291.41733764969644,13.4994156871905,-298.7393076833697,291.41733764969644,298.7393076833697,201.7752634689857,11.976691222591016,-306.21209260656804,89.64207418071072,1.5227244645994822,7.472784923198333
4752.0,65.21625518798828,291.41733926756626,13.499412222226818,-298.73932818528186,291.41733926756626,298.73932818528186,201.77526459132122,11.976687853573246,-306.2121133348944,89.64207467624504,1.5227243686535714,7.4727851496125455
4760.0,65.32617950439453,291.4173434700035,13.49939727697153,-298.7393144489404,291.4173434700035,298.7393144489404,201.77526909130432,11.976673114330488,-306.2120992711492,89.64207437869922,1.5227241626410426,7.472784822208824
4768.0,65.43610382080078,291.41734480475463,13.499398730779316,-298.73932550694946,291.41734480475463,298.73932550694946,201.77527001557007,11.976674538984255,-306.21211068966545,89.64207478918459,1.5227241917950591,7.472785182715968
4776.0,65.5460205078125,291.417347307175,13.499394819696679,-298.7393346475659,291.417347307175,298.7393346475659,201.77527258794458,11.97667061698066,-306.21211977195486,89.64207471923045,1.522724202716018,7.472785124388935
4784.0,65.65594482421875,291.417332188609,13.499397060076744,-298.7393038446446,291.417332188609,298.7393038446446,201.77525683685303,11.976672968969487,-306.2120895094036,89.64207535175596,1.5227240911072575,7.472785664758963
4792.0,65.76586151123047,291.41733634473127,13.49938407292774,-298.73931407040476,291.41733634473127,298.73931407040476,201.77526091190217,11.976659608160748,-306.21209970638324,89.6420754328291,1.5227244647669913,7.472785635978461
4800.0,65.87578582763672,291.4173328449204,13.499386933865445,-298.73931351488335,291.4173328449204,298.73931351488335,201.77525715924412,11.97666260949318,-306.21209928656083,89.64207568567628,1.5227243243722652,7.4727857716774855
4808.0,65.98571014404297,291.41735201840095,13.499380967996933,-298.7393470907271,291.41735201840095,298.7393470907271,201.7752759504435,11.97665690232303,-306.21213266874986,89.64207606795743,1.522724065673902,7.472785578022738
4816.0,66.09563446044922,291.41732864444606,13.499372350536772,-298.73928195899015,291.41732864444606,298.73928195899015,201.7752522541558,11.976648240668084,-306.2120681368375,89.64207639029026,1.5227241098686881,7.472786177847343
4824.0,66.20555877685547,291.417332569782,13.499377338923416,-298.7393341941039,291.417332569782,298.7393341941039,201.77525571441436,11.976653261746666,-306.2121202931743,89.64207685536763,1.5227240771767514,7.4727860990703965
4832.0,66.31548309326172,291.41734160666954,13.499374736178888,-298.7393240398972,291.41734160666954,298.7393240398972,201.775264769113,11.976650896765115,-306.21211029266493,89.64207683755653,1.5227238394137732,7.472786252767729
4840.0,66.42539978027344,291.41733999193036,13.499368035673115,-298.7393213453042,291.41733999193036,298.7393213453042,201.77526253290654,11.97664383871916,-306.21210751457534,89.64207745902382,1.5227241969539564,7.47278616927118
4848.0,66.53531646728516,291.41735327225257,13.499372809974115,-298.7393439435008,291.41735327225257,298.7393439435008,201.77527552234312,11.976648871598162,-306.2121301515143,89.64207774990945,1.5227239383759543,7.472786208013534
4856.0,66.6452407836914,291.4173488676396,13.499369277330484,-298.73934164909116,291.4173488676396,298.73934164909116,201.77527082796774,11.976645322970622,-306.2121283500122,89.64207803967182,1.5227239543598623,7.472786700921068
4864.0,66.75516510009766,291.4173431627223,13.499365985769689,-298.7393214834051,291.4173431627223,298.7393214834051,201.77526492379894,11.976641717627027,-306.21210812635314,89.6420782389234,1.5227242681426625,7.472786642948072
4872.0,66.8650894165039,291.41735109769536,13.4993625884923,-298.73932338525344,291.41735109769536,298.73932338525344,201.77527252968613,11.976638646430747,-306.21211043559407,89.64207856800924,1.5227239420615524,7.472787050340606
4880.0,66.97500610351562,291.4173350312474,13.499371069176911,-298.7393150391745,291.4173350312474,298.7393150391745,201.77525631351173,11.976647027310346,-306.2121018808832,89.64207871773567,1.522724041866566,7.472786841708663
4888.0,67.08492279052734,291.4173496797597,13.499363766790431,-298.7393321388142,291.4173496797597,298.7393321388142,201.77527088786783,11.976639729806926,-306.21211893785073,89.64207879189186,1.5227240369835036,7.472786799036579
4896.0,67.1948471069336,291.4173180662591,13.499372339144106,-298.73930781289476,291.4173180662591,298.73930781289476,201.77523963637356,11.976648397953811,-306.21209489993646,89.64207842988556,1.522723941190295,7.472787087041722
4904.0,67.30477142333984,291.4171771517158,13.499334602197802,-298.7392980166812,291.4171771517158,298.7392980166812,201.77510486951627,11.976610523027169,-306.21208331812574,89.6420722821995,1.5227240791706325,7.472785301444535
4912.0,67.4146957397461,291.4171241723599,13.499287883281928,-298.73932108244617,291.4171241723599,298.73932108244617,201.77506206735714,11.976564251864062,-306.2121038253167,89.64206210500271,1.522723631417867,7.472782742870561
4920.0,67.52462005615234,291.4171317363185,13.499249598195192,-298.7393632551103,291.4171317363185,298.7393632551103,201.77507471854284,11.976525985667301,-306.21214467446805,89.64205701777564,1.5227236125278902,7.472781419357777
4928.0,67.63453674316406,291.4171648179123,13.499216711643758,-298.7394074203806,291.4171648179123,298.7394074203806,201.7751095129902,11.976493379154189,-306.2121886782875,89.64205530492211,1.5227233324895688,7.472781257906882
4936.0,67.74446105957031,291.41717288941146,13.499198290861479,-298.7394538024139,291.41717288941146,298.7394538024139,201.7751171903829,11.976475280348767,-306.2122348155275,89.64205569902857,1.5227230105127108,7.472781013113616
4944.0,67.85437774658203,291.41718427475945,13.499183710286452,-298.7394323214906,291.41718427475945,298.7394323214906,201.77512802521358,11.976460406502198,-306.2122138489686,89.64205624954587,1.5227233037842547,7.472781527477975
4952.0,67.96430206298828,291.4172275297167,13.499157359390221,-298.7394896299879,291.4172275297167,298.7394896299879,201.7751698863517,11.97643403329596,-306.21227130746405,89.64205764336495,1.5227233260942628,7.472781677476159
4960.0,68.07422637939453,291.417236613417,13.499153071241164,-298.7394901322985,291.417236613417,298.7394901322985,201.77517655302236,11.976429848729412,-306.2122725814871,89.64206006039461,1.522723222511753,7.472782449188639
4968.0,68.18415069580078,291.4172656789259,13.49912974024598,-298.73951975434824,291.4172656789259,298.73951975434824,201.7752029533537,11.976406693218097,-306.2123028175914,89.64206272557217,1.5227230470278834,7.472783063243184
4976.0,68.29407501220703,291.41736901620726,13.499119848838815,-298.73960502797036,291.41736901620726,298.73960502797036,201.7752995177563,11.976396846636947,-306.21238989048555,89.64206949845094,1.5227230022018676,7.472784862515186
4984.0,68.40399932861328,291.4174270358427,13.499136892975411,-298.73963835591906,291.4174270358427,298.73963835591906,201.77534956991283,11.976413801636134,-306.2124241861883,89.64207746592987,1.5227230913392762,7.472785830269239
4992.0,68.513916015625,291.4174449408657,13.499135226789505,-298.7396394286241,291.4174449408657,298.7396394286241,201.7753602657731,11.97641206240242,-306.2124264021289,89.6420846750926,1.5227231643870844,7.472786973504835
5000.0,68.62384033203125,291.4174091512938,13.499135321073506,-298.7395975844124,291.4174091512938,298.7395975844124,201.77532081391558,11.976411952078758,-306.2123853301569,89.64208833737817,1.5227233689947486,7.472787745744486
5008.0,68.7337646484375,291.41739338002463,13.499135996723652,-298.73956189484295,291.41739338002463,298.73956189484295,201.77530309976459,11.976412600188215,-306.212349904741,89.64209028026005,1.5227233965354365,7.472788009898078
5016.0,68.84368896484375,291.41739905149973,13.499125339797821,-298.73961595799864,291.41739905149973,298.73961595799864,201.77530810830933,11.976402362436893,-306.21240384944093,89.64209094319042,1.5227229773609277,7.472787891442267
5024.0,68.95360565185547,291.4173675409887,13.499119284745241,-298.7395872937913,291.4173675409887,298.7395872937913,201.77527665966886,11.976396148175557,-306.2123754195774,89.64209088131983,1.522723136569685,7.4727881257861
5032.0,69.06352996826172,291.4173687537828,13.499115182072057,-298.73961686595396,291.4173687537828,298.73961686595396,201.77527833454698,11.97639199020819,-306.21240502210463,89.64209041923581,1.5227231918638653,7.4727881561506635
5040.0,69.17345428466797,291.41732758721633,13.49911210220954,-298.7395627306225,291.41732758721633,298.7395627306225,201.77523795979081,11.976388784993262,-306.21235107213954,89.64208962742552,1.5227233172162782,7.472788341517063
5048.0,69.28337860107422,291.41732655485214,13.499098674283754,-298.73959455252105,291.41732655485214,298.73959455252105,201.77523793479747,11.976375602583008,-306.2123824018506,89.6420886200547,1.5227230717007463,7.472787849329577
5056.0,69.39330291748047,291.4173014831981,13.499094023972727,-298.7395717352848,291.4173014831981,298.7395717352848,201.77521391704516,11.976370830038473,-306.2123597692247,89.64208756615294,1.522723193934254,7.472788033939886
5064.0,69.50321960449219,291.4172892916909,13.499091839101219,-298.7395774560422,291.4172892916909,298.7395774560422,201.7752027904534,11.976368674407293,-306.21236506805894,89.64208650123751,1.5227231646939243,7.472787612016766
5072.0,69.6131362915039,291.41728657313627,13.499082379952585,-298.73956783772184,291.41728657313627,298.73956783772184,201.77520048713637,11.976359294122046,-306.21235549129943,89.64208608599992,1.5227230858305387,7.472787653577601
5080.0,69.72306060791016,291.4172825942289,13.499074594444537,-298.7395953685672,291.4172825942289,298.7395953685672,201.77519739037143,11.976351282406355,-306.21238305514544,89.64208520385745,1.5227233120381811,7.472787686578203
5088.0,69.8329849243164,291.41726950741804,13.49907142091466,-298.73956274502785,291.41726950741804,298.73956274502785,201.77518480593156,11.976348313138239,-306.21235040152624,89.64208470148651,1.5227231077764225,7.47278765649836
5096.0,69.94290924072266,291.41727510529665,13.499070886030129,-298.73960732364776,291.41727510529665,298.73960732364776,201.77519106554774,11.976347820255697,-306.2123949761769,89.64208403974894,1.522723065774433,7.472787652529145
5104.0,70.0528335571289,291.41726759772143,13.499060599138803,-298.7395866010971,291.41726759772143,298.7395866010971,201.77518390490246,11.976337437422002,-306.2123746279134,89.642083692819,1.5227231617168004,7.472788026816301
5112.0,70.16275787353516,291.4172858843146,13.499048297999442,-298.7396389084211,291.4172858843146,298.7396389084211,201.7752022069195,11.976325271552817,-306.2124264206915,89.6420836773951,1.5227230264466254,7.472787512270395
5120.0,70.27267456054688,291.41726755299834,13.499047756600842,-298.7395907711185,291.41726755299834,298.7395907711185,201.77518420582336,11.97632495714817,-306.21237843104075,89.64208334717499,1.522722799452672,7.472787659922239
5128.0,70.38259887695312,291.41725346739776,13.49904646201383,-298.73957520834824,291.41725346739776,298.73957520834824,201.77517049828867,11.976323465446896,-306.2123629439611,89.64208296910907,1.5227229965669333,7.472787735612892
5136.0,70.49250030517578,291.41726868709486,13.499038756003136,-298.73961063353715,291.41726868709486,298.73961063353715,201.77518587879155,11.976315815889052,-306.21239856911654,89.64208280830329,1.5227229401140847,7.472787935579404
5144.0,70.60242462158203,291.41726942878734,13.499031046274112,-298.7396162605243,291.41726942878734,298.7396162605243,201.77518630052305,11.976308220131813,-306.2124040410838,89.64208312826426,1.5227228261422985,7.472787780559486
5152.0,70.71234893798828,291.41726927036785,13.499020743056809,-298.73960657251166,291.41726927036785,298.73960657251166,201.77518630643806,11.976297844097706,-306.2123948491674,89.64208296392981,1.522722898959103,7.472788276655734
5160.0,70.822265625,291.41727213799425,13.499023955356048,-298.73963615031414,291.41727213799425,298.73963615031414,201.77518910527553,11.976300802124246,-306.2124242798583,89.64208303271872,1.5227231532318006,7.472788129544144
5168.0,70.93218994140625,291.41727801756826,13.499016835313665,-298.7396309396771,291.41727801756826,298.7396309396771,201.7751948216897,11.976293868332768,-306.2124192087007,89.64208319587857,1.5227229669808962,7.4727882690235745
5176.0,71.0421142578125,291.41727199614814,13.499013622914317,-298.73963233470727,291.41727199614814,298.73963233470727,201.7751887417653,11.976290736198035,-306.21242080794076,89.64208325438283,1.5227228867162825,7.472788473233472
5184.0,71.15203857421875,291.417278545651,13.499006030433522,-298.7396447169255,291.417278545651,298.7396447169255,201.77519565305022,11.97628312811137,-306.2124331352365,89.64208289260081,1.5227229023221507,7.472788418310998
5192.0,71.26195526123047,291.4172800960634,13.49900077102787,-298.73965058028426,291.4172800960634,298.73965058028426,201.77519683155646,11.976277680673755,-306.2124390390302,89.64208326450692,1.5227230903541136,7.472788458745922
5200.0,71.37187957763672,291.4172726048369,13.498990821464012,-298.7396353415601,291.4172726048369,298.7396353415601,201.77518944902482,11.97626803403674,-306.2124237923165,89.64208315581209,1.5227227874272726,7.4727884507564255
5208.0,71.48180389404297,291.41726184319685,13.49898861253947,-298.7396280396458,291.41726184319685,298.7396280396458,201.77517864157974,11.976265877842803,-306.21241631955877,89.64208320161711,1.5227227346966683,7.4727882799129475
5216.0,71.59172821044922,291.417275096833,13.498991052397358,-298.7396679792669,291.417275096833,298.7396679792669,201.77519186523128,11.976268023648135,-306.2124568233471,89.6420832316017,1.5227230287492217,7.472788844080196
5224.0,71.70165252685547,291.4172679593596,13.498976069868467,-298.7396483989682,291.4172679593596,298.7396483989682,201.77518465080328,11.976253081991484,-306.2124370093906,89.6420833085563,1.5227229878769837,7.472788610422403
5232.0,71.81156921386719,291.41726944801144,13.498981247892218,-298.7396447221118,291.41726944801144,298.7396447221118,201.77518595772196,11.976258284310973,-306.2124338417788,89.64208349028948,1.522722963581244,7.472789119667035
5240.0,71.9214859008789,291.41727020335395,13.498973595975965,-298.73966302934525,291.41727020335395,298.73966302934525,201.77518665037056,11.976250577229774,-306.21245187722883,89.64208355298337,1.5227230187461922,7.472788847883585
5248.0,72.03141021728516,291.417262997443,13.498970253598074,-298.7396743666911,291.417262997443,298.7396743666911,201.77517940263542,11.976247393422472,-306.2124632675668,89.64208359480756,1.5227228601756027,7.47278890087573
5256.0,72.1413345336914,291.4172637818051,13.498961508745763,-298.7396543208125,291.4172637818051,298.7396543208125,201.77518021598118,11.976238707206665,-306.21244333881555,89.6420835658239,1.5227228015390986,7.472789018003025
5264.0,72.25125885009766,291.4172590293697,13.49896540645615,-298.7396641898528,291.4172590293697,298.7396641898528,201.77517516614714,11.976242484852298,-306.212453146043,89.64208386322258,1.5227229216038527,7.472788956190161
5272.0,72.3611831665039,291.4172623562505,13.498952216645586,-298.7396542743453,291.4172623562505,298.7396542743453,201.77517864297823,11.976229254313129,-306.212443978797,89.64208371327226,1.5227229623324567,7.472789704451691
5280.0,72.47110748291016,291.4172526298408,13.498956170801732,-298.73966645441095,291.4172526298408,298.73966645441095,201.77516881318684,11.976233243200767,-306.2124559172154,89.64208381665395,1.5227229276009648,7.472789462804413
5288.0,72.58102416992188,291.4172748201156,13.498948802005327,-298.7396981983092,291.4172748201156,298.7396981983092,201.77519071100443,11.976225818539913,-306.2124874294439,89.64208410911121,1.522722983465413,7.4727892311346915
5296.0,72.69094848632812,291.4172596437647,13.49894082017754,-298.7396767799199,291.4172596437647,298.7396767799199,201.77517548539237,11.97621783579947,-306.212466028902,89.64208415837231,1.5227229843780687,7.472789248982126
5304.0,72.80087280273438,291.4172647202488,13.498936167467164,-298.73969279049277,291.4172647202488,298.73969279049277,201.77518043251968,11.976213374384358,-306.21248246159956,89.64208428772915,1.5227227930828064,7.472789671106776
5312.0,72.91079711914062,291.4172653342218,13.498939035520198,-298.7396811589181,291.4172653342218,298.7396811589181,201.77518119061017,11.976216157642273,-306.21247085794795,89.64208414361161,1.5227228778779245,7.4727896990298985
5320.0,73.02071380615234,291.4172667568168,13.498929403907443,-298.73967778251694,291.4172667568168,298.73967778251694,201.77518244937468,11.976206571370358,-306.21246725537617,89.64208430744212,1.5227228325370845,7.472789472859251
5328.0,73.1306381225586,291.41725777856607,13.498922758610277,-298.73966366630515,291.41725777856607,298.73966366630515,201.77517357080978,11.976200057142005,-306.2124534602232,89.64208420775628,1.5227227014682714,7.472789793918046
5336.0,73.24056243896484,291.41726032558495,13.49891224850142,-298.73968568100923,291.41726032558495,298.73968568100923,201.7751760156858,11.976189400214125,-306.2124753820874,89.64208430989919,1.5227228482872945,7.472789701078169
5344.0,73.3504867553711,291.417257781109,13.498921154910484,-298.7396707475945,291.417257781109,298.7396707475945,201.77517327932398,11.976198332737294,-306.2124607187968,89.64208450178504,1.5227228221731899,7.47278997120232
5352.0,73.46041107177734,291.4172566924702,13.498915137482163,-298.73970303000044,291.4172566924702,298.73970303000044,201.77517178837022,11.97619234859913,-306.2124931087333,89.64208490409996,1.522722788883034,7.472790078732879
5360.0,73.5703353881836,291.4172687896316,13.498910790561236,-298.7397165735492,291.4172687896316,298.7397165735492,201.77518384180587,11.976188017670905,-306.2125064375536,89.64208494782572,1.5227227728903308,7.472789864004453
5368.0,73.68025207519531,291.41724418182355,13.498914044998637,-298.7396738832816,291.41724418182355,298.7396738832816,201.77515951013504,11.976191271182842,-306.2124641914855,89.64208467168852,1.5227227738157953,7.47279030820388
5376.0,73.79016876220703,291.41724855646106,13.49891337576289,-298.7396847767576,291.41724855646106,298.7396847767576,201.775163688759,11.976190404356517,-306.21247520730697,89.64208486770207,1.5227229714063721,7.472790430549394
5384.0,73.90009307861328,291.41726099619893,13.498907431654326,-298.7397092378887,291.41726099619893,298.7397092378887,201.77517602736683,11.9761845946363,-306.212499561091,89.64208496883214,1.5227228370180264,7.472790323202308
5392.0,74.00999450683594,291.41725557576336,13.49889090416565,-298.7396845653883,291.41725557576336,298.7396845653883,201.7751705879869,11.97616810671645,-306.2124750813112,89.64208498777646,1.5227227974492,7.4727905159228785
5400.0,74.11991119384766,291.41724450646115,13.498904430777793,-298.73966981457966,291.41724450646115,298.73966981457966,201.7751594679858,11.976181668845104,-306.21246036185966,89.64208503847534,1.5227227619326897,7.472790547279978
5408.0,74.2298355102539,291.4172472689936,13.498888190523507,-298.73970059687554,291.4172472689936,298.73970059687554,201.77516202108353,11.976165468898838,-306.212490878607,89.64208524791007,1.5227227216246688,7.472790281731454
5416.0,74.33975982666016,291.4172656404543,13.498896853846132,-298.73973649386556,291.4172656404543,298.73973649386556,201.77518034499414,11.976174164002792,-306.21252718276224,89.64208529546015,1.5227226898433397,7.472790688896679
5424.0,74.4496841430664,291.4172522435722,13.498891181770992,-298.7397053522971,291.4172522435722,298.7397053522971,201.77516703786836,11.976168410114937,-306.2124958690472,89.64208520570386,1.5227227716560545,7.47279051675006
5432.0,74.55960845947266,291.4172461275116,13.49888951667174,-298.7396794191606,291.4172461275116,298.7396794191606,201.77516066060835,11.976166798262877,-306.2124700228782,89.64208546690323,1.5227227184088625,7.472790603717596
5440.0,74.6695327758789,291.41725335973376,13.498883005118993,-298.73971698856275,291.41725335973376,298.73971698856275,201.77516797341028,11.976160365290083,-306.21250754119455,89.64208538632346,1.5227226398289093,7.472790552631816
5448.0,74.77944946289062,291.41725501618964,13.498882760392172,-298.7397159115141,291.41725501618964,298.7397159115141,201.77516956816743,11.976160073536697,-306.21250661024595,89.64208544802221,1.5227226868554755,7.472790698731832
5456.0,74.88937377929688,291.4172511197728,13.498880291825413,-298.73973458066456,291.4172511197728,298.73973458066456,201.77516574294367,11.976157746206432,-306.2125255126065,89.6420853768291,1.5227225456189806,7.47279093194191
5464.0,74.99929809570312,291.41725422319087,13.498885593809778,-298.73971351820416,291.41725422319087,298.73971351820416,201.775168580062,11.97616285161071,-306.2125044946363,89.64208564312885,1.5227227421990692,7.472790976432122
5472.0,75.10922241210938,291.41725585551467,13.498876536545733,-298.73972494332,291.41725585551467,298.73972494332,201.77517027754595,11.976153782177127,-306.21251577321607,89.64208557796874,1.5227227543686062,7.472790829896035
5480.0,75.2191390991211,291.41726215132917,13.498876533889014,-298.73972165532956,291.41726215132917,298.73972165532956,201.77517651874211,11.976153885495538,-306.2125125132478,89.64208563258707,1.5227226483934757,7.472790857918279
5488.0,75.32906341552734,291.4172508979866,13.498874452321608,-298.73971712833855,291.4172508979866,298.73971712833855,201.77516494890176,11.976151953695645,-306.21250826576386,89.64208594908482,1.522722498625963,7.472791137425297
5496.0,75.4389877319336,291.41725534010317,13.498879821838672,-298.7397191490032,291.41725534010317,298.7397191490032,201.77516945583784,11.976157273157426,-306.2125099928708,89.64208588426533,1.5227225486812466,7.472790843867646
5504.0,75.54891204833984,291.41724100648685,13.498874277178984,-298.7396898826313,291.41724100648685,298.7396898826313,201.77515491367652,11.976151754115977,-306.2124811338947,89.64208609281032,1.5227225230630084,7.472791251263413
5512.0,75.6588363647461,291.4172519283652,13.498864928908711,-298.73972663268364,291.4172519283652,298.73972663268364,201.77516570213618,11.976142650326576,-306.212517977109,89.642086226229,1.522722278582135,7.472791344425325
5520.0,75.76876068115234,291.4172534799469,13.498878291153154,-298.73972949834814,291.4172534799469,298.73972949834814,201.77516740062902,11.976155795052083,-306.21252081261355,89.64208607931786,1.5227224961010721,7.472791314265409
5528.0,75.87867736816406,291.4172449436712,13.498868703943753,-298.73971533817405,291.4172449436712,298.73971533817405,201.77515877323992,11.976146502625411,-306.2125068171698,89.64208617043127,1.522722201318342,7.472791478995745
5536.0,75.98860168457031,291.41724813895195,13.498870144568222,-298.73970577150186,291.41724813895195,298.73970577150186,201.77516186091196,11.976147735206995,-306.21249682204297,89.64208627803998,1.5227224093612266,7.472791050541078
5544.0,76.09851837158203,291.41724964375646,13.498869046822367,-298.7397179393381,291.41724964375646,298.7397179393381,201.77516278314494,11.97614679277174,-306.2125091676144,89.64208686061151,1.522722254050627,7.472791228276295
5552.0,76.20844268798828,291.41724978371377,13.498870329671185,-298.7397280361803,291.41724978371377,298.7397280361803,201.77516299167428,11.976148145885427,-306.21251955920184,89.64208679203949,1.522722183785759,7.472791523021576
5560.0,76.31836700439453,291.41723178938224,13.498867644855748,-298.73966486331364,291.41723178938224,298.73966486331364,201.7751448867208,11.976145214701923,-306.2124563837592,89.64208690266145,1.5227224301538254,7.472791520445594
5568.0,76.42829132080078,291.41725653019216,13.498869850980562,-298.7397323922789,291.41725653019216,298.7397323922789,201.77516940804367,11.976147581763716,-306.21252401161513,89.64208712214847,1.5227222692168465,7.4727916193362525
5576.0,76.53821563720703,291.4172499120707,13.498870053925998,-298.739712699098,291.4172499120707,298.739712699098,201.77516236116304,11.97614768284606,-306.2125045166133,89.64208755090766,1.5227223710799378,7.472791817515325
5584.0,76.64813232421875,291.41725026326753,13.498867217640804,-298.7397206298327,291.41725026326753,298.7397206298327,201.77516280876628,11.976144917368803,-306.21251267306087,89.64208745450125,1.5227223002720005,7.472792043228218
5592.0,76.758056640625,291.417253860611,13.498875408302046,-298.73971683303574,291.417253860611,298.73971683303574,201.77516639688884,11.976152888273344,-306.2125083821689,89.64208746372222,1.5227225200287031,7.47279154913316
5600.0,76.86798095703125,291.4172464605715,13.498872239805012,-298.73969504394074,291.4172464605715,298.73969504394074,201.77515868133267,11.976150082331714,-306.2124870847616,89.64208777923886,1.5227221574732983,7.4727920408209
5608.0,76.97789764404297,291.41726715536913,13.49887248998422,-298.7397272944048,291.41726715536913,298.7397272944048,201.77517931348524,11.976150095242128,-306.21251939602064,89.64208784188386,1.5227223947420936,7.4727921016158305
5616.0,77.08782196044922,291.41723511002533,13.498872903891435,-298.7396708392956,291.41723511002533,298.7396708392956,201.7751471770168,11.976150669287758,-306.2124629387984,89.64208793300851,1.5227222346036764,7.472792099502796
5624.0,77.19774627685547,291.4172424115246,13.498871279577791,-298.7396839417516,291.4172424115246,298.7396839417516,201.77515450456636,11.976149085112528,-306.2124762274341,89.64208790695824,1.5227221944652625,7.472792285682503
5632.0,77.30767059326172,291.41725674751876,13.498879132051169,-298.7397044880912,291.41725674751876,298.7397044880912,201.77516862367798,11.976156990292097,-306.21249673259416,89.64208812384078,1.5227221417590715,7.472792244502941
5640.0,77.41759490966797,291.4172602311086,13.49886977331016,-298.7397046438524,291.4172602311086,298.7397046438524,201.77517205550856,11.976147691972148,-306.21249687477126,89.64208817560008,1.5227220813380122,7.472792230918834
5648.0,77.5274887084961,291.4172824999624,13.498876357653737,-298.7397501971597,291.4172824999624,298.7397501971597,201.77519421130668,11.976154143865635,-306.2125424462444,89.64208828865576,1.5227222137881018,7.472792249084697
5656.0,77.63741302490234,291.4172605312111,13.49887886731824,-298.7396871254167,291.4172605312111,298.7396871254167,201.77517174811834,11.976156612584052,-306.2124794192619,89.64208878309276,1.5227222547341874,7.47279229384521
5664.0,77.7473373413086,291.417254732799,13.498882512330107,-298.73969868137385,291.417254732799,298.73969868137385,201.77516622753055,11.976160511017031,-306.21249096541555,89.64208850526843,1.5227220013130753,7.472792284041683
5672.0,77.85726165771484,291.417263391833,13.498877959510402,-298.73971374801073,291.417263391833,298.73971374801073,201.77517521318703,11.976156044887652,-306.2125063322869,89.64208817864596,1.5227219146227498,7.472792584276172
5680.0,77.9671859741211,291.41726017849714,13.49888093300507,-298.7397016007676,291.41726017849714,298.7397016007676,201.7751717369639,11.976158772051921,-306.2124938735899,89.64208844153328,1.5227221609531494,7.4727922728223115
5688.0,78.07710266113281,291.4172500346204,13.498884772804303,-298.7396613681168,291.4172500346204,298.7396613681168,201.7751614536797,11.97616256438357,-306.21245380424676,89.64208858094072,1.5227222084207321,7.47279243612998
5696.0,78.18702697753906,291.41724842261243,13.498884473803795,-298.7396809829396,291.41724842261243,298.7396809829396,201.77515986821805,11.976162532218328,-306.21247351400405,89.64208855439436,1.5227219415854671,7.472792531064463
5704.0,78.29694366455078,291.41726353430465,13.498890239100897,-298.73970131472873,291.41726353430465,298.73970131472873,201.775174490494,11.976168282333559,-306.21249401315583,89.64208904381061,1.522721956767338,7.4727926984271225
5712.0,78.40686798095703,291.4172685916885,13.498883057725196,-298.7396928713443,291.4172685916885,298.7396928713443,201.7751795983362,11.976160920288862,-306.21248545073627,89.64208899335232,1.5227221374363338,7.472792579391967
5720.0,78.51679229736328,291.4172470584183,13.498891127227115,-298.73965663711385,291.4172470584183,298.73965663711385,201.77515818339938,11.976169004490526,-306.21244924605173,89.64208887501891,1.522722122736588,7.472792608937857
5728.0,78.62671661376953,291.4172537515058,13.498889141042758,-298.73965467377,291.4172537515058,298.73965467377,201.77516470071163,11.976167090128229,-306.2124471110885,89.64208905079421,1.5227220509145294,7.472792437318491
5736.0,78.73664093017578,291.4172581367166,13.498894847386747,-298.73967232869717,291.4172581367166,298.73967232869717,201.77516894479814,11.976172974754311,-306.2124651170989,89.64208919191846,1.5227218726324354,7.472792788401724
5744.0,78.8465576171875,291.4172707153973,13.498893796383564,-298.73968321277965,291.4172707153973,298.73968321277965,201.77518116685854,11.976171660077235,-306.2124758824682,89.64208954853879,1.5227221363063301,7.472792669688566
5752.0,78.95648193359375,291.41726131101257,13.498898733671574,-298.7396701834891,291.41726131101257,298.7396701834891,201.7751716848352,11.976176738610691,-306.2124632411702,89.64208962617741,1.5227219950608832,7.472793057681066
5760.0,79.06640625,291.4172623323236,13.498908753164953,-298.73967544007417,291.4172623323236,298.73967544007417,201.77517252103559,11.97618699653419,-306.21246846558006,89.64208981128803,1.5227217566307618,7.4727930255059
5768.0,79.17632293701172,291.41726793901984,13.498912903242136,-298.7396632353032,291.41726793901984,298.7396632353032,201.7751778539568,11.976190763976708,-306.212456163518,89.64209008506305,1.5227221392654267,7.472792928214804
5776.0,79.28624725341797,291.41726118982456,13.498911007446827,-298.73965412460944,291.41726118982456,298.73965412460944,201.77517093734647,11.97618888377673,-306.21244706301064,89.6420902524781,1.5227221236700963,7.472792938401199
5784.0,79.39617156982422,291.41727409123246,13.498914222731642,-298.7396652850328,291.41727409123246,298.7396652850328,201.77518392183526,11.976192086625801,-306.2124583777143,89.64209016939716,1.5227221361058412,7.472793092681525
5792.0,79.50609588623047,291.4172838935311,13.498920931567365,-298.7396617503939,291.4172838935311,298.7396617503939,201.7751932514305,11.97619876859319,-306.2124548565408,89.64209064210058,1.5227221629741763,7.4727931061468675
5800.0,79.61602020263672,291.41728539601917,13.498923639112101,-298.73965601567846,291.41728539601917,298.73965601567846,201.77519479114193,11.976201747035123,-306.2124492887358,89.64209060487724,1.5227218920769783,7.472793273057322
5808.0,79.72594451904297,291.41727119400633,13.498937000367038,-298.7396307098118,291.41727119400633,298.7396307098118,201.77518053294753,11.976215184655794,-306.21242372256074,89.6420906610588,1.5227218157112428,7.472793012748947
5816.0,79.83586120605469,291.4172582596418,13.498929567912839,-298.7396164316077,291.4172582596418,298.7396164316077,201.7751673032426,11.976207483008775,-306.21240962490486,89.64209095639924,1.5227220849040646,7.472793193297153
5824.0,79.94578552246094,291.4172854718447,13.49892694682509,-298.7396652247311,291.4172854718447,298.7396652247311,201.77519431622665,11.976204803482743,-306.2124582465981,89.64209115561809,1.5227221433423468,7.47279302186701
5832.0,80.05570220947266,291.4172674346533,13.498943321681605,-298.7396118833359,291.4172674346533,298.7396118833359,201.77517635744513,11.976221145166464,-306.2124049794092,89.64209107720815,1.5227221765151397,7.472793096073294
5840.0,80.1656265258789,291.4172897346424,13.498941800747373,-298.7396537262341,291.4172897346424,298.7396537262341,201.7751983906542,11.97621986577275,-306.2124467586651,89.64209134398823,1.5227219349746233,7.4727930324310226
5848.0,80.27555084228516,291.4172714729267,13.49894513619398,-298.7396222304059,291.4172714729267,298.7396222304059,201.77518035878893,11.97622313894917,-306.2124157821946,89.64209111413777,1.5227219972448096,7.472793551788685
5856.0,80.3854751586914,291.41727269463706,13.498953180273775,-298.739592880485,291.41727269463706,298.739592880485,201.77518128693825,11.976231290075097,-306.2123863945993,89.64209140769884,1.5227218901986777,7.472793514114327
5864.0,80.49539947509766,291.4172649092314,13.498954799954461,-298.7395985870401,291.4172649092314,298.7395985870401,201.7751733787416,11.976232945167478,-306.21239203331726,89.64209153048976,1.5227218547869827,7.472793446277143
5872.0,80.60531616210938,291.41728028369045,13.498961996298888,-298.73961629469517,291.41728028369045,298.73961629469517,201.7751888493417,11.976240003275707,-306.21241000003096,89.64209143434876,1.5227219930231817,7.47279370533577
5880.0,80.71524047851562,291.41727000376727,13.498963122700543,-298.73957543976957,291.41727000376727,298.73957543976957,201.7751785888678,11.976241335894011,-306.21236918675595,89.64209141489945,1.5227217868065317,7.4727937469863805
5888.0,80.82516479492188,291.4172857393037,13.498971668961415,-298.73961663812184,291.4172857393037,298.73961663812184,201.7751942466109,11.976249774610995,-306.2124101459151,89.64209149269277,1.5227218943504206,7.472793507793262
5896.0,80.93508911132812,291.4172765530826,13.498975915405293,-298.73961010420123,291.4172765530826,298.73961010420123,201.77518485661008,11.97625389718905,-306.2124037912632,89.64209169647255,1.5227220182162426,7.4727936870619915
5904.0,81.04499053955078,291.4172812127883,13.498983444843827,-298.7395791750862,291.4172812127883,298.7395791750862,201.77518961569723,11.97626146158116,-306.21237308729235,89.64209159709105,1.5227219832626657,7.4727939122061295
5912.0,81.1549072265625,291.4172760325865,13.498988489585747,-298.7395674825437,291.4172760325865,298.7395674825437,201.775184270451,11.976266742352772,-306.21236154329154,89.6420917621355,1.5227217472329753,7.47279406074787
5920.0,81.26483154296875,291.417271456138,13.498995020705443,-298.7395601280631,291.417271456138,298.7395601280631,201.77517963165386,11.976272865702674,-306.2123541866568,89.64209182448413,1.5227221550027705,7.472794058593712
5928.0,81.374755859375,291.41727340019816,13.498996648922521,-298.7395563390124,291.41727340019816,298.7395563390124,201.77518165769152,11.976274790891424,-306.21235024847334,89.64209174250662,1.522721858031098,7.472793909460982
5936.0,81.48468017578125,291.4172849217562,13.499000471617913,-298.7395781375537,291.4172849217562,298.7395781375537,201.77519294205808,11.976278692334926,-306.21237169685276,89.64209197969814,1.5227217792829877,7.472793559299095
5944.0,81.59459686279297,291.41728864397203,13.499006769036598,-298.7395853944083,291.41728864397203,298.7395853944083,201.77519667852067,11.97628482871858,-306.2123791978558,89.64209196545139,1.522721940318017,7.472793803447493
5952.0,81.70452117919922,291.4173014783026,13.499014398748685,-298.73958388434886,291.4173014783026,298.73958388434886,201.77520931744263,11.976292676117133,-306.21237774284367,89.64209216085996,1.5227217226315517,7.4727938584947875
5960.0,81.81444549560547,291.417286409125,13.499024118297248,-298.73956281059054,291.417286409125,298.73956281059054,201.77519401903024,11.976302435087788,-306.2123568948266,89.64209239009473,1.522721683209459,7.472794084236057
5968.0,81.92436981201172,291.4172959806677,13.499031276119569,-298.7395506901134,291.4172959806677,298.7395506901134,201.77520373340883,11.976309406802939,-306.21234458295953,89.64209224725886,1.5227218693166296,7.4727938928461395
5976.0,82.03429412841797,291.41731467093166,13.499039316855015,-298.73958012620335,291.41731467093166,298.73958012620335,201.77522260173305,11.97631744931904,-306.2123739151924,89.64209206919861,1.5227218675359753,7.472793788989071
5984.0,82.14421844482422,291.41728915785933,13.499038983682825,-298.7395371926256,291.41728915785933,298.7395371926256,201.7751969172181,11.976317134476659,-306.21233124494637,89.64209224064123,1.5227218492061652,7.472794052320758
5992.0,82.25413513183594,291.4172924989356,13.499049466499079,-298.7395387100526,291.4172924989356,298.7395387100526,201.77520009145417,11.9763278341604,-306.2123324893497,89.6420924074814,1.5227216323386785,7.4727937792971115
6000.0,82.36405944824219,291.41731582053495,13.49906116907712,-298.739525290934,291.41731582053495,298.739525290934,201.77522341223582,11.976339472073612,-306.21231916420544,89.64209240829913,1.522721697003509,7.472793873271445
6008.0,82.4739761352539,291.41731132383495,13.499058346833287,-298.73953076177247,291.41731132383495,298.73953076177247,201.7752185126542,11.976336465408885,-306.2123247905271,89.64209281118073,1.5227218814244026,7.472794028754622
6016.0,82.58390045166016,291.41730924134924,13.499070439722516,-298.7395047615249,291.41730924134924,298.7395047615249,201.77521668546086,11.976348860594179,-306.21229883318387,89.64209255588838,1.5227215791283366,7.472794071658958
6024.0,82.6938247680664,291.41730189962203,13.499070524236183,-298.7395088923912,291.41730189962203,298.7395088923912,201.77520918041125,11.976349056106544,-306.2123027512388,89.64209271921077,1.5227214681296393,7.472793858847567
6032.0,82.80374908447266,291.4172941454493,13.499080515381703,-298.73946261648615,291.4172941454493,298.73946261648615,201.77520125216384,11.976359097317037,-306.2122566611672,89.64209289328545,1.5227214180646653,7.4727940446810495
6040.0,82.9136734008789,291.4173135795327,13.499084248194603,-298.73949040426555,291.4173135795327,298.73949040426555,201.77522081312813,11.976362569869195,-306.2122846374694,89.64209276640453,1.5227216783254076,7.472794233203832
6048.0,83.02359008789062,291.41731085171335,13.499096718877047,-298.7394980389051,291.41731085171335,298.7394980389051,201.77521798190332,11.976375075407278,-306.21229188549717,89.64209286981004,1.5227216434697683,7.47279384659208
6056.0,83.13351440429688,291.41730978842736,13.499100911530968,-298.7394608048194,291.41730978842736,298.7394608048194,201.77521683462246,11.97637916913008,-306.21225485201523,89.64209295380488,1.5227217424008876,7.472794047195842
6064.0,83.24343872070312,291.41731595199263,13.49911813510725,-298.7394604232619,291.41731595199263,298.7394604232619,201.77522287379549,11.976396726098251,-306.21225434154974,89.64209307819715,1.5227214090089989,7.472793918287817
6072.0,83.35335540771484,291.41730719826614,13.499124178807916,-298.73945159646655,291.41730719826614,298.73945159646655,201.7752141234074,11.976402448678638,-306.2122458555714,89.64209307485876,1.522721730129279,7.472794259104825
6080.0,83.4632797241211,291.4173210999313,13.499128095413718,-298.7394514521565,291.4173210999313,298.7394514521565,201.7752278890564,11.97640649175191,-306.2122456205178,89.64209321087489,1.5227216036618088,7.47279416836129
6088.0,83.57320404052734,291.4173135349042,13.499131649176528,-298.73945368195166,291.4173135349042,298.73945368195166,201.7752202494449,11.976409966542384,-306.21224791944974,89.64209328545928,1.5227216826341432,7.4727942374980945
6096.0,83.6831283569336,291.4173118805736,13.49913904606068,-298.7394121748736,291.4173118805736,298.7394121748736,201.7752186317046,11.976417460384006,-306.2122065197925,89.64209324886899,1.5227215856766732,7.472794344918882
6104.0,83.79305267333984,291.41731018269536,13.499150470896632,-298.73941691946266,291.41731018269536,298.73941691946266,201.77521696269247,11.976428981937584,-306.21221117925546,89.64209322000286,1.5227214889590481,7.472794259792793
6112.0,83.9029769897461,291.41732217592346,13.499161797691059,-298.73942765077214,291.41732217592346,298.73942765077214,201.77522888317077,11.976439897504504,-306.2122220000094,89.6420932927527,1.5227219001865562,7.472794349237231
6120.0,84.01289367675781,291.4173168501077,13.499167369890248,-298.7394122228599,291.4173168501077,298.7394122228599,201.77522344179542,11.976445711523915,-306.21220648885856,89.64209340831226,1.5227216583663323,7.472794265998631
6128.0,84.12281799316406,291.41731393469865,13.499172992164972,-298.7393968838323,291.41731393469865,298.7393968838323,201.7752206277511,11.976451451919882,-306.2121914554092,89.64209330694756,1.5227215402450902,7.472794571576888
6136.0,84.23273468017578,291.41732205868993,13.499177089759755,-298.7393715939258,291.41732205868993,298.7393715939258,201.7752285925319,11.976455414942633,-306.2121656228211,89.642093466158,1.522721674817122,7.4727940288953
6144.0,84.34265899658203,291.417331170196,13.499182652447791,-298.7393889893083,291.417331170196,298.7393889893083,201.77523784221322,11.976461114631912,-306.2121832228408,89.64209332798282,1.52272153781588,7.472794233532534
6152.0,84.45258331298828,291.41733752112685,13.499195508876351,-298.73940947699697,291.41733752112685,298.73940947699697,201.77524405902247,11.976473800581644,-306.2122041021488,89.64209346210438,1.5227217082947075,7.47279462515182
6160.0,84.56248474121094,291.41734145623445,13.499205428193594,-298.73939729937894,291.41734145623445,298.73939729937894,201.7752478320062,11.976483955871961,-306.2121917358543,89.64209362422824,1.5227214723216327,7.472794436475326
6168.0,84.67240142822266,291.4173281430911,13.499215751492157,-298.73936785484653,291.4173281430911,298.73936785484653,201.77523451743448,11.976494381128946,-306.2121623443179,89.64209362565661,1.5227213703632105,7.472794489471346
6176.0,84.7823257446289,291.4173429599722,13.499231277951452,-298.73940482657815,291.4173429599722,298.73940482657815,201.77524934742934,11.97650972074139,-306.21219911844605,89.64209361254287,1.5227215572100614,7.4727942918678965
6184.0,84.89225006103516,291.417325294942,13.499228785901476,-298.7393310558191,291.417325294942,298.7393310558191,201.77523162352028,11.976507315934,-306.2121252822161,89.64209367142166,1.5227214699674754,7.47279422639702
6192.0,85.0021743774414,291.41732976950976,13.499237358769351,-298.73933858439005,291.41732976950976,298.73933858439005,201.7752362116671,11.976515914431134,-306.2121328200768,89.64209355784266,1.5227214443382167,7.472794235686756
6200.0,85.11209869384766,291.4173346616176,13.4992519535714,-298.73930804057346,291.4173346616176,298.73930804057346,201.77524112604993,11.976530358773832,-306.2121023151473,89.64209353556762,1.5227215947975687,7.472794274573866
6208.0,85.2220230102539,291.4173390101042,13.499261994531981,-298.73932976232163,291.4173390101042,298.73932976232163,201.77524550121694,11.976540454922542,-306.2121239322043,89.64209350888721,1.5227215396094387,7.472794169882687
6216.0,85.33194732666016,291.41734356881125,13.499260824348424,-298.7393210928585,291.41734356881125,298.7393210928585,201.7752503649901,11.97653952203195,-306.21211560247747,89.64209320382113,1.5227213023164734,7.472794509618932
6224.0,85.44186401367188,291.4173501935745,13.499278249228674,-298.73930887458147,291.4173501935745,298.73930887458147,201.775256466367,11.976556847464607,-306.2121030732749,89.64209372720751,1.5227214017640658,7.472794198693415
6232.0,85.55178833007812,291.41732529814715,13.49928289886116,-298.73926609585317,291.41732529814715,298.73926609585317,201.77523150802398,11.976561557646264,-306.21206046659324,89.64209379012316,1.522721341214896,7.472794370740066
6240.0,85.66171264648438,291.41733978300124,13.499293991387239,-298.73927740836433,291.41733978300124,298.73927740836433,201.77524584305863,11.97657264377137,-306.21207157056466,89.64209393994261,1.5227213476158687,7.472794162200344
6248.0,85.77163696289062,291.417340076602,13.499307406096088,-298.73927825861296,291.417340076602,298.73927825861296,201.77524601112373,11.976585991232422,-306.21207289153637,89.64209406547826,1.5227214148636659,7.472794632923438
6256.0,85.88156127929688,291.41735030443493,13.499317242517627,-298.7392451316462,291.41735030443493,298.7392451316462,201.77525594427968,11.976595787108385,-306.2120398217504,89.64209436015526,1.5227214554092408,7.472794690104211
6264.0,85.99148559570312,291.41736444359,13.49933239287424,-298.7392769648027,291.41736444359,298.7392769648027,201.77526982615097,11.976610740269901,-306.21207137611907,89.64209461743901,1.5227216526043388,7.472794411316359
6272.0,86.10140991210938,291.4173578019138,13.499340995383506,-298.7392510391284,291.4173578019138,298.7392510391284,201.77526325456014,11.976619524966505,-306.2120456345323,89.64209454735365,1.5227214704169993,7.472794595403846
6280.0,86.21133422851562,291.4173531510628,13.499359301272936,-298.7392119141075,291.4173531510628,298.7392119141075,201.7752584182826,11.976637988935979,-306.2120065011895,89.64209473278024,1.522721312336957,7.472794587081973
6288.0,86.32125854492188,291.41735161673273,13.499359657780069,-298.73920367739885,291.41735161673273,298.73920367739885,201.77525666044704,11.976638108459383,-306.21199818437367,89.64209495628572,1.522721549320686,7.472794506974809
6296.0,86.43118286132812,291.4173543773129,13.499375466499473,-298.73919158655434,291.4173543773129,298.73919158655434,201.77525952550474,11.976654016008117,-306.2119863038247,89.64209485180818,1.522721450491355,7.472794717270357
6304.0,86.54110717773438,291.4173718673926,13.499385733645537,-298.7392180229248,291.4173718673926,298.7392180229248,201.77527639458017,11.976664322013358,-306.21201262248337,89.6420954728124,1.5227214116321792,7.472794599558606
6312.0,86.65103149414062,291.41737794985306,13.499397008645865,-298.7391965388136,291.41737794985306,298.7391965388136,201.7752823277077,11.976675860160237,-306.21199095171,89.64209562214535,1.522721148485629,7.472794412896393
6320.0,86.76095581054688,291.4173784782598,13.499416332277825,-298.739188128884,291.4173784782598,298.739188128884,201.77528284555183,11.976695091124776,-306.2119829106057,89.64209563270802,1.5227212411530475,7.4727947817216736
6328.0,86.87088012695312,291.4173787096529,13.499424067353194,-298.7391868400746,291.4173787096529,298.7391868400746,201.77528284547162,11.976702741520558,-306.21198153961825,89.64209586418127,1.5227213258326358,7.472794699543664
6336.0,86.98080444335938,291.41736898426564,13.49942676433469,-298.73913158203766,291.41736898426564,298.73913158203766,201.77527321050962,11.976705433125513,-306.2119264289665,89.64209577375601,1.5227213312091772,7.472794846928798
6344.0,87.09072875976562,291.41738311199913,13.499445022371162,-298.73914602169356,291.41738311199913,298.73914602169356,201.77528712837739,11.976723609626035,-306.21194070089086,89.64209598362174,1.5227214127451267,7.472794679197311
6352.0,87.20065307617188,291.4173804481619,13.49945858437354,-298.7391360290096,291.4173804481619,298.7391360290096,201.77528428683928,11.976737375907948,-306.2119303790019,89.64209616132266,1.5227212084655921,7.472794349992285
6360.0,87.31057739257812,291.4173911090394,13.49947514721479,-298.73915428771164,291.4173911090394,298.73915428771164,201.77529498685365,11.97675382622481,-306.21194885524096,89.64209612218572,1.5227213209899801,7.472794567529314
6368.0,87.42050170898438,291.4173982627967,13.499484607435171,-298.739138155556,291.4173982627967,298.739138155556,201.7753018646921,11.976763535851923,-306.2119327780232,89.6420963981046,1.5227210715832493,7.4727946224672
6376.0,87.53042602539062,291.4173862870474,13.499502659983545,-298.7390754257158,291.4173862870474,298.7390754257158,201.77528980482163,11.976781463522983,-306.21187044561566,89.64209648222578,1.5227211964605623,7.4727950198998965
6384.0,87.64035034179688,291.4174084800423,13.499512366935507,-298.73911196787077,291.4174084800423,298.73911196787077,201.7753119844878,11.976791082374518,-306.2119067570894,89.64209649555453,1.5227212845609883,7.47279478921863
6392.0,87.75027465820312,291.4174014738786,13.49952407049688,-298.7390553040101,291.4174014738786,298.7390553040101,201.775304717163,11.976802882196285,-306.211849936165,89.64209675671557,1.5227211883005958,7.472794632154896
6400.0,87.86019897460938,291.4174117859494,13.499546045148914,-298.7390828144633,291.4174117859494,298.7390828144633,201.77531495956896,11.976824713478758,-306.2118777402235,89.64209682638045,1.5227213316701569,7.472794925760181
6408.0,87.97012329101562,291.4174092012207,13.499560016670008,-298.7390470236809,291.4174092012207,298.7390470236809,201.77531222083337,11.976838884806632,-306.2118419001654,89.64209698038735,1.5227211318633764,7.472794876484483
6416.0,88.07998657226562,291.4174229376149,13.499568594285652,-298.7390692243463,291.4174229376149,298.7390692243463,201.7753258513324,11.976847333019514,-306.2118640723259,89.64209708628246,1.5227212612661378,7.47279484797962
6424.0,88.18991088867188,291.41741751488865,13.499584996856258,-298.73905626234955,291.41741751488865,298.73905626234955,201.77532012104757,11.976863621584732,-306.21185092918245,89.64209739384108,1.522721375271527,7.472794666832908
6432.0,88.29983520507812,291.4174215377136,13.49958825004742,-298.7390098367482,291.4174215377136,298.7390098367482,201.7753242766412,11.976866968780737,-306.21180438676896,89.64209726107242,1.522721281266683,7.472794550020761
6440.0,88.40975952148438,291.41742416431435,13.49961376836858,-298.73900621979374,291.41742416431435,298.73900621979374,201.7753267852367,11.976892281620119,-306.21180087816555,89.64209737907764,1.5227214867484617,7.472794658371813
6448.0,88.51968383789062,291.4174153405968,13.499624826438351,-298.73898201937635,291.4174153405968,298.73898201937635,201.77531764532947,11.976903403133425,-306.21177682291363,89.64209769526734,1.522721423304926,7.472794803537302
6456.0,88.62960815429688,291.41742519339033,13.499636917329948,-298.73898061732274,291.41742519339033,298.73898061732274,201.77532767663905,11.976915655235974,-306.2117753416212,89.64209751675126,1.522721262093973,7.472794724298458
6464.0,88.73953247070312,291.4174298959826,13.49965341988019,-298.73896527726345,291.4174298959826,298.73896527726345,201.77533226597672,11.976932029010875,-306.2117601972768,89.64209763000586,1.522721390869315,7.472794920013357
6472.0,88.84945678710938,291.4174239999228,13.499670457025026,-298.73894858556207,291.4174239999228,298.73894858556207,201.7753263661122,11.976949084190595,-306.21174339742595,89.64209763381061,1.5227213728344307,7.472794811863891
6480.0,88.95938110351562,291.4174257473508,13.499685296930412,-298.7389155004455,291.4174257473508,298.7389155004455,201.7753281646997,11.97696392206864,-306.2117099754171,89.64209758265112,1.522721374861773,7.472794474971591
6488.0,89.06930541992188,291.41742592402665,13.499698179874112,-298.73889281362403,291.41742592402665,298.73889281362403,201.77532810617933,11.976976779694839,-306.211687475796,89.6420978178473,1.522721400179274,7.47279466217194
6496.0,89.17922973632812,291.4174464204748,13.499708897381874,-298.7389086308521,291.4174464204748,298.7389086308521,201.7753489471595,11.97698747699863,-306.21170363152316,89.64209747331527,1.522721420383244,7.472795000671068
6504.0,89.28915405273438,291.41743375638146,13.49972756490329,-298.73887633554085,291.41743375638146,298.73887633554085,201.77533629715617,11.977006077718599,-306.21167120904033,89.64209745922527,1.522721487184692,7.472794873499505
6512.0,89.39907836914062,291.417428201126,13.499743129400553,-298.73886190498274,291.417428201126,298.73886190498274,201.77533075081453,11.97702164129154,-306.211656604324,89.64209745031144,1.5227214881090143,7.472794699341271
6520.0,89.50900268554688,291.41743523985997,13.499757313239844,-298.7388414542546,291.41743523985997,298.7388414542546,201.77533788633139,11.977035964506175,-306.211635908985,89.64209735352861,1.5227213487336684,7.472794454730367
6528.0,89.61892700195312,291.41744137326026,13.499771566712433,-298.7388488629548,291.41744137326026,298.7388488629548,201.77534386902605,11.977050066277638,-306.2116436783588,89.64209750423421,1.5227215004347938,7.47279481540402
6536.0,89.72885131835938,291.4174369387848,13.499782026895065,-298.73880486048523,291.4174369387848,298.73880486048523,201.77533933584692,11.97706064388777,-306.21159945095127,89.64209760293787,1.5227213830072954,7.472794590466019
6544.0,89.83877563476562,291.41744652953423,13.499797335498258,-298.7388199757934,291.41744652953423,298.7388199757934,201.77534901166297,11.977076243722781,-306.21161457227925,89.64209751787124,1.5227210917754759,7.472794596485897
6552.0,89.94869995117188,291.41744662269946,13.499816497801447,-298.7388363764007,291.41744662269946,298.7388363764007,201.77534921380158,11.97709509052234,-306.2116307939351,89.64209740889791,1.522721407279108,7.472794417534456
6560.0,90.05862426757812,291.41745106519346,13.499832957327481,-298.738796527395,291.41745106519346,298.738796527395,201.77535367004998,11.97711179995093,-306.2115910141125,89.6420973951435,1.5227211573765516,7.472794486717516
6568.0,90.16854858398438,291.41745025358705,13.499846361850032,-298.73877340467294,291.41745025358705,298.73877340467294,201.77535280218933,11.977125146310541,-306.21156825957695,89.64209745139769,1.5227212155394914,7.47279485490402
6576.0,90.27847290039062,291.4174640076034,13.499860474905791,-298.7387738044628,291.4174640076034,298.7387738044628,201.77536640413496,11.977139359883143,-306.2115685575664,89.64209760346847,1.5227211150226485,7.4727947531035825
6584.0,90.38839721679688,291.4174661517166,13.499874034956601,-298.7387403582947,291.4174661517166,298.7387403582947,201.77536860239815,11.97715265174211,-306.21153498726403,89.64209754931845,1.5227213832144915,7.472794628969347
6592.0,90.49832153320312,291.41746658060003,13.49988889472201,-298.7387318634637,291.41746658060003,298.7387318634637,201.77536917963062,11.977167685743074,-306.21152662813205,89.64209740096945,1.5227212089789361,7.472794764668316
6600.0,90.60824584960938,291.4174760149869,13.499909442454777,-298.73872143206256,291.4174760149869,298.73872143206256,201.775378473211,11.977188135870584,-306.2115163237655,89.64209754177591,1.522721306584193,7.472794891702978
6608.0,90.71817016601562,291.4174807010794,13.499922768085188,-298.738725865432,291.4174807010794,298.738725865432,201.775382977991,11.97720129493238,-306.21152052665934,89.64209772308843,1.5227214731528083,7.472794661227339
6616.0,90.82809448242188,291.4174548850193,13.499934359748009,-298.7386479255155,291.4174548850193,298.7386479255155,201.77535666535067,11.977213002578756,-306.2114426606987,89.64209821966867,1.5227213571692526,7.472794735183201
6624.0,90.93801879882812,291.41747207951914,13.499953752786894,-298.73865637900565,291.41747207951914,298.73865637900565,201.7753742379938,11.977232279367858,-306.2114511410558,89.64209784152533,1.5227214734190362,7.472794762050175
6632.0,91.04794311523438,291.4174742287048,13.49997149330545,-298.7386490309217,291.4174742287048,298.7386490309217,201.77537652935064,11.977249920732023,-306.21144356859435,89.64209769935414,1.522721572573427,7.472794537672639
6640.0,91.15786743164062,291.41748874768473,13.499996075333708,-298.73865539992164,291.41748874768473,298.73865539992164,201.77539085824753,11.977274611055432,-306.2114500558192,89.64209788943722,1.5227214642782774,7.4727946558976095
6648.0,91.26779174804688,291.4174815831874,13.50000771170941,-298.73863299479973,291.4174815831874,298.73863299479973,201.77538356833048,11.97728638045966,-306.2114277715491,89.64209801485691,1.5227213312497496,7.472794776749384
6656.0,91.37771606445312,291.41750326123486,13.500028649938917,-298.7386247104757,291.41750326123486,298.7386247104757,201.77540499137294,11.97730716581931,-306.2114194218366,89.64209826986195,1.5227214841196068,7.472794711360908
6664.0,91.48764038085938,291.4175002882861,13.50004108426618,-298.73859578921207,291.4175002882861,298.73859578921207,201.77540204425557,11.977319702952421,-306.21139049985754,89.6420982440305,1.5227213813137581,7.472794710645466
6672.0,91.59748077392578,291.41748638809673,13.500053871260604,-298.7385481169641,291.41748638809673,298.7385481169641,201.7753876750761,11.977332403298188,-306.2113429048683,89.64209871302062,1.522721467962417,7.472794787904175
6680.0,91.70740509033203,291.4174942452287,13.500080070774652,-298.7385409162217,291.4174942452287,298.7385409162217,201.77539548571428,11.977358540949087,-306.21133587711654,89.64209875951443,1.5227215298255654,7.472794960894813
6688.0,91.81732940673828,291.41750506428195,13.50008433778876,-298.7385372616618,291.41750506428195,298.7385372616618,201.77540619223197,11.977362953111406,-306.2113321673827,89.64209887204998,1.5227213846773542,7.472794905720894
6696.0,91.92725372314453,291.4175013730983,13.500106016517378,-298.7385024337843,291.4175013730983,298.7385024337843,201.77540240171365,11.977384566983499,-306.21129727189026,89.6420989713846,1.5227214495338783,7.472794838105987
6704.0,92.03717803955078,291.4175214978494,13.50012923418483,-298.73852290946036,291.4175214978494,298.73852290946036,201.7754227483492,11.977407668919458,-306.21131793027735,89.64209874950019,1.5227215652653703,7.472795020816981
6712.0,92.14710235595703,291.4174999244955,13.500141624096015,-298.7384682072554,291.4174999244955,298.7384682072554,201.77540081224544,11.977420298494895,-306.21126321322345,89.64209911225007,1.5227213256011196,7.472795005968064
6720.0,92.25702667236328,291.41752443828847,13.50016653321769,-298.73848382737856,291.41752443828847,298.73848382737856,201.77542553149902,11.977445197927375,-306.21127900874626,89.64209890678944,1.5227213352903144,7.472795181367702
6728.0,92.36695098876953,291.4175259671938,13.500185159440603,-298.73845353792524,291.4175259671938,298.73845353792524,201.7754267786967,11.97746358575198,-306.21124844664195,89.6420991884971,1.5227215736886222,7.472794908716702
6736.0,92.47687530517578,291.41752336298026,13.500199575205198,-298.73842237985275,291.41752336298026,298.73842237985275,201.77542414788073,11.977477890149531,-306.2112173653995,89.64209921509955,1.5227216850556666,7.472794985546755
6744.0,92.58679962158203,291.4175431921801,13.500219145514192,-298.73845897383956,291.4175431921801,298.73845897383956,201.77544403239324,11.977497589805884,-306.2112540212485,89.64209915978688,1.522721555708308,7.472795047408943
6752.0,92.69672393798828,291.4175269535374,13.500243568397472,-298.73840456281255,291.4175269535374,298.73840456281255,201.77542766806718,11.97752199988777,-306.21119945813894,89.64209928547022,1.5227215685097022,7.472794895326399
6760.0,92.80664825439453,291.4175430360197,13.500245554804408,-298.73839843284344,291.4175430360197,298.73839843284344,201.77544337745235,11.977524063539954,-306.21119391103593,89.64209965856735,1.5227214912644547,7.472795478192521
6768.0,92.91657257080078,291.4175426322058,13.50027705646129,-298.73836964755475,291.4175426322058,298.73836964755475,201.77544302231928,11.977555532951545,-306.2111645856735,89.64209960988656,1.5227215235097442,7.47279493811874
6776.0,93.02649688720703,291.4175496947324,13.500292857998632,-298.7383623076978,291.4175496947324,298.7383623076978,201.77544999047734,11.977571210837269,-306.21115752227155,89.64209970425503,1.522721647161363,7.472795214573747
6784.0,93.13642120361328,291.4175612224167,13.500309378510494,-298.73835303865377,291.4175612224167,298.73835303865377,201.7754610706142,11.97758790060964,-306.21114820285624,89.64210015180248,1.5227214779008533,7.472795164202467
6792.0,93.24634552001953,291.4175638651884,13.50032562397905,-298.73835066288837,291.4175638651884,298.73835066288837,201.77546368862633,11.977603992336324,-306.21114548888795,89.64210017656208,1.5227216316427268,7.472794825999565
6800.0,93.35626983642578,291.4175781351944,13.500343707885383,-298.7383386754861,291.4175781351944,298.7383386754861,201.775477861908,11.977622019854286,-306.2111334547872,89.64210027328636,1.5227216880310972,7.472794779301147
6808.0,93.46619415283203,291.4175578172373,13.50036336694845,-298.7382489214746,291.4175578172373,298.7382489214746,201.77545756355744,11.977641838934913,-306.2110439682182,89.64210025367987,1.5227215280135376,7.472795046743546
6816.0,93.57611846923828,291.4175640633041,13.500386888312901,-298.7382688248336,291.4175640633041,298.7382688248336,201.7754639564368,11.977665094390094,-306.2110642049585,89.64210010686729,1.5227217939228073,7.472795380124944
6824.0,93.68604278564453,291.41755257499864,13.500401798638991,-298.73823390591053,291.41755257499864,298.73823390591053,201.77545213736892,11.977680131249384,-306.21102889219884,89.64210043762972,1.522721667389607,7.4727949862882905
6832.0,93.79596710205078,291.4175732958961,13.500424711380605,-298.7382110568754,291.4175732958961,298.7382110568754,201.77547289229602,11.977703120979722,-306.21100628967173,89.6421004036001,1.5227215904008826,7.472795232796337
6840.0,93.90589141845703,291.4175773921945,13.500440388547151,-298.73821102610935,291.4175773921945,298.73821102610935,201.77547686484226,11.977718740918663,-306.2110061629942,89.64210052735223,1.5227216476284888,7.472795136884829
6848.0,94.01581573486328,291.4175931559988,13.50046374917569,-298.7382129707055,291.4175931559988,298.7382129707055,201.77549268710436,11.977742001210757,-306.21100817615525,89.64210046889448,1.5227217479649333,7.472795205449729
6856.0,94.12574005126953,291.41756967979745,13.500478422923504,-298.7381537040145,291.41756967979745,298.7381537040145,201.7754690663126,11.977757003358938,-306.2109491192868,89.64210061348481,1.522721419564565,7.472795415272295
6864.0,94.23566436767578,291.417575216325,13.50050668707248,-298.7381465522701,291.417575216325,298.7381465522701,201.77547441429482,11.97778531405283,-306.2109421231181,89.64210080203021,1.5227213730196505,7.472795570847991
6872.0,94.34558868408203,291.41759169475984,13.50052102342454,-298.7381340122738,291.41759169475984,298.7381340122738,201.7754909279513,11.977799364749382,-306.2109292523554,89.64210076680854,1.5227216586751569,7.4727952400815845
6880.0,94.45551300048828,291.4176051730627,13.500538669294333,-298.7381293416965,291.4176051730627,298.7381293416965,201.775504318393,11.97781712914468,-306.21092448377243,89.64210085466974,1.522721540149651,7.472795142075911
6888.0,94.56543731689453,291.41758895131073,13.500565592973567,-298.738092322706,291.41758895131073,298.738092322706,201.77548845492646,11.977844145398382,-306.2108874819004,89.64210049638427,1.5227214475751851,7.47279515919437
6896.0,94.67536163330078,291.4176084912193,13.500579855938886,-298.73807851743794,291.4176084912193,298.73807851743794,201.7755075410278,11.97785807289181,-306.2108736020718,89.6421009501915,1.5227217830470763,7.4727950846338365
6904.0,94.78528594970703,291.41759397701253,13.500600904621042,-298.7380489239204,291.41759397701253,298.7380489239204,201.7754931331185,11.977879207620923,-306.2108441073217,89.64210084389401,1.5227216970001178,7.472795183401277
6912.0,94.89521026611328,291.41762272335774,13.500620229163616,-298.7380831298451,291.41762272335774,298.7380831298451,201.7755218834767,11.977898692230118,-306.2108784049716,89.64210083988102,1.5227215369334983,7.472795275126468
6920.0,95.00513458251953,291.417609842243,13.500643014757502,-298.7380465743242,291.417609842243,298.7380465743242,201.77550916761848,11.97792145100695,-306.21084180851165,89.64210067462452,1.5227215637505531,7.472795234187433
6928.0,95.11498260498047,291.4176134054684,13.500661844373099,-298.7380096877902,291.4176134054684,298.7380096877902,201.77551267724198,11.977940289745177,-306.21080499798666,89.64210072822641,1.5227215546279211,7.472795310196436
6936.0,95.22490692138672,291.4176137903274,13.500683455900356,-298.7379709854203,291.4176137903274,298.7379709854203,201.77551304535478,11.977962111317868,-306.2107664140445,89.6421007449726,1.522721344582488,7.472795428624205
6944.0,95.33483123779297,291.4176344625623,13.500705577893147,-298.737987470355,291.4176344625623,298.737987470355,201.77553367189216,11.977984048682572,-306.2107827829138,89.64210079067014,1.5227215292105742,7.47279531255881
6952.0,95.44475555419922,291.41761982105567,13.500730471847499,-298.7379487223122,291.41761982105567,298.7379487223122,201.7755186903627,11.97800898635373,-306.2107443270303,89.64210113069298,1.522721485493769,7.472795604718117
6960.0,95.55467987060547,291.4176296247741,13.50074258301025,-298.7379347754758,291.4176296247741,298.7379347754758,201.7755289095286,11.97802114591261,-306.21073015565935,89.64210071524556,1.522721437097641,7.472795380183547
6968.0,95.66460418701172,291.41763683974375,13.500761551114316,-298.73792565123205,291.41763683974375,298.73792565123205,201.77553586741618,11.97804032160173,-306.2107209070663,89.64210097232757,1.5227212295125847,7.472795255834223
6976.0,95.77452850341797,291.4176337703754,13.5007843824747,-298.73788396918087,291.4176337703754,298.73788396918087,201.77553276288876,11.978062921526748,-306.2106791649369,89.64210100748664,1.522721460947953,7.472795195756031
6984.0,95.88445281982422,291.41755301137334,13.500795587214691,-298.73784507721405,291.41755301137334,298.73784507721405,201.77545464429522,11.978074009852566,-306.2106399747674,89.64209836707815,1.5227215773621254,7.472794897553353
6992.0,95.99437713623047,291.4175091718513,13.50079268437492,-298.73783152665584,291.4175091718513,298.73783152665584,201.77541566821958,11.978071038228293,-306.2106248550423,89.64209350363168,1.522721646146627,7.472793328386436
7000.0,96.10430145263672,291.4174963600294,13.500797598552065,-298.73783343231213,291.4174963600294,298.73783343231213,201.7754069400426,11.978076177438268,-306.21062625672056,89.64208941998685,1.5227214211137978,7.472792824408429
7008.0,96.21422576904297,291.41752101814325,13.500789872845628,-298.73784724677944,291.41752101814325,298.73784724677944,201.7754334731038,11.97806844009932,-306.21063945553954,89.64208754503949,1.5227214327463088,7.4727922087600795
7016.0,96.32415008544922,291.41751824456884,13.500797394399314,-298.73783823988407,291.41751824456884,298.73783823988407,201.77543178018607,11.978076319625757,-306.2106302075484,89.64208646438277,1.5227210747735578,7.472791967664288
7024.0,96.43407440185547,291.4175293423047,13.500806030424258,-298.737836793378,291.4175293423047,298.737836793378,201.77544354870514,11.978084789809222,-306.21062875069595,89.64208579359956,1.5227212406150366,7.47279195731795
7032.0,96.54399871826172,291.4175342236142,13.500812040529116,-298.73780502278623,291.4175342236142,298.73780502278623,201.7754481351728,11.978090802325008,-306.21059675443416,89.6420860884414,1.5227212382041087,7.472791731647949
7040.0,96.65392303466797,291.41754778490406,13.500823190590767,-298.7378268175599,291.41754778490406,298.7378268175599,201.7754615618983,11.978101826056948,-306.2106185095349,89.64208622300573,1.5227213645338185,7.472791691975051
7048.0,96.76384735107422,291.41756909686177,13.5008263721484,-298.73782645990934,291.41756909686177,298.73782645990934,201.7754827365738,11.97810499097465,-306.21061829896854,89.64208636028796,1.5227213811737497,7.472791839059211
7056.0,96.87377166748047,291.4175650100738,13.500840189091386,-298.737821134397,291.4175650100738,298.737821134397,201.7754779593203,11.978119018593272,-306.2106131417693,89.64208705075349,1.5227211704981145,7.472792007372285
7064.0,96.98369598388672,291.4175845768233,13.500846334698828,-298.73778268348104,291.4175845768233,298.73778268348104,201.7754971875695,11.97812514975596,-306.21057479086676,89.64208738925376,1.522721184942868,7.472792107385727
7072.0,97.09362030029297,291.41759212153863,13.500853016153798,-298.7377794708052,291.41759212153863,298.7377794708052,201.7755039342659,11.978131750189323,-306.21057165828427,89.64208818727272,1.5227212659644742,7.472792187479072
7080.0,97.20354461669922,291.41761289852474,13.50086930017008,-298.73780660481174,291.41761289852474,298.73780660481174,201.77552395811347,11.978148007853443,-306.21059888230104,89.64208894041127,1.5227212923166382,7.472792277489326
7088.0,97.31346893310547,291.4176031429513,13.500876428983718,-298.7377727403637,291.4176031429513,298.7377727403637,201.77551327107898,11.978155197261454,-306.2105656104122,89.64208987187232,1.5227212317222634,7.472792870048466
7096.0,97.42339324951172,291.4176185325888,13.500875224092333,-298.73778735562684,291.4176185325888,298.73778735562684,201.7755280681866,11.978153963122702,-306.2105801325948,89.6420904644022,1.5227212609696301,7.472792776967989
7104.0,97.53331756591797,291.41762801574515,13.500896559215725,-298.73776293433826,291.41762801574515,298.73776293433826,201.775536974632,11.978175107585686,-306.21055572545583,89.64209104111316,1.5227214516300394,7.472792791117585
7112.0,97.64324188232422,291.4176290422681,13.500901907890238,-298.73774991686963,291.4176290422681,298.73774991686963,201.77553747679897,11.97818059579588,-306.21054318864276,89.64209156546913,1.5227213120943577,7.472793271773136
7120.0,97.75316619873047,291.41763937172186,13.500909156399134,-298.73774463143593,291.41763937172186,298.73774463143593,201.77554742363992,11.978188175996749,-306.21053749192174,89.64209194808193,1.5227209804023847,7.472792860485796
7128.0,97.86309051513672,291.417633052661,13.500927065874926,-298.7377304705937,291.417633052661,298.7377304705937,201.77554067503314,11.978205996273878,-306.21052397913706,89.64209237762788,1.5227210696010474,7.472793508543349
7136.0,97.97301483154297,291.4176437972624,13.500931509401942,-298.7377490433094,291.4176437972624,298.7377490433094,201.7755507698486,11.978210423149573,-306.21054228366796,89.64209302741378,1.5227210862523695,7.472793240358557
7144.0,98.08293914794922,291.4176493699549,13.500941222037008,-298.73773845456105,291.4176493699549,298.73773845456105,201.7755562493665,11.978220190140576,-306.21053188154906,89.64209312058841,1.5227210318964328,7.472793426988023
7152.0,98.19286346435547,291.4176418330126,13.500953600854338,-298.73771583653,291.4176418330126,298.73771583653,201.77554825217896,11.97823249239838,-306.210509370397,89.64209358083366,1.5227211084559569,7.472793533866964
7160.0,98.30278778076172,291.41765003578223,13.50096058280633,-298.7377277790717,291.41765003578223,298.7377277790717,201.77555647085967,11.97823963446335,-306.21052129963317,89.64209356492253,1.5227209483429802,7.472793520561469
7168.0,98.41271209716797,291.41764397263745,13.50097724244526,-298.7376536027227,291.41764397263745,298.7376536027227,201.77555022229407,11.978256332512778,-306.2104472730265,89.64209375034339,1.5227209099324805,7.472793670303805
7176.0,98.52263641357422,291.4176518542539,13.500988022060767,-298.737685913453,291.4176518542539,298.737685913453,201.77555761545204,11.978267046263905,-306.2104796445873,89.64209423880186,1.5227209757968612,7.472793731134274
7184.0,98.63247680664062,291.41764988342936,13.500994563405147,-298.737655061341,291.41764988342936,298.737655061341,201.7755553981627,11.978273635960708,-306.21044868312566,89.64209448526668,1.5227209274444395,7.472793621784675
7192.0,98.74240112304688,291.4176468331719,13.501002840950576,-298.73767567515614,291.4176468331719,298.73767567515614,201.77555206855948,11.9782820039005,-306.21046941017147,89.64209476461242,1.5227208370500764,7.472793735015337
7200.0,98.85232543945312,291.41763282962506,13.501014031363287,-298.737664912479,291.41763282962506,298.737664912479,201.7755390553594,11.978293116092463,-306.21045848633025,89.64209377426567,1.5227209152708236,7.472793573851299
7208.0,98.96224975585938,291.417657283495,13.501022964564713,-298.73767377505163,291.417657283495,298.73767377505163,201.7755632341926,11.978301983079726,-306.21046721348995,89.64209404930237,1.5227209814849867,7.472793438438326
7216.0,99.07217407226562,291.41765606612864,13.50104041447071,-298.7376134946395,291.41765606612864,298.7376134946395,201.77556139327373,11.978319623864717,-306.2104072301382,89.64209467285491,1.5227207906059923,7.472793735498645
7224.0,99.18209838867188,291.41769622527,13.501052912799949,-298.7376549667611,291.41769622527,298.7376549667611,201.77560078621394,11.978331678394376,-306.2104486311281,89.64209543905602,1.5227212344055734,7.472793664366976
7232.0,99.29202270507812,291.4176888444711,13.5010712324727,-298.7375757709223,291.4176888444711,298.7375757709223,201.7755921948756,11.978350034997247,-306.2103699964368,89.6420966495955,1.5227211974754535,7.472794225514479
7240.0,99.40194702148438,291.4177144596029,13.501087593051519,-298.73761632653293,291.4177144596029,298.73761632653293,201.7756166609334,11.978366635888568,-306.21041092636796,89.6420977986695,1.5227209571629508,7.4727945998350505
7248.0,99.51187133789062,291.417726560931,13.501099540696945,-298.73761910163205,291.417726560931,298.73761910163205,201.77562773734445,11.978378406244246,-306.21041373747187,89.64209882358652,1.5227211344526994,7.472794635839838
7256.0,99.62179565429688,291.4177412153056,13.501120776315856,-298.737605873342,291.4177412153056,298.737605873342,201.7756413390883,11.978399537915625,-306.2104003153737,89.64209987621732,1.5227212384002322,7.472794442031753
7264.0,99.73171997070312,291.4177420101839,13.501137607842036,-298.7375944034123,291.4177420101839,298.7375944034123,201.7756411359632,11.978416517869338,-306.21038919243495,89.64210087422066,1.5227210899726984,7.472794789022671
7272.0,99.84164428710938,291.4177424979541,13.501159627064569,-298.73756449928163,291.4177424979541,298.73756449928163,201.77564067029297,11.978438561195526,-306.2103599597259,89.64210182766118,1.522721065869042,7.472795460444263
7280.0,99.95156860351562,291.4177338944854,13.50117540819394,-298.7375208425099,291.4177338944854,298.7375208425099,201.77563168552723,11.978454216772713,-306.2103161106281,89.64210220895816,1.522721191421227,7.472795268118192
7288.0,100.06149291992188,291.4177382752595,13.501188080754606,-298.7374917455655,291.4177382752595,298.7374917455655,201.77563574537766,11.978467228343678,-306.21028722318755,89.64210252988187,1.5227208524109268,7.472795477622066
7296.0,100.17141723632812,291.4176334624039,13.501192648503837,-298.73743601516776,291.4176334624039,298.73743601516776,201.77553336167483,11.978471640923427,-306.21023104779704,89.64210010072908,1.5227210075804103,7.472795032629262
7304.0,100.28134155273438,291.4176161912764,13.501186856753888,-298.7374641796487,291.4176161912764,298.7374641796487,201.7755213106629,11.978465658065705,-306.21025790490677,89.64209488061353,1.522721198688183,7.472793725258023
7312.0,100.39126586914062,291.4176809778303,13.501199160090358,-298.7374664186731,291.4176809778303,298.7374664186731,201.7755855644764,11.978477867993684,-306.2102600591908,89.64209541335393,1.522721292096675,7.4727936405177156
7320.0,100.50119018554688,291.4177413798759,13.501227838968894,-298.73746817232364,291.4177413798759,298.73746817232364,201.77564258125247,11.978506905400009,-306.21026256792334,89.64209879862342,1.5227209335688854,7.472794395599707
7328.0,100.61111450195312,291.41779043538713,13.50125589182155,-298.73744905644935,291.41779043538713,298.73744905644935,201.7756879173775,11.978535055688349,-306.2102445882012,89.64210251800961,1.522720836133201,7.472795531751855
7336.0,100.72103881835938,291.41780793272085,13.501286819955489,-298.7374481858359,291.41780793272085,298.7374481858359,201.7757024831465,11.97856594714884,-306.2102441638674,89.64210544957436,1.5227208728066488,7.4727959780314865
7344.0,100.83096313476562,291.4178206860189,13.501311338556395,-298.7374027681844,291.4178206860189,298.7374027681844,201.7757131311586,11.978590363250799,-306.21019945382244,89.64210755486033,1.522720975305596,7.472796685638081
7352.0,100.94088745117188,291.417818291986,13.50134699204438,-298.7373739416806,291.417818291986,298.7373739416806,201.77570907633915,11.978626108383933,-306.21017063768437,89.64210921564685,1.522720883660448,7.472796696003806
7360.0,101.05081176757812,291.4178273525631,13.50136813440232,-298.73736288716293,291.4178273525631,298.73736288716293,201.77571694235456,11.978647051006527,-306.2101600206778,89.64211041020852,1.5227210833957927,7.472797133514873
7368.0,101.16073608398438,291.4178203939306,13.501392828442029,-298.7373319662378,291.4178203939306,298.7373319662378,201.77570930669543,11.978671690580216,-306.2101290149701,89.64211108723515,1.5227211378618137,7.472797048732323
7376.0,101.27066040039062,291.417835880402,13.501417318221787,-298.7373155867308,291.417835880402,298.7373155867308,201.77572375020344,11.978696376335304,-306.2101128039051,89.64211213019853,1.5227209418864835,7.472797217174303
7384.0,101.38058471679688,291.41782482657584,13.50144552441126,-298.7372745064938,291.41782482657584,298.7372745064938,201.7757124190303,11.978724495671576,-306.21007214603503,89.64211240754551,1.5227210287396837,7.472797639541244
7392.0,101.49050903320312,291.4178507302087,13.501466225758818,-298.73728761197674,291.4178507302087,298.73728761197674,201.77573782058383,11.978745182524385,-306.2100854208346,89.64211290962491,1.522721043234434,7.4727978088578535
7400.0,101.60043334960938,291.4178403576068,13.501496818550457,-298.73725152721676,291.4178403576068,298.73725152721676,201.77572710636616,11.978775811115057,-306.2100487212392,89.6421132512406,1.5227210074354,7.472797194022466
7408.0,101.71035766601562,291.4178239522811,13.501517092924452,-298.73718265974173,291.4178239522811,298.73718265974173,201.7757109561308,11.978796075420421,-306.2099805619184,89.6421129961503,1.5227210175040318,7.4727979021766995
7416.0,101.82028198242188,291.4178348397677,13.501550434521116,-298.73719139885895,291.4178348397677,298.73719139885895,201.77572178935173,11.978829106813796,-306.20998865965834,89.64211305041593,1.5227213277073202,7.472797260799401
7424.0,101.93020629882812,291.4178322674486,13.501574275678621,-298.7371535490439,291.4178322674486,298.7371535490439,201.77571952906203,11.97885332307703,-306.2099508477924,89.64211273838659,1.5227209526015901,7.472797298748493
7432.0,102.04013061523438,291.4178312788815,13.501601651955813,-298.7371423573204,291.4178312788815,298.7371423573204,201.7757182161106,11.978880742158504,-306.20993952087565,89.64211306277096,1.52272090979731,7.47279716355523
7440.0,102.14997100830078,291.4178488842209,13.501637761518566,-298.7371150145796,291.4178488842209,298.7371150145796,201.77573587467185,11.978916845800782,-306.2099122034038,89.64211300954904,1.5227209157177848,7.472797188824183
7448.0,102.25989532470703,291.41783170155713,13.501656341900345,-298.73705558025836,291.41783170155713,298.73705558025836,201.77571886258244,11.97893525709474,-306.2098531077047,89.64211283897467,1.522721084805605,7.47279752744636
7456.0,102.36981964111328,291.4178545459595,13.501687089493705,-298.7370553632401,291.4178545459595,298.7370553632401,201.77574188605047,11.978966191473308,-306.20985282081017,89.64211265990897,1.5227208980203977,7.472797457570095
7464.0,102.47974395751953,291.4178590526193,13.501718441151613,-298.7370264598345,291.4178590526193,298.7370264598345,201.77574640339387,11.978997530655692,-306.209823530173,89.64211264922541,1.5227209104959227,7.472797070338533
7472.0,102.58966827392578,291.4178574041366,13.501749105970996,-298.7369804005642,291.4178574041366,298.7369804005642,201.77574470166314,11.979028214623124,-306.20977740231666,89.64211270247344,1.522720891347872,7.472797001752461
7480.0,102.69959259033203,291.41787570435883,13.501769844863931,-298.73698853833264,291.41787570435883,298.73698853833264,201.77576336279498,11.9790488625165,-306.20978556797195,89.64211234156386,1.5227209823474315,7.472797029639319
7488.0,102.80951690673828,291.4178618852851,13.501803131874212,-298.7369461505476,291.4178618852851,298.7369461505476,201.77574948074087,11.979082319273799,-306.2097430240193,89.6421124045442,1.5227208126004137,7.472796873471652
7496.0,102.91944122314453,291.4178774787451,13.501829759779161,-298.73693384277556,291.4178774787451,298.73693384277556,201.775765096683,11.979109062167808,-306.20973070829234,89.6421123820621,1.5227206976113528,7.472796865516808
7504.0,103.02936553955078,291.417877420385,13.50186227418488,-298.73688845458605,291.417877420385,298.73688845458605,201.7757652561825,11.979141324765774,-306.20968528900744,89.6421121642025,1.5227209494191065,7.472796834421411
7512.0,103.13928985595703,291.41787353429794,13.5018877059133,-298.73684788416364,291.41787353429794,298.73684788416364,201.77576092701116,11.979166938094316,-306.20964459485225,89.64211260728678,1.5227207678189827,7.472796710688631
7520.0,103.24921417236328,291.41788887620294,13.501916993057108,-298.7368334968057,291.41788887620294,298.7368334968057,201.77577666526304,11.979196311553181,-306.2096304242192,89.64211221093989,1.5227206815039258,7.472796927413543
7528.0,103.35913848876953,291.41791074844735,13.50195085325172,-298.73684067606536,291.41791074844735,298.73684067606536,201.77579813908406,11.979229944856943,-306.2096375262811,89.64211260936328,1.5227209083947773,7.472796850215709
7536.0,103.46906280517578,291.4178935306212,13.501977190463895,-298.73678263633536,291.4178935306212,298.73678263633536,201.77578116115825,11.97925637610577,-306.2095793776748,89.64211236946292,1.522720814358126,7.4727967413394225
7544.0,103.57898712158203,291.41790766670135,13.50200368959449,-298.7367667132111,291.41790766670135,298.7367667132111,201.77579517982056,11.979282854792809,-306.20956313074157,89.64211248688078,1.5227208348016812,7.472796417530466
7552.0,103.68891143798828,291.4179035495018,13.502037988551926,-298.7367111643807,291.4179035495018,298.7367111643807,201.7757909577351,11.979317181238322,-306.2095077728044,89.64211259176668,1.5227208073136045,7.47279660842366
7560.0,103.79883575439453,291.417916401452,13.502071575724097,-298.73668198534017,291.417916401452,298.73668198534017,201.77580375249528,11.97935061330184,-306.20947861318257,89.64211264895673,1.522720962422257,7.472796627842376
7568.0,103.90876007080078,291.41792845498486,13.502097444242434,-298.73667605842337,291.41792845498486,298.73667605842337,201.77581561993046,11.97937663201439,-306.20947276818424,89.64211283505442,1.5227208122280445,7.472796709760869
7576.0,104.01868438720703,291.41791802904896,13.50212926392574,-298.73663034548247,291.41791802904896,298.73663034548247,201.77580523691245,11.979408545613046,-306.20942715311514,89.6421127921365,1.5227207183126938,7.472796807632673
7584.0,104.12860870361328,291.4179477234113,13.502163063040395,-298.73662461626867,291.4179477234113,298.73662461626867,201.77583494641087,11.979442113965067,-306.20942144018886,89.64211277700046,1.5227209490753277,7.472796823920216
7592.0,104.23853302001953,291.41794634503776,13.502192438178266,-298.73659419359524,291.41794634503776,298.73659419359524,201.77583357267957,11.979471443287204,-306.2093906160335,89.64211277235816,1.522720994891062,7.472796422438239
7600.0,104.34845733642578,291.41795357622914,13.502213843636303,-298.73658115448274,291.41795357622914,298.73658115448274,201.77584117453372,11.979492944903317,-306.2093775210206,89.64211240169541,1.5227208987329868,7.472796366537848
7608.0,104.45838165283203,291.41795331022536,13.502245852610336,-298.7365007660108,291.41795331022536,298.7365007660108,201.77584049134342,11.97952472146303,-306.209297304814,89.64211281888196,1.522721131147307,7.472796538803194
7616.0,104.56830596923828,291.4179569355058,13.502277560229375,-298.7364904254306,291.4179569355058,298.7364904254306,201.7758440145002,11.979556722091809,-306.20928693984524,89.64211292100562,1.5227208381375656,7.472796514414679
7624.0,104.67823028564453,291.41795716947036,13.502317045862181,-298.7364574120155,291.41795716947036,298.7364574120155,201.77584452215422,11.979596028180804,-306.20925423739993,89.64211264731617,1.5227210176813775,7.472796825384436
7632.0,104.78815460205078,291.41798058166785,13.50234231835465,-298.7364506057576,291.41798058166785,298.7364506057576,201.77586748483265,11.979621371463512,-306.2092472363189,89.64211309683523,1.5227209468911385,7.472796630561277
7640.0,104.89807891845703,291.417970279409,13.502378097524305,-298.73640590232355,291.417970279409,298.73640590232355,201.7758572597417,11.979656882546877,-306.20920242994777,89.64211301966728,1.522721214977428,7.472796527624227
7648.0,105.00800323486328,291.41797818531177,13.502409447342242,-298.73636490911167,291.41797818531177,298.73636490911167,201.77586519691675,11.979688307013191,-306.20916134529614,89.64211298839503,1.5227211403290504,7.472796436184485
7656.0,105.11792755126953,291.41799471161295,13.50244791352065,-298.73634356456176,291.41799471161295,298.73634356456176,201.7758817521065,11.979726880189148,-306.209139938848,89.64211295950646,1.5227210333315022,7.472796374286262
7664.0,105.22785186767578,291.41799843893307,13.502478268760836,-298.73634691474894,291.41799843893307,298.73634691474894,201.7758853037463,11.979757336929756,-306.20914347726455,89.64211313518675,1.52272093183108,7.472796562515621
7672.0,105.33777618408203,291.41799227029856,13.502508133432444,-298.7362693153969,291.41799227029856,298.7362693153969,201.77587934119407,11.979786943972371,-306.209065814475,89.64211292910451,1.5227211894600736,7.472796499078132
7680.0,105.44770050048828,291.4180116589187,13.502543282053084,-298.73625752528744,291.4180116589187,298.73625752528744,201.7758981697932,11.979822156080825,-306.2090541247055,89.64211348912549,1.522721125972259,7.472796599418093
7688.0,105.55762481689453,291.41801123678954,13.50257147733232,-298.736230530065,291.41801123678954,298.736230530065,201.77589813246283,11.97985033712304,-306.20902706901626,89.64211310432668,1.5227211402092808,7.472796538951268
7696.0,105.66747283935547,291.4180339285856,13.502595755224712,-298.7362245256981,291.4180339285856,298.7362245256981,201.775920408316,11.979874667016404,-306.2090213088112,89.64211352026962,1.5227210882083084,7.472796783113104
7704.0,105.77739715576172,291.41802748970383,13.502633681530149,-298.73617812437254,291.41802748970383,298.73617812437254,201.77591420825922,11.97991250117748,-306.20897484770387,89.64211328144461,1.5227211803526677,7.472796723331348
7712.0,105.88732147216797,291.4180315995138,13.502670783046945,-298.7361518304699,291.4180315995138,298.7361518304699,201.77591819950163,11.979949630853111,-306.20894843874225,89.64211340001219,1.5227211521938337,7.4727966082723425
7720.0,105.99724578857422,291.4180306357914,13.502702202293408,-298.73611882911035,291.4180306357914,298.73611882911035,201.7759167609263,11.979981088021747,-306.20891587033276,89.64211387486513,1.5227211142716617,7.472797041222413
7728.0,106.10717010498047,291.41804149053087,13.502737572296567,-298.7360754934794,291.41804149053087,298.7360754934794,201.77592776350616,11.980016488319867,-306.20887212909986,89.64211372702468,1.5227210839766996,7.472796635620442
7736.0,106.21709442138672,291.4180529402315,13.502766422619874,-298.7360357284172,291.4180529402315,298.7360357284172,201.775938891863,11.980045441981526,-306.2088322417968,89.64211404836848,1.5227209806383484,7.472796513379598
7744.0,106.32701873779297,291.4180711539541,13.502801885501801,-298.73604640376993,291.4180711539541,298.73604640376993,201.775956931314,11.980080789956425,-306.2088432336674,89.64211422264007,1.5227210955453763,7.472796829897435
7752.0,106.43694305419922,291.41807350715726,13.502833708895167,-298.7360041301395,291.41807350715726,298.7360041301395,201.77595927252804,11.980112817233337,-306.20880073521636,89.64211423462919,1.5227208916618293,7.472796605076826
7760.0,106.54686737060547,291.4180678912145,13.502869988701736,-298.73593633619345,291.4180678912145,298.73593633619345,201.77595365161642,11.98014874579805,-306.2087328690661,89.64211423959804,1.5227212429036854,7.472796532872685
7768.0,106.65679168701172,291.4180652702484,13.502901002680797,-298.7358751209232,291.4180652702484,298.7358751209232,201.77595077155982,11.980179597069354,-306.2086717332992,89.64211449868858,1.5227214056114433,7.472796612376006
7776.0,106.76671600341797,291.41807848414186,13.502932982086456,-298.7358769866969,291.41807848414186,298.7358769866969,201.7759640117451,11.980211949750139,-306.2086738604902,89.64211447239676,1.5227210323363178,7.4727968737933255
7784.0,106.87664031982422,291.41809283839723,13.502976927593672,-298.7358513973061,291.41809283839723,298.7358513973061,201.77597833917798,11.980255825433849,-306.2086484168201,89.64211449921926,1.5227211021598221,7.472797019514016
7792.0,106.98656463623047,291.4180914689515,13.503007031570359,-298.7358096174462,291.4180914689515,298.7358096174462,201.77597692273727,11.980285949554418,-306.2086063592264,89.64211454621426,1.5227210820159418,7.472796741780174
7800.0,107.09648895263672,291.41810702183795,13.503036554390329,-298.73578626013136,291.41810702183795,298.73578626013136,201.77599267191485,11.980315309418184,-306.2085833584994,89.64211434992313,1.522721244972145,7.472797098368079
7808.0,107.20641326904297,291.4181063488212,13.503077504067038,-298.73574763521555,291.4181063488212,298.73574763521555,201.77599162602695,11.980356275171454,-306.20854467643,89.64211472279422,1.5227212288955845,7.472797041214427
7816.0,107.31633758544922,291.41811710872713,13.503116502096692,-298.73570103718083,291.41811710872713,298.73570103718083,201.77600214554803,11.9803953340524,-306.20849778080435,89.64211496317908,1.5227211680442916,7.472796743623504
7824.0,107.42626190185547,291.4181266572201,13.50315107267441,-298.73569766677036,291.4181266572201,298.73569766677036,201.77601186773342,11.980429729622639,-306.20849442919854,89.64211478948673,1.5227213430517712,7.472796762428191
7832.0,107.53618621826172,291.418136409302,13.503183516886851,-298.7356647851688,291.418136409302,298.7356647851688,201.7760214134521,11.980462153261275,-306.20846154003175,89.64211499584991,1.522721363625576,7.472796754862931
7840.0,107.64611053466797,291.4181384279035,13.503222690629201,-298.73563382587787,291.4181384279035,298.73563382587787,201.77602343808076,11.980501514488001,-306.208430845196,89.64211498982276,1.5227211761412005,7.47279701931812
7848.0,107.75603485107422,291.41814175595107,13.503251767068324,-298.735587228465,291.41814175595107,298.735587228465,201.77602673934734,11.980530630417862,-306.2083844985569,89.64211501660373,1.5227211366504614,7.47279727009186
7856.0,107.86595916748047,291.418133044041,13.503280099668299,-298.73553940448295,291.418133044041,298.73553940448295,201.7760179080256,11.980558927324743,-306.20833614690036,89.64211513601539,1.5227211723435552,7.472796742417436
7864.0,107.97588348388672,291.4181629567908,13.503324158438183,-298.73551984951285,291.4181629567908,298.73551984951285,201.7760477754727,11.98060292337664,-306.2083169307824,89.6421151813181,1.5227212350615429,7.472797081269537
7872.0,108.08580780029297,291.41816997334945,13.50336113676132,-298.7355212811146,291.41816997334945,298.7355212811146,201.7760547284249,11.980639728777128,-306.20831830930524,89.64211524492457,1.522721407984192,7.472797028190654
7880.0,108.19573211669922,291.418169400718,13.503397670481379,-298.735452074309,291.418169400718,298.735452074309,201.77605425473658,11.98067632704227,-306.2082491970934,89.64211514598142,1.522721343439109,7.4727971227843515
7888.0,108.30565643310547,291.4181840444311,13.503431132504426,-298.73542498190153,291.4181840444311,298.73542498190153,201.77606879586378,11.980709947865325,-306.20822201458105,89.64211524856728,1.522721184639101,7.47279703267954
7896.0,108.41558074951172,291.4181931368126,13.50346326318581,-298.7354092683611,291.4181931368126,298.7354092683611,201.77607782947308,11.98074195687898,-306.2082062724053,89.64211530733952,1.5227213063068294,7.4727970040442
7904.0,108.52550506591797,291.41819072280293,13.503501594360488,-298.73537640407255,291.41819072280293,298.73537640407255,201.77607565619945,11.980780423115698,-306.2081731466152,89.64211506660345,1.5227211712447892,7.472796742542622
7912.0,108.63542938232422,291.4181982219908,13.503542099067756,-298.73531910150825,291.4181982219908,298.73531910150825,201.77608281642895,11.980820708882622,-306.2081156943146,89.64211540556182,1.522721390185135,7.472796592806322
7920.0,108.74535369873047,291.4182090870114,13.50357334714641,-298.7352989833823,291.4182090870114,298.7352989833823,201.77609376199445,11.98085208778479,-306.2080958778899,89.64211532501693,1.5227212593616213,7.4727968945076215
7928.0,108.85527801513672,291.41821330578887,13.503605461011004,-298.73527402397656,291.41821330578887,298.73527402397656,201.7760979556827,11.98088422796005,-306.2080706481902,89.6421153501062,1.522721233050953,7.47279662421362
7936.0,108.96520233154297,291.4182187969774,13.503648181523422,-298.73522557044816,291.4182187969774,298.73522557044816,201.77610349235613,11.980927049250766,-306.2080223620334,89.64211530462129,1.5227211322726562,7.4727967915852185
7944.0,109.07512664794922,291.41821754794853,13.50368034574919,-298.73518322765847,291.41821754794853,298.73518322765847,201.7761022133762,11.980959168777707,-306.20798021683675,89.64211533457234,1.522721176971484,7.472796989178251
7952.0,109.18496704101562,291.4182154806317,13.503720528640821,-298.7351385535131,291.4182154806317,298.7351385535131,201.7761000938307,11.980999504079376,-306.2079352585199,89.64211538680101,1.522721024561445,7.472796705006844
7960.0,109.29489135742188,291.4182500496046,13.503752301781804,-298.7351375785657,291.4182500496046,298.7351375785657,201.77613471212055,11.981031030495116,-306.2079346629924,89.642115337484,1.522721271286688,7.472797084426692
7968.0,109.40481567382812,291.41814815003056,13.503787153761264,-298.73503490561643,291.41814815003056,298.73503490561643,201.77603396245638,11.98106588435914,-306.20783202568475,89.64211418757415,1.522721269402124,7.4727971200683205
7976.0,109.51473999023438,291.4178743332842,13.503748167369649,-298.7349471993264,291.4178743332842,298.7349471993264,201.7757803777501,11.981026689030063,-306.20774009049416,89.64209395553411,1.5227214783395855,7.472792891167723
7984.0,109.62466430664062,291.4178667156292,13.503696217281698,-298.7349641347198,291.4178667156292,298.7349641347198,201.77578854188587,11.980974884884898,-306.20775418029245,89.64207817374336,1.5227213323968005,7.472790045572645
7992.0,109.73458862304688,291.4179283372711,13.503680145329152,-298.73502796386157,291.4179283372711,298.73502796386157,201.77585539208292,11.980959023936665,-306.2078163375808,89.6420729451882,1.5227211213924883,7.472788373719232
8000.0,109.84451293945312,291.4179549297992,13.503666966291782,-298.7350627219417,291.4179549297992,298.7350627219417,201.77588315390875,11.980945890531475,-306.20785060981217,89.6420717758904,1.5227210757603062,7.4727878878704646
8008.0,109.95443725585938,291.41799565536576,13.503664556243429,-298.7350778627834,291.41799565536576,298.7350778627834,201.77592365311605,11.980943424280042,-306.207865788882,89.64207200224973,1.5227211319633862,7.472787926098592
8016.0,110.06436157226562,291.41805504623113,13.503659003928044,-298.735166356533,291.41805504623113,298.735166356533,201.77598093945699,11.980938013389233,-306.20795467909096,89.64207410677413,1.522720990538812,7.472788322557932
8024.0,110.17428588867188,291.41808473770766,13.50364726713231,-298.7351357657877,291.41808473770766,298.7351357657877,201.77600692174505,11.980926178954327,-306.20792477212683,89.64207781596264,1.522721088177983,7.472789006339151
8032.0,110.28421020507812,291.4181267236934,13.503635245456184,-298.73519426551024,291.4181267236934,298.73519426551024,201.7760448116,11.980914426516652,-306.20798372519346,89.64208191209336,1.5227208189395323,7.47278945968322
8040.0,110.39413452148438,291.4181404404991,13.503618098921773,-298.73518792102135,291.4181404404991,298.73518792102135,201.7760548653564,11.980897210827782,-306.20797844165384,89.64208557514272,1.5227208880939913,7.472790520632462
8048.0,110.50405883789062,291.4181475979422,13.503605816768284,-298.73521041289325,291.4181475979422,298.73521041289325,201.77605833713946,11.980884949752102,-306.2080015332776,89.64208926080275,1.5227208670161811,7.472791120384332
8056.0,110.61398315429688,291.4181644479587,13.503602256940015,-298.7352351799683,291.4181644479587,298.7352351799683,201.77607212021377,11.980881481093842,-306.2080267356016,89.6420923277449,1.5227207758461732,7.472791555633327
8064.0,110.72390747070312,291.4181740160701,13.503596376391961,-298.7352404803223,291.4181740160701,298.7352404803223,201.77607910310218,11.98087558538846,-306.2080322948863,89.6420949129679,1.522720791003501,7.472791814564021
8072.0,110.83383178710938,291.41816901996054,13.503581516522008,-298.7352421772924,291.41816901996054,298.7352421772924,201.77607249185118,11.980860599632091,-306.20803454627793,89.64209652810936,1.5227209168899156,7.472792368985572
8080.0,110.94375610351562,291.4181577885909,13.503563305619986,-298.7352726742311,291.4181577885909,298.7352726742311,201.77605959711218,11.980842637542505,-306.20806550421514,89.64209819147872,1.5227206680774814,7.4727928299840505
8088.0,111.05368041992188,291.4181593001176,13.503559730788535,-298.73524995413345,291.4181593001176,298.73524995413345,201.77606039886587,11.98083886851452,-306.20804273323165,89.64209890125179,1.5227208622740145,7.4727927790982065
8096.0,111.16360473632812,291.41815384163647,13.503543784931834,-298.73526225395256,291.41815384163647,298.73526225395256,201.77605439205308,11.980822998955663,-306.2080555730483,89.64209944958338,1.5227207859761713,7.472793319095756
8104.0,111.27352905273438,291.418148309025,13.503531138293205,-298.7353057628372,291.418148309025,298.7353057628372,201.77604891508986,11.98081045425442,-306.2080988620335,89.64209939393513,1.5227206840387848,7.47279309919635
8112.0,111.38345336914062,291.4181332179869,13.503520441056398,-298.7353035434939,291.4181332179869,298.7353035434939,201.77603357735103,11.980799740307948,-306.2080970155117,89.64209964063585,1.522720700748451,7.4727934720178215
8120.0,111.49337768554688,291.4181207399628,13.50350937333865,-298.7352897672942,291.4181207399628,298.7352897672942,201.77602170349633,11.980788423889837,-306.2080831809121,89.64209903646645,1.5227209494488125,7.472793413617938
8128.0,111.60330200195312,291.4181099877386,13.503495971703694,-298.7352861625495,291.4181099877386,298.7352861625495,201.77601100977952,11.980774916306334,-306.2080792371098,89.64209897795907,1.5227210553973607,7.472793074560295
8136.0,111.71322631835938,291.41810270806025,13.503484440528027,-298.7353062710239,291.41810270806025,298.7353062710239,201.77600404786455,11.980763694084343,-306.2080993703091,89.6420986601957,1.5227207464436825,7.472793099285243
8144.0,111.82315063476562,291.4180898149259,13.503467867041234,-298.73530413055704,291.4180898149259,298.73530413055704,201.77599144214278,11.980747089431489,-306.2080974686846,89.6420983727831,1.5227207776097451,7.4727933381276035
8152.0,111.93307495117188,291.4180795444301,13.503467659305059,-298.7352829782682,291.4180795444301,298.7352829782682,201.77598150003678,11.980746623810434,-306.20807624588133,89.64209804439332,1.5227210354946257,7.472793267613153
8160.0,112.04299926757812,291.41807320925477,13.503447499216273,-298.7353219788747,291.41807320925477,298.7353219788747,201.77597523268344,11.980726571408482,-306.20811530425584,89.64209797657134,1.5227209278077907,7.4727933253811605
8168.0,112.15292358398438,291.41808519741403,13.503432130623889,-298.7353611433896,291.41808519741403,298.7353611433896,201.7759878625881,11.980711387652077,-306.208154288829,89.64209733482592,1.5227207429718126,7.472793145439443
8176.0,112.26284790039062,291.4180755725931,13.503427867400783,-298.7353620278809,291.4180755725931,298.7353620278809,201.77597840913796,11.980706930257758,-306.2081553140283,89.64209716345516,1.5227209371430241,7.4727932861474295
8184.0,112.37277221679688,291.41806642786594,13.503414425816334,-298.7353647673035,291.41806642786594,298.7353647673035,201.77596900957207,11.980693381934056,-306.2081580039006,89.64209741829389,1.5227210438822776,7.472793236597115
8192.0,112.48269653320312,291.41807917047504,13.503406250761277,-298.735389816315,291.41807917047504,298.735389816315,201.77598197226263,11.980685034302262,-306.20818287888375,89.64209719821238,1.5227212164590154,7.472793062568769
8200.0,112.5926284790039,291.4180790105693,13.503383856563012,-298.7354323547905,291.4180790105693,298.7354323547905,201.77598192293033,11.98066298036473,-306.2082255924421,89.64209708763894,1.5227208761982807,7.472793237651638
8208.0,112.70255279541016,291.41807004575145,13.503384709243116,-298.73542364211005,291.41807004575145,298.73542364211005,201.77597297412188,11.980664009224569,-306.2082168226129,89.64209707162958,1.5227207000185476,7.472793180502845
8216.0,112.81243133544922,291.41805925014575,13.503365467649067,-298.7354008154338,291.41805925014575,298.7354008154338,201.77596222575656,11.980644621147096,-306.2081938978834,89.64209702438917,1.5227208465019708,7.472793082449562
8224.0,112.92230224609375,291.4180658243531,13.503354819043464,-298.73542443505795,291.4180658243531,298.73542443505795,201.77596882562705,11.980633967019712,-306.2082174197378,89.64209699872603,1.5227208520237525,7.472792984679866
8232.0,113.0322265625,291.4180557077096,13.50334895281047,-298.73541539629554,291.4180557077096,298.73541539629554,201.77595841821483,11.980628026729098,-306.2082083547896,89.64209728949476,1.5227209260813703,7.472792958494066
8240.0,113.14215087890625,291.41805481721804,13.50333087222297,-298.73542651938715,291.41805481721804,298.73542651938715,201.77595747655542,11.980609838258632,-306.20821980328094,89.64209734066263,1.5227210339643378,7.472793283893774
8248.0,113.2520751953125,291.4180555287148,13.503315413458555,-298.73545541210206,291.4180555287148,298.73545541210206,201.7759583833601,11.980594300686437,-306.2082483474017,89.64209714535467,1.522721112772118,7.472792935299638
8256.0,113.36199951171875,291.418062988325,13.50330782989459,-298.73547678651926,291.418062988325,298.73547678651926,201.77596579078627,11.980586858637052,-306.2082697843578,89.64209719753876,1.5227209712575385,7.472792997838551
8264.0,113.471923828125,291.41805259247474,13.5032974166137,-298.7354730758739,291.41805259247474,298.7354730758739,201.77595552065804,11.980576430953693,-306.20826616407464,89.64209707181666,1.522720985660007,7.472793088200696
8272.0,113.58184814453125,291.418069113416,13.503285314417944,-298.73550125159653,291.418069113416,298.73550125159653,201.77597152497611,11.980564286456648,-306.20829440941657,89.64209758843988,1.522721027961297,7.472793157820018
8280.0,113.6917724609375,291.41805357895726,13.503274990357713,-298.73549793323343,291.41805357895726,298.73549793323343,201.77595639305292,11.980554021195958,-306.2082911119686,89.6420971859043,1.522720969161755,7.472793178735147
8288.0,113.80169677734375,291.41806137618676,13.503266022403125,-298.73549322872896,291.41806137618676,298.73549322872896,201.7759639873401,11.98054483095866,-306.2082865571804,89.64209738884668,1.5227211914444645,7.472793328451395
8296.0,113.91162109375,291.4180601024892,13.503254054559704,-298.7355230606514,291.4180601024892,298.7355230606514,201.77596260073426,11.980533182497112,-306.2083166197549,89.64209750175499,1.522720872062592,7.4727935591034855
8304.0,114.02154541015625,291.4180541719347,13.503244153762887,-298.7355369177751,291.4180541719347,298.7355369177751,201.77595642609057,11.980523351245441,-306.20833025980903,89.64209774584413,1.522720802517446,7.4727933420339125
8312.0,114.1314697265625,291.41803994028066,13.503233954319,-298.7355312527656,291.41803994028066,298.7355312527656,201.77594254876675,11.980513084096165,-306.20832429368727,89.64209739151389,1.5227208702228348,7.472793040921683
8320.0,114.24138641357422,291.4180467256278,13.503215108433318,-298.7355493429258,291.4180467256278,298.7355493429258,201.77594896152226,11.980494111748149,-306.2083422321086,89.64209776410553,1.52272099668517,7.4727928891827675
8328.0,114.35131072998047,291.4180464821082,13.503209298403153,-298.7355659518576,291.4180464821082,298.7355659518576,201.77594905371674,11.98048826371744,-306.2083591376068,89.64209742839147,1.5227210346857118,7.472793185749177
8336.0,114.46123504638672,291.4180517636946,13.503192132012344,-298.7355623842752,291.4180517636946,298.7355623842752,201.77595413973958,11.98047123971263,-306.2083554901831,89.64209762395505,1.5227208922997137,7.472793105907896
8344.0,114.57115936279297,291.41805243552307,13.503190826711684,-298.73561030664945,291.41805243552307,298.73561030664945,201.77595478510474,11.980469909326183,-306.20840351374557,89.64209765041831,1.5227209173855005,7.472793207096143
8352.0,114.68108367919922,291.4180396988403,13.5031808963951,-298.73559614998373,291.4180396988403,298.73559614998373,201.77594207917068,11.98045976825766,-306.2083894365336,89.64209761966963,1.5227211281374413,7.472793286549875
8360.0,114.79100799560547,291.4180290754867,13.503165196197191,-298.73557301258415,291.4180290754867,298.73557301258415,201.77593158679696,11.980444137844195,-306.20836615016765,89.64209748868971,1.5227210583529964,7.472793137583489
8368.0,114.90093231201172,291.41803577694196,13.50315390140312,-298.73562065527335,291.41803577694196,298.73562065527335,201.77593812414077,11.980432984034746,-306.20841394173425,89.64209765280121,1.5227209173683756,7.472793286460911
8376.0,115.01085662841797,291.4180306213243,13.503140822550343,-298.73562832011777,291.4180306213243,298.73562832011777,201.77593287542408,11.980419838246696,-306.2084215724901,89.64209774590026,1.522720984303647,7.472793252372336
8384.0,115.12076568603516,291.41803599480977,13.503130869190565,-298.735631989488,291.41803599480977,298.735631989488,201.77593821332198,11.980409979318711,-306.20842560182723,89.64209778148782,1.5227208898718536,7.472793612339232
8392.0,115.2306900024414,291.4180258873869,13.503116965679462,-298.73563472542554,291.4180258873869,298.73563472542554,201.77592798183548,11.980396081539316,-306.2084278992293,89.64209790555141,1.522720884140146,7.4727931738037645
8400.0,115.34061431884766,291.4180307584214,13.503107214986105,-298.7356583702053,291.4180307584214,298.7356583702053,201.7759330729005,11.980386470987282,-306.20845196403525,89.64209768552092,1.5227207439988222,7.472793593829953
8408.0,115.4505386352539,291.4180332210125,13.503095895873816,-298.73566451158655,291.4180332210125,298.73566451158655,201.77593556566347,11.980374952990214,-306.20845778021766,89.642097655349,1.5227209428836015,7.472793268631094
8416.0,115.56046295166016,291.4180140316299,13.503092121388491,-298.73564781608223,291.4180140316299,298.73564781608223,201.77591604393157,11.980371150356792,-306.2084412705092,89.64209798769834,1.5227209710316982,7.472793454426937
8424.0,115.6703872680664,291.4180220733086,13.503064943907756,-298.73570125698916,291.4180220733086,298.73570125698916,201.77592412003574,11.9803439634339,-306.2084946717787,89.64209795327282,1.5227209804738568,7.472793414789527
8432.0,115.78031158447266,291.4180176905838,13.503067690642576,-298.7356828105666,291.4180176905838,298.7356828105666,201.77591960194113,11.980346500059497,-306.20847645695187,89.64209808864265,1.5227211905830789,7.472793646385281
8440.0,115.8902359008789,291.41801021055034,13.503050659680992,-298.7357000366562,291.41801021055034,298.7357000366562,201.77591196584174,11.980329602596411,-306.20849343014544,89.64209824470859,1.5227210570845813,7.472793393489221
8448.0,116.00016021728516,291.41802296457706,13.503040884301711,-298.73572672342044,291.41802296457706,298.73572672342044,201.77592486681215,11.98031999881502,-306.2085200702634,89.6420980977649,1.522720885486692,7.472793346842939
8456.0,116.1100845336914,291.41801164729765,13.503032984701433,-298.73573751799273,291.41801164729765,298.73573751799273,201.77591359798944,11.980311928873725,-306.2085312722468,89.6420980493082,1.5227210558277076,7.472793754254048
8464.0,116.22000122070312,291.4180198697176,13.503024752077831,-298.73576124893924,291.4180198697176,298.73576124893924,201.77592156037366,11.980303715786718,-306.20855470216867,89.64209830934398,1.5227210362911134,7.472793453229439
8472.0,116.3299331665039,291.4180212376419,13.503006876953803,-298.73576922144787,291.4180212376419,298.73576922144787,201.77592302784106,11.980286046562384,-306.20856284439606,89.64209820980082,1.5227208303914193,7.472793622948198
8480.0,116.43985748291016,291.41801309407026,13.502999839217239,-298.735761899115,291.41801309407026,298.735761899115,201.77591494531237,11.980278749094222,-306.2085555059653,89.64209814875787,1.5227210901230177,7.472793606850295
8488.0,116.5497817993164,291.41799988976834,13.502979165194882,-298.73576248203204,291.41799988976834,298.73576248203204,201.7759017520597,11.980258122048063,-306.2085561733163,89.64209813770864,1.5227210431468179,7.472793691284265
8496.0,116.65969848632812,291.4180127519438,13.50297050883092,-298.73579323477026,291.4180127519438,298.73579323477026,201.77591453778888,11.980249452764403,-306.20858707803063,89.64209821415493,1.5227210560665179,7.472793843260398
8504.0,116.76961517333984,291.41801193275285,13.502964915640826,-298.73579805742435,291.41801193275285,298.73579805742435,201.77591373778304,11.980243955380452,-306.20859201201677,89.64209819496982,1.522720960260374,7.472793954592446
8512.0,116.8795394897461,291.41799905140306,13.502948990066159,-298.73580738773484,291.41799905140306,298.73580738773484,201.7759005810485,11.98022814590368,-306.2086011641747,89.64209847035457,1.522720844162479,7.472793776439883
8520.0,116.98946380615234,291.41800038224176,13.502940667316754,-298.73581570327053,291.41800038224176,298.73581570327053,201.775902149577,11.980219792462325,-306.20860941644287,89.64209823266472,1.522720874854429,7.472793713172364
8528.0,117.09939575195312,291.4179877930249,13.50293987188702,-298.73581380019834,291.4179877930249,298.73581380019834,201.77588933782172,11.980218677218335,-306.20860769344074,89.64209845520318,1.522721194668685,7.472793893242391
8536.0,117.20932006835938,291.41799486578947,13.502922436611417,-298.73583718010116,291.41799486578947,298.73583718010116,201.775896363787,11.980201262481597,-306.208631035163,89.64209850200244,1.5227211741298214,7.4727938550618545
8544.0,117.31924438476562,291.4179979390279,13.502905670869907,-298.73585026483636,291.4179979390279,298.73585026483636,201.77589977037434,11.980184712066274,-306.20864409696355,89.64209816865356,1.522720958803633,7.472793832127173
8552.0,117.42916870117188,291.4180012228227,13.502904406833736,-298.73588386281403,291.4180012228227,298.73588386281403,201.775902862774,11.980183548793327,-306.2086773776111,89.64209836004872,1.5227208580404072,7.472793514797041
8560.0,117.5390853881836,291.41799269744115,13.502890268597811,-298.7358782474701,291.41799269744115,298.7358782474701,201.775894663225,11.980169244529728,-306.20867189438707,89.64209803421616,1.5227210240680833,7.472793646916978
8568.0,117.64900970458984,291.41799279280764,13.502876822987151,-298.73587096500165,291.41799279280764,298.73587096500165,201.77589465724742,11.980155818880158,-306.20866461444,89.64209813556022,1.5227210041069932,7.472793649438331
8576.0,117.7589340209961,291.41799043111007,13.502861765744823,-298.7358981053644,291.41799043111007,298.7358981053644,201.77589227756727,11.98014081251516,-306.20869194757995,89.64209815354283,1.5227209532296633,7.472793842215523
8584.0,117.86885833740234,291.41797035740785,13.50285565534075,-298.7358864695059,291.41797035740785,298.7358864695059,201.7758722499365,11.980134462679088,-306.20868028079167,89.64209810747133,1.5227211926616633,7.472793811285779
8592.0,117.9787826538086,291.41799028603583,13.502841069717883,-298.73592746012275,291.41799028603583,298.73592746012275,201.77589188268126,11.9801198530434,-306.20872113759003,89.64209840335455,1.5227212166744835,7.472793677467292
8600.0,118.08870697021484,291.41798122128563,13.502834771962107,-298.7359238401771,291.41798122128563,298.7359238401771,201.77588318594852,11.980113453122286,-306.2087174107005,89.64209803533711,1.522721318839821,7.472793570523396
8608.0,118.1986312866211,291.41797560633705,13.502813315461795,-298.7359445175891,291.41797560633705,298.7359445175891,201.7758772229707,11.980092336057108,-306.20873814652515,89.64209838336633,1.5227209794046872,7.472793628936061
8616.0,118.30855560302734,291.41798723128636,13.502810537954673,-298.73594385414896,291.41798723128636,298.73594385414896,201.77588905768172,11.980089508150579,-306.2087374513011,89.64209817360465,1.522721029804094,7.472793597152114
8624.0,118.4184799194336,291.4179750936059,13.502797063855486,-298.73594261913,291.4179750936059,298.73594261913,201.7758765752835,11.980076245949508,-306.2087361424271,89.6420985183224,1.5227208179059777,7.47279352329706
8632.0,118.52840423583984,291.41797111135145,13.50278148332594,-298.7359541041863,291.41797111135145,298.7359541041863,201.77587263370486,11.980060561626109,-306.20874794977505,89.64209847764661,1.5227209216998299,7.4727938455887335
8640.0,118.63831329345703,291.4179699943404,13.502784688413419,-298.73594521629025,291.4179699943404,298.73594521629025,201.7758714218774,11.980063816843447,-306.2087387655206,89.64209857246298,1.522720871569971,7.472793549230342
8648.0,118.74823760986328,291.41794278650366,13.502762299224628,-298.735951781798,291.41794278650366,298.735951781798,201.7758443691912,11.980041170838124,-306.2087456587194,89.64209841731247,1.5227211283865043,7.472793876921402
8656.0,118.85816192626953,291.4179751729473,13.502750150622868,-298.73599303611263,291.4179751729473,298.73599303611263,201.7758764391016,11.980029079606958,-306.2087867488572,89.64209873384573,1.5227210710159103,7.472793712744602
8664.0,118.96808624267578,291.4179534694743,13.502747711272772,-298.73596900257365,291.4179534694743,298.73596900257365,201.7758544351594,11.980026877687939,-306.20876288811934,89.6420990343149,1.5227208335848337,7.472793885545711
8672.0,119.07801055908203,291.4179642557938,13.502734578260306,-298.7360067295691,291.4179642557938,298.7360067295691,201.77586536430243,11.980013481248836,-306.20880045437605,89.64209889149133,1.5227210970114688,7.472793724806918
8680.0,119.18793487548828,291.4179568400978,13.502726479694843,-298.7359966422174,291.4179568400978,298.7359966422174,201.7758581900741,11.980005493266148,-306.20879034377845,89.64209865002371,1.522720986428694,7.472793701561057
8688.0,119.2978515625,291.41795824529027,13.50270806051629,-298.73602600995576,291.41795824529027,298.73602600995576,201.77585969651952,11.97998708768716,-306.20881971024835,89.64209854877075,1.5227209728291302,7.472793700292576
8696.0,119.40777587890625,291.4179562915356,13.502698725466697,-298.73603296925546,291.4179562915356,298.73603296925546,201.77585739148867,11.979977530175965,-306.2088265498541,89.64209890004692,1.5227211952907327,7.4727935805986325
8704.0,119.5177001953125,291.4179626780033,13.502685054258485,-298.73606224456717,291.4179626780033,298.73606224456717,201.77586407991373,11.979963929774788,-306.2088560356365,89.64209859808956,1.522721124483697,7.472793791069332
8712.0,119.62762451171875,291.4179532630409,13.50268109880289,-298.7360695685524,291.4179532630409,298.7360695685524,201.7758539676122,11.979960093429293,-306.2088632320266,89.64209929542868,1.5227210053735978,7.472793663474175
8720.0,119.737548828125,291.41794396632304,13.502671911316282,-298.73603871427287,291.41794396632304,298.73603871427287,201.77584491877508,11.979950824228537,-306.2088326715134,89.64209904754794,1.5227210870877461,7.472793957240512
8728.0,119.84741973876953,291.41794311546846,13.502655592962991,-298.7360585563095,291.41794311546846,298.7360585563095,201.77584406534868,11.97993438851394,-306.2088523445676,89.64209905011978,1.522721204449053,7.472793788258109
8736.0,119.95730590820312,291.41795003329764,13.502650317042107,-298.73609495631183,291.41795003329764,298.73609495631183,201.77585088104706,11.979929275723238,-306.20888852540446,89.64209915225061,1.522721041318868,7.472793569092636
8740.0,120.01226806640625,291.41795059388954,13.502638712381032,-298.7361072297273,291.41795059388954,298.7361072297273,201.7758515001522,11.979917824301102,-306.20890108158045,89.64209909373733,1.5227208880799283,7.472793851853169
