map,run_id,i,j,k,axis,center_solver,face_solver,corrected_face_solver,mu0_corrected,mu0_uncorrected
A,baseline,62,24,21,2,3.5762713e-7,0.50000125,0.50000125,0.90915555,0.90915555
A,baseline,63,24,21,2,3.5762685e-7,0.50000125,0.50000125,0.90915555,0.90915555
A,baseline,64,24,21,2,3.5762685e-7,0.50000125,0.50000125,0.90915555,0.90915555
A,baseline,65,24,21,2,3.5762685e-7,0.50000125,0.50000125,0.90915555,0.90915555
A,baseline,66,24,21,2,3.5762685e-7,0.50000125,0.50000125,0.90915555,0.90915555
A,baseline,67,24,21,2,3.5762685e-7,0.50000125,0.50000125,0.90915555,0.90915555
A,baseline,68,24,21,2,3.5762685e-7,0.50000125,0.50000125,0.90915555,0.90915555
A,baseline,69,24,21,2,3.576277e-7,0.50000125,0.50000125,0.90915555,0.90915555
A,baseline,63,37,21,3,5.722042e-6,0.5000012,0.5000012,0.90915555,0.90915555
A,baseline,63,38,21,3,5.722042e-6,0.5000012,0.5000012,0.90915555,0.90915555
A,baseline,64,39,21,2,-7.4974025e-8,0.5000007,-0.5000007,0.090844706,0.9091553
A,baseline,62,24,22,2,1.1920606e-7,0.50000125,0.50000125,0.90915555,0.90915555
A,baseline,63,24,22,2,1.465494e-14,0.50000125,0.50000125,0.90915555,0.90915555
A,baseline,64,24,22,2,1.465494e-14,0.50000125,0.50000125,0.90915555,0.90915555
A,baseline,65,24,22,2,1.465494e-14,0.50000125,0.50000125,0.90915555,0.90915555
A,baseline,66,24,22,2,1.465494e-14,0.50000125,0.50000125,0.90915555,0.90915555
A,baseline,67,24,22,2,1.465494e-14,0.50000125,0.50000125,0.90915555,0.90915555
A,baseline,68,24,22,2,1.465494e-14,0.50000125,0.50000125,0.90915555,0.90915555
A,baseline,69,24,22,2,3.5762767e-7,0.50000125,0.50000125,0.90915555,0.90915555
A,baseline,62,24,23,2,1.1920606e-7,0.50000125,0.50000125,0.90915555,0.90915555
A,baseline,63,24,23,2,1.465494e-14,0.50000125,0.50000125,0.90915555,0.90915555
A,baseline,64,24,23,2,1.465494e-14,0.50000125,0.50000125,0.90915555,0.90915555
A,baseline,65,24,23,2,1.465494e-14,0.50000125,0.50000125,0.90915555,0.90915555
A,baseline,66,24,23,2,1.465494e-14,0.50000125,0.50000125,0.90915555,0.90915555
A,baseline,67,24,23,2,1.465494e-14,0.50000125,0.50000125,0.90915555,0.90915555
A,baseline,68,24,23,2,1.465494e-14,0.50000125,0.50000125,0.90915555,0.90915555
A,baseline,69,24,23,2,1.1920843e-7,0.50000125,0.50000125,0.90915555,0.90915555
A,baseline,70,24,23,2,1.1920843e-7,0.50000125,0.50000125,0.90915555,0.90915555
A,baseline,71,24,23,2,1.1920843e-7,0.50000125,0.50000125,0.90915555,0.90915555
A,baseline,72,24,23,2,1.1920843e-7,0.50000125,0.50000125,0.90915555,0.90915555
A,baseline,73,24,23,2,1.9961028e-7,0.50000125,0.50000125,0.90915555,0.90915555
A,baseline,62,24,24,2,2.903234e-6,0.5000028,0.5000028,0.9091564,0.9091564
A,baseline,63,24,24,2,2.903234e-6,0.5000028,0.5000028,0.9091564,0.9091564
A,baseline,64,24,24,2,2.903234e-6,0.5000028,0.5000028,0.9091564,0.9091564
A,baseline,65,24,24,2,2.903234e-6,0.5000028,0.5000028,0.9091564,0.9091564
A,baseline,66,24,24,2,2.903234e-6,0.5000028,0.5000028,0.9091564,0.9091564
A,baseline,67,24,24,2,2.0546909e-6,0.5000023,0.5000023,0.90915614,0.90915614
A,baseline,68,24,24,2,1.1920873e-7,0.50000125,0.50000125,0.90915555,0.90915555
A,baseline,69,24,24,2,1.465494e-14,0.50000125,0.50000125,0.90915555,0.90915555
A,baseline,70,24,24,2,1.465494e-14,0.50000125,0.50000125,0.90915555,0.90915555
A,baseline,71,24,24,2,1.465494e-14,0.50000125,0.50000125,0.90915555,0.90915555
A,baseline,72,24,24,2,1.465494e-14,0.50000125,0.50000125,0.90915555,0.90915555
A,baseline,73,24,24,2,1.192104e-7,0.50000125,0.50000125,0.90915555,0.90915555
A,baseline,74,24,24,2,3.5762642e-7,0.50000125,0.50000125,0.90915555,0.90915555
A,baseline,75,24,24,2,3.5832423e-7,0.50000125,0.50000125,0.90915555,0.90915555
A,baseline,76,24,24,2,3.5762642e-7,0.50000125,0.50000125,0.90915555,0.90915555
A,baseline,77,24,24,2,3.5762642e-7,0.50000125,0.50000125,0.90915555,0.90915555
A,baseline,78,24,24,2,6.080368e-6,0.50000477,0.50000477,0.90915734,0.90915734
A,baseline,78,24,24,3,6.080368e-6,0.50000226,0.50000226,0.9091561,0.9091561
A,baseline,78,25,24,3,5.6996937e-6,0.50000215,0.50000215,0.909156,0.909156
A,baseline,78,26,24,3,5.6996937e-6,0.50000215,0.50000215,0.909156,0.909156
A,baseline,59,27,24,2,2.9657697e-6,0.50000155,0.50000155,0.9091557,0.9091557
A,baseline,78,27,24,3,5.6996937e-6,0.50000215,0.50000215,0.909156,0.909156
A,baseline,78,32,24,3,5.6996937e-6,0.50000215,0.50000215,0.909156,0.909156
A,baseline,78,33,24,3,5.6996937e-6,0.50000215,0.50000215,0.909156,0.909156
A,baseline,78,34,24,3,5.6996937e-6,0.50000215,0.50000215,0.909156,0.909156
A,baseline,78,35,24,3,5.6996937e-6,0.50000215,0.50000215,0.909156,0.909156
A,baseline,78,36,24,3,5.6904355e-6,0.50000215,0.50000215,0.909156,0.909156
A,baseline,78,37,24,3,5.6996937e-6,0.50000215,0.50000215,0.909156,0.909156
A,baseline,78,38,24,3,5.6996937e-6,0.50000215,0.50000215,0.909156,0.909156
A,baseline,78,39,24,3,5.6904355e-6,0.50000215,0.50000215,0.909156,0.909156
A,baseline,78,40,24,3,5.6996937e-6,0.50000215,0.50000215,0.909156,0.909156
A,baseline,78,41,24,3,5.6996937e-6,0.50000215,0.50000215,0.909156,0.909156
A,baseline,78,42,24,3,5.6996937e-6,0.50000215,0.50000215,0.909156,0.909156
A,baseline,78,48,24,2,5.6996937e-6,0.50000215,0.50000215,0.909156,0.909156
A,baseline,78,48,24,3,5.6996937e-6,0.50000215,0.50000215,0.909156,0.909156
A,baseline,78,49,24,3,5.6996937e-6,0.50000215,0.50000215,0.909156,0.909156
A,baseline,78,50,24,3,5.6996937e-6,0.50000215,0.50000215,0.909156,0.909156
A,baseline,78,51,24,3,7.5108733e-6,0.50000316,0.50000316,0.9091565,0.9091565
A,baseline,68,24,25,2,1.9960991e-7,0.50000125,0.50000125,0.90915555,0.90915555
A,baseline,69,24,25,2,1.1920997e-7,0.50000125,0.50000125,0.90915555,0.90915555
A,baseline,70,24,25,2,1.465494e-14,0.50000125,0.50000125,0.90915555,0.90915555
A,baseline,71,24,25,2,1.465494e-14,0.50000125,0.50000125,0.90915555,0.90915555
A,baseline,72,24,25,2,1.465494e-14,0.50000125,0.50000125,0.90915555,0.90915555
A,baseline,73,24,25,2,1.465494e-14,0.50000125,0.50000125,0.90915555,0.90915555
A,baseline,74,24,25,2,1.465494e-14,0.50000125,0.50000125,0.90915555,0.90915555
A,baseline,75,24,25,2,6.978281e-10,0.50000125,0.50000125,0.90915555,0.90915555
A,baseline,76,24,25,2,1.465494e-14,0.50000125,0.50000125,0.90915555,0.90915555
A,baseline,77,24,25,2,1.465494e-14,0.50000125,0.50000125,0.90915555,0.90915555
A,baseline,78,24,25,2,4.172892e-6,0.5000036,0.5000036,0.90915674,0.90915674
A,baseline,77,27,25,2,-8.9590395e-7,-0.5000003,-0.5000003,0.090844914,0.090844914
A,baseline,77,42,25,2,-8.9590395e-7,-0.5000003,-0.5000003,0.090844914,0.090844914
A,baseline,69,24,26,2,3.576277e-7,0.50000125,0.50000125,0.90915555,0.90915555
A,baseline,70,24,26,2,1.465494e-14,0.50000125,0.50000125,0.90915555,0.90915555
A,baseline,71,24,26,2,1.465494e-14,0.50000125,0.50000125,0.90915555,0.90915555
A,baseline,72,24,26,2,1.465494e-14,0.50000125,0.50000125,0.90915555,0.90915555
A,baseline,73,24,26,2,1.465494e-14,0.50000125,0.50000125,0.90915555,0.90915555
A,baseline,74,24,26,2,1.465494e-14,0.50000125,0.50000125,0.90915555,0.90915555
A,baseline,75,24,26,2,6.978281e-10,0.50000125,0.50000125,0.90915555,0.90915555
A,baseline,76,24,26,2,1.465494e-14,0.50000125,0.50000125,0.90915555,0.90915555
A,baseline,77,24,26,2,1.551644e-10,0.50000125,0.50000125,0.90915555,0.90915555
A,baseline,78,24,26,2,1.1978966e-7,0.50000125,0.50000125,0.90915555,0.90915555
A,baseline,79,24,26,2,1.19208096e-7,0.50000125,0.50000125,0.90915555,0.90915555
A,baseline,80,24,26,2,1.19208096e-7,0.50000125,0.50000125,0.90915555,0.90915555
A,baseline,81,24,26,2,3.2186485e-6,0.50000304,0.50000304,0.9091565,0.9091565
A,baseline,69,24,27,1,1.7888362e-6,0.5000005,0.5000005,0.9091552,0.9091552
A,baseline,69,24,27,2,1.7888362e-6,0.50000215,0.50000215,0.909156,0.909156
A,baseline,70,24,27,2,1.7888362e-6,0.50000215,0.50000215,0.909156,0.909156
A,baseline,71,24,27,2,1.788836e-6,0.50000215,0.50000215,0.909156,0.909156
A,baseline,72,24,27,2,3.5832338e-7,0.50000125,0.50000125,0.90915555,0.90915555
A,baseline,73,24,27,2,6.978281e-10,0.50000125,0.50000125,0.90915555,0.90915555
A,baseline,74,24,27,2,6.978281e-10,0.50000125,0.50000125,0.90915555,0.90915555
A,baseline,75,24,27,2,6.978294e-10,0.50000125,0.50000125,0.90915555,0.90915555
A,baseline,76,24,27,2,5.815838e-10,0.50000125,0.50000125,0.90915555,0.90915555
A,baseline,77,24,27,2,5.8158667e-10,0.50000125,0.50000125,0.90915555,0.90915555
A,baseline,78,24,27,2,2.1309806e-14,0.50000125,0.50000125,0.90915555,0.90915555
A,baseline,79,24,27,2,5.8158184e-10,0.50000125,0.50000125,0.90915555,0.90915555
A,baseline,80,24,27,2,5.8158534e-10,0.50000125,0.50000125,0.90915555,0.90915555
A,baseline,81,24,27,2,3.5832474e-7,0.50000125,0.50000125,0.90915555,0.90915555
A,baseline,82,24,27,2,3.583248e-7,0.50000125,0.50000125,0.90915555,0.90915555
A,baseline,83,24,27,2,3.583248e-7,0.50000125,0.50000125,0.90915555,0.90915555
A,baseline,84,24,27,2,3.5797606e-7,0.50000125,0.50000125,0.90915555,0.90915555
A,baseline,85,24,27,2,3.5832502e-7,0.50000125,0.50000125,0.90915555,0.90915555
A,baseline,69,25,27,1,1.4081597e-6,0.50000036,0.50000036,0.90915513,0.90915513
A,baseline,69,26,27,1,1.4081597e-6,0.50000036,0.50000036,0.90915513,0.90915513
A,baseline,84,26,27,3,4.7460217e-6,0.50000095,0.50000095,0.9091554,0.9091554
A,baseline,69,27,27,1,1.4081597e-6,0.50000036,0.50000036,0.90915513,0.90915513
A,baseline,84,27,27,3,7.1302056e-6,0.5000024,0.5000024,0.90915614,0.90915614
A,baseline,69,28,27,1,1.4081597e-6,0.50000036,0.50000036,0.90915513,0.90915513
A,baseline,84,28,27,3,4.746016e-6,0.50000095,0.50000095,0.9091554,0.9091554
A,baseline,69,29,27,1,1.4081597e-6,0.50000036,0.50000036,0.90915513,0.90915513
A,baseline,69,30,27,1,1.4081597e-6,0.50000036,0.50000036,0.90915513,0.90915513
A,baseline,69,31,27,1,1.4081597e-6,0.50000036,0.50000036,0.90915513,0.90915513
A,baseline,69,32,27,1,1.4081597e-6,0.50000036,0.50000036,0.90915513,0.90915513
A,baseline,69,33,27,1,1.4081597e-6,0.50000036,0.50000036,0.90915513,0.90915513
A,baseline,69,42,27,1,1.4081597e-6,0.50000036,0.50000036,0.90915513,0.90915513
A,baseline,69,43,27,1,1.4081597e-6,0.50000036,0.50000036,0.90915513,0.90915513
A,baseline,69,44,27,1,1.4081597e-6,0.50000036,0.50000036,0.90915513,0.90915513
A,baseline,69,45,27,1,1.4081597e-6,0.50000036,0.50000036,0.90915513,0.90915513
A,baseline,69,46,27,1,1.4081597e-6,0.50000036,0.50000036,0.90915513,0.90915513
A,baseline,84,46,27,3,7.1302056e-6,0.5000024,0.5000024,0.90915614,0.90915614
A,baseline,69,47,27,1,1.4081597e-6,0.50000036,0.50000036,0.90915513,0.90915513
A,baseline,69,48,27,1,1.4081597e-6,0.50000036,0.50000036,0.90915513,0.90915513
A,baseline,69,49,27,1,1.4081597e-6,0.50000036,0.50000036,0.90915513,0.90915513
A,baseline,69,50,27,1,1.4081597e-6,0.50000036,0.50000036,0.90915513,0.90915513
A,baseline,84,50,27,3,7.0780525e-6,0.5000024,0.5000024,0.90915614,0.90915614
A,baseline,69,51,27,1,3.2193461e-6,0.5000014,0.5000014,0.90915567,0.90915567
A,baseline,84,51,27,3,8.940685e-6,0.5000034,0.5000034,0.9091566,0.9091566
A,baseline,72,24,28,2,3.5762628e-7,0.50000125,0.50000125,0.90915555,0.90915555
A,baseline,73,24,28,2,1.1921031e-7,0.50000125,0.50000125,0.90915555,0.90915555
A,baseline,74,24,28,2,1.1921031e-7,0.50000125,0.50000125,0.90915555,0.90915555
A,baseline,75,24,28,2,1.1967529e-7,0.50000125,0.50000125,0.90915555,0.90915555
A,baseline,76,24,28,2,1.5516073e-10,0.50000125,0.50000125,0.90915555,0.90915555
A,baseline,77,24,28,2,1.465494e-14,0.50000125,0.50000125,0.90915555,0.90915555
A,baseline,78,24,28,2,4.652206e-10,0.50000125,0.50000125,0.90915555,0.90915555
A,baseline,79,24,28,2,1.551594e-10,0.50000125,0.50000125,0.90915555,0.90915555
A,baseline,80,24,28,2,1.465494e-14,0.50000125,0.50000125,0.90915555,0.90915555
A,baseline,81,24,28,2,1.465494e-14,0.50000125,0.50000125,0.90915555,0.90915555
A,baseline,82,24,28,2,1.465494e-14,0.50000125,0.50000125,0.90915555,0.90915555
A,baseline,83,24,28,2,1.465494e-14,0.50000125,0.50000125,0.90915555,0.90915555
A,baseline,84,24,28,2,1.465494e-14,0.50000125,0.50000125,0.90915555,0.90915555
A,baseline,85,24,28,2,1.1921213e-7,0.50000125,0.50000125,0.90915555,0.90915555
A,baseline,75,24,29,2,3.580922e-7,0.50000125,0.50000125,0.90915555,0.90915555
A,baseline,76,24,29,2,1.465494e-14,0.50000125,0.50000125,0.90915555,0.90915555
A,baseline,77,24,29,2,1.5516406e-10,0.50000125,0.50000125,0.90915555,0.90915555
A,baseline,78,24,29,2,4.6522217e-10,0.50000125,0.50000125,0.90915555,0.90915555
A,baseline,79,24,29,2,1.465494e-14,0.50000125,0.50000125,0.90915555,0.90915555
A,baseline,80,24,29,2,1.465494e-14,0.50000125,0.50000125,0.90915555,0.90915555
A,baseline,81,24,29,2,1.465494e-14,0.50000125,0.50000125,0.90915555,0.90915555
A,baseline,82,24,29,2,1.465494e-14,0.50000125,0.50000125,0.90915555,0.90915555
A,baseline,83,24,29,2,1.465494e-14,0.50000125,0.50000125,0.90915555,0.90915555
A,baseline,84,24,29,2,1.465494e-14,0.50000125,0.50000125,0.90915555,0.90915555
A,baseline,85,24,29,2,3.973718e-8,0.50000125,0.50000125,0.90915555,0.90915555
A,baseline,86,24,29,2,1.1920859e-7,0.50000125,0.50000125,0.90915555,0.90915555
A,baseline,87,24,29,2,1.19208615e-7,0.50000125,0.50000125,0.90915555,0.90915555
A,baseline,88,24,29,2,1.9872148e-7,0.50000125,0.50000125,0.90915555,0.90915555
A,baseline,78,27,29,2,-6.6170364e-6,-0.50000274,-0.50000274,0.09084369,0.09084369
A,baseline,75,24,30,2,2.5033937e-6,0.50000256,0.50000256,0.90915626,0.90915626
A,baseline,76,24,30,2,2.503975e-6,0.50000256,0.50000256,0.90915626,0.90915626
A,baseline,77,24,30,2,2.503975e-6,0.50000256,0.50000256,0.90915626,0.90915626
A,baseline,78,24,30,2,3.5832275e-7,0.50000125,0.50000125,0.90915555,0.90915555
A,baseline,79,24,30,2,6.978274e-10,0.50000125,0.50000125,0.90915555,0.90915555
A,baseline,80,24,30,2,6.978274e-10,0.50000125,0.50000125,0.90915555,0.90915555
A,baseline,81,24,30,2,6.978274e-10,0.50000125,0.50000125,0.90915555,0.90915555
A,baseline,82,24,30,2,6.978274e-10,0.50000125,0.50000125,0.90915555,0.90915555
A,baseline,83,24,30,2,6.978274e-10,0.50000125,0.50000125,0.90915555,0.90915555
A,baseline,84,24,30,2,3.4909756e-10,0.50000125,0.50000125,0.90915555,0.90915555
A,baseline,85,24,30,2,6.978274e-10,0.50000125,0.50000125,0.90915555,0.90915555
A,baseline,86,24,30,2,6.978274e-10,0.50000125,0.50000125,0.90915555,0.90915555
A,baseline,87,24,30,2,6.978274e-10,0.50000125,0.50000125,0.90915555,0.90915555
A,baseline,88,24,30,2,1.1990828e-7,0.50000125,0.50000125,0.90915555,0.90915555
A,baseline,89,24,30,2,3.5832443e-7,0.50000125,0.50000125,0.90915555,0.90915555
A,baseline,90,24,30,2,1.936767e-6,0.5000022,0.5000022,0.909156,0.909156
A,baseline,82,27,30,2,-8.9546097e-7,-0.50000024,-0.50000024,0.090844944,0.090844944
A,baseline,84,29,30,3,-7.1749087e-6,-0.5000011,-0.5000011,0.09084453,0.09084453
A,baseline,84,30,30,3,-7.1749087e-6,-0.5000017,-0.5000017,0.0908442,0.0908442
A,baseline,84,31,30,3,-7.1749087e-6,-0.5000017,-0.5000017,0.0908442,0.0908442
A,baseline,84,32,30,3,-7.1749087e-6,-0.5000017,-0.5000017,0.0908442,0.0908442
A,baseline,84,33,30,3,-7.1749087e-6,-0.5000017,-0.5000017,0.0908442,0.0908442
A,baseline,84,34,30,3,-7.1749087e-6,-0.5000017,-0.5000017,0.0908442,0.0908442
A,baseline,84,35,30,3,-7.1749087e-6,-0.5000017,-0.5000017,0.0908442,0.0908442
A,baseline,84,36,30,3,-7.1749087e-6,-0.5000017,-0.5000017,0.0908442,0.0908442
A,baseline,84,37,30,3,-7.1749087e-6,-0.5000017,-0.5000017,0.0908442,0.0908442
A,baseline,84,38,30,3,-7.1749087e-6,-0.5000017,-0.5000017,0.0908442,0.0908442
A,baseline,84,39,30,3,-7.1749087e-6,-0.5000017,-0.5000017,0.0908442,0.0908442
A,baseline,84,40,30,3,-7.1749087e-6,-0.5000017,-0.5000017,0.0908442,0.0908442
A,baseline,84,41,30,3,-7.1749087e-6,-0.5000017,-0.5000017,0.0908442,0.0908442
A,baseline,84,42,30,3,-7.1749087e-6,-0.5000017,-0.5000017,0.0908442,0.0908442
A,baseline,84,43,30,3,-7.1749087e-6,-0.5000017,-0.5000017,0.0908442,0.0908442
A,baseline,84,44,30,3,-7.1749087e-6,-0.5000017,-0.5000017,0.0908442,0.0908442
A,baseline,87,45,30,2,-2.1681187e-6,-0.50000083,-0.50000083,0.090844646,0.090844646
A,baseline,78,24,31,2,3.5832366e-7,0.50000125,0.50000125,0.90915555,0.90915555
A,baseline,79,24,31,2,1.1921065e-7,0.50000125,0.50000125,0.90915555,0.90915555
A,baseline,80,24,31,2,1.1921065e-7,0.50000125,0.50000125,0.90915555,0.90915555
A,baseline,81,24,31,2,1.1921065e-7,0.50000125,0.50000125,0.90915555,0.90915555
A,baseline,82,24,31,2,1.1921065e-7,0.50000125,0.50000125,0.90915555,0.90915555
A,baseline,83,24,31,2,3.9736744e-8,0.50000125,0.50000125,0.90915555,0.90915555
A,baseline,84,24,31,2,1.465494e-14,0.50000125,0.50000125,0.90915555,0.90915555
A,baseline,85,24,31,2,1.465494e-14,0.50000125,0.50000125,0.90915555,0.90915555
A,baseline,86,24,31,2,1.465494e-14,0.50000125,0.50000125,0.90915555,0.90915555
A,baseline,87,24,31,2,1.465494e-14,0.50000125,0.50000125,0.90915555,0.90915555
A,baseline,88,24,31,2,1.465494e-14,0.50000125,0.50000125,0.90915555,0.90915555
A,baseline,89,24,31,2,1.465494e-14,0.50000125,0.50000125,0.90915555,0.90915555
A,baseline,90,24,31,2,1.4109792e-6,0.5000019,0.5000019,0.9091559,0.9091559
A,baseline,83,24,32,2,1.2165467e-7,0.50000125,0.50000125,0.90915555,0.90915555
A,baseline,84,24,32,2,1.465494e-14,0.50000125,0.50000125,0.90915555,0.90915555
A,baseline,85,24,32,2,1.465494e-14,0.50000125,0.50000125,0.90915555,0.90915555
A,baseline,86,24,32,2,1.465494e-14,0.50000125,0.50000125,0.90915555,0.90915555
A,baseline,87,24,32,2,1.465494e-14,0.50000125,0.50000125,0.90915555,0.90915555
A,baseline,88,24,32,2,1.465494e-14,0.50000125,0.50000125,0.90915555,0.90915555
A,baseline,89,24,32,2,1.5516351e-10,0.50000125,0.50000125,0.90915555,0.90915555
A,baseline,90,24,32,2,1.2013511e-7,0.50000125,0.50000125,0.90915555,0.90915555
A,baseline,91,24,32,2,1.9961095e-7,0.50000125,0.50000125,0.90915555,0.90915555
A,baseline,85,27,32,2,-8.959039e-7,-0.5000003,-0.5000003,0.090844914,0.090844914
A,baseline,83,24,33,2,3.2223172e-6,0.50000304,0.50000304,0.9091565,0.9091565
A,baseline,84,24,33,2,3.576242e-7,0.50000125,0.50000125,0.90915555,0.90915555
A,baseline,85,24,33,2,1.465494e-14,0.50000125,0.50000125,0.90915555,0.90915555
A,baseline,86,24,33,2,1.465494e-14,0.50000125,0.50000125,0.90915555,0.90915555
A,baseline,87,24,33,2,1.465494e-14,0.50000125,0.50000125,0.90915555,0.90915555
A,baseline,88,24,33,2,1.465494e-14,0.50000125,0.50000125,0.90915555,0.90915555
A,baseline,89,24,33,2,1.465494e-14,0.50000125,0.50000125,0.90915555,0.90915555
A,baseline,90,24,33,2,1.465494e-14,0.50000125,0.50000125,0.90915555,0.90915555
A,baseline,91,24,33,2,1.1921242e-7,0.50000125,0.50000125,0.90915555,0.90915555
A,baseline,92,24,33,2,3.85768e-7,0.5000013,0.5000013,0.9091556,0.9091556
A,baseline,93,24,33,2,6.1218793e-6,0.50000477,0.50000477,0.90915734,0.90915734
A,baseline,93,24,33,3,6.1218793e-6,0.50000036,0.50000036,0.90915513,0.90915513
A,baseline,93,25,33,3,5.518541e-6,0.5000002,0.5000002,0.9091551,0.9091551
A,baseline,87,27,33,2,-5.3165013e-6,-0.50000304,-0.50000304,0.09084354,0.09084354
A,baseline,84,48,33,2,2.8610204e-6,0.5000004,0.5000004,0.9091552,0.9091552
A,baseline,84,24,34,2,3.5762542e-7,0.50000125,0.50000125,0.90915555,0.90915555
A,baseline,85,24,34,2,1.1921013e-7,0.50000125,0.50000125,0.90915555,0.90915555
A,baseline,86,24,34,2,3.9735887e-8,0.50000125,0.50000125,0.90915555,0.90915555
A,baseline,87,24,34,2,1.465494e-14,0.50000125,0.50000125,0.90915555,0.90915555
A,baseline,88,24,34,2,1.465494e-14,0.50000125,0.50000125,0.90915555,0.90915555
A,baseline,89,24,34,2,1.465494e-14,0.50000125,0.50000125,0.90915555,0.90915555
A,baseline,90,24,34,2,1.465494e-14,0.50000125,0.50000125,0.90915555,0.90915555
A,baseline,91,24,34,2,3.9737934e-8,0.50000125,0.50000125,0.90915555,0.90915555
A,baseline,92,24,34,2,1.1921013e-7,0.50000125,0.50000125,0.90915555,0.90915555
A,baseline,93,24,34,2,6.0796674e-6,0.50000477,0.50000477,0.90915734,0.90915734
A,baseline,86,24,35,2,1.5212487e-7,0.5000013,0.5000013,0.9091556,0.9091556
A,baseline,87,24,35,2,1.465494e-14,0.50000125,0.50000125,0.90915555,0.90915555
A,baseline,88,24,35,2,1.465494e-14,0.50000125,0.50000125,0.90915555,0.90915555
A,baseline,89,24,35,2,1.465494e-14,0.50000125,0.50000125,0.90915555,0.90915555
A,baseline,90,24,35,2,1.465494e-14,0.50000125,0.50000125,0.90915555,0.90915555
A,baseline,91,24,35,2,1.1921287e-7,0.50000125,0.50000125,0.90915555,0.90915555
A,baseline,86,24,36,2,3.983281e-6,0.50000346,0.50000346,0.9091567,0.9091567
A,baseline,87,24,36,2,3.9339047e-6,0.50000346,0.50000346,0.9091567,0.9091567
A,baseline,88,24,36,2,3.9339047e-6,0.50000346,0.50000346,0.9091567,0.9091567
A,baseline,89,24,36,2,3.9339047e-6,0.50000346,0.50000346,0.9091567,0.9091567
A,baseline,90,24,36,2,3.9339047e-6,0.50000346,0.50000346,0.9091567,0.9091567
A,baseline,91,24,36,2,3.9339047e-6,0.50000346,0.50000346,0.9091567,0.9091567
A,seed1_plus_1e-8,62,24,21,2,5.1358086e-7,0.5000013,0.5000013,0.9091556,0.9091556
A,seed1_plus_1e-8,63,24,21,2,5.6768016e-7,0.5000014,0.5000014,0.90915567,0.90915567
A,seed1_plus_1e-8,64,24,21,2,3.1488733e-7,0.50000125,0.50000125,0.90915555,0.90915555
A,seed1_plus_1e-8,65,24,21,2,2.9977906e-7,0.500001,0.500001,0.9091554,0.9091554
A,seed1_plus_1e-8,66,24,21,2,3.845205e-7,0.500001,0.500001,0.9091554,0.9091554
A,seed1_plus_1e-8,67,24,21,2,4.5059764e-7,0.5000011,0.5000011,0.9091555,0.9091555
A,seed1_plus_1e-8,68,24,21,2,5.1551774e-7,0.5000013,0.5000013,0.9091556,0.9091556
A,seed1_plus_1e-8,69,24,21,2,-3.542331e-7,0.5000011,-0.5000011,0.09084453,0.9091555
A,seed1_plus_1e-8,63,37,21,3,5.6351087e-6,0.5000012,0.5000012,0.90915555,0.90915555
A,seed1_plus_1e-8,63,38,21,3,5.566297e-6,0.50000113,0.50000113,0.90915555,0.90915555
A,seed1_plus_1e-8,64,39,21,2,1.1051289e-7,0.50000054,0.50000054,0.9091552,0.9091552
A,seed1_plus_1e-8,62,24,22,2,5.333083e-8,0.50000125,0.50000125,0.90915555,0.90915555
A,seed1_plus_1e-8,63,24,22,2,3.605487e-7,0.5000013,0.5000013,0.9091556,0.9091556
A,seed1_plus_1e-8,64,24,22,2,-6.569311e-8,0.50000125,-0.50000125,0.09084444,0.90915555
A,seed1_plus_1e-8,65,24,22,2,-1.8017789e-7,0.5000013,-0.5000013,0.09084441,0.9091556
A,seed1_plus_1e-8,66,24,22,2,-1.12584836e-7,0.500001,-0.500001,0.09084456,0.9091554
A,seed1_plus_1e-8,67,24,22,2,-1.744763e-7,0.50000125,-0.50000125,0.09084444,0.90915555
A,seed1_plus_1e-8,68,24,22,2,8.9714526e-8,0.50000143,0.50000143,0.90915567,0.90915567
A,seed1_plus_1e-8,69,24,22,2,3.3985148e-7,0.5000012,0.5000012,0.90915555,0.90915555
A,seed1_plus_1e-8,62,24,23,2,-1.6066771e-8,0.5000012,-0.5000012,0.09084447,0.90915555
A,seed1_plus_1e-8,63,24,23,2,-2.1243456e-7,0.50000125,-0.50000125,0.09084444,0.90915555
A,seed1_plus_1e-8,64,24,23,2,-9.560124e-8,0.50000125,-0.50000125,0.09084444,0.90915555
A,seed1_plus_1e-8,65,24,23,2,1.5534629e-7,0.50000143,0.50000143,0.90915567,0.90915567
A,seed1_plus_1e-8,66,24,23,2,2.7453305e-7,0.5000014,0.5000014,0.90915567,0.90915567
A,seed1_plus_1e-8,67,24,23,2,-1.2163777e-7,0.5000014,-0.5000014,0.09084438,0.90915567
A,seed1_plus_1e-8,68,24,23,2,1.420806e-7,0.50000125,0.50000125,0.90915555,0.90915555
A,seed1_plus_1e-8,69,24,23,2,1.5668988e-7,0.5000014,0.5000014,0.90915567,0.90915567
A,seed1_plus_1e-8,70,24,23,2,1.8912478e-7,0.5000013,0.5000013,0.9091556,0.9091556
A,seed1_plus_1e-8,71,24,23,2,-3.8631938e-9,0.5000013,-0.5000013,0.09084441,0.9091556
A,seed1_plus_1e-8,72,24,23,2,4.2467626e-8,0.5000012,0.5000012,0.90915555,0.90915555
A,seed1_plus_1e-8,73,24,23,2,3.8504757e-7,0.50000143,0.50000143,0.90915567,0.90915567
A,seed1_plus_1e-8,62,24,24,2,3.0585238e-6,0.50000304,0.50000304,0.9091565,0.9091565
A,seed1_plus_1e-8,63,24,24,2,2.616532e-6,0.5000033,0.5000033,0.9091566,0.9091566
A,seed1_plus_1e-8,64,24,24,2,2.4439244e-6,0.5000026,0.5000026,0.90915626,0.90915626
A,seed1_plus_1e-8,65,24,24,2,2.8474867e-6,0.5000026,0.5000026,0.90915626,0.90915626
A,seed1_plus_1e-8,66,24,24,2,3.0736005e-6,0.5000029,0.5000029,0.9091564,0.9091564
A,seed1_plus_1e-8,67,24,24,2,2.0514065e-6,0.5000025,0.5000025,0.9091562,0.9091562
A,seed1_plus_1e-8,68,24,24,2,-2.0749148e-7,0.5000011,-0.5000011,0.09084453,0.9091555
A,seed1_plus_1e-8,69,24,24,2,-2.6016403e-8,0.50000113,-0.50000113,0.0908445,0.90915555
A,seed1_plus_1e-8,70,24,24,2,4.0509427e-8,0.5000013,0.5000013,0.9091556,0.9091556
A,seed1_plus_1e-8,71,24,24,2,2.1610814e-8,0.5000013,0.5000013,0.9091556,0.9091556
A,seed1_plus_1e-8,72,24,24,2,2.2496491e-7,0.5000013,0.5000013,0.9091556,0.9091556
A,seed1_plus_1e-8,73,24,24,2,4.1916672e-7,0.5000013,0.5000013,0.9091556,0.9091556
A,seed1_plus_1e-8,74,24,24,2,2.8180787e-7,0.5000014,0.5000014,0.90915567,0.90915567
A,seed1_plus_1e-8,75,24,24,2,1.7580886e-7,0.5000012,0.5000012,0.90915555,0.90915555
A,seed1_plus_1e-8,76,24,24,2,1.7171308e-7,0.5000015,0.5000015,0.90915567,0.90915567
A,seed1_plus_1e-8,77,24,24,2,1.0927771e-7,0.5000012,0.5000012,0.90915555,0.90915555
A,seed1_plus_1e-8,78,24,24,2,6.1938267e-6,0.5000049,0.5000049,0.9091574,0.9091574
A,seed1_plus_1e-8,78,24,24,3,6.1938267e-6,0.50000226,0.50000226,0.9091561,0.9091561
A,seed1_plus_1e-8,78,25,24,3,5.5550922e-6,0.50000226,0.50000226,0.9091561,0.9091561
A,seed1_plus_1e-8,78,26,24,3,5.6481426e-6,0.50000244,0.50000244,0.90915614,0.90915614
A,seed1_plus_1e-8,59,27,24,2,2.9058722e-6,0.50000155,0.50000155,0.9091557,0.9091557
A,seed1_plus_1e-8,78,27,24,3,5.470504e-6,0.500002,0.500002,0.90915596,0.90915596
A,seed1_plus_1e-8,78,32,24,3,5.7542775e-6,0.500002,0.500002,0.90915596,0.90915596
A,seed1_plus_1e-8,78,33,24,3,6.0601196e-6,0.50000244,0.50000244,0.90915614,0.90915614
A,seed1_plus_1e-8,78,34,24,3,5.6817867e-6,0.50000215,0.50000215,0.909156,0.909156
A,seed1_plus_1e-8,78,35,24,3,5.877641e-6,0.50000215,0.50000215,0.909156,0.909156
A,seed1_plus_1e-8,78,36,24,3,5.920627e-6,0.5000026,0.5000026,0.90915626,0.90915626
A,seed1_plus_1e-8,78,37,24,3,5.831113e-6,0.50000226,0.50000226,0.9091561,0.9091561
A,seed1_plus_1e-8,78,38,24,3,5.468885e-6,0.5000021,0.5000021,0.909156,0.909156
A,seed1_plus_1e-8,78,39,24,3,5.3639287e-6,0.50000215,0.50000215,0.909156,0.909156
A,seed1_plus_1e-8,78,40,24,3,5.506247e-6,0.500002,0.500002,0.90915596,0.90915596
A,seed1_plus_1e-8,78,41,24,3,5.8160304e-6,0.5000022,0.5000022,0.909156,0.909156
A,seed1_plus_1e-8,78,42,24,3,5.577665e-6,0.500002,0.500002,0.90915596,0.90915596
A,seed1_plus_1e-8,78,48,24,2,5.5193827e-6,0.50000215,0.50000215,0.909156,0.909156
A,seed1_plus_1e-8,78,48,24,3,5.5193827e-6,0.50000215,0.50000215,0.909156,0.909156
A,seed1_plus_1e-8,78,49,24,3,5.7041234e-6,0.50000226,0.50000226,0.9091561,0.9091561
A,seed1_plus_1e-8,78,50,24,3,5.499969e-6,0.50000185,0.50000185,0.9091559,0.9091559
A,seed1_plus_1e-8,78,51,24,3,6.9138905e-6,0.5000027,0.5000027,0.90915626,0.90915626
A,seed1_plus_1e-8,68,24,25,2,-9.096404e-8,0.5000013,-0.5000013,0.09084441,0.9091556
A,seed1_plus_1e-8,69,24,25,2,8.6924786e-8,0.50000095,0.50000095,0.9091554,0.9091554
A,seed1_plus_1e-8,70,24,25,2,-9.2666085e-8,0.5000012,-0.5000012,0.09084447,0.90915555
A,seed1_plus_1e-8,71,24,25,2,6.4470946e-8,0.50000125,0.50000125,0.90915555,0.90915555
A,seed1_plus_1e-8,72,24,25,2,-4.5527946e-7,0.5000013,-0.5000013,0.09084441,0.9091556
A,seed1_plus_1e-8,73,24,25,2,4.8699604e-8,0.50000125,0.50000125,0.90915555,0.90915555
A,seed1_plus_1e-8,74,24,25,2,3.3713863e-7,0.5000014,0.5000014,0.90915567,0.90915567
A,seed1_plus_1e-8,75,24,25,2,7.2892625e-8,0.5000013,0.5000013,0.9091556,0.9091556
A,seed1_plus_1e-8,76,24,25,2,1.704695e-7,0.50000143,0.50000143,0.90915567,0.90915567
A,seed1_plus_1e-8,77,24,25,2,1.5555901e-7,0.5000013,0.5000013,0.9091556,0.9091556
A,seed1_plus_1e-8,78,24,25,2,4.6116456e-6,0.5000037,0.5000037,0.9091568,0.9091568
A,seed1_plus_1e-8,77,27,25,2,-8.8796133e-7,-0.5000002,-0.5000002,0.090844974,0.090844974
A,seed1_plus_1e-8,77,42,25,2,-9.110377e-7,-0.5000003,-0.5000003,0.090844914,0.090844914
A,seed1_plus_1e-8,69,24,26,2,1.5571512e-8,0.50000125,0.50000125,0.90915555,0.90915555
A,seed1_plus_1e-8,70,24,26,2,1.0493416e-8,0.5000013,0.5000013,0.9091556,0.9091556
A,seed1_plus_1e-8,71,24,26,2,-7.509476e-8,0.5000014,-0.5000014,0.09084438,0.90915567
A,seed1_plus_1e-8,72,24,26,2,-1.2966383e-7,0.50000125,-0.50000125,0.09084444,0.90915555
A,seed1_plus_1e-8,73,24,26,2,-1.16570256e-7,0.5000013,-0.5000013,0.09084441,0.9091556
A,seed1_plus_1e-8,74,24,26,2,-1.0735207e-7,0.50000143,-0.50000143,0.09084435,0.90915567
A,seed1_plus_1e-8,75,24,26,2,-1.0653164e-7,0.50000125,-0.50000125,0.09084444,0.90915555
A,seed1_plus_1e-8,76,24,26,2,4.4268056e-8,0.5000012,0.5000012,0.90915555,0.90915555
A,seed1_plus_1e-8,77,24,26,2,3.811522e-8,0.5000014,0.5000014,0.90915567,0.90915567
A,seed1_plus_1e-8,78,24,26,2,-1.6516121e-7,0.50000125,-0.50000125,0.09084444,0.90915555
A,seed1_plus_1e-8,79,24,26,2,3.289046e-7,0.50000155,0.50000155,0.9091557,0.9091557
A,seed1_plus_1e-8,80,24,26,2,1.5719958e-7,0.5000014,0.5000014,0.90915567,0.90915567
A,seed1_plus_1e-8,81,24,26,2,3.3753133e-6,0.50000316,0.50000316,0.9091565,0.9091565
A,seed1_plus_1e-8,69,24,27,1,1.7752818e-6,0.50000083,0.50000083,0.90915537,0.90915537
A,seed1_plus_1e-8,69,24,27,2,1.7752818e-6,0.50000226,0.50000226,0.9091561,0.9091561
A,seed1_plus_1e-8,70,24,27,2,1.8718351e-6,0.5000022,0.5000022,0.909156,0.909156
A,seed1_plus_1e-8,71,24,27,2,1.7939013e-6,0.50000215,0.50000215,0.909156,0.909156
A,seed1_plus_1e-8,72,24,27,2,3.4097674e-8,0.5000015,0.5000015,0.90915567,0.90915567
A,seed1_plus_1e-8,73,24,27,2,-5.7698e-9,0.5000013,-0.5000013,0.09084441,0.9091556
A,seed1_plus_1e-8,74,24,27,2,-1.7601333e-7,0.50000143,-0.50000143,0.09084435,0.90915567
A,seed1_plus_1e-8,75,24,27,2,1.6566752e-7,0.5000013,0.5000013,0.9091556,0.9091556
A,seed1_plus_1e-8,76,24,27,2,-4.2223596e-7,0.50000125,-0.50000125,0.09084444,0.90915555
A,seed1_plus_1e-8,77,24,27,2,-2.8684173e-7,0.50000125,-0.50000125,0.09084444,0.90915555
A,seed1_plus_1e-8,78,24,27,2,1.0742213e-7,0.5000014,0.5000014,0.90915567,0.90915567
A,seed1_plus_1e-8,79,24,27,2,4.016316e-7,0.50000155,0.50000155,0.9091557,0.9091557
A,seed1_plus_1e-8,80,24,27,2,4.119279e-7,0.5000015,0.5000015,0.90915567,0.90915567
A,seed1_plus_1e-8,81,24,27,2,5.6047656e-7,0.5000014,0.5000014,0.90915567,0.90915567
A,seed1_plus_1e-8,82,24,27,2,7.383583e-8,0.5000013,0.5000013,0.9091556,0.9091556
A,seed1_plus_1e-8,83,24,27,2,3.9611874e-7,0.50000125,0.50000125,0.90915555,0.90915555
A,seed1_plus_1e-8,84,24,27,2,6.2062594e-7,0.5000015,0.5000015,0.90915567,0.90915567
A,seed1_plus_1e-8,85,24,27,2,4.4230762e-7,0.5000014,0.5000014,0.90915567,0.90915567
A,seed1_plus_1e-8,69,25,27,1,1.2830943e-6,0.50000024,0.50000024,0.9091551,0.9091551
A,seed1_plus_1e-8,69,26,27,1,1.0605439e-6,0.50000024,0.50000024,0.9091551,0.9091551
A,seed1_plus_1e-8,84,26,27,3,4.9803834e-6,0.5000008,0.5000008,0.9091553,0.9091553
A,seed1_plus_1e-8,69,27,27,1,2.0051455e-6,0.5000002,0.5000002,0.9091551,0.9091551
A,seed1_plus_1e-8,84,27,27,3,7.11704e-6,0.50000215,0.50000215,0.909156,0.909156
A,seed1_plus_1e-8,69,28,27,1,9.861157e-7,0.5,0.5,0.90915495,0.90915495
A,seed1_plus_1e-8,84,28,27,3,4.89501e-6,0.50000066,0.50000066,0.9091553,0.9091553
A,seed1_plus_1e-8,69,29,27,1,1.1939419e-6,0.5000003,0.5000003,0.9091551,0.9091551
A,seed1_plus_1e-8,69,30,27,1,1.2354966e-6,0.50000024,0.50000024,0.9091551,0.9091551
A,seed1_plus_1e-8,69,31,27,1,1.5823521e-6,0.50000024,0.50000024,0.9091551,0.9091551
A,seed1_plus_1e-8,69,32,27,1,1.4237769e-6,0.5000002,0.5000002,0.9091551,0.9091551
A,seed1_plus_1e-8,69,33,27,1,8.8925873e-7,0.49999985,0.49999985,0.9091549,0.9091549
A,seed1_plus_1e-8,69,42,27,1,1.4313529e-6,0.50000024,0.50000024,0.9091551,0.9091551
A,seed1_plus_1e-8,69,43,27,1,1.5438358e-6,0.5000003,0.5000003,0.9091551,0.9091551
A,seed1_plus_1e-8,69,44,27,1,1.518183e-6,0.50000024,0.50000024,0.9091551,0.9091551
A,seed1_plus_1e-8,69,45,27,1,1.2732228e-6,0.50000024,0.50000024,0.9091551,0.9091551
A,seed1_plus_1e-8,69,46,27,1,1.5859034e-6,0.50000036,0.50000036,0.90915513,0.90915513
A,seed1_plus_1e-8,84,46,27,3,6.704984e-6,0.50000215,0.50000215,0.909156,0.909156
A,seed1_plus_1e-8,69,47,27,1,7.9137766e-7,0.5000001,0.5000001,0.909155,0.909155
A,seed1_plus_1e-8,69,48,27,1,2.0426205e-6,0.5000005,0.5000005,0.9091552,0.9091552
A,seed1_plus_1e-8,69,49,27,1,1.5602819e-6,0.50000036,0.50000036,0.90915513,0.90915513
A,seed1_plus_1e-8,69,50,27,1,1.5068719e-6,0.5000006,0.5000006,0.90915525,0.90915525
A,seed1_plus_1e-8,84,50,27,3,7.4607997e-6,0.5000026,0.5000026,0.90915626,0.90915626
A,seed1_plus_1e-8,69,51,27,1,3.219624e-6,0.50000143,0.50000143,0.90915567,0.90915567
A,seed1_plus_1e-8,84,51,27,3,8.992412e-6,0.5000034,0.5000034,0.9091566,0.9091566
A,seed1_plus_1e-8,72,24,28,2,3.8025308e-7,0.50000125,0.50000125,0.90915555,0.90915555
A,seed1_plus_1e-8,73,24,28,2,5.9228483e-10,0.50000125,0.50000125,0.90915555,0.90915555
A,seed1_plus_1e-8,74,24,28,2,-4.501549e-8,0.5000012,-0.5000012,0.09084447,0.90915555
A,seed1_plus_1e-8,75,24,28,2,1.9403178e-7,0.50000143,0.50000143,0.90915567,0.90915567
A,seed1_plus_1e-8,76,24,28,2,1.4559443e-8,0.50000125,0.50000125,0.90915555,0.90915555
A,seed1_plus_1e-8,77,24,28,2,-2.5672545e-8,0.50000143,-0.50000143,0.09084435,0.90915567
A,seed1_plus_1e-8,78,24,28,2,-1.80525e-7,0.5000012,-0.5000012,0.09084447,0.90915555
A,seed1_plus_1e-8,79,24,28,2,-1.7294063e-7,0.5000013,-0.5000013,0.09084441,0.9091556
A,seed1_plus_1e-8,80,24,28,2,1.5080207e-7,0.5000014,0.5000014,0.90915567,0.90915567
A,seed1_plus_1e-8,81,24,28,2,1.308537e-7,0.50000125,0.50000125,0.90915555,0.90915555
A,seed1_plus_1e-8,82,24,28,2,8.548508e-8,0.50000167,0.50000167,0.9091558,0.9091558
A,seed1_plus_1e-8,83,24,28,2,2.2107089e-7,0.50000143,0.50000143,0.90915567,0.90915567
A,seed1_plus_1e-8,84,24,28,2,7.808839e-8,0.5000017,0.5000017,0.9091558,0.9091558
A,seed1_plus_1e-8,85,24,28,2,4.0248392e-7,0.50000125,0.50000125,0.90915555,0.90915555
A,seed1_plus_1e-8,75,24,29,2,1.414033e-7,0.50000113,0.50000113,0.90915555,0.90915555
A,seed1_plus_1e-8,76,24,29,2,2.0627853e-7,0.50000125,0.50000125,0.90915555,0.90915555
A,seed1_plus_1e-8,77,24,29,2,7.003176e-8,0.5000012,0.5000012,0.90915555,0.90915555
A,seed1_plus_1e-8,78,24,29,2,4.9314306e-8,0.50000125,0.50000125,0.90915555,0.90915555
A,seed1_plus_1e-8,79,24,29,2,-1.7349286e-7,0.5000012,-0.5000012,0.09084447,0.90915555
A,seed1_plus_1e-8,80,24,29,2,1.02544625e-7,0.5000014,0.5000014,0.90915567,0.90915567
A,seed1_plus_1e-8,81,24,29,2,1.4239284e-7,0.5000013,0.5000013,0.9091556,0.9091556
A,seed1_plus_1e-8,82,24,29,2,2.4398463e-7,0.50000143,0.50000143,0.90915567,0.90915567
A,seed1_plus_1e-8,83,24,29,2,9.002558e-8,0.5000014,0.5000014,0.90915567,0.90915567
A,seed1_plus_1e-8,84,24,29,2,-3.5728294e-7,0.50000113,-0.50000113,0.0908445,0.90915555
A,seed1_plus_1e-8,85,24,29,2,1.575031e-7,0.5000013,0.5000013,0.9091556,0.9091556
A,seed1_plus_1e-8,86,24,29,2,9.352357e-8,0.5000013,0.5000013,0.9091556,0.9091556
A,seed1_plus_1e-8,87,24,29,2,5.1588745e-7,0.50000113,0.50000113,0.90915555,0.90915555
A,seed1_plus_1e-8,88,24,29,2,2.9173992e-7,0.5000015,0.5000015,0.90915567,0.90915567
A,seed1_plus_1e-8,78,27,29,2,-6.3837097e-6,-0.5000027,-0.5000027,0.09084372,0.09084372
A,seed1_plus_1e-8,75,24,30,2,2.321429e-6,0.5000024,0.5000024,0.90915614,0.90915614
A,seed1_plus_1e-8,76,24,30,2,2.3898285e-6,0.5000024,0.5000024,0.90915614,0.90915614
A,seed1_plus_1e-8,77,24,30,2,2.5545926e-6,0.5000025,0.5000025,0.9091562,0.9091562
A,seed1_plus_1e-8,78,24,30,2,6.2236677e-7,0.5000013,0.5000013,0.9091556,0.9091556
A,seed1_plus_1e-8,79,24,30,2,4.9856624e-7,0.5000013,0.5000013,0.9091556,0.9091556
A,seed1_plus_1e-8,80,24,30,2,-1.5653818e-7,0.5000009,-0.5000009,0.09084462,0.9091554
A,seed1_plus_1e-8,81,24,30,2,-1.5007998e-7,0.50000125,-0.50000125,0.09084444,0.90915555
A,seed1_plus_1e-8,82,24,30,2,3.3611298e-7,0.5000013,0.5000013,0.9091556,0.9091556
A,seed1_plus_1e-8,83,24,30,2,-1.8816344e-7,0.50000113,-0.50000113,0.0908445,0.90915555
A,seed1_plus_1e-8,84,24,30,2,-2.9772588e-7,0.5000013,-0.5000013,0.09084441,0.9091556
A,seed1_plus_1e-8,85,24,30,2,-1.291163e-7,0.5000011,-0.5000011,0.09084453,0.9091555
A,seed1_plus_1e-8,86,24,30,2,-2.3572846e-7,0.5000013,-0.5000013,0.09084441,0.9091556
A,seed1_plus_1e-8,87,24,30,2,-2.430487e-7,0.50000113,-0.50000113,0.0908445,0.90915555
A,seed1_plus_1e-8,88,24,30,2,2.5580775e-7,0.5000013,0.5000013,0.9091556,0.9091556
A,seed1_plus_1e-8,89,24,30,2,2.9286494e-7,0.5000013,0.5000013,0.9091556,0.9091556
A,seed1_plus_1e-8,90,24,30,2,1.9649779e-6,0.5000023,0.5000023,0.90915614,0.90915614
A,seed1_plus_1e-8,82,27,30,2,-7.024831e-7,-0.5,-0.5,0.09084506,0.09084506
A,seed1_plus_1e-8,84,29,30,3,-6.929508e-6,-0.500001,-0.500001,0.09084456,0.09084456
A,seed1_plus_1e-8,84,30,30,3,-7.0247634e-6,-0.50000155,-0.50000155,0.09084429,0.09084429
A,seed1_plus_1e-8,84,31,30,3,-7.281164e-6,-0.50000185,-0.50000185,0.09084414,0.09084414
A,seed1_plus_1e-8,84,32,30,3,-7.1626064e-6,-0.5000018,-0.5000018,0.09084417,0.09084417
A,seed1_plus_1e-8,84,33,30,3,-7.236156e-6,-0.5000017,-0.5000017,0.0908442,0.0908442
A,seed1_plus_1e-8,84,34,30,3,-7.0647234e-6,-0.5000017,-0.5000017,0.0908442,0.0908442
A,seed1_plus_1e-8,84,35,30,3,-7.4271584e-6,-0.50000185,-0.50000185,0.09084414,0.09084414
A,seed1_plus_1e-8,84,36,30,3,-6.7686524e-6,-0.50000143,-0.50000143,0.09084435,0.09084435
A,seed1_plus_1e-8,84,37,30,3,-7.0679953e-6,-0.50000167,-0.50000167,0.09084423,0.09084423
A,seed1_plus_1e-8,84,38,30,3,-7.1914674e-6,-0.5000018,-0.5000018,0.09084417,0.09084417
A,seed1_plus_1e-8,84,39,30,3,-7.1051963e-6,-0.50000185,-0.50000185,0.09084414,0.09084414
A,seed1_plus_1e-8,84,40,30,3,-7.3216993e-6,-0.50000167,-0.50000167,0.09084423,0.09084423
A,seed1_plus_1e-8,84,41,30,3,-7.389441e-6,-0.50000185,-0.50000185,0.09084414,0.09084414
A,seed1_plus_1e-8,84,42,30,3,-7.4733966e-6,-0.50000197,-0.50000197,0.09084408,0.09084408
A,seed1_plus_1e-8,84,43,30,3,-7.173429e-6,-0.5000018,-0.5000018,0.09084417,0.09084417
A,seed1_plus_1e-8,84,44,30,3,-6.627808e-6,-0.50000185,-0.50000185,0.09084414,0.09084414
A,seed1_plus_1e-8,87,45,30,2,-2.229335e-6,-0.500001,-0.500001,0.09084456,0.09084456
A,seed1_plus_1e-8,78,24,31,2,3.5423778e-7,0.50000113,0.50000113,0.90915555,0.90915555
A,seed1_plus_1e-8,79,24,31,2,4.382225e-7,0.5000013,0.5000013,0.9091556,0.9091556
A,seed1_plus_1e-8,80,24,31,2,1.1120908e-7,0.50000113,0.50000113,0.90915555,0.90915555
A,seed1_plus_1e-8,81,24,31,2,3.057497e-7,0.5000015,0.5000015,0.90915567,0.90915567
A,seed1_plus_1e-8,82,24,31,2,-8.557196e-8,0.5000009,-0.5000009,0.09084462,0.9091554
A,seed1_plus_1e-8,83,24,31,2,-6.019109e-8,0.50000113,-0.50000113,0.0908445,0.90915555
A,seed1_plus_1e-8,84,24,31,2,1.4393902e-7,0.50000155,0.50000155,0.9091557,0.9091557
A,seed1_plus_1e-8,85,24,31,2,-5.6566737e-8,0.50000143,-0.50000143,0.09084435,0.90915567
A,seed1_plus_1e-8,86,24,31,2,-1.8835523e-8,0.5000011,-0.5000011,0.09084453,0.9091555
A,seed1_plus_1e-8,87,24,31,2,1.6283182e-7,0.5000012,0.5000012,0.90915555,0.90915555
A,seed1_plus_1e-8,88,24,31,2,-1.274094e-7,0.5000015,-0.5000015,0.09084432,0.90915567
A,seed1_plus_1e-8,89,24,31,2,-1.10807825e-7,0.5000013,-0.5000013,0.09084441,0.9091556
A,seed1_plus_1e-8,90,24,31,2,1.4732193e-6,0.500002,0.500002,0.90915596,0.90915596
A,seed1_plus_1e-8,83,24,32,2,2.6992157e-7,0.5000011,0.5000011,0.9091555,0.9091555
A,seed1_plus_1e-8,84,24,32,2,1.7103481e-7,0.50000155,0.50000155,0.9091557,0.9091557
A,seed1_plus_1e-8,85,24,32,2,-3.2253343e-8,0.5000015,-0.5000015,0.09084432,0.90915567
A,seed1_plus_1e-8,86,24,32,2,1.371076e-7,0.5000012,0.5000012,0.90915555,0.90915555
A,seed1_plus_1e-8,87,24,32,2,-1.1912864e-7,0.500001,-0.500001,0.09084456,0.9091554
A,seed1_plus_1e-8,88,24,32,2,-4.4992767e-8,0.50000113,-0.50000113,0.0908445,0.90915555
A,seed1_plus_1e-8,89,24,32,2,6.058277e-8,0.50000143,0.50000143,0.90915567,0.90915567
A,seed1_plus_1e-8,90,24,32,2,5.57963e-7,0.50000143,0.50000143,0.90915567,0.90915567
A,seed1_plus_1e-8,91,24,32,2,1.5585185e-7,0.50000125,0.50000125,0.90915555,0.90915555
A,seed1_plus_1e-8,85,27,32,2,-8.8361946e-7,-0.50000024,-0.50000024,0.090844944,0.090844944
A,seed1_plus_1e-8,83,24,33,2,3.5968212e-6,0.500003,0.500003,0.90915644,0.90915644
A,seed1_plus_1e-8,84,24,33,2,1.7802634e-7,0.5000012,0.5000012,0.90915555,0.90915555
A,seed1_plus_1e-8,85,24,33,2,2.6415415e-7,0.50000125,0.50000125,0.90915555,0.90915555
A,seed1_plus_1e-8,86,24,33,2,3.540897e-7,0.50000143,0.50000143,0.90915567,0.90915567
A,seed1_plus_1e-8,87,24,33,2,5.707601e-7,0.5000015,0.5000015,0.90915567,0.90915567
A,seed1_plus_1e-8,88,24,33,2,-5.3704248e-8,0.5000013,-0.5000013,0.09084441,0.9091556
A,seed1_plus_1e-8,89,24,33,2,-1.6691905e-8,0.50000125,-0.50000125,0.09084444,0.90915555
A,seed1_plus_1e-8,90,24,33,2,-6.295177e-8,0.50000113,-0.50000113,0.0908445,0.90915555
A,seed1_plus_1e-8,91,24,33,2,4.2440152e-7,0.5000012,0.5000012,0.90915555,0.90915555
A,seed1_plus_1e-8,92,24,33,2,2.1064332e-7,0.50000143,0.50000143,0.90915567,0.90915567
A,seed1_plus_1e-8,93,24,33,2,5.561648e-6,0.50000477,0.50000477,0.90915734,0.90915734
A,seed1_plus_1e-8,93,24,33,3,5.561648e-6,0.50000006,0.50000006,0.90915495,0.90915495
A,seed1_plus_1e-8,93,25,33,3,5.5697947e-6,0.5000004,0.5000004,0.9091552,0.9091552
A,seed1_plus_1e-8,87,27,33,2,-4.773432e-6,-0.5000029,-0.5000029,0.0908436,0.0908436
A,seed1_plus_1e-8,84,48,33,2,3.006206e-6,0.5000005,0.5000005,0.9091552,0.9091552
A,seed1_plus_1e-8,84,24,34,2,1.633403e-7,0.5000013,0.5000013,0.9091556,0.9091556
A,seed1_plus_1e-8,85,24,34,2,3.9776654e-7,0.5000015,0.5000015,0.90915567,0.90915567
A,seed1_plus_1e-8,86,24,34,2,1.7349385e-7,0.50000143,0.50000143,0.90915567,0.90915567
A,seed1_plus_1e-8,87,24,34,2,2.9090228e-7,0.50000113,0.50000113,0.90915555,0.90915555
A,seed1_plus_1e-8,88,24,34,2,-2.1403852e-7,0.5000013,-0.5000013,0.09084441,0.9091556
A,seed1_plus_1e-8,89,24,34,2,-1.2197634e-7,0.50000125,-0.50000125,0.09084444,0.90915555
A,seed1_plus_1e-8,90,24,34,2,8.9717865e-8,0.50000125,0.50000125,0.90915555,0.90915555
A,seed1_plus_1e-8,91,24,34,2,-1.5291661e-8,0.50000113,-0.50000113,0.0908445,0.90915555
A,seed1_plus_1e-8,92,24,34,2,2.8823789e-7,0.50000125,0.50000125,0.90915555,0.90915555
A,seed1_plus_1e-8,93,24,34,2,6.2143745e-6,0.50000477,0.50000477,0.90915734,0.90915734
A,seed1_plus_1e-8,86,24,35,2,8.389546e-8,0.5000014,0.5000014,0.90915567,0.90915567
A,seed1_plus_1e-8,87,24,35,2,9.557164e-8,0.5000014,0.5000014,0.90915567,0.90915567
A,seed1_plus_1e-8,88,24,35,2,2.701819e-8,0.5000014,0.5000014,0.90915567,0.90915567
A,seed1_plus_1e-8,89,24,35,2,1.1159054e-7,0.5000013,0.5000013,0.9091556,0.9091556
A,seed1_plus_1e-8,90,24,35,2,4.425239e-8,0.50000125,0.50000125,0.90915555,0.90915555
A,seed1_plus_1e-8,91,24,35,2,1.8955485e-7,0.5000014,0.5000014,0.90915567,0.90915567
A,seed1_plus_1e-8,86,24,36,2,4.1646144e-6,0.50000364,0.50000364,0.90915674,0.90915674
A,seed1_plus_1e-8,87,24,36,2,3.4200846e-6,0.50000334,0.50000334,0.9091566,0.9091566
A,seed1_plus_1e-8,88,24,36,2,4.221901e-6,0.5000035,0.5000035,0.90915674,0.90915674
A,seed1_plus_1e-8,89,24,36,2,4.2451993e-6,0.5000036,0.5000036,0.90915674,0.90915674
A,seed1_plus_1e-8,90,24,36,2,3.8703915e-6,0.50000334,0.50000334,0.9091566,0.9091566
A,seed1_plus_1e-8,91,24,36,2,4.2461256e-6,0.5000036,0.5000036,0.90915674,0.90915674
A,seed1_minus_1e-8,62,24,21,2,2.0167339e-7,0.50000125,0.50000125,0.90915555,0.90915555
A,seed1_minus_1e-8,63,24,21,2,1.4757349e-7,0.5000012,0.5000012,0.90915555,0.90915555
A,seed1_minus_1e-8,64,24,21,2,4.0036636e-7,0.5000013,0.5000013,0.9091556,0.9091556
A,seed1_minus_1e-8,65,24,21,2,4.154746e-7,0.50000155,0.50000155,0.9091557,0.9091557
A,seed1_minus_1e-8,66,24,21,2,3.3073317e-7,0.50000155,0.50000155,0.9091557,0.9091557
A,seed1_minus_1e-8,67,24,21,2,2.64656e-7,0.5000015,0.5000015,0.90915567,0.90915567
A,seed1_minus_1e-8,68,24,21,2,1.9973588e-7,0.50000125,0.50000125,0.90915555,0.90915555
A,seed1_minus_1e-8,69,24,21,2,1.0694885e-6,0.5000015,0.5000015,0.90915567,0.90915567
A,seed1_minus_1e-8,63,37,21,3,5.808975e-6,0.5000012,0.5000012,0.90915555,0.90915555
A,seed1_minus_1e-8,63,38,21,3,5.8777864e-6,0.50000125,0.50000125,0.90915555,0.90915555
A,seed1_minus_1e-8,64,39,21,2,-2.6046095e-7,0.50000095,-0.50000095,0.09084459,0.9091554
A,seed1_minus_1e-8,62,24,22,2,1.8508129e-7,0.5000013,0.5000013,0.9091556,0.9091556
A,seed1_minus_1e-8,63,24,22,2,-3.6054868e-7,0.50000125,-0.50000125,0.09084444,0.90915555
A,seed1_minus_1e-8,64,24,22,2,6.5693136e-8,0.5000013,0.5000013,0.9091556,0.9091556
A,seed1_minus_1e-8,65,24,22,2,1.8017793e-7,0.50000125,0.50000125,0.90915555,0.90915555
A,seed1_minus_1e-8,66,24,22,2,1.1258488e-7,0.50000155,0.50000155,0.9091557,0.9091557
A,seed1_minus_1e-8,67,24,22,2,1.7447634e-7,0.5000013,0.5000013,0.9091556,0.9091556
A,seed1_minus_1e-8,68,24,22,2,-8.9714504e-8,0.50000113,-0.50000113,0.0908445,0.90915555
A,seed1_minus_1e-8,69,24,22,2,3.7540383e-7,0.5000014,0.5000014,0.90915567,0.90915567
A,seed1_minus_1e-8,62,24,23,2,2.544789e-7,0.5000014,0.5000014,0.90915567,0.90915567
A,seed1_minus_1e-8,63,24,23,2,2.1243457e-7,0.5000013,0.5000013,0.9091556,0.9091556
A,seed1_minus_1e-8,64,24,23,2,9.560128e-8,0.50000125,0.50000125,0.90915555,0.90915555
A,seed1_minus_1e-8,65,24,23,2,-1.5534624e-7,0.50000113,-0.50000113,0.0908445,0.90915555
A,seed1_minus_1e-8,66,24,23,2,-2.74533e-7,0.5000012,-0.5000012,0.09084447,0.90915555
A,seed1_minus_1e-8,67,24,23,2,1.2163781e-7,0.50000113,0.50000113,0.90915555,0.90915555
A,seed1_minus_1e-8,68,24,23,2,-1.4208057e-7,0.5000013,-0.5000013,0.09084441,0.9091556
A,seed1_minus_1e-8,69,24,23,2,8.172698e-8,0.5000012,0.5000012,0.90915555,0.90915555
A,seed1_minus_1e-8,70,24,23,2,4.9292076e-8,0.50000125,0.50000125,0.90915555,0.90915555
A,seed1_minus_1e-8,71,24,23,2,2.4228007e-7,0.50000125,0.50000125,0.90915555,0.90915555
A,seed1_minus_1e-8,72,24,23,2,1.9594923e-7,0.5000013,0.5000013,0.9091556,0.9091556
A,seed1_minus_1e-8,73,24,23,2,1.4173012e-8,0.50000113,0.50000113,0.90915555,0.90915555
A,seed1_minus_1e-8,62,24,24,2,2.747944e-6,0.5000026,0.5000026,0.90915626,0.90915626
A,seed1_minus_1e-8,63,24,24,2,3.1899363e-6,0.5000023,0.5000023,0.90915614,0.90915614
A,seed1_minus_1e-8,64,24,24,2,3.3625438e-6,0.500003,0.500003,0.90915644,0.90915644
A,seed1_minus_1e-8,65,24,24,2,2.9589812e-6,0.50000304,0.50000304,0.9091565,0.9091565
A,seed1_minus_1e-8,66,24,24,2,2.7328674e-6,0.5000027,0.5000027,0.90915626,0.90915626
A,seed1_minus_1e-8,67,24,24,2,2.0579753e-6,0.50000215,0.50000215,0.909156,0.909156
A,seed1_minus_1e-8,68,24,24,2,4.459089e-7,0.5000015,0.5000015,0.90915567,0.90915567
A,seed1_minus_1e-8,69,24,24,2,2.6016433e-8,0.50000143,0.50000143,0.90915567,0.90915567
A,seed1_minus_1e-8,70,24,24,2,-4.0509395e-8,0.50000125,-0.50000125,0.09084444,0.90915555
A,seed1_minus_1e-8,71,24,24,2,-2.1610784e-8,0.50000125,-0.50000125,0.09084444,0.90915555
A,seed1_minus_1e-8,72,24,24,2,-2.2496488e-7,0.50000125,-0.50000125,0.09084444,0.90915555
A,seed1_minus_1e-8,73,24,24,2,-1.8074589e-7,0.50000125,-0.50000125,0.09084444,0.90915555
A,seed1_minus_1e-8,74,24,24,2,4.3344494e-7,0.5000012,0.5000012,0.90915555,0.90915555
A,seed1_minus_1e-8,75,24,24,2,5.4083955e-7,0.5000013,0.5000013,0.9091556,0.9091556
A,seed1_minus_1e-8,76,24,24,2,5.435397e-7,0.5000011,0.5000011,0.9091555,0.9091555
A,seed1_minus_1e-8,77,24,24,2,6.059751e-7,0.5000014,0.5000014,0.90915567,0.90915567
A,seed1_minus_1e-8,78,24,24,2,5.966909e-6,0.5000046,0.5000046,0.9091572,0.9091572
A,seed1_minus_1e-8,78,24,24,3,5.966909e-6,0.50000226,0.50000226,0.9091561,0.9091561
A,seed1_minus_1e-8,78,25,24,3,5.844295e-6,0.500002,0.500002,0.90915596,0.90915596
A,seed1_minus_1e-8,78,26,24,3,5.7512448e-6,0.5000019,0.5000019,0.9091559,0.9091559
A,seed1_minus_1e-8,59,27,24,2,3.025667e-6,0.5000015,0.5000015,0.90915567,0.90915567
A,seed1_minus_1e-8,78,27,24,3,5.928883e-6,0.5000023,0.5000023,0.90915614,0.90915614
A,seed1_minus_1e-8,78,32,24,3,5.64511e-6,0.5000023,0.5000023,0.90915614,0.90915614
A,seed1_minus_1e-8,78,33,24,3,5.339268e-6,0.5000019,0.5000019,0.9091559,0.9091559
A,seed1_minus_1e-8,78,34,24,3,5.7176007e-6,0.50000215,0.50000215,0.909156,0.909156
A,seed1_minus_1e-8,78,35,24,3,5.5217465e-6,0.5000022,0.5000022,0.909156,0.909156
A,seed1_minus_1e-8,78,36,24,3,5.460244e-6,0.5000017,0.5000017,0.9091558,0.9091558
A,seed1_minus_1e-8,78,37,24,3,5.568274e-6,0.5000021,0.5000021,0.909156,0.909156
A,seed1_minus_1e-8,78,38,24,3,5.9305025e-6,0.5000022,0.5000022,0.909156,0.909156
A,seed1_minus_1e-8,78,39,24,3,6.016942e-6,0.5000022,0.5000022,0.909156,0.909156
A,seed1_minus_1e-8,78,40,24,3,5.8931405e-6,0.50000226,0.50000226,0.9091561,0.9091561
A,seed1_minus_1e-8,78,41,24,3,5.583357e-6,0.5000021,0.5000021,0.909156,0.909156
A,seed1_minus_1e-8,78,42,24,3,5.8217224e-6,0.50000226,0.50000226,0.9091561,0.9091561
A,seed1_minus_1e-8,78,48,24,2,5.8800047e-6,0.5000022,0.5000022,0.909156,0.909156
A,seed1_minus_1e-8,78,48,24,3,5.8800047e-6,0.50000215,0.50000215,0.909156,0.909156
A,seed1_minus_1e-8,78,49,24,3,5.695264e-6,0.500002,0.500002,0.90915596,0.90915596
A,seed1_minus_1e-8,78,50,24,3,5.8994183e-6,0.5000025,0.5000025,0.9091562,0.9091562
A,seed1_minus_1e-8,78,51,24,3,8.107856e-6,0.50000364,0.50000364,0.90915674,0.90915674
A,seed1_minus_1e-8,68,24,25,2,4.901839e-7,0.50000125,0.50000125,0.90915555,0.90915555
A,seed1_minus_1e-8,69,24,25,2,1.5149516e-7,0.5000016,0.5000016,0.9091558,0.9091558
A,seed1_minus_1e-8,70,24,25,2,9.266612e-8,0.5000014,0.5000014,0.90915567,0.90915567
A,seed1_minus_1e-8,71,24,25,2,-6.447092e-8,0.5000013,-0.5000013,0.09084441,0.9091556
A,seed1_minus_1e-8,72,24,25,2,4.5527955e-7,0.50000125,0.50000125,0.90915555,0.90915555
A,seed1_minus_1e-8,73,24,25,2,-4.8699587e-8,0.5000013,-0.5000013,0.09084441,0.9091556
A,seed1_minus_1e-8,74,24,25,2,-3.371386e-7,0.5000012,-0.5000012,0.09084447,0.90915555
A,seed1_minus_1e-8,75,24,25,2,-7.1496984e-8,0.5000012,-0.5000012,0.09084447,0.90915555
A,seed1_minus_1e-8,76,24,25,2,-1.7046949e-7,0.50000113,-0.50000113,0.0908445,0.90915555
A,seed1_minus_1e-8,77,24,25,2,-1.5555896e-7,0.50000125,-0.50000125,0.09084444,0.90915555
A,seed1_minus_1e-8,78,24,25,2,3.7341392e-6,0.5000035,0.5000035,0.90915674,0.90915674
A,seed1_minus_1e-8,77,27,25,2,-9.0384657e-7,-0.5000005,-0.5000005,0.090844825,0.090844825
A,seed1_minus_1e-8,77,42,25,2,-8.8077013e-7,-0.50000036,-0.50000036,0.090844885,0.090844885
A,seed1_minus_1e-8,69,24,26,2,6.996838e-7,0.5000013,0.5000013,0.9091556,0.9091556
A,seed1_minus_1e-8,70,24,26,2,-1.0493387e-8,0.50000125,-0.50000125,0.09084444,0.90915555
A,seed1_minus_1e-8,71,24,26,2,7.5094796e-8,0.5000012,0.5000012,0.90915555,0.90915555
A,seed1_minus_1e-8,72,24,26,2,1.2966385e-7,0.5000013,0.5000013,0.9091556,0.9091556
A,seed1_minus_1e-8,73,24,26,2,1.16570284e-7,0.50000125,0.50000125,0.90915555,0.90915555
A,seed1_minus_1e-8,74,24,26,2,1.073521e-7,0.50000113,0.50000113,0.90915555,0.90915555
A,seed1_minus_1e-8,75,24,26,2,1.07927285e-7,0.5000013,0.5000013,0.9091556,0.9091556
A,seed1_minus_1e-8,76,24,26,2,-4.4268017e-8,0.5000014,-0.5000014,0.09084438,0.90915567
A,seed1_minus_1e-8,77,24,26,2,-3.780489e-8,0.50000113,-0.50000113,0.0908445,0.90915555
A,seed1_minus_1e-8,78,24,26,2,4.0474055e-7,0.5000013,0.5000013,0.9091556,0.9091556
A,seed1_minus_1e-8,79,24,26,2,-9.048842e-8,0.500001,-0.500001,0.09084456,0.9091554
A,seed1_minus_1e-8,80,24,26,2,8.1216605e-8,0.5000012,0.5000012,0.90915555,0.90915555
A,seed1_minus_1e-8,81,24,26,2,3.0619838e-6,0.5000029,0.5000029,0.9091564,0.9091564
A,seed1_minus_1e-8,69,24,27,1,1.8023906e-6,0.5000001,0.5000001,0.909155,0.909155
A,seed1_minus_1e-8,69,24,27,2,1.8023906e-6,0.500002,0.500002,0.90915596,0.90915596
A,seed1_minus_1e-8,70,24,27,2,1.7058373e-6,0.5000021,0.5000021,0.909156,0.909156
A,seed1_minus_1e-8,71,24,27,2,1.7837707e-6,0.50000215,0.50000215,0.909156,0.909156
A,seed1_minus_1e-8,72,24,27,2,6.8254906e-7,0.5000011,0.5000011,0.9091555,0.9091555
A,seed1_minus_1e-8,73,24,27,2,7.165448e-9,0.50000125,0.50000125,0.90915555,0.90915555
A,seed1_minus_1e-8,74,24,27,2,1.7740898e-7,0.50000113,0.50000113,0.90915555,0.90915555
A,seed1_minus_1e-8,75,24,27,2,-1.6427185e-7,0.50000125,-0.50000125,0.09084444,0.90915555
A,seed1_minus_1e-8,76,24,27,2,4.2339914e-7,0.5000013,0.5000013,0.9091556,0.9091556
A,seed1_minus_1e-8,77,24,27,2,2.880049e-7,0.5000013,0.5000013,0.9091556,0.9091556
A,seed1_minus_1e-8,78,24,27,2,-1.0742209e-7,0.5000012,-0.5000012,0.09084447,0.90915555
A,seed1_minus_1e-8,79,24,27,2,-4.0046848e-7,0.500001,-0.500001,0.09084456,0.9091554
A,seed1_minus_1e-8,80,24,27,2,-4.107647e-7,0.5000011,-0.5000011,0.09084453,0.9091555
A,seed1_minus_1e-8,81,24,27,2,1.5617287e-7,0.5000012,0.5000012,0.90915555,0.90915555
A,seed1_minus_1e-8,82,24,27,2,6.428138e-7,0.50000125,0.50000125,0.90915555,0.90915555
A,seed1_minus_1e-8,83,24,27,2,3.205309e-7,0.5000013,0.5000013,0.9091556,0.9091556
A,seed1_minus_1e-8,84,24,27,2,9.532617e-8,0.5000011,0.5000011,0.9091555,0.9091555
A,seed1_minus_1e-8,85,24,27,2,2.7434243e-7,0.5000012,0.5000012,0.90915555,0.90915555
A,seed1_minus_1e-8,69,25,27,1,1.5332251e-6,0.5000005,0.5000005,0.9091552,0.9091552
A,seed1_minus_1e-8,69,26,27,1,1.7557755e-6,0.5000005,0.5000005,0.9091552,0.9091552
A,seed1_minus_1e-8,84,26,27,3,4.51166e-6,0.5000011,0.5000011,0.9091555,0.9091555
A,seed1_minus_1e-8,69,27,27,1,8.1117406e-7,0.50000054,0.50000054,0.9091552,0.9091552
A,seed1_minus_1e-8,84,27,27,3,7.1433715e-6,0.5000027,0.5000027,0.90915626,0.90915626
A,seed1_minus_1e-8,69,28,27,1,1.8302038e-6,0.5000007,0.5000007,0.9091553,0.9091553
A,seed1_minus_1e-8,84,28,27,3,4.5970223e-6,0.5000012,0.5000012,0.90915555,0.90915555
A,seed1_minus_1e-8,69,29,27,1,1.6223776e-6,0.5000005,0.5000005,0.9091552,0.9091552
A,seed1_minus_1e-8,69,30,27,1,1.5808228e-6,0.5000005,0.5000005,0.9091552,0.9091552
A,seed1_minus_1e-8,69,31,27,1,1.2339674e-6,0.50000054,0.50000054,0.9091552,0.9091552
A,seed1_minus_1e-8,69,32,27,1,1.3925426e-6,0.50000054,0.50000054,0.9091552,0.9091552
A,seed1_minus_1e-8,69,33,27,1,1.9270608e-6,0.5000009,0.5000009,0.9091554,0.9091554
A,seed1_minus_1e-8,69,42,27,1,1.3849666e-6,0.50000054,0.50000054,0.9091552,0.9091552
A,seed1_minus_1e-8,69,43,27,1,1.2724836e-6,0.5000004,0.5000004,0.9091552,0.9091552
A,seed1_minus_1e-8,69,44,27,1,1.2981363e-6,0.5000005,0.5000005,0.9091552,0.9091552
A,seed1_minus_1e-8,69,45,27,1,1.5430967e-6,0.5000005,0.5000005,0.9091552,0.9091552
A,seed1_minus_1e-8,69,46,27,1,1.230416e-6,0.50000036,0.50000036,0.90915513,0.90915513
A,seed1_minus_1e-8,84,46,27,3,7.555427e-6,0.5000026,0.5000026,0.90915626,0.90915626
A,seed1_minus_1e-8,69,47,27,1,2.0249418e-6,0.50000066,0.50000066,0.9091553,0.9091553
A,seed1_minus_1e-8,69,48,27,1,7.7369896e-7,0.50000024,0.50000024,0.9091551,0.9091551
A,seed1_minus_1e-8,69,49,27,1,1.2560375e-6,0.50000036,0.50000036,0.90915513,0.90915513
A,seed1_minus_1e-8,69,50,27,1,1.3094476e-6,0.5000001,0.5000001,0.909155,0.909155
A,seed1_minus_1e-8,84,50,27,3,6.6953053e-6,0.5000021,0.5000021,0.909156,0.909156
A,seed1_minus_1e-8,69,51,27,1,3.2190685e-6,0.5000013,0.5000013,0.9091556,0.9091556
A,seed1_minus_1e-8,84,51,27,3,8.888957e-6,0.5000034,0.5000034,0.9091566,0.9091566
A,seed1_minus_1e-8,72,24,28,2,3.349994e-7,0.5000013,0.5000013,0.9091556,0.9091556
A,seed1_minus_1e-8,73,24,28,2,2.3782835e-7,0.5000013,0.5000013,0.9091556,0.9091556
A,seed1_minus_1e-8,74,24,28,2,2.8343612e-7,0.5000014,0.5000014,0.90915567,0.90915567
A,seed1_minus_1e-8,75,24,28,2,4.531881e-8,0.50000113,0.50000113,0.90915555,0.90915555
A,seed1_minus_1e-8,76,24,28,2,-1.4249125e-8,0.50000125,-0.50000125,0.09084444,0.90915555
A,seed1_minus_1e-8,77,24,28,2,2.5672572e-8,0.50000113,0.50000113,0.90915555,0.90915555
A,seed1_minus_1e-8,78,24,28,2,1.8145543e-7,0.5000014,0.5000014,0.90915567,0.90915567
A,seed1_minus_1e-8,79,24,28,2,1.7325095e-7,0.5000012,0.5000012,0.90915555,0.90915555
A,seed1_minus_1e-8,80,24,28,2,-1.5080201e-7,0.5000012,-0.5000012,0.09084447,0.90915555
A,seed1_minus_1e-8,81,24,28,2,-1.3085368e-7,0.5000013,-0.5000013,0.09084441,0.9091556
A,seed1_minus_1e-8,82,24,28,2,-8.548505e-8,0.5000009,-0.5000009,0.09084462,0.9091554
A,seed1_minus_1e-8,83,24,28,2,-2.2107085e-7,0.5000011,-0.5000011,0.09084453,0.9091555
A,seed1_minus_1e-8,84,24,28,2,-7.808837e-8,0.50000083,-0.50000083,0.090844646,0.90915537
A,seed1_minus_1e-8,85,24,28,2,-1.6405966e-7,0.50000125,-0.50000125,0.09084444,0.90915555
A,seed1_minus_1e-8,75,24,29,2,5.747811e-7,0.50000143,0.50000143,0.90915567,0.90915567
A,seed1_minus_1e-8,76,24,29,2,-2.0627849e-7,0.5000013,-0.5000013,0.09084441,0.9091556
A,seed1_minus_1e-8,77,24,29,2,-6.972144e-8,0.5000014,-0.5000014,0.09084438,0.90915567
A,seed1_minus_1e-8,78,24,29,2,-4.838386e-8,0.5000013,-0.5000013,0.09084441,0.9091556
A,seed1_minus_1e-8,79,24,29,2,1.734929e-7,0.5000014,0.5000014,0.90915567,0.90915567
A,seed1_minus_1e-8,80,24,29,2,-1.02544575e-7,0.50000113,-0.50000113,0.0908445,0.90915555
A,seed1_minus_1e-8,81,24,29,2,-1.423928e-7,0.50000125,-0.50000125,0.09084444,0.90915555
A,seed1_minus_1e-8,82,24,29,2,-2.439846e-7,0.50000113,-0.50000113,0.0908445,0.90915555
A,seed1_minus_1e-8,83,24,29,2,-9.002555e-8,0.50000113,-0.50000113,0.0908445,0.90915555
A,seed1_minus_1e-8,84,24,29,2,3.5728297e-7,0.50000143,0.50000143,0.90915567,0.90915567
A,seed1_minus_1e-8,85,24,29,2,-7.802874e-8,0.50000125,-0.50000125,0.09084444,0.90915555
A,seed1_minus_1e-8,86,24,29,2,1.4489362e-7,0.50000125,0.50000125,0.90915555,0.90915555
A,seed1_minus_1e-8,87,24,29,2,-2.7747024e-7,0.50000143,-0.50000143,0.09084435,0.90915567
A,seed1_minus_1e-8,88,24,29,2,1.0570303e-7,0.5000011,0.5000011,0.9091555,0.9091555
A,seed1_minus_1e-8,78,27,29,2,-6.850363e-6,-0.50000286,-0.50000286,0.09084363,0.09084363
A,seed1_minus_1e-8,75,24,30,2,2.6853581e-6,0.5000028,0.5000028,0.9091564,0.9091564
A,seed1_minus_1e-8,76,24,30,2,2.618122e-6,0.5000028,0.5000028,0.9091564,0.9091564
A,seed1_minus_1e-8,77,24,30,2,2.4533579e-6,0.5000026,0.5000026,0.90915626,0.90915626
A,seed1_minus_1e-8,78,24,30,2,9.427876e-8,0.50000125,0.50000125,0.90915555,0.90915555
A,seed1_minus_1e-8,79,24,30,2,-4.9717056e-7,0.50000125,-0.50000125,0.09084444,0.90915555
A,seed1_minus_1e-8,80,24,30,2,1.5793384e-7,0.50000167,0.50000167,0.9091558,0.9091558
A,seed1_minus_1e-8,81,24,30,2,1.5147566e-7,0.5000013,0.5000013,0.9091556,0.9091556
A,seed1_minus_1e-8,82,24,30,2,-3.347173e-7,0.5000012,-0.5000012,0.09084447,0.90915555
A,seed1_minus_1e-8,83,24,30,2,1.895591e-7,0.50000143,0.50000143,0.90915567,0.90915567
A,seed1_minus_1e-8,84,24,30,2,2.9842406e-7,0.50000125,0.50000125,0.90915555,0.90915555
A,seed1_minus_1e-8,85,24,30,2,1.3051196e-7,0.50000143,0.50000143,0.90915567,0.90915567
A,seed1_minus_1e-8,86,24,30,2,2.3712414e-7,0.5000012,0.5000012,0.90915555,0.90915555
A,seed1_minus_1e-8,87,24,30,2,2.4444438e-7,0.50000143,0.50000143,0.90915567,0.90915567
A,seed1_minus_1e-8,88,24,30,2,-1.599121e-8,0.50000125,-0.50000125,0.09084444,0.90915555
A,seed1_minus_1e-8,89,24,30,2,4.2378392e-7,0.50000125,0.50000125,0.90915555,0.90915555
A,seed1_minus_1e-8,90,24,30,2,1.9085558e-6,0.5000021,0.5000021,0.909156,0.909156
A,seed1_minus_1e-8,82,27,30,2,-1.0884389e-6,-0.5000005,-0.5000005,0.090844825,0.090844825
A,seed1_minus_1e-8,84,29,30,3,-7.420309e-6,-0.50000113,-0.50000113,0.0908445,0.0908445
A,seed1_minus_1e-8,84,30,30,3,-7.325054e-6,-0.5000019,-0.5000019,0.09084411,0.09084411
A,seed1_minus_1e-8,84,31,30,3,-7.068653e-6,-0.50000155,-0.50000155,0.09084429,0.09084429
A,seed1_minus_1e-8,84,32,30,3,-7.187211e-6,-0.50000167,-0.50000167,0.09084423,0.09084423
A,seed1_minus_1e-8,84,33,30,3,-7.113661e-6,-0.5000017,-0.5000017,0.0908442,0.0908442
A,seed1_minus_1e-8,84,34,30,3,-7.285094e-6,-0.5000017,-0.5000017,0.0908442,0.0908442
A,seed1_minus_1e-8,84,35,30,3,-6.922659e-6,-0.5000016,-0.5000016,0.09084426,0.09084426
A,seed1_minus_1e-8,84,36,30,3,-7.581165e-6,-0.500002,-0.500002,0.09084405,0.09084405
A,seed1_minus_1e-8,84,37,30,3,-7.281822e-6,-0.5000018,-0.5000018,0.09084417,0.09084417
A,seed1_minus_1e-8,84,38,30,3,-7.15835e-6,-0.50000167,-0.50000167,0.09084423,0.09084423
A,seed1_minus_1e-8,84,39,30,3,-7.2446205e-6,-0.5000016,-0.5000016,0.09084426,0.09084426
A,seed1_minus_1e-8,84,40,30,3,-7.0281176e-6,-0.5000018,-0.5000018,0.09084417,0.09084417
A,seed1_minus_1e-8,84,41,30,3,-6.960376e-6,-0.5000016,-0.5000016,0.09084426,0.09084426
A,seed1_minus_1e-8,84,42,30,3,-6.8764207e-6,-0.5000015,-0.5000015,0.09084432,0.09084432
A,seed1_minus_1e-8,84,43,30,3,-7.1763884e-6,-0.50000167,-0.50000167,0.09084423,0.09084423
A,seed1_minus_1e-8,84,44,30,3,-7.722009e-6,-0.5000016,-0.5000016,0.09084426,0.09084426
A,seed1_minus_1e-8,87,45,30,2,-2.1069022e-6,-0.5000006,-0.5000006,0.090844765,0.090844765
A,seed1_minus_1e-8,78,24,31,2,3.6240954e-7,0.50000143,0.50000143,0.90915567,0.90915567
A,seed1_minus_1e-8,79,24,31,2,-1.9980119e-7,0.50000125,-0.50000125,0.09084444,0.90915555
A,seed1_minus_1e-8,80,24,31,2,1.2721222e-7,0.50000143,0.50000143,0.90915567,0.90915567
A,seed1_minus_1e-8,81,24,31,2,-6.732839e-8,0.5000011,-0.5000011,0.09084453,0.9091555
A,seed1_minus_1e-8,82,24,31,2,3.2399328e-7,0.50000167,0.50000167,0.9091558,0.9091558
A,seed1_minus_1e-8,83,24,31,2,1.3966459e-7,0.50000143,0.50000143,0.90915567,0.90915567
A,seed1_minus_1e-8,84,24,31,2,-1.4393899e-7,0.50000095,-0.50000095,0.09084459,0.9091554
A,seed1_minus_1e-8,85,24,31,2,5.656676e-8,0.50000113,0.50000113,0.90915555,0.90915555
A,seed1_minus_1e-8,86,24,31,2,1.8835554e-8,0.5000015,0.5000015,0.90915567,0.90915567
A,seed1_minus_1e-8,87,24,31,2,-1.6283178e-7,0.5000014,-0.5000014,0.09084438,0.90915567
A,seed1_minus_1e-8,88,24,31,2,1.2740944e-7,0.5000011,0.5000011,0.9091555,0.9091555
A,seed1_minus_1e-8,89,24,31,2,1.1080787e-7,0.50000125,0.50000125,0.90915555,0.90915555
A,seed1_minus_1e-8,90,24,31,2,1.3487389e-6,0.5000017,0.5000017,0.9091558,0.9091558
A,seed1_minus_1e-8,83,24,32,2,-2.6612234e-8,0.5000015,-0.5000015,0.09084432,0.90915567
A,seed1_minus_1e-8,84,24,32,2,-1.7103477e-7,0.500001,-0.500001,0.09084456,0.9091554
A,seed1_minus_1e-8,85,24,32,2,3.2253354e-8,0.500001,0.500001,0.9091554,0.9091554
A,seed1_minus_1e-8,86,24,32,2,-1.3710758e-7,0.5000013,-0.5000013,0.09084441,0.9091556
A,seed1_minus_1e-8,87,24,32,2,1.1912867e-7,0.50000155,0.50000155,0.9091557,0.9091557
A,seed1_minus_1e-8,88,24,32,2,4.49928e-8,0.50000143,0.50000143,0.90915567,0.90915567
A,seed1_minus_1e-8,89,24,32,2,-6.027244e-8,0.50000113,-0.50000113,0.0908445,0.90915555
A,seed1_minus_1e-8,90,24,32,2,-3.1769278e-7,0.50000113,-0.50000113,0.0908445,0.90915555
A,seed1_minus_1e-8,91,24,32,2,2.4337007e-7,0.5000013,0.5000013,0.9091556,0.9091556
A,seed1_minus_1e-8,85,27,32,2,-9.081883e-7,-0.5000004,-0.5000004,0.090844855,0.090844855
A,seed1_minus_1e-8,83,24,33,2,2.8478132e-6,0.50000304,0.50000304,0.9091565,0.9091565
A,seed1_minus_1e-8,84,24,33,2,5.3722204e-7,0.5000013,0.5000013,0.9091556,0.9091556
A,seed1_minus_1e-8,85,24,33,2,-2.6415412e-7,0.5000013,-0.5000013,0.09084441,0.9091556
A,seed1_minus_1e-8,86,24,33,2,-3.5408968e-7,0.50000113,-0.50000113,0.0908445,0.90915555
A,seed1_minus_1e-8,87,24,33,2,-5.7076e-7,0.5000011,-0.5000011,0.09084453,0.9091555
A,seed1_minus_1e-8,88,24,33,2,5.370428e-8,0.50000125,0.50000125,0.90915555,0.90915555
A,seed1_minus_1e-8,89,24,33,2,1.6691933e-8,0.5000013,0.5000013,0.9091556,0.9091556
A,seed1_minus_1e-8,90,24,33,2,6.29518e-8,0.50000143,0.50000143,0.90915567,0.90915567
A,seed1_minus_1e-8,91,24,33,2,-1.859767e-7,0.5000013,-0.5000013,0.09084441,0.9091556
A,seed1_minus_1e-8,92,24,33,2,5.608927e-7,0.50000113,0.50000113,0.90915555,0.90915555
A,seed1_minus_1e-8,93,24,33,2,6.6821103e-6,0.5000048,0.5000048,0.90915734,0.90915734
A,seed1_minus_1e-8,93,24,33,3,6.6821103e-6,0.5000007,0.5000007,0.9091553,0.9091553
A,seed1_minus_1e-8,93,25,33,3,5.4672873e-6,0.49999997,0.49999997,0.90915495,0.90915495
A,seed1_minus_1e-8,87,27,33,2,-5.8595706e-6,-0.50000316,-0.50000316,0.090843484,0.090843484
A,seed1_minus_1e-8,84,48,33,2,2.715835e-6,0.50000036,0.50000036,0.90915513,0.90915513
A,seed1_minus_1e-8,84,24,34,2,5.5191055e-7,0.5000012,0.5000012,0.90915555,0.90915555
A,seed1_minus_1e-8,85,24,34,2,-1.5934629e-7,0.5000011,-0.5000011,0.09084453,0.9091555
A,seed1_minus_1e-8,86,24,34,2,-9.402208e-8,0.50000113,-0.50000113,0.0908445,0.90915555
A,seed1_minus_1e-8,87,24,34,2,-2.9090228e-7,0.50000143,-0.50000143,0.09084435,0.90915567
A,seed1_minus_1e-8,88,24,34,2,2.1403855e-7,0.50000125,0.50000125,0.90915555,0.90915555
A,seed1_minus_1e-8,89,24,34,2,1.2197637e-7,0.5000013,0.5000013,0.9091556,0.9091556
A,seed1_minus_1e-8,90,24,34,2,-8.971782e-8,0.5000013,-0.5000013,0.09084441,0.9091556
A,seed1_minus_1e-8,91,24,34,2,9.476752e-8,0.50000143,0.50000143,0.90915567,0.90915567
A,seed1_minus_1e-8,92,24,34,2,-4.9817615e-8,0.5000013,-0.5000013,0.09084441,0.9091556
A,seed1_minus_1e-8,93,24,34,2,5.944961e-6,0.50000477,0.50000477,0.90915734,0.90915734
A,seed1_minus_1e-8,86,24,35,2,2.2035427e-7,0.50000125,0.50000125,0.90915555,0.90915555
A,seed1_minus_1e-8,87,24,35,2,-9.5571636e-8,0.5000012,-0.5000012,0.09084447,0.90915555
A,seed1_minus_1e-8,88,24,35,2,-2.7018158e-8,0.5000012,-0.5000012,0.09084447,0.90915555
A,seed1_minus_1e-8,89,24,35,2,-1.1159051e-7,0.50000125,-0.50000125,0.09084444,0.90915555
A,seed1_minus_1e-8,90,24,35,2,-4.425236e-8,0.5000013,-0.5000013,0.09084441,0.9091556
A,seed1_minus_1e-8,91,24,35,2,4.887089e-8,0.50000113,0.50000113,0.90915555,0.90915555
A,seed1_minus_1e-8,86,24,36,2,3.8019484e-6,0.5000033,0.5000033,0.9091566,0.9091566
A,seed1_minus_1e-8,87,24,36,2,4.4477247e-6,0.5000036,0.5000036,0.90915674,0.90915674
A,seed1_minus_1e-8,88,24,36,2,3.6459082e-6,0.5000034,0.5000034,0.9091566,0.9091566
A,seed1_minus_1e-8,89,24,36,2,3.6226097e-6,0.50000334,0.50000334,0.9091566,0.9091566
A,seed1_minus_1e-8,90,24,36,2,3.9974175e-6,0.5000036,0.5000036,0.90915674,0.90915674
A,seed1_minus_1e-8,91,24,36,2,3.6216834e-6,0.50000334,0.50000334,0.9091566,0.9091566
B,baseline,62,24,21,2,6.1467284e-7,0.5000006,0.5000006,0.90915525,0.90915525
B,baseline,63,24,21,2,6.1467284e-7,0.5000006,0.5000006,0.90915525,0.90915525
B,baseline,64,24,21,2,6.1467284e-7,0.5000006,0.5000006,0.90915525,0.90915525
B,baseline,65,24,21,2,6.1467284e-7,0.5000006,0.5000006,0.90915525,0.90915525
B,baseline,66,24,21,2,6.1467284e-7,0.5000006,0.5000006,0.90915525,0.90915525
B,baseline,67,24,21,2,6.1467284e-7,0.5000006,0.5000006,0.90915525,0.90915525
B,baseline,68,24,21,2,6.1467284e-7,0.5000006,0.5000006,0.90915525,0.90915525
B,baseline,69,24,21,2,4.1350695e-6,0.50000274,0.50000274,0.9091563,0.9091563
B,baseline,63,37,21,3,3.2074722e-6,0.50000024,0.50000024,0.9091551,0.9091551
B,baseline,63,38,21,3,3.2074722e-6,0.50000024,0.50000024,0.9091551,0.9091551
B,baseline,64,39,21,2,-7.497114e-8,0.49999928,0.49999928,0.9091546,0.9091546
B,baseline,62,24,22,2,6.1467284e-7,0.5000006,0.5000006,0.90915525,0.90915525
B,baseline,63,24,22,2,6.1467284e-7,0.5000006,0.5000006,0.90915525,0.90915525
B,baseline,64,24,22,2,6.1467284e-7,0.5000006,0.5000006,0.90915525,0.90915525
B,baseline,65,24,22,2,6.1467284e-7,0.5000006,0.5000006,0.90915525,0.90915525
B,baseline,66,24,22,2,6.1467284e-7,0.5000006,0.5000006,0.90915525,0.90915525
B,baseline,67,24,22,2,6.1467284e-7,0.5000006,0.5000006,0.90915525,0.90915525
B,baseline,68,24,22,2,6.1467284e-7,0.5000006,0.5000006,0.90915525,0.90915525
B,baseline,69,24,22,2,2.9615953e-6,0.500002,0.500002,0.90915596,0.90915596
B,baseline,62,24,23,2,6.1467284e-7,0.5000006,0.5000006,0.90915525,0.90915525
B,baseline,63,24,23,2,6.1467284e-7,0.5000006,0.5000006,0.90915525,0.90915525
B,baseline,64,24,23,2,6.1467284e-7,0.5000006,0.5000006,0.90915525,0.90915525
B,baseline,65,24,23,2,6.1467284e-7,0.5000006,0.5000006,0.90915525,0.90915525
B,baseline,66,24,23,2,6.1467284e-7,0.5000006,0.5000006,0.90915525,0.90915525
B,baseline,67,24,23,2,6.1467284e-7,0.5000006,0.5000006,0.90915525,0.90915525
B,baseline,68,24,23,2,6.1467284e-7,0.5000006,0.5000006,0.90915525,0.90915525
B,baseline,69,24,23,2,6.1467284e-7,0.5000006,0.5000006,0.90915525,0.90915525
B,baseline,70,24,23,2,6.1467284e-7,0.5000006,0.5000006,0.90915525,0.90915525
B,baseline,71,24,23,2,6.1467284e-7,0.5000006,0.5000006,0.90915525,0.90915525
B,baseline,72,24,23,2,6.1467284e-7,0.5000006,0.5000006,0.90915525,0.90915525
B,baseline,73,24,23,2,6.156006e-7,0.5000006,0.5000006,0.90915525,0.90915525
B,baseline,62,24,24,2,2.5456063e-6,0.5000018,0.5000018,0.90915585,0.90915585
B,baseline,63,24,24,2,2.5456063e-6,0.5000018,0.5000018,0.90915585,0.90915585
B,baseline,64,24,24,2,2.5456063e-6,0.5000018,0.5000018,0.90915585,0.90915585
B,baseline,65,24,24,2,2.5456063e-6,0.5000018,0.5000018,0.90915585,0.90915585
B,baseline,66,24,24,2,2.5456063e-6,0.5000018,0.5000018,0.90915585,0.90915585
B,baseline,67,24,24,2,1.901952e-6,0.5000014,0.5000014,0.90915567,0.90915567
B,baseline,68,24,24,2,6.1467284e-7,0.5000006,0.5000006,0.90915525,0.90915525
B,baseline,69,24,24,2,6.1467284e-7,0.5000006,0.5000006,0.90915525,0.90915525
B,baseline,70,24,24,2,6.1467284e-7,0.5000006,0.5000006,0.90915525,0.90915525
B,baseline,71,24,24,2,6.1467284e-7,0.5000006,0.5000006,0.90915525,0.90915525
B,baseline,72,24,24,2,6.1467284e-7,0.5000006,0.5000006,0.90915525,0.90915525
B,baseline,73,24,24,2,6.1467284e-7,0.5000006,0.5000006,0.90915525,0.90915525
B,baseline,74,24,24,2,6.1467284e-7,0.5000006,0.5000006,0.90915525,0.90915525
B,baseline,75,24,24,2,6.1537065e-7,0.5000006,0.5000006,0.90915525,0.90915525
B,baseline,76,24,24,2,6.1467284e-7,0.5000006,0.5000006,0.90915525,0.90915525
B,baseline,77,24,24,2,6.1467284e-7,0.5000006,0.5000006,0.90915525,0.90915525
B,baseline,78,24,24,2,4.6051537e-6,0.50000304,0.50000304,0.9091565,0.9091565
B,baseline,78,24,24,3,4.6051537e-6,0.5000007,0.5000007,0.9091553,0.9091553
B,baseline,78,25,24,3,3.9674337e-6,0.5000004,0.5000004,0.9091552,0.9091552
B,baseline,78,26,24,3,3.9674337e-6,0.5000004,0.5000004,0.9091552,0.9091552
B,baseline,59,27,24,2,1.7364248e-6,0.500001,0.500001,0.9091554,0.9091554
B,baseline,78,27,24,3,3.9674337e-6,0.5000004,0.5000004,0.9091552,0.9091552
B,baseline,78,32,24,3,3.9674337e-6,0.5000004,0.5000004,0.9091552,0.9091552
B,baseline,78,33,24,3,3.9674337e-6,0.5000004,0.5000004,0.9091552,0.9091552
B,baseline,78,34,24,3,3.9674337e-6,0.5000004,0.5000004,0.9091552,0.9091552
B,baseline,78,35,24,3,3.9674337e-6,0.5000004,0.5000004,0.9091552,0.9091552
B,baseline,78,36,24,3,3.9581755e-6,0.5000004,0.5000004,0.9091552,0.9091552
B,baseline,78,37,24,3,3.9674337e-6,0.5000004,0.5000004,0.9091552,0.9091552
B,baseline,78,38,24,3,3.9674337e-6,0.5000004,0.5000004,0.9091552,0.9091552
B,baseline,78,39,24,3,3.9581755e-6,0.5000004,0.5000004,0.9091552,0.9091552
B,baseline,78,40,24,3,3.9674337e-6,0.5000004,0.5000004,0.9091552,0.9091552
B,baseline,78,41,24,3,3.9674337e-6,0.5000004,0.5000004,0.9091552,0.9091552
B,baseline,78,42,24,3,4.6491596e-6,0.50000083,0.50000083,0.90915537,0.90915537
B,baseline,78,48,24,2,3.9674337e-6,0.5000013,0.5000013,0.9091556,0.9091556
B,baseline,78,48,24,3,3.9674337e-6,0.5000004,0.5000004,0.9091552,0.9091552
B,baseline,78,49,24,3,3.9674337e-6,0.5000004,0.5000004,0.9091552,0.9091552
B,baseline,78,50,24,3,3.9674337e-6,0.5000004,0.5000004,0.9091552,0.9091552
B,baseline,78,51,24,3,5.49922e-6,0.50000125,0.50000125,0.90915555,0.90915555
B,baseline,68,24,25,2,6.156006e-7,0.5000006,0.5000006,0.90915525,0.90915525
B,baseline,69,24,25,2,6.1467284e-7,0.5000006,0.5000006,0.90915525,0.90915525
B,baseline,70,24,25,2,6.1467284e-7,0.5000006,0.5000006,0.90915525,0.90915525
B,baseline,71,24,25,2,6.1467284e-7,0.5000006,0.5000006,0.90915525,0.90915525
B,baseline,72,24,25,2,6.1467284e-7,0.5000006,0.5000006,0.90915525,0.90915525
B,baseline,73,24,25,2,6.1467284e-7,0.5000006,0.5000006,0.90915525,0.90915525
B,baseline,74,24,25,2,6.1467284e-7,0.5000006,0.5000006,0.90915525,0.90915525
B,baseline,75,24,25,2,6.1537065e-7,0.5000006,0.5000006,0.90915525,0.90915525
B,baseline,76,24,25,2,6.1467284e-7,0.5000006,0.5000006,0.90915525,0.90915525
B,baseline,77,24,25,2,6.1467284e-7,0.5000006,0.5000006,0.90915525,0.90915525
B,baseline,78,24,25,2,3.2750993e-6,0.5000022,0.5000022,0.909156,0.909156
B,baseline,77,27,25,2,-2.8123117e-7,-0.5000002,-0.5000002,0.090844974,0.090844974
B,baseline,77,42,25,2,1.223432e-7,-0.49999943,-0.49999943,0.09084536,0.09084536
B,baseline,69,24,26,2,6.1467284e-7,0.5000006,0.5000006,0.90915525,0.90915525
B,baseline,70,24,26,2,6.1467284e-7,0.5000006,0.5000006,0.90915525,0.90915525
B,baseline,71,24,26,2,6.1467284e-7,0.5000006,0.5000006,0.90915525,0.90915525
B,baseline,72,24,26,2,6.1467284e-7,0.5000006,0.5000006,0.90915525,0.90915525
B,baseline,73,24,26,2,6.1467284e-7,0.5000006,0.5000006,0.90915525,0.90915525
B,baseline,74,24,26,2,6.1467284e-7,0.5000006,0.5000006,0.90915525,0.90915525
B,baseline,75,24,26,2,6.1537065e-7,0.5000006,0.5000006,0.90915525,0.90915525
B,baseline,76,24,26,2,6.1467284e-7,0.5000006,0.5000006,0.90915525,0.90915525
B,baseline,77,24,26,2,6.14828e-7,0.5000006,0.5000006,0.90915525,0.90915525
B,baseline,78,24,26,2,6.152544e-7,0.5000006,0.5000006,0.90915525,0.90915525
B,baseline,79,24,26,2,6.1467284e-7,0.5000006,0.5000006,0.90915525,0.90915525
B,baseline,80,24,26,2,6.1467284e-7,0.5000006,0.5000006,0.90915525,0.90915525
B,baseline,81,24,26,2,4.760917e-6,0.50000316,0.50000316,0.9091565,0.9091565
B,baseline,69,24,27,1,2.6605535e-6,0.499998,0.499998,0.90915394,0.90915394
B,baseline,69,24,27,2,2.6605535e-6,0.50000185,0.50000185,0.9091559,0.9091559
B,baseline,70,24,27,2,2.6605535e-6,0.50000185,0.50000185,0.9091559,0.9091559
B,baseline,71,24,27,2,2.6605533e-6,0.50000185,0.50000185,0.9091559,0.9091559
B,baseline,72,24,27,2,6.1537065e-7,0.5000006,0.5000006,0.90915525,0.90915525
B,baseline,73,24,27,2,6.1537065e-7,0.5000006,0.5000006,0.90915525,0.90915525
B,baseline,74,24,27,2,6.1537065e-7,0.5000006,0.5000006,0.90915525,0.90915525
B,baseline,75,24,27,2,6.153707e-7,0.5000006,0.5000006,0.90915525,0.90915525
B,baseline,76,24,27,2,6.152544e-7,0.5000006,0.5000006,0.90915525,0.90915525
B,baseline,77,24,27,2,6.1525446e-7,0.5000006,0.5000006,0.90915525,0.90915525
B,baseline,78,24,27,2,6.146729e-7,0.5000006,0.5000006,0.90915525,0.90915525
B,baseline,79,24,27,2,6.152544e-7,0.5000006,0.5000006,0.90915525,0.90915525
B,baseline,80,24,27,2,6.1525446e-7,0.5000006,0.5000006,0.90915525,0.90915525
B,baseline,81,24,27,2,6.1537065e-7,0.5000006,0.5000006,0.90915525,0.90915525
B,baseline,82,24,27,2,6.1537065e-7,0.5000006,0.5000006,0.90915525,0.90915525
B,baseline,83,24,27,2,6.1537065e-7,0.5000006,0.5000006,0.90915525,0.90915525
B,baseline,84,24,27,2,6.15022e-7,0.5000006,0.5000006,0.90915525,0.90915525
B,baseline,85,24,27,2,6.1537065e-7,0.5000006,0.5000006,0.90915525,0.90915525
B,baseline,69,25,27,1,2.0228326e-6,0.49999774,0.49999774,0.9091538,0.9091538
B,baseline,69,26,27,1,2.0228326e-6,0.49999774,0.49999774,0.9091538,0.9091538
B,baseline,84,26,27,3,2.8461207e-6,0.49999967,0.49999967,0.9091548,0.9091548
B,baseline,69,27,27,1,2.0228326e-6,0.49999774,0.49999774,0.9091538,0.9091538
B,baseline,84,27,27,3,4.2803586e-6,0.50000054,0.50000054,0.9091552,0.9091552
B,baseline,69,28,27,1,2.0228326e-6,0.49999774,0.49999774,0.9091538,0.9091538
B,baseline,84,28,27,3,2.8461202e-6,0.49999967,0.49999967,0.9091548,0.9091548
B,baseline,69,29,27,1,2.0228326e-6,0.49999774,0.49999774,0.9091538,0.9091538
B,baseline,69,30,27,1,2.0228326e-6,0.49999774,0.49999774,0.9091538,0.9091538
B,baseline,69,31,27,1,2.0228326e-6,0.49999774,0.49999774,0.9091538,0.9091538
B,baseline,69,32,27,1,2.0228326e-6,0.49999774,0.49999774,0.9091538,0.9091538
B,baseline,69,33,27,1,2.0228326e-6,0.49999774,0.49999774,0.9091538,0.9091538
B,baseline,69,42,27,1,2.0228326e-6,0.49999774,0.49999774,0.9091538,0.9091538
B,baseline,69,43,27,1,2.0228326e-6,0.49999774,0.49999774,0.9091538,0.9091538
B,baseline,69,44,27,1,2.0228326e-6,0.49999774,0.49999774,0.9091538,0.9091538
B,baseline,69,45,27,1,2.0228326e-6,0.49999774,0.49999774,0.9091538,0.9091538
B,baseline,69,46,27,1,2.0228326e-6,0.49999774,0.49999774,0.9091538,0.9091538
B,baseline,84,46,27,3,4.2803586e-6,0.50000054,0.50000054,0.9091552,0.9091552
B,baseline,69,47,27,1,2.0228326e-6,0.49999774,0.49999774,0.9091538,0.9091538
B,baseline,69,48,27,1,2.0228326e-6,0.49999774,0.49999774,0.9091538,0.9091538
B,baseline,69,49,27,1,2.0228326e-6,0.49999774,0.49999774,0.9091538,0.9091538
B,baseline,69,50,27,1,2.0228326e-6,0.49999774,0.49999774,0.9091538,0.9091538
B,baseline,84,50,27,3,4.228205e-6,0.50000054,0.50000054,0.9091552,0.9091552
B,baseline,69,51,27,1,3.5546218e-6,0.49999854,0.49999854,0.90915424,0.90915424
B,baseline,84,51,27,3,5.8114465e-6,0.5000014,0.5000014,0.90915567,0.90915567
B,baseline,72,24,28,2,6.1467284e-7,0.5000006,0.5000006,0.90915525,0.90915525
B,baseline,73,24,28,2,6.1467284e-7,0.5000006,0.5000006,0.90915525,0.90915525
B,baseline,74,24,28,2,6.1467284e-7,0.5000006,0.5000006,0.90915525,0.90915525
B,baseline,75,24,28,2,6.1513805e-7,0.5000006,0.5000006,0.90915525,0.90915525
B,baseline,76,24,28,2,6.14828e-7,0.5000006,0.5000006,0.90915525,0.90915525
B,baseline,77,24,28,2,6.1467284e-7,0.5000006,0.5000006,0.90915525,0.90915525
B,baseline,78,24,28,2,6.1513805e-7,0.5000006,0.5000006,0.90915525,0.90915525
B,baseline,79,24,28,2,6.14828e-7,0.5000006,0.5000006,0.90915525,0.90915525
B,baseline,80,24,28,2,6.1467284e-7,0.5000006,0.5000006,0.90915525,0.90915525
B,baseline,81,24,28,2,6.1467284e-7,0.5000006,0.5000006,0.90915525,0.90915525
B,baseline,82,24,28,2,6.1467284e-7,0.5000006,0.5000006,0.90915525,0.90915525
B,baseline,83,24,28,2,6.1467284e-7,0.5000006,0.5000006,0.90915525,0.90915525
B,baseline,84,24,28,2,6.1467284e-7,0.5000006,0.5000006,0.90915525,0.90915525
B,baseline,85,24,28,2,6.1467284e-7,0.5000006,0.5000006,0.90915525,0.90915525
B,baseline,75,24,29,2,6.1513805e-7,0.5000006,0.5000006,0.90915525,0.90915525
B,baseline,76,24,29,2,6.1467284e-7,0.5000006,0.5000006,0.90915525,0.90915525
B,baseline,77,24,29,2,6.14828e-7,0.5000006,0.5000006,0.90915525,0.90915525
B,baseline,78,24,29,2,6.1513805e-7,0.5000006,0.5000006,0.90915525,0.90915525
B,baseline,79,24,29,2,6.1467284e-7,0.5000006,0.5000006,0.90915525,0.90915525
B,baseline,80,24,29,2,6.1467284e-7,0.5000006,0.5000006,0.90915525,0.90915525
B,baseline,81,24,29,2,6.1467284e-7,0.5000006,0.5000006,0.90915525,0.90915525
B,baseline,82,24,29,2,6.1467284e-7,0.5000006,0.5000006,0.90915525,0.90915525
B,baseline,83,24,29,2,6.1467284e-7,0.5000006,0.5000006,0.90915525,0.90915525
B,baseline,84,24,29,2,6.1467284e-7,0.5000006,0.5000006,0.90915525,0.90915525
B,baseline,85,24,29,2,6.1467284e-7,0.5000006,0.5000006,0.90915525,0.90915525
B,baseline,86,24,29,2,6.1467284e-7,0.5000006,0.5000006,0.90915525,0.90915525
B,baseline,87,24,29,2,6.1467284e-7,0.5000006,0.5000006,0.90915525,0.90915525
B,baseline,88,24,29,2,6.1471167e-7,0.5000006,0.5000006,0.90915525,0.90915525
B,baseline,78,27,29,2,-4.2701085e-6,-0.5000019,-0.5000019,0.09084411,0.09084411
B,baseline,75,24,30,2,2.8163176e-6,0.50000197,0.50000197,0.9091559,0.9091559
B,baseline,76,24,30,2,2.8168993e-6,0.50000197,0.50000197,0.9091559,0.9091559
B,baseline,77,24,30,2,2.8168993e-6,0.50000197,0.50000197,0.9091559,0.9091559
B,baseline,78,24,30,2,6.153707e-7,0.5000006,0.5000006,0.90915525,0.90915525
B,baseline,79,24,30,2,6.1537065e-7,0.5000006,0.5000006,0.90915525,0.90915525
B,baseline,80,24,30,2,6.1537065e-7,0.5000006,0.5000006,0.90915525,0.90915525
B,baseline,81,24,30,2,6.1537065e-7,0.5000006,0.5000006,0.90915525,0.90915525
B,baseline,82,24,30,2,6.1537065e-7,0.5000006,0.5000006,0.90915525,0.90915525
B,baseline,83,24,30,2,6.1537065e-7,0.5000006,0.5000006,0.90915525,0.90915525
B,baseline,84,24,30,2,6.15022e-7,0.5000006,0.5000006,0.90915525,0.90915525
B,baseline,85,24,30,2,6.1537065e-7,0.5000006,0.5000006,0.90915525,0.90915525
B,baseline,86,24,30,2,6.1537065e-7,0.5000006,0.5000006,0.90915525,0.90915525
B,baseline,87,24,30,2,6.1537065e-7,0.5000006,0.5000006,0.90915525,0.90915525
B,baseline,88,24,30,2,6.1537065e-7,0.5000006,0.5000006,0.90915525,0.90915525
B,baseline,89,24,30,2,6.1537065e-7,0.5000006,0.5000006,0.90915525,0.90915525
B,baseline,90,24,30,2,5.378933e-6,0.50000346,0.50000346,0.9091567,0.9091567
B,baseline,82,27,30,2,-2.807883e-7,-0.5000001,-0.5000001,0.090845,0.090845
B,baseline,84,29,30,3,-4.3250616e-6,-0.50000006,-0.50000006,0.09084503,0.09084503
B,baseline,84,30,30,3,-4.3250616e-6,-0.5000004,-0.5000004,0.090844855,0.090844855
B,baseline,84,31,30,3,-4.3250616e-6,-0.5000004,-0.5000004,0.090844855,0.090844855
B,baseline,84,32,30,3,-4.3250616e-6,-0.5000004,-0.5000004,0.090844855,0.090844855
B,baseline,84,33,30,3,-4.3250616e-6,-0.5000004,-0.5000004,0.090844855,0.090844855
B,baseline,84,34,30,3,-4.3250616e-6,-0.5000004,-0.5000004,0.090844855,0.090844855
B,baseline,84,35,30,3,-4.3250616e-6,-0.5000004,-0.5000004,0.090844855,0.090844855
B,baseline,84,36,30,3,-4.3250616e-6,-0.5000004,-0.5000004,0.090844855,0.090844855
B,baseline,84,37,30,3,-4.3250616e-6,-0.5000004,-0.5000004,0.090844855,0.090844855
B,baseline,84,38,30,3,-4.3250616e-6,-0.5000004,-0.5000004,0.090844855,0.090844855
B,baseline,84,39,30,3,-4.3250616e-6,-0.5000004,-0.5000004,0.090844855,0.090844855
B,baseline,84,40,30,3,-4.3250616e-6,-0.5000004,-0.5000004,0.090844855,0.090844855
B,baseline,84,41,30,3,-4.3250616e-6,-0.5000004,-0.5000004,0.090844855,0.090844855
B,baseline,84,42,30,3,-4.3250616e-6,-0.5000004,-0.5000004,0.090844855,0.090844855
B,baseline,84,43,30,3,-4.3250616e-6,-0.5000004,-0.5000004,0.090844855,0.090844855
B,baseline,84,44,30,3,-4.3250616e-6,-0.5000004,-0.5000004,0.090844855,0.090844855
B,baseline,87,45,30,2,-2.223998e-6,-0.50000054,-0.50000054,0.090844795,0.090844795
B,baseline,78,24,31,2,6.1537065e-7,0.5000006,0.5000006,0.90915525,0.90915525
B,baseline,79,24,31,2,6.1467284e-7,0.5000006,0.5000006,0.90915525,0.90915525
B,baseline,80,24,31,2,6.1467284e-7,0.5000006,0.5000006,0.90915525,0.90915525
B,baseline,81,24,31,2,6.1467284e-7,0.5000006,0.5000006,0.90915525,0.90915525
B,baseline,82,24,31,2,6.1467284e-7,0.5000006,0.5000006,0.90915525,0.90915525
B,baseline,83,24,31,2,6.1467284e-7,0.5000006,0.5000006,0.90915525,0.90915525
B,baseline,84,24,31,2,6.1467284e-7,0.5000006,0.5000006,0.90915525,0.90915525
B,baseline,85,24,31,2,6.1467284e-7,0.5000006,0.5000006,0.90915525,0.90915525
B,baseline,86,24,31,2,6.1467284e-7,0.5000006,0.5000006,0.90915525,0.90915525
B,baseline,87,24,31,2,6.1467284e-7,0.5000006,0.5000006,0.90915525,0.90915525
B,baseline,88,24,31,2,6.1467284e-7,0.5000006,0.5000006,0.90915525,0.90915525
B,baseline,89,24,31,2,6.1467284e-7,0.5000006,0.5000006,0.90915525,0.90915525
B,baseline,90,24,31,2,3.7914297e-6,0.5000025,0.5000025,0.9091562,0.9091562
B,baseline,83,24,32,2,6.171187e-7,0.5000006,0.5000006,0.90915525,0.90915525
B,baseline,84,24,32,2,6.1467284e-7,0.5000006,0.5000006,0.90915525,0.90915525
B,baseline,85,24,32,2,6.1467284e-7,0.5000006,0.5000006,0.90915525,0.90915525
B,baseline,86,24,32,2,6.1467284e-7,0.5000006,0.5000006,0.90915525,0.90915525
B,baseline,87,24,32,2,6.1467284e-7,0.5000006,0.5000006,0.90915525,0.90915525
B,baseline,88,24,32,2,6.1467284e-7,0.5000006,0.5000006,0.90915525,0.90915525
B,baseline,89,24,32,2,6.14828e-7,0.5000006,0.5000006,0.90915525,0.90915525
B,baseline,90,24,32,2,6.156006e-7,0.5000006,0.5000006,0.90915525,0.90915525
B,baseline,91,24,32,2,6.156006e-7,0.5000006,0.5000006,0.90915525,0.90915525
B,baseline,85,27,32,2,-2.8123114e-7,-0.5000002,-0.5000002,0.090844974,0.090844974
B,baseline,83,24,33,2,2.976448e-6,0.500002,0.500002,0.90915596,0.90915596
B,baseline,84,24,33,2,6.1467284e-7,0.5000006,0.5000006,0.90915525,0.90915525
B,baseline,85,24,33,2,6.1467284e-7,0.5000006,0.5000006,0.90915525,0.90915525
B,baseline,86,24,33,2,6.1467284e-7,0.5000006,0.5000006,0.90915525,0.90915525
B,baseline,87,24,33,2,6.1467284e-7,0.5000006,0.5000006,0.90915525,0.90915525
B,baseline,88,24,33,2,6.1467284e-7,0.5000006,0.5000006,0.90915525,0.90915525
B,baseline,89,24,33,2,6.1467284e-7,0.5000006,0.5000006,0.90915525,0.90915525
B,baseline,90,24,33,2,6.1467284e-7,0.5000006,0.5000006,0.90915525,0.90915525
B,baseline,91,24,33,2,6.1467284e-7,0.5000006,0.5000006,0.90915525,0.90915525
B,baseline,92,24,33,2,6.4281454e-7,0.5000006,0.5000006,0.90915525,0.90915525
B,baseline,93,24,33,2,5.428976e-6,0.5000035,0.5000035,0.90915674,0.90915674
B,baseline,93,24,33,3,5.428976e-6,0.50000095,0.50000095,0.9091554,0.9091554
B,baseline,93,25,33,3,4.5685924e-6,0.5000006,0.5000006,0.90915525,0.90915525
B,baseline,87,27,33,2,-4.8694687e-6,-0.50000304,-0.50000304,0.09084354,0.09084354
B,baseline,84,48,33,2,2.3581072e-6,0.50000036,0.50000036,0.90915513,0.90915513
B,baseline,84,24,34,2,6.1467284e-7,0.5000006,0.5000006,0.90915525,0.90915525
B,baseline,85,24,34,2,6.1467284e-7,0.5000006,0.5000006,0.90915525,0.90915525
B,baseline,86,24,34,2,6.1467284e-7,0.5000006,0.5000006,0.90915525,0.90915525
B,baseline,87,24,34,2,6.1467284e-7,0.5000006,0.5000006,0.90915525,0.90915525
B,baseline,88,24,34,2,6.1467284e-7,0.5000006,0.5000006,0.90915525,0.90915525
B,baseline,89,24,34,2,6.1467284e-7,0.5000006,0.5000006,0.90915525,0.90915525
B,baseline,90,24,34,2,6.1467284e-7,0.5000006,0.5000006,0.90915525,0.90915525
B,baseline,91,24,34,2,6.1467284e-7,0.5000006,0.5000006,0.90915525,0.90915525
B,baseline,92,24,34,2,6.1467284e-7,0.5000006,0.5000006,0.90915525,0.90915525
B,baseline,93,24,34,2,5.386764e-6,0.5000035,0.5000035,0.90915674,0.90915674
B,baseline,86,24,35,2,6.4759115e-7,0.5000006,0.5000006,0.90915525,0.90915525
B,baseline,87,24,35,2,6.1467284e-7,0.5000006,0.5000006,0.90915525,0.90915525
B,baseline,88,24,35,2,6.1467284e-7,0.5000006,0.5000006,0.90915525,0.90915525
B,baseline,89,24,35,2,6.1467284e-7,0.5000006,0.5000006,0.90915525,0.90915525
B,baseline,90,24,35,2,6.1467284e-7,0.5000006,0.5000006,0.90915525,0.90915525
B,baseline,91,24,35,2,6.1467284e-7,0.5000006,0.5000006,0.90915525,0.90915525
B,baseline,86,24,36,2,3.1786192e-6,0.50000215,0.50000215,0.909156,0.909156
B,baseline,87,24,36,2,3.129242e-6,0.50000215,0.50000215,0.909156,0.909156
B,baseline,88,24,36,2,3.129242e-6,0.50000215,0.50000215,0.909156,0.909156
B,baseline,89,24,36,2,3.129242e-6,0.50000215,0.50000215,0.909156,0.909156
B,baseline,90,24,36,2,3.129242e-6,0.50000215,0.50000215,0.909156,0.909156
B,baseline,91,24,36,2,3.129242e-6,0.50000215,0.50000215,0.909156,0.909156
B,seed1_plus_1e-8,62,24,21,2,7.7062685e-7,0.50000066,0.50000066,0.9091553,0.9091553
B,seed1_plus_1e-8,63,24,21,2,8.247264e-7,0.50000066,0.50000066,0.9091553,0.9091553
B,seed1_plus_1e-8,64,24,21,2,5.719344e-7,0.5000006,0.5000006,0.90915525,0.90915525
B,seed1_plus_1e-8,65,24,21,2,5.5682455e-7,0.50000036,0.50000036,0.90915513,0.90915513
B,seed1_plus_1e-8,66,24,21,2,6.4156654e-7,0.50000036,0.50000036,0.90915513,0.90915513
B,seed1_plus_1e-8,67,24,21,2,7.0764287e-7,0.5000004,0.5000004,0.9091552,0.9091552
B,seed1_plus_1e-8,68,24,21,2,7.725652e-7,0.50000066,0.50000066,0.9091553,0.9091553
B,seed1_plus_1e-8,69,24,21,2,3.4232119e-6,0.50000256,0.50000256,0.90915626,0.90915626
B,seed1_plus_1e-8,63,37,21,3,3.1205377e-6,0.50000024,0.50000024,0.9091551,0.9091551
B,seed1_plus_1e-8,63,38,21,3,3.0517263e-6,0.5000002,0.5000002,0.9091551,0.9091551
B,seed1_plus_1e-8,64,39,21,2,1.1051693e-7,0.49999905,0.49999905,0.9091545,0.9091545
B,seed1_plus_1e-8,62,24,22,2,5.487951e-7,0.5000006,0.5000006,0.90915525,0.90915525
B,seed1_plus_1e-8,63,24,22,2,9.752237e-7,0.50000066,0.50000066,0.9091553,0.9091553
B,seed1_plus_1e-8,64,24,22,2,5.489798e-7,0.50000054,0.50000054,0.9091552,0.9091552
B,seed1_plus_1e-8,65,24,22,2,4.344943e-7,0.50000066,0.50000066,0.9091553,0.9091553
B,seed1_plus_1e-8,66,24,22,2,5.0208746e-7,0.50000036,0.50000036,0.90915513,0.90915513
B,seed1_plus_1e-8,67,24,22,2,4.4019734e-7,0.5000006,0.5000006,0.90915525,0.90915525
B,seed1_plus_1e-8,68,24,22,2,7.043879e-7,0.5000008,0.5000008,0.9091553,0.9091553
B,seed1_plus_1e-8,69,24,22,2,2.9438218e-6,0.5000019,0.5000019,0.9091559,0.9091559
B,seed1_plus_1e-8,62,24,23,2,4.793991e-7,0.50000054,0.50000054,0.9091552,0.9091552
B,seed1_plus_1e-8,63,24,23,2,4.0223753e-7,0.5000006,0.5000006,0.90915525,0.90915525
B,seed1_plus_1e-8,64,24,23,2,5.190723e-7,0.5000006,0.5000006,0.90915525,0.90915525
B,seed1_plus_1e-8,65,24,23,2,7.700187e-7,0.5000008,0.5000008,0.9091553,0.9091553
B,seed1_plus_1e-8,66,24,23,2,8.892058e-7,0.5000007,0.5000007,0.9091553,0.9091553
B,seed1_plus_1e-8,67,24,23,2,4.9303526e-7,0.5000007,0.5000007,0.9091553,0.9091553
B,seed1_plus_1e-8,68,24,23,2,7.567547e-7,0.5000006,0.5000006,0.90915525,0.90915525
B,seed1_plus_1e-8,69,24,23,2,6.5215494e-7,0.5000007,0.5000007,0.9091553,0.9091553
B,seed1_plus_1e-8,70,24,23,2,6.845899e-7,0.50000066,0.50000066,0.9091553,0.9091553
B,seed1_plus_1e-8,71,24,23,2,4.916015e-7,0.50000066,0.50000066,0.9091553,0.9091553
B,seed1_plus_1e-8,72,24,23,2,5.379319e-7,0.50000054,0.50000054,0.9091552,0.9091552
B,seed1_plus_1e-8,73,24,23,2,8.0103797e-7,0.5000008,0.5000008,0.9091553,0.9091553
B,seed1_plus_1e-8,62,24,24,2,2.7008937e-6,0.50000197,0.50000197,0.9091559,0.9091559
B,seed1_plus_1e-8,63,24,24,2,2.258905e-6,0.50000226,0.50000226,0.9091561,0.9091561
B,seed1_plus_1e-8,64,24,24,2,2.0862956e-6,0.5000016,0.5000016,0.9091558,0.9091558
B,seed1_plus_1e-8,65,24,24,2,2.4898586e-6,0.50000155,0.50000155,0.9091557,0.9091557
B,seed1_plus_1e-8,66,24,24,2,2.715973e-6,0.5000019,0.5000019,0.9091559,0.9091559
B,seed1_plus_1e-8,67,24,24,2,1.8986672e-6,0.50000155,0.50000155,0.9091557,0.9091557
B,seed1_plus_1e-8,68,24,24,2,2.879712e-7,0.5000004,0.5000004,0.9091552,0.9091552
B,seed1_plus_1e-8,69,24,24,2,5.8865623e-7,0.5000005,0.5000005,0.9091552,0.9091552
B,seed1_plus_1e-8,70,24,24,2,6.551822e-7,0.50000066,0.50000066,0.9091553,0.9091553
B,seed1_plus_1e-8,71,24,24,2,6.362839e-7,0.50000066,0.50000066,0.9091553,0.9091553
B,seed1_plus_1e-8,72,24,24,2,8.3963823e-7,0.50000066,0.50000066,0.9091553,0.9091553
B,seed1_plus_1e-8,73,24,24,2,9.14629e-7,0.5000006,0.5000006,0.90915525,0.90915525
B,seed1_plus_1e-8,74,24,24,2,5.3885384e-7,0.5000007,0.5000007,0.9091553,0.9091553
B,seed1_plus_1e-8,75,24,24,2,4.328555e-7,0.50000054,0.50000054,0.9091552,0.9091552
B,seed1_plus_1e-8,76,24,24,2,4.287583e-7,0.5000008,0.5000008,0.9091553,0.9091553
B,seed1_plus_1e-8,77,24,24,2,3.6632343e-7,0.50000054,0.50000054,0.9091552,0.9091552
B,seed1_plus_1e-8,78,24,24,2,4.7186113e-6,0.50000316,0.50000316,0.9091565,0.9091565
B,seed1_plus_1e-8,78,24,24,3,4.7186113e-6,0.5000007,0.5000007,0.9091553,0.9091553
B,seed1_plus_1e-8,78,25,24,3,3.822832e-6,0.50000054,0.50000054,0.9091552,0.9091552
B,seed1_plus_1e-8,78,26,24,3,3.9158826e-6,0.5000007,0.5000007,0.9091553,0.9091553
B,seed1_plus_1e-8,59,27,24,2,1.6765274e-6,0.5000011,0.5000011,0.9091555,0.9091555
B,seed1_plus_1e-8,78,27,24,3,3.738244e-6,0.5000003,0.5000003,0.9091551,0.9091551
B,seed1_plus_1e-8,78,32,24,3,4.0220175e-6,0.5000003,0.5000003,0.9091551,0.9091551
B,seed1_plus_1e-8,78,33,24,3,4.3278596e-6,0.5000007,0.5000007,0.9091553,0.9091553
B,seed1_plus_1e-8,78,34,24,3,3.9495258e-6,0.5000004,0.5000004,0.9091552,0.9091552
B,seed1_plus_1e-8,78,35,24,3,4.1453823e-6,0.5000004,0.5000004,0.9091552,0.9091552
B,seed1_plus_1e-8,78,36,24,3,4.1883677e-6,0.5000009,0.5000009,0.9091554,0.9091554
B,seed1_plus_1e-8,78,37,24,3,4.098853e-6,0.50000054,0.50000054,0.9091552,0.9091552
B,seed1_plus_1e-8,78,38,24,3,3.7366224e-6,0.50000036,0.50000036,0.90915513,0.90915513
B,seed1_plus_1e-8,78,39,24,3,3.6316683e-6,0.5000004,0.5000004,0.9091552,0.9091552
B,seed1_plus_1e-8,78,40,24,3,3.773986e-6,0.5000003,0.5000003,0.9091551,0.9091551
B,seed1_plus_1e-8,78,41,24,3,4.0837713e-6,0.5000005,0.5000005,0.9091552,0.9091552
B,seed1_plus_1e-8,78,42,24,3,4.527129e-6,0.5000007,0.5000007,0.9091553,0.9091553
B,seed1_plus_1e-8,78,48,24,2,3.7871223e-6,0.5000013,0.5000013,0.9091556,0.9091556
B,seed1_plus_1e-8,78,48,24,3,3.7871223e-6,0.5000004,0.5000004,0.9091552,0.9091552
B,seed1_plus_1e-8,78,49,24,3,3.971863e-6,0.50000054,0.50000054,0.9091552,0.9091552
B,seed1_plus_1e-8,78,50,24,3,3.7677091e-6,0.5000001,0.5000001,0.909155,0.909155
B,seed1_plus_1e-8,78,51,24,3,4.9022347e-6,0.5000008,0.5000008,0.9091553,0.9091553
B,seed1_plus_1e-8,68,24,25,2,3.2502655e-7,0.50000066,0.50000066,0.9091553,0.9091553
B,seed1_plus_1e-8,69,24,25,2,5.8238754e-7,0.5000003,0.5000003,0.9091551,0.9091551
B,seed1_plus_1e-8,70,24,25,2,5.220079e-7,0.50000054,0.50000054,0.9091552,0.9091552
B,seed1_plus_1e-8,71,24,25,2,6.7914254e-7,0.50000054,0.50000054,0.9091552,0.9091552
B,seed1_plus_1e-8,72,24,25,2,1.5939352e-7,0.50000066,0.50000066,0.9091553,0.9091553
B,seed1_plus_1e-8,73,24,25,2,6.6337253e-7,0.5000006,0.5000006,0.90915525,0.90915525
B,seed1_plus_1e-8,74,24,25,2,9.5181076e-7,0.5000007,0.5000007,0.9091553,0.9091553
B,seed1_plus_1e-8,75,24,25,2,6.8756657e-7,0.50000066,0.50000066,0.9091553,0.9091553
B,seed1_plus_1e-8,76,24,25,2,7.8514046e-7,0.5000008,0.5000008,0.9091553,0.9091553
B,seed1_plus_1e-8,77,24,25,2,7.7023014e-7,0.50000066,0.50000066,0.9091553,0.9091553
B,seed1_plus_1e-8,78,24,25,2,3.713852e-6,0.5000023,0.5000023,0.90915614,0.90915614
B,seed1_plus_1e-8,77,27,25,2,-2.7328872e-7,-0.50000006,-0.50000006,0.09084503,0.09084503
B,seed1_plus_1e-8,77,42,25,2,1.07207654e-7,-0.4999994,-0.4999994,0.09084536,0.09084536
B,seed1_plus_1e-8,69,24,26,2,2.7261854e-7,0.50000054,0.50000054,0.9091552,0.9091552
B,seed1_plus_1e-8,70,24,26,2,6.2516676e-7,0.50000066,0.50000066,0.9091553,0.9091553
B,seed1_plus_1e-8,71,24,26,2,5.3957837e-7,0.5000007,0.5000007,0.9091553,0.9091553
B,seed1_plus_1e-8,72,24,26,2,4.8500897e-7,0.50000054,0.50000054,0.9091552,0.9091552
B,seed1_plus_1e-8,73,24,26,2,4.981024e-7,0.50000066,0.50000066,0.9091553,0.9091553
B,seed1_plus_1e-8,74,24,26,2,5.073214e-7,0.5000008,0.5000008,0.9091553,0.9091553
B,seed1_plus_1e-8,75,24,26,2,5.0814265e-7,0.50000054,0.50000054,0.9091552,0.9091552
B,seed1_plus_1e-8,76,24,26,2,6.5893937e-7,0.50000054,0.50000054,0.9091552,0.9091552
B,seed1_plus_1e-8,77,24,26,2,6.527868e-7,0.5000007,0.5000007,0.9091553,0.9091553
B,seed1_plus_1e-8,78,24,26,2,3.303025e-7,0.5000006,0.5000006,0.90915525,0.90915525
B,seed1_plus_1e-8,79,24,26,2,8.2437003e-7,0.50000083,0.50000083,0.90915537,0.90915537
B,seed1_plus_1e-8,80,24,26,2,6.5266454e-7,0.5000007,0.5000007,0.9091553,0.9091553
B,seed1_plus_1e-8,81,24,26,2,4.9175824e-6,0.5000033,0.5000033,0.9091566,0.9091566
B,seed1_plus_1e-8,69,24,27,1,2.6470007e-6,0.4999984,0.4999984,0.9091541,0.9091541
B,seed1_plus_1e-8,69,24,27,2,2.6470007e-6,0.500002,0.500002,0.90915596,0.90915596
B,seed1_plus_1e-8,70,24,27,2,2.743554e-6,0.5000019,0.5000019,0.9091559,0.9091559
B,seed1_plus_1e-8,71,24,27,2,2.6656178e-6,0.50000185,0.50000185,0.9091559,0.9091559
B,seed1_plus_1e-8,72,24,27,2,2.9114517e-7,0.5000008,0.5000008,0.9091553,0.9091553
B,seed1_plus_1e-8,73,24,27,2,6.089032e-7,0.50000066,0.50000066,0.9091553,0.9091553
B,seed1_plus_1e-8,74,24,27,2,4.386589e-7,0.5000007,0.5000007,0.9091553,0.9091553
B,seed1_plus_1e-8,75,24,27,2,7.8033804e-7,0.5000006,0.5000006,0.90915525,0.90915525
B,seed1_plus_1e-8,76,24,27,2,1.9243875e-7,0.5000006,0.5000006,0.90915525,0.90915525
B,seed1_plus_1e-8,77,24,27,2,3.2783169e-7,0.5000006,0.5000006,0.90915525,0.90915525
B,seed1_plus_1e-8,78,24,27,2,7.220935e-7,0.5000007,0.5000007,0.9091553,0.9091553
B,seed1_plus_1e-8,79,24,27,2,1.0163045e-6,0.50000083,0.50000083,0.90915537,0.90915537
B,seed1_plus_1e-8,80,24,27,2,1.026601e-6,0.50000083,0.50000083,0.90915537,0.90915537
B,seed1_plus_1e-8,81,24,27,2,8.175213e-7,0.50000066,0.50000066,0.9091553,0.9091553
B,seed1_plus_1e-8,82,24,27,2,3.3088418e-7,0.50000066,0.50000066,0.9091553,0.9091553
B,seed1_plus_1e-8,83,24,27,2,6.531637e-7,0.50000054,0.50000054,0.9091552,0.9091552
B,seed1_plus_1e-8,84,24,27,2,8.776726e-7,0.50000083,0.50000083,0.90915537,0.90915537
B,seed1_plus_1e-8,85,24,27,2,6.993539e-7,0.50000066,0.50000066,0.9091553,0.9091553
B,seed1_plus_1e-8,69,25,27,1,1.8977672e-6,0.4999976,0.4999976,0.90915376,0.90915376
B,seed1_plus_1e-8,69,26,27,1,1.6752186e-6,0.4999976,0.4999976,0.90915376,0.90915376
B,seed1_plus_1e-8,84,26,27,3,3.0804827e-6,0.4999995,0.4999995,0.9091547,0.9091547
B,seed1_plus_1e-8,69,27,27,1,2.6198168e-6,0.49999756,0.49999756,0.90915376,0.90915376
B,seed1_plus_1e-8,84,27,27,3,4.2671913e-6,0.5000003,0.5000003,0.9091551,0.9091551
B,seed1_plus_1e-8,69,28,27,1,1.6007909e-6,0.49999738,0.49999738,0.90915364,0.90915364
B,seed1_plus_1e-8,84,28,27,3,2.9951148e-6,0.4999994,0.4999994,0.90915465,0.90915465
B,seed1_plus_1e-8,69,29,27,1,1.8086156e-6,0.49999765,0.49999765,0.90915376,0.90915376
B,seed1_plus_1e-8,69,30,27,1,1.8501695e-6,0.4999976,0.4999976,0.90915376,0.90915376
B,seed1_plus_1e-8,69,31,27,1,2.1970252e-6,0.4999976,0.4999976,0.90915376,0.90915376
B,seed1_plus_1e-8,69,32,27,1,2.0384502e-6,0.49999756,0.49999756,0.90915376,0.90915376
B,seed1_plus_1e-8,69,33,27,1,1.5039361e-6,0.49999723,0.49999723,0.9091536,0.9091536
B,seed1_plus_1e-8,69,42,27,1,2.046029e-6,0.4999976,0.4999976,0.90915376,0.90915376
B,seed1_plus_1e-8,69,43,27,1,2.1585101e-6,0.49999768,0.49999768,0.90915376,0.90915376
B,seed1_plus_1e-8,69,44,27,1,2.1328565e-6,0.4999976,0.4999976,0.90915376,0.90915376
B,seed1_plus_1e-8,69,45,27,1,1.8878985e-6,0.49999762,0.49999762,0.90915376,0.90915376
B,seed1_plus_1e-8,69,46,27,1,2.2005775e-6,0.49999774,0.49999774,0.9091538,0.9091538
B,seed1_plus_1e-8,84,46,27,3,3.8551343e-6,0.5000003,0.5000003,0.9091551,0.9091551
B,seed1_plus_1e-8,69,47,27,1,1.4060549e-6,0.49999747,0.49999747,0.9091537,0.9091537
B,seed1_plus_1e-8,69,48,27,1,2.6572911e-6,0.49999785,0.49999785,0.9091539,0.9091539
B,seed1_plus_1e-8,69,49,27,1,2.1749543e-6,0.49999774,0.49999774,0.9091538,0.9091538
B,seed1_plus_1e-8,69,50,27,1,2.1215462e-6,0.49999797,0.49999797,0.90915394,0.90915394
B,seed1_plus_1e-8,84,50,27,3,4.6109535e-6,0.5000008,0.5000008,0.9091553,0.9091553
B,seed1_plus_1e-8,69,51,27,1,3.5548999e-6,0.49999863,0.49999863,0.90915424,0.90915424
B,seed1_plus_1e-8,84,51,27,3,5.8631754e-6,0.5000014,0.5000014,0.90915567,0.90915567
B,seed1_plus_1e-8,72,24,28,2,6.372996e-7,0.5000006,0.5000006,0.90915525,0.90915525
B,seed1_plus_1e-8,73,24,28,2,4.9605455e-7,0.50000054,0.50000054,0.9091552,0.9091552
B,seed1_plus_1e-8,74,24,28,2,4.504479e-7,0.50000054,0.50000054,0.9091552,0.9091552
B,seed1_plus_1e-8,75,24,28,2,6.894943e-7,0.5000007,0.5000007,0.9091553,0.9091553
B,seed1_plus_1e-8,76,24,28,2,6.29233e-7,0.5000006,0.5000006,0.90915525,0.90915525
B,seed1_plus_1e-8,77,24,28,2,5.8900105e-7,0.5000008,0.5000008,0.9091553,0.9091553
B,seed1_plus_1e-8,78,24,28,2,4.3414755e-7,0.50000054,0.50000054,0.9091552,0.9091552
B,seed1_plus_1e-8,79,24,28,2,4.4173242e-7,0.50000066,0.50000066,0.9091553,0.9091553
B,seed1_plus_1e-8,80,24,28,2,7.654752e-7,0.5000007,0.5000007,0.9091553,0.9091553
B,seed1_plus_1e-8,81,24,28,2,7.455264e-7,0.5000006,0.5000006,0.90915525,0.90915525
B,seed1_plus_1e-8,82,24,28,2,7.0015864e-7,0.50000095,0.50000095,0.9091554,0.9091554
B,seed1_plus_1e-8,83,24,28,2,8.357441e-7,0.5000008,0.5000008,0.9091553,0.9091553
B,seed1_plus_1e-8,84,24,28,2,6.9275995e-7,0.5000011,0.5000011,0.9091555,0.9091555
B,seed1_plus_1e-8,85,24,28,2,8.979461e-7,0.5000006,0.5000006,0.90915525,0.90915525
B,seed1_plus_1e-8,75,24,29,2,3.9844974e-7,0.5000004,0.5000004,0.9091552,0.9091552
B,seed1_plus_1e-8,76,24,29,2,8.2095323e-7,0.5000006,0.5000006,0.90915525,0.90915525
B,seed1_plus_1e-8,77,24,29,2,6.847066e-7,0.50000054,0.50000054,0.9091552,0.9091552
B,seed1_plus_1e-8,78,24,29,2,6.6398763e-7,0.5000006,0.5000006,0.90915525,0.90915525
B,seed1_plus_1e-8,79,24,29,2,4.4117962e-7,0.50000054,0.50000054,0.9091552,0.9091552
B,seed1_plus_1e-8,80,24,29,2,7.17218e-7,0.5000007,0.5000007,0.9091553,0.9091553
B,seed1_plus_1e-8,81,24,29,2,7.5706635e-7,0.50000066,0.50000066,0.9091553,0.9091553
B,seed1_plus_1e-8,82,24,29,2,8.586577e-7,0.5000007,0.5000007,0.9091553,0.9091553
B,seed1_plus_1e-8,83,24,29,2,7.0469764e-7,0.5000007,0.5000007,0.9091553,0.9091553
B,seed1_plus_1e-8,84,24,29,2,2.5738765e-7,0.5000005,0.5000005,0.9091552,0.9091552
B,seed1_plus_1e-8,85,24,29,2,7.324385e-7,0.50000066,0.50000066,0.9091553,0.9091553
B,seed1_plus_1e-8,86,24,29,2,5.889879e-7,0.5000006,0.5000006,0.90915525,0.90915525
B,seed1_plus_1e-8,87,24,29,2,1.0113511e-6,0.5000004,0.5000004,0.9091552,0.9091552
B,seed1_plus_1e-8,88,24,29,2,7.0773115e-7,0.50000083,0.50000083,0.90915537,0.90915537
B,seed1_plus_1e-8,78,27,29,2,-4.0367804e-6,-0.5000018,-0.5000018,0.09084417,0.09084417
B,seed1_plus_1e-8,75,24,30,2,2.6343532e-6,0.5000017,0.5000017,0.9091558,0.9091558
B,seed1_plus_1e-8,76,24,30,2,2.7027543e-6,0.5000017,0.5000017,0.9091558,0.9091558
B,seed1_plus_1e-8,77,24,30,2,2.867517e-6,0.5000019,0.5000019,0.9091559,0.9091559
B,seed1_plus_1e-8,78,24,30,2,8.794132e-7,0.50000066,0.50000066,0.9091553,0.9091553
B,seed1_plus_1e-8,79,24,30,2,1.1132402e-6,0.50000066,0.50000066,0.9091553,0.9091553
B,seed1_plus_1e-8,80,24,30,2,4.581344e-7,0.50000024,0.50000024,0.9091551,0.9091551
B,seed1_plus_1e-8,81,24,30,2,4.645942e-7,0.5000006,0.5000006,0.90915525,0.90915525
B,seed1_plus_1e-8,82,24,30,2,9.507835e-7,0.50000066,0.50000066,0.9091553,0.9091553
B,seed1_plus_1e-8,83,24,30,2,4.2650925e-7,0.5000004,0.5000004,0.9091552,0.9091552
B,seed1_plus_1e-8,84,24,30,2,3.1694577e-7,0.5000006,0.5000006,0.90915525,0.90915525
B,seed1_plus_1e-8,85,24,30,2,4.855573e-7,0.5000004,0.5000004,0.9091552,0.9091552
B,seed1_plus_1e-8,86,24,30,2,3.7894435e-7,0.50000066,0.50000066,0.9091553,0.9091553
B,seed1_plus_1e-8,87,24,30,2,3.7162417e-7,0.5000005,0.5000005,0.9091552,0.9091552
B,seed1_plus_1e-8,88,24,30,2,7.5127036e-7,0.50000066,0.50000066,0.9091553,0.9091553
B,seed1_plus_1e-8,89,24,30,2,5.499101e-7,0.50000066,0.50000066,0.9091553,0.9091553
B,seed1_plus_1e-8,90,24,30,2,5.407146e-6,0.5000036,0.5000036,0.90915674,0.90915674
B,seed1_plus_1e-8,82,27,30,2,-8.781064e-8,-0.49999988,-0.49999988,0.09084512,0.09084512
B,seed1_plus_1e-8,84,29,30,3,-4.0796594e-6,-0.49999997,-0.49999997,0.09084506,0.09084506
B,seed1_plus_1e-8,84,30,30,3,-4.174917e-6,-0.5000003,-0.5000003,0.090844914,0.090844914
B,seed1_plus_1e-8,84,31,30,3,-4.4313183e-6,-0.5000006,-0.5000006,0.090844765,0.090844765
B,seed1_plus_1e-8,84,32,30,3,-4.31276e-6,-0.50000054,-0.50000054,0.090844795,0.090844795
B,seed1_plus_1e-8,84,33,30,3,-4.3863097e-6,-0.5000004,-0.5000004,0.090844855,0.090844855
B,seed1_plus_1e-8,84,34,30,3,-4.2148763e-6,-0.5000004,-0.5000004,0.090844855,0.090844855
B,seed1_plus_1e-8,84,35,30,3,-4.577312e-6,-0.50000054,-0.50000054,0.090844795,0.090844795
B,seed1_plus_1e-8,84,36,30,3,-3.9188035e-6,-0.5000002,-0.5000002,0.090844974,0.090844974
B,seed1_plus_1e-8,84,37,30,3,-4.2181487e-6,-0.50000036,-0.50000036,0.090844885,0.090844885
B,seed1_plus_1e-8,84,38,30,3,-4.341622e-6,-0.5000005,-0.5000005,0.090844825,0.090844825
B,seed1_plus_1e-8,84,39,30,3,-4.2553497e-6,-0.50000054,-0.50000054,0.090844795,0.090844795
B,seed1_plus_1e-8,84,40,30,3,-4.4718527e-6,-0.50000036,-0.50000036,0.090844885,0.090844885
B,seed1_plus_1e-8,84,41,30,3,-4.539595e-6,-0.50000054,-0.50000054,0.090844795,0.090844795
B,seed1_plus_1e-8,84,42,30,3,-4.6235486e-6,-0.50000066,-0.50000066,0.090844736,0.090844736
B,seed1_plus_1e-8,84,43,30,3,-4.323582e-6,-0.5000005,-0.5000005,0.090844825,0.090844825
B,seed1_plus_1e-8,84,44,30,3,-3.7779598e-6,-0.50000054,-0.50000054,0.090844795,0.090844795
B,seed1_plus_1e-8,87,45,30,2,-2.285214e-6,-0.5000007,-0.5000007,0.090844706,0.090844706
B,seed1_plus_1e-8,78,24,31,2,6.112834e-7,0.5000005,0.5000005,0.9091552,0.9091552
B,seed1_plus_1e-8,79,24,31,2,9.336846e-7,0.50000066,0.50000066,0.9091553,0.9091553
B,seed1_plus_1e-8,80,24,31,2,6.0667105e-7,0.5000005,0.5000005,0.9091552,0.9091552
B,seed1_plus_1e-8,81,24,31,2,8.0121066e-7,0.50000083,0.50000083,0.90915537,0.90915537
B,seed1_plus_1e-8,82,24,31,2,4.0989116e-7,0.50000024,0.50000024,0.9091551,0.9091551
B,seed1_plus_1e-8,83,24,31,2,5.147434e-7,0.5000004,0.5000004,0.9091552,0.9091552
B,seed1_plus_1e-8,84,24,31,2,7.586137e-7,0.5000009,0.5000009,0.9091554,0.9091554
B,seed1_plus_1e-8,85,24,31,2,5.581055e-7,0.5000007,0.5000007,0.9091553,0.9091553
B,seed1_plus_1e-8,86,24,31,2,5.9583755e-7,0.5000004,0.5000004,0.9091552,0.9091552
B,seed1_plus_1e-8,87,24,31,2,7.7750457e-7,0.5000005,0.5000005,0.9091552,0.9091552
B,seed1_plus_1e-8,88,24,31,2,4.872635e-7,0.5000008,0.5000008,0.9091553,0.9091553
B,seed1_plus_1e-8,89,24,31,2,5.038651e-7,0.50000066,0.50000066,0.9091553,0.9091553
B,seed1_plus_1e-8,90,24,31,2,3.8536677e-6,0.5000027,0.5000027,0.90915626,0.90915626
B,seed1_plus_1e-8,83,24,32,2,7.6538566e-7,0.5000004,0.5000004,0.9091552,0.9091552
B,seed1_plus_1e-8,84,24,32,2,7.857076e-7,0.50000083,0.50000083,0.90915537,0.90915537
B,seed1_plus_1e-8,85,24,32,2,5.824192e-7,0.50000083,0.50000083,0.90915537,0.90915537
B,seed1_plus_1e-8,86,24,32,2,7.517801e-7,0.50000054,0.50000054,0.9091552,0.9091552
B,seed1_plus_1e-8,87,24,32,2,4.9554444e-7,0.50000036,0.50000036,0.90915513,0.90915513
B,seed1_plus_1e-8,88,24,32,2,5.6967986e-7,0.5000005,0.5000005,0.9091552,0.9091552
B,seed1_plus_1e-8,89,24,32,2,6.752564e-7,0.5000007,0.5000007,0.9091553,0.9091553
B,seed1_plus_1e-8,90,24,32,2,1.0534268e-6,0.5000008,0.5000008,0.9091553,0.9091553
B,seed1_plus_1e-8,91,24,32,2,5.7184144e-7,0.50000054,0.50000054,0.9091552,0.9091552
B,seed1_plus_1e-8,85,27,32,2,-2.689476e-7,-0.5000001,-0.5000001,0.090845,0.090845
B,seed1_plus_1e-8,83,24,33,2,3.3509546e-6,0.500002,0.500002,0.90915596,0.90915596
B,seed1_plus_1e-8,84,24,33,2,4.3507316e-7,0.50000054,0.50000054,0.9091552,0.9091552
B,seed1_plus_1e-8,85,24,33,2,8.788273e-7,0.5000006,0.5000006,0.90915525,0.90915525
B,seed1_plus_1e-8,86,24,33,2,9.687623e-7,0.5000008,0.5000008,0.9091553,0.9091553
B,seed1_plus_1e-8,87,24,33,2,1.1854331e-6,0.50000083,0.50000083,0.90915537,0.90915537
B,seed1_plus_1e-8,88,24,33,2,5.609694e-7,0.5000006,0.5000006,0.90915525,0.90915525
B,seed1_plus_1e-8,89,24,33,2,5.979807e-7,0.5000006,0.5000006,0.90915525,0.90915525
B,seed1_plus_1e-8,90,24,33,2,5.5172313e-7,0.5000004,0.5000004,0.9091552,0.9091552
B,seed1_plus_1e-8,91,24,33,2,9.198644e-7,0.50000054,0.50000054,0.9091552,0.9091552
B,seed1_plus_1e-8,92,24,33,2,4.6768986e-7,0.5000007,0.5000007,0.9091553,0.9091553
B,seed1_plus_1e-8,93,24,33,2,4.8687434e-6,0.5000035,0.5000035,0.90915674,0.90915674
B,seed1_plus_1e-8,93,24,33,3,4.8687434e-6,0.5000006,0.5000006,0.90915525,0.90915525
B,seed1_plus_1e-8,93,25,33,3,4.619846e-6,0.50000083,0.50000083,0.90915537,0.90915537
B,seed1_plus_1e-8,87,27,33,2,-4.3263985e-6,-0.5000029,-0.5000029,0.0908436,0.0908436
B,seed1_plus_1e-8,84,48,33,2,2.5032923e-6,0.50000036,0.50000036,0.90915513,0.90915513
B,seed1_plus_1e-8,84,24,34,2,4.2038593e-7,0.50000066,0.50000066,0.9091553,0.9091553
B,seed1_plus_1e-8,85,24,34,2,8.9322975e-7,0.5000008,0.5000008,0.9091553,0.9091553
B,seed1_plus_1e-8,86,24,34,2,7.4843064e-7,0.5000008,0.5000008,0.9091553,0.9091553
B,seed1_plus_1e-8,87,24,34,2,9.0557523e-7,0.5000005,0.5000005,0.9091552,0.9091552
B,seed1_plus_1e-8,88,24,34,2,4.0063546e-7,0.5000006,0.5000006,0.90915525,0.90915525
B,seed1_plus_1e-8,89,24,34,2,4.926958e-7,0.5000006,0.5000006,0.90915525,0.90915525
B,seed1_plus_1e-8,90,24,34,2,7.043893e-7,0.5000006,0.5000006,0.90915525,0.90915525
B,seed1_plus_1e-8,91,24,34,2,5.596414e-7,0.5000005,0.5000005,0.9091552,0.9091552
B,seed1_plus_1e-8,92,24,34,2,7.8370107e-7,0.5000006,0.5000006,0.90915525,0.90915525
B,seed1_plus_1e-8,93,24,34,2,5.5214705e-6,0.5000035,0.5000035,0.90915674,0.90915674
B,seed1_plus_1e-8,86,24,35,2,5.793616e-7,0.50000066,0.50000066,0.9091553,0.9091553
B,seed1_plus_1e-8,87,24,35,2,7.102431e-7,0.5000007,0.5000007,0.9091553,0.9091553
B,seed1_plus_1e-8,88,24,35,2,6.4169114e-7,0.5000007,0.5000007,0.9091553,0.9091553
B,seed1_plus_1e-8,89,24,35,2,7.262641e-7,0.5000006,0.5000006,0.90915525,0.90915525
B,seed1_plus_1e-8,90,24,35,2,6.589251e-7,0.5000006,0.5000006,0.90915525,0.90915525
B,seed1_plus_1e-8,91,24,35,2,6.8501413e-7,0.5000007,0.5000007,0.9091553,0.9091553
B,seed1_plus_1e-8,86,24,36,2,3.359952e-6,0.5000023,0.5000023,0.90915614,0.90915614
B,seed1_plus_1e-8,87,24,36,2,2.6154216e-6,0.500002,0.500002,0.90915596,0.90915596
B,seed1_plus_1e-8,88,24,36,2,3.4172372e-6,0.5000022,0.5000022,0.909156,0.909156
B,seed1_plus_1e-8,89,24,36,2,3.4405396e-6,0.5000022,0.5000022,0.909156,0.909156
B,seed1_plus_1e-8,90,24,36,2,3.0657295e-6,0.500002,0.500002,0.90915596,0.90915596
B,seed1_plus_1e-8,91,24,36,2,3.4414616e-6,0.5000022,0.5000022,0.909156,0.909156
B,seed1_minus_1e-8,62,24,21,2,4.5871892e-7,0.50000054,0.50000054,0.9091552,0.9091552
B,seed1_minus_1e-8,63,24,21,2,4.046193e-7,0.50000054,0.50000054,0.9091552,0.9091552
B,seed1_minus_1e-8,64,24,21,2,6.5741136e-7,0.50000066,0.50000066,0.9091553,0.9091553
B,seed1_minus_1e-8,65,24,21,2,6.725212e-7,0.50000083,0.50000083,0.90915537,0.90915537
B,seed1_minus_1e-8,66,24,21,2,5.877792e-7,0.50000083,0.50000083,0.90915537,0.90915537
B,seed1_minus_1e-8,67,24,21,2,5.217029e-7,0.50000083,0.50000083,0.90915537,0.90915537
B,seed1_minus_1e-8,68,24,21,2,4.567805e-7,0.5000006,0.5000006,0.90915525,0.90915525
B,seed1_minus_1e-8,69,24,21,2,4.8469274e-6,0.500003,0.500003,0.90915644,0.90915644
B,seed1_minus_1e-8,63,37,21,3,3.294407e-6,0.50000024,0.50000024,0.9091551,0.9091551
B,seed1_minus_1e-8,63,38,21,3,3.3632184e-6,0.5000003,0.5000003,0.9091551,0.9091551
B,seed1_minus_1e-8,64,39,21,2,-2.6045922e-7,0.4999995,0.4999995,0.9091547,0.9091547
B,seed1_minus_1e-8,62,24,22,2,6.8055067e-7,0.5000006,0.5000006,0.90915525,0.90915525
B,seed1_minus_1e-8,63,24,22,2,2.5412214e-7,0.5000006,0.5000006,0.90915525,0.90915525
B,seed1_minus_1e-8,64,24,22,2,6.803659e-7,0.50000066,0.50000066,0.9091553,0.9091553
B,seed1_minus_1e-8,65,24,22,2,7.948515e-7,0.50000054,0.50000054,0.9091552,0.9091552
B,seed1_minus_1e-8,66,24,22,2,7.272583e-7,0.5000009,0.5000009,0.9091554,0.9091554
B,seed1_minus_1e-8,67,24,22,2,7.8914843e-7,0.50000066,0.50000066,0.9091553,0.9091553
B,seed1_minus_1e-8,68,24,22,2,5.2495784e-7,0.5000004,0.5000004,0.9091552,0.9091552
B,seed1_minus_1e-8,69,24,22,2,2.979369e-6,0.50000215,0.50000215,0.909156,0.909156
B,seed1_minus_1e-8,62,24,23,2,7.4994665e-7,0.50000066,0.50000066,0.9091553,0.9091553
B,seed1_minus_1e-8,63,24,23,2,8.271082e-7,0.50000066,0.50000066,0.9091553,0.9091553
B,seed1_minus_1e-8,64,24,23,2,7.1027347e-7,0.5000006,0.5000006,0.90915525,0.90915525
B,seed1_minus_1e-8,65,24,23,2,4.5932708e-7,0.5000005,0.5000005,0.9091552,0.9091552
B,seed1_minus_1e-8,66,24,23,2,3.4013993e-7,0.5000005,0.5000005,0.9091552,0.9091552
B,seed1_minus_1e-8,67,24,23,2,7.363105e-7,0.5000005,0.5000005,0.9091552,0.9091552
B,seed1_minus_1e-8,68,24,23,2,4.7259107e-7,0.50000066,0.50000066,0.9091553,0.9091553
B,seed1_minus_1e-8,69,24,23,2,5.7719075e-7,0.5000005,0.5000005,0.9091552,0.9091552
B,seed1_minus_1e-8,70,24,23,2,5.447558e-7,0.5000006,0.5000006,0.90915525,0.90915525
B,seed1_minus_1e-8,71,24,23,2,7.3774424e-7,0.5000006,0.5000006,0.90915525,0.90915525
B,seed1_minus_1e-8,72,24,23,2,6.9141385e-7,0.50000066,0.50000066,0.9091553,0.9091553
B,seed1_minus_1e-8,73,24,23,2,4.301632e-7,0.5000005,0.5000005,0.9091552,0.9091552
B,seed1_minus_1e-8,62,24,24,2,2.3903187e-6,0.50000155,0.50000155,0.9091557,0.9091557
B,seed1_minus_1e-8,63,24,24,2,2.8323077e-6,0.5000013,0.5000013,0.9091556,0.9091556
B,seed1_minus_1e-8,64,24,24,2,3.0049168e-6,0.50000197,0.50000197,0.9091559,0.9091559
B,seed1_minus_1e-8,65,24,24,2,2.6013538e-6,0.50000197,0.50000197,0.9091559,0.9091559
B,seed1_minus_1e-8,66,24,24,2,2.3752393e-6,0.50000167,0.50000167,0.9091558,0.9091558
B,seed1_minus_1e-8,67,24,24,2,1.9052369e-6,0.5000012,0.5000012,0.90915555,0.90915555
B,seed1_minus_1e-8,68,24,24,2,9.4137454e-7,0.5000008,0.5000008,0.9091553,0.9091553
B,seed1_minus_1e-8,69,24,24,2,6.4068945e-7,0.5000008,0.5000008,0.9091553,0.9091553
B,seed1_minus_1e-8,70,24,24,2,5.7416355e-7,0.5000006,0.5000006,0.90915525,0.90915525
B,seed1_minus_1e-8,71,24,24,2,5.930618e-7,0.5000006,0.5000006,0.90915525,0.90915525
B,seed1_minus_1e-8,72,24,24,2,3.897075e-7,0.5000006,0.5000006,0.90915525,0.90915525
B,seed1_minus_1e-8,73,24,24,2,3.147167e-7,0.5000006,0.5000006,0.90915525,0.90915525
B,seed1_minus_1e-8,74,24,24,2,6.9049185e-7,0.50000054,0.50000054,0.9091552,0.9091552
B,seed1_minus_1e-8,75,24,24,2,7.978859e-7,0.50000066,0.50000066,0.9091553,0.9091553
B,seed1_minus_1e-8,76,24,24,2,8.005874e-7,0.5000004,0.5000004,0.9091552,0.9091552
B,seed1_minus_1e-8,77,24,24,2,8.630223e-7,0.5000007,0.5000007,0.9091553,0.9091553
B,seed1_minus_1e-8,78,24,24,2,4.4916956e-6,0.50000286,0.50000286,0.9091564,0.9091564
B,seed1_minus_1e-8,78,24,24,3,4.4916956e-6,0.5000007,0.5000007,0.9091553,0.9091553
B,seed1_minus_1e-8,78,25,24,3,4.112036e-6,0.5000003,0.5000003,0.9091551,0.9091551
B,seed1_minus_1e-8,78,26,24,3,4.018985e-6,0.5000002,0.5000002,0.9091551,0.9091551
B,seed1_minus_1e-8,59,27,24,2,1.7963222e-6,0.500001,0.500001,0.9091554,0.9091554
B,seed1_minus_1e-8,78,27,24,3,4.1966236e-6,0.5000006,0.5000006,0.90915525,0.90915525
B,seed1_minus_1e-8,78,32,24,3,3.91285e-6,0.5000006,0.5000006,0.90915525,0.90915525
B,seed1_minus_1e-8,78,33,24,3,3.607008e-6,0.5000002,0.5000002,0.9091551,0.9091551
B,seed1_minus_1e-8,78,34,24,3,3.9853417e-6,0.5000004,0.5000004,0.9091552,0.9091552
B,seed1_minus_1e-8,78,35,24,3,3.7894854e-6,0.5000005,0.5000005,0.9091552,0.9091552
B,seed1_minus_1e-8,78,36,24,3,3.7279833e-6,0.49999997,0.49999997,0.90915495,0.90915495
B,seed1_minus_1e-8,78,37,24,3,3.836015e-6,0.50000036,0.50000036,0.90915513,0.90915513
B,seed1_minus_1e-8,78,38,24,3,4.1982453e-6,0.5000005,0.5000005,0.9091552,0.9091552
B,seed1_minus_1e-8,78,39,24,3,4.2846827e-6,0.5000005,0.5000005,0.9091552,0.9091552
B,seed1_minus_1e-8,78,40,24,3,4.160882e-6,0.50000054,0.50000054,0.9091552,0.9091552
B,seed1_minus_1e-8,78,41,24,3,3.8510966e-6,0.50000036,0.50000036,0.90915513,0.90915513
B,seed1_minus_1e-8,78,42,24,3,4.77119e-6,0.50000095,0.50000095,0.9091554,0.9091554
B,seed1_minus_1e-8,78,48,24,2,4.147745e-6,0.5000014,0.5000014,0.90915567,0.90915567
B,seed1_minus_1e-8,78,48,24,3,4.147745e-6,0.5000004,0.5000004,0.9091552,0.9091552
B,seed1_minus_1e-8,78,49,24,3,3.963005e-6,0.5000003,0.5000003,0.9091551,0.9091551
B,seed1_minus_1e-8,78,50,24,3,4.1671587e-6,0.5000008,0.5000008,0.9091553,0.9091553
B,seed1_minus_1e-8,78,51,24,3,6.096206e-6,0.5000017,0.5000017,0.9091558,0.9091558
B,seed1_minus_1e-8,68,24,25,2,9.0617465e-7,0.5000006,0.5000006,0.90915525,0.90915525
B,seed1_minus_1e-8,69,24,25,2,6.469582e-7,0.50000095,0.50000095,0.9091554,0.9091554
B,seed1_minus_1e-8,70,24,25,2,7.0733785e-7,0.5000007,0.5000007,0.9091553,0.9091553
B,seed1_minus_1e-8,71,24,25,2,5.502032e-7,0.50000066,0.50000066,0.9091553,0.9091553
B,seed1_minus_1e-8,72,24,25,2,1.0699523e-6,0.5000006,0.5000006,0.90915525,0.90915525
B,seed1_minus_1e-8,73,24,25,2,5.659732e-7,0.50000066,0.50000066,0.9091553,0.9091553
B,seed1_minus_1e-8,74,24,25,2,2.77535e-7,0.50000054,0.50000054,0.9091552,0.9091552
B,seed1_minus_1e-8,75,24,25,2,5.431748e-7,0.50000054,0.50000054,0.9091552,0.9091552
B,seed1_minus_1e-8,76,24,25,2,4.4420528e-7,0.5000004,0.5000004,0.9091552,0.9091552
B,seed1_minus_1e-8,77,24,25,2,4.591156e-7,0.5000006,0.5000006,0.90915525,0.90915525
B,seed1_minus_1e-8,78,24,25,2,2.8363465e-6,0.50000215,0.50000215,0.909156,0.909156
B,seed1_minus_1e-8,77,27,25,2,-2.891736e-7,-0.50000036,-0.50000036,0.090844885,0.090844885
B,seed1_minus_1e-8,77,42,25,2,1.3747875e-7,-0.49999943,-0.49999943,0.09084536,0.09084536
B,seed1_minus_1e-8,69,24,26,2,9.567271e-7,0.50000066,0.50000066,0.9091553,0.9091553
B,seed1_minus_1e-8,70,24,26,2,6.04179e-7,0.5000006,0.5000006,0.90915525,0.90915525
B,seed1_minus_1e-8,71,24,26,2,6.897674e-7,0.5000005,0.5000005,0.9091552,0.9091552
B,seed1_minus_1e-8,72,24,26,2,7.443367e-7,0.50000066,0.50000066,0.9091553,0.9091553
B,seed1_minus_1e-8,73,24,26,2,7.3124335e-7,0.5000006,0.5000006,0.90915525,0.90915525
B,seed1_minus_1e-8,74,24,26,2,7.2202437e-7,0.5000005,0.5000005,0.9091552,0.9091552
B,seed1_minus_1e-8,75,24,26,2,7.225987e-7,0.50000066,0.50000066,0.9091553,0.9091553
B,seed1_minus_1e-8,76,24,26,2,5.7040637e-7,0.5000007,0.5000007,0.9091553,0.9091553
B,seed1_minus_1e-8,77,24,26,2,5.7686924e-7,0.5000005,0.5000005,0.9091552,0.9091552
B,seed1_minus_1e-8,78,24,26,2,9.002064e-7,0.50000066,0.50000066,0.9091553,0.9091553
B,seed1_minus_1e-8,79,24,26,2,4.049757e-7,0.50000036,0.50000036,0.90915513,0.90915513
B,seed1_minus_1e-8,80,24,26,2,5.766812e-7,0.5000005,0.5000005,0.9091552,0.9091552
B,seed1_minus_1e-8,81,24,26,2,4.604252e-6,0.500003,0.500003,0.90915644,0.90915644
B,seed1_minus_1e-8,69,24,27,1,2.6741066e-6,0.49999765,0.49999765,0.90915376,0.90915376
B,seed1_minus_1e-8,69,24,27,2,2.6741066e-6,0.5000017,0.5000017,0.9091558,0.9091558
B,seed1_minus_1e-8,70,24,27,2,2.5775532e-6,0.5000018,0.5000018,0.90915585,0.90915585
B,seed1_minus_1e-8,71,24,27,2,2.6554887e-6,0.50000185,0.50000185,0.9091559,0.9091559
B,seed1_minus_1e-8,72,24,27,2,9.395962e-7,0.5000004,0.5000004,0.9091552,0.9091552
B,seed1_minus_1e-8,73,24,27,2,6.218382e-7,0.5000006,0.5000006,0.90915525,0.90915525
B,seed1_minus_1e-8,74,24,27,2,7.9208246e-7,0.5000005,0.5000005,0.9091552,0.9091552
B,seed1_minus_1e-8,75,24,27,2,4.5040335e-7,0.5000006,0.5000006,0.90915525,0.90915525
B,seed1_minus_1e-8,76,24,27,2,1.0380701e-6,0.5000006,0.5000006,0.90915525,0.90915525
B,seed1_minus_1e-8,77,24,27,2,9.026772e-7,0.50000066,0.50000066,0.9091553,0.9091553
B,seed1_minus_1e-8,78,24,27,2,5.0725225e-7,0.5000005,0.5000005,0.9091552,0.9091552
B,seed1_minus_1e-8,79,24,27,2,2.1420428e-7,0.50000036,0.50000036,0.90915513,0.90915513
B,seed1_minus_1e-8,80,24,27,2,2.0390787e-7,0.50000036,0.50000036,0.90915513,0.90915513
B,seed1_minus_1e-8,81,24,27,2,4.1322005e-7,0.50000054,0.50000054,0.9091552,0.9091552
B,seed1_minus_1e-8,82,24,27,2,8.998572e-7,0.50000054,0.50000054,0.9091552,0.9091552
B,seed1_minus_1e-8,83,24,27,2,5.775777e-7,0.50000066,0.50000066,0.9091553,0.9091553
B,seed1_minus_1e-8,84,24,27,2,3.5237127e-7,0.5000004,0.5000004,0.9091552,0.9091552
B,seed1_minus_1e-8,85,24,27,2,5.3138746e-7,0.50000054,0.50000054,0.9091552,0.9091552
B,seed1_minus_1e-8,69,25,27,1,2.1478982e-6,0.49999785,0.49999785,0.9091539,0.9091539
B,seed1_minus_1e-8,69,26,27,1,2.3704465e-6,0.49999785,0.49999785,0.9091539,0.9091539
B,seed1_minus_1e-8,84,26,27,3,2.6117586e-6,0.49999982,0.49999982,0.90915483,0.90915483
B,seed1_minus_1e-8,69,27,27,1,1.4258485e-6,0.4999979,0.4999979,0.9091539,0.9091539
B,seed1_minus_1e-8,84,27,27,3,4.2935258e-6,0.50000083,0.50000083,0.90915537,0.90915537
B,seed1_minus_1e-8,69,28,27,1,2.4448743e-6,0.4999981,0.4999981,0.909154,0.909154
B,seed1_minus_1e-8,84,28,27,3,2.6971259e-6,0.49999994,0.49999994,0.90915495,0.90915495
B,seed1_minus_1e-8,69,29,27,1,2.2370496e-6,0.49999782,0.49999782,0.9091539,0.9091539
B,seed1_minus_1e-8,69,30,27,1,2.1954957e-6,0.49999785,0.49999785,0.9091539,0.9091539
B,seed1_minus_1e-8,69,31,27,1,1.84864e-6,0.49999788,0.49999788,0.9091539,0.9091539
B,seed1_minus_1e-8,69,32,27,1,2.007215e-6,0.4999979,0.4999979,0.9091539,0.9091539
B,seed1_minus_1e-8,69,33,27,1,2.5417291e-6,0.49999824,0.49999824,0.90915406,0.90915406
B,seed1_minus_1e-8,69,42,27,1,1.9996362e-6,0.49999785,0.49999785,0.9091539,0.9091539
B,seed1_minus_1e-8,69,43,27,1,1.8871551e-6,0.4999978,0.4999978,0.9091539,0.9091539
B,seed1_minus_1e-8,69,44,27,1,1.9128088e-6,0.49999785,0.49999785,0.9091539,0.9091539
B,seed1_minus_1e-8,69,45,27,1,2.1577666e-6,0.49999785,0.49999785,0.9091539,0.9091539
B,seed1_minus_1e-8,69,46,27,1,1.8450878e-6,0.49999774,0.49999774,0.9091538,0.9091538
B,seed1_minus_1e-8,84,46,27,3,4.7055833e-6,0.5000008,0.5000008,0.9091553,0.9091553
B,seed1_minus_1e-8,69,47,27,1,2.6396103e-6,0.499998,0.499998,0.90915394,0.90915394
B,seed1_minus_1e-8,69,48,27,1,1.3883741e-6,0.4999976,0.4999976,0.90915376,0.90915376
B,seed1_minus_1e-8,69,49,27,1,1.8707109e-6,0.49999774,0.49999774,0.9091538,0.9091538
B,seed1_minus_1e-8,69,50,27,1,1.924119e-6,0.49999747,0.49999747,0.9091537,0.9091537
B,seed1_minus_1e-8,84,50,27,3,3.8454564e-6,0.50000024,0.50000024,0.9091551,0.9091551
B,seed1_minus_1e-8,69,51,27,1,3.5543437e-6,0.49999848,0.49999848,0.9091542,0.9091542
B,seed1_minus_1e-8,84,51,27,3,5.7597176e-6,0.5000014,0.5000014,0.90915567,0.90915567
B,seed1_minus_1e-8,72,24,28,2,5.920461e-7,0.50000066,0.50000066,0.9091553,0.9091553
B,seed1_minus_1e-8,73,24,28,2,7.332912e-7,0.50000066,0.50000066,0.9091553,0.9091553
B,seed1_minus_1e-8,74,24,28,2,7.7889786e-7,0.50000066,0.50000066,0.9091553,0.9091553
B,seed1_minus_1e-8,75,24,28,2,5.4078185e-7,0.5000005,0.5000005,0.9091552,0.9091552
B,seed1_minus_1e-8,76,24,28,2,6.00423e-7,0.5000006,0.5000006,0.90915525,0.90915525
B,seed1_minus_1e-8,77,24,28,2,6.403447e-7,0.5000004,0.5000004,0.9091552,0.9091552
B,seed1_minus_1e-8,78,24,28,2,7.9612863e-7,0.5000007,0.5000007,0.9091553,0.9091553
B,seed1_minus_1e-8,79,24,28,2,7.8792357e-7,0.50000054,0.50000054,0.9091552,0.9091552
B,seed1_minus_1e-8,80,24,28,2,4.6387058e-7,0.5000005,0.5000005,0.9091552,0.9091552
B,seed1_minus_1e-8,81,24,28,2,4.8381935e-7,0.5000006,0.5000006,0.90915525,0.90915525
B,seed1_minus_1e-8,82,24,28,2,5.291871e-7,0.50000024,0.50000024,0.9091551,0.9091551
B,seed1_minus_1e-8,83,24,28,2,3.9360162e-7,0.5000004,0.5000004,0.9091552,0.9091552
B,seed1_minus_1e-8,84,24,28,2,5.365858e-7,0.5000002,0.5000002,0.9091551,0.9091551
B,seed1_minus_1e-8,85,24,28,2,3.3139963e-7,0.5000006,0.5000006,0.90915525,0.90915525
B,seed1_minus_1e-8,75,24,29,2,8.318264e-7,0.5000008,0.5000008,0.9091553,0.9091553
B,seed1_minus_1e-8,76,24,29,2,4.0839248e-7,0.5000006,0.5000006,0.90915525,0.90915525
B,seed1_minus_1e-8,77,24,29,2,5.4494944e-7,0.5000007,0.5000007,0.9091553,0.9091553
B,seed1_minus_1e-8,78,24,29,2,5.662885e-7,0.50000066,0.50000066,0.9091553,0.9091553
B,seed1_minus_1e-8,79,24,29,2,7.881661e-7,0.50000066,0.50000066,0.9091553,0.9091553
B,seed1_minus_1e-8,80,24,29,2,5.1212777e-7,0.5000005,0.5000005,0.9091552,0.9091552
B,seed1_minus_1e-8,81,24,29,2,4.7227937e-7,0.5000006,0.5000006,0.90915525,0.90915525
B,seed1_minus_1e-8,82,24,29,2,3.7068807e-7,0.5000005,0.5000005,0.9091552,0.9091552
B,seed1_minus_1e-8,83,24,29,2,5.246481e-7,0.5000005,0.5000005,0.9091552,0.9091552
B,seed1_minus_1e-8,84,24,29,2,9.719581e-7,0.5000008,0.5000008,0.9091553,0.9091553
B,seed1_minus_1e-8,85,24,29,2,4.9690726e-7,0.5000006,0.5000006,0.90915525,0.90915525
B,seed1_minus_1e-8,86,24,29,2,6.403578e-7,0.5000006,0.5000006,0.90915525,0.90915525
B,seed1_minus_1e-8,87,24,29,2,2.1799465e-7,0.5000008,0.5000008,0.9091553,0.9091553
B,seed1_minus_1e-8,88,24,29,2,5.2169213e-7,0.5000004,0.5000004,0.9091552,0.9091552
B,seed1_minus_1e-8,78,27,29,2,-4.5034367e-6,-0.50000197,-0.50000197,0.09084408,0.09084408
B,seed1_minus_1e-8,75,24,30,2,2.998282e-6,0.50000215,0.50000215,0.909156,0.909156
B,seed1_minus_1e-8,76,24,30,2,2.9310443e-6,0.50000215,0.50000215,0.909156,0.909156
B,seed1_minus_1e-8,77,24,30,2,2.7662816e-6,0.500002,0.500002,0.90915596,0.90915596
B,seed1_minus_1e-8,78,24,30,2,3.5132814e-7,0.50000054,0.50000054,0.9091552,0.9091552
B,seed1_minus_1e-8,79,24,30,2,1.1750124e-7,0.50000054,0.50000054,0.9091552,0.9091552
B,seed1_minus_1e-8,80,24,30,2,7.72607e-7,0.50000095,0.50000095,0.9091554,0.9091554
B,seed1_minus_1e-8,81,24,30,2,7.661472e-7,0.5000006,0.5000006,0.90915525,0.90915525
B,seed1_minus_1e-8,82,24,30,2,2.7995787e-7,0.50000054,0.50000054,0.9091552,0.9091552
B,seed1_minus_1e-8,83,24,30,2,8.042321e-7,0.5000008,0.5000008,0.9091553,0.9091553
B,seed1_minus_1e-8,84,24,30,2,9.130981e-7,0.5000006,0.5000006,0.90915525,0.90915525
B,seed1_minus_1e-8,85,24,30,2,7.451841e-7,0.5000008,0.5000008,0.9091553,0.9091553
B,seed1_minus_1e-8,86,24,30,2,8.5179704e-7,0.50000054,0.50000054,0.9091552,0.9091552
B,seed1_minus_1e-8,87,24,30,2,8.591172e-7,0.5000008,0.5000008,0.9091553,0.9091553
B,seed1_minus_1e-8,88,24,30,2,4.79471e-7,0.50000054,0.50000054,0.9091552,0.9091552
B,seed1_minus_1e-8,89,24,30,2,6.808312e-7,0.5000006,0.5000006,0.90915525,0.90915525
B,seed1_minus_1e-8,90,24,30,2,5.3507206e-6,0.50000334,0.50000334,0.9091566,0.9091566
B,seed1_minus_1e-8,82,27,30,2,-4.7376594e-7,-0.50000036,-0.50000036,0.090844885,0.090844885
B,seed1_minus_1e-8,84,29,30,3,-4.570464e-6,-0.5000001,-0.5000001,0.090845,0.090845
B,seed1_minus_1e-8,84,30,30,3,-4.475206e-6,-0.5000006,-0.5000006,0.090844765,0.090844765
B,seed1_minus_1e-8,84,31,30,3,-4.218805e-6,-0.5000003,-0.5000003,0.090844914,0.090844914
B,seed1_minus_1e-8,84,32,30,3,-4.3373634e-6,-0.50000036,-0.50000036,0.090844885,0.090844885
B,seed1_minus_1e-8,84,33,30,3,-4.263814e-6,-0.5000005,-0.5000005,0.090844825,0.090844825
B,seed1_minus_1e-8,84,34,30,3,-4.435247e-6,-0.5000004,-0.5000004,0.090844855,0.090844855
B,seed1_minus_1e-8,84,35,30,3,-4.0728114e-6,-0.50000036,-0.50000036,0.090844885,0.090844885
B,seed1_minus_1e-8,84,36,30,3,-4.73132e-6,-0.5000007,-0.5000007,0.090844706,0.090844706
B,seed1_minus_1e-8,84,37,30,3,-4.4319745e-6,-0.50000054,-0.50000054,0.090844795,0.090844795
B,seed1_minus_1e-8,84,38,30,3,-4.3085015e-6,-0.50000036,-0.50000036,0.090844885,0.090844885
B,seed1_minus_1e-8,84,39,30,3,-4.3947734e-6,-0.5000003,-0.5000003,0.090844914,0.090844914
B,seed1_minus_1e-8,84,40,30,3,-4.178271e-6,-0.5000005,-0.5000005,0.090844825,0.090844825
B,seed1_minus_1e-8,84,41,30,3,-4.110528e-6,-0.50000036,-0.50000036,0.090844885,0.090844885
B,seed1_minus_1e-8,84,42,30,3,-4.0265745e-6,-0.5000002,-0.5000002,0.090844974,0.090844974
B,seed1_minus_1e-8,84,43,30,3,-4.326542e-6,-0.50000036,-0.50000036,0.090844885,0.090844885
B,seed1_minus_1e-8,84,44,30,3,-4.8721636e-6,-0.50000036,-0.50000036,0.090844885,0.090844885
B,seed1_minus_1e-8,87,45,30,2,-2.162782e-6,-0.5000003,-0.5000003,0.090844914,0.090844914
B,seed1_minus_1e-8,78,24,31,2,6.194579e-7,0.5000008,0.5000008,0.9091553,0.9091553
B,seed1_minus_1e-8,79,24,31,2,2.9566115e-7,0.50000054,0.50000054,0.9091552,0.9091552
B,seed1_minus_1e-8,80,24,31,2,6.226747e-7,0.5000008,0.5000008,0.9091553,0.9091553
B,seed1_minus_1e-8,81,24,31,2,4.2813508e-7,0.5000004,0.5000004,0.9091552,0.9091552
B,seed1_minus_1e-8,82,24,31,2,8.194546e-7,0.50000095,0.50000095,0.9091554,0.9091554
B,seed1_minus_1e-8,83,24,31,2,7.146023e-7,0.5000008,0.5000008,0.9091553,0.9091553
B,seed1_minus_1e-8,84,24,31,2,4.7073203e-7,0.5000003,0.5000003,0.9091551,0.9091551
B,seed1_minus_1e-8,85,24,31,2,6.7124023e-7,0.5000005,0.5000005,0.9091552,0.9091552
B,seed1_minus_1e-8,86,24,31,2,6.335082e-7,0.5000008,0.5000008,0.9091553,0.9091553
B,seed1_minus_1e-8,87,24,31,2,4.5184117e-7,0.5000007,0.5000007,0.9091553,0.9091553
B,seed1_minus_1e-8,88,24,31,2,7.4208225e-7,0.5000004,0.5000004,0.9091552,0.9091552
B,seed1_minus_1e-8,89,24,31,2,7.254806e-7,0.50000054,0.50000054,0.9091552,0.9091552
B,seed1_minus_1e-8,90,24,31,2,3.7291916e-6,0.5000024,0.5000024,0.90915614,0.90915614
B,seed1_minus_1e-8,83,24,32,2,4.688518e-7,0.50000083,0.50000083,0.90915537,0.90915537
B,seed1_minus_1e-8,84,24,32,2,4.4363819e-7,0.50000036,0.50000036,0.90915513,0.90915513
B,seed1_minus_1e-8,85,24,32,2,6.4692654e-7,0.50000036,0.50000036,0.90915513,0.90915513
B,seed1_minus_1e-8,86,24,32,2,4.7756566e-7,0.50000066,0.50000066,0.9091553,0.9091553
B,seed1_minus_1e-8,87,24,32,2,7.338013e-7,0.50000083,0.50000083,0.90915537,0.90915537
B,seed1_minus_1e-8,88,24,32,2,6.596659e-7,0.5000007,0.5000007,0.9091553,0.9091553
B,seed1_minus_1e-8,89,24,32,2,5.5439966e-7,0.5000005,0.5000005,0.9091552,0.9091552
B,seed1_minus_1e-8,90,24,32,2,1.777743e-7,0.5000005,0.5000005,0.9091552,0.9091552
B,seed1_minus_1e-8,91,24,32,2,6.5935967e-7,0.50000066,0.50000066,0.9091553,0.9091553
B,seed1_minus_1e-8,85,27,32,2,-2.9351472e-7,-0.5000003,-0.5000003,0.090844914,0.090844914
B,seed1_minus_1e-8,83,24,33,2,2.6019418e-6,0.5000021,0.5000021,0.909156,0.909156
B,seed1_minus_1e-8,84,24,33,2,7.942725e-7,0.50000066,0.50000066,0.9091553,0.9091553
B,seed1_minus_1e-8,85,24,33,2,3.5051843e-7,0.50000066,0.50000066,0.9091553,0.9091553
B,seed1_minus_1e-8,86,24,33,2,2.6058342e-7,0.5000005,0.5000005,0.9091552,0.9091552
B,seed1_minus_1e-8,87,24,33,2,4.3912674e-8,0.50000036,0.50000036,0.90915513,0.90915513
B,seed1_minus_1e-8,88,24,33,2,6.6837634e-7,0.5000006,0.5000006,0.90915525,0.90915525
B,seed1_minus_1e-8,89,24,33,2,6.31365e-7,0.50000066,0.50000066,0.9091553,0.9091553
B,seed1_minus_1e-8,90,24,33,2,6.776226e-7,0.5000008,0.5000008,0.9091553,0.9091553
B,seed1_minus_1e-8,91,24,33,2,3.0948132e-7,0.50000066,0.50000066,0.9091553,0.9091553
B,seed1_minus_1e-8,92,24,33,2,8.1793917e-7,0.5000005,0.5000005,0.9091552,0.9091552
B,seed1_minus_1e-8,93,24,33,2,5.9892077e-6,0.5000036,0.5000036,0.90915674,0.90915674
B,seed1_minus_1e-8,93,24,33,3,5.9892077e-6,0.5000013,0.5000013,0.9091556,0.9091556
B,seed1_minus_1e-8,93,25,33,3,4.5173383e-6,0.50000036,0.50000036,0.90915513,0.90915513
B,seed1_minus_1e-8,87,27,33,2,-5.412539e-6,-0.50000316,-0.50000316,0.090843484,0.090843484
B,seed1_minus_1e-8,84,48,33,2,2.2129218e-6,0.5000003,0.5000003,0.9091551,0.9091551
B,seed1_minus_1e-8,84,24,34,2,8.089598e-7,0.50000054,0.50000054,0.9091552,0.9091552
B,seed1_minus_1e-8,85,24,34,2,3.36116e-7,0.5000004,0.5000004,0.9091552,0.9091552
B,seed1_minus_1e-8,86,24,34,2,4.809151e-7,0.5000004,0.5000004,0.9091552,0.9091552
B,seed1_minus_1e-8,87,24,34,2,3.2377048e-7,0.5000008,0.5000008,0.9091553,0.9091553
B,seed1_minus_1e-8,88,24,34,2,8.287103e-7,0.5000006,0.5000006,0.90915525,0.90915525
B,seed1_minus_1e-8,89,24,34,2,7.3664995e-7,0.50000066,0.50000066,0.9091553,0.9091553
B,seed1_minus_1e-8,90,24,34,2,5.249564e-7,0.5000006,0.5000006,0.90915525,0.90915525
B,seed1_minus_1e-8,91,24,34,2,6.6970426e-7,0.5000007,0.5000007,0.9091553,0.9091553
B,seed1_minus_1e-8,92,24,34,2,4.4564467e-7,0.50000066,0.50000066,0.9091553,0.9091553
B,seed1_minus_1e-8,93,24,34,2,5.2520572e-6,0.5000035,0.5000035,0.90915674,0.90915674
B,seed1_minus_1e-8,86,24,35,2,7.1582076e-7,0.50000054,0.50000054,0.9091552,0.9091552
B,seed1_minus_1e-8,87,24,35,2,5.1910257e-7,0.50000054,0.50000054,0.9091552,0.9091552
B,seed1_minus_1e-8,88,24,35,2,5.876546e-7,0.50000054,0.50000054,0.9091552,0.9091552
B,seed1_minus_1e-8,89,24,35,2,5.0308165e-7,0.5000006,0.5000006,0.90915525,0.90915525
B,seed1_minus_1e-8,90,24,35,2,5.7042064e-7,0.50000066,0.50000066,0.9091553,0.9091553
B,seed1_minus_1e-8,91,24,35,2,5.443316e-7,0.5000005,0.5000005,0.9091552,0.9091552
B,seed1_minus_1e-8,86,24,36,2,2.9972862e-6,0.50000197,0.50000197,0.9091559,0.9091559
B,seed1_minus_1e-8,87,24,36,2,3.6430624e-6,0.50000226,0.50000226,0.9091561,0.9091561
B,seed1_minus_1e-8,88,24,36,2,2.841247e-6,0.5000021,0.5000021,0.909156,0.909156
B,seed1_minus_1e-8,89,24,36,2,2.8179445e-6,0.500002,0.500002,0.90915596,0.90915596
B,seed1_minus_1e-8,90,24,36,2,3.1927543e-6,0.50000226,0.50000226,0.9091561,0.9091561
B,seed1_minus_1e-8,91,24,36,2,2.8170225e-6,0.500002,0.500002,0.90915596,0.90915596
C,baseline,62,24,21,2,3.5762787e-7,0.50000036,0.50000036,0.90915513,0.90915513
C,baseline,63,24,21,2,3.5762787e-7,0.50000036,0.50000036,0.90915513,0.90915513
C,baseline,64,24,21,2,3.5762787e-7,0.50000036,0.50000036,0.90915513,0.90915513
C,baseline,65,24,21,2,3.5762787e-7,0.50000036,0.50000036,0.90915513,0.90915513
C,baseline,66,24,21,2,3.5762787e-7,0.50000036,0.50000036,0.90915513,0.90915513
C,baseline,67,24,21,2,3.5762787e-7,0.50000036,0.50000036,0.90915513,0.90915513
C,baseline,68,24,21,2,3.5762787e-7,0.50000036,0.50000036,0.90915513,0.90915513
C,baseline,69,24,21,2,3.5762787e-7,0.50000036,0.50000036,0.90915513,0.90915513
C,baseline,63,37,21,3,-3.3306688e-16,0.5,0.5,0.90915495,0.90915495
C,baseline,63,38,21,3,-3.3306688e-16,0.5,0.5,0.90915495,0.90915495
C,baseline,64,39,21,2,-7.496966e-8,0.49999982,0.49999982,0.90915483,0.90915483
C,baseline,62,24,22,2,3.5762787e-7,0.50000036,0.50000036,0.90915513,0.90915513
C,baseline,63,24,22,2,3.5762787e-7,0.50000036,0.50000036,0.90915513,0.90915513
C,baseline,64,24,22,2,3.5762787e-7,0.50000036,0.50000036,0.90915513,0.90915513
C,baseline,65,24,22,2,3.5762787e-7,0.50000036,0.50000036,0.90915513,0.90915513
C,baseline,66,24,22,2,3.5762787e-7,0.50000036,0.50000036,0.90915513,0.90915513
C,baseline,67,24,22,2,3.5762787e-7,0.50000036,0.50000036,0.90915513,0.90915513
C,baseline,68,24,22,2,3.5762787e-7,0.50000036,0.50000036,0.90915513,0.90915513
C,baseline,69,24,22,2,3.5762787e-7,0.50000036,0.50000036,0.90915513,0.90915513
C,baseline,62,24,23,2,3.5762787e-7,0.50000036,0.50000036,0.90915513,0.90915513
C,baseline,63,24,23,2,3.5762787e-7,0.50000036,0.50000036,0.90915513,0.90915513
C,baseline,64,24,23,2,3.5762787e-7,0.50000036,0.50000036,0.90915513,0.90915513
C,baseline,65,24,23,2,3.5762787e-7,0.50000036,0.50000036,0.90915513,0.90915513
C,baseline,66,24,23,2,3.5762787e-7,0.50000036,0.50000036,0.90915513,0.90915513
C,baseline,67,24,23,2,3.5762787e-7,0.50000036,0.50000036,0.90915513,0.90915513
C,baseline,68,24,23,2,3.5762787e-7,0.50000036,0.50000036,0.90915513,0.90915513
C,baseline,69,24,23,2,3.5762787e-7,0.50000036,0.50000036,0.90915513,0.90915513
C,baseline,70,24,23,2,3.5762787e-7,0.50000036,0.50000036,0.90915513,0.90915513
C,baseline,71,24,23,2,3.5762787e-7,0.50000036,0.50000036,0.90915513,0.90915513
C,baseline,72,24,23,2,3.5762787e-7,0.50000036,0.50000036,0.90915513,0.90915513
C,baseline,73,24,23,2,3.5855558e-7,0.50000036,0.50000036,0.90915513,0.90915513
C,baseline,62,24,24,2,3.998401e-7,0.50000036,0.50000036,0.90915513,0.90915513
C,baseline,63,24,24,2,3.998401e-7,0.50000036,0.50000036,0.90915513,0.90915513
C,baseline,64,24,24,2,3.998401e-7,0.50000036,0.50000036,0.90915513,0.90915513
C,baseline,65,24,24,2,3.998401e-7,0.50000036,0.50000036,0.90915513,0.90915513
C,baseline,66,24,24,2,3.998401e-7,0.50000036,0.50000036,0.90915513,0.90915513
C,baseline,67,24,24,2,3.8576937e-7,0.50000036,0.50000036,0.90915513,0.90915513
C,baseline,68,24,24,2,3.5762787e-7,0.50000036,0.50000036,0.90915513,0.90915513
C,baseline,69,24,24,2,3.5762787e-7,0.50000036,0.50000036,0.90915513,0.90915513
C,baseline,70,24,24,2,3.5762787e-7,0.50000036,0.50000036,0.90915513,0.90915513
C,baseline,71,24,24,2,3.5762787e-7,0.50000036,0.50000036,0.90915513,0.90915513
C,baseline,72,24,24,2,3.5762787e-7,0.50000036,0.50000036,0.90915513,0.90915513
C,baseline,73,24,24,2,3.5762787e-7,0.50000036,0.50000036,0.90915513,0.90915513
C,baseline,74,24,24,2,3.5762787e-7,0.50000036,0.50000036,0.90915513,0.90915513
C,baseline,75,24,24,2,3.5832568e-7,0.50000036,0.50000036,0.90915513,0.90915513
C,baseline,76,24,24,2,3.5762787e-7,0.50000036,0.50000036,0.90915513,0.90915513
C,baseline,77,24,24,2,3.5762787e-7,0.50000036,0.50000036,0.90915513,0.90915513
C,baseline,78,24,24,2,3.5832568e-7,0.50000036,0.50000036,0.90915513,0.90915513
C,baseline,78,24,24,3,3.5832568e-7,0.5,0.5,0.90915495,0.90915495
C,baseline,78,25,24,3,-2.2351738e-8,0.49999988,0.49999988,0.9091549,0.9091549
C,baseline,78,26,24,3,-2.2351738e-8,0.49999988,0.49999988,0.9091549,0.9091549
C,baseline,59,27,24,2,-2.528811e-7,0.4999998,0.4999998,0.90915483,0.90915483
C,baseline,78,27,24,3,-2.2351738e-8,0.49999988,0.49999988,0.9091549,0.9091549
C,baseline,78,32,24,3,-2.2351738e-8,0.49999988,0.49999988,0.9091549,0.9091549
C,baseline,78,33,24,3,-2.2351738e-8,0.49999988,0.49999988,0.9091549,0.9091549
C,baseline,78,34,24,3,-2.2351738e-8,0.49999988,0.49999988,0.9091549,0.9091549
C,baseline,78,35,24,3,-2.2351738e-8,0.49999988,0.49999988,0.9091549,0.9091549
C,baseline,78,36,24,3,-3.161013e-8,0.49999988,0.49999988,0.9091549,0.9091549
C,baseline,78,37,24,3,-2.2351738e-8,0.49999988,0.49999988,0.9091549,0.9091549
C,baseline,78,38,24,3,-2.2351738e-8,0.49999988,0.49999988,0.9091549,0.9091549
C,baseline,78,39,24,3,-3.161013e-8,0.49999988,0.49999988,0.9091549,0.9091549
C,baseline,78,40,24,3,-2.2351738e-8,0.49999988,0.49999988,0.9091549,0.9091549
C,baseline,78,41,24,3,-2.2351738e-8,0.49999988,0.49999988,0.9091549,0.9091549
C,baseline,78,42,24,3,-2.2351733e-8,0.49999988,0.49999988,0.9091549,0.9091549
C,baseline,78,48,24,2,-2.2351738e-8,0.49999988,0.49999988,0.9091549,0.9091549
C,baseline,78,48,24,3,-2.2351738e-8,0.49999988,0.49999988,0.9091549,0.9091549
C,baseline,78,49,24,3,-2.2351738e-8,0.49999988,0.49999988,0.9091549,0.9091549
C,baseline,78,50,24,3,-2.2351738e-8,0.49999988,0.49999988,0.9091549,0.9091549
C,baseline,78,51,24,3,3.5832568e-7,0.5,0.5,0.90915495,0.90915495
C,baseline,68,24,25,2,3.5855558e-7,0.50000036,0.50000036,0.90915513,0.90915513
C,baseline,69,24,25,2,3.5762787e-7,0.50000036,0.50000036,0.90915513,0.90915513
C,baseline,70,24,25,2,3.5762787e-7,0.50000036,0.50000036,0.90915513,0.90915513
C,baseline,71,24,25,2,3.5762787e-7,0.50000036,0.50000036,0.90915513,0.90915513
C,baseline,72,24,25,2,3.5762787e-7,0.50000036,0.50000036,0.90915513,0.90915513
C,baseline,73,24,25,2,3.5762787e-7,0.50000036,0.50000036,0.90915513,0.90915513
C,baseline,74,24,25,2,3.5762787e-7,0.50000036,0.50000036,0.90915513,0.90915513
C,baseline,75,24,25,2,3.5832568e-7,0.50000036,0.50000036,0.90915513,0.90915513
C,baseline,76,24,25,2,3.5762787e-7,0.50000036,0.50000036,0.90915513,0.90915513
C,baseline,77,24,25,2,3.5762787e-7,0.50000036,0.50000036,0.90915513,0.90915513
C,baseline,78,24,25,2,3.5820943e-7,0.50000036,0.50000036,0.90915513,0.90915513
C,baseline,77,27,25,2,-1.8064836e-7,-0.5000001,-0.5000001,0.090845,0.090845
C,baseline,77,42,25,2,-1.8064836e-7,-0.5000001,-0.5000001,0.090845,0.090845
C,baseline,69,24,26,2,3.5762787e-7,0.50000036,0.50000036,0.90915513,0.90915513
C,baseline,70,24,26,2,3.5762787e-7,0.50000036,0.50000036,0.90915513,0.90915513
C,baseline,71,24,26,2,3.5762787e-7,0.50000036,0.50000036,0.90915513,0.90915513
C,baseline,72,24,26,2,3.5762787e-7,0.50000036,0.50000036,0.90915513,0.90915513
C,baseline,73,24,26,2,3.5762787e-7,0.50000036,0.50000036,0.90915513,0.90915513
C,baseline,74,24,26,2,3.5762787e-7,0.50000036,0.50000036,0.90915513,0.90915513
C,baseline,75,24,26,2,3.5832568e-7,0.50000036,0.50000036,0.90915513,0.90915513
C,baseline,76,24,26,2,3.5762787e-7,0.50000036,0.50000036,0.90915513,0.90915513
C,baseline,77,24,26,2,3.5778302e-7,0.50000036,0.50000036,0.90915513,0.90915513
C,baseline,78,24,26,2,3.5820943e-7,0.50000036,0.50000036,0.90915513,0.90915513
C,baseline,79,24,26,2,3.5762787e-7,0.50000036,0.50000036,0.90915513,0.90915513
C,baseline,80,24,26,2,3.5762787e-7,0.50000036,0.50000036,0.90915513,0.90915513
C,baseline,81,24,26,2,3.5762787e-7,0.50000036,0.50000036,0.90915513,0.90915513
C,baseline,69,24,27,1,3.5832568e-7,0.5000001,0.5000001,0.909155,0.909155
C,baseline,69,24,27,2,3.5832568e-7,0.50000036,0.50000036,0.90915513,0.90915513
C,baseline,70,24,27,2,3.5832568e-7,0.50000036,0.50000036,0.90915513,0.90915513
C,baseline,71,24,27,2,3.5832568e-7,0.50000036,0.50000036,0.90915513,0.90915513
C,baseline,72,24,27,2,3.5832568e-7,0.50000036,0.50000036,0.90915513,0.90915513
C,baseline,73,24,27,2,3.5832568e-7,0.50000036,0.50000036,0.90915513,0.90915513
C,baseline,74,24,27,2,3.5832568e-7,0.50000036,0.50000036,0.90915513,0.90915513
C,baseline,75,24,27,2,3.5832568e-7,0.50000036,0.50000036,0.90915513,0.90915513
C,baseline,76,24,27,2,3.5820943e-7,0.50000036,0.50000036,0.90915513,0.90915513
C,baseline,77,24,27,2,3.5820943e-7,0.50000036,0.50000036,0.90915513,0.90915513
C,baseline,78,24,27,2,3.5762787e-7,0.50000036,0.50000036,0.90915513,0.90915513
C,baseline,79,24,27,2,3.5820943e-7,0.50000036,0.50000036,0.90915513,0.90915513
C,baseline,80,24,27,2,3.5820943e-7,0.50000036,0.50000036,0.90915513,0.90915513
C,baseline,81,24,27,2,3.5832568e-7,0.50000036,0.50000036,0.90915513,0.90915513
C,baseline,82,24,27,2,3.5832568e-7,0.50000036,0.50000036,0.90915513,0.90915513
C,baseline,83,24,27,2,3.5832568e-7,0.50000036,0.50000036,0.90915513,0.90915513
C,baseline,84,24,27,2,3.5797694e-7,0.50000036,0.50000036,0.90915513,0.90915513
C,baseline,85,24,27,2,3.5832568e-7,0.50000036,0.50000036,0.90915513,0.90915513
C,baseline,69,25,27,1,-2.2351744e-8,0.5,0.5,0.90915495,0.90915495
C,baseline,69,26,27,1,-2.2351744e-8,0.5,0.5,0.90915495,0.90915495
C,baseline,84,26,27,3,-2.2351742e-8,0.49999997,0.49999997,0.90915495,0.90915495
C,baseline,69,27,27,1,-2.2351744e-8,0.5,0.5,0.90915495,0.90915495
C,baseline,84,27,27,3,-2.2351742e-8,0.49999997,0.49999997,0.90915495,0.90915495
C,baseline,69,28,27,1,-2.2351744e-8,0.5,0.5,0.90915495,0.90915495
C,baseline,84,28,27,3,-2.2351742e-8,0.49999997,0.49999997,0.90915495,0.90915495
C,baseline,69,29,27,1,-2.2351744e-8,0.5,0.5,0.90915495,0.90915495
C,baseline,69,30,27,1,-2.2351744e-8,0.5,0.5,0.90915495,0.90915495
C,baseline,69,31,27,1,-2.2351744e-8,0.5,0.5,0.90915495,0.90915495
C,baseline,69,32,27,1,-2.2351744e-8,0.5,0.5,0.90915495,0.90915495
C,baseline,69,33,27,1,-2.2351744e-8,0.5,0.5,0.90915495,0.90915495
C,baseline,69,42,27,1,-2.2351744e-8,0.5,0.5,0.90915495,0.90915495
C,baseline,69,43,27,1,-2.2351744e-8,0.5,0.5,0.90915495,0.90915495
C,baseline,69,44,27,1,-2.2351744e-8,0.5,0.5,0.90915495,0.90915495
C,baseline,69,45,27,1,-2.2351744e-8,0.5,0.5,0.90915495,0.90915495
C,baseline,69,46,27,1,-2.2351744e-8,0.5,0.5,0.90915495,0.90915495
C,baseline,84,46,27,3,-2.2351742e-8,0.49999997,0.49999997,0.90915495,0.90915495
C,baseline,69,47,27,1,-2.2351744e-8,0.5,0.5,0.90915495,0.90915495
C,baseline,69,48,27,1,-2.2351744e-8,0.5,0.5,0.90915495,0.90915495
C,baseline,69,49,27,1,-2.2351744e-8,0.5,0.5,0.90915495,0.90915495
C,baseline,69,50,27,1,-2.2351744e-8,0.5,0.5,0.90915495,0.90915495
C,baseline,84,50,27,3,-7.45058e-8,0.49999994,0.49999994,0.90915495,0.90915495
C,baseline,69,51,27,1,3.5832568e-7,0.5000001,0.5000001,0.909155,0.909155
C,baseline,84,51,27,3,3.5762787e-7,0.5000001,0.5000001,0.909155,0.909155
C,baseline,72,24,28,2,3.5762787e-7,0.50000036,0.50000036,0.90915513,0.90915513
C,baseline,73,24,28,2,3.5762787e-7,0.50000036,0.50000036,0.90915513,0.90915513
C,baseline,74,24,28,2,3.5762787e-7,0.50000036,0.50000036,0.90915513,0.90915513
C,baseline,75,24,28,2,3.5809308e-7,0.50000036,0.50000036,0.90915513,0.90915513
C,baseline,76,24,28,2,3.5778302e-7,0.50000036,0.50000036,0.90915513,0.90915513
C,baseline,77,24,28,2,3.5762787e-7,0.50000036,0.50000036,0.90915513,0.90915513
C,baseline,78,24,28,2,3.5809308e-7,0.50000036,0.50000036,0.90915513,0.90915513
C,baseline,79,24,28,2,3.5778302e-7,0.50000036,0.50000036,0.90915513,0.90915513
C,baseline,80,24,28,2,3.5762787e-7,0.50000036,0.50000036,0.90915513,0.90915513
C,baseline,81,24,28,2,3.5762787e-7,0.50000036,0.50000036,0.90915513,0.90915513
C,baseline,82,24,28,2,3.5762787e-7,0.50000036,0.50000036,0.90915513,0.90915513
C,baseline,83,24,28,2,3.5762787e-7,0.50000036,0.50000036,0.90915513,0.90915513
C,baseline,84,24,28,2,3.5762787e-7,0.50000036,0.50000036,0.90915513,0.90915513
C,baseline,85,24,28,2,3.5762787e-7,0.50000036,0.50000036,0.90915513,0.90915513
C,baseline,75,24,29,2,3.5809308e-7,0.50000036,0.50000036,0.90915513,0.90915513
C,baseline,76,24,29,2,3.5762787e-7,0.50000036,0.50000036,0.90915513,0.90915513
C,baseline,77,24,29,2,3.5778302e-7,0.50000036,0.50000036,0.90915513,0.90915513
C,baseline,78,24,29,2,3.5809308e-7,0.50000036,0.50000036,0.90915513,0.90915513
C,baseline,79,24,29,2,3.5762787e-7,0.50000036,0.50000036,0.90915513,0.90915513
C,baseline,80,24,29,2,3.5762787e-7,0.50000036,0.50000036,0.90915513,0.90915513
C,baseline,81,24,29,2,3.5762787e-7,0.50000036,0.50000036,0.90915513,0.90915513
C,baseline,82,24,29,2,3.5762787e-7,0.50000036,0.50000036,0.90915513,0.90915513
C,baseline,83,24,29,2,3.5762787e-7,0.50000036,0.50000036,0.90915513,0.90915513
C,baseline,84,24,29,2,3.5762787e-7,0.50000036,0.50000036,0.90915513,0.90915513
C,baseline,85,24,29,2,3.5762787e-7,0.50000036,0.50000036,0.90915513,0.90915513
C,baseline,86,24,29,2,3.5762787e-7,0.50000036,0.50000036,0.90915513,0.90915513
C,baseline,87,24,29,2,3.5762787e-7,0.50000036,0.50000036,0.90915513,0.90915513
C,baseline,88,24,29,2,3.5766666e-7,0.50000036,0.50000036,0.90915513,0.90915513
C,baseline,78,27,29,2,-1.7974165e-7,-0.5000001,-0.5000001,0.090845,0.090845
C,baseline,75,24,30,2,3.5762787e-7,0.50000036,0.50000036,0.90915513,0.90915513
C,baseline,76,24,30,2,3.5820943e-7,0.50000036,0.50000036,0.90915513,0.90915513
C,baseline,77,24,30,2,3.5820943e-7,0.50000036,0.50000036,0.90915513,0.90915513
C,baseline,78,24,30,2,3.5832568e-7,0.50000036,0.50000036,0.90915513,0.90915513
C,baseline,79,24,30,2,3.5832568e-7,0.50000036,0.50000036,0.90915513,0.90915513
C,baseline,80,24,30,2,3.5832568e-7,0.50000036,0.50000036,0.90915513,0.90915513
C,baseline,81,24,30,2,3.5832568e-7,0.50000036,0.50000036,0.90915513,0.90915513
C,baseline,82,24,30,2,3.5832568e-7,0.50000036,0.50000036,0.90915513,0.90915513
C,baseline,83,24,30,2,3.5832568e-7,0.50000036,0.50000036,0.90915513,0.90915513
C,baseline,84,24,30,2,3.5797694e-7,0.50000036,0.50000036,0.90915513,0.90915513
C,baseline,85,24,30,2,3.5832568e-7,0.50000036,0.50000036,0.90915513,0.90915513
C,baseline,86,24,30,2,3.5832568e-7,0.50000036,0.50000036,0.90915513,0.90915513
C,baseline,87,24,30,2,3.5832568e-7,0.50000036,0.50000036,0.90915513,0.90915513
C,baseline,88,24,30,2,3.5832568e-7,0.50000036,0.50000036,0.90915513,0.90915513
C,baseline,89,24,30,2,3.5832568e-7,0.50000036,0.50000036,0.90915513,0.90915513
C,baseline,90,24,30,2,5.0625584e-7,0.5000004,0.5000004,0.9091552,0.9091552
C,baseline,82,27,30,2,-1.802055e-7,-0.50000006,-0.50000006,0.09084503,0.09084503
C,baseline,84,29,30,3,-2.2351744e-8,-0.5,-0.5,0.09084506,0.09084506
C,baseline,84,30,30,3,-2.2351744e-8,-0.5,-0.5,0.09084506,0.09084506
C,baseline,84,31,30,3,-2.2351744e-8,-0.5,-0.5,0.09084506,0.09084506
C,baseline,84,32,30,3,-2.2351744e-8,-0.5,-0.5,0.09084506,0.09084506
C,baseline,84,33,30,3,-2.2351744e-8,-0.5,-0.5,0.09084506,0.09084506
C,baseline,84,34,30,3,-2.2351744e-8,-0.5,-0.5,0.09084506,0.09084506
C,baseline,84,35,30,3,-2.2351744e-8,-0.5,-0.5,0.09084506,0.09084506
C,baseline,84,36,30,3,-2.2351744e-8,-0.5,-0.5,0.09084506,0.09084506
C,baseline,84,37,30,3,-2.2351744e-8,-0.5,-0.5,0.09084506,0.09084506
C,baseline,84,38,30,3,-2.2351744e-8,-0.5,-0.5,0.09084506,0.09084506
C,baseline,84,39,30,3,-2.2351744e-8,-0.5,-0.5,0.09084506,0.09084506
C,baseline,84,40,30,3,-2.2351744e-8,-0.5,-0.5,0.09084506,0.09084506
C,baseline,84,41,30,3,-2.2351744e-8,-0.5,-0.5,0.09084506,0.09084506
C,baseline,84,42,30,3,-2.2351744e-8,-0.5,-0.5,0.09084506,0.09084506
C,baseline,84,43,30,3,-2.2351744e-8,-0.5,-0.5,0.09084506,0.09084506
C,baseline,84,44,30,3,-2.2351744e-8,-0.5,-0.5,0.09084506,0.09084506
C,baseline,87,45,30,2,-2.235174e-8,-0.5,-0.5,0.09084506,0.09084506
C,baseline,78,24,31,2,3.583257e-7,0.50000036,0.50000036,0.90915513,0.90915513
C,baseline,79,24,31,2,3.5762787e-7,0.50000036,0.50000036,0.90915513,0.90915513
C,baseline,80,24,31,2,3.5762787e-7,0.50000036,0.50000036,0.90915513,0.90915513
C,baseline,81,24,31,2,3.5762787e-7,0.50000036,0.50000036,0.90915513,0.90915513
C,baseline,82,24,31,2,3.5762787e-7,0.50000036,0.50000036,0.90915513,0.90915513
C,baseline,83,24,31,2,3.5762787e-7,0.50000036,0.50000036,0.90915513,0.90915513
C,baseline,84,24,31,2,3.5762787e-7,0.50000036,0.50000036,0.90915513,0.90915513
C,baseline,85,24,31,2,3.5762787e-7,0.50000036,0.50000036,0.90915513,0.90915513
C,baseline,86,24,31,2,3.5762787e-7,0.50000036,0.50000036,0.90915513,0.90915513
C,baseline,87,24,31,2,3.5762787e-7,0.50000036,0.50000036,0.90915513,0.90915513
C,baseline,88,24,31,2,3.5762787e-7,0.50000036,0.50000036,0.90915513,0.90915513
C,baseline,89,24,31,2,3.5762787e-7,0.50000036,0.50000036,0.90915513,0.90915513
C,baseline,90,24,31,2,4.573118e-7,0.50000036,0.50000036,0.90915513,0.90915513
C,baseline,83,24,32,2,3.6007376e-7,0.50000036,0.50000036,0.90915513,0.90915513
C,baseline,84,24,32,2,3.5762787e-7,0.50000036,0.50000036,0.90915513,0.90915513
C,baseline,85,24,32,2,3.5762787e-7,0.50000036,0.50000036,0.90915513,0.90915513
C,baseline,86,24,32,2,3.5762787e-7,0.50000036,0.50000036,0.90915513,0.90915513
C,baseline,87,24,32,2,3.5762787e-7,0.50000036,0.50000036,0.90915513,0.90915513
C,baseline,88,24,32,2,3.5762787e-7,0.50000036,0.50000036,0.90915513,0.90915513
C,baseline,89,24,32,2,3.5778302e-7,0.50000036,0.50000036,0.90915513,0.90915513
C,baseline,90,24,32,2,3.5855558e-7,0.50000036,0.50000036,0.90915513,0.90915513
C,baseline,91,24,32,2,3.5855558e-7,0.50000036,0.50000036,0.90915513,0.90915513
C,baseline,85,27,32,2,-1.8064836e-7,-0.5000001,-0.5000001,0.090845,0.090845
C,baseline,83,24,33,2,3.612967e-7,0.50000036,0.50000036,0.90915513,0.90915513
C,baseline,84,24,33,2,3.5762787e-7,0.50000036,0.50000036,0.90915513,0.90915513
C,baseline,85,24,33,2,3.5762787e-7,0.50000036,0.50000036,0.90915513,0.90915513
C,baseline,86,24,33,2,3.5762787e-7,0.50000036,0.50000036,0.90915513,0.90915513
C,baseline,87,24,33,2,3.5762787e-7,0.50000036,0.50000036,0.90915513,0.90915513
C,baseline,88,24,33,2,3.5762787e-7,0.50000036,0.50000036,0.90915513,0.90915513
C,baseline,89,24,33,2,3.5762787e-7,0.50000036,0.50000036,0.90915513,0.90915513
C,baseline,90,24,33,2,3.5762787e-7,0.50000036,0.50000036,0.90915513,0.90915513
C,baseline,91,24,33,2,3.5762787e-7,0.50000036,0.50000036,0.90915513,0.90915513
C,baseline,92,24,33,2,3.8576937e-7,0.50000036,0.50000036,0.90915513,0.90915513
C,baseline,93,24,33,2,3.998401e-7,0.50000036,0.50000036,0.90915513,0.90915513
C,baseline,93,24,33,3,3.998401e-7,0.50000024,0.50000024,0.9091551,0.9091551
C,baseline,93,25,33,3,-2.0350299e-7,0.50000006,-0.50000006,0.09084503,0.90915495
C,baseline,87,27,33,2,-3.097148e-7,-0.50000024,-0.50000024,0.090844944,0.090844944
C,baseline,84,48,33,2,-1.6485972e-14,0.49999988,0.49999988,0.9091549,0.9091549
C,baseline,84,24,34,2,3.5762787e-7,0.50000036,0.50000036,0.90915513,0.90915513
C,baseline,85,24,34,2,3.5762787e-7,0.50000036,0.50000036,0.90915513,0.90915513
C,baseline,86,24,34,2,3.5762787e-7,0.50000036,0.50000036,0.90915513,0.90915513
C,baseline,87,24,34,2,3.5762787e-7,0.50000036,0.50000036,0.90915513,0.90915513
C,baseline,88,24,34,2,3.5762787e-7,0.50000036,0.50000036,0.90915513,0.90915513
C,baseline,89,24,34,2,3.5762787e-7,0.50000036,0.50000036,0.90915513,0.90915513
C,baseline,90,24,34,2,3.5762787e-7,0.50000036,0.50000036,0.90915513,0.90915513
C,baseline,91,24,34,2,3.5762787e-7,0.50000036,0.50000036,0.90915513,0.90915513
C,baseline,92,24,34,2,3.5762787e-7,0.50000036,0.50000036,0.90915513,0.90915513
C,baseline,93,24,34,2,3.5762787e-7,0.50000036,0.50000036,0.90915513,0.90915513
C,baseline,86,24,35,2,3.905466e-7,0.50000036,0.50000036,0.90915513,0.90915513
C,baseline,87,24,35,2,3.5762787e-7,0.50000036,0.50000036,0.90915513,0.90915513
C,baseline,88,24,35,2,3.5762787e-7,0.50000036,0.50000036,0.90915513,0.90915513
C,baseline,89,24,35,2,3.5762787e-7,0.50000036,0.50000036,0.90915513,0.90915513
C,baseline,90,24,35,2,3.5762787e-7,0.50000036,0.50000036,0.90915513,0.90915513
C,baseline,91,24,35,2,3.5762787e-7,0.50000036,0.50000036,0.90915513,0.90915513
C,baseline,86,24,36,2,4.0700598e-7,0.50000036,0.50000036,0.90915513,0.90915513
C,baseline,87,24,36,2,3.5762787e-7,0.50000036,0.50000036,0.90915513,0.90915513
C,baseline,88,24,36,2,3.5762787e-7,0.50000036,0.50000036,0.90915513,0.90915513
C,baseline,89,24,36,2,3.5762787e-7,0.50000036,0.50000036,0.90915513,0.90915513
C,baseline,90,24,36,2,3.5762787e-7,0.50000036,0.50000036,0.90915513,0.90915513
C,baseline,91,24,36,2,3.5762787e-7,0.50000036,0.50000036,0.90915513,0.90915513
C,seed1_plus_1e-8,62,24,21,2,5.1358296e-7,0.5000004,0.5000004,0.9091552,0.9091552
C,seed1_plus_1e-8,63,24,21,2,5.6768084e-7,0.5000004,0.5000004,0.9091552,0.9091552
C,seed1_plus_1e-8,64,24,21,2,3.1489216e-7,0.5000003,0.5000003,0.9091551,0.9091551
C,seed1_plus_1e-8,65,24,21,2,2.9977807e-7,0.5000001,0.5000001,0.909155,0.909155
C,seed1_plus_1e-8,66,24,21,2,3.8452148e-7,0.5000001,0.5000001,0.909155,0.909155
C,seed1_plus_1e-8,67,24,21,2,4.5060017e-7,0.5000001,0.5000001,0.909155,0.909155
C,seed1_plus_1e-8,68,24,21,2,5.1551825e-7,0.5000004,0.5000004,0.9091552,0.9091552
C,seed1_plus_1e-8,69,24,21,2,-3.5423548e-7,0.5000002,-0.5000002,0.090844974,0.9091551
C,seed1_plus_1e-8,63,37,21,3,-8.693843e-8,0.5,0.5,0.90915495,0.90915495
C,seed1_plus_1e-8,63,38,21,3,-1.557466e-7,0.49999994,0.49999994,0.90915495,0.90915495
C,seed1_plus_1e-8,64,39,21,2,1.10520375e-7,0.49999958,0.49999958,0.9091547,0.9091547
C,seed1_plus_1e-8,62,24,22,2,2.9174709e-7,0.50000036,0.50000036,0.90915513,0.90915513
C,seed1_plus_1e-8,63,24,22,2,7.18182e-7,0.50000036,0.50000036,0.90915513,0.90915513
C,seed1_plus_1e-8,64,24,22,2,2.9193527e-7,0.5000003,0.5000003,0.9091551,0.9091551
C,seed1_plus_1e-8,65,24,22,2,1.7744703e-7,0.5000004,0.5000004,0.9091552,0.9091552
C,seed1_plus_1e-8,66,24,22,2,2.4504263e-7,0.50000006,0.50000006,0.90915495,0.90915495
C,seed1_plus_1e-8,67,24,22,2,1.8315026e-7,0.5000003,0.5000003,0.9091551,0.9091551
C,seed1_plus_1e-8,68,24,22,2,4.473437e-7,0.50000054,0.50000054,0.9091552,0.9091552
C,seed1_plus_1e-8,69,24,22,2,3.3985327e-7,0.50000024,0.50000024,0.9091551,0.9091551
C,seed1_plus_1e-8,62,24,23,2,2.2235469e-7,0.5000003,0.5000003,0.9091551,0.9091551
C,seed1_plus_1e-8,63,24,23,2,1.4519159e-7,0.5000003,0.5000003,0.9091551,0.9091551
C,seed1_plus_1e-8,64,24,23,2,2.6202994e-7,0.50000036,0.50000036,0.90915513,0.90915513
C,seed1_plus_1e-8,65,24,23,2,5.1297064e-7,0.5000005,0.5000005,0.9091552,0.9091552
C,seed1_plus_1e-8,66,24,23,2,6.321622e-7,0.5000005,0.5000005,0.9091552,0.9091552
C,seed1_plus_1e-8,67,24,23,2,2.3598984e-7,0.5000005,0.5000005,0.9091552,0.9091552
C,seed1_plus_1e-8,68,24,23,2,4.997072e-7,0.5000003,0.5000003,0.9091551,0.9091551
C,seed1_plus_1e-8,69,24,23,2,3.951082e-7,0.5000005,0.5000005,0.9091552,0.9091552
C,seed1_plus_1e-8,70,24,23,2,4.2754647e-7,0.5000004,0.5000004,0.9091552,0.9091552
C,seed1_plus_1e-8,71,24,23,2,2.3455787e-7,0.50000036,0.50000036,0.90915513,0.90915513
C,seed1_plus_1e-8,72,24,23,2,2.8088556e-7,0.5000003,0.5000003,0.9091551,0.9091551
C,seed1_plus_1e-8,73,24,23,2,5.4399237e-7,0.5000005,0.5000005,0.9091552,0.9091552
C,seed1_plus_1e-8,62,24,24,2,5.5512544e-7,0.50000054,0.50000054,0.9091552,0.9091552
C,seed1_plus_1e-8,63,24,24,2,1.13138434e-7,0.50000083,0.50000083,0.90915537,0.90915537
C,seed1_plus_1e-8,64,24,24,2,-5.947291e-8,0.5000002,-0.5000002,0.090844974,0.9091551
C,seed1_plus_1e-8,65,24,24,2,3.44091e-7,0.5000002,0.5000002,0.9091551,0.9091551
C,seed1_plus_1e-8,66,24,24,2,5.7020867e-7,0.5000005,0.5000005,0.9091552,0.9091552
C,seed1_plus_1e-8,67,24,24,2,3.8248422e-7,0.50000054,0.50000054,0.9091552,0.9091552
C,seed1_plus_1e-8,68,24,24,2,3.0927882e-8,0.5000002,0.5000002,0.9091551,0.9091551
C,seed1_plus_1e-8,69,24,24,2,3.3161058e-7,0.5000002,0.5000002,0.9091551,0.9091551
C,seed1_plus_1e-8,70,24,24,2,3.9813727e-7,0.50000036,0.50000036,0.90915513,0.90915513
C,seed1_plus_1e-8,71,24,24,2,3.7923925e-7,0.50000036,0.50000036,0.90915513,0.90915513
C,seed1_plus_1e-8,72,24,24,2,5.8259434e-7,0.5000004,0.5000004,0.9091552,0.9091552
C,seed1_plus_1e-8,73,24,24,2,6.575871e-7,0.50000036,0.50000036,0.90915513,0.90915513
C,seed1_plus_1e-8,74,24,24,2,2.8180762e-7,0.5000004,0.5000004,0.9091552,0.9091552
C,seed1_plus_1e-8,75,24,24,2,1.7580999e-7,0.5000003,0.5000003,0.9091551,0.9091551
C,seed1_plus_1e-8,76,24,24,2,1.7171286e-7,0.50000054,0.50000054,0.9091552,0.9091552
C,seed1_plus_1e-8,77,24,24,2,1.09276336e-7,0.50000024,0.50000024,0.9091551,0.9091551
C,seed1_plus_1e-8,78,24,24,2,4.717803e-7,0.5000005,0.5000005,0.9091552,0.9091552
C,seed1_plus_1e-8,78,24,24,3,4.717803e-7,0.5,0.5,0.90915495,0.90915495
C,seed1_plus_1e-8,78,25,24,3,-1.6695626e-7,0.5,0.5,0.90915495,0.90915495
C,seed1_plus_1e-8,78,26,24,3,-7.3903486e-8,0.5000002,-0.5000002,0.090844974,0.9091551
C,seed1_plus_1e-8,59,27,24,2,-3.1277614e-7,0.4999998,0.4999998,0.90915483,0.90915483
C,seed1_plus_1e-8,78,27,24,3,-2.515438e-7,0.49999973,0.49999973,0.90915483,0.90915483
C,seed1_plus_1e-8,78,32,24,3,3.223121e-8,0.49999973,0.49999973,0.90915483,0.90915483
C,seed1_plus_1e-8,78,33,24,3,3.380742e-7,0.5000002,0.5000002,0.9091551,0.9091551
C,seed1_plus_1e-8,78,34,24,3,-4.0261124e-8,0.49999988,0.49999988,0.9091549,0.9091549
C,seed1_plus_1e-8,78,35,24,3,1.5559709e-7,0.49999985,0.49999985,0.9091549,0.9091549
C,seed1_plus_1e-8,78,36,24,3,1.9858376e-7,0.50000036,0.50000036,0.90915513,0.90915513
C,seed1_plus_1e-8,78,37,24,3,1.0906597e-7,0.49999997,0.49999997,0.90915495,0.90915495
C,seed1_plus_1e-8,78,38,24,3,-2.531674e-7,0.49999985,0.49999985,0.9091549,0.9091549
C,seed1_plus_1e-8,78,39,24,3,-3.5811934e-7,0.49999985,0.49999985,0.9091549,0.9091549
C,seed1_plus_1e-8,78,40,24,3,-2.1580114e-7,0.49999976,0.49999976,0.90915483,0.90915483
C,seed1_plus_1e-8,78,41,24,3,9.398758e-8,0.49999994,0.49999994,0.90915495,0.90915495
C,seed1_plus_1e-8,78,42,24,3,-1.4438777e-7,0.49999976,0.49999976,0.90915483,0.90915483
C,seed1_plus_1e-8,78,48,24,2,-2.0266526e-7,0.49999985,0.49999985,0.9091549,0.9091549
C,seed1_plus_1e-8,78,48,24,3,-2.0266526e-7,0.4999999,0.4999999,0.9091549,0.9091549
C,seed1_plus_1e-8,78,49,24,3,-1.7922764e-8,0.5,0.5,0.90915495,0.90915495
C,seed1_plus_1e-8,78,50,24,3,-2.2207696e-7,0.49999955,0.49999955,0.9091547,0.9091547
C,seed1_plus_1e-8,78,51,24,3,-2.386674e-7,0.49999955,0.49999955,0.9091547,0.9091547
C,seed1_plus_1e-8,68,24,25,2,6.7981695e-8,0.50000036,0.50000036,0.90915513,0.90915513
C,seed1_plus_1e-8,69,24,25,2,3.253441e-7,0.5,0.5,0.90915495,0.90915495
C,seed1_plus_1e-8,70,24,25,2,2.649646e-7,0.50000024,0.50000024,0.9091551,0.9091551
C,seed1_plus_1e-8,71,24,25,2,4.220947e-7,0.5000003,0.5000003,0.9091551,0.9091551
C,seed1_plus_1e-8,72,24,25,2,-9.765477e-8,0.50000036,-0.50000036,0.090844885,0.90915513
C,seed1_plus_1e-8,73,24,25,2,4.0632537e-7,0.5000003,0.5000003,0.9091551,0.9091551
C,seed1_plus_1e-8,74,24,25,2,6.94768e-7,0.5000005,0.5000005,0.9091552,0.9091552
C,seed1_plus_1e-8,75,24,25,2,4.3051887e-7,0.5000004,0.5000004,0.9091552,0.9091552
C,seed1_plus_1e-8,76,24,25,2,5.280986e-7,0.50000054,0.50000054,0.9091552,0.9091552
C,seed1_plus_1e-8,77,24,25,2,5.1318483e-7,0.50000036,0.50000036,0.90915513,0.90915513
C,seed1_plus_1e-8,78,24,25,2,7.969624e-7,0.5000005,0.5000005,0.9091552,0.9091552
C,seed1_plus_1e-8,77,27,25,2,-1.7270447e-7,-0.49999994,-0.49999994,0.09084509,0.09084509
C,seed1_plus_1e-8,77,42,25,2,-1.9578638e-7,-0.50000006,-0.50000006,0.09084503,0.09084503
C,seed1_plus_1e-8,69,24,26,2,1.5571e-8,0.5000003,0.5000003,0.9091551,0.9091551
C,seed1_plus_1e-8,70,24,26,2,3.6812202e-7,0.50000036,0.50000036,0.90915513,0.90915513
C,seed1_plus_1e-8,71,24,26,2,2.825338e-7,0.5000005,0.5000005,0.9091552,0.9091552
C,seed1_plus_1e-8,72,24,26,2,2.2796385e-7,0.5000003,0.5000003,0.9091551,0.9091551
C,seed1_plus_1e-8,73,24,26,2,2.4105807e-7,0.50000036,0.50000036,0.90915513,0.90915513
C,seed1_plus_1e-8,74,24,26,2,2.5027575e-7,0.5000005,0.5000005,0.9091552,0.9091552
C,seed1_plus_1e-8,75,24,26,2,2.5109864e-7,0.5000003,0.5000003,0.9091551,0.9091551
C,seed1_plus_1e-8,76,24,26,2,4.0189528e-7,0.50000024,0.50000024,0.9091551,0.9091551
C,seed1_plus_1e-8,77,24,26,2,3.957392e-7,0.5000005,0.5000005,0.9091552,0.9091552
C,seed1_plus_1e-8,78,24,26,2,7.325611e-8,0.5000003,0.5000003,0.9091551,0.9091551
C,seed1_plus_1e-8,79,24,26,2,5.673277e-7,0.5000006,0.5000006,0.90915525,0.90915525
C,seed1_plus_1e-8,80,24,26,2,3.9561897e-7,0.5000005,0.5000005,0.9091552,0.9091552
C,seed1_plus_1e-8,81,24,26,2,5.1429043e-7,0.5000005,0.5000005,0.9091552,0.9091552
C,seed1_plus_1e-8,69,24,27,1,3.4477128e-7,0.5000005,0.5000005,0.9091552,0.9091552
C,seed1_plus_1e-8,69,24,27,2,3.4477128e-7,0.5000005,0.5000005,0.9091552,0.9091552
C,seed1_plus_1e-8,70,24,27,2,4.413292e-7,0.5000004,0.5000004,0.9091552,0.9091552
C,seed1_plus_1e-8,71,24,27,2,3.6338898e-7,0.50000036,0.50000036,0.90915513,0.90915513
C,seed1_plus_1e-8,72,24,27,2,3.4097415e-8,0.50000054,0.50000054,0.9091552,0.9091552
C,seed1_plus_1e-8,73,24,27,2,3.51858e-7,0.50000036,0.50000036,0.90915513,0.90915513
C,seed1_plus_1e-8,74,24,27,2,1.8161587e-7,0.5000005,0.5000005,0.9091552,0.9091552
C,seed1_plus_1e-8,75,24,27,2,5.2329693e-7,0.50000036,0.50000036,0.90915513,0.90915513
C,seed1_plus_1e-8,76,24,27,2,-6.460934e-8,0.50000036,-0.50000036,0.090844885,0.90915513
C,seed1_plus_1e-8,77,24,27,2,7.078643e-8,0.5000003,0.5000003,0.9091551,0.9091551
C,seed1_plus_1e-8,78,24,27,2,4.6504726e-7,0.5000005,0.5000005,0.9091552,0.9091552
C,seed1_plus_1e-8,79,24,27,2,7.592641e-7,0.5000006,0.5000006,0.90915525,0.90915525
C,seed1_plus_1e-8,80,24,27,2,7.695539e-7,0.5000006,0.5000006,0.90915525,0.90915525
C,seed1_plus_1e-8,81,24,27,2,5.6048015e-7,0.5000004,0.5000004,0.9091552,0.9091552
C,seed1_plus_1e-8,82,24,27,2,7.383399e-8,0.5000004,0.5000004,0.9091552,0.9091552
C,seed1_plus_1e-8,83,24,27,2,3.9611928e-7,0.5000003,0.5000003,0.9091551,0.9091551
C,seed1_plus_1e-8,84,24,27,2,6.206287e-7,0.50000054,0.50000054,0.9091552,0.9091552
C,seed1_plus_1e-8,85,24,27,2,4.4230916e-7,0.5000004,0.5000004,0.9091552,0.9091552
C,seed1_plus_1e-8,69,25,27,1,-1.4741667e-7,0.49999988,0.49999988,0.9091549,0.9091549
C,seed1_plus_1e-8,69,26,27,1,-3.6996775e-7,0.49999988,0.49999988,0.9091549,0.9091549
C,seed1_plus_1e-8,84,26,27,3,2.1201173e-7,0.4999998,0.4999998,0.90915483,0.90915483
C,seed1_plus_1e-8,69,27,27,1,5.746362e-7,0.49999982,0.49999982,0.90915483,0.90915483
C,seed1_plus_1e-8,84,27,27,3,-3.552142e-8,0.4999997,0.4999997,0.90915483,0.90915483
C,seed1_plus_1e-8,69,28,27,1,-4.4439676e-7,0.49999964,0.49999964,0.9091548,0.9091548
C,seed1_plus_1e-8,84,28,27,3,1.2664475e-7,0.4999997,0.4999997,0.90915483,0.90915483
C,seed1_plus_1e-8,69,29,27,1,-2.3656979e-7,0.4999999,0.4999999,0.9091549,0.9091549
C,seed1_plus_1e-8,69,30,27,1,-1.9501464e-7,0.49999988,0.49999988,0.9091549,0.9091549
C,seed1_plus_1e-8,69,31,27,1,1.518411e-7,0.49999985,0.49999985,0.9091549,0.9091549
C,seed1_plus_1e-8,69,32,27,1,-6.7343597e-9,0.49999982,0.49999982,0.90915483,0.90915483
C,seed1_plus_1e-8,69,33,27,1,-5.412533e-7,0.4999995,0.4999995,0.9091547,0.9091547
C,seed1_plus_1e-8,69,42,27,1,8.4090684e-10,0.49999985,0.49999985,0.9091549,0.9091549
C,seed1_plus_1e-8,69,43,27,1,1.1332615e-7,0.49999994,0.49999994,0.90915495,0.90915495
C,seed1_plus_1e-8,69,44,27,1,8.76718e-8,0.49999985,0.49999985,0.9091549,0.9091549
C,seed1_plus_1e-8,69,45,27,1,-1.5728905e-7,0.49999988,0.49999988,0.9091549,0.9091549
C,seed1_plus_1e-8,69,46,27,1,1.5539435e-7,0.5,0.5,0.90915495,0.90915495
C,seed1_plus_1e-8,84,46,27,3,-4.4758175e-7,0.49999973,0.49999973,0.90915483,0.90915483
C,seed1_plus_1e-8,69,47,27,1,-6.391336e-7,0.49999973,0.49999973,0.90915483,0.90915483
C,seed1_plus_1e-8,69,48,27,1,6.121108e-7,0.5000001,0.5000001,0.909155,0.909155
C,seed1_plus_1e-8,69,49,27,1,1.2977135e-7,0.5,0.5,0.90915495,0.90915495
C,seed1_plus_1e-8,69,50,27,1,7.636231e-8,0.50000024,0.50000024,0.9091551,0.9091551
C,seed1_plus_1e-8,84,50,27,3,3.08245e-7,0.50000024,0.50000024,0.9091551,0.9091551
C,seed1_plus_1e-8,69,51,27,1,3.5860404e-7,0.5000002,0.5000002,0.9091551,0.9091551
C,seed1_plus_1e-8,84,51,27,3,4.093586e-7,0.5000001,0.5000001,0.909155,0.909155
C,seed1_plus_1e-8,72,24,28,2,3.802551e-7,0.5000003,0.5000003,0.9091551,0.9091551
C,seed1_plus_1e-8,73,24,28,2,2.3901148e-7,0.5000003,0.5000003,0.9091551,0.9091551
C,seed1_plus_1e-8,74,24,28,2,1.934e-7,0.5000003,0.5000003,0.9091551,0.9091551
C,seed1_plus_1e-8,75,24,28,2,4.324497e-7,0.5000005,0.5000005,0.9091552,0.9091552
C,seed1_plus_1e-8,76,24,28,2,3.7218751e-7,0.50000036,0.50000036,0.90915513,0.90915513
C,seed1_plus_1e-8,77,24,28,2,3.3195684e-7,0.50000054,0.50000054,0.9091552,0.9091552
C,seed1_plus_1e-8,78,24,28,2,1.7710099e-7,0.50000024,0.50000024,0.9091551,0.9091551
C,seed1_plus_1e-8,79,24,28,2,1.8468738e-7,0.5000004,0.5000004,0.9091552,0.9091552
C,seed1_plus_1e-8,80,24,28,2,5.084275e-7,0.5000005,0.5000005,0.9091552,0.9091552
C,seed1_plus_1e-8,81,24,28,2,4.884833e-7,0.50000036,0.50000036,0.90915513,0.90915513
C,seed1_plus_1e-8,82,24,28,2,4.4311287e-7,0.5000007,0.5000007,0.9091553,0.9091553
C,seed1_plus_1e-8,83,24,28,2,5.786995e-7,0.50000054,0.50000054,0.9091552,0.9091552
C,seed1_plus_1e-8,84,24,28,2,4.3571322e-7,0.5000008,0.5000008,0.9091553,0.9091553
C,seed1_plus_1e-8,85,24,28,2,6.4090455e-7,0.50000036,0.50000036,0.90915513,0.90915513
C,seed1_plus_1e-8,75,24,29,2,1.4140443e-7,0.5000002,0.5000002,0.9091551,0.9091551
C,seed1_plus_1e-8,76,24,29,2,5.6390576e-7,0.50000036,0.50000036,0.90915513,0.90915513
C,seed1_plus_1e-8,77,24,29,2,4.276641e-7,0.50000024,0.50000024,0.9091551,0.9091551
C,seed1_plus_1e-8,78,24,29,2,4.0694417e-7,0.50000036,0.50000036,0.90915513,0.90915513
C,seed1_plus_1e-8,79,24,29,2,1.8413516e-7,0.5000003,0.5000003,0.9091551,0.9091551
C,seed1_plus_1e-8,80,24,29,2,4.6017033e-7,0.5000005,0.5000005,0.9091552,0.9091552
C,seed1_plus_1e-8,81,24,29,2,5.0001944e-7,0.50000036,0.50000036,0.90915513,0.90915513
C,seed1_plus_1e-8,82,24,29,2,6.01612e-7,0.5000005,0.5000005,0.9091552,0.9091552
C,seed1_plus_1e-8,83,24,29,2,4.4765363e-7,0.5000005,0.5000005,0.9091552,0.9091552
C,seed1_plus_1e-8,84,24,29,2,3.4082692e-10,0.5000002,0.5000002,0.9091551,0.9091551
C,seed1_plus_1e-8,85,24,29,2,4.7539464e-7,0.50000036,0.50000036,0.90915513,0.90915513
C,seed1_plus_1e-8,86,24,29,2,3.3194434e-7,0.50000036,0.50000036,0.90915513,0.90915513
C,seed1_plus_1e-8,87,24,29,2,7.5430967e-7,0.5000002,0.5000002,0.9091551,0.9091551
C,seed1_plus_1e-8,88,24,29,2,4.5068305e-7,0.50000054,0.50000054,0.9091552,0.9091552
C,seed1_plus_1e-8,78,27,29,2,5.3588483e-8,-0.5,-0.5,0.09084506,0.09084506
C,seed1_plus_1e-8,75,24,30,2,1.7566362e-7,0.5000001,0.5000001,0.909155,0.909155
C,seed1_plus_1e-8,76,24,30,2,2.4406242e-7,0.5000001,0.5000001,0.909155,0.909155
C,seed1_plus_1e-8,77,24,30,2,4.0882927e-7,0.5000003,0.5000003,0.9091551,0.9091551
C,seed1_plus_1e-8,78,24,30,2,6.223663e-7,0.5000004,0.5000004,0.9091552,0.9091552
C,seed1_plus_1e-8,79,24,30,2,8.56202e-7,0.5000004,0.5000004,0.9091552,0.9091552
C,seed1_plus_1e-8,80,24,30,2,2.0108848e-7,0.49999997,0.49999997,0.90915495,0.90915495
C,seed1_plus_1e-8,81,24,30,2,2.0754456e-7,0.50000036,0.50000036,0.90915513,0.90915513
C,seed1_plus_1e-8,82,24,30,2,6.9374465e-7,0.5000004,0.5000004,0.9091552,0.9091552
C,seed1_plus_1e-8,83,24,30,2,1.6946461e-7,0.5000002,0.5000002,0.9091551,0.9091551
C,seed1_plus_1e-8,84,24,30,2,5.989729e-8,0.50000036,0.50000036,0.90915513,0.90915513
C,seed1_plus_1e-8,85,24,30,2,2.285138e-7,0.5000002,0.5000002,0.9091551,0.9091551
C,seed1_plus_1e-8,86,24,30,2,1.2189784e-7,0.5000004,0.5000004,0.9091552,0.9091552
C,seed1_plus_1e-8,87,24,30,2,1.1457572e-7,0.5000002,0.5000002,0.9091551,0.9091551
C,seed1_plus_1e-8,88,24,30,2,4.942256e-7,0.5000004,0.5000004,0.9091552,0.9091552
C,seed1_plus_1e-8,89,24,30,2,2.9286795e-7,0.50000036,0.50000036,0.90915513,0.90915513
C,seed1_plus_1e-8,90,24,30,2,5.34467e-7,0.50000054,0.50000054,0.9091552,0.9091552
C,seed1_plus_1e-8,82,27,30,2,1.2773449e-8,-0.4999998,-0.4999998,0.09084518,0.09084518
C,seed1_plus_1e-8,84,29,30,3,2.230525e-7,-0.49999994,-0.49999994,0.09084509,0.09084509
C,seed1_plus_1e-8,84,30,30,3,1.2779196e-7,-0.49999985,-0.49999985,0.09084512,0.09084512
C,seed1_plus_1e-8,84,31,30,3,-1.2861001e-7,-0.5000002,-0.5000002,0.090844974,0.090844974
C,seed1_plus_1e-8,84,32,30,3,-1.0051314e-8,-0.5000001,-0.5000001,0.090845,0.090845
C,seed1_plus_1e-8,84,33,30,3,-8.360005e-8,-0.5,-0.5,0.09084506,0.09084506
C,seed1_plus_1e-8,84,34,30,3,8.783479e-8,-0.5,-0.5,0.09084506,0.09084506
C,seed1_plus_1e-8,84,35,30,3,-2.746042e-7,-0.5000001,-0.5000001,0.090845,0.090845
C,seed1_plus_1e-8,84,36,30,3,3.8391124e-7,-0.49999973,-0.49999973,0.09084518,0.09084518
C,seed1_plus_1e-8,84,37,30,3,8.456087e-8,-0.49999994,-0.49999994,0.09084509,0.09084509
C,seed1_plus_1e-8,84,38,30,3,-3.8913853e-8,-0.50000006,-0.50000006,0.09084503,0.09084503
C,seed1_plus_1e-8,84,39,30,3,4.73589e-8,-0.5000001,0.5000001,0.909155,0.090845
C,seed1_plus_1e-8,84,40,30,3,-1.691443e-7,-0.49999997,-0.49999997,0.09084506,0.09084506
C,seed1_plus_1e-8,84,41,30,3,-2.3688649e-7,-0.5000001,-0.5000001,0.090845,0.090845
C,seed1_plus_1e-8,84,42,30,3,-3.208381e-7,-0.50000024,-0.50000024,0.090844944,0.090844944
C,seed1_plus_1e-8,84,43,30,3,-2.0870543e-8,-0.50000006,-0.50000006,0.09084503,0.09084503
C,seed1_plus_1e-8,84,44,30,3,5.2475514e-7,-0.5000001,0.5000001,0.909155,0.090845
C,seed1_plus_1e-8,87,45,30,2,-8.356957e-8,-0.50000024,-0.50000024,0.090844944,0.090844944
C,seed1_plus_1e-8,78,24,31,2,3.5423554e-7,0.50000024,0.50000024,0.9091551,0.9091551
C,seed1_plus_1e-8,79,24,31,2,6.7663956e-7,0.5000004,0.5000004,0.9091552,0.9091552
C,seed1_plus_1e-8,80,24,31,2,3.496282e-7,0.5000002,0.5000002,0.9091551,0.9091551
C,seed1_plus_1e-8,81,24,31,2,5.44167e-7,0.50000054,0.50000054,0.9091552,0.9091552
C,seed1_plus_1e-8,82,24,31,2,1.5284338e-7,0.49999997,0.49999997,0.90915495,0.90915495
C,seed1_plus_1e-8,83,24,31,2,2.576984e-7,0.5000002,0.5000002,0.9091551,0.9091551
C,seed1_plus_1e-8,84,24,31,2,5.015719e-7,0.50000066,0.50000066,0.9091553,0.9091553
C,seed1_plus_1e-8,85,24,31,2,3.0105852e-7,0.5000005,0.5000005,0.9091552,0.9091552
C,seed1_plus_1e-8,86,24,31,2,3.3879394e-7,0.5000002,0.5000002,0.9091551,0.9091551
C,seed1_plus_1e-8,87,24,31,2,5.2046164e-7,0.50000024,0.50000024,0.9091551,0.9091551
C,seed1_plus_1e-8,88,24,31,2,2.3021884e-7,0.50000054,0.50000054,0.9091552,0.9091552
C,seed1_plus_1e-8,89,24,31,2,2.4681842e-7,0.5000004,0.5000004,0.9091552,0.9091552
C,seed1_plus_1e-8,90,24,31,2,5.1955055e-7,0.50000054,0.50000054,0.9091552,0.9091552
C,seed1_plus_1e-8,83,24,32,2,5.0834126e-7,0.5000001,0.5000001,0.909155,0.909155
C,seed1_plus_1e-8,84,24,32,2,5.286624e-7,0.5000006,0.5000006,0.90915525,0.90915525
C,seed1_plus_1e-8,85,24,32,2,3.2537287e-7,0.5000006,0.5000006,0.90915525,0.90915525
C,seed1_plus_1e-8,86,24,32,2,4.947343e-7,0.5000003,0.5000003,0.9091551,0.9091551
C,seed1_plus_1e-8,87,24,32,2,2.3849972e-7,0.5000001,0.5000001,0.909155,0.909155
C,seed1_plus_1e-8,88,24,32,2,3.1263525e-7,0.50000024,0.50000024,0.9091551,0.9091551
C,seed1_plus_1e-8,89,24,32,2,4.1820985e-7,0.5000005,0.5000005,0.9091552,0.9091552
C,seed1_plus_1e-8,90,24,32,2,7.963847e-7,0.50000054,0.50000054,0.9091552,0.9091552
C,seed1_plus_1e-8,91,24,32,2,3.1479675e-7,0.5000003,0.5000003,0.9091551,0.9091551
C,seed1_plus_1e-8,85,27,32,2,-1.6836658e-7,-0.5,-0.5,0.09084506,0.09084506
C,seed1_plus_1e-8,83,24,33,2,7.358008e-7,0.5000003,0.5000003,0.9091551,0.9091551
C,seed1_plus_1e-8,84,24,33,2,1.7802559e-7,0.5000003,0.5000003,0.9091551,0.9091551
C,seed1_plus_1e-8,85,24,33,2,6.2178333e-7,0.5000003,0.5000003,0.9091551,0.9091551
C,seed1_plus_1e-8,86,24,33,2,7.117161e-7,0.5000005,0.5000005,0.9091552,0.9091552
C,seed1_plus_1e-8,87,24,33,2,9.283938e-7,0.5000006,0.5000006,0.90915525,0.90915525
C,seed1_plus_1e-8,88,24,33,2,3.0392417e-7,0.50000036,0.50000036,0.90915513,0.90915513
C,seed1_plus_1e-8,89,24,33,2,3.4093705e-7,0.5000003,0.5000003,0.9091551,0.9091551
C,seed1_plus_1e-8,90,24,33,2,2.946741e-7,0.5000002,0.5000002,0.9091551,0.9091551
C,seed1_plus_1e-8,91,24,33,2,6.628243e-7,0.5000003,0.5000003,0.9091551,0.9091551
C,seed1_plus_1e-8,92,24,33,2,2.106446e-7,0.5000005,0.5000005,0.9091552,0.9091552
C,seed1_plus_1e-8,93,24,33,2,-1.6039682e-7,0.5000003,-0.5000003,0.090844914,0.9091551
C,seed1_plus_1e-8,93,24,33,3,-1.6039682e-7,0.4999999,0.4999999,0.9091549,0.9091549
C,seed1_plus_1e-8,93,25,33,3,-1.5224677e-7,0.50000024,-0.50000024,0.090844944,0.9091551
C,seed1_plus_1e-8,87,27,33,2,2.3336094e-7,-0.5000001,0.5000001,0.909155,0.090845
C,seed1_plus_1e-8,84,48,33,2,1.4518518e-7,0.49999994,0.49999994,0.90915495,0.90915495
C,seed1_plus_1e-8,84,24,34,2,1.633369e-7,0.5000004,0.5000004,0.9091552,0.9091552
C,seed1_plus_1e-8,85,24,34,2,6.3618586e-7,0.50000054,0.50000054,0.9091552,0.9091552
C,seed1_plus_1e-8,86,24,34,2,4.9138686e-7,0.50000054,0.50000054,0.9091552,0.9091552
C,seed1_plus_1e-8,87,24,34,2,6.4853293e-7,0.5000002,0.5000002,0.9091551,0.9091551
C,seed1_plus_1e-8,88,24,34,2,1.4358615e-7,0.50000036,0.50000036,0.90915513,0.90915513
C,seed1_plus_1e-8,89,24,34,2,2.3565218e-7,0.5000003,0.5000003,0.9091551,0.9091551
C,seed1_plus_1e-8,90,24,34,2,4.4734676e-7,0.50000036,0.50000036,0.90915513,0.90915513
C,seed1_plus_1e-8,91,24,34,2,3.025937e-7,0.50000024,0.50000024,0.9091551,0.9091551
C,seed1_plus_1e-8,92,24,34,2,5.2665644e-7,0.5000003,0.5000003,0.9091551,0.9091551
C,seed1_plus_1e-8,93,24,34,2,4.92337e-7,0.50000036,0.50000036,0.90915513,0.90915513
C,seed1_plus_1e-8,86,24,35,2,3.2231637e-7,0.5000004,0.5000004,0.9091552,0.9091552
C,seed1_plus_1e-8,87,24,35,2,4.532011e-7,0.5000004,0.5000004,0.9091552,0.9091552
C,seed1_plus_1e-8,88,24,35,2,3.8464614e-7,0.5000004,0.5000004,0.9091552,0.9091552
C,seed1_plus_1e-8,89,24,35,2,4.6921795e-7,0.50000036,0.50000036,0.90915513,0.90915513
C,seed1_plus_1e-8,90,24,35,2,4.018803e-7,0.5000003,0.5000003,0.9091551,0.9091551
C,seed1_plus_1e-8,91,24,35,2,4.2796648e-7,0.5000005,0.5000005,0.9091552,0.9091552
C,seed1_plus_1e-8,86,24,36,2,5.88336e-7,0.50000054,0.50000054,0.9091552,0.9091552
C,seed1_plus_1e-8,87,24,36,2,-1.562008e-7,0.50000024,-0.50000024,0.090844944,0.9091551
C,seed1_plus_1e-8,88,24,36,2,6.4562784e-7,0.5000004,0.5000004,0.9091552,0.9091552
C,seed1_plus_1e-8,89,24,36,2,6.6892136e-7,0.5000004,0.5000004,0.9091552,0.9091552
C,seed1_plus_1e-8,90,24,36,2,2.941136e-7,0.50000024,0.50000024,0.9091551,0.9091551
C,seed1_plus_1e-8,91,24,36,2,6.6984524e-7,0.5000004,0.5000004,0.9091552,0.9091552
C,seed1_minus_1e-8,62,24,21,2,2.0167279e-7,0.5000003,0.5000003,0.9091551,0.9091551
C,seed1_minus_1e-8,63,24,21,2,1.4757488e-7,0.5000003,0.5000003,0.9091551,0.9091551
C,seed1_minus_1e-8,64,24,21,2,4.003636e-7,0.5000004,0.5000004,0.9091552,0.9091552
C,seed1_minus_1e-8,65,24,21,2,4.154777e-7,0.5000006,0.5000006,0.90915525,0.90915525
C,seed1_minus_1e-8,66,24,21,2,3.3073428e-7,0.5000006,0.5000006,0.90915525,0.90915525
C,seed1_minus_1e-8,67,24,21,2,2.6465557e-7,0.50000054,0.50000054,0.9091552,0.9091552
C,seed1_minus_1e-8,68,24,21,2,1.9973749e-7,0.5000003,0.5000003,0.9091551,0.9091551
C,seed1_minus_1e-8,69,24,21,2,1.0694913e-6,0.50000054,0.50000054,0.9091552,0.9091552
C,seed1_minus_1e-8,63,37,21,3,8.693843e-8,0.5,0.5,0.90915495,0.90915495
C,seed1_minus_1e-8,63,38,21,3,1.5574659e-7,0.50000006,0.50000006,0.90915495,0.90915495
C,seed1_minus_1e-8,64,39,21,2,-2.604597e-7,0.50000006,-0.50000006,0.09084503,0.90915495
C,seed1_minus_1e-8,62,24,22,2,4.2350865e-7,0.50000036,0.50000036,0.90915513,0.90915513
C,seed1_minus_1e-8,63,24,22,2,-2.9262486e-9,0.5000003,-0.5000003,0.090844914,0.9091551
C,seed1_minus_1e-8,64,24,22,2,4.2332047e-7,0.5000004,0.5000004,0.9091552,0.9091552
C,seed1_minus_1e-8,65,24,22,2,5.378087e-7,0.5000003,0.5000003,0.9091551,0.9091551
C,seed1_minus_1e-8,66,24,22,2,4.7021314e-7,0.5000006,0.5000006,0.90915525,0.90915525
C,seed1_minus_1e-8,67,24,22,2,5.321055e-7,0.50000036,0.50000036,0.90915513,0.90915513
C,seed1_minus_1e-8,68,24,22,2,2.6791204e-7,0.5000002,0.5000002,0.9091551,0.9091551
C,seed1_minus_1e-8,69,24,22,2,3.7540244e-7,0.5000005,0.5000005,0.9091552,0.9091552
C,seed1_minus_1e-8,62,24,23,2,4.9290105e-7,0.5000004,0.5000004,0.9091552,0.9091552
C,seed1_minus_1e-8,63,24,23,2,5.700641e-7,0.50000036,0.50000036,0.90915513,0.90915513
C,seed1_minus_1e-8,64,24,23,2,4.532258e-7,0.50000036,0.50000036,0.90915513,0.90915513
C,seed1_minus_1e-8,65,24,23,2,2.0228512e-7,0.5000002,0.5000002,0.9091551,0.9091551
C,seed1_minus_1e-8,66,24,23,2,8.309355e-8,0.50000024,0.50000024,0.9091551,0.9091551
C,seed1_minus_1e-8,67,24,23,2,4.792659e-7,0.50000024,0.50000024,0.9091551,0.9091551
C,seed1_minus_1e-8,68,24,23,2,2.1554855e-7,0.50000036,0.50000036,0.90915513,0.90915513
C,seed1_minus_1e-8,69,24,23,2,3.2014754e-7,0.50000024,0.50000024,0.9091551,0.9091551
C,seed1_minus_1e-8,70,24,23,2,2.8770927e-7,0.5000003,0.5000003,0.9091551,0.9091551
C,seed1_minus_1e-8,71,24,23,2,4.8069785e-7,0.5000003,0.5000003,0.9091551,0.9091551
C,seed1_minus_1e-8,72,24,23,2,4.3437018e-7,0.5000004,0.5000004,0.9091552,0.9091552
C,seed1_minus_1e-8,73,24,23,2,1.7311876e-7,0.5000002,0.5000002,0.9091551,0.9091551
C,seed1_minus_1e-8,62,24,24,2,2.4455477e-7,0.5000002,0.5000002,0.9091551,0.9091551
C,seed1_minus_1e-8,63,24,24,2,6.865418e-7,0.4999999,0.4999999,0.9091549,0.9091549
C,seed1_minus_1e-8,64,24,24,2,8.5915315e-7,0.50000054,0.50000054,0.9091552,0.9091552
C,seed1_minus_1e-8,65,24,24,2,4.5558923e-7,0.5000006,0.5000006,0.90915525,0.90915525
C,seed1_minus_1e-8,66,24,24,2,2.2947154e-7,0.50000024,0.50000024,0.9091551,0.9091551
C,seed1_minus_1e-8,67,24,24,2,3.890545e-7,0.5000002,0.5000002,0.9091551,0.9091551
C,seed1_minus_1e-8,68,24,24,2,6.8432786e-7,0.50000054,0.50000054,0.9091552,0.9091552
C,seed1_minus_1e-8,69,24,24,2,3.8364516e-7,0.50000054,0.50000054,0.9091552,0.9091552
C,seed1_minus_1e-8,70,24,24,2,3.171185e-7,0.5000003,0.5000003,0.9091551,0.9091551
C,seed1_minus_1e-8,71,24,24,2,3.360165e-7,0.50000036,0.50000036,0.90915513,0.90915513
C,seed1_minus_1e-8,72,24,24,2,1.326614e-7,0.5000003,0.5000003,0.9091551,0.9091551
C,seed1_minus_1e-8,73,24,24,2,5.7668633e-8,0.50000036,0.50000036,0.90915513,0.90915513
C,seed1_minus_1e-8,74,24,24,2,4.3344812e-7,0.50000024,0.50000024,0.9091551,0.9091551
C,seed1_minus_1e-8,75,24,24,2,5.408414e-7,0.5000004,0.5000004,0.9091552,0.9091552
C,seed1_minus_1e-8,76,24,24,2,5.435429e-7,0.5000002,0.5000002,0.9091551,0.9091551
C,seed1_minus_1e-8,77,24,24,2,6.0597944e-7,0.5000004,0.5000004,0.9091552,0.9091552
C,seed1_minus_1e-8,78,24,24,2,2.4487105e-7,0.5000002,0.5000002,0.9091551,0.9091551
C,seed1_minus_1e-8,78,24,24,3,2.4487105e-7,0.5,0.5,0.90915495,0.90915495
C,seed1_minus_1e-8,78,25,24,3,1.2225279e-7,0.49999976,0.49999976,0.90915483,0.90915483
C,seed1_minus_1e-8,78,26,24,3,2.9199995e-8,0.4999996,0.4999996,0.9091548,0.9091548
C,seed1_minus_1e-8,59,27,24,2,-1.9298606e-7,0.4999998,0.4999998,0.90915483,0.90915483
C,seed1_minus_1e-8,78,27,24,3,2.0684035e-7,0.50000006,0.50000006,0.90915495,0.90915495
C,seed1_minus_1e-8,78,32,24,3,-7.693468e-8,0.50000006,-0.50000006,0.09084503,0.90915495
C,seed1_minus_1e-8,78,33,24,3,-3.8277764e-7,0.4999996,0.4999996,0.9091548,0.9091548
C,seed1_minus_1e-8,78,34,24,3,-4.442355e-9,0.49999988,0.49999988,0.9091549,0.9091549
C,seed1_minus_1e-8,78,35,24,3,-2.0030056e-7,0.4999999,0.4999999,0.9091549,0.9091549
C,seed1_minus_1e-8,78,36,24,3,-2.6180402e-7,0.49999943,0.49999943,0.90915465,0.90915465
C,seed1_minus_1e-8,78,37,24,3,-1.5376945e-7,0.4999998,0.4999998,0.90915483,0.90915483
C,seed1_minus_1e-8,78,38,24,3,2.0846392e-7,0.49999994,0.49999994,0.90915495,0.90915495
C,seed1_minus_1e-8,78,39,24,3,2.9489908e-7,0.4999999,0.4999999,0.9091549,0.9091549
C,seed1_minus_1e-8,78,40,24,3,1.7109765e-7,0.5,0.5,0.90915495,0.90915495
C,seed1_minus_1e-8,78,41,24,3,-1.3869105e-7,0.49999985,0.49999985,0.9091549,0.9091549
C,seed1_minus_1e-8,78,42,24,3,9.9684314e-8,0.5,0.5,0.90915495,0.90915495
C,seed1_minus_1e-8,78,48,24,2,1.5796178e-7,0.4999999,0.4999999,0.9091549,0.9091549
C,seed1_minus_1e-8,78,48,24,3,1.5796178e-7,0.49999988,0.49999988,0.9091549,0.9091549
C,seed1_minus_1e-8,78,49,24,3,-2.6780711e-8,0.49999976,0.49999976,0.90915483,0.90915483
C,seed1_minus_1e-8,78,50,24,3,1.7737348e-7,0.50000024,0.50000024,0.9091551,0.9091551
C,seed1_minus_1e-8,78,51,24,3,9.553188e-7,0.5000005,0.5000005,0.9091552,0.9091552
C,seed1_minus_1e-8,68,24,25,2,6.491295e-7,0.5000003,0.5000003,0.9091551,0.9091551
C,seed1_minus_1e-8,69,24,25,2,3.8991163e-7,0.50000066,0.50000066,0.9091553,0.9091553
C,seed1_minus_1e-8,70,24,25,2,4.5029117e-7,0.5000004,0.5000004,0.9091552,0.9091552
C,seed1_minus_1e-8,71,24,25,2,2.9316104e-7,0.5000004,0.5000004,0.9091552,0.9091552
C,seed1_minus_1e-8,72,24,25,2,8.1291057e-7,0.5000003,0.5000003,0.9091551,0.9091551
C,seed1_minus_1e-8,73,24,25,2,3.0893037e-7,0.5000004,0.5000004,0.9091552,0.9091552
C,seed1_minus_1e-8,74,24,25,2,2.0487745e-8,0.50000024,0.50000024,0.9091551,0.9091551
C,seed1_minus_1e-8,75,24,25,2,2.861325e-7,0.5000003,0.5000003,0.9091551,0.9091551
C,seed1_minus_1e-8,76,24,25,2,1.871571e-7,0.5000002,0.5000002,0.9091551,0.9091551
C,seed1_minus_1e-8,77,24,25,2,2.0207095e-7,0.5000003,0.5000003,0.9091551,0.9091551
C,seed1_minus_1e-8,78,24,25,2,-8.054354e-8,0.50000024,-0.50000024,0.090844944,0.9091551
C,seed1_minus_1e-8,77,27,25,2,-1.8859224e-7,-0.50000024,-0.50000024,0.090844944,0.090844944
C,seed1_minus_1e-8,77,42,25,2,-1.655103e-7,-0.5000001,-0.5000001,0.090845,0.090845
C,seed1_minus_1e-8,69,24,26,2,6.9968473e-7,0.5000004,0.5000004,0.9091552,0.9091552
C,seed1_minus_1e-8,70,24,26,2,3.4713372e-7,0.5000003,0.5000003,0.9091551,0.9091551
C,seed1_minus_1e-8,71,24,26,2,4.3272195e-7,0.50000024,0.50000024,0.9091551,0.9091551
C,seed1_minus_1e-8,72,24,26,2,4.8729186e-7,0.5000004,0.5000004,0.9091552,0.9091552
C,seed1_minus_1e-8,73,24,26,2,4.7419766e-7,0.5000003,0.5000003,0.9091551,0.9091551
C,seed1_minus_1e-8,74,24,26,2,4.6498e-7,0.5000002,0.5000002,0.9091551,0.9091551
C,seed1_minus_1e-8,75,24,26,2,4.6555274e-7,0.5000004,0.5000004,0.9091552,0.9091552
C,seed1_minus_1e-8,76,24,26,2,3.1336046e-7,0.5000004,0.5000004,0.9091552,0.9091552
C,seed1_minus_1e-8,77,24,26,2,3.1982685e-7,0.50000024,0.50000024,0.9091551,0.9091551
C,seed1_minus_1e-8,78,24,26,2,6.431628e-7,0.50000036,0.50000036,0.90915513,0.90915513
C,seed1_minus_1e-8,79,24,26,2,1.4792806e-7,0.5000001,0.5000001,0.909155,0.909155
C,seed1_minus_1e-8,80,24,26,2,3.1963677e-7,0.50000024,0.50000024,0.9091551,0.9091551
C,seed1_minus_1e-8,81,24,26,2,2.0096532e-7,0.50000024,0.50000024,0.9091551,0.9091551
C,seed1_minus_1e-8,69,24,27,1,3.718801e-7,0.49999976,0.49999976,0.90915483,0.90915483
C,seed1_minus_1e-8,69,24,27,2,3.718801e-7,0.5000002,0.5000002,0.9091551,0.9091551
C,seed1_minus_1e-8,70,24,27,2,2.7532218e-7,0.5000003,0.5000003,0.9091551,0.9091551
C,seed1_minus_1e-8,71,24,27,2,3.5326238e-7,0.50000036,0.50000036,0.90915513,0.90915513
C,seed1_minus_1e-8,72,24,27,2,6.8255395e-7,0.5000002,0.5000002,0.9091551,0.9091551
C,seed1_minus_1e-8,73,24,27,2,3.6479335e-7,0.5000003,0.5000003,0.9091551,0.9091551
C,seed1_minus_1e-8,74,24,27,2,5.350355e-7,0.50000024,0.50000024,0.9091551,0.9091551
C,seed1_minus_1e-8,75,24,27,2,1.9335447e-7,0.50000036,0.50000036,0.90915513,0.90915513
C,seed1_minus_1e-8,76,24,27,2,7.8102823e-7,0.50000036,0.50000036,0.90915513,0.90915513
C,seed1_minus_1e-8,77,24,27,2,6.456325e-7,0.50000036,0.50000036,0.90915513,0.90915513
C,seed1_minus_1e-8,78,24,27,2,2.502085e-7,0.50000024,0.50000024,0.9091551,0.9091551
C,seed1_minus_1e-8,79,24,27,2,-4.2845233e-8,0.5000001,-0.5000001,0.090845,0.909155
C,seed1_minus_1e-8,80,24,27,2,-5.3134976e-8,0.5000001,-0.5000001,0.090845,0.909155
C,seed1_minus_1e-8,81,24,27,2,1.5617124e-7,0.5000003,0.5000003,0.9091551,0.9091551
C,seed1_minus_1e-8,82,24,27,2,6.428174e-7,0.5000003,0.5000003,0.9091551,0.9091551
C,seed1_minus_1e-8,83,24,27,2,3.205321e-7,0.5000004,0.5000004,0.9091552,0.9091552
C,seed1_minus_1e-8,84,24,27,2,9.532518e-8,0.5000002,0.5000002,0.9091551,0.9091551
C,seed1_minus_1e-8,85,24,27,2,2.7434223e-7,0.5000003,0.5000003,0.9091551,0.9091551
C,seed1_minus_1e-8,69,25,27,1,1.0271319e-7,0.5000001,0.5000001,0.909155,0.909155
C,seed1_minus_1e-8,69,26,27,1,3.2526427e-7,0.5000001,0.5000001,0.909155,0.909155
C,seed1_minus_1e-8,84,26,27,3,-2.567152e-7,0.5000001,-0.5000001,0.090845,0.909155
C,seed1_minus_1e-8,69,27,27,1,-6.1933974e-7,0.5000002,-0.5000002,0.090844974,0.9091551
C,seed1_minus_1e-8,84,27,27,3,-9.1820604e-9,0.50000024,-0.50000024,0.090844944,0.9091551
C,seed1_minus_1e-8,69,28,27,1,3.9969328e-7,0.50000036,0.50000036,0.90915513,0.90915513
C,seed1_minus_1e-8,84,28,27,3,-1.7134823e-7,0.50000024,-0.50000024,0.090844944,0.9091551
C,seed1_minus_1e-8,69,29,27,1,1.9186629e-7,0.50000006,0.50000006,0.90915495,0.90915495
C,seed1_minus_1e-8,69,30,27,1,1.5031114e-7,0.5000001,0.5000001,0.909155,0.909155
C,seed1_minus_1e-8,69,31,27,1,-1.9654459e-7,0.5000002,-0.5000002,0.090844974,0.9091551
C,seed1_minus_1e-8,69,32,27,1,-3.7969123e-8,0.5000002,-0.5000002,0.090844974,0.9091551
C,seed1_minus_1e-8,69,33,27,1,4.965499e-7,0.50000054,0.50000054,0.9091552,0.9091552
C,seed1_minus_1e-8,69,42,27,1,-4.5544397e-8,0.5000001,-0.5000001,0.090845,0.909155
C,seed1_minus_1e-8,69,43,27,1,-1.5802964e-7,0.50000006,-0.50000006,0.09084503,0.90915495
C,seed1_minus_1e-8,69,44,27,1,-1.3237529e-7,0.5000001,-0.5000001,0.090845,0.909155
C,seed1_minus_1e-8,69,45,27,1,1.1258557e-7,0.5000001,0.5000001,0.909155,0.909155
C,seed1_minus_1e-8,69,46,27,1,-2.0009784e-7,0.5,0.5,0.90915495,0.90915495
C,seed1_minus_1e-8,84,46,27,3,4.0287827e-7,0.5000002,0.5000002,0.9091551,0.9091551
C,seed1_minus_1e-8,69,47,27,1,5.9443005e-7,0.50000024,0.50000024,0.9091551,0.9091551
C,seed1_minus_1e-8,69,48,27,1,-6.568143e-7,0.49999985,0.49999985,0.9091549,0.9091549
C,seed1_minus_1e-8,69,49,27,1,-1.7447485e-7,0.5,0.5,0.90915495,0.90915495
C,seed1_minus_1e-8,69,50,27,1,-1.2106581e-7,0.49999973,0.49999973,0.90915483,0.90915483
C,seed1_minus_1e-8,84,50,27,3,-4.572566e-7,0.49999967,0.49999967,0.9091548,0.9091548
C,seed1_minus_1e-8,69,51,27,1,3.5804734e-7,0.50000006,0.50000006,0.90915495,0.90915495
C,seed1_minus_1e-8,84,51,27,3,3.0589715e-7,0.50000006,0.50000006,0.90915495,0.90915495
C,seed1_minus_1e-8,72,24,28,2,3.350006e-7,0.50000036,0.50000036,0.90915513,0.90915513
C,seed1_minus_1e-8,73,24,28,2,4.7624428e-7,0.5000004,0.5000004,0.9091552,0.9091552
C,seed1_minus_1e-8,74,24,28,2,5.218557e-7,0.5000004,0.5000004,0.9091552,0.9091552
C,seed1_minus_1e-8,75,24,28,2,2.8373648e-7,0.50000024,0.50000024,0.9091551,0.9091551
C,seed1_minus_1e-8,76,24,28,2,3.433785e-7,0.50000036,0.50000036,0.90915513,0.90915513
C,seed1_minus_1e-8,77,24,28,2,3.832989e-7,0.5000002,0.5000002,0.9091551,0.9091551
C,seed1_minus_1e-8,78,24,28,2,5.390852e-7,0.5000005,0.5000005,0.9091552,0.9091552
C,seed1_minus_1e-8,79,24,28,2,5.3087865e-7,0.5000003,0.5000003,0.9091551,0.9091551
C,seed1_minus_1e-8,80,24,28,2,2.0682828e-7,0.50000024,0.50000024,0.9091551,0.9091551
C,seed1_minus_1e-8,81,24,28,2,2.2677243e-7,0.50000036,0.50000036,0.90915513,0.90915513
C,seed1_minus_1e-8,82,24,28,2,2.7214287e-7,0.49999997,0.49999997,0.90915495,0.90915495
C,seed1_minus_1e-8,83,24,28,2,1.3655627e-7,0.5000002,0.5000002,0.9091551,0.9091551
C,seed1_minus_1e-8,84,24,28,2,2.7954252e-7,0.4999999,0.4999999,0.9091549,0.9091549
C,seed1_minus_1e-8,85,24,28,2,7.43512e-8,0.50000036,0.50000036,0.90915513,0.90915513
C,seed1_minus_1e-8,75,24,29,2,5.747817e-7,0.50000054,0.50000054,0.9091552,0.9091552
C,seed1_minus_1e-8,76,24,29,2,1.5135e-7,0.50000036,0.50000036,0.90915513,0.90915513
C,seed1_minus_1e-8,77,24,29,2,2.879019e-7,0.5000004,0.5000004,0.9091552,0.9091552
C,seed1_minus_1e-8,78,24,29,2,3.09242e-7,0.50000036,0.50000036,0.90915513,0.90915513
C,seed1_minus_1e-8,79,24,29,2,5.311206e-7,0.5000004,0.5000004,0.9091552,0.9091552
C,seed1_minus_1e-8,80,24,29,2,2.5508544e-7,0.50000024,0.50000024,0.9091551,0.9091551
C,seed1_minus_1e-8,81,24,29,2,2.1523631e-7,0.5000003,0.5000003,0.9091551,0.9091551
C,seed1_minus_1e-8,82,24,29,2,1.1364373e-7,0.50000024,0.50000024,0.9091551,0.9091551
C,seed1_minus_1e-8,83,24,29,2,2.676021e-7,0.50000024,0.50000024,0.9091551,0.9091551
C,seed1_minus_1e-8,84,24,29,2,7.149149e-7,0.5000005,0.5000005,0.9091552,0.9091552
C,seed1_minus_1e-8,85,24,29,2,2.398611e-7,0.5000003,0.5000003,0.9091551,0.9091551
C,seed1_minus_1e-8,86,24,29,2,3.833114e-7,0.50000036,0.50000036,0.90915513,0.90915513
C,seed1_minus_1e-8,87,24,29,2,-3.9053905e-8,0.50000054,-0.50000054,0.090844795,0.9091552
C,seed1_minus_1e-8,88,24,29,2,2.6465028e-7,0.5000001,0.5000001,0.909155,0.909155
C,seed1_minus_1e-8,78,27,29,2,-4.1307177e-7,-0.5000002,-0.5000002,0.090844974,0.090844974
C,seed1_minus_1e-8,75,24,30,2,5.395921e-7,0.50000054,0.50000054,0.9091552,0.9091552
C,seed1_minus_1e-8,76,24,30,2,4.7235648e-7,0.50000054,0.50000054,0.9091552,0.9091552
C,seed1_minus_1e-8,77,24,30,2,3.0758963e-7,0.5000004,0.5000004,0.9091552,0.9091552
C,seed1_minus_1e-8,78,24,30,2,9.428506e-8,0.5000003,0.5000003,0.9091551,0.9091551
C,seed1_minus_1e-8,79,24,30,2,-1.3955065e-7,0.5000003,-0.5000003,0.090844914,0.9091551
C,seed1_minus_1e-8,80,24,30,2,5.155629e-7,0.5000007,0.5000007,0.9091553,0.9091553
C,seed1_minus_1e-8,81,24,30,2,5.091068e-7,0.50000036,0.50000036,0.90915513,0.90915513
C,seed1_minus_1e-8,82,24,30,2,2.2906722e-8,0.5000003,0.5000003,0.9091551,0.9091551
C,seed1_minus_1e-8,83,24,30,2,5.471868e-7,0.50000054,0.50000054,0.9091552,0.9091552
C,seed1_minus_1e-8,84,24,30,2,6.560566e-7,0.50000036,0.50000036,0.90915513,0.90915513
C,seed1_minus_1e-8,85,24,30,2,4.881376e-7,0.50000054,0.50000054,0.9091552,0.9091552
C,seed1_minus_1e-8,86,24,30,2,5.9475354e-7,0.5000003,0.5000003,0.9091551,0.9091551
C,seed1_minus_1e-8,87,24,30,2,6.0207566e-7,0.5000005,0.5000005,0.9091552,0.9091552
C,seed1_minus_1e-8,88,24,30,2,2.2242573e-7,0.5000003,0.5000003,0.9091551,0.9091551
C,seed1_minus_1e-8,89,24,30,2,4.237834e-7,0.5000003,0.5000003,0.9091551,0.9091551
C,seed1_minus_1e-8,90,24,30,2,4.780447e-7,0.5000003,0.5000003,0.9091551,0.9091551
C,seed1_minus_1e-8,82,27,30,2,-3.7318446e-7,-0.5000003,-0.5000003,0.090844914,0.090844914
C,seed1_minus_1e-8,84,29,30,3,-2.6775598e-7,-0.50000006,-0.50000006,0.09084503,0.09084503
C,seed1_minus_1e-8,84,30,30,3,-1.7249545e-7,-0.5000002,-0.5000002,0.090844974,0.090844974
C,seed1_minus_1e-8,84,31,30,3,8.390653e-8,-0.49999988,-0.49999988,0.09084512,0.09084512
C,seed1_minus_1e-8,84,32,30,3,-3.465217e-8,-0.49999994,-0.49999994,0.09084509,0.09084509
C,seed1_minus_1e-8,84,33,30,3,3.8896566e-8,-0.50000006,0.50000006,0.90915495,0.09084503
C,seed1_minus_1e-8,84,34,30,3,-1.3253828e-7,-0.5,-0.5,0.09084506,0.09084506
C,seed1_minus_1e-8,84,35,30,3,2.299007e-7,-0.4999999,-0.4999999,0.09084512,0.09084512
C,seed1_minus_1e-8,84,36,30,3,-4.2861475e-7,-0.5000003,-0.5000003,0.090844914,0.090844914
C,seed1_minus_1e-8,84,37,30,3,-1.2926435e-7,-0.50000006,-0.50000006,0.09084503,0.09084503
C,seed1_minus_1e-8,84,38,30,3,-5.7896337e-9,-0.49999994,-0.49999994,0.09084509,0.09084509
C,seed1_minus_1e-8,84,39,30,3,-9.2062386e-8,-0.49999988,-0.49999988,0.09084512,0.09084512
C,seed1_minus_1e-8,84,40,30,3,1.2444082e-7,-0.50000006,0.50000006,0.90915495,0.09084503
C,seed1_minus_1e-8,84,41,30,3,1.9218301e-7,-0.4999999,-0.4999999,0.09084512,0.09084512
C,seed1_minus_1e-8,84,42,30,3,2.761346e-7,-0.49999976,-0.49999976,0.09084518,0.09084518
C,seed1_minus_1e-8,84,43,30,3,-2.383294e-8,-0.49999994,-0.49999994,0.09084509,0.09084509
C,seed1_minus_1e-8,84,44,30,3,-5.694587e-7,-0.4999999,-0.4999999,0.09084512,0.09084512
C,seed1_minus_1e-8,87,45,30,2,3.8866084e-8,-0.49999982,-0.49999982,0.09084515,0.09084515
C,seed1_minus_1e-8,78,24,31,2,3.6241582e-7,0.5000005,0.5000005,0.9091552,0.9091552
C,seed1_minus_1e-8,79,24,31,2,3.861617e-8,0.5000003,0.5000003,0.9091551,0.9091551
C,seed1_minus_1e-8,80,24,31,2,3.6562756e-7,0.5000005,0.5000005,0.9091552,0.9091552
C,seed1_minus_1e-8,81,24,31,2,1.7108873e-7,0.5000002,0.5000002,0.9091551,0.9091551
C,seed1_minus_1e-8,82,24,31,2,5.6241237e-7,0.5000007,0.5000007,0.9091553,0.9091553
C,seed1_minus_1e-8,83,24,31,2,4.5755738e-7,0.50000054,0.50000054,0.9091552,0.9091552
C,seed1_minus_1e-8,84,24,31,2,2.1368385e-7,0.50000006,0.50000006,0.90915495,0.90915495
C,seed1_minus_1e-8,85,24,31,2,4.1419722e-7,0.50000024,0.50000024,0.9091551,0.9091551
C,seed1_minus_1e-8,86,24,31,2,3.764618e-7,0.50000054,0.50000054,0.9091552,0.9091552
C,seed1_minus_1e-8,87,24,31,2,1.947941e-7,0.5000005,0.5000005,0.9091552,0.9091552
C,seed1_minus_1e-8,88,24,31,2,4.850369e-7,0.5000002,0.5000002,0.9091551,0.9091551
C,seed1_minus_1e-8,89,24,31,2,4.6843735e-7,0.5000003,0.5000003,0.9091551,0.9091551
C,seed1_minus_1e-8,90,24,31,2,3.9507304e-7,0.50000024,0.50000024,0.9091551,0.9091551
C,seed1_minus_1e-8,83,24,32,2,2.1180627e-7,0.5000006,0.5000006,0.90915525,0.90915525
C,seed1_minus_1e-8,84,24,32,2,1.8659335e-7,0.5000001,0.5000001,0.909155,0.909155
C,seed1_minus_1e-8,85,24,32,2,3.8988287e-7,0.5000001,0.5000001,0.909155,0.909155
C,seed1_minus_1e-8,86,24,32,2,2.2052141e-7,0.5000004,0.5000004,0.9091552,0.9091552
C,seed1_minus_1e-8,87,24,32,2,4.7675601e-7,0.5000006,0.5000006,0.90915525,0.90915525
C,seed1_minus_1e-8,88,24,32,2,4.026205e-7,0.5000005,0.5000005,0.9091552,0.9091552
C,seed1_minus_1e-8,89,24,32,2,2.973562e-7,0.50000024,0.50000024,0.9091551,0.9091551
C,seed1_minus_1e-8,90,24,32,2,-7.927354e-8,0.5000002,-0.5000002,0.090844974,0.9091551
C,seed1_minus_1e-8,91,24,32,2,4.023144e-7,0.5000004,0.5000004,0.9091552,0.9091552
C,seed1_minus_1e-8,85,27,32,2,-1.9293012e-7,-0.5000002,-0.5000002,0.090844974,0.090844974
C,seed1_minus_1e-8,83,24,33,2,-1.3207382e-8,0.50000036,-0.50000036,0.090844885,0.90915513
C,seed1_minus_1e-8,84,24,33,2,5.3723016e-7,0.5000004,0.5000004,0.9091552,0.9091552
C,seed1_minus_1e-8,85,24,33,2,9.347241e-8,0.50000036,0.50000036,0.90915513,0.90915513
C,seed1_minus_1e-8,86,24,33,2,3.5396592e-9,0.5000002,0.5000002,0.9091551,0.9091551
C,seed1_minus_1e-8,87,24,33,2,-2.13138e-7,0.5000001,-0.5000001,0.090845,0.909155
C,seed1_minus_1e-8,88,24,33,2,4.113316e-7,0.50000036,0.50000036,0.90915513,0.90915513
C,seed1_minus_1e-8,89,24,33,2,3.743187e-7,0.50000036,0.50000036,0.90915513,0.90915513
C,seed1_minus_1e-8,90,24,33,2,4.2058164e-7,0.50000054,0.50000054,0.9091552,0.9091552
C,seed1_minus_1e-8,91,24,33,2,5.243147e-8,0.5000004,0.5000004,0.9091552,0.9091552
C,seed1_minus_1e-8,92,24,33,2,5.6089414e-7,0.50000024,0.50000024,0.9091551,0.9091551
C,seed1_minus_1e-8,93,24,33,2,9.60077e-7,0.5000004,0.5000004,0.9091552,0.9091552
C,seed1_minus_1e-8,93,24,33,3,9.60077e-7,0.5000006,0.5000006,0.90915525,0.90915525
C,seed1_minus_1e-8,93,25,33,3,-2.5475921e-7,0.49999982,0.49999982,0.90915483,0.90915483
C,seed1_minus_1e-8,87,27,33,2,-8.5279055e-7,-0.50000036,-0.50000036,0.090844885,0.090844885
C,seed1_minus_1e-8,84,48,33,2,-1.4518521e-7,0.49999985,0.49999985,0.9091549,0.9091549
C,seed1_minus_1e-8,84,24,34,2,5.5191884e-7,0.5000003,0.5000003,0.9091551,0.9091551
C,seed1_minus_1e-8,85,24,34,2,7.906989e-8,0.5000002,0.5000002,0.9091551,0.9091551
C,seed1_minus_1e-8,86,24,34,2,2.2386887e-7,0.5000002,0.5000002,0.9091551,0.9091551
C,seed1_minus_1e-8,87,24,34,2,6.6722805e-8,0.5000005,0.5000005,0.9091552,0.9091552
C,seed1_minus_1e-8,88,24,34,2,5.716696e-7,0.50000036,0.50000036,0.90915513,0.90915513
C,seed1_minus_1e-8,89,24,34,2,4.7960356e-7,0.50000036,0.50000036,0.90915513,0.90915513
C,seed1_minus_1e-8,90,24,34,2,2.67909e-7,0.50000036,0.50000036,0.90915513,0.90915513
C,seed1_minus_1e-8,91,24,34,2,4.1266205e-7,0.5000005,0.5000005,0.9091552,0.9091552
C,seed1_minus_1e-8,92,24,34,2,1.885993e-7,0.50000036,0.50000036,0.90915513,0.90915513
C,seed1_minus_1e-8,93,24,34,2,2.2291873e-7,0.50000036,0.50000036,0.90915513,0.90915513
C,seed1_minus_1e-8,86,24,35,2,4.5877687e-7,0.5000003,0.5000003,0.9091551,0.9091551
C,seed1_minus_1e-8,87,24,35,2,2.620546e-7,0.5000003,0.5000003,0.9091551,0.9091551
C,seed1_minus_1e-8,88,24,35,2,3.306096e-7,0.5000003,0.5000003,0.9091551,0.9091551
C,seed1_minus_1e-8,89,24,35,2,2.4603779e-7,0.50000036,0.50000036,0.90915513,0.90915513
C,seed1_minus_1e-8,90,24,35,2,3.1337544e-7,0.50000036,0.50000036,0.90915513,0.90915513
C,seed1_minus_1e-8,91,24,35,2,2.8728925e-7,0.50000024,0.50000024,0.9091551,0.9091551
C,seed1_minus_1e-8,86,24,36,2,2.2567599e-7,0.5000002,0.5000002,0.9091551,0.9091551
C,seed1_minus_1e-8,87,24,36,2,8.7145656e-7,0.5000004,0.5000004,0.9091552,0.9091552
C,seed1_minus_1e-8,88,24,36,2,6.962792e-8,0.5000003,0.5000003,0.9091551,0.9091551
C,seed1_minus_1e-8,89,24,36,2,4.633442e-8,0.50000024,0.50000024,0.9091551,0.9091551
C,seed1_minus_1e-8,90,24,36,2,4.2114215e-7,0.5000004,0.5000004,0.9091552,0.9091552
C,seed1_minus_1e-8,91,24,36,2,4.541046e-8,0.50000024,0.50000024,0.9091551,0.9091551
