step,t_u_l,dt_value,dt_tangent,glob_max_tangent_u,glob_max_primal_u,nonfinite_primal_u,nonfinite_tangent_u,box_pre_scale,box_predict_bdim,box_predict_bc,box_predict_exitbc,box_project1_gradient,box_project1_bc,box_correct_bdim,box_correct_scale,box_correct_bc,box_project2_gradient,box_project2_bc,iters1,iters2,z1_primal,z1_tangent,r1_primal,r1_tangent,z2_primal,z2_tangent,r2_primal,r2_tangent,u_xor,u_sum,p_xor,p_sum,dt_value_bits,dt_tangent_bits,u_val_xor,u_val_sum,p_val_xor,p_val_sum,dt_val_bits,cyc1,rel_before1,rel_after1,tangent_mean1,dz_max1,rel_after_demeaned1,rel_before_demeaned1,cyc2,rel_before2,rel_after2,tangent_mean2,dz_max2,rel_after_demeaned2,rel_before_demeaned2
781,10.652689933776855,0.32973921298980713,0.048045530915260315,20.982728958129883,1.2311855554580688,0.0,0.0,0.012916598469018936,0.013401967473328114,0.013401967473328114,0.013401967473328114,0.013401967473328114,0.012915713712573051,0.025344451889395714,0.012915713712573051,0.012672225944697857,0.012917245738208294,0.012917245738208294,1.0,1.0,0.2403971403837204,7.585791110992432,0.0002413615584373474,6.441026926040649e-6,0.12019680440425873,5.255908966064453,0.00012066960334777832,5.884096026420593e-6,4218695909,7730325279278511,218759865,2541040970040643,4599611673504907264,4587084911759851520,2736010181,3416214706800541,2268482586,1282626666817510,4599611673504907264,8.0,0.04213285818696022,8.490910090586112e-7,-7.312625111644534e-11,7.585791110992432,8.490929248887567e-7,0.04213285970269691,8.0,0.03217776492238045,1.1195201068403549e-6,1.8920778260898445e-12,5.255908966064453,1.119523188501097e-6,0.03217776644771647
782,10.66642951965332,0.32973918318748474,0.04806210473179817,20.982181549072266,1.2311855554580688,0.0,0.0,0.012917245738208294,0.013516227714717388,0.013516227714717388,0.013516227714717388,0.013516227714717388,0.012921196408569813,0.0253511480987072,0.012921196408569813,0.0126755740493536,0.012921849265694618,0.012921849265694618,1.0,1.0,0.2403971552848816,7.593241214752197,0.00024136900901794434,1.245550811290741e-5,0.12019678950309753,5.316405296325684,0.00012069195508956909,5.252193659543991e-6,3703429099,7730362389814621,2156189868,2538792129090610,4599611672968036352,4587087300298539008,873127072,3416220973477182,195602075,1282628603284117,4599611672968036352,8.0,0.04565358906984329,1.6403414520027582e-6,-6.202947035262112e-11,7.593241214752197,1.6403497463846114e-6,0.045653588095368,8.0,0.03262840956449509,9.87922021522536e-7,-7.074836952419729e-11,5.316405296325684,9.879149187822917e-7,0.03262840927838852
783,10.680168151855469,0.32973918318748474,0.04806849732995033,20.981922149658203,1.2311854362487793,0.0,0.0,0.012921849265694618,0.012921849265694618,0.012488987296819687,0.012488987296819687,0.012926129624247551,0.012926129624247551,0.02601804956793785,0.013009024783968925,0.013009024783968925,0.013009024783968925,0.012928121723234653,1.0,1.0,0.2403971254825592,7.593418121337891,0.0002413541078567505,1.1477619409561157e-5,0.12019676715135574,5.369497299194336,0.00012071430683135986,5.541369318962097e-6,593932819,7730451028301979,1921631072,2538096846316464,4599611672968036352,4587088221569024000,902122628,3416207765493076,243740537,1282628426666699,4599611672968036352,8.0,0.04592003673315048,1.511522100372531e-6,-6.100672558176174e-11,7.593418121337891,1.5115332690881595e-6,0.04592003593745936,8.0,0.03264453634619713,1.0320089813831146e-6,-2.2244698766191416e-11,5.369497299194336,1.0320063941920318e-6,0.032644535143555586
784,10.693907737731934,0.32973915338516235,0.048069149255752563,20.981779098510742,1.2311854362487793,0.0,0.0,0.012928121723234653,0.013041375204920769,0.013041375204920769,0.013041375204920769,0.012932883575558662,0.012932883575558662,0.02656271867454052,0.01328135933727026,0.01328135933727026,0.01328135933727026,0.012933969497680664,1.0,1.0,0.240397110581398,7.593494415283203,0.00024139881134033203,1.1352822184562683e-5,0.12019678205251694,5.4226484298706055,0.00012070685625076294,5.841255187988281e-6,2177195979,7730455071126337,4232618401,2538997845928331,4599611672431165440,4587088315521433600,757958687,3416203544152385,2199791876,1282630346308798,4599611672431165440,8.0,0.04638325795531273,1.4950721833884018e-6,-1.2717831225636333e-10,7.593494415283203,1.4950867092397932e-6,0.04638325642979994,8.0,0.03265607729554176,1.0771959750854876e-6,-6.568578290844338e-11,5.4226484298706055,1.0771829225428155e-6,0.03265607601523717
785,10.707646369934082,0.32973912358283997,0.04806676506996155,20.981689453125,1.2311854362487793,0.0,0.0,0.012933969497680664,0.013814270496368408,0.013814270496368408,0.013814270496368408,0.013126038014888763,0.013126038014888763,0.02700108289718628,0.01350054144859314,0.01350054144859314,0.01350054144859314,0.012956306338310242,1.0,1.0,0.24039706587791443,7.599574089050293,0.00024136900901794434,1.1380761861801147e-5,0.12019674479961395,5.475513458251953,0.00012070685625076294,6.120651960372925e-6,683954168,7730487527639700,2024865467,2541091355320549,4599611671894294528,4587087971924049920,935877501,3416181974806463,2350746455,1282630121924713,4599611671894294528,8.0,0.04681127890944481,1.497552602813812e-6,-6.504656742665627e-11,7.599574089050293,1.497557503317771e-6,0.0468112802487882,8.0,0.03266511484980583,1.117822421292658e-6,9.20470293773438e-13,5.475513458251953,1.1178185500064163e-6,0.0326651156181991
786,10.721385955810547,0.3297390937805176,0.04806288331747055,20.981624603271484,1.2311853170394897,0.0,0.0,0.012956306338310242,0.014297007583081722,0.014297007583081722,0.014297007583081722,0.01340141799300909,0.01340141799300909,0.027250496670603752,0.013625248335301876,0.013625248335301876,0.013625248335301876,0.01306906621903181,1.0,1.0,0.24039697647094727,7.679957389831543,0.0002413541078567505,1.1374708265066147e-5,0.12019670009613037,5.52799129486084,0.00012072920799255371,6.35441392660141e-6,4011027049,7730515579242999,2240731307,2543800431967387,4599611671357423616,4587087412504559616,797589920,3416229088226290,2397341828,1282629861103260,4599611671357423616,8.0,0.046778604388237,1.4810900665906956e-6,-1.0928027876632426e-10,7.679957389831543,1.4811046024815224e-6,0.04677860565268611,8.0,0.0326722152531147,1.1494978480186546e-6,-8.03877389895469e-11,5.52799129486084,1.1494907012402895e-6,0.032672216707252635
787,10.735125541687012,0.3297390937805176,0.04805842414498329,20.981576919555664,1.2311851978302002,0.0,0.0,0.01306906621903181,0.01449509896337986,0.01449509896337986,0.01449509896337986,0.013509036973118782,0.013509036973118782,0.027338890358805656,0.013669445179402828,0.013669445179402828,0.013669445179402828,0.013115874491631985,1.0,1.0,0.24039693176746368,7.7595038414001465,0.00024133920669555664,1.1518597602844238e-5,0.12019670754671097,5.580023765563965,0.00012070685625076294,6.474554538726807e-6,3668460772,7730511198386460,2185124602,2546782580069220,4599611671357423616,4587086769870077952,2872944857,3416222256055511,2401882792,1282629567540938,4599611671357423616,8.0,0.04674777761101723,1.4844503084532334e-6,-4.45405347709258e-11,7.7595038414001465,1.4844523941590065e-6,0.04674777800836401,8.0,0.03267860785126686,1.1603094662859803e-6,-6.136468625156253e-12,5.580023765563965,1.1603138461903132e-6,0.032678609363087634
788,10.74886417388916,0.3297390639781952,0.04805377125740051,20.981538772583008,1.231184959411621,0.0,0.0,0.013115874491631985,0.014557790011167526,0.014557790011167526,0.014557790011167526,0.013538438826799393,0.013538438826799393,0.02734837308526039,0.013674186542630196,0.013674186542630196,0.013674186542630196,0.013125846162438393,1.0,1.0,0.2403968721628189,7.8382039070129395,0.00024138391017913818,1.1710450053215027e-5,0.12019666284322739,5.631577014923096,0.00012070685625076294,6.50063157081604e-6,1320090517,7730500400936201,2322136468,2549386687059964,4599611670820552704,4587086099318308864,1057295213,3416216063410779,2179989282,1282633641117878,4599611670820552704,8.0,0.04671793803572655,1.494022171755205e-6,-3.8506340622855484e-11,7.8382039070129395,1.4940283591194391e-6,0.046717936384274864,8.0,0.032683856785297394,1.1543181699380511e-6,-4.269959418337892e-11,5.631577014923096,1.1543193819309873e-6,0.03268385497189205
789,10.762603759765625,0.3297390639781952,0.04804927110671997,20.98150634765625,1.231184720993042,0.0,0.0,0.013125846162438393,0.014565115794539452,0.014565115794539452,0.014565115794539452,0.013536294922232628,0.013536294922232628,0.027324318885803223,0.013662159442901611,0.013662159442901611,0.013662159442901611,0.013118535280227661,1.0,1.0,0.24039675295352936,7.91605806350708,0.00024131685495376587,1.193024218082428e-5,0.12019661068916321,5.68263053894043,0.00012073665857315063,6.486661732196808e-6,4124256209,7730460060703109,4027426162,2551291405568120,4599611670820552704,4587085450778247168,2838421092,3416188187844578,2357341527,1282633391558351,4599611670820552704,8.0,0.046689100563526154,1.5070937706695986e-6,-6.934209546426566e-11,7.91605806350708,1.5070926613301198e-6,0.04668909922142393,8.0,0.032688334584236145,1.141489292422193e-6,-6.315448960056643e-12,5.68263053894043,1.1414874361479692e-6,0.03268833481185865
790,10.77634334564209,0.3297390639781952,0.04804514721035957,20.981477737426758,1.2311843633651733,0.0,0.0,0.013118535280227661,0.014553723856806755,0.014553723856806755,0.014553723856806755,0.013524247333407402,0.013524247333407402,0.0272916778922081,0.01364583894610405,0.01364583894610405,0.01364583894610405,0.01310541108250618,1.0,1.0,0.2403966188430786,7.993075847625732,0.0002413541078567505,1.2291595339775085e-5,0.12019652128219604,5.733182430267334,0.00012072175741195679,6.402842700481415e-6,1139256066,7730462115062374,92039475,2552446076559607,4599611670820552704,4587084856462147584,701901071,3416203011417509,2365206962,1282633137073858,4599611670820552704,8.0,0.046661172062158585,1.5377803492810926e-6,-2.513395274386915e-11,7.993075847625732,1.5377847853356411e-6,0.04666117232656859,8.0,0.032692309468984604,1.1168042419740232e-6,-4.0615751712752945e-11,5.733182430267334,1.1167902279604812e-6,0.03269231008440012
791,10.790081977844238,0.32973912358283997,0.04804157838225365,20.98145294189453,1.2311841249465942,0.0,0.0,0.01310541108250618,0.014538433402776718,0.014538433402776718,0.014538433402776718,0.013511110097169876,0.013511110097169876,0.027260471135377884,0.013630235567688942,0.013630235567688942,0.013630235567688942,0.013091916218400002,1.0,1.0,0.24039655923843384,8.069257736206055,0.00024133175611495972,1.2584030628204346e-5,0.12019649147987366,5.783219814300537,0.00012071430683135986,6.356742233037949e-6,3277275549,7730470461162789,1942966597,2552745596017687,4599611671894294528,4587084342139813888,906725020,3416224829901674,2321420346,1282632892403684,4599611671894294528,8.0,0.04663394019007683,1.559502834425075e-6,-4.786445527621877e-11,8.069257736206055,1.5595131597510426e-6,0.0466339409341419,8.0,0.03269603103399277,1.0991700492013479e-6,-8.000420970047464e-11,5.783219814300537,1.0991617053909446e-6,0.03269603275780727
792,10.803821563720703,0.32973912358283997,0.04803868755698204,20.981428146362305,1.2311838865280151,0.0,0.0,0.013091916218400002,0.014524510130286217,0.014524510130286217,0.014524510130286217,0.01349916122853756,0.01349916122853756,0.02723371423780918,0.01361685711890459,0.01361685711890459,0.01361685711890459,0.013096165843307972,1.0,1.0,0.2403964251279831,8.144618034362793,0.00024134665727615356,1.2863893061876297e-5,0.12019643187522888,5.832752227783203,0.00012070685625076294,6.312504410743713e-6,1321803686,7730432194718720,79227923,2552142217132627,4599611671894294528,4587083925527986176,3180320600,3416235418616612,2393223331,1282632649421357,4599611671894294528,8.0,0.04660717770457268,1.5794347518749419e-6,-9.6598243607668e-11,8.144618034362793,1.5794483448446527e-6,0.04660717818496091,8.0,0.03269964084029198,1.0822514013852924e-6,-7.298562371045218e-11,5.832752227783203,1.0822366398948567e-6,0.03269964080340771
793,10.817561149597168,0.32973918318748474,0.04803669452667236,20.98140525817871,1.231183648109436,0.0,0.0,0.013096165843307972,0.01442389003932476,0.01442389003932476,0.01442389003932476,0.0134404506534338,0.0134404506534338,0.027216732501983643,0.013608366250991821,0.013608366250991821,0.013608366250991821,0.013092301785945892,1.0,1.0,0.24039633572101593,8.219167709350586,0.00024133920669555664,1.3152137398719788e-5,0.12019634991884232,5.881768703460693,0.00012070685625076294,6.3069164752960205e-6,3610012817,7730380751717573,1921501437,2550905286682509,4599611672968036352,4587083638302048256,3110465489,3416217973711701,267967901,1282634520155471,4599611672968036352,8.0,0.046581730246543884,1.6001787344066543e-6,-2.792093224446095e-11,8.219167709350586,1.6001799387093691e-6,0.046581729234107735,8.0,0.0327027328312397,1.0722823162723216e-6,-4.9015043143435565e-11,5.881768703460693,1.0722702468471032e-6,0.03270273286569307
794,10.831299781799316,0.32973918318748474,0.048035573214292526,20.981382369995117,1.2311831712722778,0.0,0.0,0.013092301785945892,0.01472874078899622,0.01472874078899622,0.01472874078899622,0.013449806720018387,0.013449806720018387,0.027590235695242882,0.013795117847621441,0.013795117847621441,0.013795117847621441,0.013168669305741787,1.0,1.0,0.2403961718082428,8.292916297912598,0.00024133175611495972,1.3296958059072495e-5,0.12019625306129456,5.930280685424805,0.00012069940567016602,6.322283297777176e-6,1750157406,7730342107845274,2314758901,2549304120430809,4599611672968036352,4587083476703903744,2718204975,3416196421108797,190180701,1282638690568011,4599611672968036352,8.0,0.046556174755096436,1.6034115333241061e-6,-7.890475907180081e-11,8.292916297912598,1.6034179127802532e-6,0.0465561751906635,8.0,0.03270556032657623,1.0661018450264237e-6,-8.80838933902637e-12,5.930280685424805,1.0660981129145362e-6,0.032705560959219684
795,10.845039367675781,0.32973921298980713,0.048035331070423126,20.981355667114258,1.2311829328536987,0.0,0.0,0.013168669305741787,0.01636996865272522,0.01636996865272522,0.01636996865272522,0.01384688913822174,0.01384688913822174,0.03911355137825012,0.01955677568912506,0.01955677568912506,0.014697687700390816,0.014697687700390816,1.0,1.0,0.24039603769779205,8.365880012512207,0.00024133920669555664,1.3440847396850586e-5,0.12019625306129456,5.978288650512695,0.00012071430683135986,6.360001862049103e-6,1814397716,7730371014033884,2343514507,2547459016981707,4599611673504907264,4587083441807294464,2861661141,3416213593600549,258924891,1282638575497555,4599611673504907264,8.0,0.046531789004802704,1.6066268244685489e-6,-1.0002443859004691e-10,8.365880012512207,1.6066368124799735e-6,0.04653178925078531,8.0,0.03270819038152695,1.063849936144834e-6,-7.495440739435647e-11,5.978288650512695,1.0638435490396034e-6,0.03270818941778978
796,10.858778953552246,0.32973921298980713,0.04803593456745148,20.9813289642334,1.2311824560165405,0.0,0.0,0.014697687700390816,0.021444780752062798,0.021444780752062798,0.021444780752062798,0.01515076495707035,0.01515076495707035,0.055088795721530914,0.027544397860765457,0.027544397860765457,0.02017403207719326,0.02017403207719326,1.0,1.0,0.24039587378501892,8.43806266784668,0.00024131685495376587,1.3601034879684448e-5,0.12019611150026321,6.025793075561523,0.00012067705392837524,6.465241312980652e-6,1939265722,7730334829707560,2230540131,2545828994269823,4599611673504907264,4587083528780382208,2964375249,3416213431673791,240715613,1282638464327411,4599611673504907264,8.0,0.04650828614830971,1.6118669918796513e-6,-7.432797622220511e-11,8.43806266784668,1.6118748380938351e-6,0.04650828723918405,8.0,0.03271067887544632,1.072927830136905e-6,-5.635323687435159e-11,6.025793075561523,1.0729207225584915e-6,0.03271068046522884
797,10.872517585754395,0.3297392725944519,0.04803721234202385,20.98130226135254,1.2311819791793823,0.0,0.0,0.02017403207719326,0.031164778396487236,0.031164778396487236,0.031164778396487236,0.01827145181596279,0.01827145181596279,0.07676657289266586,0.03838328644633293,0.03838328644633293,0.027632886543869972,0.027632886543869972,1.0,1.0,0.2403957098722458,8.509472846984863,0.00024131685495376587,1.368112862110138e-5,0.12019602209329605,6.072798252105713,0.00012066960334777832,6.6193751990795135e-6,331816216,7730358405975486,1882903939,2544375441403177,4599611674578649088,4587083712927105024,1026501929,3416194142423931,250424046,1282638397740108,4599611674578649088,8.0,0.04648503288626671,1.6077527789093438e-6,-4.111433978854689e-11,8.509472846984863,1.6077653469563832e-6,0.046485032946738246,8.0,0.032713327556848526,1.0900041615968803e-6,-1.3321250640443365e-11,6.072798252105713,1.0899900874486796e-6,0.03271332889893781
798,10.88625717163086,0.3297393321990967,0.04803888872265816,20.981273651123047,1.2311816215515137,0.0,0.0,0.027632886543869972,0.04419219493865967,0.04419219493865967,0.04419219493865967,0.02492380142211914,0.02492380142211914,0.10573866963386536,0.05286933481693268,0.05286933481693268,0.03728215768933296,0.03728215768933296,1.0,1.0,0.24039553105831146,8.580123901367188,0.00024133175611495972,1.3726763427257538e-5,0.12019596993923187,6.119311809539795,0.00012069195508956909,6.776303052902222e-6,2604274720,7730383213925230,4144644293,2543542665328803,4599611675652390912,4587083954519015424,1050967208,3416206291643968,265027208,1282638333562732,4599611675652390912,8.0,0.04646238684654236,1.5998327853594674e-6,-5.2211120552371115e-11,8.580123901367188,1.599829085034882e-6,0.04646238621148538,8.0,0.032715681940317154,1.1073635732827825e-6,-3.0771833293231455e-11,6.119311809539795,1.107363666493279e-6,0.032715681839310624
799,10.899996757507324,0.3297393321990967,0.04804079607129097,20.981246948242188,1.2311811447143555,0.0,0.0,0.03728215768933296,0.07585687935352325,0.07585687935352325,0.07585687935352325,0.04165370389819145,0.04165370389819145,0.16326960921287537,0.08163480460643768,0.08163480460643768,0.055874720215797424,0.055874720215797424,1.0,1.0,0.24039539694786072,8.650028228759766,0.00024127960205078125,1.379428431391716e-5,0.12019588053226471,6.165339469909668,0.00012069940567016602,6.926245987415314e-6,3014102714,7730470592412198,2098828100,2543368654564676,4599611675652390912,4587084229396922368,2768379010,3416226179280792,138494962,1282638274639462,4599611675652390912,8.0,0.04644037038087845,1.5947097153912182e-6,-8.340483606358207e-11,8.650028228759766,1.594719224963327e-6,0.04644036987089787,8.0,0.03271794691681862,1.123416836890101e-6,-7.757519086968363e-11,6.165339469909668,1.1234107220000746e-6,0.03271794820165436
800,10.913735389709473,0.32973939180374146,0.04804272949695587,20.981224060058594,1.2311807870864868,0.0,0.0,0.055874720215797424,0.12632961571216583,0.12632961571216583,0.12632961571216583,0.07067792117595673,0.07067792117595673,0.08566434681415558,0.04283217340707779,0.04283217340707779,0.041099030524492264,0.041099030524492264,1.0,1.0,0.2403952181339264,8.71918773651123,0.0002412945032119751,1.389719545841217e-5,0.12019580602645874,6.210879325866699,0.00012066960334777832,7.088296115398407e-6,4189380407,7730446284262563,1996263286,2543743682753072,4599611676726132736,4587084508032925696,2834151065,3416204508288649,2284014949,1282636147550711,4599611676726132736,8.0,0.0464191734790802,1.5938635442580562e-6,-1.0150741850779301e-11,8.71918773651123,1.5938613021599163e-6,0.04641917169067359,8.0,0.032720062881708145,1.1412709000069299e-6,-4.8132925778569355e-11,6.210879325866699,1.1412660668529943e-6,0.03272006373351156
801,10.927474975585938,0.32973942160606384,0.04804440960288048,20.981199264526367,1.2311803102493286,0.0,0.0,0.041099030524492264,0.043626878410577774,0.043626878410577774,0.043626878410577774,0.026825908571481705,0.026825908571481705,0.07564287632703781,0.037821438163518906,0.037821438163518906,0.02808302454650402,0.02808302454650402,1.0,1.0,0.24039503931999207,8.787620544433594,0.00024133920669555664,1.3951212167739868e-5,0.12019571661949158,6.255944728851318,0.00012069940567016602,7.249414920806885e-6,1285844131,7730444186330805,2088929961,2544618128449073,4599611677263003648,4587084750161707008,1027786364,3416227940038250,256143644,1282629812732832,4599611677263003648,8.0,0.046397801488637924,1.5875983763180557e-6,-5.1290650258597674e-11,8.787620544433594,1.5876100701833423e-6,0.04639780311763194,8.0,0.03272205591201782,1.1588041388677084e-6,-5.6225393777994165e-11,6.255944728851318,1.1587995879831002e-6,0.03272205764689659
802,10.941214561462402,0.32973945140838623,0.04804573580622673,20.981178283691406,1.23117995262146,0.0,0.0,0.02808302454650402,0.04059983789920807,0.04059983789920807,0.04059983789920807,0.021865826100111008,0.021865826100111008,0.03865819051861763,0.019329095259308815,0.019329095259308815,0.018756920471787453,0.018756920471787453,1.0,1.0,0.24039487540721893,8.855330467224121,0.00024131685495376587,1.4135614037513733e-5,0.1201956570148468,6.300536155700684,0.00012066960334777832,7.341615855693817e-6,1536573516,7730431488843522,4082303026,2545834964141894,4599611677799874560,4587084941287751680,971858240,3416176622724748,201472288,1282629958080388,4599611677799874560,8.0,0.0463777519762516,1.5962830275384476e-6,-6.985346784969535e-11,8.855330467224121,1.5962814861359973e-6,0.04637775057713684,8.0,0.03272417560219765,1.1652366538328351e-6,-2.2014581192748054e-11,6.300536155700684,1.1652406740171135e-6,0.03272417650448106
803,10.95495319366455,0.3297394812107086,0.048046618700027466,20.981157302856445,1.2311795949935913,0.0,0.0,0.018756920471787453,0.013861898332834244,0.013861898332834244,0.013861898332834244,0.013097050599753857,0.012966061010956764,0.03926868364214897,0.019634341821074486,0.019634341821074486,0.016433333978056908,0.016433333978056908,1.0,1.0,0.2403947412967682,8.922331809997559,0.00024134665727615356,1.4159828424453735e-5,0.12019556015729904,6.344656944274902,0.00012067705392837524,7.401220500469208e-6,1887034387,7730470365196433,2025375680,2547005857507238,4599611678336745472,4587085068526157824,2988438695,3416208749158489,158740295,1282630098429145,4599611678336745472,8.0,0.046357836574316025,1.5870098195591709e-6,6.315448960056643e-12,8.922331809997559,1.5870114856212661e-6,0.04635783603647276,8.0,0.032726362347602844,1.1665281363093527e-6,1.6248857547028328e-11,6.344656944274902,1.1665282524810859e-6,0.032726363345817425
804,10.968692779541016,0.3297395408153534,0.04804708808660507,20.98114013671875,1.231179118156433,0.0,0.0,0.016433333978056908,0.014214299619197845,0.014214299619197845,0.014214299619197845,0.013206884264945984,0.013206884264945984,0.03668544441461563,0.018342722207307816,0.018342722207307816,0.015149466693401337,0.015149466693401337,1.0,1.0,0.24039457738399506,8.988625526428223,0.00024124979972839355,1.4318153262138367e-5,0.12019547075033188,6.388315677642822,0.00012067705392837524,7.407739758491516e-6,1766910124,7730464193366200,105824783,2548140119989859,4599611679410487296,4587085136171892736,3198037548,3416217754516860,194198491,1282630275665105,4599611679410487296,8.0,0.046338897198438644,1.5929191476971027e-6,-6.254084273805081e-11,8.988625526428223,1.5929242914105918e-6,0.04633889559357149,8.0,0.03272832930088043,1.1595762998695136e-6,-5.3374492729223656e-11,6.388315677642822,1.1595643346493436e-6,0.032728330668591155
805,10.98243236541748,0.3297395706176758,0.048047151416540146,20.981122970581055,1.2311787605285645,0.0,0.0,0.015149466693401337,0.014965074136853218,0.014965074136853218,0.014965074136853218,0.013700248673558235,0.013700248673558235,0.02642803266644478,0.01321401633322239,0.01321401633322239,0.012958532199263573,0.012958532199263573,1.0,1.0,0.2403944730758667,9.05422306060791,0.0002413243055343628,1.4499295502901077e-5,0.12019538134336472,6.431519031524658,0.00012065470218658447,7.4785202741622925e-6,1623100429,7730426141211127,261950388,2548937139147104,4599611679947358208,4587085145298698240,3165130678,3416195851935018,28165136,1282630464992984,4599611679947358208,8.0,0.046320319175720215,1.6013848380680429e-6,-1.639459867687579e-10,9.05422306060791,1.6013953961467e-6,0.0463203182050625,8.0,0.032729994505643845,1.1627922731349827e-6,-9.503855783210746e-11,6.431519031524658,1.1627752705269305e-6,0.03272999381004623
806,10.996170997619629,0.32973960041999817,0.04804689437150955,20.981107711791992,1.2311784029006958,0.0,0.0,0.012958532199263573,0.01418234035372734,0.01418234035372734,0.01418234035372734,0.013282524421811104,0.013114426285028458,0.025416573509573936,0.012949354946613312,0.012708286754786968,0.012954908423125744,0.012954908423125744,1.0,1.0,0.24039427936077118,9.119132041931152,0.00024125725030899048,1.4726072549819946e-5,0.12019531428813934,6.474267959594727,0.0001206621527671814,7.495284080505371e-6,3481037689,7730463084926449,1919619318,2549368160425718,4599611680484229120,4587085108254605312,3134379162,3416225827172108,105422190,1282626404591676,4599611680484229120,8.0,0.046301424503326416,1.6148545682881377e-6,-8.299573815523831e-11,9.119132041931152,1.6148546190436643e-6,0.04630142554279402,8.0,0.032732054591178894,1.1577037639654009e-6,-8.910663816112309e-12,6.474267959594727,1.15769542983553e-6,0.03273205409037119
807,11.009910583496094,0.32973963022232056,0.048046551644802094,20.981090545654297,1.2311781644821167,0.0,0.0,0.012954908423125744,0.013814571313560009,0.013814571313560009,0.013814571313560009,0.013708804734051228,0.012945805676281452,0.025410201400518417,0.012945805676281452,0.012705100700259209,0.012948932126164436,0.012948932126164436,1.0,1.0,0.24039417505264282,9.18336296081543,0.0002412945032119751,1.4949589967727661e-5,0.12019529193639755,6.516567230224609,0.0001206621527671814,7.51204788684845e-6,3222583298,7730408684721958,1948354946,2549424599142508,4599611681021100032,4587085058862481408,705433520,3416219331887002,120756079,1282626691663079,4599611681021100032,8.0,0.046283621340990067,1.627899337108829e-6,-9.501298921283598e-11,9.18336296081543,1.6279041643116336e-6,0.04628362107546579,8.0,0.03273365646600723,1.152761456069129e-6,-8.810946200953519e-11,6.516567230224609,1.1527620776817e-6,0.03273365693010488
808,11.023650169372559,0.32973966002464294,0.04804615676403046,20.981077194213867,1.231177806854248,0.0,0.0,0.012948932126164436,0.013822093605995178,0.013822093605995178,0.013822093605995178,0.013822093605995178,0.012940523214638233,0.02540058083832264,0.012940523214638233,0.01270029041916132,0.012945887632668018,0.012945887632668018,1.0,1.0,0.24039402604103088,9.246923446655273,0.00024130195379257202,1.5087425708770752e-5,0.12019523233175278,6.55842399597168,0.0001206621527671814,7.539987564086914e-6,1596748328,7730432947801548,2096128565,2549161340586149,4599611681557970944,4587085001954164736,2790899813,3416229900367085,172447455,1282626949033765,4599611681557970944,8.0,0.046266429126262665,1.6316157598339487e-6,-1.155957277263809e-10,9.246923446655273,1.631626264195642e-6,0.046266427490264744,8.0,0.03273544833064079,1.1496645129227545e-6,-1.1196498378983012e-10,6.55842399597168,1.149649181672574e-6,0.03273544837427744
809,11.037388801574707,0.32973966002464294,0.0480458028614521,20.981063842773438,1.231177568435669,0.0,0.0,0.012945887632668018,0.013853868469595909,0.013853868469595909,0.013853868469595909,0.013853868469595909,0.012939280830323696,0.02539650723338127,0.012939280830323696,0.012698253616690636,0.012942200526595116,0.012942200526595116,1.0,1.0,0.24039393663406372,9.309809684753418,0.00024134665727615356,1.5232712030410767e-5,0.1201951801776886,6.599844932556152,0.00012065470218658447,7.536262273788452e-6,1771836933,7730429918264749,2161961189,2548607370566935,4599611681557970944,4587084950951428096,704826470,3416219720788502,208481342,1282622908346154,4599611681557970944,8.0,0.04624892398715019,1.6362001815650729e-6,-8.660091347251761e-11,9.309809684753418,1.6362075280217235e-6,0.046248925567200186,8.0,0.03273715823888779,1.1418846952437889e-6,-7.210350634558597e-12,6.599844932556152,1.1418839880125966e-6,0.032737157280403655
810,11.051128387451172,0.32973968982696533,0.048045672476291656,20.981050491333008,1.2311772108078003,0.0,0.0,0.012942200526595116,0.013866479508578777,0.013866479508578777,0.013866479508578777,0.013866479508578777,0.01293494738638401,0.0253881998360157,0.01293494738638401,0.01269409991800785,0.012940982356667519,0.012940982356667519,1.0,1.0,0.24039381742477417,9.372041702270508,0.00024133175611495972,1.5439465641975403e-5,0.12019513547420502,6.640830039978027,0.00012065470218658447,7.596798241138458e-6,1598434635,7730470501393673,2206066562,2547883319257982,4599611682094841856,4587084932160946176,754995090,3416219201163886,2151757523,1282621133624725,4599611682094841856,8.0,0.046232543885707855,1.6473961750307353e-6,-1.2955619384861137e-10,9.372041702270508,1.6474131118310582e-6,0.04623254531773124,8.0,0.03273889422416687,1.143953113569296e-6,-5.6289315326172876e-11,6.640830039978027,1.1439430334329032e-6,0.03273889319263269
811,11.064867973327637,0.3297397196292877,0.048045769333839417,20.981035232543945,1.2311770915985107,0.0,0.0,0.012940982356667519,0.012940982356667519,0.012484012171626091,0.012484012171626091,0.012936237268149853,0.012936237268149853,0.02538636513054371,0.012936237268149853,0.012693182565271854,0.01293784100562334,0.01293784100562334,1.0,1.0,0.24039368331432343,9.433618545532227,0.00024133920669555664,1.5564262866973877e-5,0.12019506841897964,6.6813836097717285,0.00012065470218658447,7.642433047294617e-6,3610767218,7730413021870232,173502492,2547075772897262,4599611682631712768,4587084946119589888,653627369,3416202377588515,2353598104,1282621474055920,4599611682631712768,8.0,0.046215951442718506,1.649871933295799e-6,-1.305278013809278e-10,9.433618545532227,1.6498708378894331e-6,0.04621595158455122,8.0,0.0327405110001564,1.1438398814789252e-6,-4.0385634139309586e-11,6.6813836097717285,1.143832236697094e-6,0.03274051006266364
812,11.078606605529785,0.32973968982696533,0.04804607853293419,20.981021881103516,1.2311769723892212,0.0,0.0,0.01293784100562334,0.013238513842225075,0.013238513842225075,0.013238513842225075,0.012932846322655678,0.012932846322655678,0.025378653779625893,0.012932846322655678,0.012689326889812946,0.012934242375195026,0.012934242375195026,1.0,1.0,0.24039357900619507,9.49455451965332,0.00024131685495376587,1.5676021575927734e-5,0.12019501626491547,6.72151517868042,0.00012065470218658447,7.729977369308472e-6,3806980503,7730455944471047,204144490,2546351948939656,4599611682094841856,4587084990679875584,579138118,3416214654123576,2261504109,1282621794617593,4599611682094841856,8.0,0.04620027914643288,1.6510539353475906e-6,-1.519543043304317e-10,9.49455451965332,1.6510676684109408e-6,0.04620028081821719,8.0,0.03274192661046982,1.1500349046400515e-6,-5.547111950948537e-11,6.72151517868042,1.1500173834370428e-6,0.032741928415753435
813,11.09234619140625,0.3297397196292877,0.048046596348285675,20.981008529663086,1.2311768531799316,0.0,0.0,0.012934242375195026,0.014287351630628109,0.014287351630628109,0.014287351630628109,0.012928477488458157,0.012928477488458157,0.02536803111433983,0.012928477488458157,0.012684015557169914,0.012929333373904228,0.012929333373904228,1.0,1.0,0.24039356410503387,9.554849624633789,0.00024130195379257202,1.5778467059135437e-5,0.12019501626491547,6.761227130889893,0.00012067705392837524,7.818453013896942e-6,1405831967,7730399208766747,2408893834,2545815338866870,4599611682631712768,4587085065304932352,2977017262,3416182265392618,2296858734,1282622083697780,4599611682631712768,8.0,0.0461847148835659,1.6513569107701187e-6,-1.5305375495910554e-10,9.554849624633789,1.6513734574680153e-6,0.046184713718582744,8.0,0.032743703573942184,1.1563660109459306e-6,-8.011926848719632e-11,6.761227130889893,1.1563588506602377e-6,0.03274370471138764
814,11.106085777282715,0.32973968982696533,0.04804722219705582,20.98099708557129,1.231176733970642,0.0,0.0,0.012929333373904228,0.015749093145132065,0.015749093145132065,0.015749093145132065,0.013483043760061264,0.013483043760061264,0.025356732308864594,0.012923351489007473,0.012678366154432297,0.01292366161942482,0.01292366161942482,1.0,1.0,0.2403934895992279,9.614508628845215,0.00024130195379257202,1.590140163898468e-5,0.12019496411085129,6.8005194664001465,0.00012065470218658447,7.869675755500793e-6,1204258739,7730452732152949,115291089,2545490012624017,4599611682094841856,4587085155499245568,539411056,3416210372052622,2295937292,1282622370673234,4599611682094841856,8.0,0.046169817447662354,1.6538964473511442e-6,-1.7033814158662898e-10,9.614508628845215,1.6539046603830011e-6,0.046169817475223036,8.0,0.032745201140642166,1.1572168432394392e-6,-3.1001950866674814e-11,6.8005194664001465,1.1572101917294226e-6,0.03274520196016878
815,11.119824409484863,0.32973968982696533,0.048047859221696854,20.98098373413086,1.2311766147613525,0.0,0.0,0.01292366161942482,0.01778830960392952,0.01778830960392952,0.01778830960392952,0.014653999358415604,0.014653999358415604,0.026405129581689835,0.013202564790844917,0.013202564790844917,0.012918360531330109,0.012918360531330109,1.0,1.0,0.24039341509342194,9.673543930053711,0.00024130940437316895,1.5944242477416992e-5,0.1201949194073677,6.839398384094238,0.00012063980102539062,8.004717528820038e-6,1918326461,7730446421800763,249903413,2545408336861195,4599611682094841856,4587085247304171520,2924655330,3416233948568402,2372574476,1282622654773402,4599611682094841856,8.0,0.046154532581567764,1.6482317732879892e-6,-6.842162517049221e-11,9.673543930053711,1.6482328136582861e-6,0.046154531711584526,8.0,0.03274667263031006,1.1703832569764927e-6,-3.5131282879019546e-11,6.839398384094238,1.1703734521956467e-6,0.0327466744254565
816,11.133563995361328,0.32973968982696533,0.04804851487278938,20.980972290039062,1.231176495552063,0.0,0.0,0.012918360531330109,0.020631369203329086,0.020631369203329086,0.020631369203329086,0.016286246478557587,0.016286246478557587,0.03072025626897812,0.01536012813448906,0.01536012813448906,0.013039972633123398,0.013039972633123398,1.0,1.0,0.24039334058761597,9.731955528259277,0.0002413243055343628,1.6005709767341614e-5,0.1201949194073677,6.877866744995117,0.00012065470218658447,8.104369044303894e-6,608879451,7730444332063463,30403185,2545576816105489,4599611682094841856,4587085341793452032,821961282,3416193064150252,2297803077,1282622883596499,4599611682094841856,8.0,0.04614033177495003,1.6446550716864294e-6,-1.0703024027043363e-10,9.731955528259277,1.6446662688415975e-6,0.04614033051573117,8.0,0.03274817764759064,1.1783259878939134e-6,-9.530702833445804e-11,6.877866744995117,1.1783122111363422e-6,0.032748178499463716
817,11.147303581237793,0.32973966002464294,0.048049021512269974,20.9809627532959,1.2311763763427734,0.0,0.0,0.013039972633123398,0.024595314636826515,0.024595314636826515,0.024595314636826515,0.01856152154505253,0.01856152154505253,0.03673049062490463,0.018365245312452316,0.018365245312452316,0.01472267135977745,0.01472267135977745,1.0,1.0,0.24039337038993835,9.789754867553711,0.0002413243055343628,1.6201287508010864e-5,0.12019490450620651,6.915937423706055,0.00012064725160598755,8.150003850460052e-6,2545910203,7730467366922067,2320970918,2545920735078048,4599611681557970944,4587085414807896064,2995418817,3416182326166815,168892280,1282620957783132,4599611681557970944,8.0,0.04612596705555916,1.6549226984352572e-6,-1.5136622608718757e-10,9.789754867553711,1.6549385738574899e-6,0.046125968837421344,8.0,0.03274961933493614,1.178438083115907e-6,-1.2748513568762114e-10,6.915937423706055,1.178435169781782e-6,0.03274961849459881
818,11.161042213439941,0.32973963022232056,0.048049453645944595,20.980955123901367,1.2311763763427734,0.0,0.0,0.01472267135977745,0.030112454667687416,0.030112454667687416,0.030112454667687416,0.02172885276377201,0.02172885276377201,0.045094870030879974,0.022547435015439987,0.022547435015439987,0.017290916293859482,0.017290916293859482,1.0,1.0,0.24039332568645477,9.84695053100586,0.00024133175611495972,1.6260892152786255e-5,0.12019485980272293,6.953605651855469,0.00012064725160598755,8.252449333667755e-6,438193338,7730418417947430,258481376,2546401503915990,4599611681021100032,4587085477084921856,3091802651,3416194235226159,2410366944,1282619017088250,4599611681021100032,8.0,0.04611208289861679,1.6513632772330311e-6,-7.266601596955862e-11,9.84695053100586,1.6513713800058118e-6,0.04611208456570031,8.0,0.03275098279118538,1.1867871307913447e-6,-8.943903021165238e-11,6.953605651855469,1.1867703692778376e-6,0.03275098388813651
819,11.174781799316406,0.32973963022232056,0.04804965481162071,20.980947494506836,1.2311763763427734,0.0,0.0,0.017290916293859482,0.03779445216059685,0.03779445216059685,0.03779445216059685,0.026139266788959503,0.026139266788959503,0.056740425527095795,0.028370212763547897,0.028370212763547897,0.02086636982858181,0.02086636982858181,1.0,1.0,0.2403932809829712,9.903546333312988,0.00024134665727615356,1.6314908862113953e-5,0.12019490450620651,6.990880012512207,0.0001206621527671814,8.335337042808533e-6,673394130,7730424153870576,105409074,2546880537762996,4599611681021100032,4587085506075951104,899278001,3416210220028153,2170774755,1282619226409551,4599611681021100032,8.0,0.04609845578670502,1.6473804862471297e-6,1.511105398944727e-11,9.903546333312988,1.647386816705432e-6,0.046098456552642116,8.0,0.032752372324466705,1.1923158353965846e-6,-4.269959418337892e-12,6.990880012512207,1.1923174774098413e-6,0.0327523723237248
820,11.188521385192871,0.32973960041999817,0.04804965853691101,20.980941772460938,1.231176495552063,0.0,0.0,0.02086636982858181,0.04848775640130043,0.04848775640130043,0.04848775640130043,0.032276563346385956,0.032276563346385956,0.036254823207855225,0.018127411603927612,0.018127411603927612,0.01815326139330864,0.01815326139330864,1.0,1.0,0.24039329588413239,9.959548950195312,0.00024127960205078125,1.644343137741089e-5,0.12019484490156174,7.027761936187744,0.00012064725160598755,8.361414074897766e-6,2044799518,7730394422811436,116077855,2547294542205265,4599611680484229120,4587085506612822016,557191898,3416218343304588,2398977730,1282619393275558,4599611680484229120,8.0,0.046085622161626816,1.6510216482856777e-6,-4.4847358202183614e-11,9.959548950195312,1.6510297559049132e-6,0.04608562162148693,8.0,0.032753877341747284,1.1897691365447827e-6,-4.9667042934858416e-11,7.027761936187744,1.1897646068191736e-6,0.03275387875155357
821,11.20226001739502,0.3297395706176758,0.04804955795407295,20.980934143066406,1.2311766147613525,0.0,0.0,0.01815326139330864,0.03211624175310135,0.03211624175310135,0.03211624175310135,0.019938644021749496,0.019938644021749496,0.04160376638174057,0.020801883190870285,0.020801883190870285,0.01650315523147583,0.01650315523147583,1.0,1.0,0.2403932809829712,10.014966011047363,0.00024127960205078125,1.6605481505393982e-5,0.12019486725330353,7.064258575439453,0.0001206621527671814,8.442439138889313e-6,1171456457,7730410629607451,1973370863,2547635430932229,4599611679947358208,4587085492117307392,3071600613,3416215862499793,12900522,1282617399590764,4599611679947358208,8.0,0.04607248306274414,1.6580667079324485e-6,-1.6466190810835944e-11,10.014966011047363,1.658065319390572e-6,0.04607248159062047,8.0,0.03275516629219055,1.1950920679737465e-6,2.7026030569958996e-11,7.064258575439453,1.1950907924813608e-6,0.03275516469562363
822,11.215999603271484,0.3297395706176758,0.04804935306310654,20.980928421020508,1.2311766147613525,0.0,0.0,0.01650315523147583,0.041141100227832794,0.041141100227832794,0.041141100227832794,0.02522118389606476,0.02522118389606476,0.054309308528900146,0.027154654264450073,0.027154654264450073,0.017837803810834885,0.017837803810834885,1.0,1.0,0.24039331078529358,10.069796562194824,0.00024130195379257202,1.6683712601661682e-5,0.12019488960504532,7.100368022918701,0.0001206621527671814,8.437782526016235e-6,2072805614,7730392902084942,2095430850,2547808841566032,4599611679947358208,4587085462589407232,3154160630,3416216211914050,21733739,1282617511989975,4599611679947358208,8.0,0.04606008529663086,1.6568072851441684e-6,-1.5315602943619146e-10,10.069796562194824,1.6568095492446398e-6,0.046060085362735106,8.0,0.032756343483924866,1.1883585102623329e-6,-6.364029336672464e-11,7.100368022918701,1.1883546226849022e-6,0.032756343258656895
823,11.22973918914795,0.3297395408153534,0.04804905876517296,20.98092269897461,1.231176733970642,0.0,0.0,0.017837803810834885,0.053091537207365036,0.053091537207365036,0.053091537207365036,0.032104138284921646,0.032104138284921646,0.07407419383525848,0.03703709691762924,0.03703709691762924,0.024737486615777016,0.024737486615777016,1.0,1.0,0.24039326608181,10.124053955078125,0.00024130940437316895,1.689232885837555e-5,0.12019488960504532,7.136101245880127,0.00012066960334777832,8.466653525829315e-6,1156936979,7730378066566703,4237206118,2547854952582626,4599611679410487296,4587085420176605184,773909401,3416192417771505,16218626,1282617599198232,4599611679410487296,8.0,0.04604741558432579,1.6685340824551531e-6,-2.267936529380665e-10,10.124053955078125,1.668548738396311e-6,0.04604741595934098,8.0,0.03275793418288231,1.1864536872963072e-6,-5.10861013044258e-11,7.136101245880127,1.186441720042024e-6,0.032757933930048305
824,11.243477821350098,0.329739511013031,0.048048797994852066,20.98091697692871,1.2311766147613525,0.0,0.0,0.024737486615777016,0.06895385682582855,0.06895385682582855,0.06895385682582855,0.04121435806155205,0.04121435806155205,0.10035884380340576,0.05017942190170288,0.05017942190170288,0.03317122161388397,0.03317122161388397,1.0,1.0,0.2403932809829712,10.17774486541748,0.0002412945032119751,1.7115846276283264e-5,0.12019486725330353,7.171464443206787,0.0001206621527671814,8.60355794429779e-6,1757350620,7730374354021852,4257564462,2547650870940534,4599611678873616384,4587085382595641344,745498157,3416205104692181,15576921,1282617644422619,4599611678873616384,8.0,0.046035196632146835,1.6816934476082679e-6,-1.607754779790938e-10,10.17774486541748,1.6817075583779989e-6,0.046035195022158665,8.0,0.032759036868810654,1.1996933153568534e-6,-7.685926953008207e-11,7.171464443206787,1.1996818767767917e-6,0.03275903808132346
825,11.257217407226562,0.3297394812107086,0.048048555850982666,20.98090934753418,1.231176733970642,0.0,0.0,0.03317122161388397,0.08964486420154572,0.08964486420154572,0.08964486420154572,0.05687166750431061,0.05687166750431061,0.13689103722572327,0.06844551861286163,0.06844551861286163,0.049864307045936584,0.049864307045936584,1.0,1.0,0.2403932809829712,10.230880737304688,0.00024130195379257202,1.7426908016204834e-5,0.12019484490156174,7.206456184387207,0.00012065470218658447,8.85501503944397e-6,2851713201,7730413992317875,2030602533,2547455810551369,4599611678336745472,4587085347699032064,759181662,3416213663608470,30840317,1282617656533261,4599611678336745472,8.0,0.04602308198809624,1.7033634094332228e-6,-6.719433144546097e-11,10.230880737304688,1.7033716829211715e-6,0.0460230823447349,8.0,0.032760098576545715,1.2287613344597048e-6,-3.958022263225783e-11,7.206456184387207,1.2287616382565548e-6,0.03276009965417892
826,11.270956993103027,0.32973942160606384,0.04804840311408043,20.98090362548828,1.231176733970642,0.0,0.0,0.049864307045936584,0.1501457393169403,0.1501457393169403,0.1501457393169403,0.0903228372335434,0.0903228372335434,0.25327587127685547,0.12663793563842773,0.12663793563842773,0.08004775643348694,0.08004775643348694,1.0,1.0,0.2403932809829712,10.283456802368164,0.00024128705263137817,1.7656013369560242e-5,0.12019486725330353,7.241080284118652,0.00012066960334777832,8.500181138515472e-6,3592556285,7730354005138713,4168271480,2547085230464074,4599611677263003648,4587085325687324672,3161996380,3416173010908268,32001798,1282617632547590,4599611677263003648,8.0,0.04601146653294563,1.7169336388178635e-6,1.3602505452429693e-11,10.283456802368164,1.71693571267663e-6,0.04601146658131029,8.0,0.03276136517524719,1.173882992588915e-6,-2.5811521154563488e-11,7.241080284118652,1.1738836507430032e-6,0.03276136556494662
827,11.284695625305176,0.32973939180374146,0.04804833605885506,20.98089599609375,1.231176733970642,0.0,0.0,0.08004775643348694,0.2758544683456421,0.2758544683456421,0.2758544683456421,0.1637066900730133,0.1637066900730133,0.4528661072254181,0.22643305361270905,0.22643305361270905,0.14618703722953796,0.14618703722953796,1.0,1.0,0.24039326608181,10.335477828979492,0.00024134665727615356,1.7365440726280212e-5,0.12019489705562592,7.2753400802612305,0.00012063980102539062,8.652918040752411e-6,4223784595,7730408597565001,2106811074,2546802755646140,4599611676726132736,4587085316023648256,886371529,3416209767923089,2247845012,1282615416305060,4599611676726132736,8.0,0.046000223606824875,1.6801777746877633e-6,-4.9219592097607444e-11,10.335477828979492,1.6801920840367427e-6,0.04600022477914353,8.0,0.03276249021291733,1.1893489499925636e-6,-6.954664441843753e-12,7.2753400802612305,1.1893414751727551e-6,0.032762490352964586
828,11.29843521118164,0.32973939180374146,0.04804835468530655,20.98088836669922,1.2311766147613525,0.0,0.0,0.14618703722953796,0.45216479897499084,0.45216479897499084,0.45216479897499084,0.26665252447128296,0.26665252447128296,0.7314693331718445,0.36573466658592224,0.36573466658592224,0.24064625799655914,0.24064625799655914,1.0,1.0,0.2403932511806488,10.386953353881836,0.00024133175611495972,1.7434358596801758e-5,0.12019485235214233,7.30924129486084,0.00012067705392837524,8.716247975826263e-6,3522575646,7730340033587222,255996498,2546487531579792,4599611676726132736,4587085318708002816,2934874615,3416189347908113,2267936367,1282615351119073,4599611676726132736,8.0,0.045989032834768295,1.6784862282293034e-6,-3.1398264465382827e-11,10.386953353881836,1.6784952447179593e-6,0.04598903182689301,8.0,0.03276354819536209,1.1924969385290751e-6,-6.412609713288283e-11,7.30924129486084,1.1924864726213078e-6,0.032763548367169965
829,11.312174797058105,0.32973939180374146,0.0480484776198864,20.980880737304688,1.2311766147613525,0.0,0.0,0.24064625799655914,0.6952974200248718,0.6952974200248718,0.6952974200248718,0.4085173010826111,0.4085173010826111,1.1141347885131836,0.5570673942565918,0.5570673942565918,0.37092697620391846,0.37092697620391846,1.0,1.0,0.2403932809829712,10.437891960144043,0.00024134665727615356,1.7508864402770996e-5,0.12019486725330353,7.3427886962890625,0.00012066960334777832,8.78889113664627e-6,4054996367,7730340102844819,1984250625,2546243048664653,4599611676726132736,4587085336424742912,3078410537,3416177425396005,34067778,1282617431094054,4599611676726132736,8.0,0.04597821459174156,1.6774330333646503e-6,1.0789957332566411e-11,10.437891960144043,1.6774374778773507e-6,0.045978212911016905,8.0,0.032764941453933716,1.1969418665103149e-6,-2.3216306298507823e-11,7.3427886962890625,1.1969336794591378e-6,0.032764941540881755
830,11.325913429260254,0.3297393321990967,0.04804861918091774,20.980871200561523,1.2311766147613525,0.0,0.0,0.37092697620391846,1.0258777141571045,1.0258777141571045,1.0258777141571045,0.6016459465026855,0.6016459465026855,0.6041668653488159,0.30208343267440796,0.30208343267440796,0.2553471028804779,0.2553471028804779,1.0,1.0,0.2403932511806488,10.488302230834961,0.00024130940437316895,1.771189272403717e-5,0.12019485235214233,7.375987529754639,0.0001206621527671814,8.830800652503967e-6,1547958595,7730240471733933,4079518766,2546124179794264,4599611675652390912,4587085356825837568,1039744164,3416149210834314,57834474,1282617295502858,4599611675652390912,8.0,0.04596726968884468,1.6887282754396438e-6,-1.4216152314945317e-11,10.488302230834961,1.6887291837758446e-6,0.04596726867425693,8.0,0.032765962183475494,1.1972364291068516e-6,-2.239811048182032e-11,7.375987529754639,1.197232430557538e-6,0.032765963385815104
831,11.339653015136719,0.3297393321990967,0.048048727214336395,20.980863571166992,1.2311766147613525,0.0,0.0,0.2553471028804779,0.42519330978393555,0.42519330978393555,0.42519330978393555,0.2475181370973587,0.2475181370973587,0.7551699280738831,0.37758496403694153,0.37758496403694153,0.26379555463790894,0.26379555463790894,1.0,1.0,0.24039317667484283,10.538177490234375,0.00024127960205078125,1.7741695046424866e-5,0.12019485235214233,7.408832550048828,0.00012066960334777832,8.903443813323975e-6,3763015182,7730327321299658,4205875120,2546085146148912,4599611675652390912,4587085372395094016,3110999712,3416189778917832,194359429,1282617129721947,4599611675652390912,8.0,0.04595695063471794,1.6835639371493016e-6,-3.794383099888283e-11,10.538177490234375,1.683569316338747e-6,0.04595695235145691,8.0,0.03276690095663071,1.2017336530334433e-6,-6.545566533500003e-11,7.408832550048828,1.2017318076039876e-6,0.032766899677651666
832,11.353392601013184,0.3297393023967743,0.04804898798465729,20.980854034423828,1.2311766147613525,0.0,0.0,0.26379555463790894,0.5736147165298462,0.5736147165298462,0.5736147165298462,0.3325781226158142,0.3325781226158142,0.9807129502296448,0.4903564751148224,0.4903564751148224,0.33690887689590454,0.33690887689590454,1.0,1.0,0.24039316177368164,10.587531089782715,0.00024127960205078125,1.7911195755004883e-5,0.12019482254981995,7.441335678100586,0.00012066960334777832,8.975155651569366e-6,4041263989,7730336600791005,2981424,2546151943410276,4599611675115520000,4587085409976057856,1026213294,3416217594440276,2347574366,1282619132543178,4599611675115520000,8.0,0.045946475118398666,1.6917254015424987e-6,-8.002977831974613e-11,10.587531089782715,1.6917384812033842e-6,0.045946474962906325,8.0,0.03276805207133293,1.2061216239089845e-6,-4.6739436028273456e-11,7.441335678100586,1.2061161977638132e-6,0.03276805164078027
833,11.367131233215332,0.3297392725944519,0.048049166798591614,20.980844497680664,1.2311766147613525,0.0,0.0,0.33690887689590454,0.7724440693855286,0.7724440693855286,0.7724440693855286,0.44694602489471436,0.44694602489471436,1.3026007413864136,0.6513003706932068,0.6513003706932068,0.44476160407066345,0.44476160407066345,1.0,1.0,0.24039313197135925,10.63636589050293,0.00024133175611495972,1.7939135432243347e-5,0.12019481509923935,7.4734978675842285,0.00012070685625076294,9.007751941680908e-6,4259877066,7730312043352354,2135703254,2546311047014468,4599611674578649088,4587085435745861632,3119302741,3416198320358315,2216672471,1282618952663667,4599611674578649088,8.0,0.045936454087495804,1.6865850511749159e-6,-8.810946200953519e-11,10.63636589050293,1.6865978408341715e-6,0.04593645247979873,8.0,0.03276902809739113,1.2052926194883185e-6,-4.2801868660464864e-11,7.4734978675842285,1.2052887195258914e-6,0.03276902960501704
834,11.380870819091797,0.3297392725944519,0.04804917797446251,20.980836868286133,1.231176495552063,0.0,0.0,0.44476160407066345,1.0395655632019043,1.0395655632019043,1.0395655632019043,0.6008276343345642,0.6008276343345642,1.74564528465271,0.872822642326355,0.872822642326355,0.5923879146575928,0.5923879146575928,1.0,1.0,0.24039305746555328,10.684690475463867,0.0002413243055343628,1.8016435205936432e-5,0.12019475549459457,7.5053205490112305,0.00012065470218658447,9.080395102500916e-6,1809081225,7730238302113165,2413831413,2546498674737725,4599611674578649088,4587085437356474368,895642671,3416187724831823,98775764,1282620915447880,4599611674578649088,8.0,0.045926306396722794,1.6861915810295613e-6,1.2579760681570317e-11,10.684690475463867,1.6861987468087673e-6,0.04592630476751087,8.0,0.03277021273970604,1.2098610113753239e-6,-3.7483595851996106e-11,7.5053205490112305,1.2098608113175883e-6,0.0327702108960605
835,11.394610404968262,0.3297392725944519,0.04804922267794609,20.98082733154297,1.2311763763427734,0.0,0.0,0.5923879146575928,1.3882120847702026,1.3882120847702026,1.3882120847702026,0.8009322881698608,0.8009322881698608,2.3272671699523926,1.1636335849761963,1.1636335849761963,0.7931675910949707,0.7931675910949707,1.0,1.0,0.24039305746555328,10.732508659362793,0.0002412945032119751,1.8116086721420288e-5,0.12019472569227219,7.5368146896362305,0.00012068450450897217,9.119510650634766e-6,3370449732,7730120595419830,233635430,2546699365490122,4599611674578649088,4587085443798925312,760443251,3416152744492137,2238300860,1282622910701566,4599611674578649088,8.0,0.04591654986143112,1.6879638451428036e-6,-1.4006489636919145e-10,10.732508659362793,1.6879756704616256e-6,0.04591654893483739,8.0,0.03277125954627991,1.2099953892175108e-6,-7.246146701538675e-11,7.5368146896362305,1.2099852197884533e-6,0.032771260699872524
836,11.40834903717041,0.3297392725944519,0.048048749566078186,20.980815887451172,1.2311762571334839,0.0,0.0,0.7931675910949707,1.8667278289794922,1.8667278289794922,1.8667278289794922,1.07741379737854,1.07741379737854,3.130554437637329,1.5652772188186646,1.5652772188186646,1.0664829015731812,1.0664829015731812,1.0,1.0,0.2403929978609085,10.779827117919922,0.00024130940437316895,1.8194317817687988e-5,0.12019471824169159,7.5679755210876465,0.00012069195508956909,9.171664714813232e-6,2089725523,7730162749390919,1942060856,2546854928972564,4599611674578649088,4587085375616319488,591744755,3416157152885753,2246217132,1282622747359416,4599611674578649088,8.0,0.04590732604265213,1.6878116184670944e-6,-7.864907287908597e-11,10.779827117919922,1.6878276861980382e-6,0.04590732685601176,8.0,0.032772138714790344,1.2119046459702076e-6,-7.522287789670706e-11,7.5679755210876465,1.2118972519018051e-6,0.03277213844592333
837,11.422088623046875,0.3297392725944519,0.048048533499240875,20.980806350708008,1.2311761379241943,0.0,0.0,1.0664829015731812,2.5114808082580566,2.5114808082580566,2.5114808082580566,1.449483871459961,1.449483871459961,4.214989185333252,2.107494592666626,2.107494592666626,1.4359173774719238,1.4359173774719238,1.0,1.0,0.24039293825626373,10.826644897460938,0.0002412647008895874,1.8315389752388e-5,0.1201946809887886,7.598809242248535,0.00012065470218658447,9.209848940372467e-6,3680410719,7730117055535433,2144983691,2546992581427931,4599611674578649088,4587085344477806592,3056807057,3416176532484207,2177803986,1282622554473748,4599611674578649088,8.0,0.04589775204658508,1.6916958429646911e-6,-7.005801680386722e-11,10.826644897460938,1.6917053100153015e-6,0.04589775346472171,8.0,0.0327729769051075,1.2120120800318546e-6,-5.277363017634377e-11,7.598809242248535,1.2120097041057868e-6,0.032772976509286525
838,11.43582820892334,0.3297392725944519,0.04804825037717819,20.98079490661621,1.2311758995056152,0.0,0.0,1.4359173774719238,3.379852294921875,3.379852294921875,3.379852294921875,1.950368881225586,1.950368881225586,5.676495552062988,2.838247776031494,2.838247776031494,1.9340291023254395,1.9340291023254395,1.0,1.0,0.24039281904697418,10.872973442077637,0.00024133920669555664,1.8445774912834167e-5,0.12019467353820801,7.62932014465332,0.00012068450450897217,9.252689778804779e-6,1226189971,7730045523913197,2142313141,2547039948242195,4599611674578649088,4587085303675617280,3099342399,3416172102591019,2224430441,1282622397623909,4599611674578649088,8.0,0.045888837426900864,1.6964793303486658e-6,-2.239811048182032e-11,10.872973442077637,1.6964778529323231e-6,0.04588883619640863,8.0,0.032774195075035095,1.2127803756811772e-6,2.5568619271484386e-11,7.62932014465332,1.2127790279639028e-6,0.03277419455174821
839,11.449566841125488,0.3297392725944519,0.048047985881567,20.980783462524414,1.2311757802963257,0.0,0.0,1.9340291023254395,4.5492167472839355,4.5492167472839355,4.5492167472839355,2.6247541904449463,2.6247541904449463,7.645011901855469,3.8225059509277344,3.8225059509277344,2.603860855102539,2.603860855102539,1.0,1.0,0.2403927743434906,10.918807029724121,0.00024131685495376587,1.853145658969879e-5,0.12019457668066025,7.659500598907471,0.00012066960334777832,9.294599294662476e-6,2100425373,7729944346073011,2013933760,2547026628143256,4599611674578649088,4587085265557782528,2817990056,3416163720910736,2194659935,1282622225393601,4599611674578649088,8.0,0.045879803597927094,1.6972052208075183e-6,-4.22393590364922e-11,10.918807029724121,1.6972128393346347e-6,0.04587980347308935,8.0,0.032774917781353,1.2134732969570905e-6,-4.459167200946877e-11,7.659500598907471,1.2134716444683573e-6,0.03277491811882601
840,11.463306427001953,0.3297393023967743,0.048047855496406555,20.980772018432617,1.2311755418777466,0.0,0.0,2.603860855102539,6.12325382232666,6.12325382232666,6.12325382232666,3.5322093963623047,3.5322093963623047,10.294958114624023,5.147479057312012,5.147479057312012,3.651728630065918,3.651728630065918,1.0,1.0,0.24039264023303986,11.383524894714355,0.0002412647008895874,2.091703936457634e-5,0.12019452452659607,7.689367294311523,0.00012067705392837524,1.3949465937912464e-5,1308963365,7729728840913701,82522319,2546992404271931,4599611675115520000,4587085246767300608,2916386206,3416167568262196,2264751198,1282622065999766,4599611675115520000,8.0,0.04418057203292847,1.837483523559058e-6,-6.555793981208596e-11,11.383524894714355,1.8374839462948104e-6,0.04418057200133125,8.0,0.0327758863568306,1.8141240616387222e-6,-3.7994968237425795e-11,7.689367294311523,1.814119345447931e-6,0.032775888181993326
841,11.477046012878418,0.3297393321990967,0.04804770275950432,20.980758666992188,1.2311753034591675,0.0,0.0,3.651728630065918,8.31072998046875,8.31072998046875,8.31072998046875,5.277432918548584,5.277432918548584,14.74203872680664,7.37101936340332,7.37101936340332,5.28468132019043,5.28468132019043,1.0,1.0,0.2403925657272339,15.344663619995117,0.00024128705263137817,4.114164039492607e-5,0.1201944649219513,12.569502830505371,0.00012065470218658447,3.33995558321476e-5,3797040840,7729668489245072,222649338,2546786099226742,4599611675652390912,4587085224755593216,2908662244,3416184816754144,2235464528,1282621916865282,4599611675652390912,8.0,0.03290369734168053,2.6811692350747762e-6,-6.116013729739064e-11,15.344663619995117,2.681169421261793e-6,0.032903697109637295,8.0,0.025034751743078232,2.657189952515182e-6,-2.8023206721546885e-11,12.569502830505371,2.657189161731192e-6,0.025034751306924303
842,11.490784645080566,0.32973936200141907,0.04804747551679611,20.980745315551758,1.2311750650405884,0.0,0.0,5.28468132019043,16.251359939575195,16.251359939575195,16.251359939575195,9.54615306854248,9.54615306854248,28.64809799194336,14.32404899597168,14.32404899597168,9.226455688476562,9.226455688476562,1.0,1.0,0.24039244651794434,28.89794921875,0.00024127215147018433,9.046867489814758e-5,0.1201944425702095,22.69009780883789,0.0001206621527671814,6.331037729978561e-5,2955877540,7729559628765684,162170357,2546648980181821,4599611676189261824,4587085192006467584,674805251,3416148016138453,2168339123,1282621803103979,4599611676189261824,8.0,0.028118228539824486,3.1306260552810272e-6,-4.9296297955421895e-11,28.89794921875,3.130628166167433e-6,0.028118228103525655,8.0,0.023180069401860237,2.790220605675131e-6,-4.888720004707814e-11,22.69009780883789,2.7902180831657585e-6,0.02318007024916885
843,11.504524230957031,0.32973939180374146,0.04804743453860283,20.980731964111328,1.2311748266220093,0.0,0.0,9.226455688476562,28.672061920166016,28.672061920166016,28.672061920166016,16.79815101623535,16.79815101623535,48.333045959472656,24.166522979736328,24.166522979736328,15.885263442993164,15.885263442993164,1.0,1.0,0.24039235711097717,51.16794204711914,0.00024130195379257202,0.00016067735850811005,0.12019442766904831,36.85660934448242,0.00012066960334777832,0.00010570883750915527,770981129,7729594266765297,4128097997,2546466798399845,4599611676726132736,4587085186100887552,3191331588,3416163556791364,2382162245,1282621680051631,4599611676726132736,8.0,0.02554190531373024,3.140195758533082e-6,-1.6363916333750007e-12,51.16794204711914,3.140196744966003e-6,0.025541905243971815,8.0,0.02218513749539852,2.8681106414296664e-6,1.9432150646328132e-11,36.85660934448242,2.86811097088174e-6,0.02218513665139309
844,11.518263816833496,0.32973939180374146,0.04804736003279686,25.160005569458008,1.2311745882034302,0.0,0.0,15.885263442993164,45.974761962890625,45.974761962890625,45.974761962890625,26.896509170532227,26.896509170532227,75.64478302001953,37.822391510009766,37.822391510009766,25.160005569458008,25.160005569458008,1.0,1.0,0.24039226770401,82.21245574951172,0.00024128705263137817,0.0002589710056781769,0.12019434571266174,56.351341247558594,0.00012063980102539062,0.0001648738980293274,2058406711,7729542949104959,1886575614,2546254699882796,4599611676726132736,4587085175363469312,896199679,3416160948987415,172318731,1282619448527987,4599611676726132736,8.0,0.02414504624903202,3.150021484543686e-6,-6.218288206825002e-11,82.21245574951172,3.150021973596093e-6,0.024145045668571077,8.0,0.021560480818152428,2.925820353993913e-6,6.545566533500003e-12,56.351341247558594,2.925821007934851e-6,0.02156048070416457
845,11.532002449035645,0.32973939180374146,0.04804735258221626,37.868011474609375,1.231174349784851,0.0,0.0,25.160005569458008,69.70584869384766,69.70584869384766,69.70584869384766,40.74064636230469,40.74064636230469,112.9537353515625,56.47686767578125,56.47686767578125,37.868011474609375,37.868011474609375,1.0,1.0,0.24039214849472046,124.8148193359375,0.00024127960205078125,0.0003943443298339844,0.12019428610801697,82.81173706054688,0.00012066960334777832,0.00024618208408355713,3472094822,7729468215452260,4125582247,2546068946809711,4599611676726132736,4587085174289727488,2719385860,3416189229485048,185483591,1282619396071821,4599611676726132736,8.0,0.02326551452279091,3.1594352094543865e-6,-6.300107788493753e-11,124.8148193359375,3.159435354727989e-6,0.023265515172884152,8.0,0.021131325513124466,2.972792117361678e-6,1.6363916333750007e-12,82.81173706054688,2.9727918338245443e-6,0.021131325834021032
846,11.54574203491211,0.32973942160606384,0.04804735630750656,55.04301071166992,1.2311739921569824,0.0,0.0,37.868011474609375,101.8358154296875,101.8358154296875,101.8358154296875,59.48069763183594,59.48069763183594,163.28811645507812,81.64405822753906,81.64405822753906,55.04301071166992,55.04301071166992,1.0,1.0,0.2403920292854309,182.52174377441406,0.00024127215147018433,0.0005804039537906647,0.1201941967010498,118.32725524902344,0.00012064725160598755,0.0003633350133895874,2014084902,7729394416478868,250715903,2545905443049233,4599611677263003648,4587085174826598400,2815858924,3416162939782326,2331516621,1282617214290707,4599611677263003648,8.0,0.022645441815257072,3.1799168027646374e-6,-1.0309267290262504e-10,182.52174377441406,3.179916923571863e-6,0.02264544178184339,8.0,0.020809877663850784,3.070594402743154e-6,-4.090979083437502e-12,118.32725524902344,3.070594747702659e-6,0.020809877113120746
847,11.559481620788574,0.3297394812107086,0.048047423362731934,78.02818298339844,1.2311736345291138,0.0,0.0,55.04301071166992,144.88693237304688,144.88693237304688,144.88693237304688,84.58918762207031,84.58918762207031,230.48524475097656,115.24262237548828,115.24262237548828,78.02818298339844,78.02818298339844,1.0,1.0,0.24039188027381897,259.8531188964844,0.00024124979972839355,0.0008420795202255249,0.12019416689872742,165.54519653320312,0.00012065470218658447,0.0005119293928146362,1004899717,7729407430932713,2144732612,2545787849336064,4599611678336745472,4587085184490274816,2798185969,3416167297982729,2329038840,1282617236913474,4599611678336745472,8.0,0.02218363992869854,3.2405980618932517e-6,-7.200123186850003e-11,259.8531188964844,3.2405985698500193e-6,0.022183640684271325,8.0,0.020557286217808723,3.092384531555581e-6,-7.691040676862502e-11,165.54519653320312,3.092384255014917e-6,0.020557286870328293
848,11.573220252990723,0.3297394812107086,0.04804746434092522,108.49529266357422,1.2311733961105347,0.0,0.0,78.02818298339844,202.01182556152344,202.01182556152344,202.01182556152344,117.89218139648438,117.89218139648438,319.4231262207031,159.71156311035156,159.71156311035156,108.49529266357422,108.49529266357422,1.0,1.0,0.24039176106452942,362.50823974609375,0.0002413243055343628,0.0011871755123138428,0.12019411474466324,227.79873657226562,0.00012064725160598755,0.0007017701864242554,1237562087,7729329128119841,233592103,2545666601369601,4599611678336745472,4587085190395854848,2856440559,3416175688325113,2332825140,1282617266515646,4599611678336745472,8.0,0.021829526871442795,3.2748923786130035e-6,-1.0309267290262504e-10,362.50823974609375,3.2748926200717163e-6,0.02182952721166411,8.0,0.02038349024951458,3.0806588711129734e-6,-1.4972983445381256e-10,227.79873657226562,3.080658366744001e-6,0.02038349072860568
849,11.586959838867188,0.3297395408153534,0.048047516494989395,148.55987548828125,1.2311731576919556,0.0,0.0,108.49529266357422,277.1954040527344,277.1954040527344,277.1954040527344,161.71524047851562,161.71524047851562,436.1732482910156,218.0866241455078,218.0866241455078,148.55987548828125,148.55987548828125,1.0,1.0,0.24039164185523987,497.6494445800781,0.00024127960205078125,0.0015945136547088623,0.12019407749176025,309.2450866699219,0.00012066960334777832,0.000949561595916748,884077443,7729291660544545,4206527331,2545565506989951,4599611679410487296,4587085197912047616,2704197062,3416158059793748,2219162736,1282617318121428,4599611679410487296,8.0,0.02157815732061863,3.2040900350693846e-6,-1.6363916333750006e-10,497.6494445800781,3.204090206611158e-6,0.021578156393141545,8.0,0.02023322880268097,3.070579396080575e-6,2.6182266134000012e-11,309.2450866699219,3.070579179456962e-6,0.020233229053912213
850,11.600699424743652,0.3297395706176758,0.04804752394556999,104.67955780029297,1.2311729192733765,0.0,0.0,148.55987548828125,375.43927001953125,375.43927001953125,375.43927001953125,215.51736450195312,215.51736450195312,226.0692138671875,113.03460693359375,113.03460693359375,104.67955780029297,104.67955780029297,1.0,1.0,0.2403915375471115,710.5286865234375,0.00024127215147018433,0.0023593008518218994,0.1201939582824707,101.0594253540039,0.0001206621527671814,0.0006480887532234192,3719733500,7728961806522702,261055057,2546671202517235,4599611679947358208,4587085198985789440,594524169,3416186667709855,2271105669,1282617386385131,4599611679947358208,8.0,0.0209357813000679,3.3204864848812576e-6,-5.891009880150003e-11,710.5286865234375,3.3204866364790476e-6,0.02093578106649627,8.0,0.050923287868499756,6.412947186618112e-6,-7.363762350187503e-12,101.0594253540039,6.4129468182749124e-6,0.050923289572578204
851,11.6144380569458,0.3297395706176758,0.04804762080311775,78.76858520507812,1.2311726808547974,0.0,0.0,104.67955780029297,221.83413696289062,221.83413696289062,221.83413696289062,125.9227294921875,125.9227294921875,216.73052978515625,108.36526489257812,108.36526489257812,78.76858520507812,78.76858520507812,1.0,1.0,0.24039144814014435,426.5950622558594,0.00024124979972839355,0.0010574981570243835,0.12019390612840652,136.56497192382812,0.00012065470218658447,0.000538364052772522,846761569,7728324652674153,2334838230,2546788609653442,4599611679947358208,4587085212944433152,1048026934,3416160737508744,37132694,1282615346022708,4599611679947358208,8.0,0.01880093477666378,2.47892739935196e-6,-4.909174900125002e-11,426.5950622558594,2.478927658102907e-6,0.01880093430951668,8.0,0.031004544347524643,3.942182502214564e-6,-8.018319003537503e-11,136.56497192382812,3.942181996808351e-6,0.03100454394962829
852,11.628177642822266,0.32973960041999817,0.04804772883653641,94.28811645507812,1.2311724424362183,0.0,0.0,78.76858520507812,151.26284790039062,151.26284790039062,151.26284790039062,86.29829406738281,86.29829406738281,269.35235595703125,134.67617797851562,134.67617797851562,94.28811645507812,94.28811645507812,1.0,1.0,0.240391343832016,283.87908935546875,0.00024131685495376587,0.0004515792243182659,0.12019388377666473,179.6981964111328,0.00012065470218658447,0.00034743943251669407,1786687005,7728222354892875,2155383394,2546662513714974,4599611680484229120,4587085228513689600,2950517673,3416175750749043,130122376,1282615472531812,4599611680484229120,8.0,0.021453440189361572,1.5907448869256768e-6,-9.163793146900004e-11,283.87908935546875,1.5907448988268324e-6,0.02145344087151925,8.0,0.01828698068857193,1.933460907821427e-6,-3.109144103412501e-11,179.6981964111328,1.933460599481472e-6,0.018286981430365123
853,11.64191722869873,0.32973963022232056,0.04804760590195656,119.79466247558594,1.2311722040176392,0.0,0.0,94.28811645507812,201.2725830078125,201.2725830078125,201.2725830078125,114.90977478027344,114.90977478027344,347.05682373046875,173.52841186523438,173.52841186523438,119.79466247558594,119.79466247558594,1.0,1.0,0.24039120972156525,376.6322326660156,0.00024130940437316895,0.0007233225624077022,0.12019380927085876,238.88433837890625,0.00012062489986419678,0.00042343803215771914,528386296,7728411849502774,4260011531,2546544723205717,4599611681021100032,4587085210796949504,2685446350,3416192976564876,165826702,1282615611022446,4599611681021100032,8.0,0.019491903483867645,1.9205010630685138e-6,-9.163793146900004e-11,376.6322326660156,1.9205011483793907e-6,0.01949190322339676,8.0,0.017705745995044708,1.7725650423017214e-6,-8.509236493550004e-11,238.88433837890625,1.7725648736026683e-6,0.017705745189009543
854,11.655655860900879,0.32973963022232056,0.048047248274087906,161.1060028076172,1.23117196559906,0.0,0.0,119.79466247558594,268.60028076171875,268.60028076171875,268.60028076171875,153.49496459960938,153.49496459960938,455.9834289550781,227.99171447753906,227.99171447753906,161.1060028076172,161.1060028076172,1.0,1.0,0.2403910905122757,501.55242919921875,0.0002413243055343628,0.0009894825052469969,0.12019380182027817,318.17132568359375,0.0001206621527671814,0.0006303517147898674,901639544,7728675769430882,1978905869,2546026366303177,4599611681021100032,4587085159257341952,3195469395,3416175706929003,231607250,1282615754621434,4599611681021100032,8.0,0.019139964133501053,1.972839527297765e-6,-1.7345751313775007e-10,501.55242919921875,1.9728397729680742e-6,0.019139963535195828,8.0,0.020490296185016632,1.9811707261396805e-6,3.2727832667500015e-11,318.17132568359375,1.9811708077921925e-6,0.020490295360533362
855,11.669395446777344,0.32973968982696533,0.04804676026105881,212.66949462890625,1.231171727180481,0.0,0.0,161.1060028076172,360.8089599609375,360.8089599609375,360.8089599609375,207.12423706054688,207.12423706054688,605.2064208984375,302.60321044921875,302.60321044921875,212.66949462890625,212.66949462890625,1.0,1.0,0.24039097130298615,669.308837890625,0.00024130940437316895,0.0013458849862217903,0.12019374966621399,421.8957214355469,0.0001206323504447937,0.0007744303438812494,1676797918,7728844209227354,130093416,2545548366087710,4599611682094841856,4587085088927252480,787865251,3416199292833975,2296338813,1282613751213355,4599611682094841856,8.0,0.021962689235806465,2.0108579974476015e-6,-1.7345751313775007e-10,669.308837890625,2.010858207362051e-6,0.02196268843344273,8.0,0.020008927211165428,1.8355965494265547e-6,3.436422430087501e-11,421.8957214355469,1.8355967358561324e-6,0.02000892751297343
856,11.683135032653809,0.32973968982696533,0.04804622381925583,280.7716064453125,1.2311716079711914,0.0,0.0,212.66949462890625,480.3614501953125,480.3614501953125,480.3614501953125,276.15484619140625,276.15484619140625,800.9220581054688,400.4610290527344,400.4610290527344,280.7716064453125,280.7716064453125,1.0,1.0,0.24039094150066376,889.0682983398438,0.0002412348985671997,0.0017569013871252537,0.12019369006156921,559.57080078125,0.00012062489986419678,0.0010221515549346805,90859613,7728994283425991,2297792505,2544873299441621,4599611682094841856,4587085011617841152,2985855389,3416217971572441,260522359,1282611826702917,4599611682094841856,8.0,0.02141033485531807,1.9761152998398757e-6,1.1127463106950005e-10,889.0682983398438,1.9761152088953987e-6,0.021410334555304958,8.0,0.01986546628177166,1.8266706547365175e-6,1.6363916333750007e-12,559.57080078125,1.826670524244877e-6,0.019865465867833755
857,11.696873664855957,0.3297397196292877,0.048045814037323,371.41461181640625,1.2311713695526123,0.0,0.0,280.7716064453125,638.0556030273438,638.0556030273438,638.0556030273438,367.0216064453125,367.0216064453125,1060.65625,530.328125,530.328125,371.41461181640625,371.41461181640625,1.0,1.0,0.2403908222913742,1179.8375244140625,0.00024130940437316895,0.0023229876533150673,0.12019364535808563,742.2589721679688,0.00012060999870300293,0.0013584510888904333,1678451043,7729222579897085,1953914368,2543868123499766,4599611682631712768,4587084952562040832,2913502619,3416196710426389,2263981962,1282609888372184,4599611682631712768,8.0,0.021255407482385635,1.9689045984705444e-6,-1.1127463106950005e-10,1179.8375244140625,1.968904575375381e-6,0.021255406881814345,8.0,0.019821714609861374,1.8301578847967903e-6,-1.0145628126925004e-10,742.2589721679688,1.8301580073711394e-6,0.019821713714767906
858,11.710613250732422,0.3297397494316101,0.04804563149809837,491.9774169921875,1.2311712503433228,0.0,0.0,371.41461181640625,846.9172973632812,846.9172973632812,846.9172973632812,487.2919616699219,487.2919616699219,1405.707763671875,702.8538818359375,702.8538818359375,491.9774169921875,491.9774169921875,1.0,1.0,0.24039076268672943,1565.3670654296875,0.00024130195379257202,0.003082691226154566,0.12019362300634384,984.6443481445312,0.00012062489986419678,0.0018220706842839718,2326029289,7729482280048029,2188362305,2542911579085293,4599611683168583680,4587084926255366144,621605192,3416194750349976,2329686909,1282610121114779,4599611683168583680,8.0,0.021206378936767578,1.9693088688654825e-6,-6.087376876155003e-10,1565.3670654296875,1.9693091075567633e-6,0.02120637847997091,8.0,0.019804105162620544,1.8504861145629548e-6,-3.600061593425001e-10,984.6443481445312,1.8504859203153689e-6,0.019804104940414163
859,11.724352836608887,0.3297397494316101,0.04804573580622673,652.158935546875,1.2311711311340332,0.0,0.0,491.9774169921875,1123.8616943359375,1123.8616943359375,1123.8616943359375,646.7173461914062,646.7173461914062,1863.89453125,931.947265625,931.947265625,652.158935546875,652.158935546875,1.0,1.0,0.24039071798324585,2076.775146484375,0.0002412647008895874,0.0040857503190636635,0.12019357085227966,1306.231689453125,0.00012063980102539062,0.002381949219852686,3923131553,7729609434440837,4113203649,2542109924752329,4599611683168583680,4587084941287751680,2856514332,3416192710866756,2342682330,1282610339497568,4599611683168583680,8.0,0.02122499607503414,1.9673532278829953e-6,3.4036945974200015e-10,2076.775146484375,1.967352993708497e-6,0.021224995947039124,8.0,0.0198828112334013,1.8235273273603525e-6,-1.3091133067000006e-11,1306.231689453125,1.8235273602802594e-6,0.01988281085727435
860,11.738091468811035,0.3297397494316101,0.04804592952132225,864.841064453125,1.2311710119247437,0.0,0.0,652.158935546875,1491.171630859375,1491.171630859375,1491.171630859375,858.138916015625,858.138916015625,2472.0400390625,1236.02001953125,1236.02001953125,864.841064453125,864.841064453125,1.0,1.0,0.2403906285762787,2755.1962890625,0.00024130940437316895,0.005364457610994577,0.12019356340169907,1732.865234375,0.00012063980102539062,0.0031867921352386475,4170046827,7729820973168337,1927425019,2541404505162385,4599611683168583680,4587084969205039104,2732408368,3416179413348268,2216143455,1282610547774119,4599611683168583680,8.0,0.0212765671312809,1.9470328425086336e-6,-5.2364532268000023e-11,2755.1962890625,1.947032789783252e-6,0.021276566345181432,8.0,0.01983078382909298,1.8390305740467738e-6,-2.552770948065001e-10,1732.865234375,1.8390304103981837e-6,0.01983078315906673
861,11.7518310546875,0.3297397494316101,0.0480460561811924,1147.0545654296875,1.231170892715454,0.0,0.0,864.841064453125,1978.398193359375,1978.398193359375,1978.398193359375,1138.580322265625,1138.580322265625,3279.027099609375,1639.5135498046875,1639.5135498046875,1147.0545654296875,1147.0545654296875,1.0,1.0,0.2403906136751175,3655.1982421875,0.00024125725030899048,0.007171017583459616,0.12019352614879608,2298.8515625,0.00012060999870300293,0.0042254566214978695,2942654667,7730115096658375,1959106226,2540996403666202,4599611683168583680,4587084987458650112,2841239921,3416192441863553,2329165363,1282610763235453,4599611683168583680,8.0,0.021221810951828957,1.961868292710278e-6,-1.7018472987100008e-10,3655.1982421875,1.9618684049017013e-6,0.021221810216954577,8.0,0.019879816100001335,1.838072876125807e-6,4.581896573450002e-11,2298.8515625,1.8380726815384888e-6,0.01987981537148598
862,11.765570640563965,0.3297397494316101,0.0480460524559021,1521.52978515625,1.2311707735061646,0.0,0.0,1147.0545654296875,2624.76806640625,2624.76806640625,2624.76806640625,1510.6048583984375,1510.6048583984375,4349.7109375,2174.85546875,2174.85546875,1521.52978515625,1521.52978515625,1.0,1.0,0.2403905689716339,4849.1884765625,0.00024130195379257202,0.009477237239480019,0.1201934963464737,3049.732177734375,0.00012061744928359985,0.005633339751511812,682055094,7730557849613158,1969637112,2540594464121602,4599611683168583680,4587084986921779200,968437349,3416194214924217,2193939895,1282610964722923,4599611683168583680,8.0,0.021270984783768654,1.954396566361538e-6,-1.2043842421640004e-9,4849.1884765625,1.954396758332348e-6,0.02127098563653698,8.0,0.01985796168446541,1.8471588418833562e-6,1.4400246373700006e-10,3049.732177734375,1.8471588434565982e-6,0.019857960920187573
863,11.779309272766113,0.3297397494316101,0.04804607480764389,2018.434326171875,1.231170654296875,0.0,0.0,1521.52978515625,3482.22802734375,3482.22802734375,3482.22802734375,2004.118408203125,2004.118408203125,5770.2119140625,2885.10595703125,2885.10595703125,2018.434326171875,2018.434326171875,1.0,1.0,0.24039049446582794,6433.166015625,0.00024130940437316895,0.012636519968509674,0.1201934665441513,4045.87353515625,0.00012062489986419678,0.007429242599755526,1707684081,7730997868319843,4279692713,2540119899651551,4599611683168583680,4587084990143004672,642455881,3416160253162305,2217933827,1282611111237043,4599611683168583680,8.0,0.02125181443989277,1.9642770894279238e-6,1.8327586293800008e-10,6433.166015625,1.9642770088333966e-6,0.021251813740016768,8.0,0.019823256880044937,1.836251840359182e-6,-5.760098549480003e-10,4045.87353515625,1.836251703081869e-6,0.01982325742034139
864,11.793048858642578,0.3297397196292877,0.04804609343409538,2677.65478515625,1.231170654296875,0.0,0.0,2018.434326171875,4619.6552734375,4619.6552734375,4619.6552734375,2658.7626953125,2658.7626953125,7654.8154296875,3827.40771484375,3827.40771484375,2677.65478515625,2677.65478515625,1.0,1.0,0.24039050936698914,8534.439453125,0.00024128705263137817,0.0167662613093853,0.1201934888958931,5367.359375,0.00012063980102539062,0.009862297214567661,2505159554,7731784641776252,1952837200,2539731331815344,4599611682631712768,4587084992827359232,1044953755,3416194619279787,107767506,1282609168432750,4599611682631712768,8.0,0.021213941276073456,1.9645415250124643e-6,-6.545566533500002e-10,8534.439453125,1.964541646626806e-6,0.02121394190892808,8.0,0.019825534895062447,1.8374579440205707e-6,1.0211083792260003e-9,5367.359375,1.8374581274434182e-6,0.019825534153390577
865,11.806788444519043,0.3297397196292877,0.04804523289203644,3552.180908203125,1.231170654296875,0.0,0.0,2677.65478515625,6128.59912109375,6128.59912109375,6128.59912109375,3527.229736328125,3527.229736328125,10154.9853515625,5077.49267578125,5077.49267578125,3552.180908203125,3552.180908203125,1.0,1.0,0.24039044976234436,11322.0390625,0.00024124979972839355,0.022209791466593742,0.1201934814453125,7120.47119140625,0.00012062489986419678,0.013143707066774368,4112874526,7732785080809884,1981232096,2539604461617572,4599611682631712768,4587084868810178560,623651344,3416215935103738,21540847,1282609327730389,4599611682631712768,8.0,0.02121748775243759,1.9616422832768876e-6,0.0,11322.0390625,1.9616421894192873e-6,0.021217487274197654,8.0,0.019814061000943184,1.8459040802554227e-6,-5.2364532268000023e-11,7120.47119140625,1.8459041400794445e-6,0.019814060815100936
866,11.820527076721191,0.32973968982696533,0.048043835908174515,4712.3701171875,1.231170654296875,0.0,0.0,3552.180908203125,8130.40625,8130.40625,8130.40625,4679.353515625,4679.353515625,13471.77734375,6735.888671875,6735.888671875,4712.3701171875,4712.3701171875,1.0,1.0,0.24039040505886078,15020.1396484375,0.00024130940437316895,0.029520314186811447,0.12019345909357071,9446.205078125,0.0001206323504447937,0.01742713339626789,2818227470,7734720710745010,16004810,2539518644298982,4599611682094841856,4587084667483586560,2778288534,3416187688652962,35098362,1282609476389728,4599611682094841856,8.0,0.02120729722082615,1.965382125490578e-6,-1.4138423712360005e-9,15020.1396484375,1.965382147291154e-6,0.021207296837159835,8.0,0.019815564155578613,1.8448819218974677e-6,-2.094581290720001e-10,9446.205078125,1.8448819315901813e-6,0.019815564368688227
867,11.834266662597656,0.32973968982696533,0.04804278165102005,6251.5185546875,1.231170654296875,0.0,0.0,4712.3701171875,10786.0341796875,10786.0341796875,10786.0341796875,6207.77587890625,6207.77587890625,17871.943359375,8935.9716796875,8935.9716796875,6251.5185546875,6251.5185546875,1.0,1.0,0.2403903603553772,19926.119140625,0.00024127215147018433,0.03917205333709717,0.1201934739947319,12531.578125,0.00012061744928359985,0.023095794022083282,2547029405,7736708961777879,2329055419,2539164097114393,4599611682094841856,4587084515549118464,923313686,3416194218948812,112565333,1282609596529207,4599611682094841856,8.0,0.021208664402365685,1.9658646124298684e-6,-3.1418719360800014e-10,19926.119140625,1.9658644786595953e-6,0.021208664933456908,8.0,0.019816111773252487,1.8430075670039514e-6,1.0472906453600005e-9,12531.578125,1.8430075599517855e-6,0.019816111423599913
868,11.848006248474121,0.32973968982696533,0.04804166406393051,8293.423828125,1.2311707735061646,0.0,0.0,6251.5185546875,14309.0537109375,14309.0537109375,14309.0537109375,8235.416015625,8235.416015625,23709.330078125,11854.6650390625,11854.6650390625,8293.423828125,8293.423828125,1.0,1.0,0.24039040505886078,26434.51171875,0.0002412945032119751,0.051935918629169464,0.12019342929124832,16624.7109375,0.0001206621527671814,0.03055528551340103,733549466,7738943305163218,1891736045,2538768351874475,4599611682094841856,4587084354487844864,876912303,3416168620876449,2397212161,1282607546258717,4599611682094841856,8.0,0.021209387108683586,1.964701368706301e-6,2.618226613400001e-9,26434.51171875,1.964701077514681e-6,0.02120938703167981,8.0,0.019824093207716942,1.837943841564993e-6,4.1367980491720015e-9,16624.7109375,1.8379441690093242e-6,0.019824093511273226
869,11.86174488067627,0.32973966002464294,0.04803986847400665,11002.56640625,1.2311707735061646,0.0,0.0,8293.423828125,18982.744140625,18982.744140625,18982.744140625,10925.1484375,10925.1484375,31453.765625,15726.8828125,15726.8828125,11002.56640625,11002.56640625,1.0,1.0,0.24039039015769958,35068.68359375,0.00024130940437316895,0.06905927509069443,0.12019344419240952,22054.94921875,0.0001206323504447937,0.040511805564165115,3004893548,7741817835089996,1972090050,2538424997670134,4599611681557970944,4587084095716065280,2804902721,3416188102732601,32646933,1282609761164429,4599611681557970944,8.0,0.02121879905462265,1.9692577097885078e-6,2.827684742472001e-9,35068.68359375,1.9692576419745465e-6,0.021218799230179893,8.0,0.019820766523480415,1.8368577912042383e-6,6.179014807624002e-9,22054.94921875,1.8368581415385072e-6,0.019820766385092812
870,11.875484466552734,0.32973963022232056,0.0480361208319664,14596.478515625,1.2311707735061646,0.0,0.0,11002.56640625,25182.78125,25182.78125,25182.78125,14493.5966796875,14493.5966796875,41727.36328125,20863.681640625,20863.681640625,14596.478515625,14596.478515625,1.0,1.0,0.24039039015769958,46522.94921875,0.00024128705263137817,0.0911128968000412,0.12019342929124832,29258.4296875,0.0001206323504447937,0.05350381135940552,3008128969,7745077294090949,208518952,2538472281574994,4599611681021100032,4587083555623927808,952864626,3416177354887132,126240412,1282609874584710,4599611681021100032,8.0,0.0212137121707201,1.958450638994691e-6,0.0,46522.94921875,1.9584506367280706e-6,0.02121371183576654,8.0,0.01981990970671177,1.8286631302544265e-6,5.026995097728002e-9,29258.4296875,1.8286632201915344e-6,0.019819909006096655
871,11.8892240524292,0.32973963022232056,0.048030491918325424,19364.01953125,1.2311707735061646,0.0,0.0,14596.478515625,33407.6640625,33407.6640625,33407.6640625,19227.4765625,19227.4765625,55355.953125,27677.9765625,27677.9765625,19364.01953125,19364.01953125,1.0,1.0,0.2403903752565384,61717.98828125,0.00024127960205078125,0.12044137716293335,0.12019345909357071,38814.3125,0.00012062489986419678,0.07078690826892853,446248316,7749183497221456,4164939236,2538353210261980,4599611681021100032,4587082744411979776,2706347246,3416179062404164,2206067388,1282607755295814,4599611681021100032,8.0,0.021213555708527565,1.9514793621056015e-6,1.3614778389680006e-8,61717.98828125,1.9514792851125775e-6,0.02121355492972949,8.0,0.019817840307950974,1.8237320773550891e-6,1.2567487744320006e-9,38814.3125,1.823732085444091e-6,0.019817839625879158
872,11.902962684631348,0.32973960041999817,0.048024822026491165,25098.845703125,1.2311707735061646,0.0,0.0,19364.01953125,44318.58984375,44318.58984375,44318.58984375,25527.6875,25527.6875,73412.703125,36706.3515625,36706.3515625,25098.845703125,25098.845703125,1.0,1.0,0.2403903603553772,81875.3359375,0.00024125725030899048,0.1586320698261261,0.12019343674182892,51487.82421875,0.00012063980102539062,0.08807594329118729,3004538945,7753675264874865,4264167646,2522123969389862,4599611680484229120,4587081927294451712,909942703,3416224301770381,120568078,1282609955481950,4599611680484229120,8.0,0.02120235003530979,1.9374829207663424e-6,-2.178364542348801e-8,81875.3359375,1.9374830225236e-6,0.021202349193871466,8.0,0.017499569803476334,1.7106169707403751e-6,-5.4459113558720024e-9,51487.82421875,1.7106167104926628e-6,0.017499569736610654
873,11.916702270507812,0.3297395706176758,0.048033807426691055,36549.28125,1.231170892715454,0.0,0.0,25098.845703125,58517.3671875,58517.3671875,58517.3671875,36189.6328125,36189.6328125,98454.4453125,49227.22265625,49227.22265625,36549.28125,36549.28125,1.0,1.0,0.2403903752565384,108535.3125,0.00024124979972839355,0.2358987182378769,0.12019342929124832,75992.8671875,0.00012063980102539062,0.21931838989257812,2454339364,7725576047621652,1952849218,2470457759145884,4599611679947358208,4587083222227091456,2834561380,3416191439231374,54212224,1282609956485104,4599611679947358208,8.0,0.02378157526254654,2.1734742858825484e-6,4.482403962140802e-8,108535.3125,2.173474341653795e-6,0.023781574544737925,8.0,0.02666080743074417,2.8860390557383653e-6,-1.5918817809472005e-8,75992.8671875,2.886039299700483e-6,0.02666080811222953
874,11.930441856384277,0.3297395706176758,0.048099420964717865,57416.22265625,1.231170892715454,0.0,0.0,36549.28125,99437.328125,99437.328125,99437.328125,58514.375,58514.375,180507.40625,90253.703125,90253.703125,57416.22265625,57416.22265625,1.0,1.0,0.2403903752565384,176370.78125,0.00024124234914779663,0.5843658447265625,0.1201934665441513,146068.359375,0.00012062489986419678,0.4290809631347656,2214662134,7713219238138984,2158280845,2483496837162099,4599611679947358208,4587092678134464512,3149116887,3416178936052555,28096673,1282609942509049,4599611679947358208,8.0,0.029777908697724342,3.3132803309854353e-6,5.864827614016003e-9,176370.78125,3.3132802149848665e-6,0.02977790928730796,8.0,0.02369224652647972,2.937535327873775e-6,-1.6756650325760007e-8,146068.359375,2.937535277992214e-6,0.02369224597846445
875,11.944180488586426,0.3297395408153534,0.0481966957449913,103644.5,1.231170892715454,0.0,0.0,57416.22265625,185720.515625,185720.515625,185720.515625,108890.7265625,108890.7265625,317411.875,158705.9375,158705.9375,103644.5,103644.5,1.0,1.0,0.24039039015769958,331059.4375,0.00024127215147018433,1.0882110595703125,0.1201934665441513,244909.9375,0.00012065470218658447,0.7325286865234375,3748594600,7691092356288828,2051630363,2521302218278275,4599611679410487296,4587106696907718656,615018147,3416185219134157,2234351041,1282607781277703,4599611679410487296,8.0,0.026292013004422188,3.2870564155018656e-6,1.0221556698713604e-7,331059.4375,3.2870561814021043e-6,0.026292012140260414,8.0,0.022482052445411682,2.9910124794696458e-6,-5.194561600985602e-8,244909.9375,2.991012443053979e-6,0.02248205271355334
876,11.95792007446289,0.3297395408153534,0.048326075077056885,168476.71875,1.231170892715454,0.0,0.0,103644.5,306722.59375,306722.59375,306722.59375,179521.96875,179521.96875,508622.03125,254311.015625,254311.015625,168476.71875,168476.71875,1.0,1.0,0.24039040505886078,548097.5625,0.00024131685495376587,1.79168701171875,0.12019344419240952,381767.90625,0.00012065470218658447,1.1522674560546875,30539411,7661438301708633,60524957,2588433723198297,4599611679410487296,4587125342434492416,793689293,3416150967133873,2244109320,1282607729379096,4599611679410487296,8.0,0.024574890732765198,3.268919954280136e-6,-1.3405320260608006e-8,548097.5625,3.2689197401594906e-6,0.024574890350864142,8.0,0.021757984533905983,3.0182407044776483e-6,-4.021596078182402e-8,381767.90625,3.0182406586481975e-6,0.02175798401063155
877,11.971659660339355,0.329739511013031,0.04850137606263161,257757.796875,1.231170892715454,0.0,0.0,168476.71875,473551.90625,473551.90625,473551.90625,276951.9375,276951.9375,771100.9375,385550.46875,385550.46875,257757.796875,257757.796875,1.0,1.0,0.2403903752565384,847495.1875,0.00024127960205078125,2.7116241455078125,0.12019340693950653,568398.0,0.00012063980102539062,1.706298828125,2411530385,7627776360341965,4215195134,2693448474815754,4599611678873616384,4587150605968998400,709042338,3416163943400466,2239871025,1282607666389265,4599611678873616384,8.0,0.02354275994002819,3.1995746212487575e-6,-2.345931045606401e-8,847495.1875,3.199574621465242e-6,0.023542759055517892,8.0,0.021273111924529076,3.0019436962902546e-6,4.691862091212802e-8,568398.0,3.0019437772740337e-6,0.02127311100680671
878,11.985398292541504,0.329739511013031,0.048748839646577835,379071.78125,1.231170892715454,0.0,0.0,257757.796875,700405.0,700405.0,700405.0,409289.5,409289.5,1.126800625e6,563400.3125,563400.3125,379071.78125,379071.78125,1.0,1.0,0.2403903752565384,1.25481775e6,0.0002412647008895874,4.008575439453125,0.12019339203834534,819872.875,0.0001206323504447937,2.464752197265625,4085115478,7596219522700006,231153704,2806737335982184,4599611678873616384,4587186269229940736,2761304709,3416182840401337,2277809211,1282607586628529,4599611678873616384,8.0,0.02285653166472912,3.1945478440320585e-6,-3.418356666455041e-7,1.25481775e6,3.194548069234353e-6,0.02285653135711687,8.0,0.020929330959916115,3.0062615223869216e-6,-1.6756650325760007e-8,819872.875,3.0062614038249696e-6,0.02092933081239362
879,11.999137878417969,0.3297394812107086,0.049088917672634125,541961.1875,1.231170892715454,0.0,0.0,379071.78125,1.005382e6,1.005382e6,1.005382e6,587132.125,587132.125,1.603483375e6,801741.6875,801741.6875,541961.1875,541961.1875,1.0,1.0,0.2403903752565384,1.80265025e6,0.00024127215147018433,5.7718505859375,0.12019338458776474,1.1553045e6,0.00012065470218658447,3.54986572265625,316542950,7569645463905254,30875645,2839083121668631,4599611678336745472,4587235279638626304,818173259,3416176535533031,2298567122,1282607491569884,4599611678336745472,8.0,0.02236020192503929,3.2018692763813306e-6,1.3405320260608006e-8,1.80265025e6,3.201869437787147e-6,0.022360202707090073,8.0,0.020672796294093132,3.072666686421144e-6,2.345931045606401e-7,1.1553045e6,3.072666790602485e-6,0.0206727966525142
880,12.012877464294434,0.3297394812107086,0.049486368894577026,758680.5,1.2311707735061646,0.0,0.0,541961.1875,1.41145275e6,1.41145275e6,1.41145275e6,823908.75,823908.75,2.23619675e6,1.118098375e6,1.118098375e6,758680.5,758680.5,1.0,1.0,0.24039031565189362,2.5322865e6,0.00024128705263137817,8.10546875,0.12019339203834534,1.59880575e6,0.00012060999870300293,4.88214111328125,383268400,7544406054629856,2362859286,2859424739402952,4599611678336745472,4587292558396227584,985671267,3416198084784727,2335462738,1282607379724408,4599611678336745472,8.0,0.02198576182126999,3.200849732820643e-6,1.4745852286668807e-7,2.5322865e6,3.200849862356099e-6,0.021985762669371155,8.0,0.020449580624699593,3.0536175472661853e-6,-4.959968496424962e-7,1.59880575e6,3.0536173993703537e-6,0.02044958010033677
881,12.026616096496582,0.3297394812107086,0.050170641392469406,1.04466025e6,1.231170654296875,0.0,0.0,758680.5,1.947413e6,1.947413e6,1.947413e6,1.136164e6,1.136164e6,3.0696e6,1.5348e6,1.5348e6,1.04466025e6,1.04466025e6,1.0,1.0,0.24039028584957123,3.49571725e6,0.00024124979972839355,11.4141845703125,0.12019334733486176,2.180793e6,0.00012063980102539062,6.57647705078125,3915525973,7524767892799175,2378914373,2880462816939969,4599611678336745472,4587391172455956480,2991726587,3416161112179885,2213865205,1282607260399927,4599611678336745472,8.0,0.021662794053554535,3.265191026002867e-6,-3.4853832677580816e-7,3.49571725e6,3.2651909946191064e-6,0.021662793236595018,8.0,0.020289810374379158,3.015635684278095e-6,-4.0886226794854417e-7,2.180793e6,3.0156358872458287e-6,0.02028980971581949
882,12.040355682373047,0.32973945140838623,0.05076774209737778,1.41867575e6,1.231170654296875,0.0,0.0,1.04466025e6,2.649397e6,2.649397e6,2.649397e6,1.5452435e6,1.5452435e6,4.1586875e6,2.07934375e6,2.07934375e6,1.41867575e6,1.41867575e6,1.0,1.0,0.24039022624492645,4.758102e6,0.00024125725030899048,14.9967041015625,0.12019339948892593,2.93890725e6,0.00012063980102539062,9.129638671875,1648068147,7513772226671521,2229982291,2844340470985257,4599611677799874560,4587477223736344576,847007690,3416219391002670,2206376171,1282607130753025,4599611677799874560,8.0,0.021433310583233833,3.151824785163626e-6,-5.362128104243202e-7,4.758102e6,3.151825036814617e-6,0.021433309962782685,8.0,0.02013312093913555,3.1064739687280962e-6,1.6086384312729607e-7,2.93890725e6,3.106473794383195e-6,0.020133120907494056
883,12.054095268249512,0.32973945140838623,0.051142528653144836,1.905103125e6,1.231170654296875,0.0,0.0,1.41867575e6,3.56333075e6,3.56333075e6,3.56333075e6,2.077865125e6,2.077865125e6,5.572681e6,2.7863405e6,2.7863405e6,1.905103125e6,1.905103125e6,1.0,1.0,0.24039022624492645,6.401587e6,0.00024124234914779663,20.66748046875,0.12019337713718414,3.9206915e6,0.0001206323504447937,11.88720703125,3856590037,7508290872882301,48960969,2842836949571649,4599611677799874560,4587531236171317248,1036886784,3416189502729864,2199860066,1282606989351908,4599611677799874560,8.0,0.021201910451054573,3.2284933695336804e-6,-4.021596078182402e-7,6.401587e6,3.2284934797425216e-6,0.021201910557554268,8.0,0.020022600889205933,3.031915866813506e-6,-3.2172768625459214e-7,3.9206915e6,3.031915996965805e-6,0.020022599967296145
884,12.06783390045166,0.32973945140838623,0.052350059151649475,2.5336665e6,1.2311705350875854,0.0,0.0,1.905103125e6,4.744881e6,4.744881e6,4.744881e6,2.76611975e6,2.76611975e6,7.397841e6,3.6989205e6,3.6989205e6,2.5336665e6,2.5336665e6,1.0,1.0,0.24039018154144287,8.527087e6,0.00024127960205078125,26.9541015625,0.12019334733486176,5.184437e6,0.0001206621527671814,15.718017578125,3961256945,7504426714146343,2377907862,2863728680938184,4599611677799874560,4587705259656216576,3121231215,3416182780600379,69086589,1282609011482303,4599611677799874560,8.0,0.021046342328190804,3.160997493978357e-6,-1.5013958691880967e-6,8.527087e6,3.1609974889139842e-6,0.02104634325901699,8.0,0.019922148436307907,3.0317694381665206e-6,1.7695022744002567e-6,5.184437e6,3.0317692945655437e-6,0.019922148731244975
885,12.081573486328125,0.32973945140838623,0.05376219376921654,3.341473e6,1.231170415878296,0.0,0.0,2.5336665e6,6.2643305e6,6.2643305e6,6.2643305e6,3.6511105e6,3.6511105e6,9.740436e6,4.870218e6,4.870218e6,3.341473e6,3.341473e6,1.0,1.0,0.2403901219367981,1.1260994e7,0.00024127960205078125,35.472412109375,0.12019331008195877,6.8025515e6,0.00012062489986419678,20.86865234375,2060942948,7508460198101106,4130766239,2863372975385453,4599611677799874560,4587908769702215680,2947941624,3416199879978614,128504372,1282608900087374,4599611677799874560,8.0,0.020892826840281487,3.1500248951488174e-6,1.930366117527553e-6,1.1260994e7,3.150024841060367e-6,0.02089282704511428,8.0,0.019813135266304016,3.0677683753310703e-6,9.919936992849924e-7,6.8025515e6,3.06776850658128e-6,0.019813135556708685
886,12.09531307220459,0.3297394812107086,0.055427584797143936,4.373509e6,1.231170415878296,0.0,0.0,3.341473e6,8.208145e6,8.208145e6,8.208145e6,4.7833065e6,4.7833065e6,1.2732096e7,6.366048e6,6.366048e6,4.373509e6,4.373509e6,1.0,1.0,0.24039006233215332,1.4759212e7,0.00024131685495376587,47.04736328125,0.1201932430267334,8.864364e6,0.00012064725160598755,27.073974609375,3857515527,7516252282810295,2131852581,2870417123764523,4599611678336745472,4588148777843425280,969294810,3416159249844330,30838908,1282608783026332,4599611678336745472,8.0,0.020729681476950645,3.1876609227765584e-6,2.681064052121601e-6,1.4759212e7,3.187660716818299e-6,0.02072968055457967,8.0,0.019738994538784027,3.054248963962891e-6,-9.651830587637764e-7,8.864364e6,3.0542487992375428e-6,0.019738993682912258
887,12.109051704406738,0.3297394812107086,0.05804910138249397,5.686592e6,1.2311702966690063,0.0,0.0,4.373509e6,1.0682679e7,1.0682679e7,1.0682679e7,6.224317e6,6.224317e6,1.6533319e7,8.2666595e6,8.2666595e6,5.686592e6,5.686592e6,1.0,1.0,0.24039003252983093,1.9212394e7,0.00024124979972839355,60.705078125,0.1201932281255722,1.1478704e7,0.00012067705392837524,34.99072265625,2397170588,7525838862282970,1956974094,2873014143873958,4599611678336745472,4588526578199166976,799511385,3416180426356823,41873893,1282608671949221,4599611678336745472,8.0,0.020627258345484734,3.159683274134295e-6,2.359336365867009e-6,1.9212394e7,3.1596831203085434e-6,0.020627257592033595,8.0,0.019667159765958786,3.0483165573969018e-6,1.3405320260608005e-6,1.1478704e7,3.0483166265199745e-6,0.019667159289179382
888,12.122791290283203,0.3297394812107086,0.061070721596479416,7.348567e6,1.2311701774597168,0.0,0.0,5.686592e6,1.3817376e7,1.3817376e7,1.3817376e7,8.049501e6,8.049501e6,2.1341528e7,1.0670764e7,1.0670764e7,7.348567e6,7.348567e6,1.0,1.0,0.24038995802402496,2.4855102e7,0.00024131685495376587,78.33984375,0.12019318342208862,1.4778536e7,0.00012065470218658447,46.19921875,535340809,7536891882148979,2202832476,2871262787723920,4599611678336745472,4588962039564599296,1009943619,3416154669911195,78897266,1282608578215538,4599611678336745472,8.0,0.020515164360404015,3.151861619699048e-6,-2.144851241697281e-6,2.4855102e7,3.1518614947839067e-6,0.0205151642508707,8.0,0.019579967483878136,3.126102456008084e-6,2.144851241697281e-6,1.4778536e7,3.1261025326947935e-6,0.01957996719039997
889,12.136530876159668,0.3297394812107086,0.06521972268819809,9.443866e6,1.2311699390411377,0.0,0.0,7.348567e6,1.7772368e7,1.7772368e7,1.7772368e7,1.0352792e7,1.0352792e7,2.739646e7,1.369823e7,1.369823e7,9.443866e6,9.443866e6,1.0,1.0,0.2403898984193802,3.197446e7,0.00024124979972839355,102.92236328125,0.12019319087266922,1.892646e7,0.00012063980102539062,57.98291015625,2221272636,7532381214599548,152459380,2881024335594896,4599611678336745472,4589363996963897344,604552065,3416184185360111,90240483,1282608495106557,4599611678336745472,8.0,0.020383019000291824,3.218892970835441e-6,-1.930366117527553e-6,3.197446e7,3.218892877540391e-6,0.020383018196458373,8.0,0.019524041563272476,3.06358992929745e-6,3.3245194246307853e-6,1.892646e7,3.0635896944064554e-6,0.019524042002747717
890,12.150269508361816,0.329739511013031,0.072198785841465,1.207462e7,1.2311698198318481,0.0,0.0,9.443866e6,2.2736882e7,2.2736882e7,2.2736882e7,1.3244732e7,1.3244732e7,3.4985396e7,1.7492698e7,1.7492698e7,1.207462e7,1.207462e7,1.0,1.0,0.24038980901241302,4.0913416e7,0.0002412647008895874,127.9677734375,0.12019313126802444,2.411513e7,0.0001206323504447937,73.37109375,425187298,7518917013659274,2133805246,2882271249924528,4599611678873616384,4589866891463360512,863574730,3416189066472590,224144270,1282608420162174,4599611678873616384,8.0,0.02030760608613491,3.1277704692911357e-6,-8.150434718449667e-6,4.0913416e7,3.127770501683803e-6,0.020307605212142404,8.0,0.019444577395915985,3.0425335353356786e-6,-5.469370666328066e-6,2.411513e7,3.04253344627136e-6,0.019444576910617135
891,12.164009094238281,0.3297395408153534,0.07946175336837769,1.535901e7,1.2311697006225586,0.0,0.0,1.207462e7,2.8941288e7,2.8941288e7,2.8941288e7,1.6854528e7,1.6854528e7,4.4468336e7,2.2234168e7,2.2234168e7,1.535901e7,1.535901e7,1.0,1.0,0.24038976430892944,5.2090632e7,0.0002412647008895874,166.0595703125,0.12019311636686325,3.0583518e7,0.0001206621527671814,94.6142578125,2032687424,7497595369811076,1983647963,2875385930940189,4599611679410487296,4590390243428925440,2862266887,3416191403572803,48501360,1282608343344758,4599611679410487296,8.0,0.02017766796052456,3.1878969366516685e-6,1.565741406439015e-5,5.2090632e7,3.1878969095035472e-6,0.02017766841424275,8.0,0.019394204020500183,3.0936355415178696e-6,-2.144851241697281e-6,3.0583518e7,3.0936351789628387e-6,0.01939420442075549
892,12.177748680114746,0.3297395408153534,0.08596397191286087,1.9449714e7,1.2311694622039795,0.0,0.0,1.535901e7,3.6671848e7,3.6671848e7,3.6671848e7,2.1358344e7,2.1358344e7,5.6247192e7,2.8123596e7,2.8123596e7,1.9449714e7,1.9449714e7,1.0,1.0,0.24038967490196228,6.6011064e7,0.00024127960205078125,206.787109375,0.12019304186105728,3.8607568e7,0.00012065470218658447,117.81640625,349731175,7475594717489033,4170284346,2865123634663286,4599611679410487296,4590858777653149696,919061850,3416167536006228,66433539,1282608293636619,4599611679410487296,8.0,0.020118748769164085,3.13261284645705e-6,1.0724256208486405e-6,6.6011064e7,3.132612806205532e-6,0.02011874857825239,8.0,0.019319981336593628,3.051640305784531e-6,7.078009097601027e-6,3.8607568e7,3.051640305499189e-6,0.019319981512616335
893,12.191487312316895,0.3297395706176758,0.093434639275074,2.4514162e7,1.2311692237854004,0.0,0.0,1.9449714e7,4.6250944e7,4.6250944e7,4.6250944e7,2.692898e7,2.692898e7,7.084672e7,3.542336e7,3.542336e7,2.4514162e7,2.4514162e7,1.0,1.0,0.24038958549499512,8.3272704e7,0.00024127215147018433,265.5244140625,0.12019301950931549,4.8527016e7,0.00012064725160598755,150.474609375,2364071544,7448164497758726,2192165235,2868051779360093,4599611679947358208,4591397095969128448,2829409884,3416182663476780,25324675,1282608256715997,4599611679947358208,8.0,0.02000136859714985,3.1886129363556392e-6,-9.866315711807492e-6,8.3272704e7,3.188612847710108e-6,0.020001368035435313,8.0,0.019280219450592995,3.1008419227873674e-6,3.4317619867156495e-6,4.8527016e7,3.100841993453976e-6,0.019280219084631782
894,12.20522689819336,0.3297395706176758,0.10503000020980835,3.0769896e7,1.2311691045761108,0.0,0.0,2.4514162e7,5.8088528e7,5.8088528e7,5.8088528e7,3.3824092e7,3.3824092e7,8.882904e7,4.441452e7,4.441452e7,3.0769896e7,3.0769896e7,1.0,1.0,0.24038951098918915,1.04593496e8,0.00024127960205078125,327.263671875,0.1201929897069931,6.0730088e7,0.00012064725160598755,185.9140625,2247250734,7412096618483682,4065912855,2867702696769607,4599611679947358208,4592232629780086784,659081723,3416189070553895,1379320,1282608232548316,4599611679947358208,8.0,0.01994941383600235,3.1289102935261326e-6,2.573821490036737e-6,1.04593496e8,3.128910412316237e-6,0.01994941444540133,8.0,0.01920836977660656,3.0613171020377195e-6,9.222860339298307e-6,6.0730088e7,3.061317344300898e-6,0.01920836999296334
895,12.218966484069824,0.3297395706176758,0.11902143806219101,3.8454704e7,1.2311689853668213,0.0,0.0,3.0769896e7,7.2633784e7,7.2633784e7,7.2633784e7,4.229208e7,4.229208e7,1.10913808e8,5.5456904e7,5.5456904e7,3.8454704e7,3.8454704e7,1.0,1.0,0.2403894066810608,1.30811176e8,0.00024127215147018433,410.359375,0.12019294500350952,7.5682344e7,0.00012063980102539062,233.072265625,2633683644,7384604427081514,4161858337,2879000621364353,4599611679947358208,4593240819128860672,3206263761,3416208024853449,24364872,1282608227938542,4599611679947358208,8.0,0.019834933802485466,3.1370359465654474e-6,2.8741006638743562e-5,1.30811176e8,3.137035875807156e-6,0.019834933675477843,8.0,0.019136695191264153,3.079612042711233e-6,-1.0509771084316676e-5,7.5682344e7,3.079612233711498e-6,0.01913669587175432
896,12.232705116271973,0.32973960041999817,0.14435751736164093,4.785672e7,1.2311687469482422,0.0,0.0,3.8454704e7,9.0442376e7,9.0442376e7,9.0442376e7,5.2655996e7,5.2655996e7,1.37916256e8,6.8958128e7,6.8958128e7,4.785672e7,4.785672e7,1.0,1.0,0.24038931727409363,1.6291264e8,0.00024130940437316895,516.91015625,0.12019288539886475,9.3927048e7,0.00012061744928359985,293.3203125,344123168,7364463787987896,2095337090,2886396593807826,4599611680484229120,4594369047981719552,3219612170,3416190711618064,93138261,1282608236199569,4599611680484229120,8.0,0.019736308604478836,3.1729284728498897e-6,2.916997688708302e-5,1.6291264e8,3.1729286155738266e-6,0.019736307753473455,8.0,0.019066818058490753,3.1228523766912986e-6,3.4317619867156495e-5,9.3927048e7,3.1228524862768087e-6,0.019066818751019596
897,12.246444702148438,0.32973963022232056,0.17040617763996124,5.931056e7,1.231168508529663,0.0,0.0,4.785672e7,1.121568e8,1.121568e8,1.121568e8,6.5289964e7,6.5289964e7,1.70789776e8,8.5394888e7,8.5394888e7,5.931056e7,5.931056e7,1.0,1.0,0.24038925766944885,2.02055296e8,0.00024127960205078125,648.65234375,0.12019284069538116,1.16092224e8,0.0001206323504447937,369.765625,2633375560,7357280616504508,4111396909,2883788702319849,4599611681021100032,4595307549875503104,1001637173,3416223443123821,106211977,1282608261659935,4599611681021100032,8.0,0.019638990983366966,3.2102714158099843e-6,2.6596155397046282e-5,2.02055296e8,3.2102715505112254e-6,0.019638990308739068,8.0,0.018989307805895805,3.185102514180471e-6,2.6596155397046282e-5,1.16092224e8,3.1851025155547817e-6,0.018989308017965063
898,12.260184288024902,0.32973963022232056,0.1970488727092743,7.3188384e7,1.231168270111084,0.0,0.0,5.931056e7,1.3851936e8,1.3851936e8,1.3851936e8,8.061992e7,8.061992e7,2.10632944e8,1.05316472e8,1.05316472e8,7.3188384e7,7.3188384e7,1.0,1.0,0.2403891682624817,2.49575888e8,0.00024122744798660278,815.6484375,0.12019281834363937,1.4289456e8,0.00012063980102539062,452.0546875,68462617,7356270077878833,4110227125,2882934669582973,4599611681021100032,4596267454128193536,2805641596,3416190657722926,110036110,1282608304039516,4599611681021100032,8.0,0.01954098977148533,3.268138016210287e-6,-5.3192310794092564e-5,2.49575888e8,3.268138068800656e-6,0.019540990274081255,8.0,0.018988490104675293,3.163554310958716e-6,2.3164393410330633e-5,1.4289456e8,3.1635543645038954e-6,0.018988490534721295
899,12.27392292022705,0.32973968982696533,0.23190464079380035,8.9954576e7,1.2311681509017944,0.0,0.0,7.3188384e7,1.7036512e8,1.7036512e8,1.7036512e8,9.9131744e7,9.9131744e7,2.58657632e8,1.29328816e8,1.29328816e8,8.9954576e7,8.9954576e7,1.0,1.0,0.24038903415203094,3.06962112e8,0.0002412348985671997,985.109375,0.12019278854131699,1.75129904e8,0.00012065470218658447,548.9921875,2677178250,7346281898579676,1898029038,2875012913342684,4599611682094841856,4597523265521451008,915912932,3416184487033202,101999359,1282608362969681,4599611682094841856,8.0,0.019535589963197708,3.2092214041767875e-6,-6.863523973431299e-6,3.06962112e8,3.2092212833415706e-6,0.01953559011219881,8.0,0.018957950174808502,3.1347713047580328e-6,-9.437345463468036e-6,1.75129904e8,3.13477092719223e-6,0.0189579502081527
900,12.287662506103516,0.3297397196292877,0.2649017572402954,6.1156116e7,1.2311680316925049,0.0,0.0,8.9954576e7,2.08630736e8,2.08630736e8,2.08630736e8,1.19457088e8,1.19457088e8,1.3157232e8,6.578616e7,6.578616e7,6.1156116e7,6.1156116e7,1.0,1.0,0.24038895964622498,3.96040864e8,0.00024124979972839355,1312.6328125,0.12019270658493042,2.4309088e7,0.00012064725160598755,354.015625,445717878,7311049382681954,2376966428,2857974457296588,4599611682631712768,4598443665738694656,860185967,3416176170894433,93805506,1282608434124440,4599611682631712768,8.0,0.019154610112309456,3.3143874134111684e-6,2.7454095893725196e-5,3.96040864e8,3.314387202635795e-6,0.019154609257625865,8.0,0.09962570667266846,1.456309746572515e-5,-1.0724256208486404e-5,2.4309088e7,1.4563097465988384e-5,0.09962570376927657
901,12.30140209197998,0.32973968982696533,0.32317036390304565,4.1405984e7,1.2311677932739258,0.0,0.0,6.1156116e7,1.11031072e8,1.11031072e8,1.11031072e8,6.2657944e7,6.2657944e7,8.784028e7,4.392014e7,4.392014e7,4.1405984e7,4.1405984e7,1.0,1.0,0.2403889149427414,2.14983856e8,0.0002412647008895874,520.1796875,0.12019271403551102,3.2939844e7,0.00012063980102539062,262.5,2570693803,7257153229267511,1918284151,2791573452570865,4599611682094841856,4599493339639709696,3051456286,3416178029650420,2219087985,1282606384938565,4599611682094841856,8.0,0.015031435526907444,2.419622205707128e-6,1.801675043025716e-5,2.14983856e8,2.4196223055434017e-6,0.01503143566269452,8.0,0.04811668023467064,7.969072612468153e-6,2.573821490036737e-6,3.2939844e7,7.96907239870239e-6,0.048116682034152126
902,12.315140724182129,0.3297397494316101,0.41152921319007874,2.8773352e7,1.2311676740646362,0.0,0.0,4.1405984e7,6.7421352e7,6.7421352e7,6.7421352e7,4.0397128e7,4.0397128e7,7.265052e7,3.632526e7,3.632526e7,2.8773352e7,2.8773352e7,1.0,1.0,0.2403888702392578,1.27708808e8,0.00024130940437316895,325.65625,0.12019260227680206,4.4375912e7,0.00012061744928359985,177.7421875,3961819644,7218429987832790,2237553207,2766108109677359,4599611683168583680,4601085071162605568,807643891,3416175897535627,2147643444,1282606504365168,4599611683168583680,8.0,0.01990998163819313,2.5499905405013124e-6,1.2440137201844229e-5,1.27708808e8,2.5499907019132288e-6,0.01990998146335811,8.0,0.030183807015419006,4.0053755583358e-6,7.721464470110211e-6,4.4375912e7,4.00537534123084e-6,0.03018380782816861
903,12.328880310058594,0.3297397494316101,0.4587847888469696,3.232769e7,1.2311675548553467,0.0,0.0,2.8773352e7,4.831548e7,4.831548e7,4.831548e7,2.7368608e7,2.7368608e7,8.9036272e7,4.4518136e7,4.4518136e7,3.232769e7,3.232769e7,1.0,1.0,0.24038879573345184,9.170496e7,0.00024122744798660278,155.6982421875,0.12019263952970505,5.84174e7,0.000120602548122406,126.288330078125,24161574,7162596652566164,4171707178,2825614914907440,4599611683168583680,4601936351934283776,2876350816,3416212093283906,2162599206,1282606626415330,4599611683168583680,8.0,0.021476706489920616,1.6978169696812984e-6,-2.7025125645385738e-5,9.170496e7,1.6978172572115036e-6,0.02147670638564179,8.0,0.021553577855229378,2.1618272967316443e-6,9.866315711807492e-6,5.84174e7,2.161827421735853e-6,0.021553578214878896
904,12.342619895935059,0.3297397494316101,0.38999173045158386,4.0631848e7,1.2311673164367676,0.0,0.0,3.232769e7,6.5244848e7,6.5244848e7,6.5244848e7,3.7261412e7,3.7261412e7,1.14058336e8,5.7029168e7,5.7029168e7,4.0631848e7,4.0631848e7,1.0,1.0,0.24038872122764587,1.22138088e8,0.00024122744798660278,251.3707275390625,0.12019258737564087,7.722076e7,0.00012064725160598755,145.837646484375,1640717944,7107729014973162,2175250472,2850784767148382,4599611683168583680,4600697086365663232,889224005,3416153932719113,2382622685,1282606765966649,4599611683168583680,8.0,0.02270590327680111,2.058086238321266e-6,-2.6596155397046282e-5,1.22138088e8,2.0580862828117594e-6,0.022705902355591126,8.0,0.02037607505917549,1.8885808685809025e-6,-2.4451304155349002e-5,7.722076e7,1.8885804550712102e-6,0.0203760750344279
905,12.356358528137207,0.3297397792339325,0.21053974330425262,5.2391632e7,1.231167197227478,0.0,0.0,4.0631848e7,8.7171744e7,8.7171744e7,8.7171744e7,4.996508e7,4.996508e7,1.48433056e8,7.4216528e7,7.4216528e7,5.2391632e7,5.2391632e7,1.0,1.0,0.24038861691951752,1.62154128e8,0.00024121999740600586,328.64697265625,0.1201925128698349,1.02240384e8,0.0001206621527671814,189.3338623046875,2673785812,7045556090013098,2123722696,2794028922645224,4599611683705454592,4596753513966469120,2953891297,3416152291133205,2380573849,1282606885117885,4599611683705454592,8.0,0.0217349361628294,2.0267566469556186e-6,1.9732631423614983e-5,1.62154128e8,2.0267568548644613e-6,0.02173493541885204,8.0,0.020023085176944733,1.851850015555101e-6,4.289702483394562e-6,1.02240384e8,1.8518503233213756e-6,0.02002308598532151
906,12.370098114013672,0.3297397792339325,0.016334565356373787,6.8515872e7,1.2311670780181885,0.0,0.0,5.2391632e7,1.16045328e8,1.16045328e8,1.16045328e8,6.6638884e7,6.6638884e7,1.94990224e8,9.7495112e7,9.7495112e7,6.8515872e7,6.8515872e7,1.0,1.0,0.24038857221603394,2.15174064e8,0.0002412647008895874,433.99267578125,0.12019254267215729,1.3549824e8,0.000120602548122406,249.106689453125,196545471,6913559094370057,4054016426,2745852580332396,4599611683705454592,4580365339325366272,589634504,3416222913207622,2194134905,1282607030783905,4599611683705454592,8.0,0.02141120471060276,2.016937742155278e-6,-2.573821490036737e-5,2.15174064e8,2.0169378187566226e-6,0.021411205023416476,8.0,0.01990484818816185,1.8384496343060164e-6,-8.579404966789124e-7,1.3549824e8,1.8384491226545745e-6,0.01990484894858518
907,12.383837699890137,0.3297397792339325,-0.12191107124090195,9.0251888e7,1.2311670780181885,0.0,0.0,6.8515872e7,1.5422712e8,1.5422712e8,1.5422712e8,8.8653696e7,8.8653696e7,2.57421408e8,1.28710704e8,1.28710704e8,9.0251888e7,9.0251888e7,1.0,1.0,0.24038854241371155,2.85491136e8,0.00024125725030899048,566.127197265625,0.1201925054192543,1.79675712e8,0.00012062489986419678,330.853515625,2650668462,6942492612111506,136621445,2665622806850753,4599611683705454592,13816821075998146560,910339931,3416167268229457,2363304711,1282607150714611,4599611683705454592,8.0,0.021292461082339287,1.9829940356430598e-6,-5.3192310794092564e-5,2.85491136e8,1.9829940419420012e-6,0.02129246142357706,8.0,0.01985267736017704,1.8413925317872781e-6,-3.1743798377119756e-5,1.79675712e8,1.8413925012282039e-6,0.019852677695070195
908,12.397576332092285,0.3297397792339325,-0.14335669577121735,1.193096e8,1.231166958808899,0.0,0.0,9.0251888e7,2.0480648e8,2.0480648e8,2.0480648e8,1.17792296e8,1.17792296e8,3.40678816e8,1.70339408e8,1.70339408e8,1.193096e8,1.193096e8,1.0,1.0,0.24038849771022797,3.78777632e8,0.00024125725030899048,747.966796875,0.12019245326519012,2.38316288e8,0.00012058019638061523,439.302978515625,113357456,6544176881903382,2329876566,2614135377314880,4599611683705454592,13817705026438561792,2898483827,3416190782023391,2282504676,1282607281016844,4599611683705454592,8.0,0.02124079316854477,1.974685801542364e-6,3.0885857880440846e-5,3.78777632e8,1.9746856842473515e-6,0.021240792275635523,8.0,0.019822563976049423,1.8433611330692656e-6,6.863523973431299e-6,2.38316288e8,1.8433610072507977e-6,0.019822564540812517
909,12.41131591796875,0.3297397792339325,-0.039511531591415405,1.57999072e8,1.2311668395996094,0.0,0.0,1.193096e8,2.71856448e8,2.71856448e8,2.71856448e8,1.564032e8,1.564032e8,4.51406976e8,2.25703488e8,2.25703488e8,1.57999072e8,1.57999072e8,1.0,1.0,0.2403884381055832,5.02537728e8,0.0002412945032119751,989.10693359375,0.12019243091344833,3.16128832e8,0.00012061744928359985,583.28955078125,2510488943,6618141795844517,175845397,2600035293444709,4599611683705454592,13809227069697032192,1033290423,3416205519023925,202257375,1282605269602495,4599611683705454592,8.0,0.021210646256804466,1.9682242964336183e-6,2.573821490036737e-5,5.02537728e8,1.968224130708864e-6,0.021210646297931807,8.0,0.019810404628515244,1.8451007690600818e-6,8.493610917121233e-5,3.16128832e8,1.8451010770418135e-6,0.019810404386288106
910,12.425055503845215,0.3297397792339325,0.12122368067502975,2.09414096e8,1.2311668395996094,0.0,0.0,1.57999072e8,3.60770976e8,3.60770976e8,3.60770976e8,2.07593792e8,2.07593792e8,5.98475456e8,2.99237728e8,2.99237728e8,2.09414096e8,2.09414096e8,1.0,1.0,0.24038836359977722,6.66720896e8,0.00024125725030899048,1310.2530517578125,0.12019243836402893,4.19366016e8,0.0001206323504447937,773.386474609375,2343283575,7020515587204097,2207675927,2583893940136361,4599611683705454592,4593399507433029632,660084068,3416192929019586,102674612,1282605411939800,4599611683705454592,8.0,0.021198159083724022,1.9652197806863114e-6,-0.000264245672977105,6.66720896e8,1.965220011853889e-6,0.021198159657297207,8.0,0.01980314962565899,1.8441801330482122e-6,-0.00011667990754833208,4.19366016e8,1.8441799286828446e-6,0.019803149714170735
911,12.438794136047363,0.3297397792339325,0.2536237835884094,2.77686592e8,1.2311668395996094,0.0,0.0,2.09414096e8,4.78700032e8,4.78700032e8,4.78700032e8,2.7547904e8,2.7547904e8,7.93694912e8,3.96847456e8,3.96847456e8,2.77686592e8,2.77686592e8,1.0,1.0,0.24038837850093842,8.8452576e8,0.00024124234914779663,1739.1922607421875,0.12019239366054535,5.56330048e8,0.00012064725160598755,1017.30908203125,128372981,8165932289776147,4261441485,2551800565951175,4599611683705454592,4598240499826950144,2923452649,3416186402344453,105994853,1282605554269885,4599611683705454592,8.0,0.021190354600548744,1.9662427348521305e-6,0.00030199505483097716,8.8452576e8,1.966242686402668e-6,0.021190354026204963,8.0,0.019794033840298653,1.8286070826434297e-6,-0.0002659615539704628,5.56330048e8,1.8286068962224215e-6,0.01979403420563406
912,12.452533721923828,0.3297397792339325,0.29307106137275696,3.68285984e8,1.2311668395996094,0.0,0.0,2.77686592e8,6.35113792e8,6.35113792e8,6.35113792e8,3.65514944e8,3.65514944e8,1.052746304e9,5.26373152e8,5.26373152e8,3.68285984e8,3.68285984e8,1.0,1.0,0.24038834869861603,1.1734528e9,0.00024130940437316895,2298.510986328125,0.12019237875938416,7.380224e8,0.00012060999870300293,1360.13037109375,424757582,8276488451563498,144924799,2577229776868399,4599611683705454592,4598951118809071616,3205657309,3416212608315759,246996967,1282605666487567,4599611683705454592,8.0,0.02117302641272545,1.9587587303249165e-6,-9.608933562803819e-5,1.1734528e9,1.9587587326407504e-6,0.021173027155498788,8.0,0.01978602260351181,1.842939127527643e-6,-6.863523973431299e-6,7.380224e8,1.8429389057126365e-6,0.01978602275485559
913,12.466273307800293,0.3297397792339325,0.2197292447090149,4.88506112e8,1.2311668395996094,0.0,0.0,3.68285984e8,8.42616064e8,8.42616064e8,8.42616064e8,4.8494528e8,4.8494528e8,1.396465408e9,6.98232704e8,6.98232704e8,4.88506112e8,4.88506112e8,1.0,1.0,0.24038830399513245,1.556756096e9,0.0002412647008895874,3060.04931640625,0.12019240111112595,9.79075136e8,0.00012062489986419678,1804.85205078125,3915028958,8019197771257622,2377399133,2776384180405471,4599611683705454592,4597084600647286784,2982725665,3416169496409417,247468339,1282605788282273,4599611683705454592,8.0,0.021177349612116814,1.9656574750115396e-6,-0.00010981638357490079,1.556756096e9,1.9656576519264375e-6,0.02117734954423446,8.0,0.019792882725596428,1.843425479819416e-6,0.00030885857880440844,9.79075136e8,1.8434258612902876e-6,0.0197928833934854
914,12.480011940002441,0.3297397494316101,0.12772688269615173,6.48017152e8,1.2311668395996094,0.0,0.0,4.88506112e8,1.117880576e9,1.117880576e9,1.117880576e9,6.4337344e8,6.4337344e8,1.852495232e9,9.26247616e8,9.26247616e8,6.48017152e8,6.48017152e8,1.0,1.0,0.24038828909397125,2.065252864e9,0.000241205096244812,4066.615234375,0.12019243091344833,1.298866816e9,0.00012061744928359985,2394.94140625,1953677909,7752261580351911,4153588065,2881428562717199,4599611683168583680,4593769866221060096,2920149860,3416208130263916,242572880,1282605893600320,4599611683168583680,8.0,0.0211819875985384,1.96906398741703e-6,0.00036376677059185884,2.065252864e9,1.9690640554654133e-6,0.02118198733055297,8.0,0.01979123242199421,1.8438698816680699e-6,7.893052569445993e-5,1.298866816e9,1.8438698166639678e-6,0.019791233160643726
915,12.493751525878906,0.3297397494316101,-0.03005964122712612,8.59650944e8,1.2311668395996094,0.0,0.0,6.48017152e8,1.483043968e9,1.483043968e9,1.483043968e9,8.53545984e8,8.53545984e8,2.457496832e9,1.228748416e9,1.228748416e9,8.59650944e8,8.59650944e8,1.0,1.0,0.24038830399513245,2.739838976e9,0.00024124979972839355,5387.63671875,0.12019237130880356,1.7231072e9,0.0001206323504447937,3157.09765625,1863366234,7729044091264888,4293402551,2955949620313855,4599611683168583680,13807693359961079808,2977569501,3416225503746677,139307390,1282605987738988,4599611683168583680,8.0,0.02117888256907463,1.9664064438984497e-6,0.0003431761986715649,2.739838976e9,1.9664061383362716e-6,0.02117888259417798,8.0,0.0197913721203804,1.8322119785807445e-6,0.00012354343152176338,1.7231072e9,1.8322121693610633e-6,0.0197913722373881
916,12.507491111755371,0.3297397494316101,-0.2870387136936188,1.140406784e9,1.2311668395996094,0.0,0.0,8.59650944e8,1.96744512e9,1.96744512e9,1.96744512e9,1.13236032e9,1.13236032e9,3.260084224e9,1.630042112e9,1.630042112e9,1.140406784e9,1.140406784e9,1.0,1.0,0.24038827419281006,3.634727936e9,0.00024127960205078125,7121.49951171875,0.12019236385822296,2.28587648e9,0.00012060999870300293,4173.9111328125,2164742299,7698329354694995,4196760846,2962065686359016,4599611683168583680,13822214486548807680,2741138848,3416199613164682,134880781,1282606068347989,4599611683168583680,8.0,0.02117263711988926,1.9592937405832345e-6,0.00030199505483097716,3.634727936e9,1.9592936357322273e-6,0.02117263722477907,8.0,0.019785551354289055,1.825956587708788e-6,0.00024708686304352677,2.28587648e9,1.825956802476085e-6,0.01978555201733695
917,12.52122974395752,0.3297397196292877,-0.6467549204826355,1.512804608e9,1.2311668395996094,0.0,0.0,1.140406784e9,2.610028544e9,2.610028544e9,2.610028544e9,1.5022272e9,1.5022272e9,4.324772864e9,2.162386432e9,2.162386432e9,1.512804608e9,1.512804608e9,1.0,1.0,0.24038827419281006,4.821853696e9,0.0002412647008895874,9423.384765625,0.12019239366054535,3.032425216e9,0.00012062489986419678,5582.2265625,2341653866,7661954393826966,198439385,2960952427619885,4599611682631712768,13827372706837823488,609105698,3416180021155294,236366485,1282606138785493,4599611682631712768,8.0,0.02116450108587742,1.9543074358807644e-6,1.3727047946862598e-5,4.821853696e9,1.954307786365927e-6,0.021164501130476913,8.0,0.019780423492193222,1.8408455844109994e-6,4.1181143840587794e-5,3.032425216e9,1.8408456006362662e-6,0.019780423828279225
918,12.534969329833984,0.3297397196292877,-0.9534012675285339,2.006916352e9,1.2311668395996094,0.0,0.0,1.512804608e9,3.462560512e9,3.462560512e9,3.462560512e9,1.99288832e9,1.99288832e9,5.73725696e9,2.86862848e9,2.86862848e9,2.006916352e9,2.006916352e9,1.0,1.0,0.24038827419281006,6.396762624e9,0.00024130940437316895,12584.9599609375,0.12019237875938416,4.022889216e9,0.00012064725160598755,7354.212890625,1755975288,7648499190048352,2282969326,2969704946511516,4599611682631712768,13830134731586404352,993883251,3416171202078843,258319669,1282606194246431,4599611682631712768,8.0,0.02116989530622959,1.9673952920129523e-6,0.0008236228768117559,6.396762624e9,1.9673949762049807e-6,0.02116989608010447,8.0,0.01978161931037903,1.8280923086422263e-6,0.000851076972705481,4.022889216e9,1.8280923150151237e-6,0.019781619559481073
919,12.54870891571045,0.32973968982696533,-1.1274632215499878,2.6612992e9,1.2311668395996094,0.0,0.0,2.006916352e9,4.593419264e9,4.593419264e9,4.593419264e9,2.645914624e9,2.645914624e9,7.608695808e9,3.804347904e9,3.804347904e9,2.6612992e9,2.6612992e9,1.0,1.0,0.24038824439048767,8.485965824e9,0.00024127215147018433,16550.1640625,0.12019236385822296,5.336419328e9,0.00012063980102539062,9708.1455078125,159041494,7658347007766788,1943800793,2992921565495061,4599611682094841856,13831128498971869184,2908261084,3416173579536296,250334596,1282606237592772,4599611682094841856,8.0,0.021148458123207092,1.950298155861674e-6,0.000988347452174107,8.485965824e9,1.9502979679177523e-6,0.021148457549928928,8.0,0.019752666354179382,1.8192246216131025e-6,-0.000851076972705481,5.336419328e9,1.8192245613930827e-6,0.01975266663286265
920,12.562447547912598,0.32973968982696533,-1.3298753499984741,3.450369536e9,1.2311668395996094,0.0,0.0,2.6612992e9,6.093110272e9,6.093110272e9,6.093110272e9,3.509432576e9,3.509432576e9,1.0092614656e10,5.046307328e9,5.046307328e9,3.450369536e9,3.450369536e9,1.0,1.0,0.24038824439048767,1.1256730624e10,0.00024130195379257202,21809.6328125,0.12019234895706177,7.078964224e9,0.000120602548122406,11965.7822265625,103315759,7691511137610677,2206282033,2994413277755273,4599611682094841856,13832040082158125056,2907764174,3416177835824792,255769914,1282606263646694,4599611682094841856,8.0,0.021182946860790253,1.937474962687702e-6,0.0006039901096619543,1.1256730624e10,1.9374748716769666e-6,0.021182946271362777,8.0,0.01752995140850544,1.6903295545489527e-6,0.00024708686304352677,7.078964224e9,1.6903295660528665e-6,0.01752995213332598
921,12.576187133789062,0.32973966002464294,-0.219850093126297,5.025073152e9,1.2311668395996094,0.0,0.0,3.450369536e9,8.04531456e9,8.04531456e9,8.04531456e9,4.975428608e9,4.975428608e9,1.353600512e10,6.76800256e9,6.76800256e9,5.025073152e9,5.025073152e9,1.0,1.0,0.24038825929164886,1.4922232832e10,0.00024127960205078125,32131.234375,0.12019237875938416,1.0447372288e10,0.00012064725160598755,29372.5,1897326403,7633016200861917,1973361199,2985647425263433,4599611681557970944,13820460991525158912,804225009,3416167373514695,260850540,1282606279087828,4599611681557970944,8.0,0.0238167904317379,2.153245759473066e-6,0.00038435734251215275,1.4922232832e10,2.1532456354020764e-6,0.023816789618607104,8.0,0.02668774127960205,2.8114725409977837e-6,0.0008785310685992063,1.0447372288e10,2.8114723059455826e-6,0.02668774121518876
922,12.589926719665527,0.32973966002464294,7.449115753173828,6.4288512e9,1.231166958808899,0.0,0.0,5.025073152e9,1.3670003712e10,1.3670003712e10,1.3670003712e10,8.047684096e9,8.047684096e9,1.8440454144e10,9.220227072e9,9.220227072e9,6.4288512e9,6.4288512e9,1.0,1.0,0.24038827419281006,2.4245825536e10,0.00024121999740600586,75942.5,0.12019237130880356,1.247195136e10,0.0001206621527671814,22588.01953125,3976454367,7697454572513613,2671156601,2917083082348699,4599611681557970944,4620072977159946240,3142350426,3416229577816552,242064464,1282606279242736,4599611681557970944,8.0,0.02981751039624214,3.132188567178673e-6,0.0013177966028988094,2.4245825536e10,3.1321886495277283e-6,0.02981750994311379,8.0,0.02479122392833233,1.8111054487235378e-6,-0.0008785310685992063,1.247195136e10,1.8111054780454997e-6,0.024791224330041123
923,12.603665351867676,0.32973963022232056,28.534120559692383,9.114597376e9,1.231166958808899,0.0,0.0,6.4288512e9,1.4042602496e10,1.4042602496e10,1.4042602496e10,8.723785728e9,8.723785728e9,2.4244393984e10,1.2122196992e10,1.2122196992e10,9.114597376e9,9.114597376e9,1.0,1.0,0.24038825929164886,2.6185117696e10,0.00024130195379257202,53957.89453125,0.12019237130880356,1.989134336e10,0.0001206323504447937,57452.0,4275220384,7562360576697218,1886941099,2883729507343485,4599611681021100032,4628724858602127360,983722959,3416205809654009,265197687,1282606267804047,4599611681021100032,8.0,0.024214783683419228,2.060632141365204e-6,0.001537429370048611,2.6185117696e10,2.0606322177561146e-6,0.02421478304431382,8.0,0.02556583844125271,2.8882916467409814e-6,0.0028552259729474204,1.989134336e10,2.888291679884862e-6,0.025565838907868274
924,12.61740493774414,0.32973963022232056,56.28999710083008,1.5182121984e10,1.231166958808899,0.0,0.0,9.114597376e9,2.5318281216e10,2.5318281216e10,2.5318281216e10,1.4826887168e10,1.4826887168e10,4.6990245888e10,2.3495122944e10,2.3495122944e10,1.5182121984e10,1.5182121984e10,1.0,1.0,0.24038824439048767,4.5274509312e10,0.00024127215147018433,147203.0,0.12019237875938416,3.7033017344e10,0.0001206621527671814,99235.0,2068194228,7681731169729282,2624649142,2896771111018138,4599611681021100032,4633118930120998912,573389471,3416209656108153,250744098,1282606242383966,4599611681021100032,8.0,0.029197491705417633,3.2513439691683743e-6,-0.00043926553429960314,4.5274509312e10,3.2513436226781826e-6,0.029197491040506302,8.0,0.02334153652191162,2.679635827007587e-6,-0.006369350247344245,3.7033017344e10,2.6796357637354486e-6,0.023341537200821143
925,12.631144523620605,0.32973960041999817,64.81694030761719,2.6322776064e10,1.231166958808899,0.0,0.0,1.5182121984e10,4.65800192e10,4.65800192e10,4.65800192e10,2.7272235008e10,2.7272235008e10,8.0123772928e10,4.0061886464e10,4.0061886464e10,2.6322776064e10,2.6322776064e10,1.0,1.0,0.24038821458816528,8.3323109376e10,0.00024128705263137817,243642.0,0.12019235640764236,6.11206144e10,0.00012062489986419678,174408.0,92819880,7634461704595620,4240223761,3072127453770535,4599611680484229120,4634261503627755520,1006484820,3416175696640926,247303808,1282606187613488,4599611680484229120,8.0,0.025999436154961586,2.924062755482737e-6,0.005710451945894841,8.3323109376e10,2.92406282307539e-6,0.025999436845527465,8.0,0.022307226434350014,2.8535052933875704e-6,-0.003074858740097222,6.11206144e10,2.853505212713586e-6,0.02230722706866188
926,12.644883155822754,0.3297395706176758,69.95272064208984,4.2039123968e10,1.231166958808899,0.0,0.0,2.6322776064e10,7.6185649152e10,7.6185649152e10,7.6185649152e10,4.4543336448e10,4.4543336448e10,1.26530838528e11,6.3265419264e10,6.3265419264e10,4.2039123968e10,4.2039123968e10,1.0,1.0,0.2403881847858429,1.36354848768e11,0.00024122744798660278,444836.0,0.12019234150648117,9.4414340096e10,0.00012061744928359985,282660.0,372394060,7662112709326444,2041018921,3064903822087367,4599611679947358208,4634622902040264704,550603685,3416166828751727,254024523,1282606139302577,4599611679947358208,8.0,0.02438720129430294,3.2623408969811862e-6,-0.029870056332373014,1.36354848768e11,3.2623408823491313e-6,0.02438720041182914,8.0,0.02164997160434723,2.993824864461203e-6,0.027234463126575393,9.4414340096e10,2.9938248169293724e-6,0.0216499722176614
927,12.658622741699219,0.32973960041999817,99.3890609741211,6.3715459072e10,1.231166958808899,0.0,0.0,4.2039123968e10,1.1681533952e11,1.1681533952e11,1.1681533952e11,6.8258398208e10,6.8258398208e10,1.90212800512e11,9.5106400256e10,9.5106400256e10,6.3715459072e10,6.3715459072e10,1.0,1.0,0.24038821458816528,2.09225695232e11,0.00024127960205078125,672564.0,0.12019232660531998,1.39704827904e11,0.0001206621527671814,410112.0,3899391747,7732131576808197,2354946831,3045397135656023,4599611680484229120,4636694300342616064,2813575541,3416169534936255,257020246,1282606081415238,4599611680484229120,8.0,0.023433055728673935,3.214538310203352e-6,-0.05974011266474603,2.09225695232e11,3.2145382770462697e-6,0.023433055421913027,8.0,0.02121053636074066,2.9355605875025503e-6,-0.0140564970975873,1.39704827904e11,2.9355610628658573e-6,0.02121053638906563
928,12.672362327575684,0.3297395706176758,142.5718536376953,9.312313344e10,1.231166958808899,0.0,0.0,6.3715459072e10,1.71869241344e11,1.71869241344e11,1.71869241344e11,1.00372660224e11,1.00372660224e11,2.76408041472e11,1.38204020736e11,1.38204020736e11,9.312313344e10,9.312313344e10,1.0,1.0,0.2403881996870041,3.08081819648e11,0.0002412647008895874,971536.0,0.12019232660531998,2.00615264256e11,0.00012065470218658447,595128.0,3937571416,7766732576469258,1972651564,2983418836509506,4599611679947358208,4639220317712023552,598640621,3416200962883991,262844287,1282605998945913,4599611679947358208,8.0,0.0227682963013649,3.1534998470306164e-6,-0.00702824854879365,3.08081819648e11,3.1535001529304713e-6,0.022768296785644376,8.0,0.020880190655589104,2.9665141028090147e-6,-0.03426271167536904,2.00615264256e11,2.9665139979381662e-6,0.0208801907845876
929,12.686100959777832,0.3297395706176758,193.4563446044922,1.325334528e11,1.2311668395996094,0.0,0.0,9.312313344e10,2.4573042688e11,2.4573042688e11,2.4573042688e11,1.434484736e11,1.434484736e11,3.91755137024e11,1.95877568512e11,1.95877568512e11,1.325334528e11,1.325334528e11,1.0,1.0,0.2403881847858429,4.40764891136e11,0.00024124979972839355,1.395904e6,0.1201922744512558,2.81743720448e11,0.0001206323504447937,860608.0,3797693497,7694563616138219,1823317206,2960813101904112,4599611679947358208,4641010656575750144,575158100,3416171517316036,182138967,1282605922214111,4599611679947358208,8.0,0.022284498438239098,3.16700356961519e-6,0.07906779617392856,4.40764891136e11,3.1670037624270658e-6,0.02228449811101275,8.0,0.020626593381166458,3.054577291550231e-6,-0.06237570587054364,2.81743720448e11,3.054577387259428e-6,0.020626592786866415
930,12.699840545654297,0.3297395706176758,266.3399353027344,1.84905007104e11,1.2311668395996094,0.0,0.0,1.325334528e11,3.43941808128e11,3.43941808128e11,3.43941808128e11,2.0071317504e11,2.0071317504e11,5.446483968e11,2.723241984e11,2.723241984e11,1.84905007104e11,1.84905007104e11,1.0,1.0,0.2403881549835205,6.17205202944e11,0.00024121254682540894,1.97552e6,0.12019230425357819,3.88867653632e11,0.0001206323504447937,1.198416e6,2262530040,7651761079973570,2591827722,2963843198335964,4599611679947358208,4643393117884514304,1012974676,3416149585589592,178042287,1282605836424575,4599611679947358208,8.0,0.02192636951804161,3.2007508252718253e-6,-0.04568361556715873,6.17205202944e11,3.2007507939672803e-6,0.02192636945945117,8.0,0.02041603997349739,3.081809381910716e-6,0.07731073403673015,3.88867653632e11,3.081809618586631e-6,0.020416039909532856
931,12.713580131530762,0.3297395706176758,416.35430908203125,2.53877223424e11,1.2311668395996094,0.0,0.0,1.84905007104e11,4.73396641792e11,4.73396641792e11,4.73396641792e11,2.76179156992e11,2.76179156992e11,7.45739517952e11,3.72869758976e11,3.72869758976e11,2.53877223424e11,2.53877223424e11,1.0,1.0,0.24038811028003693,8.49888411648e11,0.0002412647008895874,2.74624e6,0.1201922819018364,5.29258315776e11,0.0001206323504447937,1.620432e6,2377471652,7656839664240302,2456294673,2977344211053373,4599611679947358208,4646032198657376256,3088700851,3416160651834405,249595351,1282605755449109,4599611679947358208,8.0,0.021616090089082718,3.2312948405888164e-6,-0.05271186411595238,8.49888411648e11,3.2312946083076214e-6,0.021616090136385546,8.0,0.020261697471141815,3.0617034099122975e-6,0.12299434960388887,5.29258315776e11,3.06170358608765e-6,0.02026169782216821
932,12.72731876373291,0.3297395706176758,650.1040649414062,3.44061444096e11,1.2311668395996094,0.0,0.0,2.53877223424e11,6.42787115008e11,6.42787115008e11,6.42787115008e11,3.74896492544e11,3.74896492544e11,1.008266510336e12,5.04133255168e11,5.04133255168e11,3.44061444096e11,3.44061444096e11,1.0,1.0,0.24038809537887573,1.154422669312e12,0.00024124979972839355,3.691808e6,0.12019230425357819,7.11970521088e11,0.00012063980102539062,2.181616e6,1950203386,7667464176526400,2482987957,2974300524410835,4599611679947358208,4648929591648321536,1019580294,3416158444754370,65057694,1282605673307794,4599611679947358208,8.0,0.02139470726251602,3.197969135726453e-6,-0.2951864390493333,1.154422669312e12,3.1979689839739934e-6,0.021394708015405436,8.0,0.02012825571000576,3.064194288526778e-6,-0.1546214680734603,7.11970521088e11,3.0641942587866445e-6,0.020128255211951523
933,12.741058349609375,0.3297395706176758,892.04296875,4.61195640832e11,1.2311668395996094,0.0,0.0,3.44061444096e11,8.62969856e11,8.62969856e11,8.62969856e11,5.03189929984e11,5.03189929984e11,1.348806115328e12,6.74403057664e11,6.74403057664e11,4.61195640832e11,4.61195640832e11,1.0,1.0,0.24038803577423096,1.5503818752e12,0.00024121254682540894,4.94752e6,0.1201922595500946,9.4830886912e11,0.00012064725160598755,2.910432e6,36065496,7665627956941542,221049452,2966388133101324,4599611679947358208,4651057708751912960,687173700,3416162482330338,26513984,1282605589364660,4599611679947358208,8.0,0.021195124834775925,3.1911622500047088e-6,-0.4146666643788253,1.5503818752e12,3.191162140855871e-6,0.021195124477429564,8.0,0.020011823624372482,3.0690760013385443e-6,0.038655367018365076,9.4830886912e11,3.0690761154689257e-6,0.020011824427677304
934,12.75479793548584,0.3297395706176758,1177.01806640625,6.1241556992e11,1.2311668395996094,0.0,0.0,4.61195640832e11,1.14744492032e12,1.14744492032e12,1.14744492032e12,6.68919529472e11,6.68919529472e11,1.787928379392e12,8.93964189696e11,8.93964189696e11,6.1241556992e11,6.1241556992e11,1.0,1.0,0.24038803577423096,2.06207451136e12,0.00024127960205078125,6.569536e6,0.1201922595500946,1.252278403072e12,0.00012061744928359985,3.846208e6,2066734048,7653898859614976,2460184074,2963074867628766,4599611679947358208,4652891395646816256,1069983746,3416158623076858,66317504,1282605506755294,4599611679947358208,8.0,0.021021930500864983,3.185886725987075e-6,0.1686779651710476,2.06207451136e12,3.1858867814056607e-6,0.02102193056604996,8.0,0.019908912479877472,3.0713681553606875e-6,0.2249039535613968,1.252278403072e12,3.071368001611624e-6,0.019908911605490222
935,12.768536567687988,0.3297395706176758,1557.149658203125,8.06559350784e11,1.2311667203903198,0.0,0.0,6.1241556992e11,1.512939454464e12,1.512939454464e12,1.512939454464e12,8.81820762112e11,8.81820762112e11,2.351085387776e12,1.175542693888e12,1.175542693888e12,8.06559350784e11,8.06559350784e11,1.0,1.0,0.240387961268425,2.719626821632e12,0.00024121999740600586,8.660032e6,0.12019225209951401,1.64117348352e12,0.00012061744928359985,5.043456e6,474169358,7638796807415106,3833174906,2962236724456400,4599611679947358208,4654563232067878912,778696737,3416179734394449,53467783,1282605409889723,4599611679947358208,8.0,0.020869562402367592,3.1842721455177525e-6,-0.140564970975873,2.719626821632e12,3.1842722773573626e-6,0.0208695618018951,8.0,0.01981717348098755,3.073079142268398e-6,-0.3865536701836507,1.64117348352e12,3.0730790972655124e-6,0.01981717348848276
936,12.782276153564453,0.3297395706176758,2053.420166015625,1.0545823744e12,1.2311666011810303,0.0,0.0,8.06559350784e11,1.980086878208e12,1.980086878208e12,1.980086878208e12,1.153900347392e12,1.153900347392e12,3.069630742528e12,1.534815371264e12,1.534815371264e12,1.0545823744e12,1.0545823744e12,1.0,1.0,0.2403879165649414,3.560209907712e12,0.00024128705263137817,1.1327424e7,0.12019219249486923,2.136255627264e12,0.00012062489986419678,6.639104e6,398441121,7623917296680345,2421355199,2962354750811523,4599611679947358208,4656733933772210176,957577800,3416171332072438,236701204,1282605341137826,4599611679947358208,8.0,0.020733576267957687,3.181673037033761e-6,0.4357514100252063,3.560209907712e12,3.181672761071981e-6,0.020733576302809257,8.0,0.019717732444405556,3.1078227493708255e-6,-0.140564970975873,2.136255627264e12,3.1078228077932844e-6,0.019717732551420897
937,12.796015739440918,0.3297395706176758,2711.282958984375,1.369881575424e12,1.2311666011810303,0.0,0.0,1.0545823744e12,2.574268235776e12,2.574268235776e12,2.574268235776e12,1.499970404352e12,1.499970404352e12,3.982142734336e12,1.991071367168e12,1.991071367168e12,1.369881575424e12,1.369881575424e12,1.0,1.0,0.24038784205913544,4.629621374976e12,0.0002412348985671997,1.4891264e7,0.12019219994544983,2.76363476992e12,0.00012063980102539062,8.419712e6,2267211718,7613459562150698,288371575,2965418349565947,4599611679947358208,4658180589352910848,3025245142,3416182028010458,265049389,1282605269198057,4599611679947358208,8.0,0.020586272701621056,3.2165187349164626e-6,0.3232994332445079,4.629621374976e12,3.2165189506116996e-6,0.0205862721342241,8.0,0.019650379195809364,3.0466080715996213e-6,0.1265084738782857,2.76363476992e12,3.0466081189709308e-6,0.01965037946663934
938,12.809754371643066,0.3297395706176758,3587.240478515625,1.768866840576e12,1.2311664819717407,0.0,0.0,1.369881575424e12,3.326225154048e12,3.326225154048e12,3.326225154048e12,1.937749311488e12,1.937749311488e12,5.135522594816e12,2.567761297408e12,2.567761297408e12,1.768866840576e12,1.768866840576e12,1.0,1.0,0.24038778245449066,5.9833319424e12,0.00024124979972839355,1.888576e7,0.12019211798906326,3.554855354368e12,0.0001206323504447937,1.0983168e7,1859220152,7605394286887724,3902135812,2958162405890462,4599611679947358208,4660106840309235712,740701658,3416153954614834,128744500,1282605189843390,4599611679947358208,8.0,0.020494675263762474,3.1563952234137105e-6,0.6465988664890158,5.9833319424e12,3.156395036585025e-6,0.02049467460536147,8.0,0.019564425572752953,3.0896244425093755e-6,0.140564970975873,3.554855354368e12,3.0896243241109374e-6,0.019564425781398716
939,12.823493957519531,0.32973960041999817,4342.24462890625,2.271005376512e12,1.2311663627624512,0.0,0.0,1.768866840576e12,4.273971658752e12,4.273971658752e12,4.273971658752e12,2.48957632512e12,2.48957632512e12,6.586969882624e12,3.293484941312e12,3.293484941312e12,2.271005376512e12,2.271005376512e12,1.0,1.0,0.24038776755332947,7.689896198144e12,0.00024124979972839355,2.4563072e7,0.12019211053848267,4.548587421696e12,0.00012063980102539062,1.3978112e7,498471157,7595643010951991,2179159981,2954998241284969,4599611680484229120,4661496363161223168,624047793,3416192226104415,76301924,1282605137056184,4599611680484229120,8.0,0.020358245819807053,3.1942006444296567e-6,-0.1967909593662222,7.689896198144e12,3.194200691500919e-6,0.020358244894642618,8.0,0.019507985562086105,3.0730666367162485e-6,0.140564970975873,4.548587421696e12,3.0730664139378504e-6,0.019507985599418253
940,12.837233543395996,0.32973963022232056,5384.2822265625,2.900893892608e12,1.2311662435531616,0.0,0.0,2.271005376512e12,5.463372464128e12,5.463372464128e12,5.463372464128e12,3.182510211072e12,3.182510211072e12,8.404271628288e12,4.202135814144e12,4.202135814144e12,2.900893892608e12,2.900893892608e12,1.0,1.0,0.2403877228498459,9.83133847552e12,0.0002412647008895874,3.0717696e7,0.12019208073616028,5.790807621632e12,0.00012063980102539062,1.7353472e7,433988141,7577096031538425,2440004024,2955163774985948,4599611681021100032,4662642095616425984,3133977117,3416169162564003,89210292,1282605093716278,4599611681021100032,8.0,0.020287049934267998,3.124467411907972e-6,-0.3373559303420952,9.83133847552e12,3.1244673194962614e-6,0.0202870499296677,8.0,0.019451767206192017,2.9967275168019114e-6,-1.3775367155635554,5.790807621632e12,2.9967272465944214e-6,0.019451767205983815
941,12.850972175598145,0.32973963022232056,6849.2119140625,3.687523549184e12,1.231166124343872,0.0,0.0,2.900893892608e12,6.948466458624e12,6.948466458624e12,6.948466458624e12,4.04752171008e12,4.04752171008e12,1.0671014019072e13,5.335507009536e12,5.335507009536e12,3.687523549184e12,3.687523549184e12,1.0,1.0,0.24038763344287872,1.2506545258496e13,0.00024122744798660278,3.8184704e7,0.12019205093383789,7.33699637248e12,0.00012060999870300293,2.1806848e7,70232787,7553397867884203,4146217658,2958699137472592,4599611681021100032,4664252802841706496,632970303,3416170744878893,78915914,1282605060519788,4599611681021100032,8.0,0.020196154713630676,3.0531775792042026e-6,-0.6747118606841904,1.2506545258496e13,3.0531775382426096e-6,0.020196155484032505,8.0,0.019374843686819077,2.9721763894485775e-6,-2.9237513962981585,7.33699637248e12,2.9721761623644493e-6,0.019374843238340957
942,12.86471176147461,0.32973963022232056,8969.1142578125,4.665191170048e12,1.231165885925293,0.0,0.0,3.687523549184e12,8.795352203264e12,8.795352203264e12,8.795352203264e12,5.123333423104e12,5.123333423104e12,1.3486562213888e13,6.743281106944e12,6.743281106944e12,4.665191170048e12,4.665191170048e12,1.0,1.0,0.24038754403591156,1.5834684588032e13,0.00024124979972839355,4.8034048e7,0.12019205093383789,9.253764988928e12,0.00012063980102539062,2.7416576e7,447390483,7540922537302471,461455665,2966337727846969,4599611681021100032,4666156437037121536,2798460977,3416177433954185,130489150,1282605032109518,4599611681021100032,8.0,0.02007872611284256,3.0334704206325114e-6,1.0120677910262856,1.5834684588032e13,3.0334701758471475e-6,0.020078726548382917,8.0,0.019299447536468506,2.962748339996324e-6,0.3092429361469206,9.253764988928e12,2.9627483041848653e-6,0.019299446985091225
943,12.878451347351074,0.32973963022232056,12000.765625,5.875303448576e12,1.231165885925293,0.0,0.0,4.665191170048e12,1.108310228992e13,1.108310228992e13,1.108310228992e13,6.452196409344e12,6.452196409344e12,1.697494597632e13,8.48747298816e12,8.48747298816e12,5.875303448576e12,5.875303448576e12,1.0,1.0,0.24038749933242798,1.9957658157056e13,0.0002411976456642151,6.2921984e7,0.12019196152687073,1.1622314672128e13,0.00012062489986419678,3.713792e7,2540802261,7548965445288051,2435280305,2966803126052133,4599611681021100032,4667823105001914368,664930397,3416179249770435,69881040,1282605019342768,4599611681021100032,8.0,0.019975917413830757,3.152773842884926e-6,0.0,1.9957658157056e13,3.152773740748158e-6,0.019975917225491205,8.0,0.019225571304559708,3.1953979942045407e-6,1.2931977329780315,1.1622314672128e13,3.1953979172286094e-6,0.01922557198499782
944,12.892189979553223,0.32973966002464294,14847.609375,7.368147992576e12,1.2311656475067139,0.0,0.0,5.875303448576e12,1.391080767488e13,1.391080767488e13,1.391080767488e13,8.099880501248e12,8.099880501248e12,2.1268191510528e13,1.0634095755264e13,1.0634095755264e13,7.368147992576e12,7.368147992576e12,1.0,1.0,0.2403874397277832,2.505002975232e13,0.00024124234914779663,8.0824832e7,0.12019196897745132,1.453506691072e13,0.00012065470218658447,4.5792768e7,1963055434,7565699402784270,484114449,2969023032644769,4599611681557970944,4669388173904707584,1055015621,3416188289234005,67624142,1282605020602972,4599611681557970944,8.0,0.01987479254603386,3.2265363643091405e-6,-2.9237513962981585,2.505002975232e13,3.226536298674553e-6,0.01987479263974983,8.0,0.019158607348799706,3.150502834614599e-6,1.2931977329780315,1.453506691072e13,3.150502946890736e-6,0.019158607301347403
945,12.905929565429688,0.32973966002464294,19642.96484375,9.201695850496e12,1.2311656475067139,0.0,0.0,7.368147992576e12,1.7383626375168e13,1.7383626375168e13,1.7383626375168e13,1.0120440315904e13,1.0120440315904e13,2.65398779904e13,1.32699389952e13,1.32699389952e13,9.201695850496e12,9.201695850496e12,1.0,1.0,0.24038738012313843,3.1307602067456e13,0.00024124234914779663,1.01838848e8,0.12019192427396774,1.8102955802624e13,0.00012061744928359985,5.8401792e7,133419652,7578271514367024,36225554,2977671416266396,4599611681557970944,4671128631018258432,691118933,3416200792691543,104038917,1282605017799169,4599611681557970944,8.0,0.01977968029677868,3.252847363910405e-6,2.3614915123946663,3.1307602067456e13,3.25284723319289e-6,0.019779681026205087,8.0,0.019086744636297226,3.2260916213999735e-6,-2.3614915123946663,1.8102955802624e13,3.2260911996588793e-6,0.019086745012300968
946,12.919669151306152,0.32973968982696533,26848.45703125,1.1444070383616e13,1.2311655282974243,0.0,0.0,9.201695850496e12,2.163482820608e13,2.163482820608e13,2.163482820608e13,1.2592115351552e13,1.2592115351552e13,3.2984673550336e13,1.6492336775168e13,1.6492336775168e13,1.1444070383616e13,1.1444070383616e13,1.0,1.0,0.24038730561733246,3.8967713988608e13,0.00024121999740600586,1.3113088e8,0.12019193172454834,2.245544378368e13,0.00012064725160598755,7.5014144e7,3840288889,7583417034988893,2168573325,2973624149266785,4599611682094841856,4673109261629259776,2924659061,3416199188766109,117280316,1282605033331220,4599611682094841856,8.0,0.01968463696539402,3.3651160720182816e-6,4.94788697835073,3.8967713988608e13,3.3651161243425264e-6,0.019684637538329795,8.0,0.019025545567274094,3.3405772228434216e-6,-4.385627094447237,2.245544378368e13,3.3405773599027092e-6,0.01902554636457959
947,12.9334077835083,0.32973968982696533,32667.705078125,1.4175219744768e13,1.2311654090881348,0.0,0.0,1.1444070383616e13,2.6818019065856e13,2.6818019065856e13,2.6818019065856e13,1.5604621770752e13,1.5604621770752e13,4.0829469065216e13,2.0414734532608e13,2.0414734532608e13,1.4175219744768e13,1.4175219744768e13,1.0,1.0,0.24038729071617126,4.8305962745856e13,0.00024125725030899048,1.6794112e8,0.12019186466932297,2.7742372364288e13,0.00012063980102539062,9.6781312e7,4109258266,7594003907743748,198450241,2963410292551211,4599611682094841856,4674708844352372736,702946858,3416201318676050,131446875,1282605053307857,4599611682094841856,8.0,0.019597962498664856,3.476612619124353e-6,-10.345581863824252,4.8305962745856e13,3.476612694775105e-6,0.01959796263627019,8.0,0.018949000164866447,3.4885738386947196e-6,0.3373559303420952,2.7742372364288e13,3.488573824148383e-6,0.018948999795455272
948,12.947147369384766,0.3297397196292877,36987.50390625,1.7487003385856e13,1.2311651706695557,0.0,0.0,1.4175219744768e13,3.3110712385536e13,3.3110712385536e13,3.3110712385536e13,1.9259245723648e13,1.9259245723648e13,5.0338954477568e13,2.5169477238784e13,2.5169477238784e13,1.7487003385856e13,1.7487003385856e13,1.0,1.0,0.2403872013092041,5.9641903972352e13,0.00024124234914779663,2.170368e8,0.12019183486700058,3.413643362304e13,0.0001206323504447937,1.25016064e8,2597040969,7587560371786757,3911253743,2959492115381325,4599611682631712768,4675316337411620864,2729121925,3416177979103759,101825519,1282605087235939,4599611682631712768,8.0,0.01949356496334076,3.638998578026076e-6,-1.124519767806984,5.9641903972352e13,3.638998297504416e-6,0.019493564157108106,8.0,0.018883319571614265,3.662247308966471e-6,-0.1124519767806984,3.413643362304e13,3.6622473591597036e-6,0.018883320370667422
949,12.96088695526123,0.3297397196292877,43433.640625,2.1479594917888e13,1.2311651706695557,0.0,0.0,1.7487003385856e13,4.0717875412992e13,4.0717875412992e13,4.0717875412992e13,2.367366889472e13,2.367366889472e13,6.1815753015296e13,3.0907876507648e13,3.0907876507648e13,2.1479594917888e13,2.1479594917888e13,1.0,1.0,0.24038714170455933,7.3342614765568e13,0.00024121999740600586,2.81716736e8,0.12019182741641998,4.1835036672e13,0.0001206323504447937,1.55885568e8,2652712081,7548476461991177,2258505642,2956652890561026,4599611682631712768,4676202287696183296,809062364,3416158449626546,259347148,1282605131188258,4599611682631712768,8.0,0.019401345402002335,3.84110580853303e-6,24.289626984630853,7.3342614765568e13,3.841105591791188e-6,0.019401345640430282,8.0,0.018900355324149132,3.7261966099322308e-6,-3.8233672105437457,4.1835036672e13,3.7261963466196483e-6,0.01890035591639356
950,12.974625587463379,0.3297397494316101,49192.046875,2.6314545299456e13,1.2311650514602661,0.0,0.0,2.1479594917888e13,4.9866600349696e13,4.9866600349696e13,4.9866600349696e13,2.8976447750144e13,2.8976447750144e13,7.5581139976192e13,3.7790569988096e13,3.7790569988096e13,2.6314545299456e13,2.6314545299456e13,1.0,1.0,0.24038709700107574,8.9808680517632e13,0.0002412348985671997,3.45088e8,0.120191790163517,5.1045304631296e13,0.00012061744928359985,1.7405952e8,1873318535,7490460109643283,2201209336,2930246369963432,4599611683168583680,4676993717024849920,3019939662,3416151633919902,2392368574,1282603049104786,4599611683168583680,8.0,0.019443215802311897,3.842479145532707e-6,14.843660935052188,8.9808680517632e13,3.8424795659263385e-6,0.01944321512656378,8.0,0.018886826932430267,3.4099025469913613e-6,7.6467344210874915,5.1045304631296e13,3.4099028086897065e-6,0.018886827104731677
951,12.988365173339844,0.3297397494316101,44631.98828125,3.204037214208e13,1.2311649322509766,0.0,0.0,2.6314545299456e13,6.0767185403904e13,6.0767185403904e13,6.0767185403904e13,3.5341067091968e13,3.5341067091968e13,9.193964699648e13,4.596982349824e13,4.596982349824e13,3.204037214208e13,3.204037214208e13,1.0,1.0,0.24038703739643097,1.09496198234112e14,0.0002412647008895874,3.57003264e8,0.1201917752623558,6.1960972402688e13,0.0001206323504447937,2.0238336e8,2023128594,7440696535264802,164904007,2875123058646927,4599611683168583680,4676366987343953920,2942209286,3416186024715462,2363225438,1282603116018768,4599611683168583680,8.0,0.019365821033716202,3.260417088313261e-6,-36.43444047694628,1.09496198234112e14,3.2604171401428175e-6,0.019365821816741645,8.0,0.01882210001349449,3.2663037927704863e-6,-7.196926513964698,6.1960972402688e13,3.2663037154695896e-6,0.01882210073782201
952,13.002104759216309,0.3297397494316101,37576.10546875,3.8826999283712e13,1.231164813041687,0.0,0.0,3.204037214208e13,7.3693451517952e13,7.3693451517952e13,7.3693451517952e13,4.2864331456512e13,4.2864331456512e13,1.11305486761984e14,5.5652743380992e13,5.5652743380992e13,3.8826999283712e13,3.8826999283712e13,1.0,1.0,0.24038700759410858,1.32827995701248e14,0.0002412647008895874,4.3068416e8,0.12019172310829163,7.4853512118272e13,0.00012061744928359985,2.41651712e8,1866702956,7391513824722396,2187842795,2915205085978615,4599611683168583680,4675397234194382848,2718489786,3416151967463344,2396289003,1282603193822537,4599611683168583680,8.0,0.019244655966758728,3.2424200071545783e-6,17.092700470666156,1.32827995701248e14,3.2424201041822533e-6,0.019244655805032897,8.0,0.01873568259179592,3.2283282962453086e-6,-0.6747118606841904,7.4853512118272e13,3.2283280518134463e-6,0.01873568204082954
953,13.015843391418457,0.3297397792339325,72204.5625,4.6828254920704e13,1.2311646938323975,0.0,0.0,3.8826999283712e13,8.8937162866688e13,8.8937162866688e13,8.8937162866688e13,5.1724991594496e13,5.1724991594496e13,1.34103408050176e14,6.7051704025088e13,6.7051704025088e13,4.6828254920704e13,4.6828254920704e13,1.0,1.0,0.24038691818714142,1.60341631696896e14,0.0002412945032119751,5.25656064e8,0.12019170075654984,8.997688049664e13,0.00012062489986419678,2.92810752e8,370314827,7374181926283549,418519170,3000517266972070,4599611683705454592,4679698272963526656,2865216557,3416168811835605,2324559850,1282603277731630,4599611683705454592,8.0,0.019127266481518745,3.2783505048428196e-6,16.19308465642057,1.60341631696896e14,3.278350311634287e-6,0.019127266402510848,8.0,0.018655411899089813,3.2542886856390396e-6,-30.586937684349966,8.997688049664e13,3.2542885663711217e-6,0.018655411622545585
954,13.029582977294922,0.3297397792339325,128350.109375,5.6185210273792e13,1.2311646938323975,0.0,0.0,4.6828254920704e13,1.06794420535296e14,1.06794420535296e14,1.06794420535296e14,6.2101867462656e13,6.2101867462656e13,1.60743748009984e14,8.0371874004992e13,8.0371874004992e13,5.6185210273792e13,5.6185210273792e13,1.0,1.0,0.24038685858249664,1.92577257078784e14,0.00024122744798660278,6.38328832e8,0.12019170075654984,1.0758108741632e14,0.0001206323504447937,3.60964096e8,2518265163,7438153409193395,164335173,3010138859984629,4599611683705454592,4683556565565833216,2969453448,3416168437411504,2327673622,1282603361312800,4599611683705454592,8.0,0.019012339413166046,3.314663672426832e-6,-10.795389770947047,1.92577257078784e14,3.314663780780946e-6,0.01901233994101872,8.0,0.018549520522356033,3.355274657224072e-6,-6.297310699719111,1.0758108741632e14,3.3552746980888866e-6,0.01854951961702308
955,13.043322563171387,0.3297397792339325,175602.078125,6.7034738065408e13,1.231164574623108,0.0,0.0,5.6185210273792e13,1.27563355652096e14,1.27563355652096e14,1.27563355652096e14,7.4155647041536e13,7.4155647041536e13,1.91639075160064e14,9.5819537580032e13,9.5819537580032e13,6.7034738065408e13,6.7034738065408e13,1.0,1.0,0.24038684368133545,2.3006227202048e14,0.00024124234914779663,7.93030656e8,0.12019170075654984,1.2790911729664e14,0.00012060999870300293,4.32775168e8,2228610238,7551198698884510,309791992,2996105706776078,4599611683705454592,4685273654299197440,873943819,3416205387294179,2341417115,1282603447029139,4599611683705454592,8.0,0.018870726227760315,3.4470260743546532e-6,36.884248384069075,2.3006227202048e14,3.4470260626588134e-6,0.01887072679630254,8.0,0.01853104680776596,3.383458306416287e-6,15.293468842174983,1.2790911729664e14,3.383458456312597e-6,0.018531046458480704
956,13.057061195373535,0.3297397792339325,212533.78125,7.9540378402816e13,1.2311644554138184,0.0,0.0,6.7034738065408e13,1.51499116118016e14,1.51499116118016e14,1.51499116118016e14,8.803282059264e13,8.803282059264e13,2.27094097297408e14,1.13547048648704e14,1.13547048648704e14,7.9540378402816e13,7.9540378402816e13,1.0,1.0,0.24038678407669067,2.73239376920576e14,0.00024121999740600586,9.37566208e8,0.12019166350364685,1.51123021266944e14,0.000120602548122406,5.26761984e8,205168578,7652657737227042,2615771855,2972945388679959,4599611683705454592,4686542617956057088,893085203,3416153485547209,2328965744,1282603529828386,4599611683705454592,8.0,0.018849555402994156,3.431299774092622e-6,52.177717226244056,2.73239376920576e14,3.431299873959933e-6,0.018849555080829104,8.0,0.018431207165122032,3.4856502679758705e-6,-4.498079071227936,1.51123021266944e14,3.4856503236148466e-6,0.01843120651879638
957,13.07080078125,0.3297397792339325,235578.765625,9.3763514925056e13,1.2311643362045288,0.0,0.0,7.9540378402816e13,1.78797424934912e14,1.78797424934912e14,1.78797424934912e14,1.03866595016704e14,1.03866595016704e14,2.67374599077888e14,1.33687299538944e14,1.33687299538944e14,9.3763514925056e13,9.3763514925056e13,1.0,1.0,0.24038678407669067,3.22530267103232e14,0.0002412348985671997,1.147756544e9,0.12019164115190506,1.77341565239296e14,0.00012062489986419678,6.39320064e8,4026001230,7648500704298642,2673805317,2965533867748017,4599611683705454592,4687334437589876736,1066622298,3416188153862440,2251787698,1282603620319884,4599611683705454592,8.0,0.01866820640861988,3.5586010653787525e-6,125.9462139943822,3.22530267103232e14,3.558600876160642e-6,0.01866820704296536,8.0,0.01833184063434601,3.6050209928362165e-6,41.38232745529701,1.77341565239296e14,3.6050210745558863e-6,0.0183318398128191
958,13.084540367126465,0.3297397792339325,281238.4375,6.27641942016e13,1.2311642169952393,0.0,0.0,9.3763514925056e13,2.09553182425088e14,2.09553182425088e14,2.09553182425088e14,1.19759718842368e14,1.19759718842368e14,1.34968667799552e14,6.7484333899776e13,6.7484333899776e13,6.27641942016e13,6.27641942016e13,1.0,1.0,0.2403867244720459,3.98204638068736e14,0.00024127960205078125,1.520746496e9,0.12019162625074387,2.4137682649088e13,0.0001206323504447937,4.89496576e8,101755881,7585702544538337,2271436236,2961380952100804,4599611683705454592,4688575252031078400,1054352248,3416171096271214,2259335729,1282603706101125,4599611683705454592,8.0,0.01824432797729969,3.819007361016702e-6,39.58309582680584,3.98204638068736e14,3.819007590450526e-6,0.018244327875463807,8.0,0.0911356508731842,2.0279352611396462e-5,-5.397694885473523,2.4137682649088e13,2.0279352514972518e-5,0.09113564993256378
959,13.098278999328613,0.3297397792339325,343869.3125,6.839255171072e13,1.2311642169952393,0.0,0.0,6.27641942016e13,1.05901973307392e14,1.05901973307392e14,1.05901973307392e14,6.0414717067264e13,6.0414717067264e13,1.90236852224e14,9.5118426112e13,9.5118426112e13,6.839255171072e13,6.839255171072e13,1.0,1.0,0.2403866946697235,1.95284344766464e14,0.00024124234914779663,7.77551872e8,0.12019159644842148,1.17852996632576e14,0.00012062489986419678,7.05888256e8,1615914813,7497685576080721,119391364,2898553556029284,4599611683705454592,4689651242270457856,1070070978,3416175189375946,2153250209,1282603717477219,4599611683705454592,8.0,0.013362819328904152,3.98163956560893e-6,-16.19308465642057,1.95284344766464e14,3.981639781572423e-6,0.01336281929532494,8.0,0.019290609285235405,5.989565579511691e-6,-11.24519767806984,1.17852996632576e14,5.989565460972326e-6,0.01929060970629867
960,13.112018585205078,0.3297397792339325,415446.03125,7.8285375537152e13,1.2311642169952393,0.0,0.0,6.839255171072e13,1.3431931404288e14,1.3431931404288e14,1.3431931404288e14,7.6994528149504e13,7.6994528149504e13,2.21431132585984e14,1.10715566292992e14,1.10715566292992e14,7.8285375537152e13,7.8285375537152e13,1.0,1.0,0.24038667976856232,2.45033689153536e14,0.00024118274450302124,1.544257536e9,0.12019159644842148,1.42543522103296e14,0.00012062489986419678,9.1652096e8,2238767042,7491051341228746,2602217313,2900184415986385,4599611683705454592,4690880920935202816,2694009033,3416160422253807,2237208965,1282599544201909,4599611683705454592,8.0,0.021054141223430634,6.302225301624276e-6,-62.9731069971911,2.45033689153536e14,6.30222520525724e-6,0.021054141636362517,8.0,0.02046494372189045,6.429762379411841e-6,-52.177717226244056,1.42543522103296e14,6.429761870155465e-6,0.020464944352770204
961,13.125758171081543,0.3297397792339325,469866.375,9.1908751753216e13,1.2311642169952393,0.0,0.0,7.8285375537152e13,1.6620248367104e14,1.6620248367104e14,1.6620248367104e14,9.5504067198976e13,9.5504067198976e13,2.6239079284736e14,1.3119539642368e14,1.3119539642368e14,9.1908751753216e13,9.1908751753216e13,1.0,1.0,0.24038662016391754,3.01187064659968e14,0.00024124979972839355,2.106064896e9,0.12019156664609909,1.72093417193472e14,0.0001206323504447937,1.237712896e9,1812212336,7478802440593496,388785998,3001736405601528,4599611683705454592,4691815855321776128,2816730476,3416181637656592,2159561138,1282599660793358,4599611683705454592,8.0,0.021815093234181404,6.992547696427209e-6,79.16619165361168,3.01187064659968e14,6.992547639262282e-6,0.021815093171317513,8.0,0.021583855152130127,7.192099019448506e-6,-26.088858613122028,1.72093417193472e14,7.192099434931551e-6,0.021583855484292227
962,13.139496803283691,0.3297397792339325,465478.65625,1.09132552077312e14,1.2311642169952393,0.0,0.0,9.1908751753216e13,2.02961129046016e14,2.02961129046016e14,2.02961129046016e14,1.167151071232e14,1.167151071232e14,3.1323079049216e14,1.5661539524608e14,1.5661539524608e14,1.09132552077312e14,1.09132552077312e14,1.0,1.0,0.24038662016391754,3.66221862109184e14,0.00024124979972839355,2.85179904e9,0.1201915517449379,2.07174089310208e14,0.00012059509754180908,1.682046976e9,3933414515,7441983479800305,2398348864,3100823743737818,4599611683705454592,4691740474887634944,881327556,3416187947947196,2158221806,1282599752774934,4599611683705454592,8.0,0.02279142662882805,7.787079994159285e-6,125.9462139943822,3.66221862109184e14,7.787079988395668e-6,0.022791425911000352,8.0,0.02283225581049919,8.11900281405542e-6,-41.38232745529701,2.07174089310208e14,8.11900249182475e-6,0.022832255020597044
963,13.153236389160156,0.3297397792339325,447699.8125,1.30080953073664e14,1.2311642169952393,0.0,0.0,1.09132552077312e14,2.458201882624e14,2.458201882624e14,2.458201882624e14,1.41297830592512e14,1.41297830592512e14,3.74615503273984e14,1.87307751636992e14,1.87307751636992e14,1.30080953073664e14,1.30080953073664e14,1.0,1.0,0.24038657546043396,4.42221543292928e14,0.00024121999740600586,3.877502976e9,0.1201915293931961,2.48543583404032e14,0.00012062489986419678,2.288648192e9,3810792626,7405915759262024,2602960520,3064243126491244,4599611683705454592,4691435036677767168,2688465901,3416198298739989,2179129777,1282599815075377,4599611683705454592,8.0,0.024027399718761444,8.768236511969008e-6,-14.393853027929396,4.42221543292928e14,8.768236264198277e-6,0.024027399004177635,8.0,0.024264927953481674,9.208237315760925e-6,-100.75697119550577,2.48543583404032e14,9.208236470084278e-6,0.024264928192201347
964,13.166975975036621,0.3297397792339325,493863.875,1.55023975645184e14,1.2311642169952393,0.0,0.0,1.30080953073664e14,2.95944184659968e14,2.95944184659968e14,2.95944184659968e14,1.69874278055936e14,1.69874278055936e14,4.4758021963776e14,2.2379010981888e14,2.2379010981888e14,1.55023975645184e14,1.55023975645184e14,1.0,1.0,0.24038660526275635,5.31140553211904e14,0.00024125725030899048,5.280104448e9,0.1201915517449379,3.17931128881152e14,0.00012060999870300293,3.117678592e9,4048485535,7389601900617085,119167579,3008430000206965,4599611683705454592,4692228129232519168,2712129819,3416125616793153,2200967104,1282599889856346,4599611683705454592,8.0,0.02563350833952427,9.941068128682673e-6,280.6801340446232,5.31140553211904e14,9.941068000773598e-6,0.025633508708869907,8.0,0.02592831291258335,9.806144589674659e-6,26.988474427367617,3.17931128881152e14,9.806144440549186e-6,0.02592831347396787
965,13.18071460723877,0.3297397792339325,641989.3125,2.14351801745408e14,1.2311642169952393,0.0,0.0,1.55023975645184e14,3.5511947231232e14,3.5511947231232e14,3.5511947231232e14,2.05598339629056e14,2.05598339629056e14,6.36823994892288e14,3.18411997446144e14,3.18411997446144e14,2.14351801745408e14,2.14351801745408e14,1.0,1.0,0.24038657546043396,6.69068864520192e14,0.00024124979972839355,7.19716352e9,0.1201915368437767,4.60854151610368e14,0.00012064725160598755,4.267835392e9,494677441,7437429248515099,385232166,2986171974849810,4599611683705454592,4693761858295824384,1032047446,3416140396470130,2213857413,1282599954542645,4599611683705454592,8.0,0.029194165021181107,1.0756984920590185e-5,-259.0893545027291,6.69068864520192e14,1.0756984640200527e-5,0.029194165680835684,8.0,0.025624478235840797,9.260706974600907e-6,-7.196926513964698,4.60854151610368e14,9.26070725896758e-6,0.025624477411797127
966,13.194454193115234,0.3297397792339325,900195.375,3.09354850942976e14,1.2311642169952393,0.0,0.0,2.14351801745408e14,5.13439449481216e14,5.13439449481216e14,5.13439449481216e14,2.96839584677888e14,2.96839584677888e14,9.18933620129792e14,4.59466810064896e14,4.59466810064896e14,3.09354850942976e14,3.09354850942976e14,1.0,1.0,0.24038654565811157,9.68095761956864e14,0.00024127960205078125,9.83171072e9,0.12019151449203491,6.64155757477888e14,0.00012064725160598755,5.829296128e9,2455027354,7504631549476074,132258331,2985721241628593,4599611683705454592,4695979831483957248,2888583772,3416185667799736,2199738541,1282599989527127,4599611683705454592,8.0,0.02883385494351387,1.0155721611226909e-5,-64.77233862568228,9.68095761956864e14,1.0155721068024477e-5,0.028833854126621566,8.0,0.02533634379506111,8.777001312409993e-6,219.50625867592328,6.64155757477888e14,8.777001739667049e-6,0.02533634471025984
967,13.2081937789917,0.3297397792339325,1.274573625e6,4.4421437456384e14,1.2311642169952393,0.0,0.0,3.09354850942976e14,7.38330647986176e14,7.38330647986176e14,7.38330647986176e14,4.26347109285888e14,4.26347109285888e14,1.319262555734016e15,6.59631277867008e14,6.59631277867008e14,4.4421437456384e14,4.4421437456384e14,1.0,1.0,0.24038654565811157,1.39299748052992e15,0.00024128705263137817,1.3488357376e10,0.1201915517449379,9.52427184390144e14,0.00012061744928359985,8.014528512e9,326732036,7562435191879662,2479958987,2994200702946741,4599611683705454592,4698225063755776000,3220155829,3416138212611587,2191161638,1282600032804284,4599611683705454592,8.0,0.028516355901956558,9.682973541202955e-6,50.378485597752885,1.39299748052992e15,9.68297322031702e-6,0.028516356670972756,8.0,0.025130510330200195,8.414846888626926e-6,-35.98463256982349,9.52427184390144e14,8.414846590755864e-6,0.025130509415967592
968,13.221932411193848,0.3297397792339325,1.727212875e6,6.3505990418432e14,1.2311642169952393,0.0,0.0,4.4421437456384e14,1.056778313793536e15,1.056778313793536e15,1.056778313793536e15,6.09648327524352e14,6.09648327524352e14,1.885727134580736e15,9.42863567290368e14,9.42863567290368e14,6.3505990418432e14,6.3505990418432e14,1.0,1.0,0.24038656055927277,1.99486064295936e15,0.0002411976456642151,1.8530435072e10,0.12019156664609909,1.360042062249984e15,0.00012061744928359985,1.1004542976e10,323254613,7617981293624197,384025494,3001763464353654,4599611683705454592,4700169134531411968,592648081,3416183584420175,2193294493,1282600064672117,4599611683705454592,8.0,0.02827734500169754,9.289087756769732e-6,-129.54467725136456,1.99486064295936e15,9.289087116739212e-6,0.02827734481973974,8.0,0.024951783940196037,8.091325071291067e-6,-172.72623633515275,1.360042062249984e15,8.091325689876714e-6,0.02495178426575878
969,13.235671997070312,0.3297397494316101,2.2935605e6,9.04595207356416e14,1.2311642169952393,0.0,0.0,6.3505990418432e14,1.506835051839488e15,1.506835051839488e15,1.506835051839488e15,8.68567679500288e14,8.68567679500288e14,2.685701300682752e15,1.342850650341376e15,1.342850650341376e15,9.04595207356416e14,9.04595207356416e14,1.0,1.0,0.24038654565811157,2.845655814897664e15,0.0002411976456642151,2.5505562624e10,0.1201915591955185,1.935405008027648e15,0.00012060999870300293,1.501560832e10,425445164,7657826716075696,2444583911,3003839433286087,4599611683168583680,4702179795016876032,3140668967,3416147036684449,2193948156,1282600085434228,4599611683168583680,8.0,0.02807263284921646,8.962982064986136e-6,273.4832075306585,2.845655814897664e15,8.962982280977091e-6,0.028072632364683693,8.0,0.024806741625070572,7.758379979350138e-6,158.33238330722335,1.935405008027648e15,7.758380201588624e-6,0.024806740910952772
970,13.249411582946777,0.3297397494316101,2.96639275e6,1.284484594925568e15,1.2311642169952393,0.0,0.0,9.04595207356416e14,2.141542902923264e15,2.141542902923264e15,2.141542902923264e15,1.233592990564352e15,1.233592990564352e15,3.813000024686592e15,1.906500012343296e15,1.906500012343296e15,1.284484594925568e15,1.284484594925568e15,1.0,1.0,0.24038654565811157,4.045750744907776e15,0.00024124979972839355,3.4598813696e10,0.12019150704145432,2.745780913831936e15,0.00012063980102539062,2.0660092928e10,36531654,7679046930758438,2261109455,2998060271664389,4599611683168583680,4703624691271598080,825708301,3416149297705035,2188978543,1282600102109611,4599611683168583680,8.0,0.027906334027647972,8.55188955029007e-6,-345.4524726703055,4.045750744907776e15,8.551889589657665e-6,0.02790633453824578,8.0,0.02468092367053032,7.5243051469442435e-6,158.33238330722335,2.745780913831936e15,7.5243050758022164e-6,0.024680923949236218
971,13.263150215148926,0.3297397494316101,3.693474e6,7.83101521297408e14,1.2311642169952393,0.0,0.0,1.284484594925568e15,3.034827112579072e15,3.034827112579072e15,3.034827112579072e15,1.747124513406976e15,1.747124513406976e15,1.58281087582208e15,7.9140543791104e14,7.9140543791104e14,7.83101521297408e14,7.83101521297408e14,1.0,1.0,0.24038656055927277,5.735071440961536e15,0.00024127960205078125,4.7890563072e10,0.1201915293931961,9.11798203056128e14,0.00012061744928359985,1.1547967488e10,1816830809,7673716665618643,2269615019,2981022596183511,4599611683168583680,4705186086366740480,2921242384,3416168128864028,2194099404,1282600106765170,4599611683168583680,8.0,0.02776472643017769,8.35047376313014e-6,-1065.1451240667752,5.735071440961536e15,8.350473575097477e-6,0.02776472671944543,8.0,0.04727772995829582,1.2665047506743576e-5,215.90779541894094,9.11798203056128e14,1.2665047397611094e-5,0.047277728498346584
972,13.27688980102539,0.3297397196292877,1.650042875e6,9.78993771708416e14,1.2311642169952393,0.0,0.0,7.83101521297408e14,1.332400458039296e15,1.332400458039296e15,1.332400458039296e15,7.53489735057408e14,7.53489735057408e14,2.808458713759744e15,1.404229356879872e15,1.404229356879872e15,9.78993771708416e14,9.78993771708416e14,1.0,1.0,0.24038651585578918,2.574861884981248e15,0.00024121999740600586,1.5302918144e10,0.12019149959087372,1.883919758655488e15,0.00012059509754180908,1.6731078656e10,2598730450,7516739053869808,2611489154,2733987625705312,4599611682631712768,4699837691905179648,637428902,3416183435861910,2355927560,1282600111483688,4599611682631712768,8.0,0.01857386715710163,5.943199539615307e-6,-647.7233862568228,2.574861884981248e15,5.943199725093288e-6,0.018573866271356928,8.0,0.02426309697329998,8.88099293661071e-6,-302.2709135865173,1.883919758655488e15,8.880993377140455e-6,0.02426309618988855
973,13.290629386901855,0.3297397196292877,-1.7334302e7,1.289362067161088e15,1.2311642169952393,0.0,0.0,9.78993771708416e14,1.996034242772992e15,1.996034242772992e15,1.996034242772992e15,1.13642351624192e15,1.13642351624192e15,3.75681863122944e15,1.87840931561472e15,1.87840931561472e15,1.289362067161088e15,1.289362067161088e15,1.0,1.0,0.24038656055927277,3.809983347032064e15,0.00024121254682540894,3.4937503744e10,0.12019150704145432,2.60651096211456e15,0.00012063980102539062,2.0623392768e10,2244059224,7155023814997256,265017352,2684580500108472,4599611682631712768,13938790388346126336,3128796491,3416155616023413,2199954895,1282600092028067,4599611682631712768,8.0,0.028188558295369148,9.169988516077865e-6,-172.72623633515275,3.809983347032064e15,9.1699885988495e-6,0.028188558624984688,8.0,0.02436387725174427,7.912260116427206e-6,518.1787090054582,2.60651096211456e15,7.912260367362293e-6,0.02436387810125122
974,13.304368019104004,0.32973968982696533,-1.5924741e7,1.73497082970112e15,1.2311642169952393,0.0,0.0,1.289362067161088e15,2.821055315968e15,2.821055315968e15,2.821055315968e15,1.61027584950272e15,1.61027584950272e15,5.089237745532928e15,2.544618872766464e15,2.544618872766464e15,1.73497082970112e15,1.73497082970112e15,1.0,1.0,0.24038656055927277,5.358415694004224e15,0.00024127960205078125,4.6569357312e10,0.12019151449203491,3.579952414851072e15,0.00012064725160598755,2.7018657792e10,2681487524,7154824904185428,2356117140,2569944732122074,4599611682094841856,13938183177680977920,1060938181,3416187651169247,2196723662,1282600085645224,4599611682094841856,8.0,0.027599716559052467,8.690882168593816e-6,201.51394239101154,5.358415694004224e15,8.690881891366148e-6,0.02759971693724625,8.0,0.024367326870560646,7.5472112257557455e-6,201.51394239101154,3.579952414851072e15,7.547211399528693e-6,0.024367327461623393
975,13.318107604980469,0.32973968982696533,1.277714125e6,7.48287053266944e14,1.2311642169952393,0.0,0.0,1.73497082970112e15,1.457966779727872e15,1.457966779727872e15,1.457966779727872e15,8.59851915788288e14,8.59851915788288e14,2.018545240113152e15,1.009272620056576e15,1.009272620056576e15,7.48287053266944e14,7.48287053266944e14,1.0,1.0,0.240386500954628,2.577840176365568e15,0.00024121254682540894,2.910846976e10,0.12019146978855133,1.27577775669248e15,0.00012060999870300293,2.062548992e9,2444779174,7334854852910608,439749386,2732626717087550,4599611682094841856,4698238552100569088,808037718,3416157656655806,2182537348,1282600069509858,4599611682094841856,8.0,0.03974546864628792,1.1291805094515439e-5,-57.57541211171758,2.577840176365568e15,1.129180585627518e-5,0.039745469558460284,8.0,0.017712702974677086,1.6166992509170086e-6,205.11240564799388,1.27577775669248e15,1.6166993878658709e-6,0.01771270206538028
976,13.331847190856934,0.32973968982696533,2.713766e7,7.4648511315968e14,1.2311642169952393,0.0,0.0,7.48287053266944e14,1.48402125930496e15,1.48402125930496e15,1.48402125930496e15,8.66083108028416e14,8.66083108028416e14,2.062726226509824e15,1.031363113254912e15,1.031363113254912e15,7.4648511315968e14,7.4648511315968e14,1.0,1.0,0.2403864860534668,2.66182879870976e15,0.0002412647008895874,9.0177536e9,0.12019148468971252,1.266988374556672e15,0.00012063980102539062,3.911450624e9,2642313431,7656714504430231,454356675,2745577405429905,4599611682094841856,4718049920366411776,3106911981,3416155620037321,2195398728,1282600029088774,4599611682094841856,8.0,0.016925053671002388,3.3878036447276827e-6,474.99714992167003,2.66182879870976e15,3.387803659154712e-6,0.016925053145795996,8.0,0.018094228580594063,3.0872031402395805e-6,-572.1556578601934,1.266988374556672e15,3.0872029588774073e-6,0.018094227959275098
977,13.345585823059082,0.32973968982696533,3.9494112e7,7.29013253308416e14,1.2311642169952393,0.0,0.0,7.4648511315968e14,1.448785616044032e15,1.448785616044032e15,1.448785616044032e15,8.41160687878144e14,8.41160687878144e14,1.9829192916992e15,9.914596458496e14,9.914596458496e14,7.29013253308416e14,7.29013253308416e14,1.0,1.0,0.2403864860534668,2.61741212598272e15,0.0002412348985671997,8.56686592e9,0.12019148468971252,1.170573740736512e15,0.00012062489986419678,3.364356096e9,2252107398,8001895727400168,2165355236,2692258008649650,4599611682094841856,4720569619838926848,659453202,3416148763781748,2149433583,1282600003760121,4599611682094841856,8.0,0.017009088769555092,3.2730290513427462e-6,-158.33238330722335,2.61741212598272e15,3.273029103176362e-6,0.01700908826829369,8.0,0.017708469182252884,2.8741085316141834e-6,165.52930982118804,1.170573740736512e15,2.874108545070129e-6,0.017708468536465745
978,13.359325408935547,0.32973968982696533,2.175471e7,6.50777672548352e14,1.2311642169952393,0.0,0.0,7.29013253308416e14,1.307815931019264e15,1.307815931019264e15,1.307815931019264e15,7.55947731419136e14,7.55947731419136e14,1.726539540463616e15,8.63269770231808e14,8.63269770231808e14,6.50777672548352e14,6.50777672548352e14,1.0,1.0,0.2403864860534668,2.378464841695232e15,0.00024127960205078125,6.652690432e9,0.12019143998622894,9.45469807132672e14,0.0001206323504447937,3.423993856e9,3281095574,7910112734742282,2351126945,2707370317606151,4599611682094841856,4716604945728536576,2689849758,3416181616010684,2150279749,1282599951269513,4599611682094841856,8.0,0.016270045191049576,2.7970522751274984e-6,-28.78770605585879,2.378464841695232e15,2.797052009730601e-6,0.016270045348612042,8.0,0.018679842352867126,3.6214735246176133e-6,-205.11240564799388,9.45469807132672e14,3.6214733068060966e-6,0.018679841759055342
979,13.373064994812012,0.32973968982696533,2.78218275e6,4.86932219953152e14,1.2311642169952393,0.0,0.0,6.50777672548352e14,1.012831336005632e15,1.012831336005632e15,1.012831336005632e15,5.81720034246656e14,5.81720034246656e14,1.216143612182528e15,6.08071806091264e14,6.08071806091264e14,4.86932219953152e14,4.86932219953152e14,1.0,1.0,0.24038644134998322,1.85803841994752e15,0.00024124979972839355,5.655232512e9,0.12019144743680954,8.54821703778304e14,0.00012060999870300293,2.259550208e9,2628443877,7857128971193979,511468810,2614044217244724,4599611682094841856,4703229103308800000,2947821415,3416164006387103,2147677940,1282599916377410,4599611682094841856,8.0,0.017143458127975464,3.0436574434133945e-6,165.52930982118804,1.85803841994752e15,3.043657675502311e-6,0.017143459025523358,8.0,0.01522889919579029,2.6432999220560305e-6,145.7377619077851,8.54821703778304e14,2.643300088587224e-6,0.015228899065129404
980,13.38680362701416,0.32973966002464294,-4.561197e6,5.22570717724672e14,1.2311642169952393,0.0,0.0,4.86932219953152e14,9.14868903346176e14,9.14868903346176e14,9.14868903346176e14,4.87311150153728e14,4.87311150153728e14,1.566377122988032e15,7.83188561494016e14,7.83188561494016e14,5.22570717724672e14,5.22570717724672e14,1.0,1.0,0.24038644134998322,1.74581629321216e15,0.0002412348985671997,3.066130432e9,0.12019143998622894,1.158768217817088e15,0.00012060999870300293,1.977266176e9,395662630,7027328018346670,2156027757,2542567099504353,4599611681557970944,13930027595815976960,990789078,3416140495262966,2204945162,1282599856254704,4599611681557970944,8.0,0.01689744181931019,1.756273263708863e-6,-161.9308465642057,1.74581629321216e15,1.7562732303603012e-6,0.016897440926552924,8.0,0.015707675367593765,1.7063517816495732e-6,0.0,1.158768217817088e15,1.706351924400676e-6,0.015707675807112204
