step,t_u_l,fx_solver,fy_solver,fz_solver,drag_solver,downforce_solver,pressure_fx_solver,pressure_fy_solver,pressure_fz_solver,viscous_fx_solver,viscous_fy_solver,viscous_fz_solver
8.0,0.09145749360322952,539.7060830403235,26.704416926929667,-302.9822690515707,539.7060830403235,302.9822690515707,327.1066237482412,26.293161910275735,-332.9420213650691,212.59945929208232,0.4112550166539335,29.95975231349836
16.0,0.18910379707813263,433.78973033911774,25.23505283162074,-266.77389674661185,433.78973033911774,266.77389674661185,267.8106727996331,24.533922110138043,-292.16009321071726,165.97905753948464,0.7011307214826994,25.38619646410544
24.0,0.28927454352378845,399.12994467482974,24.32793354266503,-276.6330917877007,399.12994467482974,276.6330917877007,255.87962195583913,23.367752138628312,-299.36299667102696,143.25032271899062,0.960181404036716,22.729904883326256
32.0,0.3917815685272217,366.8446324134118,23.98996626028714,-279.33794225729054,366.8446324134118,279.33794225729054,237.23737987627507,22.817990240254453,-299.8175451153331,129.60725253713673,1.1719760200326865,20.47960285804252
40.0,0.4961501359939575,349.08416520648393,23.614454733703653,-287.470970321819,349.08416520648393,287.470970321819,228.67226828521768,22.280812629849024,-305.90627247737893,120.41189692126622,1.3336421038546273,18.435302155559967
48.0,0.601649284362793,337.6646094334201,23.704433168720225,-294.14568042136125,337.6646094334201,294.14568042136125,223.75431160729434,22.25143655317155,-310.774344260085,113.91029782612577,1.4529966155486749,16.628663838723742
56.0,0.7081571221351624,329.7833462475537,23.48094070938871,-300.32227439510206,329.7833462475537,300.32227439510206,220.62628538496685,21.939671745634477,-315.39600827836176,109.15706086258687,1.5412689637542325,15.073733883259695
64.0,0.8152914643287659,323.7560048689568,23.444831684323695,-304.90050197495884,323.7560048689568,304.90050197495884,218.2039892918622,21.83775562926194,-318.6365521865458,105.55201557709458,1.6070760550617536,13.736050211587003
72.0,0.9229094386100769,317.85474173181984,23.581502242018615,-306.9831108805498,317.85474173181984,306.9831108805498,215.16117471107214,21.92546150470845,-319.58238130215403,102.69356702074771,1.6560407373101642,12.599270421604214
80.0,1.0309923887252808,312.87432582740337,23.43580484818591,-308.4240079842775,312.87432582740337,308.4240079842775,212.5228670995624,21.74283073160192,-320.0544386021144,100.35145872784096,1.6929741165839909,11.630430617836879
88.0,1.1395206451416016,308.8835022724654,23.34095618187461,-309.0481425780717,308.8835022724654,309.0481425780717,210.44459533720345,21.619156773598817,-319.8627797431294,98.43890693526197,1.7217994082757908,10.814637165057729
96.0,1.248461127281189,306.17123165904025,23.33246516881436,-309.57782561120234,306.17123165904025,309.57782561120234,209.2490140475989,21.587349797542736,-319.71898194751435,96.92221761144137,1.7451153712716243,10.141156336312005
104.0,1.3577529191970825,304.0887142457429,23.206603028537927,-309.7250849219693,304.0887142457429,309.7250849219693,208.34483958723644,21.442222655420096,-319.3217964492077,95.74387465850647,1.7643803731178318,9.596711527238373
112.0,1.4673371315002441,301.9541723624872,23.14356092599263,-309.0610925467672,301.9541723624872,309.0610925467672,207.1478259397918,21.36424077597877,-318.22590605066875,94.8063464226954,1.7793201500138593,9.164813503901518
120.0,1.5771070718765259,299.4163699981276,23.091643176209644,-307.4326710989449,299.4163699981276,307.4326710989449,205.40965731924732,21.30013895328153,-316.25891208899986,94.00671267888032,1.7915042229281166,8.826240990054934
128.0,1.687019944190979,296.9377381717276,22.926131464770542,-305.4495945492124,296.9377381717276,305.4495945492124,203.6397851774619,21.12518716045323,-314.0161821789052,93.29795299426566,1.8009443043173106,8.566587629692766
136.0,1.7970471382141113,295.0294495709783,22.77270864258726,-303.5522210729618,295.0294495709783,303.5522210729618,202.33717391047537,20.96481560099884,-311.93025998402635,92.69227566050293,1.8078930415884198,8.378038911064577
144.0,1.9071239233016968,293.8010768006122,22.635639884246807,-301.93232693606933,293.8010768006122,301.93232693606933,201.58802243102656,20.822556653231405,-310.18746097557937,92.21305436958563,1.813083231015403,8.255134039510057
152.0,2.017238140106201,292.900616250684,22.476860030017413,-300.45216922111535,292.900616250684,300.45216922111535,201.04761650763388,20.659945560524406,-308.63941339777267,91.85299974305009,1.8169144694930077,8.187244176657309
160.0,2.1273934841156006,291.8348451894127,22.35329734718385,-298.74363825327197,291.8348451894127,298.74363825327197,200.26934361835328,20.533719067387683,-306.9033465436878,91.56550157105943,1.8195782797961695,8.15970829041582
168.0,2.2375948429107666,290.4587041407676,22.226287377322524,-296.77821045952857,290.4587041407676,296.77821045952857,199.1604960781918,20.40502122671008,-304.93548923464385,91.29820806257578,1.821266150612444,8.157278775115302
176.0,2.3478329181671143,289.10049410613533,22.062900746789524,-294.8848250551422,289.10049410613533,294.8848250551422,198.0680010311225,20.240848445765174,-303.0542098663711,91.03249307501287,1.8220523010243515,8.16938481122892
184.0,2.4580819606781006,288.10645564820777,21.909526272128947,-293.31624805531203,288.10645564820777,293.31624805531203,197.3181891633414,20.087542084785916,-301.5087500470985,90.78826648486634,1.8219841873430305,8.19250199178644
192.0,2.5683367252349854,287.56308740092004,21.77121091422012,-292.16896365959536,287.56308740092004,292.16896365959536,196.96926554919324,19.949899833139494,-300.3948174967701,90.59382185172677,1.8213110810806272,8.225853837174743
200.0,2.678588628768921,287.20451259692015,21.646376200410685,-291.25048895814643,287.20451259692015,291.25048895814643,196.75404357543857,19.826120942036624,-299.51680331122304,90.45046902148155,1.820255258374063,8.266314353076629
208.0,2.7888271808624268,286.6808597056729,21.547158060524907,-290.27278465289686,286.6808597056729,290.27278465289686,196.35065779854446,19.728232112107804,-298.58082448805663,90.33020190712845,1.8189259484171032,8.308039835159764
216.0,2.899049997329712,285.91293057429,21.44880544745872,-289.18810885178465,285.91293057429,289.18810885178465,195.71096691583915,19.631430552041827,-297.5331792017912,90.20196365845082,1.8173748954168945,8.345070350006552
224.0,3.009260416030884,285.1292481896702,21.33982699790872,-288.1777749020129,285.1292481896702,288.1777749020129,195.0698184825829,19.52424884999843,-296.5526861598868,90.05942970708733,1.8155781479102915,8.374911257873869
232.0,3.1194639205932617,284.59812702701805,21.237293154728135,-287.4348905659462,284.59812702701805,287.4348905659462,194.67562018475599,19.423744425562525,-295.83419751312897,89.92250684226207,1.8135487291656105,8.399306947182783
240.0,3.229660987854004,284.3679991906756,21.147932457848402,-286.99005039702206,284.3679991906756,286.99005039702206,194.5543242398004,19.33649233980256,-295.41121535314414,89.81367495087522,1.81144011804584,8.421164956122098
248.0,3.339848279953003,284.23791435921856,21.075741900811103,-286.67548086393094,284.23791435921856,286.67548086393094,194.50297591053277,19.266367222387068,-295.116760837395,89.7349384486858,1.8093746784240352,8.441279973464052
256.0,3.450021505355835,283.9653423412528,21.01907458607093,-286.28871424617404,283.9653423412528,286.28871424617404,194.29819368916975,19.211689104415406,-294.74660384018796,89.66714865208303,1.8073854816555235,8.457889594013896
264.0,3.5601818561553955,283.50720060116,20.962146001307357,-285.7949434887785,283.50720060116,285.7949434887785,193.91738431327423,19.156663073948252,-294.2637099157485,89.58981628788577,1.8054829273591038,8.46876642697002
272.0,3.670332908630371,283.0324423542973,20.8991785436357,-285.321855937886,283.0324423542973,285.321855937886,193.53210956703106,19.09556806508407,-293.79569992078814,89.50033278726626,1.8036104785516311,8.473843982902096
280.0,3.78048038482666,282.73290570656553,20.83782697481767,-285.00952911254575,282.73290570656553,285.00952911254575,193.31879652760853,19.036059658894057,-293.48509778898585,89.414109178957,1.8017673159236134,8.475568676440112
288.0,3.890625238418579,282.6358942651763,20.784141477845026,-284.8723410486459,282.6358942651763,284.8723410486459,193.28853942240278,18.984125253371143,-293.34911213895793,89.34735484277354,1.8000162244738815,8.47677109031201
296.0,4.000765800476074,282.59235316868785,20.741686586128104,-284.78604611136996,282.59235316868785,284.78604611136996,193.29123571477902,18.943244932073487,-293.26447946516987,89.3011174539088,1.798441654054618,8.478433353799925
304.0,4.110899925231934,282.4344636866588,20.706751070922248,-284.6151807798654,282.4344636866588,284.6151807798654,193.17298311761712,18.909659096179972,-293.0946432377415,89.26148056904165,1.7970919747422762,8.479462457876073
312.0,4.2210283279418945,282.13987562803953,20.669708251293866,-284.34351200443126,282.13987562803953,284.34351200443126,192.92567961863352,18.873792426625883,-292.82192013242604,89.21419600940601,1.7959158246679827,8.478408127994804
320.0,4.331153392791748,281.8340973591792,20.62765016168395,-284.068694330622,281.8340973591792,284.068694330622,192.67597550077298,18.832818445546977,-292.5439695511934,89.15812185840625,1.7948317161369731,8.475275220571403
328.0,4.44127893447876,281.6526491819109,20.585202159980987,-283.8936143909926,281.6526491819109,283.8936143909926,192.54804569710953,18.791404137043887,-292.36532258544185,89.10460348480137,1.7937980229371,8.471708194449274
336.0,4.551406383514404,281.61036832140155,20.547924386013083,-283.82791029060166,281.61036832140155,283.82791029060166,192.54541192398307,18.755068007036428,-292.2973849386003,89.06495639741848,1.792856378976655,8.469474647998652
344.0,4.661531925201416,281.59606006782894,20.518400118209428,-283.78100908682967,281.59606006782894,283.78100908682967,192.55674397683237,18.726342715704327,-292.24996508980246,89.03931609099655,1.792057402505101,8.468956002972767
352.0,4.771655082702637,281.49496030388633,20.493236885395675,-283.6648274883886,281.49496030388633,283.6648274883886,192.47753741346403,18.701813506913627,-292.13388672100933,89.0174228904223,1.7914233784820466,8.469059232620713
360.0,4.881775379180908,281.29562809318736,20.466488950694423,-283.47203130717674,281.29562809318736,283.47203130717674,192.3063010483899,18.67558022751338,-291.9405401321759,88.98932704479742,1.790908723181043,8.468508824999159
368.0,4.99189567565918,281.09216355057566,20.436268080455843,-283.2785479942393,281.09216355057566,283.2785479942393,192.13749236751812,18.645808675327203,-291.7456725843497,88.95467118305754,1.7904594051286393,8.467124590110366
376.0,5.102016925811768,280.9795559624613,20.40582990057189,-283.15767434901477,280.9795559624613,283.15767434901477,192.05775021337124,18.615772549709423,-291.62357430922265,88.92180574909003,1.790057350862468,8.465899960207903
384.0,5.21213960647583,280.9634109284657,20.379602607090668,-283.11263493572966,280.9634109284657,283.11263493572966,192.0647930690414,18.589887560094724,-291.578534406659,88.89861785942426,1.7897150469959433,8.46589947092932
392.0,5.322262287139893,280.9625567616371,20.3591128032332,-283.07885218092866,280.9625567616371,283.07885218092866,192.07776811759356,18.569645382103385,-291.5460502618754,88.88478864404348,1.789467421129813,8.467198080946712
400.0,5.432384967803955,280.89625663570894,20.34176999507236,-282.9941184154482,280.89625663570894,282.9941184154482,192.02343770544002,18.55245187115641,-291.46299281518566,88.87281893026895,1.7893181239159492,8.46887439973742
408.0,5.542503356933594,280.7610781990022,20.323493687637033,-282.85756453088385,280.7610781990022,282.85756453088385,191.90525876857143,18.53425684222033,-291.3275165387987,88.8558194304308,1.7892368454167045,8.469952007914852
416.0,5.652620792388916,280.625793268038,20.30296276505497,-282.72414607319826,280.625793268038,282.72414607319826,191.79188426043225,18.5137824275783,-291.19443416778944,88.8339090076058,1.7891803374766733,8.470288094591197
424.0,5.762744903564453,280.5570202632079,20.282710810833986,-282.6454410153191,280.5570202632079,282.6454410153191,191.74376851808086,18.493577995533563,-291.1160267870964,88.81325174512706,1.7891328153004231,8.470585771777365
432.0,5.872867584228516,280.5549659713529,20.265736776428493,-282.6204008457062,280.5549659713529,282.6204008457062,191.75564155195062,18.476630177049262,-291.09197394977355,88.79932441940228,1.7891065993792319,8.471573104067364
440.0,5.982990264892578,280.5605030283517,20.252982510872375,-282.60199737140096,280.5605030283517,282.60199737140096,191.76883811152462,18.46385750936856,-291.07526293142007,88.79166491682707,1.7891250015038165,8.473265560019097
448.0,6.09311056137085,280.51698989437625,20.242482436973535,-282.546237854415,280.51698989437625,282.546237854415,191.73217072567996,18.453291603960984,-291.0212319138925,88.78481916869629,1.789190833012551,8.474994059477542
456.0,6.203224182128906,280.42533389445,20.231222457521365,-282.455220649069,280.42533389445,282.455220649069,191.65130061677206,18.44194162720475,-290.9313098270653,88.77403327767789,1.789280830316616,8.476089177996315
464.0,6.3133416175842285,280.335521961299,20.218401679646345,-282.3685076361531,280.335521961299,282.3685076361531,191.57585131156085,18.42903431068271,-290.84501348479864,88.75967064973813,1.7893673689636351,8.476505848645566
472.0,6.423459529876709,280.29432691589363,20.20579491600436,-282.3221411845949,280.29432691589363,282.3221411845949,191.54806746201496,18.41635273924849,-290.798924097395,88.74625945387868,1.7894421767558697,8.476782912800118
480.0,6.533576965332031,280.29926752590336,20.195547670907604,-282.3130392342973,280.29926752590336,282.3130392342973,191.56163934929293,18.406030447885406,-290.7904922899443,88.7376281766104,1.789517223022198,8.47745305564699
488.0,6.643701076507568,280.307059253463,20.188209422305455,-282.3068723443494,280.307059253463,282.3068723443494,191.57380476528346,18.398598984058427,-290.78539775316744,88.73325448817955,1.789610438247026,8.47852540881803
496.0,6.753818511962891,280.2784681060427,20.182203856697885,-282.27296198943947,280.2784681060427,282.27296198943947,191.54929558501706,18.39247965870504,-290.75249229048353,88.7291725210256,1.7897241979928458,8.479530301044083
504.0,6.863935947418213,280.21604708094634,20.175390094524527,-282.2142795517672,280.21604708094634,282.2142795517672,191.49394279028817,18.38554735725072,-290.6943007833181,88.72210429065817,1.7898427372738084,8.48002123155091
512.0,6.974053859710693,280.15669010697127,20.167375472353438,-282.1597785351997,280.15669010697127,282.1597785351997,191.44417050505592,18.377427259869453,-290.6397903340687,88.71251960191532,1.7899482124839858,8.480011798869043
520.0,7.084171772003174,280.1325580932023,20.159439047466492,-282.13420083358255,280.1325580932023,282.13420083358255,191.42882878360132,18.369403365356426,-290.61411386890944,88.70372930960096,1.7900356821100658,8.479913035326863
528.0,7.194289684295654,280.1404021061087,20.153074920646922,-282.1342600135242,280.1404021061087,282.1342600135242,191.4420240647273,18.36295839251582,-290.614369384715,88.6983780413814,1.7901165281311018,8.48010937119082
536.0,7.304407119750977,280.14822265856736,20.14861700526465,-282.13431687175995,280.14822265856736,282.13431687175995,191.45228619925405,18.35841452801926,-290.6149143522641,88.69593645931333,1.7902024772453897,8.48059748050418
544.0,7.414524555206299,280.1293756120957,20.14492223861263,-282.11384455641837,280.1293756120957,282.11384455641837,191.43584328825665,18.354626732857405,-290.59488797800583,88.69353232383908,1.790295505755224,8.481043421587463
552.0,7.524641513824463,280.08657841398406,20.140580723131556,-282.0753629391117,280.08657841398406,282.0753629391117,191.39765630595758,18.350193805175092,-290.55650724932633,88.68892210802647,1.7903869179564627,8.481144310214612
560.0,7.634759426116943,280.0474554202367,20.13519608299932,-282.04078953198643,280.0474554202367,282.04078953198643,191.3649043902096,18.344732286932363,-290.5217156970297,88.68255103002711,1.790463796066958,8.480926165043257
568.0,7.744876861572266,280.03353883638624,20.129927201864948,-282.0264970592565,280.03353883638624,282.0264970592565,191.35669481233805,18.339403443060796,-290.5071905232895,88.6768440240482,1.7905237588041514,8.480693464033028
576.0,7.854994297027588,280.041857534418,20.12575191065237,-282.02971954707436,280.041857534418,282.02971954707436,191.36825184584092,18.33517473321943,-290.51043375704404,88.67360568857707,1.790577177432942,8.480714209969682
584.0,7.965106964111328,280.048707483355,20.122885410421326,-282.0315751938308,280.048707483355,282.0315751938308,191.3763422880925,18.33225365168553,-290.5125443896055,88.67236519526246,1.7906317587357963,8.480969195774735
592.0,8.075224876403809,280.03568440998515,20.120452262211757,-282.01782427208457,280.03568440998515,282.01782427208457,191.3646682608528,18.329762699016648,-290.49903547216866,88.67101614913237,1.7906895631951079,8.4812112000841
600.0,8.185341835021973,280.00638011365146,20.11740785608344,-281.9917818048382,280.00638011365146,281.9917818048382,191.33835446754108,18.32666400157631,-290.4730079664346,88.66802564611037,1.7907438545071264,8.481226161596405
608.0,8.295459747314453,279.98037736067556,20.1138172447964,-281.9687752588827,279.98037736067556,281.9687752588827,191.3165434405372,18.323032043557944,-290.44982184731265,88.66383392013837,1.7907852012384549,8.481046588429944
616.0,8.405570983886719,279.972623039053,20.110155332321078,-281.9604006789268,279.972623039053,281.9604006789268,191.31246208223877,18.319340685197844,-290.4412861130658,88.66016095681422,1.7908146471232325,8.48088543413901
624.0,8.5156888961792,279.98002305453906,20.10734501085384,-281.96386289920025,279.98002305453906,281.96386289920025,191.32175827452207,18.31650635314828,-290.4447890934574,88.65826478001699,1.7908386577055602,8.480926194257169
632.0,8.625805854797363,279.98534663640226,20.10550130320302,-281.9653692792691,279.98534663640226,281.9653692792691,191.32764104067655,18.314637959004397,-290.4465081976015,88.65770559572573,1.7908633441986241,8.481138918332352
640.0,8.735923767089844,279.9764839507246,20.103930989938277,-281.95584043440897,279.9764839507246,281.95584043440897,191.3194921806636,18.313040559001223,-290.4371836323538,88.65699177006107,1.7908904309370524,8.481343197944836
648.0,8.846035957336426,279.9560393973557,20.101895119557415,-281.9374429526417,279.9560393973557,281.9374429526417,191.30098585517112,18.3109805334161,-290.41882854851326,88.65505354218459,1.790914586141315,8.481385595871588
656.0,8.956153869628906,279.9386397956047,20.09947138827478,-281.92178307109634,279.9386397956047,281.92178307109634,191.2863560014049,18.308541269236514,-290.4030801048375,88.65228379419978,1.790930119038264,8.481297033741155
664.0,9.066271781921387,279.9344341136206,20.09702768888217,-281.9166510086845,279.9344341136206,281.9166510086845,191.2845189312984,18.306090544903938,-290.39788079445873,88.64991518232222,1.7909371439782351,8.481229785774257
672.0,9.17638874053955,279.940568770926,20.095212434759144,-281.91965144437944,279.940568770926,281.91965144437944,191.29175405612577,18.30427054279736,-290.4009567280814,88.64881471480021,1.7909418919617837,8.48130528370195
680.0,9.286499977111816,279.94471094284336,20.094074570246594,-281.9209064924652,279.94471094284336,281.9209064924652,191.29609577988182,18.30312686744025,-290.4024047797313,88.64861516296152,1.7909477028063447,8.481498287266078
688.0,9.39661693572998,279.9384158837523,20.093078477975872,-281.91406053622063,279.9384158837523,281.91406053622063,191.2901762928119,18.302122408747767,-290.3957341970797,88.64823959094042,1.7909560692281072,8.481673660859068
696.0,9.506734848022461,279.92413483993215,20.091799088961793,-281.9010966951914,279.92413483993215,281.9010966951914,191.27716412012813,18.300836230883103,-290.38282425331266,88.64697071980402,1.7909628580786876,8.481727558121264
704.0,9.616852760314941,279.91253902503126,20.090156025925687,-281.89058501145007,279.91253902503126,281.89058501145007,191.26742251428055,18.299191908330112,-290.37227066812284,88.64511651075068,1.7909641175955757,8.481685656672784
712.0,9.72696304321289,279.91048246960474,20.088632742047693,-281.8877263558141,279.91048246960474,281.8877263558141,191.26689591257295,18.29767131716328,-290.3693842968919,88.64358655703178,1.7909614248844097,8.481657941077817
720.0,9.837080955505371,279.91533149134875,20.08749323990948,-281.89018034013867,279.91533149134875,281.89018034013867,191.27238056255032,18.296536515035193,-290.3719123197076,88.64295092879846,1.7909567248742873,8.481731979568915
728.0,9.947197914123535,279.91851191947046,20.086802623037503,-281.89133893400617,279.91851191947046,281.89133893400617,191.27559466634963,18.295848447342387,-290.3732174227205,88.6429172531208,1.7909541756951164,8.481878488714283
736.0,10.057315826416016,279.91389364174677,20.086276589777594,-281.8863497306101,279.91389364174677,281.8863497306101,191.27116676297348,18.295322216485687,-290.3683571059529,88.64272687877332,1.7909543732919078,8.482007375342782
744.0,10.167427062988281,279.9040595020625,20.08538821899561,-281.87751553410516,279.9040595020625,281.87751553410516,191.26219164824778,18.294434560995153,-290.3595573451968,88.64186785381477,1.7909536580004577,8.482041811091644
752.0,10.277544975280762,279.8963428252207,20.08438299709429,-281.8704951537564,279.8963428252207,281.8704951537564,191.2557079659045,18.293432986431608,-290.3525069656842,88.64063485931622,1.7909500106626837,8.482011811927805
760.0,10.387661933898926,279.8953249635968,20.08336384696386,-281.8687904962876,279.8953249635968,281.8687904962876,191.25569590214457,18.292420325384686,-290.35078225540076,88.63962906145224,1.7909435215791731,8.481991759113155
768.0,10.497779846191406,279.8992761470287,20.08261997033414,-281.8712040589481,279.8992761470287,281.8712040589481,191.25999725894326,18.291682582002608,-290.35324708643554,88.63927888808544,1.7909373883315318,8.48204302748747
776.0,10.607890129089355,279.9014892441679,20.08225830825337,-281.8719922730112,279.9014892441679,281.8719922730112,191.26217376611612,18.29132553744047,-290.35413357869436,88.63931547805183,1.7909327708128986,8.482141305683186
784.0,10.71800708770752,279.8983032394341,20.081888188966936,-281.8686349082078,279.8983032394341,281.8686349082078,191.25908163089957,18.290957376394527,-290.3508620947598,88.63922160853453,1.7909308125724106,8.48222718655202
792.0,10.828125,279.89142073969515,20.081345102027477,-281.8624420888479,279.89142073969515,281.8624420888479,191.25277400885668,18.29041623584102,-290.344683608046,88.63864673083846,1.7909288661864577,8.482241519198135
800.0,10.93824291229248,279.886421569244,20.080652794368735,-281.8579917656098,279.886421569244,281.8579917656098,191.2485994184041,18.28972791095107,-290.34020693543994,88.63782215083995,1.7909248834176665,8.482215169830088
808.0,11.048352241516113,279.8861232929321,20.08004769933457,-281.857166482663,279.8861232929321,281.857166482663,191.24894141948488,18.28912733696005,-290.3393647661867,88.63718187344723,1.7909203623745205,8.482198283523674
816.0,11.158470153808594,279.88900692930173,20.079552997982614,-281.85884402765424,279.88900692930173,281.85884402765424,191.25201519521036,18.28863817518974,-290.3410789267124,88.63699173409137,1.7909148227928737,8.482234899058156
824.0,11.268588066101074,279.8904746778561,20.07933707255725,-281.8594341503097,279.8904746778561,281.8594341503097,191.25342319796846,18.288425324456288,-290.3417346086144,88.63705147988765,1.7909117481009647,8.482300458304703
832.0,11.378705024719238,279.8884148769263,20.07912536621529,-281.85718843675596,279.8884148769263,281.85718843675596,191.25140433124255,18.288214705243558,-290.33954613087917,88.6370105456837,1.7909106609717336,8.482357694123236
840.0,11.488816261291504,279.8835089987406,20.078807148486256,-281.85263256871684,279.8835089987406,281.85263256871684,191.2468796784227,18.287897551299576,-290.33500072455934,88.63662932031788,1.7909095971866815,8.48236815584252
848.0,11.598934173583984,279.8802429846945,20.07828504802423,-281.8497718061198,279.8802429846945,281.8497718061198,191.24415681702624,18.28737828556195,-290.3321237952882,88.63608616766828,1.7909067624622805,8.48235198916844
856.0,11.709052085876465,279.88019043747323,20.077924657349314,-281.8491862776174,279.88019043747323,281.8491862776174,191.24451885447053,18.287020733375222,-290.3315302098331,88.6356715830027,1.7909039239740938,8.482343932215691
864.0,11.819169044494629,279.88228911311455,20.07759851469225,-281.8503383083453,279.88228911311455,281.8503383083453,191.24671626036027,18.28669768393948,-290.3327144278802,88.63557285275428,1.790900830752772,8.48237611953496
872.0,11.929280281066895,279.8834435894772,20.07749040567592,-281.8508691089568,279.8834435894772,281.8508691089568,191.24780223900495,18.286591278654022,-290.33329423110393,88.63564135047227,1.7908991270218984,8.482425122147186
880.0,12.039398193359375,279.88186576348335,20.077343501755667,-281.84913637485886,279.88186576348335,281.84913637485886,191.24622824656606,18.286444000884064,-290.3316072994565,88.63563751691728,1.7908995008716024,8.482470924597624
888.0,12.149516105651855,279.8786296422538,20.077112323863854,-281.84603239057554,279.8786296422538,281.84603239057554,191.24323957939026,18.286213506793572,-290.32851575901816,88.63539006286356,1.7908988170702829,8.482483368442606
896.0,12.25963306427002,279.8763560530963,20.076732332706865,-281.84406319063703,279.8763560530963,281.84406319063703,191.24132630455256,18.28583437841938,-290.32654018154426,88.6350297485437,1.790897954287483,8.482476990907228
904.0,12.369742393493652,279.87633836372544,20.076483078028208,-281.843569634662,279.87633836372544,281.843569634662,191.24158077489068,18.285586656596273,-290.3260471478009,88.63475758883476,1.7908964214319338,8.482477513138946
912.0,12.479859352111816,279.8779087121472,20.07629275505036,-281.84440756071535,279.8779087121472,281.84440756071535,191.24320063456435,18.28539853489003,-290.32691283901124,88.63470807758284,1.7908942201603288,8.482505278295916
920.0,12.589977264404297,279.8787127282152,20.076308850246264,-281.84474125923583,279.8787127282152,281.84474125923583,191.2439355794136,18.28541398738536,-290.32728664133606,88.63477714880162,1.7908948628609007,8.48254538210025
928.0,12.700095176696777,279.8777847640134,20.076165424454846,-281.84365335373974,279.8777847640134,281.84365335373974,191.24299488428693,18.285270308777353,-290.3262343835433,88.6347898797265,1.7908951156774933,8.482581029803535
936.0,12.810206413269043,279.87557914652893,20.076020328004585,-281.8413982976503,279.87557914652893,281.8413982976503,191.24094079742113,18.28512486297302,-290.3239964819651,88.63463834910777,1.7908954650315634,8.482598184314764
944.0,12.920323371887207,279.87400895913464,20.075785549443463,-281.8400132740144,279.87400895913464,281.8400132740144,191.23960514640427,18.28488977364858,-290.32261210935326,88.63440381273038,1.7908957757948833,8.482598835338878
952.0,13.030441284179688,279.8737529804128,20.075564219943633,-281.8394218219936,279.8737529804128,281.8394218219936,191.23954168352086,18.28466928666174,-290.32202375670954,88.63421129689195,1.7908949332818942,8.482601934715944
960.0,13.140559196472168,279.8748058566848,20.075466571888587,-281.83986878348264,279.8748058566848,281.83986878348264,191.2406333540437,18.284572491395263,-290.3224931171068,88.63417250264115,1.7908940804933247,8.482624333624102
968.0,13.250667572021484,279.8756061385009,20.07549914319364,-281.8403242583565,279.8756061385009,281.8403242583565,191.2413783470093,18.284604310648938,-290.32298143268827,88.63422779149164,1.7908948325447005,8.48265717433181
976.0,13.360785484313965,279.87527618516873,20.075458545244647,-281.8397106700269,279.87527618516873,281.8397106700269,191.24100802568083,18.284563734601363,-290.32239833769836,88.63426815948789,1.7908948106432847,8.48268766767147
984.0,13.470902442932129,279.87379331436273,20.075275470368176,-281.8381545326863,279.87379331436273,281.8381545326863,191.2395971971012,18.28437994035649,-290.32086058287416,88.63419611726151,1.790895530011686,8.482706050187858
992.0,13.58102035522461,279.8727085983524,20.075129563534425,-281.83713849150786,279.8727085983524,281.83713849150786,191.2386498510716,18.284233690604218,-290.3198512176267,88.63405874728078,1.790895872930209,8.48271272611882
1000.0,13.691131591796875,279.8721547572739,20.07503719471029,-281.8363861545819,279.8721547572739,281.8363861545819,191.2382361488043,18.284141795188205,-290.31910265139527,88.63391860846959,1.7908953995220838,8.482716496813413
1008.0,13.801249504089355,279.87254563802094,20.074964867754183,-281.83638214896314,279.87254563802094,281.83638214896314,191.23868639139766,18.284069716462536,-290.31911226213447,88.6338592466233,1.7908951512916476,8.482730113171327
1016.0,13.91136646270752,279.8731742608442,20.07495876237605,-281.83655118136477,279.8731742608442,281.83655118136477,191.2392965792747,18.28406442387473,-290.3193063265542,88.63387768156952,1.7908943385013183,8.482755145189472
1024.0,14.021484375,279.87331093615694,20.075031031660345,-281.8364462872447,279.87331093615694,281.8364462872447,191.2393939132864,18.284135675711575,-290.3192256014022,88.63391702287058,1.7908953559487708,8.482779314157483
1032.0,14.13159465789795,279.8728754280471,20.074913011996788,-281.83589183641544,279.8728754280471,281.83589183641544,191.2389560180626,18.284018466765684,-290.31869027644353,88.63391940998449,1.7908945452311054,8.482798440028112
1040.0,14.241711616516113,279.87198662581415,20.074835184589357,-281.83479955212783,279.87198662581415,281.83479955212783,191.23810767431536,18.283939637068766,-290.3176162837351,88.63387895149879,1.7908955475205923,8.48281673160727
1048.0,14.351826667785645,279.8715347883624,20.07470297085131,-281.8344694523194,279.8715347883624,281.8344694523194,191.23773505864992,18.2838069591742,-290.3172930943884,88.6337997297125,1.79089601167711,8.482823642068968
1056.0,14.461944580078125,279.87114486823725,20.074633798415338,-281.8338636227719,279.87114486823725,281.8338636227719,191.2374194285502,18.283739980302272,-290.31669207060537,88.63372543968703,1.790893818113065,8.482828447833475
1064.0,14.572059631347656,279.8712167447295,20.074599158088517,-281.8336848527878,279.8712167447295,281.8336848527878,191.2375333090259,18.283704050659413,-290.31652438058893,88.63368343570359,1.7908951074291046,8.482839527801115
1072.0,14.682177543640137,279.8714787176237,20.074572986053028,-281.8335927723695,279.8714787176237,281.8335927723695,191.2377939904748,18.283679267254975,-290.3164499663326,88.63368472714888,1.7908937187980545,8.482857193963065
1080.0,14.7922945022583,279.8716283224945,20.07462025222717,-281.83344273297996,279.8716283224945,281.83344273297996,191.23792284387739,18.283727076905635,-290.3163203836634,88.63370547861709,1.7908931753215365,8.482877650683474
1088.0,14.902412414550781,279.8714571839346,20.0745587995113,-281.83312773355567,279.8714571839346,281.83312773355567,191.23774442855589,18.283665240205654,-290.316021354019,88.6337127553787,1.7908935593056476,8.482893620463319
1096.0,15.012520790100098,279.87133999100774,20.074551323924247,-281.83277573334345,279.87133999100774,281.83277573334345,191.23761725861965,18.283658391616147,-290.31568756091025,88.63372273238812,1.7908929323081004,8.482911827566808
1104.0,15.122638702392578,279.87095182701256,20.074487368428436,-281.8322810744655,279.87095182701256,281.8322810744655,191.23724991969127,18.28359437794976,-290.31520616118223,88.6337019073213,1.7908929904786755,8.482925086716714
1112.0,15.232756614685059,279.8707597367417,20.074426884345904,-281.8319578078349,279.8707597367417,281.8319578078349,191.23708214885494,18.283534191884257,-290.3148943828061,88.63367758788678,1.7908926924616475,8.482936574971164
1120.0,15.342873573303223,279.8705572452175,20.074366435336373,-281.8316129868867,279.8705572452175,281.8316129868867,191.23690781403724,18.283474034871173,-290.31456029088645,88.63364943118029,1.7908924004652018,8.482947303999769
1128.0,15.452991485595703,279.87038982581083,20.0743137361012,-281.8313274417187,279.87038982581083,281.8313274417187,191.23676406149158,18.283422080640463,-290.31428394817294,88.63362576431925,1.7908916554607375,8.48295650645424
1136.0,15.56310749053955,279.8703681745543,20.074268473772786,-281.83112055798165,279.8703681745543,281.83112055798165,191.23676052714532,18.283377533444312,-290.3140866314102,88.63360764740898,1.7908909403284747,8.482966073428535
1144.0,15.673225402832031,279.87036186965076,20.07426139834177,-281.8308703794874,279.87036186965076,281.8308703794874,191.23675726522586,18.283371123678872,-290.3138499228907,88.63360460442487,1.790890274662896,8.482979543403307
1152.0,15.783343315124512,279.8703414314306,20.074288011595893,-281.8306117334728,279.8703414314306,281.8306117334728,191.23672986277307,18.28339815904353,-290.3136072179291,88.63361156865751,1.7908898525523655,8.48299548445627
1160.0,15.893447875976562,279.8701934863767,20.074267451944273,-281.8303048195737,279.8701934863767,281.8303048195737,191.23658149269082,18.283378426866584,-290.3133136417739,88.6336119936859,1.7908890250776883,8.483008822200196
1168.0,16.003564834594727,279.8702146993211,20.074249608030875,-281.8301043619045,279.8702146993211,281.8301043619045,191.23660129636886,18.283360998565616,-290.31312609653696,88.63361340295222,1.7908886094652576,8.483021734632473
1176.0,16.113683700561523,279.87007800136007,20.07424664541486,-281.82983812506404,279.87007800136007,281.82983812506404,191.23646081851723,18.283358757154193,-290.3128736341732,88.63361718284281,1.7908878882606647,8.483035509109115
1184.0,16.223800659179688,279.8699124023471,20.074203685459494,-281.82951090482953,279.8699124023471,281.82951090482953,191.23630270887801,18.283316430945124,-290.312557624566,88.63360969346907,1.7908872545143693,8.483046719736464
1192.0,16.33391761779785,279.869855880485,20.07418536089322,-281.8293236297969,279.869855880485,281.8293236297969,191.23625010701744,18.283298973701122,-290.3123812045844,88.63360577346752,1.7908863871920992,8.483057574787535
1200.0,16.44403648376465,279.8698375502652,20.074160235282758,-281.8291353305751,279.8698375502652,281.8291353305751,191.2362385769619,18.283274350723282,-290.31220355147144,88.6335989733033,1.7908858845594766,8.483068220896339
1208.0,16.554153442382812,279.8697301204762,20.07419068802661,-281.82885688065755,279.8697301204762,281.82885688065755,191.23612767453454,18.283305446981217,-290.3119374937288,88.63360244594165,1.7908852410453964,8.483080613071253
1216.0,16.664270401000977,279.86960458561686,20.07415882127746,-281.82857709747003,279.86960458561686,281.82857709747003,191.23601105526905,18.283274256757245,-290.3116677463868,88.63359353034781,1.7908845645202156,8.483090648916733
1224.0,16.77437400817871,279.86950683188553,20.07414565929964,-281.82835590302324,279.86950683188553,281.82835590302324,191.23591731579,18.283261878547016,-290.3114567868942,88.63358951609554,1.7908837807526243,8.48310088387096
1232.0,16.884490966796875,279.86944881452087,20.074116864578784,-281.82816800944335,279.86944881452087,281.82816800944335,191.23586397058205,18.283233571619604,-290.31127895346003,88.63358484393882,1.7908832929591787,8.483110944016701
1240.0,16.99460792541504,279.86931906387304,20.074078340667576,-281.8278686024219,279.86931906387304,281.8278686024219,191.2357398453809,18.283195870616833,-290.310989376343,88.63357921849214,1.7908824700507422,8.483120773921062
1248.0,17.104726791381836,279.86936402771784,20.074068744004414,-281.8277934257121,279.86936402771784,281.8277934257121,191.23578493451888,18.283186671760326,-290.3109237118266,88.63357909319897,1.790882072244087,8.48313028611447
1256.0,17.21484375,279.86929237487794,20.074072994891104,-281.8275373055024,279.86929237487794,281.8275373055024,191.23571063903185,18.28319135397303,-290.3106788823618,88.6335817358461,1.790881640918073,8.48314157685941
1264.0,17.324960708618164,279.8692102550494,20.074064403066377,-281.8273103342029,279.8692102550494,281.8273103342029,191.23562783794165,18.283183776780263,-290.3104621479226,88.63358241710773,1.790880626286114,8.483151813719726
1272.0,17.43507957458496,279.8691034397934,20.07402977834257,-281.82710626425416,279.8691034397934,281.82710626425416,191.23552417555055,18.283149404031477,-290.31026788220595,88.63357926424283,1.790880374311092,8.48316161795179
1280.0,17.545196533203125,279.86909741015495,20.073982714474084,-281.8269752790498,279.86909741015495,281.8269752790498,191.2355226725307,18.283103426285955,-290.31014530212803,88.63357473762423,1.790879288188128,8.483170023078248
1288.0,17.655302047729492,279.8690115141355,20.073960445085007,-281.8267582163143,279.8690115141355,281.8267582163143,191.23543741559587,18.28308202952546,-290.3099378255891,88.6335740985396,1.7908784155595487,8.48317960927479
1296.0,17.765419006347656,279.86894194731923,20.073917355688852,-281.8265466881024,279.86894194731923,281.8265466881024,191.23536775850434,18.28303963293102,-290.30973575660107,88.6335741888149,1.7908777227578332,8.483189068498685
1304.0,17.87553596496582,279.8689443860157,20.07391186811118,-281.826403927173,279.8689443860157,281.826403927173,191.23536525586752,18.283034810553126,-290.30960321240053,88.63357913014818,1.7908770575580517,8.483199285227531
1312.0,17.985654830932617,279.8687828224472,20.073876630916647,-281.82617851294555,279.8687828224472,281.82617851294555,191.23520612747055,18.28300010126383,-290.30938664687585,88.63357669497663,1.7908765296528175,8.483208133930315
1320.0,18.09577178955078,279.8689586818574,20.07385810920488,-281.826158664806,279.8689586818574,281.826158664806,191.23537918341827,18.28298231578931,-290.30937570625656,88.63357949843912,1.7908757934155686,8.483217041450608
1328.0,18.205888748168945,279.86879886600235,20.07390018967842,-281.82591474004363,279.86879886600235,281.82591474004363,191.2352075190649,18.28302553712205,-290.30914195427374,88.63359134693746,1.7908746525563703,8.483227214230116
1336.0,18.316007614135742,279.86873616862965,20.073853463198525,-281.82569432599246,279.86873616862965,281.82569432599246,191.2351488971958,18.28297913917599,-290.308930188639,88.63358727143384,1.7908743240225364,8.483235862646566
1344.0,18.426124572753906,279.8685762808652,20.07382526127174,-281.825481068206,279.8685762808652,281.825481068206,191.2349910764135,18.282951688133544,-290.30872548963055,88.63358520445175,1.790873573138196,8.483244421424537
1352.0,18.53622817993164,279.8684543831875,20.073723478749944,-281.82526594199044,279.8684543831875,281.82526594199044,191.2348839821998,18.282850903397385,-290.30851539009427,88.63357040098772,1.7908725753525578,8.483249448103814
1360.0,18.646345138549805,279.86879689528183,20.073756295339646,-281.82546857162055,279.86879689528183,281.82546857162055,191.23521478196935,18.282884254561175,-290.3087265291691,88.63358211331249,1.7908720407784706,8.483257957548552
1368.0,18.7564640045166,279.8685789957813,20.07377930861756,-281.8251152324667,279.8685789957813,281.8251152324667,191.23498431204547,18.282907563099986,-290.3083832146231,88.63359468373584,1.7908717455175749,8.483267982156388
1376.0,18.866579055786133,279.8685094923919,20.073751142563182,-281.8249343027868,279.8685094923919,281.8249343027868,191.23491428848416,18.282880140918916,-290.30821174538,88.63359520390776,1.790871001644268,8.48327744259322
1384.0,18.97669792175293,279.86838922754555,20.07371994959161,-281.8247004168355,279.86838922754555,281.8247004168355,191.23479709082304,18.28284956830509,-290.30798552492695,88.63359213672253,1.7908703812865205,8.483285108091426
1392.0,19.086814880371094,279.86848053605166,20.073706573590766,-281.82465144231486,279.86848053605166,281.82465144231486,191.23488427314572,18.28283671353922,-290.3079453337502,88.63359626290594,1.7908698600515462,8.483293891435313
1400.0,19.196931838989258,279.86834940795455,20.073703001415318,-281.8244313403379,279.86834940795455,281.8244313403379,191.234749337471,18.282833893311015,-290.30773407699274,88.63360007048357,1.7908691081043022,8.483302736654846
1408.0,19.307050704956055,279.86826184118206,20.073634476010646,-281.8242523293088,279.86826184118206,281.8242523293088,191.23467010825178,18.282766233088235,-290.3075611662109,88.63359173293031,1.790868242922409,8.48330883690208
1416.0,19.41715431213379,279.86849566313225,20.07368183956975,-281.8243401234848,279.86849566313225,281.8243401234848,191.23488966520824,18.282814192877133,-290.30765775863244,88.633605997924,1.7908676466926172,8.483317635147646
1424.0,19.527273178100586,279.8682260335676,20.073664509776872,-281.8239757177964,279.8682260335676,281.8239757177964,191.2346186202645,18.282797343668953,-290.3073010252596,88.63360741330311,1.790867166107918,8.483325307463236
1432.0,19.63739013671875,279.8681167188132,20.073614240443476,-281.8237795996198,279.8681167188132,281.8237795996198,191.2345147343673,18.282747799249698,-290.3071124807019,88.63360198444589,1.7908664411937787,8.483332881082116
1440.0,19.747507095336914,279.8682698010651,20.073602940657878,-281.82380477618517,279.8682698010651,281.82380477618517,191.23466527282653,18.282736685541373,-290.30714431088035,88.63360452823854,1.7908662551165042,8.483339534695201
1448.0,19.857624053955078,279.8682785760768,20.073654720284335,-281.8236373092821,279.8682785760768,281.8236373092821,191.23465940090256,18.28278952795872,-290.3069865795456,88.63361917517425,1.7908651923256151,8.483349270263485
1456.0,19.967741012573242,279.868179598113,20.073669983077938,-281.823478707688,279.868179598113,281.823478707688,191.23455307087858,18.28280534355104,-290.3068374736763,88.63362652723444,1.790864639526899,8.483358765988278
1464.0,20.07785987854004,279.86797037832014,20.073621245531974,-281.82319798430325,279.86797037832014,281.82319798430325,191.234352679213,18.282757106319274,-290.30656204596124,88.6336176991071,1.7908641392127027,8.483364061658
1472.0,20.187978744506836,279.86791959002204,20.073552621798093,-281.82309956791534,279.86791959002204,281.82309956791534,191.23431186627266,18.282689295538667,-290.3064689832486,88.63360772374939,1.7908633262594282,8.48336941533326
1480.0,20.298080444335938,279.86803412233417,20.073524327299566,-281.8230887174468,279.86803412233417,281.8230887174468,191.23442360041588,18.282661662839644,-290.30646478107064,88.63361052191829,1.7908626644599233,8.483376063623819
1488.0,20.408199310302734,279.8679239188615,20.07351502965453,-281.82288179560834,279.8679239188615,281.82288179560834,191.23430661150638,18.282653120929346,-290.30626573449274,88.6336173073551,1.7908619087251836,8.483383938884415
1496.0,20.5183162689209,279.8678652779141,20.073461546539548,-281.822708918344,279.8678652779141,281.822708918344,191.23425115318804,18.282600113359827,-290.30610008598785,88.63361412472608,1.7908614331797228,8.48339116764387
1504.0,20.628435134887695,279.86800664534917,20.073472171328746,-281.8227386681499,279.86800664534917,281.8227386681499,191.23438236436553,18.282611283223254,-290.30613748226,88.63362428098361,1.7908608881054917,8.483398814110082
1512.0,20.73855209350586,279.8679584794671,20.07348689867735,-281.8225470007719,279.8679584794671,281.8225470007719,191.2343222415911,18.282626985643574,-290.3059549819431,88.63363623787605,1.7908599130337741,8.483407981171158
1520.0,20.848669052124023,279.8678299086344,20.073470203692757,-281.8223689925107,279.8678299086344,281.8223689925107,191.23419058318382,18.28261095599158,-290.30578426691454,88.63363932545059,1.7908592477011789,8.48341527440386
1528.0,20.958786010742188,279.8678220806366,20.07343096102394,-281.8222512246008,279.8678220806366,281.8222512246008,191.23418287100185,18.28257235426193,-290.30567341139505,88.63363920963474,1.7908586067620123,8.483422186794229
1536.0,21.06890296936035,279.8677992331751,20.073422920424203,-281.82212391687193,279.8677992331751,281.82212391687193,191.23415550560534,18.282564930591118,-290.30555351267606,88.63364372756976,1.7908579898330856,8.483429595804118
1544.0,21.179006576538086,279.8677225977542,20.07340686472489,-281.8219667186446,279.8677225977542,281.8219667186446,191.23407804510697,18.2825494795392,-290.3054035378335,88.63364455264727,1.7908573851856922,8.483436819188906
1552.0,21.289125442504883,279.86762617546987,20.07336623179631,-281.8218126925663,279.86762617546987,281.8218126925663,191.2339854036926,18.28250946022665,-290.3052551294022,88.63364077177725,1.7908567715696622,8.483442436835926
1560.0,21.399240493774414,279.86764204689496,20.07332373830067,-281.821743837703,279.86764204689496,281.821743837703,191.23400221502231,18.282468162267264,-290.3051918108812,88.63363983187267,1.7908555760334055,8.483447973178155
1568.0,21.50935935974121,279.86760194470423,20.07330577182817,-281.8216071889065,279.86760194470423,281.8216071889065,191.2339576069922,18.282450939196103,-290.305062486216,88.63364433771204,1.7908548326320686,8.483455297309478
1576.0,21.619476318359375,279.867512685375,20.07325694189985,-281.82145666162666,279.867512685375,281.82145666162666,191.23387047469896,18.282402520028455,-290.30491772997567,88.63364221067602,1.7908544218713933,8.48346106834904
1584.0,21.72959327697754,279.86758761946464,20.07322571407915,-281.82144871222476,279.86758761946464,281.82144871222476,191.23394290527418,18.282372129973982,-290.3049158049682,88.63364471419047,1.7908535841051663,8.483467092743435
1592.0,21.839712142944336,279.86755743302797,20.073214147604755,-281.82131654973864,279.86755743302797,281.82131654973864,191.23390414489683,18.282361241014577,-290.30479082772655,88.63365328813111,1.7908529065901782,8.483474277987895
1600.0,21.9498291015625,279.8676540446513,20.07322599029643,-281.82131554922915,279.8676540446513,281.82131554922915,191.23399128821683,18.282374025093176,-290.3047970233232,88.63366275643449,1.7908519652032542,8.483481474094031
1608.0,22.059934616088867,279.86762515801604,20.07324753137229,-281.82117073490554,279.86762515801604,281.82117073490554,191.23395162064764,18.282395871167783,-290.30465972504305,88.63367353736837,1.790851660204507,8.483488990137538
1616.0,22.17005157470703,279.86752373998297,20.073250475416618,-281.8210009981422,279.86752373998297,281.8210009981422,191.23384516860452,18.282399349561082,-290.3044972820351,88.63367857137845,1.7908511258555349,8.483496283892864
1624.0,22.280168533325195,279.8673494752332,20.073203474956596,-281.8207912833229,279.8673494752332,281.8207912833229,191.23367757677818,18.282352907107676,-290.3042912892548,88.63367189845502,1.7908505678489215,8.48350000593192
1632.0,22.390287399291992,279.8674641930088,20.07316332579501,-281.8208178530367,279.8674641930088,281.8208178530367,191.23379341457536,18.282313695906318,-290.3043229247853,88.63367077843347,1.7908496298886938,8.483505071748592
1640.0,22.500404357910156,279.86742407630527,20.073181213021176,-281.82067236035806,279.86742407630527,281.82067236035806,191.23374704472477,18.282332274121625,-290.30418403599896,88.6336770315805,1.7908489388995497,8.48351167564089
1648.0,22.61052131652832,279.86739750754964,20.07316524941156,-281.8205307126291,279.86739750754964,281.8205307126291,191.23371741059321,18.28231701629628,-290.30404849660044,88.63368009695644,1.7908482331152795,8.483517783971378
1656.0,22.720640182495117,279.86738534429185,20.073178470254103,-281.82046118991514,279.86738534429185,281.82046118991514,191.23370089219947,18.2823307302442,-290.3039853146781,88.63368445209241,1.7908477400099008,8.483524124762951
1664.0,22.83075714111328,279.867344827785,20.07318546972165,-281.82033852473455,279.867344827785,281.82033852473455,191.23365712043173,18.28233829364804,-290.30386886331564,88.63368770735332,1.7908471760736138,8.48353033858108
1672.0,22.94086265563965,279.8672207277786,20.073165706214244,-281.8201428584764,279.8672207277786,281.8201428584764,191.23353486282036,18.2823192114496,-290.3036781317894,88.63368586495824,1.7908464947646445,8.483535273313013
1680.0,23.050979614257812,279.8672219116371,20.07313274370518,-281.82009302564404,279.8672219116371,281.82009302564404,191.23353989904598,18.282287210880575,-290.3036327209949,88.63368201259114,1.790845532824605,8.483539695350906
1688.0,23.161096572875977,279.867235621186,20.073118646453445,-281.820015499789,279.867235621186,281.820015499789,191.23355009133354,18.28227416306292,-290.3035606593374,88.63368552985247,1.7908444833905257,8.48354515954836
1696.0,23.271215438842773,279.8672559683704,20.07311521187099,-281.8199562227212,279.8672559683704,281.8199562227212,191.23356478524443,18.282270972286092,-290.30350794976096,88.63369118312593,1.7908442395848994,8.483551727039766
1704.0,23.381332397460938,279.86723892987874,20.073114817170502,-281.8198692402204,279.86723892987874,281.8198692402204,191.23354206003359,18.2822714352055,-290.3034265038149,88.63369686984514,1.7908433819649998,8.48355726359449
1712.0,23.4914493560791,279.8673579618391,20.07313601137313,-281.8198853829028,279.8673579618391,281.8198853829028,191.23365594526527,18.28229314195719,-290.3034480300622,88.63370201657382,1.7908428694159415,8.48356264715941
1720.0,23.6015682220459,279.86740532562413,20.073201585329112,-281.81978244509475,279.86740532562413,281.81978244509475,191.23368612839997,18.282359062272878,-290.30335194033074,88.63371919722417,1.7908425230562335,8.483569495236019
1728.0,23.711685180664062,279.8672274143808,20.073230044231938,-281.8195703365744,279.8672274143808,281.8195703365744,191.2335038925009,18.282388039560107,-290.3031448216855,88.6337235218799,1.7908420046718296,8.483574485111134
1736.0,23.82179069519043,279.86708005351124,20.073196893771197,-281.81937442961475,279.86708005351124,281.81937442961475,191.23336367505178,18.2823554318417,-290.30295266271037,88.63371637845945,1.790841461929495,8.48357823309561
1744.0,23.931907653808594,279.8670975065322,20.0731733575764,-281.8193271169974,279.8670975065322,281.8193271169974,191.23338454613722,18.282332562257466,-290.30290954545933,88.633712960395,1.7908407953189354,8.483582428461961
1752.0,24.042024612426758,279.8670029344213,20.07315704354427,-281.81921499458923,279.8670029344213,281.81921499458923,191.23329321519068,18.282316716920075,-290.3028016360538,88.63370971923061,1.7908403266241946,8.483586641464566
1760.0,24.152143478393555,279.8670418227924,20.073128929388066,-281.8191424245438,279.8670418227924,281.8191424245438,191.23333491391276,18.282289185423448,-290.30273238804256,88.6337069088796,1.7908397439646189,8.483589963498712
1768.0,24.26226043701172,279.86706641310593,20.073130373408457,-281.8191150571356,279.86706641310593,281.8191150571356,191.2333534719311,18.282291168082054,-290.3027104203855,88.63371294117479,1.790839205326404,8.48359536324988
1776.0,24.372377395629883,279.86698438698363,20.073129107988333,-281.81893379986155,279.86698438698363,281.81893379986155,191.23326839715904,18.282290607365614,-290.30253454081594,88.6337159898246,1.7908385006227192,8.483600740954367
1784.0,24.48249626159668,279.86694310789625,20.073093087303025,-281.8188625507945,279.86694310789625,281.8188625507945,191.23322843698276,18.28225536521286,-290.30246794541625,88.63371467091349,1.7908377220901661,8.48360539462174
1792.0,24.592613220214844,279.8670386372278,20.073071351073352,-281.81885098284727,279.8670386372278,281.81885098284727,191.23331889945214,18.282234145924406,-290.3024611352215,88.63371973777566,1.7908372051489456,8.483610152374222
1800.0,24.70271873474121,279.8670927663361,20.073099022839425,-281.81881539503604,279.8670927663361,281.81881539503604,191.23336152243124,18.282262607088544,-290.30243167172506,88.63373124390489,1.7908364157508823,8.483616276689029
1808.0,24.812835693359375,279.8670470096191,20.07310911288903,-281.81870728033044,279.8670470096191,281.81870728033044,191.23330665114247,18.282272989927357,-290.3023295104459,88.63374035847663,1.7908361229616698,8.483622230115447
1816.0,24.92295265197754,279.8669566310957,20.07309635775343,-281.8185684766134,279.8669566310957,281.8185684766134,191.23321497859902,18.282260717231384,-290.30219557081523,88.6337416524967,1.7908356405220438,8.483627094201811
1824.0,25.033071517944336,279.86686283860956,20.073056102135737,-281.8184470475334,279.86686283860956,281.8184470475334,191.2331254951115,18.282220937232918,-290.3020777897642,88.63373734349804,1.790835164902818,8.483630742230794
1832.0,25.1431884765625,279.86680938757104,20.073000814442114,-281.81834809808987,279.86680938757104,281.81834809808987,191.23307651182705,18.282166640746297,-290.3019820246287,88.63373287574396,1.790834173695817,8.483633926538847
1840.0,25.253305435180664,279.86692149977756,20.072977225943823,-281.8183814733606,279.86692149977756,281.8183814733606,191.2331846817187,18.282143464454393,-290.3020201284686,88.63373681805886,1.7908337614894299,8.48363865510801
1848.0,25.36342430114746,279.86691417711734,20.072991148170473,-281.81828775447184,279.86691417711734,281.81828775447184,191.2331693772028,18.282157867995654,-290.3019319871351,88.63374479991451,1.7908332801748195,8.483644232663295
1856.0,25.473541259765625,279.8668568990005,20.072984300636872,-281.8181864967973,279.8668568990005,281.8181864967973,191.23310761203413,18.282151627086336,-290.30183537580587,88.63374928696632,1.7908326735505362,8.483648879008577
1864.0,25.583646774291992,279.8667485946878,20.07294020684896,-281.81805691024294,279.8667485946878,281.81805691024294,191.23300116565355,18.282108277715743,-290.30170975323097,88.63374742903429,1.7908319291332155,8.483652842988006
1872.0,25.693763732910156,279.86667688995794,20.07287821814287,-281.817953771007,279.86667688995794,281.817953771007,191.23293494164886,18.28204677425037,-290.3016098003547,88.63374194830911,1.7908314438924977,8.483656029347703
1880.0,25.803878784179688,279.8666946489595,20.07280766505638,-281.8179602941012,279.8666946489595,281.8179602941012,191.2329548778309,18.281976991484587,-290.3016194517942,88.63373977112857,1.7908306735717936,8.483659157692951
1888.0,25.91399574279785,279.86681405811134,20.072775420661035,-281.81799750898756,279.86681405811134,281.81799750898756,191.23306771957348,18.281945684393257,-290.3016611645728,88.63374633853788,1.790829736267777,8.48366365558523
1896.0,26.02411460876465,279.86697703121354,20.072815435889446,-281.81804638042314,279.86697703121354,281.81804638042314,191.23321435523565,18.281986282360755,-290.3017157320979,88.63376267597789,1.7908291535286907,8.483669351674713
1904.0,26.134231567382812,279.86697264565294,20.072860762765536,-281.81796341480623,279.86697264565294,281.81796341480623,191.23319450941446,18.282031773984702,-290.30163807008114,88.63377813623849,1.7908289887808362,8.483674655274905
1912.0,26.244348526000977,279.8668540075639,20.072872176339203,-281.8178124972643,279.8668540075639,281.8178124972643,191.23306989748932,18.282043890941612,-290.301491618867,88.63378411007461,1.7908282853975912,8.483679121602655
1920.0,26.354469299316406,279.8667319074465,20.07283771331323,-281.8176363615813,279.8667319074465,281.8176363615813,191.23295020500706,18.282009656446405,-290.30131913267564,88.63378170243939,1.7908280568668244,8.483682771094333
1928.0,26.464569091796875,279.8667750181514,20.072821199236728,-281.81761593660735,279.8667750181514,281.81761593660735,191.23299316260068,18.281993912222017,-290.3013029457393,88.6337818555507,1.7908272870147126,8.483687009131952
1936.0,26.57468605041504,279.8667554939618,20.072836866164508,-281.8175503084081,279.8667554939618,281.8175503084081,191.23296916168692,18.28200993010373,-290.3012419204548,88.63378633227487,1.79082693606078,8.483691612046673
1944.0,26.684804916381836,279.8667199445366,20.072836456414876,-281.8174372611942,279.8667199445366,281.8174372611942,191.2329320914218,18.282010068900135,-290.30113354010757,88.63378785311481,1.7908263875147403,8.483696278913406
1952.0,26.794921875,279.8666353624873,20.0728378117899,-281.8173165482337,279.8666353624873,281.8173165482337,191.23284910701045,18.28201210450852,-290.3010167751231,88.63378625547685,1.7908257072813774,8.483700226889429
1960.0,26.905038833618164,279.86653850539886,20.07278803607182,-281.8172139768889,279.86653850539886,281.8172139768889,191.23275907139373,18.281963092926723,-290.3009164049614,88.63377943400512,1.790824943145095,8.483702428072505
1968.0,27.01515769958496,279.86650246814037,20.072747282214728,-281.81715803540254,279.86650246814037,281.81715803540254,191.2327289107356,18.28192293684496,-290.30086260336924,88.63377355740477,1.790824345369769,8.483704567966692
1976.0,27.125274658203125,279.86657201263046,20.07272029056501,-281.81716397053674,279.86657201263046,281.81716397053674,191.23279876831066,18.281896092691873,-290.30087119345745,88.63377324431978,1.7908241978731372,8.483707222920732
1984.0,27.23539161682129,279.866660409626,20.07272328881089,-281.8171685160915,279.866660409626,281.8171685160915,191.23287916386164,18.2818994984689,-290.3008804274561,88.63378124576431,1.7908237903419906,8.48371191136459
1992.0,27.34549903869629,279.86667425549086,20.07273837485894,-281.81711268488147,279.86667425549086,281.81711268488147,191.23288392989008,18.28191502213531,-290.30082912258734,88.63379032560078,1.7908233527236312,8.483716437705898
2000.0,27.455617904663086,279.8666732669334,20.072739233609592,-281.81704470452047,279.8666732669334,281.81704470452047,191.23287651299222,18.2819163860712,-290.3007663196829,88.63379675394116,1.7908228475383927,8.48372161516246
2008.0,27.56573486328125,279.86675472842484,20.07276012576559,-281.81708602622166,279.86675472842484,281.81708602622166,191.23294829683945,18.281938005686865,-290.30081168489886,88.6338064315854,1.790822120078725,8.483725658677173
2016.0,27.675851821899414,279.86677869453484,20.072803482408883,-281.8170083348048,279.86677869453484,281.8170083348048,191.23296139350546,18.281981944545745,-290.3007383865551,88.63381730102938,1.7908215378631374,8.483730051750305
2024.0,27.78597068786621,279.8667950258443,20.072848606244168,-281.8169579243954,279.8667950258443,281.8169579243954,191.2329673703078,18.282027236978408,-290.3006920398824,88.63382765553649,1.7908213692657595,8.483734115487001
2032.0,27.896087646484375,279.8666549590821,20.072864545585546,-281.81677495404966,279.8666549590821,281.81677495404966,191.2328244693907,18.282043265310154,-290.3005128571648,88.6338304896914,1.7908212802753907,8.483737903115138
2040.0,28.00620460510254,279.8665297683916,20.07285353747367,-281.8166321722066,279.8665297683916,281.8166321722066,191.2327044551091,18.282032801071686,-290.30037272007655,88.63382531328254,1.790820736401983,8.483740547869937
2048.0,28.116323471069336,279.8664319517361,20.072818871584502,-281.81653442747887,279.8664319517361,281.81653442747887,191.23261576624876,18.28199866791858,-290.3002765824922,88.63381618548735,1.7908202036659224,8.483742155013342
2056.0,28.226423263549805,279.8663895506286,20.07277194623097,-281.816493315656,279.8663895506286,281.816493315656,191.23258076910398,18.281952376114724,-290.3002368129616,88.6338087815246,1.7908195701162448,8.4837434973056
2064.0,28.33654022216797,279.86641614577775,20.07274370068427,-281.81646848909037,279.86641614577775,281.81646848909037,191.23261031670762,18.281924788576955,-290.3002140255263,88.63380582907016,1.790818912107314,8.483745536435956
2072.0,28.446657180786133,279.86647412939453,20.072741682606832,-281.8164588332645,279.86647412939453,281.8164588332645,191.23266602520204,18.281922789849364,-290.30020774327164,88.63380810419247,1.7908188927574686,8.483748910007108
2080.0,28.55677604675293,279.8664357713491,20.072727634359175,-281.816378484854,279.8664357713491,281.816378484854,191.23262504621295,18.281909379834474,-290.3001315921214,88.63381072513613,1.7908182545247024,8.483753107267379
2088.0,28.66689109802246,279.86642941810425,20.072695120468033,-281.81630500714925,279.86642941810425,281.81630500714925,191.23261679675431,18.281877863145766,-290.3000617953332,88.63381262134993,1.790817257322269,8.483756788183939
2096.0,28.777008056640625,279.86651123415936,20.07268178708408,-281.81631274104245,279.86651123415936,281.81631274104245,191.23269176560652,18.281865016358253,-290.3000738796637,88.63381946855282,1.790816770725824,8.483761138621265
2104.0,28.88712501525879,279.86660921874955,20.072699115461365,-281.81635445747514,279.86660921874955,281.81635445747514,191.23277808170545,18.281882982008117,-290.3001197796722,88.6338311370441,1.7908161334532489,8.483765322197051
2112.0,28.997243881225586,279.86664902849026,20.072735025537977,-281.81632379102354,279.86664902849026,281.81632379102354,191.23280517112505,18.28191916629302,-290.3000934239477,88.63384385736519,1.790815859244959,8.483769632924202
2120.0,29.10736083984375,279.86661971687533,20.0727533728544,-281.8162526421849,279.86661971687533,281.8162526421849,191.23276728285157,18.281938298494932,-290.30002614032844,88.63385243402374,1.79081507435947,8.483773498143544
2128.0,29.21747589111328,279.8665599062021,20.072758129456012,-281.8161488418186,279.8665599062021,281.8161488418186,191.23270395248687,18.281943114057196,-290.2999257650698,88.63385595371521,1.7908150153988167,8.48377692325126
2136.0,29.327592849731445,279.866560633228,20.072775831471564,-281.8160592189481,279.866560633228,281.8160592189481,191.23270139120228,18.281961011935792,-290.29983973982297,88.6338592420257,1.7908148195357718,8.483780520874834
2144.0,29.437711715698242,279.8663742347005,20.072764689598955,-281.8159364210294,279.8663742347005,281.8159364210294,191.2325175903549,18.281950527263085,-290.2997189128197,88.63385664434561,1.790814162335871,8.48378249179031
2152.0,29.547828674316406,279.8661803914977,20.07264801373895,-281.8157870916014,279.8661803914977,281.8157870916014,191.2323431801167,18.28183445821036,-290.2995676891819,88.63383721138105,1.790813555528592,8.48378059758048
2160.0,29.657949447631836,279.8663736258666,20.072597817469447,-281.8159610982819,279.8663736258666,281.8159610982819,191.23253846489004,18.28178475730373,-290.2997433586762,88.6338351609765,1.7908130601657168,8.483782260394317
2168.0,29.76806640625,279.8663563697923,20.072595030131158,-281.8158506583404,279.8663563697923,281.8158506583404,191.23251618822118,18.281782751258397,-290.2996364186637,88.63384018157112,1.7908122788727603,8.483785760323258
2176.0,29.878183364868164,279.86633286981066,20.07256571529699,-281.8157797029759,279.86633286981066,281.8157797029759,191.23248897061788,18.281753560638602,-290.2995703943438,88.63384389919278,1.7908121546583864,8.483790691367913
2184.0,29.9882755279541,279.8663220875631,20.072530890860182,-281.8157514933146,279.8663220875631,281.8157514933146,191.23247617709154,18.281719527346645,-290.29954539054916,88.63384591047155,1.7908113635135363,8.483793897234527
2192.0,30.0983943939209,279.8663196779765,20.072483157884786,-281.8157245005242,279.8663196779765,281.8157245005242,191.23247076530214,18.281671982385323,-290.2995218936258,88.63384891267435,1.7908111754994636,8.483797393101614
2200.0,30.208511352539062,279.86628625731134,20.072434048253744,-281.8156622242928,279.86628625731134,281.8156622242928,191.23243470869718,18.281623413378004,-290.2994627919976,88.63385154861413,1.7908106348757409,8.483800567704794
2208.0,30.318628311157227,279.8662841820826,20.072372015527797,-281.8156672101366,279.8662841820826,281.8156672101366,191.23243047622213,18.28156203266905,-290.29947111727967,88.63385370586047,1.790809982858745,8.483803907143063
2216.0,30.428747177124023,279.86631989293676,20.072318993414026,-281.8156437791722,279.86631989293676,281.8156437791722,191.23246326329283,18.281509633501884,-290.2994512620052,88.63385662964393,1.7908093599121413,8.483807482833019
2224.0,30.538864135742188,279.8664525874436,20.072319211578993,-281.81573310842566,279.8664525874436,281.81573310842566,191.2325850358765,18.281510236260544,-290.29954406621545,88.63386755156706,1.7908089753184475,8.483810957789766
2232.0,30.64898109436035,279.86649745016905,20.072333326524415,-281.81572889900195,279.86649745016905,281.81572889900195,191.2326171290739,18.28152491282105,-290.29954343401346,88.63388032109512,1.7908084137033624,8.483814535011517
2240.0,30.75909996032715,279.8664013026715,20.072342551948132,-281.8155866792015,279.8664013026715,281.8155866792015,191.23251419007283,18.281534217993187,-290.2994042320232,88.63388711259864,1.7908083339549474,8.483817552821733
2248.0,30.869216918945312,279.8663448027847,20.0723229887964,-281.8155293864352,279.8663448027847,281.8155293864352,191.23245704771904,18.28151516944859,-290.29934976430235,88.63388775506563,1.7908078193478119,8.483820377867183
2256.0,30.979333877563477,279.86630125851366,20.072303130176067,-281.8154164121359,279.86630125851366,281.8154164121359,191.2324132851224,18.28149594474987,-290.29923975170334,88.63388797339124,1.7908071854261962,8.483823339567431
2264.0,31.089452743530273,279.8663180343397,20.072295973249066,-281.8154132643446,279.8663180343397,281.8154132643446,191.23242858231959,18.281488816495255,-290.2992395446851,88.63388945202013,1.79080715675381,8.4838262803405
2272.0,31.199569702148438,279.86626581602945,20.072284392052573,-281.8153182228467,279.86626581602945,281.8153182228467,191.23237615414894,18.281477476725698,-290.2991476895868,88.63388966188052,1.7908069153268773,8.48382946674009
2280.0,31.3096866607666,279.86619917412236,20.07227444765594,-281.8152696706933,279.86619917412236,281.8152696706933,191.23231227711108,18.281468051772904,-290.29910092334296,88.63388689701127,1.7908063958830338,8.483831252649669
2288.0,31.4198055267334,279.86615848901283,20.072240491293915,-281.8152204563404,279.86615848901283,281.8152204563404,191.23227585096646,18.281434540758458,-290.2990534973957,88.63388263804634,1.7908059505354572,8.483833041055277
2296.0,31.529922485351562,279.86611636309345,20.072212672225398,-281.8151662527325,279.86611636309345,281.8151662527325,191.2322374332237,18.281407076286076,-290.299000633667,88.63387892986975,1.7908055959393225,8.483834380934496
2304.0,31.640039443969727,279.8661321468226,20.072170209087798,-281.8151675859041,279.8661321468226,281.8151675859041,191.2322553941762,18.281365113081996,-290.29900358737905,88.63387675264642,1.7908050960058004,8.483836001474998
2312.0,31.750131607055664,279.8661186663173,20.072146262517805,-281.8151299227849,279.8661186663173,281.8151299227849,191.2322421298532,18.281341795666755,-290.29896786370796,88.63387653646407,1.790804466851049,8.483837940923102
2320.0,31.86025047302246,279.8660984453782,20.07211232691604,-281.8150679656256,279.8660984453782,281.8150679656256,191.23222159926203,18.281308206511653,-290.2989084589932,88.63387684611618,1.7908041204043865,8.483840493367609
2328.0,31.970367431640625,279.86608245619436,20.07208108157867,-281.81502762277523,279.86608245619436,281.81502762277523,191.23220468997,18.281277471964,-290.29887054546555,88.6338777662244,1.7908036096146702,8.48384292269034
2336.0,32.08048629760742,279.8660696289907,20.07203411674745,-281.81500842125047,279.8660696289907,281.81500842125047,191.2321915541463,18.28123140467551,-290.29885385023283,88.6338780748444,1.7908027120719412,8.483845428982342
2344.0,32.19060134887695,279.86603644958836,20.071990687895195,-281.8149540097583,279.86603644958836,281.8149540097583,191.23215788375163,18.281188381810388,-290.29880202139907,88.63387856583671,1.7908023060848057,8.483848011640779
2352.0,32.30072021484375,279.8660242103252,20.071928484619654,-281.8149510439494,279.8660242103252,281.8149510439494,191.23214600936473,18.28112656807364,-290.29880066542705,88.63387820096047,1.790801916546017,8.48384962147767
2360.0,32.41083908081055,279.8660785647593,20.07188734143897,-281.8149326911249,279.8660785647593,281.8149326911249,191.23219720655734,18.2810861156807,-290.29878509107766,88.6338813582019,1.7908012257582682,8.483852399952749
2368.0,32.52095413208008,279.86611152062073,20.07186839718238,-281.81497479104405,279.86611152062073,281.81497479104405,191.23222332524722,18.28106741588597,-290.29883025872925,88.63388819537353,1.7908009812964094,8.483855467685176
2376.0,32.631072998046875,279.86609697973586,20.0718475975379,-281.81492222138536,279.86609697973586,281.81492222138536,191.23220376785676,18.281046700999052,-290.29878058428864,88.6338932118791,1.7908008965388467,8.483858362903273
2384.0,32.74119186401367,279.86604420324073,20.071811587564113,-281.8148749339435,279.86604420324073,281.8148749339435,191.23214912402096,18.281011696304606,-290.29873581104476,88.63389507921976,1.7907998912595051,8.483860877101277
2392.0,32.8513069152832,279.8660056500753,20.071769503187085,-281.8148232264377,279.8660056500753,281.8148232264377,191.23211032517847,18.280969670188437,-290.2986861623334,88.63389532489686,1.7907998329986476,8.483862935895718
2400.0,32.96142578125,279.8659671377673,20.07171576274172,-281.81476858390187,279.8659671377673,281.81476858390187,191.23207273740724,18.280916220792214,-290.29863389592487,88.63389440036008,1.7907995419495073,8.483865312022981
2408.0,33.0715446472168,279.8659463472428,20.07166672066837,-281.8147548801685,279.8659463472428,281.8147548801685,191.23205246173234,18.28086798143417,-290.2986222906698,88.6338938855105,1.7907987392342015,8.483867410501343
2416.0,33.18165969848633,279.8659319483479,20.071619247369526,-281.8147546173248,279.8659319483479,281.8147546173248,191.23203854739555,18.28082049884815,-290.29862340489626,88.63389340095236,1.7907987485213734,8.483868787571467
2424.0,33.291778564453125,279.86589899692694,20.071560350448433,-281.8146798237746,279.86589899692694,281.8146798237746,191.232006591562,18.280762304285247,-290.2985505359337,88.63389240536495,1.790798046163185,8.483870712159101
2432.0,33.40189743041992,279.8658755106786,20.071502758346348,-281.81468089606466,279.8658755106786,281.81468089606466,191.23198371626324,18.280705133433635,-290.29855332905754,88.63389179441535,1.7907976249127113,8.483872432992865
2440.0,33.511985778808594,279.8658835409603,20.071446449398657,-281.8146479898268,279.8658835409603,281.8146479898268,191.2319911285762,18.28064929295956,-290.2985226055612,88.63389241238409,1.7907971564390994,8.483874615734369
2448.0,33.62210464477539,279.8660204813176,20.071436923093177,-281.81474343081413,279.8660204813176,281.81474343081413,191.23212071764408,18.28063981824314,-290.29862035106095,88.6338997636735,1.7907971048500366,8.483876920246788
2456.0,33.73221969604492,279.8660726461946,20.071445061077938,-281.8147509121157,279.8660726461946,281.8147509121157,191.23216133458033,18.280648674290717,-290.29863109273737,88.63391131161426,1.7907963867872194,8.483880180621671
2464.0,33.84233474731445,279.8660523195746,20.07145538914101,-281.81472356056906,279.8660523195746,281.81472356056906,191.23213302118103,18.280659202605836,-290.29860662032513,88.63391929839352,1.790796186535176,8.483883059756064
2472.0,33.95245361328125,279.865971270068,20.07143938970254,-281.8146269143686,279.865971270068,281.8146269143686,191.2320501637117,18.28064396504712,-290.2985118168962,88.63392110635625,1.7907954246554212,8.483884902527636
2480.0,34.06257247924805,279.8659403314391,20.071410313436925,-281.8146016169002,279.8659403314391,281.8146016169002,191.23202007272386,18.280615191805428,-290.2984883406533,88.63392025871526,1.790795121631497,8.483886723753116
2488.0,34.17268753051758,279.86593427360054,20.07139186794329,-281.81454877510185,279.86593427360054,281.81454877510185,191.2320135812759,18.280597176883944,-290.2984378968561,88.63392069232462,1.7907946910593475,8.483889121754281
2496.0,34.282806396484375,279.8659265619284,20.071381298142725,-281.81451897852634,279.8659265619284,281.81451897852634,191.23200464187806,18.280586670783062,-290.2984097094867,88.63392192005031,1.7907946273596647,8.483890730960367
2504.0,34.39292526245117,279.86586662618487,20.071368263889774,-281.8144567553063,279.86586662618487,281.8144567553063,191.2319446661034,18.280574139974174,-290.2983494751977,88.63392196008145,1.7907941239156013,8.483892719891399
2512.0,34.5030403137207,279.86583311489306,20.071330911285635,-281.814417093491,279.86583311489306,281.814417093491,191.23191497821546,18.280537193314416,-290.2983105178145,88.63391813667761,1.7907937179712174,8.483893424323504
2520.0,34.6131591796875,279.8658671149479,20.071326370839483,-281.8144323101246,279.8658671149479,281.8144323101246,191.23194834146997,18.280533165470555,-290.2983274161678,88.63391877347792,1.790793205368927,8.483895106043217
2528.0,34.7232780456543,279.86588081496603,20.07131805402841,-281.8144355486284,279.86588081496603,281.8144355486284,191.23196011078107,18.28052542568191,-290.2983324654221,88.63392070418496,1.7907926283465025,8.483896916793702
2536.0,34.83339309692383,279.8658541960714,20.071308945597963,-281.81437242875387,279.8658541960714,281.81437242875387,191.2319324881488,18.280516670108305,-290.2982719046117,88.63392170792255,1.7907922754896557,8.483899475857807
2544.0,34.943511962890625,279.8658257796012,20.071304370722526,-281.8143276721316,279.8658257796012,281.8143276721316,191.2319042688552,18.280512263155643,-290.29822888156104,88.633921510746,1.7907921075668822,8.483901209429472
2552.0,35.05363082885742,279.865801757855,20.071279230345162,-281.8142750321763,279.865801757855,281.8142750321763,191.23188001473486,18.280487489375936,-290.298177605612,88.6339217431202,1.790791740969226,8.483902573435735
2560.0,35.16374588012695,279.86579627939057,20.07126195613885,-281.8142657746628,279.86579627939057,281.8142657746628,191.23187498898747,18.280470281460495,-290.2981697921923,88.63392129040307,1.7907916746783572,8.483904017529511
2568.0,35.27383804321289,279.86578149282633,20.071244594914898,-281.81424403109366,279.86578149282633,281.81424403109366,191.23186042163897,18.280453390857325,-290.29814959654817,88.63392107118736,1.7907912040575722,8.48390556545451
2576.0,35.38395690917969,279.8657551410539,20.071225283987697,-281.81418935139567,279.8657551410539,281.81418935139567,191.2318343472439,18.28043479788972,-290.29809652095093,88.63392079380998,1.79079048609798,8.483907169555241
2584.0,35.494075775146484,279.8657523057444,20.071199029224992,-281.81417515088935,279.8657523057444,281.81417515088935,191.23183120645328,18.2804088108387,-290.29808370906443,88.63392109929111,1.7907902183862925,8.48390855817506
2592.0,35.604190826416016,279.8657246017088,20.071174327945222,-281.8141110055643,279.8657246017088,281.8141110055643,191.23180340113174,18.28038421537972,-290.29802162727,88.63392120057705,1.790790112565504,8.483910621705663
2600.0,35.71430969238281,279.8657182253321,20.07115536397012,-281.8140830044366,279.8657182253321,281.8140830044366,191.23179641470244,18.280365698748078,-290.29799494047637,88.63392181062969,1.790789665222042,8.483911936039764
2608.0,35.82442855834961,279.86567841943815,20.071131034433456,-281.81409035299384,279.86567841943815,281.81409035299384,191.23175668056865,18.280341512971162,-290.29800373062045,88.63392173886952,1.790789521462294,8.483913377626596
2616.0,35.93454360961914,279.8657058253773,20.071080811576618,-281.8140834099217,279.8657058253773,281.8140834099217,191.23178604257322,18.280291711282146,-290.2979972788752,88.6339197828041,1.7907891002944725,8.483913868953488
2624.0,36.04466247558594,279.8658184564329,20.071079838051208,-281.81416137693276,279.8658184564329,281.81416137693276,191.23189252463192,18.28029091981705,-290.29807708951364,88.633925931801,1.7907889182341608,8.483915712580899
2632.0,36.154781341552734,279.8658371595276,20.07110320477842,-281.81413467010634,279.8658371595276,281.81413467010634,191.23190310478753,18.28031436960302,-290.2980528503091,88.63393405474005,1.7907888351754018,8.483918180202728
2640.0,36.264896392822266,279.865810214777,20.07111555439594,-281.8140613864709,279.865810214777,281.8140613864709,191.2318714175645,18.28032727395281,-290.29798238340766,88.63393879721254,1.790788280443131,8.483920996936785
2648.0,36.37501525878906,279.86578786803807,20.071099357535225,-281.8140461175903,279.86578786803807,281.8140461175903,191.2318466352994,18.280311647350324,-290.2979687620926,88.63394123273866,1.790787710184901,8.483922644502268
2656.0,36.48513412475586,279.8657476630424,20.071098932922432,-281.8139611226002,279.8657476630424,281.8139611226002,191.23180527493173,18.28031141574163,-290.29788560288875,88.63394238811068,1.7907875171808012,8.483924480288564
2664.0,36.59524917602539,279.86574067844913,20.071085769934868,-281.81394927543954,279.86574067844913,281.81394927543954,191.23179726847627,18.280298266685637,-290.2978748625388,88.63394340997286,1.7907875032492298,8.483925587099222
2672.0,36.70536804199219,279.86571944928073,20.071085897379398,-281.81390812538893,279.86571944928073,281.81390812538893,191.23177624203018,18.280298691222715,-290.2978358674713,88.63394320725055,1.7907872061566836,8.483927742082372
2680.0,36.815486907958984,279.86569352382537,20.07106349895089,-281.8138797934099,279.86569352382537,281.8138797934099,191.23175047373445,18.280276577932803,-290.2978089510625,88.63394305009089,1.7907869210180847,8.483929157652621
2688.0,36.925601959228516,279.86567557874474,20.071048970815013,-281.8138423734034,279.86567557874474,281.8138423734034,191.23173278427595,18.280262429167607,-290.29777292848865,88.6339427944688,1.790786541647405,8.483930555085216
2696.0,37.03569412231445,279.86567104510834,20.071051489168003,-281.81385314711025,279.86567104510834,281.81385314711025,191.23172865145668,18.28026496410178,-290.2977851169012,88.63394239365167,1.790786525066225,8.483931969790936
2704.0,37.14581298828125,279.8656590412719,20.071040722981248,-281.8137848618573,279.8656590412719,281.8137848618573,191.23171754431968,18.280254267340037,-290.2977182067866,88.63394149695222,1.7907864556412108,8.48393334492933
2712.0,37.25593185424805,279.8657427804462,20.071057325533793,-281.81384267128993,279.8657427804462,281.81384267128993,191.23179810851045,18.28027131126552,-290.29777723113796,88.63394467193578,1.790786014268276,8.483934559848038
2720.0,37.36604690551758,279.86579876941585,20.07108985336431,-281.8138404619664,279.86579876941585,281.8138404619664,191.23184788178042,18.280303962287828,-290.29777754600843,88.63395088763545,1.7907858910764816,8.48393708404204
2728.0,37.476165771484375,279.8657855444288,20.071122358771902,-281.8137847690669,279.8657855444288,281.8137847690669,191.23182946733664,18.28033657234367,-290.2977237699389,88.63395607709212,1.7907857864282306,8.483939000871981
2736.0,37.58628463745117,279.86574842599765,20.071134036992554,-281.81374082298385,279.86574842599765,281.81374082298385,191.23178976299954,18.28034850757796,-290.29768133776446,88.63395866299813,1.7907855294145971,8.48394051478064
2744.0,37.6963996887207,279.86573641398513,20.071150882679916,-281.81371150778637,279.86573641398513,281.81371150778637,191.23177770772222,18.28036575450641,-290.2976532189552,88.63395870626294,1.7907851281735079,8.48394171116882
2752.0,37.8065185546875,279.8656594199569,20.071160175592382,-281.81364407005157,279.8656594199569,281.81364407005157,191.23170203067053,18.28037510545167,-290.297586619948,88.63395738928635,1.7907850701407115,8.483942549896446
2760.0,37.9166374206543,279.8655645284109,20.07112141273049,-281.81357433048015,279.8655645284109,281.81357433048015,191.23161553420746,18.280336486106563,-290.29751571892973,88.63394899420345,1.790784926623929,8.483941388449605
2768.0,38.02675247192383,279.8656836182742,20.07111872515105,-281.8136513397387,279.8656836182742,281.8136513397387,191.23173437602395,18.280334282680105,-290.2975942547001,88.63394924225024,1.7907844424709438,8.48394291496135
2776.0,38.136871337890625,279.8657496789588,20.07113458931625,-281.81367948826863,279.8657496789588,281.81367948826863,191.2317955089017,18.280350572443197,-290.2976233658364,88.6339541700571,1.7907840168730544,8.483943877567764
2784.0,38.24699020385742,279.86574013198276,20.07116380406617,-281.81357240834836,279.86574013198276,281.81357240834836,191.2317806550865,18.280380179775406,-290.2975188698613,88.63395947689625,1.790783624290765,8.483946461512929
2792.0,38.35710525512695,279.8657460461343,20.071192399893793,-281.813588260167,279.8657460461343,281.813588260167,191.23178291628577,18.280409214205072,-290.2975364756569,88.63396312984855,1.7907831856887197,8.48394821548985
2800.0,38.46722412109375,279.8657285221678,20.071219039338107,-281.81351233931736,279.8657285221678,281.81351233931736,191.23176348637725,18.280435834419922,-290.2974620880062,88.63396503579052,1.7907832049181849,8.483949748688874
2808.0,38.57734298706055,279.86571875309363,20.07123481909496,-281.81349383054277,279.86571875309363,281.81349383054277,191.23175139462975,18.280452003824465,-290.2974453675736,88.63396735846388,1.7907828152704965,8.483951537030826
2816.0,38.68745803833008,279.86570875465134,20.07125819225595,-281.8134418579112,279.86570875465134,281.8134418579112,191.23174038600217,18.28047576423521,-290.29739478045025,88.63396836864914,1.7907824280207407,8.483952922539071
2824.0,38.797550201416016,279.86564427297117,20.071270273848807,-281.8133936929156,279.86564427297117,281.8133936929156,191.23167602304812,18.28048786426948,-290.2973473760019,88.63396824992307,1.790782409579326,8.483953683086254
2832.0,38.90766906738281,279.86550409447057,20.071219251462306,-281.8133617088471,279.86550409447057,281.8133617088471,191.23154647989716,18.28043692551475,-290.29731336035013,88.6339576145734,1.790782325947557,8.483951651503057
2840.0,39.01778793334961,279.86547858954145,20.071151303351215,-281.81334245616,279.86547858954145,281.81334245616,191.23152970671174,18.280369399950196,-290.29729316243623,88.63394888282974,1.7907819034010197,8.483950706276218
2848.0,39.12790298461914,279.86566626614706,20.071122898453424,-281.8134793622795,279.86566626614706,281.8134793622795,191.23171506466392,18.2803412527988,-290.29743039566165,88.63395120148314,1.7907816456546266,8.483951033382127
2856.0,39.23802185058594,279.8657988569973,20.071163591243035,-281.8135178604634,279.8657988569973,281.8135178604634,191.2318352583018,18.280382516667732,-290.2974715562799,88.63396359869549,1.7907810745753032,8.483953695816506
2864.0,39.348140716552734,279.865818847682,20.071211125829024,-281.8134820128362,279.865818847682,281.8134820128362,191.23184363517737,18.280430302554144,-290.2974387538077,88.63397521250464,1.7907808232748783,8.4839567409715
2872.0,39.458255767822266,279.8658252209004,20.0712518367612,-281.8134327677652,279.8658252209004,281.8134327677652,191.23184213778848,18.28047112501143,-290.29739177893237,88.6339830831119,1.7907807117497665,8.483959011167121
2880.0,39.5683708190918,279.86583296264314,20.07127110574979,-281.81343848248036,279.86583296264314,281.81343848248036,191.23184489331052,18.28049014831387,-290.29739873467884,88.6339880693326,1.7907809574359206,8.483960252198456
2888.0,39.678489685058594,279.86582055405364,20.071290661913928,-281.81342105772615,279.86582055405364,281.81342105772615,191.23182846334439,18.280510136738798,-290.2973829165513,88.63399209070927,1.7907805251751316,8.4839618588252
2896.0,39.78860855102539,279.8657988501491,20.071311663117324,-281.8133606772424,279.8657988501491,281.8133606772424,191.23180492579962,18.280530955964316,-290.29732435716653,88.63399392434945,1.790780707153008,8.483963679924171
2904.0,39.89872360229492,279.865791687322,20.071325055592865,-281.813331152025,279.865791687322,281.813331152025,191.23179682931857,18.280544882837766,-290.29729580411424,88.6339948580034,1.790780172755099,8.483964652089238
2912.0,40.00884246826172,279.8656413150346,20.071323309209646,-281.81321732338847,279.8656413150346,281.81321732338847,191.23164950228994,18.280543540064436,-290.2971823498664,88.63399181274465,1.790779769145212,8.483965026477915
2920.0,40.118961334228516,279.8655457703202,20.07128750274228,-281.81316607602736,279.8655457703202,281.81316607602736,191.23156380133673,18.28050798511555,-290.29712990250573,88.63398196898342,1.7907795176267314,8.483963826478394
2928.0,40.22908020019531,279.86554906776405,20.071236348067067,-281.81317966883194,279.86554906776405,281.81317966883194,191.23157273190392,18.280457244122516,-290.29714295745384,88.63397633586013,1.7907791039445495,8.483963288621908
2936.0,40.33919906616211,279.86557098780406,20.071225719017658,-281.8131780415974,279.86557098780406,281.8131780415974,191.2315962862147,18.2804467539366,-290.29714213924444,88.63397470158932,1.7907789650810564,8.483964097647055
2944.0,40.44931411743164,279.86558216384003,20.071212600442564,-281.81318112918984,279.86558216384003,281.81318112918984,191.23160754284882,18.280434147800598,-290.29714669307094,88.63397462099124,1.790778452641967,8.48396556388112
2952.0,40.55940246582031,279.8655944428941,20.071205963377892,-281.8131584240885,279.8655944428941,281.8131584240885,191.2316189701621,18.280427450206513,-290.2971253590257,88.633975472732,1.7907785131713796,8.483966934937182
2960.0,40.66952133178711,279.8656115506079,20.07120057265156,-281.8131314673237,279.8656115506079,281.8131314673237,191.23163460372325,18.280422514808077,-290.2971000732419,88.6339769468847,1.7907780578434815,8.483968605918207
2968.0,40.77963638305664,279.8656301797939,20.071187915454807,-281.81313894730556,279.8656301797939,281.81313894730556,191.23165095571375,18.280409742152194,-290.297109148001,88.63397922408018,1.7907781733026118,8.483970200695445
2976.0,40.88975524902344,279.8656353377037,20.071174415251612,-281.8131098779043,279.8656353377037,281.8131098779043,191.23165303206974,18.28039647947198,-290.2970816243034,88.63398230563395,1.790777935779631,8.48397174639912
2984.0,40.999874114990234,279.86564830154913,20.071161590681687,-281.8131030354331,279.86564830154913,281.8131030354331,191.23166352206727,18.280383983088612,-290.29707646572024,88.63398477948188,1.7907776075930757,8.483973430287156
2992.0,41.109989166259766,279.86564690775526,20.071153019396313,-281.8130947654246,279.86564690775526,281.8130947654246,191.23165951003483,18.280375348278813,-290.2970697402567,88.6339873977204,1.7907776711174987,8.483974974832098
3000.0,41.22010803222656,279.8656409860194,20.07114981896206,-281.81306815257915,279.8656409860194,281.81306815257915,191.23165108649616,18.280372488489792,-290.297044510318,88.63398989952324,1.7907773304722676,8.483976357738849
3008.0,41.33022689819336,279.86563973944595,20.07113945905256,-281.8130752912407,279.86563973944595,281.8130752912407,191.2316476407676,18.280362775356025,-290.29705296839745,88.63399209867838,1.7907766836965369,8.483977677156744
3016.0,41.44034194946289,279.86563188994944,20.071133225722885,-281.8130464309225,279.86563188994944,281.8130464309225,191.23163854534585,18.28035659586564,-290.29702544036445,88.6339933446036,1.7907766298572438,8.483979009441956
3024.0,41.55046081542969,279.86562323068404,20.07112452924724,-281.8130119068569,279.86562323068404,281.8130119068569,191.23162912524836,18.28034835447702,-290.2969920006744,88.63399410543568,1.7907761747702198,8.483980093817479
3032.0,41.660579681396484,279.8656165435283,20.071105809258427,-281.8130148048644,279.8656165435283,281.8130148048644,191.23162171184498,18.280329831252487,-290.29699620540754,88.63399483168332,1.7907759780059411,8.483981400543147
3040.0,41.770694732666016,279.8656146318296,20.071095540838122,-281.8129981170332,279.8656146318296,281.8129981170332,191.2316191039691,18.280319726950133,-290.2969802792063,88.63399552786049,1.7907758138879917,8.483982162173128
3048.0,41.88081359863281,279.86557204057254,20.071094734106623,-281.812948055185,279.86557204057254,281.812948055185,191.2315763717607,18.28031910310247,-290.29693176071083,88.63399566881183,1.7907756310041512,8.483983705525812
3056.0,41.99093246459961,279.86558294104196,20.071076491675026,-281.8129545503046,279.86558294104196,281.8129545503046,191.2315872704563,18.28030090832935,-290.29693888454,88.63399567058566,1.790775583345674,8.48398433423542
3064.0,42.10104751586914,279.8655682984583,20.071064624416806,-281.8129061693155,279.8655682984583,281.8129061693155,191.23157274702533,18.280289305178613,-290.29689169676203,88.63399555143297,1.7907753192381932,8.483985527446492
3072.0,42.21116638183594,279.8655595573719,20.071060493926847,-281.8129282534235,279.8655595573719,281.8129282534235,191.23156414102894,18.280285394169795,-290.29691492752534,88.63399541634297,1.7907750997570515,8.483986674101878
3080.0,42.321258544921875,279.8655440272888,20.071037592994323,-281.81288658730955,279.8655440272888,281.81288658730955,191.2315482278092,18.28026274177525,-290.2968741413608,88.63399579947958,1.790774851219072,8.483987554051213
3088.0,42.43137741088867,279.86553731751724,20.071029063815267,-281.81289346737964,279.86553731751724,281.81289346737964,191.23154124518157,18.28025431710977,-290.2968817336264,88.63399607233563,1.7907747467054964,8.483988266246744
3096.0,42.5414924621582,279.86553843067867,20.071013698210265,-281.81288109910577,279.86553843067867,281.81288109910577,191.23154207182364,18.28023941849318,-290.29687030359435,88.63399635885503,1.790774279717085,8.483989204488573
3104.0,42.651611328125,279.865544334794,20.07100980656439,-281.8128631022849,279.865544334794,281.8128631022849,191.23154747597317,18.28023566521519,-290.2968529417531,88.63399685882084,1.7907741413491989,8.483989839468247
3112.0,42.7617301940918,279.86552286454463,20.07100929124055,-281.8128239778966,279.86552286454463,281.8128239778966,191.2315258107332,18.280235308402524,-290.2968153249964,88.63399705381144,1.7907739828380258,8.48399134709981
3120.0,42.87184524536133,279.86552850893224,20.071002273803824,-281.8128165978946,279.86552850893224,281.8128165978946,191.23153060698826,18.280228344928126,-290.29680846149614,88.63399790194396,1.790773928875697,8.483991863601542
3128.0,42.98196029663086,279.8655211506459,20.07098486866779,-281.81280651582523,279.8655211506459,281.81280651582523,191.23152286099725,18.28021113302205,-290.2967995185794,88.6339982896487,1.7907737356457396,8.483993002754154
3136.0,43.09207534790039,279.8653983274361,20.070954316140167,-281.8127716925596,279.8653983274361,281.8127716925596,191.23140407165124,18.28018058589779,-290.2967638221663,88.63399425578484,1.7907737302423783,8.48399212960675
3144.0,43.20219421386719,279.8654565138246,20.070899034362554,-281.8128260000519,279.8654565138246,281.8128260000519,191.23146774514896,18.28012544842172,-290.29681707669204,88.63398876867566,1.7907735859408351,8.483991076640095
3152.0,43.312313079833984,279.8655714857145,20.070888138964698,-281.81291845984276,279.8655714857145,281.81291845984276,191.23157828193075,18.280114721011547,-290.2969106841491,88.63399320378373,1.7907734179531518,8.483992224306373
3160.0,43.42243576049805,279.8655889130437,20.070898608725425,-281.81284479632234,279.8655889130437,281.81284479632234,191.23158929411625,18.280125439775638,-290.2968388181315,88.63399961892746,1.790773168949788,8.483994021809162
3168.0,43.53255081176758,279.8656054002374,20.070915881110423,-281.8128576269808,279.8656054002374,281.8128576269808,191.23160070791715,18.280143187500915,-290.2968537031236,88.63400469232029,1.7907726936095099,8.483996076142768
3176.0,43.642669677734375,279.86560172374607,20.070924642108324,-281.81281891240513,279.86560172374607,281.81281891240513,191.23159309379966,18.28015185290818,-290.29681624693825,88.63400862994644,1.7907727892001422,8.483997334533125
3184.0,43.75278854370117,279.8656163385007,20.070930200196297,-281.8128254395145,279.8656163385007,281.8128254395145,191.23160467655657,18.280157822962746,-290.29682405655547,88.6340116619441,1.7907723772335515,8.483998617040967
3192.0,43.8629035949707,279.86561528446066,20.070942067487522,-281.8128135435116,279.86561528446066,281.8128135435116,191.23160128104126,18.280169826375015,-290.2968130346453,88.63401400341942,1.7907722411125055,8.483999491133691
3200.0,43.9730224609375,279.8656036260976,20.0709469892239,-281.8127868228114,279.8656036260976,281.8127868228114,191.23158744385069,18.280175151691914,-290.29678755203963,88.63401618224688,1.7907718375319854,8.484000729228207
3208.0,44.08311080932617,279.8656087294404,20.07095888152227,-281.81280099608585,279.8656087294404,281.81280099608585,191.23159103560238,18.280187262607512,-290.29680246446014,88.63401769383802,1.7907716189147571,8.484001468374263
3216.0,44.1932258605957,279.86550530087374,20.070945209487338,-281.812698846811,279.86550530087374,281.812698846811,191.23148977968395,18.28017379727503,-290.2967006302914,88.63401552118978,1.790771412212309,8.484001783480453
3224.0,44.3033447265625,279.8655283784225,20.070942145368186,-281.8126998813077,279.8655283784225,281.8126998813077,191.2315140190292,18.280170455321848,-290.2967019615087,88.63401435939332,1.7907716900463377,8.484002080200964
3232.0,44.4134635925293,279.8655777729838,20.070956269082014,-281.8127361352468,279.8655777729838,281.8127361352468,191.23156163619674,18.28018490281913,-290.2967394874655,88.63401613678701,1.7907713662628835,8.484003352218755
3240.0,44.52357864379883,279.86559719016697,20.07096928411169,-281.81269509071785,279.86559719016697,281.81269509071785,191.2315785253891,18.280197937793528,-290.2966996719574,88.63401866477788,1.7907713463181612,8.484004581239555
3248.0,44.633697509765625,279.86558568725223,20.07100057428795,-281.81265345297743,279.86558568725223,281.81265345297743,191.23156504629466,18.280229523487755,-290.29665911906534,88.63402064095757,1.7907710508001964,8.484005666087915
3256.0,44.74381637573242,279.8655443268315,20.07102450120635,-281.81263612546024,279.8655443268315,281.81263612546024,191.23152303043156,18.280253197620997,-290.2966424898633,88.63402129639996,1.7907713035853527,8.484006364403086
3264.0,44.85393142700195,279.8654408025006,20.07100133447113,-281.8125872606852,279.8654408025006,281.8125872606852,191.23142511954484,18.280230592920937,-290.2965924374436,88.63401568295575,1.790770741550194,8.48400517675843
3272.0,44.96405029296875,279.8653948079427,20.070972005266288,-281.81254257447364,279.8653948079427,281.81254257447364,191.23138521607228,18.280201058364263,-290.2965473654391,88.63400959187041,1.7907709469020245,8.48400479096546
3280.0,45.07416915893555,279.8654332046609,20.07094650944233,-281.8126236520221,279.8654332046609,281.8126236520221,191.23142632861084,18.28017586726834,-290.29662816390567,88.63400687605008,1.7907706421739906,8.484004511883562
3288.0,45.18428421020508,279.86542780021324,20.070932459533804,-281.8125815700896,279.86542780021324,281.8125815700896,191.23142163305178,18.28016226548482,-290.2965867060234,88.63400616716146,1.790770194048985,8.484005135933812
3296.0,45.294403076171875,279.8654598272755,20.07092541589667,-281.81260242906717,279.8654598272755,281.81260242906717,191.23145336236735,18.28015535142913,-290.2966083066321,88.63400646490815,1.79077006446754,8.484005877564936
3304.0,45.40452194213867,279.86544158295914,20.070915964194604,-281.8125339161007,279.86544158295914,281.8125339161007,191.23143397863888,18.28014592850413,-290.29654088462644,88.63400760432026,1.7907700356904757,8.484006968525769
3312.0,45.5146369934082,279.86547090183075,20.070923854541455,-281.81255660927195,279.86547090183075,281.81255660927195,191.2314619851231,18.280154346023153,-290.2965643714892,88.63400891670764,1.7907695085183013,8.48400776221721
3320.0,45.624755859375,279.8654894623525,20.07092192139237,-281.81256476634286,279.8654894623525,281.81256476634286,191.23147864684148,18.280152540374523,-290.2965734492295,88.63401081551103,1.7907693810178458,8.484008682886671
3328.0,45.7348747253418,279.8654895465172,20.070919483038054,-281.8125288158569,279.8654895465172,281.8125288158569,191.23147769835668,18.28015039181436,-290.2965388994334,88.63401184816053,1.7907690912236935,8.484010083576482
3336.0,45.844970703125,279.8654989162976,20.07091821724916,-281.81254297535185,279.8654989162976,281.81254297535185,191.23148502369858,18.28014910820925,-290.29655359724603,88.63401389259904,1.7907691090399114,8.484010621894184
3344.0,45.9550895690918,279.8654942611154,20.070921518920084,-281.8125153409263,279.8654942611154,281.8125153409263,191.2314785746323,18.280152795504534,-290.29652700790206,88.6340156864831,1.7907687234155487,8.48401166697576
3352.0,46.06520462036133,279.86549306407437,20.070922814150407,-281.8125127506386,279.86549306407437,281.8125127506386,191.23147592087562,18.280154431505565,-290.2965252814828,88.63401714319873,1.7907683826448437,8.484012530844184
3360.0,46.175323486328125,279.8654874388396,20.070932200410866,-281.8124824052884,279.8654874388396,281.8124824052884,191.23146893323195,18.280163553144362,-290.2964957448314,88.63401850560761,1.7907686472665025,8.484013339543033
3368.0,46.28544235229492,279.86548862874923,20.07093286211845,-281.81248049358624,279.86548862874923,281.81248049358624,191.23146940241767,18.280164655499433,-290.2964944885261,88.63401922633155,1.7907682066190178,8.484013994939838
3376.0,46.39555740356445,279.86548704120486,20.070927156257262,-281.81247426018916,279.86548704120486,281.81247426018916,191.2314673706915,18.280159109267963,-290.29648912752344,88.63401967051338,1.7907680469893013,8.484014867334299
3384.0,46.50567626953125,279.8654744246385,20.070924443726533,-281.81244157080164,279.8654744246385,281.81244157080164,191.23145367164625,18.28015658020194,-290.296457105591,88.6340207529922,1.790767863524593,8.484015534789387
3392.0,46.61579513549805,279.8654667795341,20.070929687630287,-281.8124394680856,279.8654667795341,281.8124394680856,191.2314460034929,18.280161898808785,-290.29645583686835,88.63402077604117,1.7907677888215012,8.484016368782772
3400.0,46.72591018676758,279.86547011040057,20.070931233403616,-281.81242536879887,279.86547011040057,281.81242536879887,191.23144865937098,18.28016357608827,-290.29644263923024,88.63402145102955,1.790767657315345,8.484017270431393
3408.0,46.836029052734375,279.86545794568656,20.070936949581206,-281.81240709737796,279.86545794568656,281.81240709737796,191.23143588536692,18.280169539458413,-290.2964249242752,88.63402206031965,1.7907674101227924,8.484017826897208
3416.0,46.94614791870117,279.8654618091043,20.070944390984742,-281.81239044349024,279.8654618091043,281.81239044349024,191.23143960934368,18.28017698477909,-290.29640900613066,88.63402219976062,1.7907674062056511,8.484018562640399
3424.0,47.0562629699707,279.86545807370715,20.07094021601342,-281.8123853094573,279.86545807370715,281.8123853094573,191.23143546546822,18.280172945947236,-290.296404612705,88.63402260823895,1.7907672700661825,8.484019303247702
3432.0,47.1663818359375,279.8654702751609,20.0709511353615,-281.8123961630649,279.8654702751609,281.8123961630649,191.23144703542937,18.280184023553847,-290.2964160072895,88.63402323973149,1.7907671118076527,8.484019844224642
3440.0,47.2765007019043,279.8654637511055,20.070954997004726,-281.81236101335855,279.8654637511055,281.81236101335855,191.231440009713,18.28018815761402,-290.29638142782716,88.6340237413925,1.7907668393907041,8.484020414468606
3448.0,47.38661575317383,279.8654370600827,20.070957598288764,-281.8123170460839,279.8654370600827,281.8123170460839,191.2314138111917,18.280191063524768,-290.2963381357995,88.634023248891,1.7907665347639963,8.484021089715611
3456.0,47.496734619140625,279.8654300222612,20.070962923175085,-281.8123128520645,279.8654300222612,281.8123128520645,191.231406732067,18.28019647797051,-290.2963342823124,88.63402329019416,1.790766445204575,8.48402143024786
3464.0,47.6068229675293,279.86542524907344,20.070970182835982,-281.8122846606668,279.86542524907344,281.8122846606668,191.231402106044,18.280203835610468,-290.2963064167069,88.63402314302947,1.7907663472255129,8.484021756040105
3472.0,47.71693801879883,279.8654269892101,20.07097558414081,-281.812271664333,279.8654269892101,281.812271664333,191.2314036503196,18.280209675149738,-290.29629443355964,88.6340233388905,1.790765908991074,8.48402276922663
3480.0,47.827056884765625,279.8654314526476,20.070977363275315,-281.81228270277956,279.8654314526476,281.81228270277956,191.23140803916945,18.28021137331551,-290.296306251537,88.63402341347816,1.790765989959806,8.484023548757401
3488.0,47.93717575073242,279.8654334516714,20.070987755628046,-281.81227041642745,279.8654334516714,281.81227041642745,191.23141003805844,18.280221944902806,-290.29629448743594,88.63402341361294,1.7907658107252393,8.484024071008495
3496.0,48.04729080200195,279.8654140190957,20.070995992079556,-281.8122238977508,279.8654140190957,281.8122238977508,191.2313899432647,18.280230303361783,-290.29624829348745,88.63402407583098,1.7907656887177739,8.484024395736657
3504.0,48.15740966796875,279.86530790149686,20.07098005727071,-281.81219159457993,279.86530790149686,281.81219159457993,191.23128678476178,18.280214570285995,-290.29621505842346,88.63402111673511,1.7907654869847143,8.484023463843542
3512.0,48.26752853393555,279.86522378551683,20.070899948320648,-281.81218460912015,279.86522378551683,281.81218460912015,191.2312142224313,18.280134465971052,-290.2962057180548,88.63400956308551,1.7907654823495962,8.484021108934671
3520.0,48.37764358520508,279.8653293405037,20.070862164156942,-281.81228864376186,279.8653293405037,281.81228864376186,191.23132262635312,18.28009706118691,-290.2963088422446,88.63400671415059,1.7907651029700293,8.48402019848275
3528.0,48.487762451171875,279.86542803031716,20.070861606849043,-281.8123321235781,279.86542803031716,281.8123321235781,191.23141630063031,18.280096626935375,-290.2963530110043,88.63401172968683,1.790764979913667,8.484020887426261
3536.0,48.59788131713867,279.8654705065065,20.07086579438875,-281.81232749586593,279.8654705065065,281.81232749586593,191.2314523421722,18.280100924537017,-290.29634982203686,88.6340181643343,1.790764869851734,8.48402232617095
3544.0,48.7079963684082,279.86548033138064,20.0708739332402,-281.81231337601076,279.86548033138064,281.81231337601076,191.23145711730297,18.280109272400075,-290.296337154835,88.63402321407767,1.7907646608401269,8.484023778824202
3552.0,48.818115234375,279.86549032332664,20.070874356264106,-281.81229470012534,279.86549032332664,281.81229470012534,191.23146309467683,18.28010983397412,-290.2963198887338,88.63402722864981,1.7907645222899884,8.484025188608467
3560.0,48.9282341003418,279.86550185945123,20.070876409274593,-281.8123203418772,279.86550185945123,281.8123203418772,191.2314707689131,18.280112018751478,-290.2963465585442,88.63403109053809,1.7907643905231163,8.484026216667019
3568.0,49.03834915161133,279.8654988292862,20.07087244228624,-281.8122875073825,279.8654988292862,281.8122875073825,191.2314648179733,18.280107965218725,-290.2963146914715,88.6340340113129,1.7907644770675155,8.48402718408899
3576.0,49.148468017578125,279.8655034536438,20.07086441244408,-281.8123131928257,279.8655034536438,281.8123131928257,191.23146729226528,18.28010036452405,-290.2963414077335,88.63403616137853,1.7907640479200309,8.484028214907806
3584.0,49.25858688354492,279.86548911689874,20.070869008140647,-281.81227309587536,279.86548911689874,281.81227309587536,191.23145132683013,18.280105124760432,-290.2963020373543,88.63403779006859,1.7907638833802153,8.484028941478943
3592.0,49.36867904663086,279.86549451508813,20.070868404169232,-281.8123020132544,279.86549451508813,281.8123020132544,191.23145524484158,18.2801047348867,-290.29633136482107,88.63403927024657,1.7907636692825344,8.484029351566662
3600.0,49.47880172729492,279.86547692318925,20.0708675294813,-281.81225975413656,279.86547692318925,281.81225975413656,191.2314372556504,18.280103725664535,-290.29628981067526,88.63403966753887,1.790763803816767,8.484030056538677
3608.0,49.58891677856445,279.86546858003527,20.07086731208092,-281.8122514120869,279.86546858003527,281.8122514120869,191.23142873398854,18.280103559979132,-290.296282037413,88.63403984604673,1.790763752101788,8.484030625326131
3616.0,49.69903564453125,279.86545138501594,20.07087166535247,-281.8122092215786,279.86545138501594,281.8122092215786,191.2314111216206,18.280108306187667,-290.296240173891,88.63404026339536,1.790763359164803,8.484030952312446
3624.0,49.80915451049805,279.86546440696054,20.07086604908956,-281.81225101530595,279.86546440696054,281.81225101530595,191.23142436713502,18.280102590341123,-290.2962824924102,88.63404003982555,1.7907634587484376,8.484031477104253
3632.0,49.91926956176758,279.86544148047204,20.07087187745169,-281.81219706385616,279.86544148047204,281.81219706385616,191.23140144308917,18.28010861001166,-290.2962287246895,88.63404003738287,1.7907632674400311,8.484031660833367
3640.0,50.029388427734375,279.86541230478093,20.07087401348327,-281.8121992167924,279.86541230478093,281.8121992167924,191.23137271080645,18.28011096773815,-290.2962315669964,88.63403959397448,1.7907630457451216,8.484032350203996
3648.0,50.13950729370117,279.86527922390576,20.070834516690596,-281.8121793026787,279.86527922390576,281.8121793026787,191.2312474413858,18.280071214522756,-290.29620941835157,88.63403178251995,1.790763302167841,8.484030115672828
3656.0,50.2496223449707,279.8653465321868,20.070783891379186,-281.81218965348137,279.8653465321868,281.81218965348137,191.23131956295535,18.280020756297375,-290.29621899665614,88.63402696923146,1.7907631350818107,8.484029343174743
3664.0,50.3597412109375,279.86547723742933,20.0707994744305,-281.8122886934993,279.86547723742933,281.8122886934993,191.23144464716435,18.28003680721693,-290.2963191049161,88.63403259026495,1.7907626672135724,8.484030411416846
3672.0,50.4698600769043,279.86554390044734,20.070833219474576,-281.8122680657973,279.86554390044734,281.8122680657973,191.23150419104797,18.280070714583356,-290.2963005811622,88.63403970939936,1.7907625048912195,8.484032515364904
3680.0,50.57997512817383,279.86547157547454,20.07085321605033,-281.81221815648195,279.86547157547454,281.81221815648195,191.23142765453804,18.280090621300644,-290.296252012959,88.63404392093652,1.7907625947496877,8.484033856477009
3688.0,50.690093994140625,279.8653444388033,20.070825313924175,-281.812127616199,279.8653444388033,281.812127616199,191.23130418919624,18.280062796635498,-290.2961607929366,88.63404024960703,1.7907625172886759,8.48403317673758
3696.0,50.80021286010742,279.86532172807733,20.070785647097917,-281.8121411499967,279.86532172807733,281.8121411499967,191.23128629127902,18.28002319385831,-290.29617353480774,88.63403543679834,1.7907624532396076,8.484032384811055
3704.0,50.91032791137695,279.8653304191024,20.070747647580927,-281.8121945164728,279.8653304191024,281.8121945164728,191.23129771947362,18.279985239187774,-290.2962267907505,88.63403269962876,1.790762408393153,8.484032274277716
3712.0,51.02044677734375,279.8653376167531,20.070709632833356,-281.81219394258204,279.8653376167531,281.81219394258204,191.23130582236348,18.279947453035366,-290.29622660713824,88.63403179438964,1.790762179797989,8.48403266455622
3720.0,51.13053512573242,279.86533641555314,20.070691744324403,-281.81215448604155,279.86533641555314,281.81215448604155,191.23130435295636,18.279930007870902,-290.2961872596388,88.63403206259679,1.7907617364534998,8.484032773597301
3728.0,51.24065017700195,279.86536315735043,20.07066960161368,-281.81220670807113,279.86536315735043,281.81220670807113,191.23133010866877,18.279907995370614,-290.29624033217175,88.63403304868169,1.7907616062430671,8.484033624100594
3736.0,51.35076904296875,279.86537114065527,20.070662674675294,-281.8122027078934,279.86537114065527,281.8122027078934,191.23133697279894,18.27990124178344,-290.29623706967175,88.63403416785633,1.7907614328918555,8.484034361778342
3744.0,51.46088790893555,279.86538503293247,20.070651611513338,-281.81219155405165,279.86538503293247,281.81219155405165,191.23134985843816,18.279890003058085,-290.29622676582477,88.6340351744943,1.7907616084552531,8.484035211773104
3752.0,51.57100296020508,279.8653875736468,20.070632213788326,-281.81218154934146,279.8653875736468,281.81218154934146,191.23135125114555,18.27987075632583,-290.2962172639366,88.63403632250126,1.7907614574624935,8.48403571459514
3760.0,51.681121826171875,279.86539812174044,20.07062145028722,-281.812206412064,279.86539812174044,281.812206412064,191.23136012812014,18.27986021346343,-290.2962426089214,88.63403799362032,1.7907612368237915,8.484036196857405
3768.0,51.79124069213867,279.8653933815948,20.07061141939527,-281.8121807944514,279.8653933815948,281.8121807944514,191.23135365165828,18.279849879137423,-290.2962176748474,88.63403972993652,1.7907615402578454,8.48403688039597
3776.0,51.9013557434082,279.8653996650322,20.070608337444938,-281.812213689413,279.8653996650322,281.812213689413,191.23135861617754,18.27984688415588,-290.2962511385841,88.63404104885467,1.790761453289056,8.484037449171126
3784.0,52.011474609375,279.8654134909847,20.07060082781424,-281.81220221327675,279.8654134909847,281.81220221327675,191.23137117480667,18.279839669611018,-290.2962404753763,88.63404231617803,1.7907611582032192,8.484038262099531
3792.0,52.1215934753418,279.8653930866392,20.070590039535446,-281.8121752548262,279.8653930866392,281.8121752548262,191.23134930530713,18.27982913035199,-290.2962138550905,88.63404378133208,1.7907609091834527,8.48403860026432
3800.0,52.23170852661133,279.8654006285825,20.07058169587002,-281.8121721986516,279.8654006285825,281.8121721986516,191.23135584005507,18.279820820931114,-290.2962111587465,88.63404478852746,1.7907608749389032,8.484038960094884
3808.0,52.341827392578125,279.8653929030387,20.070573276785524,-281.8121636858017,279.8653929030387,281.8121636858017,191.23134715244157,18.27981240614594,-290.29620359155695,88.63404575059715,1.7907608706395823,8.484039905755274
3816.0,52.45194625854492,279.86538607858745,20.07057091265248,-281.81216810558243,279.86538607858745,281.81216810558243,191.23133968982188,18.279810380591137,-290.29620838641836,88.6340463887656,1.790760532061345,8.484040280835906
3824.0,52.56206130981445,279.8654007832377,20.070561306866175,-281.81218546696897,279.8654007832377,281.81218546696897,191.23135383563493,18.279800614626698,-290.2962262045327,88.63404694760276,1.7907606922394788,8.484040737563687
3832.0,52.672183990478516,279.8653814550584,20.07056104944192,-281.8121491320462,279.8653814550584,281.8121491320462,191.23133399405597,18.27980018409125,-290.2961906691404,88.63404746100244,1.7907608653506708,8.48404153709421
3840.0,52.78230285644531,279.86538312580586,20.07055577812784,-281.8121276976511,279.86538312580586,281.8121276976511,191.23133479605912,18.279795432552117,-290.2961694288771,88.63404832974673,1.7907603455757242,8.484041731225991
3848.0,52.892391204833984,279.86539245045867,20.070553906159173,-281.81214414415433,279.86539245045867,281.81214414415433,191.23134392967165,18.279793623455944,-290.2961862327512,88.63404852078702,1.7907602827032276,8.48404208859689
3856.0,53.002506256103516,279.8653933450616,20.070548270883222,-281.81212534055965,279.8653933450616,281.81212534055965,191.23134408218013,18.27978800750588,-290.29616806173567,88.63404926288146,1.7907602633773427,8.484042721176017
3864.0,53.11262512207031,279.86557894579914,20.07059335252631,-281.81227103761404,279.86557894579914,281.81227103761404,191.23152241833037,18.279833448612774,-290.29631456854315,88.63405652746874,1.7907599039135373,8.48404353092911
3872.0,53.22274398803711,279.8656499261208,20.070662154403017,-281.8122807356085,279.8656499261208,281.8122807356085,191.23158128196545,18.279902333394922,-290.29632606091775,88.63406864415532,1.790759821008093,8.484045325309225
3880.0,53.332855224609375,279.86563842649,20.07073069692981,-281.812244051761,279.86563842649,281.812244051761,191.23156107947614,18.27997117595672,-290.2962905160427,88.63407734701387,1.790759520973089,8.484046464281665
3888.0,53.44297790527344,279.8656232241707,20.070777874901683,-281.81221928721186,279.8656232241707,281.81221928721186,191.23154226874814,18.280018648922425,-290.2962667384645,88.63408095542255,1.7907592259792589,8.484047451252671
3896.0,53.553096771240234,279.8656107426041,20.070822328523683,-281.81219913602064,279.8656107426041,281.81219913602064,191.231528024649,18.280062838027305,-290.29624663831055,88.63408271795507,1.790759490496379,8.484047502289899
3904.0,53.663211822509766,279.8655617889462,20.070849807071625,-281.81211450628587,279.8655617889462,281.81211450628587,191.23147913583063,18.280090307052035,-290.2961625337581,88.63408265311558,1.7907595000195897,8.484048027472205
3912.0,53.77333068847656,279.8655438692174,20.07089183616709,-281.8120979093981,279.8655438692174,281.8120979093981,191.23146182961256,18.280132243486186,-290.29614622901215,88.6340820396048,1.790759592680904,8.484048319614018
3920.0,53.88344955444336,279.8655070043137,20.07094265742363,-281.81203129789066,279.8655070043137,281.81203129789066,191.23142695158776,18.280182843186935,-290.2960794712558,88.63408005272598,1.7907598142366945,8.484048173365117
3928.0,53.99356460571289,279.8654936275258,20.070985888037534,-281.8120067884515,279.8654936275258,281.8120067884515,191.23141602850188,18.280226062721557,-290.29605517594126,88.63407759902387,1.7907598253159787,8.484048387489722
3936.0,54.10368347167969,279.86547828456617,20.071038633751932,-281.8119752371027,279.86547828456617,281.8119752371027,191.23140241679832,18.280279042556494,-290.2960237114166,88.63407586776786,1.790759591195438,8.484048474313894
3944.0,54.213802337646484,279.86546291719344,20.07108995593479,-281.8119261603016,279.86546291719344,281.8119261603016,191.23138900228165,18.280330646219795,-290.29597449809035,88.63407391491182,1.7907593097149954,8.484048337788762
3952.0,54.323917388916016,279.86536346606,20.07111023563882,-281.81187193540285,279.86536346606,281.81187193540285,191.23129455769566,18.280350944161196,-290.2959196198873,88.63406890836436,1.7907592914776238,8.48404768448442
3960.0,54.43403625488281,279.8652710662507,20.071096583186748,-281.8118286253114,279.8652710662507,281.8118286253114,191.2312145898788,18.280337358716814,-290.2958728330133,88.63405647637194,1.7907592244699346,8.484044207701857
3968.0,54.54415512084961,279.86529857057184,20.0710892335862,-281.8118907050589,279.86529857057184,281.8118907050589,191.2312495876186,18.280329881707885,-290.2959334879591,88.63404898295323,1.7907593518783127,8.484042782900207
3976.0,54.65424728393555,279.8651880037538,20.07105837995623,-281.81181755839856,279.8651880037538,281.81181755839856,191.23114802712337,18.280299313924175,-290.2958574601162,88.63403997663048,1.790759066032055,8.484039901717667
3984.0,54.76436233520508,279.8651986292028,20.071008388893283,-281.811850825957,279.8651986292028,281.811850825957,191.23116817638135,18.280249216469166,-290.2958892808595,88.63403045282143,1.790759172424118,8.484038454902533
3992.0,54.874481201171875,279.8652647850718,20.070974900380687,-281.81191230224545,279.8652647850718,281.81191230224545,191.23123525785456,18.28021603634646,-290.2959501535764,88.63402952721725,1.7907588640342267,8.48403785133098
4000.0,54.98460006713867,279.86531742140124,20.07096096287965,-281.8119174774884,279.86531742140124,281.8119174774884,191.23128541283336,18.280202553214878,-290.29595637192784,88.63403200856789,1.7907584096647726,8.484038894439436
4008.0,55.0947151184082,279.86537849076535,20.070940951169064,-281.8119443829281,279.86537849076535,281.8119443829281,191.23134144751117,18.280182750978433,-290.29598459319374,88.63403704325417,1.7907582001906315,8.484040210265597
4016.0,55.204833984375,279.86542692425576,20.07092535682183,-281.8119672894516,279.86542692425576,281.8119672894516,191.23138415770865,18.280167209846375,-290.2960090670209,88.63404276654708,1.790758146975457,8.484041777569288
4024.0,55.3149528503418,279.8654664065938,20.07091007608187,-281.8119978241641,279.8654664065938,281.8119978241641,191.23141714421087,18.28015178230922,-290.29604077604705,88.63404926238292,1.79075829377265,8.484042951882966
4032.0,55.42507553100586,279.86549279827074,20.070881934812068,-281.8119977279694,279.86549279827074,281.8119977279694,191.23143767441195,18.2801238292596,-290.2960423340844,88.63405512385877,1.7907581055524666,8.484044606114978
4040.0,55.53519058227539,279.8655137062309,20.070865884630216,-281.81202532439715,279.8655137062309,281.81202532439715,191.23145251713592,18.28010786588181,-290.29607102690045,88.63406118909498,1.7907580187484067,8.484045702503309
4048.0,55.64530944824219,279.8655266318585,20.07084997069956,-281.81204613309995,279.8655266318585,281.81204613309995,191.23146060919964,18.280091714758544,-290.29609286830555,88.63406602265883,1.7907582559410145,8.484046735205581
4056.0,55.755428314208984,279.8655163643298,20.070819363330788,-281.8120402640181,279.8655163643298,281.8120402640181,191.2314476537785,18.28006132168506,-290.296088022097,88.6340687105513,1.790758041645728,8.484047758078944
4064.0,55.865543365478516,279.86548967225156,20.070796154494207,-281.812007318464,279.86548967225156,281.812007318464,191.23141896197427,18.28003822001464,-290.2960558927516,88.63407071027731,1.7907579344795694,8.484048574287598
4072.0,55.97565841674805,279.8654827337189,20.0707764144071,-281.81203635762313,279.8654827337189,281.81203635762313,191.23141134991104,18.280018487342083,-290.2960850296023,88.63407138380786,1.790757927065017,8.48404867197917
4080.0,56.085784912109375,279.86545946103763,20.070748496793723,-281.81202385804704,279.86545946103763,281.81202385804704,191.23138811933273,18.279990545858357,-290.2960728008646,88.63407134170492,1.7907579509353653,8.48404894281754
4088.0,56.19589614868164,279.8654483447703,20.070730635024482,-281.8120298370017,279.8654483447703,281.8120298370017,191.2313772883566,18.27997289385532,-290.29607897732785,88.63407105641369,1.7907577411691618,8.484049140326128
4096.0,56.30601501464844,279.8654135360506,20.070701518890093,-281.8120200399983,279.8654135360506,281.8120200399983,191.23134366412214,18.27994380987961,-290.2960695039784,88.63406987192845,1.7907577090104825,8.484049463980119
4104.0,56.416141510009766,279.865402336128,20.07066995440963,-281.8119938212253,279.865402336128,281.8119938212253,191.23133329473535,18.27991213196283,-290.29604364447704,88.63406904139262,1.7907578224468015,8.484049823251704
4112.0,56.526214599609375,279.8653858411085,20.070651115832177,-281.81201593806173,279.8653858411085,281.81201593806173,191.2313182055362,18.279893329068155,-290.29606605647245,88.63406763557225,1.790757786764023,8.484050118410718
4120.0,56.63633346557617,279.86535569734275,20.070624525715218,-281.8119934957023,279.86535569734275,281.8119934957023,191.23128895740643,18.27986672540548,-290.2960437765518,88.63406673993632,1.7907578003097386,8.484050280849491
4128.0,56.7464485168457,279.86536357275156,20.070590777146805,-281.81200638594044,279.86536357275156,281.81200638594044,191.2312974101649,18.279833486087984,-290.2960561863244,88.63406616258666,1.7907572910588199,8.484049800383952
4136.0,56.8565673828125,279.86535180881333,20.070568094273145,-281.81201387843043,279.86535180881333,281.81201387843043,191.23128605218199,18.279810436925978,-290.29606435478007,88.63406575663134,1.790757657347167,8.484050476349633
4144.0,56.9666862487793,279.8653594389492,20.070544344969832,-281.81202022588946,279.8653594389492,281.81202022588946,191.23129432907018,18.27978701818281,-290.29607087428224,88.63406510987905,1.7907573267870243,8.484050648392774
4152.0,57.07680130004883,279.8653442917894,20.07051951412223,-281.81200479310615,279.8653442917894,281.81200479310615,191.23127957634338,18.27976204744862,-290.2960557961145,88.63406471544604,1.7907574666736075,8.48405100300836
4160.0,57.186920166015625,279.86536130373145,20.07049228138491,-281.8120455840241,279.86536130373145,281.8120455840241,191.23129632574572,18.279735095432216,-290.296096664506,88.63406497798576,1.7907571859526952,8.484051080481933
4168.0,57.29703903198242,279.8653461560497,20.07046695793739,-281.8120174599743,279.8653461560497,281.8120174599743,191.23128134811137,18.279709433685397,-290.2960687323792,88.63406480793836,1.790757524251993,8.484051272404868
4176.0,57.40715026855469,279.8653561371845,20.07044553256879,-281.81203319447354,279.8653561371845,281.81203319447354,191.23129104924178,18.279688123798028,-290.29608489543784,88.63406508794273,1.7907574087707632,8.484051700964326
4184.0,57.517269134521484,279.8653548882817,20.070422934915115,-281.81204678966594,279.8653548882817,281.81204678966594,191.2312900844736,18.279665905005146,-290.29609892448525,88.63406480380809,1.790757029909968,8.484052134819315
4192.0,57.627384185791016,279.86535461325286,20.070402625380737,-281.8120446173958,279.86535461325286,281.8120446173958,191.2312897384833,18.279645781692054,-290.29609734071994,88.63406487476959,1.7907568436886816,8.484052723324123
4200.0,57.73750305175781,279.8653520993236,20.070382130500604,-281.8120499964283,279.8653520993236,281.8120499964283,191.2312868940759,18.27962523079419,-290.2961028955201,88.63406520524771,1.790756899706417,8.484052899091779
4208.0,57.84762191772461,279.8653599280832,20.07035853876753,-281.81207213683615,279.8653599280832,281.81207213683615,191.23129398153316,18.279601638252565,-290.2961251711145,88.63406594655007,1.790756900514964,8.484053034278375
4216.0,57.95773696899414,279.86535761274877,20.07034008251582,-281.8120636428611,279.86535761274877,281.8120636428611,191.23129148520405,18.279583266656722,-290.2961168819671,88.6340661275447,1.7907568158590967,8.48405323910599
4224.0,58.06785583496094,279.8653386631019,20.070314033058892,-281.81206444822254,279.8653386631019,281.81206444822254,191.23127206599872,18.27955732226045,-290.296118115746,88.6340665971032,1.7907567107984415,8.484053667523506
4232.0,58.177974700927734,279.86534184610514,20.070293659058706,-281.81205907635183,279.86534184610514,281.81205907635183,191.23127515268732,18.279537229448234,-290.29611272910927,88.63406669341781,1.7907564296104717,8.484053652757423
4240.0,58.288089752197266,279.8653413611952,20.07027584011078,-281.8120627428166,279.8653413611952,281.8120627428166,191.23127455935804,18.279519164903164,-290.2961168317856,88.63406680183712,1.7907566752076196,8.48405408896898
4248.0,58.39820861816406,279.86534584345225,20.070243380496763,-281.81209961687387,279.86534584345225,281.81209961687387,191.2312784458743,18.279486971488453,-290.29615444154234,88.63406739757794,1.7907564090083108,8.484054824668483
4256.0,58.50831985473633,279.86533857520817,20.070231563896797,-281.81209508670185,279.86533857520817,281.81209508670185,191.23127083453954,18.279475394098608,-290.29615000974314,88.63406774066866,1.790756169798188,8.484054923041315
4264.0,58.618438720703125,279.8653244282443,20.07021391706558,-281.8120704482609,279.8653244282443,281.8120704482609,191.23125636701795,18.27945778975729,-290.29612566928813,88.63406806122637,1.7907561273082875,8.484055221027209
4272.0,58.72855758666992,279.8653291548152,20.07019030876552,-281.8120888899063,279.8653291548152,281.8120888899063,191.23126104748906,18.279434077254173,-290.2961441863834,88.63406810732613,1.7907562315113443,8.484055296477099
4280.0,58.83867263793945,279.86531762157796,20.070166614790867,-281.81207085399257,279.86531762157796,281.81207085399257,191.23124909456595,18.279410635423275,-290.2961266426804,88.63406852701199,1.7907559793675931,8.484055788687863
4288.0,58.94879150390625,279.86532519769537,20.070144761849342,-281.8120927252325,279.86532519769537,281.8120927252325,191.23125644647888,18.279388884940204,-290.29614908937793,88.6340687512165,1.790755876909138,8.484056364145413
4296.0,59.05891036987305,279.86533539015824,20.070128892961876,-281.81209563606876,279.86533539015824,281.81209563606876,191.23126672446887,18.27937287764109,-290.2961517427581,88.63406866568936,1.7907560153207847,8.484056106689348
4304.0,59.16902542114258,279.86531091318113,20.0701079958421,-281.81210107903496,279.86531091318113,281.81210107903496,191.23124195532864,18.279352022747105,-290.29615757047213,88.63406895785252,1.7907559730949956,8.484056491437146
4312.0,59.279144287109375,279.8653044287759,20.070090365173023,-281.81208822939425,279.8653044287759,281.81208822939425,191.23123524597605,18.279334721014873,-290.2961451712738,88.63406918279988,1.790755644158148,8.484056941879555
4320.0,59.38926696777344,279.86531590977586,20.070067752500997,-281.8121375778938,279.86531590977586,281.8121375778938,191.23124641933893,18.27931227635365,-290.29619453313063,88.63406949043696,1.7907554761473463,8.484056955236834
4328.0,59.499385833740234,279.8653166310661,20.07005373175716,-281.8121300056217,279.8653166310661,281.8121300056217,191.23124695251425,18.279298071938076,-290.29618730249354,88.63406967855181,1.7907556598190846,8.484057296871832
4336.0,59.609500885009766,279.8652978798731,20.0700330919597,-281.81210694655937,279.8652978798731,281.81210694655937,191.23122819740786,18.279277574664402,-290.29616461110163,88.63406968246524,1.790755517295298,8.484057664542245
4344.0,59.71961975097656,279.8652942622181,20.070022005742594,-281.81211677226247,279.8652942622181,281.81211677226247,191.23122431957972,18.279266504261727,-290.2961746933371,88.63406994263832,1.7907555014808683,8.484057921074612
4352.0,59.82973861694336,279.86529792425915,20.07000203274358,-281.81211857451393,279.86529792425915,281.81211857451393,191.23122783989405,18.279246671663806,-290.29617686795063,88.63407008436508,1.7907553610797766,8.484058293436725
4360.0,59.93985366821289,279.8652965284109,20.069977444152045,-281.812123844554,279.8652965284109,281.812123844554,191.23122616754773,18.27922209621815,-290.2961827202013,88.63407036086318,1.790755347933894,8.484058875647285
4368.0,60.049922943115234,279.8653048599517,20.069967325054257,-281.8121419229385,279.8653048599517,281.8121419229385,191.23123392255133,18.27921209914993,-290.2962006431856,88.63407093740038,1.790755225904329,8.484058720247123
4376.0,60.160037994384766,279.8652852534778,20.069951795946697,-281.81211463078324,279.8652852534778,281.81211463078324,191.23121444022252,18.279196444041148,-290.29617363441326,88.63407081325528,1.790755351905549,8.484059003630016
4384.0,60.27015686035156,279.8653056303502,20.069930004205666,-281.81215575295795,279.8653056303502,281.81215575295795,191.23123448700198,18.279175100780954,-290.29621469511926,88.6340711433482,1.7907549034247126,8.484058942161319
4392.0,60.38027572631836,279.86527492822916,20.069915996848618,-281.8121117164691,279.86527492822916,281.8121117164691,191.23120388708028,18.279161068022276,-290.2961709682437,88.6340710411489,1.790754928826341,8.484059251774653
4400.0,60.49039077758789,279.8652860018435,20.069905841442655,-281.812152177125,279.8652860018435,281.812152177125,191.23121489107479,18.279151003320685,-290.2962117887201,88.63407111076874,1.7907548381219707,8.484059611595132
4408.0,60.60050964355469,279.8652667769651,20.069888839881436,-281.81211873635675,279.8652667769651,281.81211873635675,191.23119560397546,18.27913443348784,-290.2961788051887,88.6340711729896,1.7907544063935967,8.484060068831937
4416.0,60.710628509521484,279.86529162690323,20.06986799953821,-281.81216554313335,279.86529162690323,281.81216554313335,191.23122009389252,18.279113618230127,-290.29622534365654,88.63407153301073,1.7907543813080826,8.484059800523195
4424.0,60.820743560791016,279.8652866785469,20.069869878589625,-281.81215965063956,279.8652866785469,281.81215965063956,191.23121484438647,18.2791153187287,-290.29621993450644,88.63407183416047,1.7907545598609245,8.484060283866896
4432.0,60.93086242675781,279.86527081711426,20.06984649548066,-281.8121389663996,279.86527081711426,281.8121389663996,191.2311985920404,18.279092062365,-290.2961996401964,88.63407222507387,1.7907544331156622,8.484060673796822
4440.0,61.04098129272461,279.8653015537959,20.06983492906328,-281.8121858669235,279.8653015537959,281.8121858669235,191.23122874800265,18.279080776639756,-290.29624631300834,88.63407280579328,1.790754152423525,8.484060446084788
4448.0,61.15109634399414,279.8652834602453,20.069824197240706,-281.8121717463493,279.8652834602453,281.8121717463493,191.23121055463952,18.279070029034614,-290.2962329032966,88.63407290560576,1.7907541682060906,8.484061156947298
4456.0,61.26121520996094,279.8652870476857,20.069808836787026,-281.81218996926185,279.8652870476857,281.81218996926185,191.23121367986082,18.279054715443092,-290.296250792524,88.63407336782484,1.7907541213439346,8.484060823262148
4464.0,61.371334075927734,279.8652865935305,20.069796779686136,-281.81218860769485,279.8652865935305,281.81218860769485,191.2312133627479,18.279042807554333,-290.29624969886197,88.6340732307826,1.790753972131803,8.484061091167144
4472.0,61.481449127197266,279.8652800251775,20.069783449974814,-281.81217382790464,279.8652800251775,281.81217382790464,191.23120621548208,18.27902958709962,-290.2962353387273,88.63407380969544,1.790753862875194,8.484061510822642
4480.0,61.59156799316406,279.8652835535123,20.069774428900082,-281.81217236896424,279.8652835535123,281.81217236896424,191.23120967614597,18.27902041529974,-290.29623399574683,88.63407387736632,1.7907540136003401,8.484061626782577
4488.0,61.70168685913086,279.8652695498735,20.069761749286897,-281.81217226918193,279.8652695498735,281.81217226918193,191.2311956602839,18.27900772244343,-290.2962339888632,88.63407388958962,1.7907540268434659,8.484061719681257
4496.0,61.81180191040039,279.86527936529035,20.069757267320206,-281.8121740930866,279.86527936529035,281.8121740930866,191.23120557191294,18.27900330310382,-290.29623618394055,88.6340737933774,1.7907539642163854,8.484062090853968
4504.0,61.92192077636719,279.8652768252846,20.0697434116004,-281.8121750589534,279.8652768252846,281.8121750589534,191.2312026372068,18.278989661532385,-290.29623716909197,88.63407418807782,1.7907537500680117,8.484062110138542
4512.0,62.03203201293945,279.86527429800435,20.069737401594313,-281.81218471879504,279.86527429800435,281.81218471879504,191.23120033429615,18.27898353135585,-290.29624705851177,88.63407396370819,1.790753870238464,8.484062339716736
4520.0,62.14215087890625,279.86527023027753,20.069730116409062,-281.81218290892326,279.86527023027753,281.81218290892326,191.23119617654854,18.27897636017734,-290.2962456713868,88.63407405372898,1.790753756231724,8.484062762463555
4528.0,62.25226974487305,279.8652660544148,20.06971059224184,-281.8121769959155,279.8652660544148,281.8121769959155,191.23119181112185,18.278956879984314,-290.296240005459,88.63407424329294,1.790753712257528,8.484063009543565
4536.0,62.36238479614258,279.8652673963113,20.06970662916322,-281.81219923283106,279.8652673963113,281.81219923283106,191.2311927971689,18.27895311668426,-290.2962619122701,88.63407459914244,1.7907535124789602,8.484062679439017
4544.0,62.472503662109375,279.86526421599774,20.06969251970623,-281.81217599331677,279.86526421599774,281.81217599331677,191.23118964644922,18.278939052160695,-290.296239277838,88.63407456954852,1.790753467545536,8.48406328452128
4552.0,62.58262252807617,279.86526976091204,20.069687285319805,-281.8122069644856,279.86526976091204,281.8122069644856,191.2311949672723,18.27893357221249,-290.2962702563633,88.63407479363975,1.790753713107315,8.48406329187771
4560.0,62.6927375793457,279.86527031709466,20.06968377353012,-281.8122078200609,279.86527031709466,281.8122078200609,191.23119560156778,18.278930022205888,-290.2962715675709,88.63407471552685,1.7907537513242326,8.484063747509992
4568.0,62.8028564453125,279.8652597322104,20.06966800221323,-281.8121806049238,279.8652597322104,281.8121806049238,191.23118504423516,18.278914428143466,-290.29624441913114,88.63407468797526,1.7907535740697638,8.484063814207317
4576.0,62.91297912597656,279.8652602140005,20.069662513680534,-281.8121834168013,279.8652602140005,281.8121834168013,191.23118514229293,18.278909065120054,-290.2962470597561,88.63407507170757,1.7907534485604781,8.48406364295481
4584.0,63.02309799194336,279.8652494797558,20.069667667463705,-281.8121656662883,279.8652494797558,281.8121656662883,191.23117421073178,18.278914140750395,-290.2962296541731,88.63407526902401,1.79075352671331,8.484063987884763
4592.0,63.13321304321289,279.86526946596945,20.069652313927264,-281.8121946940595,279.86526946596945,281.8121946940595,191.2311942098411,18.278898777528383,-290.29625864093896,88.63407525612834,1.7907535363988805,8.48406394687947
4600.0,63.24333190917969,279.8652641896257,20.06964102965087,-281.81219432797786,279.8652641896257,281.81219432797786,191.2311888835468,18.27888797379798,-290.296258381959,88.6340753060789,1.7907530558528935,8.484064053981099
4608.0,63.353450775146484,279.8652658370182,20.069641768584667,-281.81217821794206,279.8652658370182,281.81217821794206,191.23118992007258,18.278888457414006,-290.2962422748192,88.63407591694568,1.7907533111706613,8.484064056877138
4616.0,63.463565826416016,279.8652546644704,20.069626446277496,-281.8121692902724,279.8652546644704,281.8121692902724,191.23117855089524,18.27887291558148,-290.29623368980543,88.63407611357516,1.7907535306960174,8.484064399533032
4624.0,63.57362747192383,279.8652633484215,20.069620472013646,-281.81220562004006,279.8652633484215,281.81220562004006,191.23118692370267,18.278867141405968,-290.2962700042748,88.63407642471881,1.7907533306076804,8.48406438423473
4632.0,63.683746337890625,279.86526333895165,20.069620220212663,-281.81219048165264,279.86526333895165,281.81219048165264,191.23118680977228,18.27886707266653,-290.29625554922717,88.63407652917937,1.7907531475461358,8.48406506757454
4640.0,63.79386520385742,279.86525552832904,20.069615084201157,-281.8121884316386,279.86525552832904,281.8121884316386,191.23117846469,18.27886195815714,-290.29625351648025,88.63407706363907,1.7907531260440166,8.484065084841617
4648.0,63.90398025512695,279.8652555630273,20.069609679195803,-281.8121980351099,279.8652555630273,281.8121980351099,191.23117866181082,18.278856690747986,-290.29626313339196,88.63407690121649,1.7907529884478182,8.484065098282072
4656.0,64.01409912109375,279.8652400310175,20.069604642676104,-281.8121840464475,279.8652400310175,281.8121840464475,191.23116286149948,18.278851873218855,-290.2962492176714,88.63407716951798,1.7907527694572476,8.484065171223916
4664.0,64.12421417236328,279.8652466030178,20.069602860935213,-281.8121664429051,279.8652466030178,281.8121664429051,191.23116942574325,18.278849959362418,-290.2962320630016,88.63407717727458,1.7907529015727945,8.484065620096509
4672.0,64.23433685302734,279.8652385049527,20.069600890753737,-281.8121741967443,279.8652385049527,281.8121741967443,191.23116108788165,18.27884812611564,-290.2962394988972,88.63407741707105,1.7907527646380972,8.484065302152862
4680.0,64.34445190429688,279.8652400636877,20.069595355236245,-281.81218336308723,279.8652400636877,281.81218336308723,191.23116241509217,18.278842484363942,-290.29624899284687,88.63407764859551,1.7907528708723026,8.484065629759616
4688.0,64.4545669555664,279.8652342937369,20.069589793857006,-281.8121655348727,279.8652342937369,281.8121655348727,191.23115650869045,18.278836975044538,-290.29623126600245,88.63407778504646,1.7907528188124688,8.484065731129746
4696.0,64.56468963623047,279.865243374869,20.069587331401962,-281.81218228366566,279.865243374869,281.81218228366566,191.23116554877305,18.278834507610114,-290.2962482622102,88.63407782609595,1.7907528237918466,8.48406597854454
4704.0,64.6748046875,279.8652425292563,20.069588494821627,-281.81215253240794,279.8652425292563,281.81215253240794,191.23116440972638,18.27883587055176,-290.29621850045544,88.63407811952993,1.7907526242698673,8.48406596804751
4712.0,64.78491973876953,279.8652472203189,20.069585828644822,-281.81219299524025,279.8652472203189,281.81219299524025,191.2311691733602,18.278833441895227,-290.29625926620423,88.63407804695869,1.7907523867495954,8.48406627096399
4720.0,64.8950424194336,279.8652487026794,20.069580708035375,-281.812164189898,279.8652487026794,281.812164189898,191.23117043175594,18.27882829288749,-290.2962305124509,88.6340782709235,1.7907524151478862,8.48406632255292
4728.0,65.00515747070312,279.8652448917438,20.069584697259597,-281.81218986904213,279.8652448917438,281.81218986904213,191.23116640959094,18.278832096204383,-290.2962562144044,88.63407848215286,1.7907526010552148,8.484066345362319
4736.0,65.11527252197266,279.8652466780703,20.06958051056362,-281.812175981036,279.8652466780703,281.812175981036,191.23116797599897,18.278828367869828,-290.2962427030466,88.63407870207136,1.7907521426937905,8.48406672201057
4744.0,65.22539520263672,279.8652617276982,20.069581973722627,-281.81220637975275,279.8652617276982,281.81220637975275,191.2311830757638,18.27882974926598,-290.2962731917303,88.63407865193443,1.7907522244566483,8.484066811977556
4752.0,65.33551025390625,279.8652606399073,20.069588401747794,-281.81217623911857,279.8652606399073,281.81217623911857,191.23118162360436,18.27883623053866,-290.2962428160964,88.63407901630299,1.7907521712091343,8.484066576977865
4760.0,65.44562530517578,279.86524540545577,20.069575544373087,-281.81218844365736,279.86524540545577,281.81218844365736,191.2311663810954,18.278823473289837,-290.2962554510349,88.63407902436035,1.7907520710832507,8.484067007377494
4768.0,65.55574798583984,279.86524341012705,20.069575620069568,-281.81216629294386,279.86524341012705,281.81216629294386,191.23116417778616,18.278823536750494,-290.2962332033824,88.63407923234092,1.7907520833190729,8.484066910438576
4776.0,65.66586303710938,279.86524889762796,20.069581036589835,-281.81218510624706,279.86524889762796,281.81218510624706,191.23116925226225,18.27882884257725,-290.29625229737525,88.63407964536572,1.7907521940125832,8.484067191128197
4784.0,65.7759780883789,279.86523350839917,20.069579739957337,-281.81215098374156,279.86523350839917,281.81215098374156,191.23115377652113,18.2788274682576,-290.2962185191477,88.63407973187805,1.7907522716997377,8.484067535406155
4792.0,65.88610076904297,279.86524623763364,20.06958058687613,-281.8121487081541,279.86524623763364,281.8121487081541,191.23116615990608,18.27882848619254,-290.2962161611407,88.63408007772753,1.790752100683589,8.484067452986597
4800.0,65.9962158203125,279.86524004387695,20.069589346541992,-281.81214570528533,279.86524004387695,281.81214570528533,191.23116004096863,18.278837287062775,-290.29621355258337,88.63408000290835,1.7907520594792166,8.484067847298032
4808.0,66.10633087158203,279.8652527034951,20.069582908283245,-281.8121653357804,279.8652527034951,281.8121653357804,191.23117263203508,18.278830792819353,-290.2962331668955,88.63408007146006,1.790752115463893,8.484067831115102
4816.0,66.2164535522461,279.8652563363893,20.06958706283955,-281.8121792119419,279.8652563363893,281.8121792119419,191.23117616345158,18.278835428806325,-290.2962471790181,88.6340801729377,1.7907516340332235,8.4840679670762
4824.0,66.32656860351562,279.865247889355,20.06959322177164,-281.8121608701435,279.865247889355,281.8121608701435,191.23116759570777,18.278841323992555,-290.29622903567656,88.6340802936472,1.7907518977790842,8.48406816553308
4832.0,66.43668365478516,279.8652462108972,20.069599001930328,-281.8121514270893,279.8652462108972,281.8121514270893,191.23116551843293,18.27884710254752,-290.2962196038928,88.63408069246432,1.7907518993828084,8.484068176803483
4840.0,66.54680633544922,279.86524729500866,20.0695999304674,-281.81213961455455,279.86524729500866,281.81213961455455,191.23116634043302,18.278848206667703,-290.29620789044236,88.63408095457562,1.7907517237996986,8.484068275887802
4848.0,66.65692138671875,279.8652549091727,20.069604784685097,-281.8121624086726,279.8652549091727,281.8121624086726,191.23117366439178,18.2788533156409,-290.29623070393546,88.6340812447809,1.790751469044194,8.484068295262885
4856.0,66.76703643798828,279.8652551114063,20.0696108188385,-281.8121307391629,279.8652551114063,281.8121307391629,191.2311736769101,18.278859276724297,-290.296199064187,88.63408143449627,1.7907515421142017,8.484068325024086
4864.0,66.87715911865234,279.8652636285081,20.069611172942075,-281.8121635761527,279.8652636285081,281.8121635761527,191.23118195242168,18.278859690326136,-290.2962319747527,88.63408167608642,1.7907514826159394,8.484068398599934
4872.0,66.98727416992188,279.8652545822704,20.069617882625863,-281.81213460851205,279.8652545822704,281.81213460851205,191.2311728942301,18.278866671050544,-290.2962029850364,88.63408168804025,1.7907512115753201,8.484068376524375
4880.0,67.09733581542969,279.8652516032231,20.069619930031827,-281.81214138190455,279.8652516032231,281.81214138190455,191.23116929726535,18.278868505726123,-290.29620993768697,88.63408230595772,1.7907514243057037,8.484068555782436
4888.0,67.20745086669922,279.8652529887995,20.069624163528378,-281.8121294758498,279.8652529887995,281.8121294758498,191.2311704760413,18.27887256178422,-290.29619833802883,88.6340825127582,1.7907516017441587,8.484068862179003
4896.0,67.31757354736328,279.8652583603882,20.069625852129004,-281.81214094160094,279.8652583603882,281.81214094160094,191.23117580372826,18.278874384932713,-290.296209850171,88.63408255665993,1.7907514671962899,8.484068908570057
4904.0,67.42768859863281,279.86526106627036,20.069640738171913,-281.8121211397869,279.86526106627036,281.8121211397869,191.2311784581758,18.27888928886237,-290.2961902687343,88.63408260809453,1.7907514493095436,8.484069128947416
4912.0,67.53780364990234,279.86524908944955,20.06964846113832,-281.81211159246243,279.86524908944955,281.81211159246243,191.23116640851504,18.27889701138666,-290.2961805128598,88.63408268093451,1.7907514497516601,8.48406892039738
4920.0,67.6479263305664,279.86525050328584,20.069652747552905,-281.8120847162219,279.86525050328584,281.8120847162219,191.2311676056921,18.278901441131055,-290.29615384408135,88.63408289759374,1.790751306421849,8.484069127859449
4928.0,67.7580337524414,279.86525619678775,20.069663022696382,-281.81213490184166,279.86525619678775,281.81213490184166,191.23117343801076,18.27891186783298,-290.29620415773263,88.634082758777,1.7907511548634014,8.484069255890951
4936.0,67.86815643310547,279.86524743158895,20.069664953373085,-281.81209147426256,279.86524743158895,281.81209147426256,191.23116437937114,18.278913537222905,-290.2961606410221,88.6340830522178,1.7907514161501803,8.484069166759546
4944.0,67.978271484375,279.8652477887338,20.06967238099331,-281.8120903835206,279.8652477887338,281.8120903835206,191.23116471813336,18.278921297961777,-290.29615981645213,88.63408307060048,1.7907510830315347,8.484069432931506
4952.0,68.08839416503906,279.86525951403803,20.0696751181858,-281.8120984276633,279.86525951403803,281.8120984276633,191.23117617932755,18.278924220733494,-290.29616806019845,88.63408333471045,1.7907508974523036,8.484069632535205
4960.0,68.1985092163086,279.86525916596514,20.06968469044524,-281.812097992033,279.86525916596514,281.812097992033,191.2311755609702,18.27893370579097,-290.2961677801321,88.63408360499494,1.790750984654271,8.484069788099127
4968.0,68.30863189697266,279.865256996468,20.06968981981403,-281.81207074463447,279.865256996468,281.81207074463447,191.2311737091643,18.278938837848152,-290.2961406126476,88.6340832873037,1.7907509819658767,8.484069868013123
4976.0,68.41873931884766,279.86526245639305,20.069704242497146,-281.8121036912491,279.86526245639305,281.8121036912491,191.2311788267861,18.2789532428665,-290.29617356689795,88.63408362960695,1.7907509996306459,8.484069875648856
4984.0,68.52886199951172,279.86525872092113,20.069709294529815,-281.81206493123216,279.86525872092113,281.81206493123216,191.23117492683622,18.278958213989586,-290.29613460920393,88.63408379408489,1.7907510805402307,8.484069677971757
4992.0,68.63897705078125,279.8652679185244,20.06972151874291,-281.81207282809487,279.8652679185244,281.81207282809487,191.23118405506156,18.278970535711785,-290.2961428022319,88.63408386346283,1.790750983031126,8.484069974136986
5000.0,68.74909210205078,279.86524392695264,20.069731682490186,-281.8120338026272,279.86524392695264,281.8120338026272,191.23116008694302,18.278980934982652,-290.2961040501874,88.63408384000965,1.7907507475075342,8.484070247560199
5008.0,68.85921478271484,279.8652557144759,20.06973667778351,-281.8120525986868,279.8652557144759,281.8120525986868,191.23117160753324,18.27898580616109,-290.2961227152741,88.63408410694264,1.7907508716224196,8.484070116587294
5016.0,68.96932983398438,279.8652850606198,20.069752640702742,-281.812105857305,279.8652850606198,281.812105857305,191.23120085351135,18.279001740911305,-290.2961761942853,88.63408420710843,1.790750899791436,8.484070336980242
5024.0,69.0794448852539,279.865258908305,20.06976161977923,-281.8120518293941,279.865258908305,281.8120518293941,191.23117433076237,18.279010932697375,-290.29612230608575,88.63408457754261,1.7907506870818546,8.484070476691654
5032.0,69.18956756591797,279.8652613285744,20.069778296709643,-281.81203775739857,279.8652613285744,281.81203775739857,191.23117657248426,18.27902748506292,-290.2961083496375,88.63408475609012,1.7907508116467223,8.484070592238936
5040.0,69.2996826171875,279.8652841309045,20.06977725713544,-281.8120598259876,279.8652841309045,281.8120598259876,191.2311988853732,18.27902672517669,-290.2961304046544,88.6340852455313,1.79075053195875,8.484070578666755
5048.0,69.40979766845703,279.8652613657866,20.06979250187553,-281.8120090594932,279.8652613657866,281.8120090594932,191.23117599592217,18.279041882689974,-290.2960797007725,88.63408536986442,1.7907506191855544,8.484070641279292
5056.0,69.5199203491211,279.8652722504414,20.06980707285118,-281.8120380095852,279.8652722504414,281.8120380095852,191.2311865719343,18.27905645869528,-290.29610874182873,88.63408567850715,1.7907506141559004,8.484070732243538
5064.0,69.63003540039062,279.86527058157674,20.069816550299983,-281.8120235719414,279.86527058157674,281.8120235719414,191.23118493491563,18.279065877915055,-290.29609456390125,88.63408564666113,1.7907506723849291,8.484070991959872
5072.0,69.74015045166016,279.86526804610935,20.06983588527867,-281.8120190253468,279.86526804610935,281.8120190253468,191.23118226760255,18.279085324875904,-290.29608995549324,88.6340857785068,1.7907505604027687,8.484070930146459
5080.0,69.85027313232422,279.8652749216849,20.069845317407605,-281.8120208162885,279.8652749216849,281.8120208162885,191.23118905739412,18.279094686440068,-290.2960921135949,88.63408586429075,1.7907506309675378,8.484071297306395
5088.0,69.96038818359375,279.8652779763106,20.069857507113788,-281.8120077574313,279.8652779763106,281.8120077574313,191.2311918069179,18.27910699599503,-290.2960791001352,88.63408616939267,1.790750511118758,8.484071342703933
5096.0,70.07050323486328,279.8652746354414,20.069870405204107,-281.81200977608313,279.8652746354414,281.81200977608313,191.23118860032207,18.27911966780829,-290.29608094138257,88.63408603511931,1.7907507373958182,8.48407116529945
5104.0,70.18062591552734,279.8652695929201,20.069884097530743,-281.8119740823212,279.8652695929201,281.8119740823212,191.23118364417013,18.279133550119013,-290.29604504532585,88.63408594874997,1.7907505474117285,8.484070963004639
5112.0,70.2907485961914,279.8652732842634,20.06989823540846,-281.81199903643596,279.8652732842634,281.81199903643596,191.23118715977748,18.279147637702234,-290.29607019478124,88.63408612448596,1.7907505977062268,8.48407115834527
5120.0,70.40086364746094,279.86527942548395,20.069905376924407,-281.81199904128533,279.86527942548395,281.81199904128533,191.2311933614423,18.27915486594803,-290.29607038471704,88.63408606404165,1.7907505109763777,8.48407134343169
5128.0,70.51097869873047,279.86527281225875,20.069920289081356,-281.81195422543016,279.86527281225875,281.81195422543016,191.23118690721978,18.27916949853814,-290.2960255875071,88.63408590503897,1.7907507905432167,8.484071362076914
5136.0,70.62104034423828,279.865279933482,20.0699349728877,-281.8119587297125,279.865279933482,281.8119587297125,191.2311938507406,18.279184410641395,-290.2960301401355,88.63408608274138,1.7907505622463065,8.48407141042301
5144.0,70.73116302490234,279.86527733029527,20.069947878881774,-281.8119642628447,279.86527733029527,281.8119642628447,191.2311910902628,18.279197243410604,-290.2960355365068,88.63408624003245,1.7907506354711709,8.484071273662112
5152.0,70.84127807617188,279.8652892198048,20.06996818315307,-281.81194930697563,279.8652892198048,281.81194930697563,191.2312028317052,18.27921781485758,-290.29602090140804,88.6340863880996,1.7907503682954866,8.484071594432386
5160.0,70.9513931274414,279.8652821005367,20.069981641053047,-281.81193245320054,279.8652821005367,281.81193245320054,191.23119592098251,18.279231198733868,-290.2960040112423,88.63408617955422,1.7907504423191805,8.484071558041746
5168.0,71.06151580810547,279.8653030553553,20.069997729636952,-281.8119503144472,279.8653030553553,281.8119503144472,191.2312165637465,18.279247129061023,-290.29602207806676,88.6340864916088,1.7907506005759304,8.484071763619571
5176.0,71.171630859375,279.86529404694454,20.07000730309946,-281.81193622791136,279.86529404694454,281.81193622791136,191.23120757097115,18.279256741672967,-290.2960082593029,88.63408647597339,1.790750561426493,8.484072031391522
5184.0,71.28175354003906,279.86528932192135,20.070031751172337,-281.8119069718237,279.86528932192135,281.8119069718237,191.23120258405413,18.27928145446036,-290.2959787888535,88.63408673786724,1.7907502967119768,8.48407181702979
5192.0,71.3918685913086,279.86530124175766,20.070048458221606,-281.81192878908416,279.86530124175766,281.81192878908416,191.23121445762212,18.27929803302434,-290.2960007240049,88.63408678413555,1.7907504251972668,8.484071934920742
5200.0,71.50199127197266,279.8652902229195,20.07005268581669,-281.81190073872574,279.8652902229195,281.81190073872574,191.2312032585113,18.279302163353904,-290.2959727917296,88.63408696440818,1.7907505224627869,8.484072053003835
5208.0,71.61210632324219,279.8652976239426,20.070068669213228,-281.8119121841848,279.8652976239426,281.8119121841848,191.23121036643414,18.279318484311293,-290.2959842961874,88.63408725750844,1.7907501849019356,8.484072112002579
5216.0,71.72222137451172,279.86530320701354,20.07009487298577,-281.81190648057964,279.86530320701354,281.81190648057964,191.23121582463668,18.279344714121542,-290.2959784866797,88.63408738237683,1.7907501588642276,8.484072006100089
5224.0,71.83234405517578,279.8653131419461,20.07010615504022,-281.81189464934187,279.8653131419461,281.81189464934187,191.2312254860563,18.279355926995077,-290.29596663689824,88.6340876558898,1.7907502280451446,8.48407198755637
5232.0,71.94245147705078,279.865315265514,20.07012273459886,-281.81189398672757,279.865315265514,281.81189398672757,191.2312274655091,18.279372683835476,-290.2959664524464,88.63408780000492,1.7907500507633864,8.484072465718864
5240.0,72.05257415771484,279.86529598424005,20.070139168560935,-281.81186464024125,279.86529598424005,281.81186464024125,191.23120819036058,18.27938917272705,-290.2959370464406,88.63408779387947,1.7907499958338855,8.484072406199344
5248.0,72.1626968383789,279.8653036331451,20.070165703663825,-281.81185127953813,279.8653036331451,281.81185127953813,191.23121514079793,18.279415477086523,-290.29592387000724,88.6340884923472,1.7907502265773028,8.484072590469136
5256.0,72.27281188964844,279.86531662894674,20.070177651315873,-281.8118636717438,279.86531662894674,281.8118636717438,191.23122796014863,18.27942745288093,-290.29593626031084,88.63408866879813,1.7907501984349432,8.484072588567027
5264.0,72.38292694091797,279.8653241556374,20.0701963808087,-281.8118582845866,279.8653241556374,281.8118582845866,191.23123546157453,18.279446453222462,-290.2959307417,88.63408869406283,1.790749927586238,8.48407245711337
5272.0,72.4930419921875,279.8653065036354,20.07021553990013,-281.8118268453695,279.8653065036354,281.8118268453695,191.23121774043221,18.27946529597908,-290.29589932218107,88.63408876320318,1.7907502439210505,8.484072476811576
5280.0,72.60315704345703,279.86532094985296,20.070231134067505,-281.8118270786209,279.86532094985296,281.8118270786209,191.23123228535266,18.279481157955196,-290.2958993868608,88.63408866450027,1.7907499761123091,8.484072308239881
5288.0,72.7132797241211,279.8653207907873,20.07026220689633,-281.81182165774237,279.8653207907873,281.81182165774237,191.23123204015508,18.279512418174477,-290.29589411290345,88.6340887506322,1.7907497887218558,8.484072455161082
5296.0,72.82339477539062,279.8653275078798,20.07027013080215,-281.8118329158888,279.8653275078798,281.8118329158888,191.23123879963936,18.279520185323843,-290.2959056081078,88.63408870824045,1.7907499454783062,8.484072692218994
5304.0,72.93350982666016,279.86533339019434,20.070296134999452,-281.81183011414856,279.86533339019434,281.81183011414856,191.23124451575063,18.279546186622333,-290.29590300489525,88.6340888744437,1.790749948377118,8.484072890746706
5312.0,73.04363250732422,279.8653318834314,20.07031247724255,-281.81180985147006,279.8653318834314,281.81180985147006,191.23124258914368,18.279562596756413,-290.29588272137386,88.63408929428772,1.7907498804861355,8.484072869903773
5320.0,73.15374755859375,279.8653225646926,20.070332692734443,-281.81177673776654,279.8653225646926,281.81177673776654,191.23123314574684,18.279582791655105,-290.2958495530869,88.63408941894573,1.7907499010793364,8.484072815320332
5328.0,73.26386260986328,279.8653225190873,20.07035983231671,-281.81176382700795,279.8653225190873,281.81176382700795,191.2312328488489,18.279610003521096,-290.2958371011155,88.63408967023841,1.7907498287956143,8.484073274107557
5336.0,73.37398529052734,279.8653398027207,20.07037029719324,-281.8117974933694,279.8653398027207,281.8117974933694,191.23125034571297,18.27962049902066,-290.29587059011965,88.63408945700773,1.7907497981725795,8.484073096750231
5344.0,73.48410034179688,279.86526163041265,20.070373066100935,-281.8117375352628,279.86526163041265,281.8117375352628,191.23117430153604,18.27962331397956,-290.2958100810125,88.63408732887657,1.790749752121373,8.48407254574969
5352.0,73.5942153930664,279.86528547916384,20.070385710595513,-281.8117666629774,279.86528547916384,281.8117666629774,191.2312008550728,18.279636003758924,-290.2958380105584,88.63408462409105,1.79074970683659,8.484071347581
5360.0,73.70433807373047,279.8653361441594,20.070401669450877,-281.8117730049893,279.8653361441594,281.8117730049893,191.23125027602595,18.279651787410028,-290.2958450340568,88.63408586813344,1.79074988204085,8.484072029067505
5368.0,73.814453125,279.86535088381777,20.07043498959764,-281.8117383405426,279.86535088381777,281.8117383405426,191.2312629736911,18.27968512486857,-290.29581095366035,88.63408791012665,1.7907498647290678,8.484072613117723
5376.0,73.92456817626953,279.8653826259241,20.070465112615235,-281.81177620509726,279.8653826259241,281.81177620509726,191.23129309639498,18.279715220842917,-290.29584893134967,88.63408952952912,1.7907498917723181,8.4840727262524
5384.0,74.0346908569336,279.86536100701016,20.07048604549582,-281.81172453664277,279.86536100701016,281.81172453664277,191.23127062041772,18.279736717290607,-290.29579756572747,88.63409038659245,1.7907493282052105,8.484073029084719
5392.0,74.1447525024414,279.8653843152642,20.070522512216332,-281.8117459629969,279.8653843152642,281.8117459629969,191.23129303127277,18.27977319560352,-290.2958190370675,88.63409128399141,1.7907493166128114,8.484073074070558
5400.0,74.25487518310547,279.86537705275083,20.070539617144618,-281.81171748538134,279.86537705275083,281.81171748538134,191.23128521485694,18.279790039259264,-290.29579064109225,88.6340918378939,1.7907495778853546,8.484073155710908
5408.0,74.364990234375,279.86538673224766,20.07056566113872,-281.81172767810097,279.86538673224766,281.81172767810097,191.23129486680523,18.279816347457675,-290.295801002245,88.6340918654424,1.7907493136810446,8.48407332414402
5416.0,74.47510528564453,279.86537171242253,20.070591687645788,-281.81170435578093,279.86537171242253,281.81170435578093,191.2312800287153,18.27984222924838,-290.2957778408145,88.63409168370723,1.7907494583974088,8.484073485033532
5424.0,74.5852279663086,279.8653858951187,20.07061224487263,-281.8117033870665,279.8653858951187,281.8117033870665,191.23129431052968,18.279862844228106,-290.2957765459028,88.63409158458902,1.7907494006445255,8.48407315883631
5432.0,74.6953353881836,279.8653789033797,20.070634117064373,-281.81168421899855,279.8653789033797,281.81168421899855,191.23128742651892,18.279885045495252,-290.29575754810696,88.63409147686073,1.790749071569122,8.484073329108432
5440.0,74.80545806884766,279.86536997559256,20.070647476521707,-281.81166477653363,279.86536997559256,281.81166477653363,191.23127839870276,18.27989841950575,-290.29573788284966,88.63409157688983,1.7907490570159572,8.484073106316028
5448.0,74.91557312011719,279.86536284044035,20.070682155154355,-281.8116189916485,279.86536284044035,281.8116189916485,191.23127143464245,18.279933237389834,-290.29569260634395,88.6340914057979,1.790748917764522,8.484073614695415
5456.0,75.02569580078125,279.86536221632133,20.07069688330955,-281.811648115279,279.86536221632133,281.811648115279,191.2312705529543,18.27994791796018,-290.2957215977312,88.63409166336703,1.790748965349371,8.484073482452196
5464.0,75.13581085205078,279.8653902201026,20.070724719742415,-281.81168272643043,279.8653902201026,281.81168272643043,191.23129898989464,18.279975764138214,-290.29575573260786,88.63409123020797,1.7907489556042,8.484073006177447
5472.0,75.24593353271484,279.86537930953534,20.070741904297183,-281.8116378860161,279.86537930953534,281.8116378860161,191.23128793409094,18.27999279170485,-290.29571128911056,88.6340913754444,1.7907491125923336,8.484073403094428
5480.0,75.35604858398438,279.86537842960445,20.07075882759638,-281.8116392251268,279.86537842960445,281.8116392251268,191.23128735319844,18.280009995668188,-290.2957127139099,88.63409107640598,1.7907488319281901,8.48407348878311
5488.0,75.4661636352539,279.86537644565504,20.070784131595772,-281.8116139786956,279.86537644565504,281.8116139786956,191.2312852317333,18.280035157285266,-290.2956871588503,88.63409121392175,1.7907489743105076,8.484073180154692
5496.0,75.57628631591797,279.86537340524364,20.0708086534102,-281.81161237319213,279.86537340524364,281.81161237319213,191.23128289672968,18.28006000490396,-290.2956859530583,88.63409050851394,1.7907486485062414,8.484073579866166
5504.0,75.6864013671875,279.86536701451087,20.070823767288328,-281.8115890346396,279.86536701451087,281.8115890346396,191.23127683195932,18.28007496507073,-290.2956622862535,88.63409018255157,1.7907488022175961,8.484073251613864
5512.0,75.79651641845703,279.8653836181662,20.070843338550205,-281.8116213514836,279.8653836181662,281.8116213514836,191.23129307483487,18.280094602239906,-290.29569463328346,88.63409054333138,1.790748736310297,8.484073281799853
5520.0,75.9066390991211,279.8653753864451,20.07086486249341,-281.81157378943954,279.8653753864451,281.81157378943954,191.23128513413474,18.280116028288546,-290.29564707077105,88.63409025231037,1.7907488342048605,8.484073281331519
5528.0,76.01675415039062,279.8653758053137,20.070887807939535,-281.8115583598737,279.8653758053137,281.8115583598737,191.23128575658572,18.28013919882612,-290.2956318281922,88.63409004872797,1.7907486091134137,8.484073468318538
5536.0,76.12686920166016,279.86537694737655,20.070904406665562,-281.8115592276225,279.86537694737655,281.8115592276225,191.23128714025472,18.280155616777783,-290.29563258030794,88.63408980712182,1.7907487898877807,8.4840733526854
5544.0,76.23699188232422,279.8653796679808,20.07092824676482,-281.811538490158,279.8653796679808,281.811538490158,191.23128978940827,18.280179498560173,-290.2956117591199,88.63408987857254,1.7907487482046447,8.484073268961854
5552.0,76.34710693359375,279.8653799201734,20.070947562787232,-281.8115317795635,279.8653799201734,281.8115317795635,191.23128990729808,18.280198708661118,-290.2956053581476,88.6340900128753,1.7907488541261145,8.484073578584113
5560.0,76.45722198486328,279.86537863221724,20.070970947096185,-281.811510338698,279.86537863221724,281.811510338698,191.23128892360245,18.28022209086102,-290.29558391287355,88.63408970861478,1.790748856235166,8.484073574175593
5568.0,76.56733703613281,279.8653838109728,20.070995617704785,-281.81149773401097,279.8653838109728,281.81149773401097,191.23129387638386,18.2802469270052,-290.29557145588313,88.63408993458893,1.7907486906995844,8.48407372187219
5576.0,76.67745208740234,279.86538760395194,20.0710105287355,-281.81150850059487,279.86538760395194,281.81150850059487,191.2312975489646,18.280261830086545,-290.2955822873812,88.63409005498738,1.7907486986489554,8.4840737867863
5584.0,76.7875747680664,279.86537894597666,20.07103458830975,-281.8114887759935,279.86537894597666,281.8114887759935,191.23128907326918,18.280285901035526,-290.2955624086327,88.6340898727075,1.790748687274224,8.484073632639204
5592.0,76.89768981933594,279.8653970883708,20.071059228052935,-281.8115100462761,279.8653970883708,281.8115100462761,191.231307259327,18.280310444150736,-290.2955839897752,88.6340898290438,1.790748783902199,8.484073943499094
5600.0,77.00780487060547,279.86539452472095,20.07107719283744,-281.81147436325693,279.86539452472095,281.81147436325693,191.23130471824817,18.280328582646717,-290.2955478706899,88.63408980647279,1.7907486101907217,8.484073507433006
5608.0,77.11792755126953,279.86540480124165,20.071102499531598,-281.8114893942328,279.86540480124165,281.8114893942328,191.2313150560052,18.280353866558258,-290.2955631842081,88.63408974523648,1.790748632973341,8.484073789975305
5616.0,77.22804260253906,279.86538670237644,20.071118691198624,-281.81146039433554,279.86538670237644,281.81146039433554,191.23129695998313,18.28037022758425,-290.29553425515024,88.63408974239329,1.7907484636143733,8.484073860814714
5624.0,77.3381576538086,279.8653993252281,20.071137726146844,-281.81142720663973,279.8653993252281,281.81142720663973,191.2313095641913,18.280389121700637,-290.29550109714205,88.63408976103682,1.7907486044462058,8.484073890502337
5632.0,77.44828033447266,279.86540830720617,20.071166773439817,-281.8114449199479,279.86540830720617,281.8114449199479,191.23131843409504,18.280418448919573,-290.29551862702095,88.6340898731111,1.7907483245202451,8.484073707073064
5640.0,77.55839538574219,279.8654076778985,20.07118208489033,-281.8114233321855,279.8654076778985,281.8114233321855,191.23131794155378,18.28043360249147,-290.29549707633066,88.63408973634469,1.7907484823988629,8.484073744145194
5648.0,77.66846466064453,279.86540482546053,20.071206391392614,-281.81140715120534,279.86540482546053,281.81140715120534,191.23131483494126,18.280457715719322,-290.29548087915714,88.63408999051926,1.790748675673294,8.484073727951815
5656.0,77.77857971191406,279.86540370995095,20.071226029855673,-281.8114066276184,279.86540370995095,281.8114066276184,191.2313140915877,18.280477558100202,-290.295480633524,88.63408961836325,1.7907484717554691,8.484074005905573
5664.0,77.8886947631836,279.8654043167452,20.071253395994788,-281.8113720639062,279.8654043167452,281.8113720639062,191.23131459629985,18.280504736990867,-290.2954459832139,88.63408972044536,1.7907486590039214,8.48407391930766
5672.0,77.99881744384766,279.8654038201217,20.071264898970192,-281.81137302509137,279.8654038201217,281.81137302509137,191.23131387001845,18.28051646608621,-290.29544707046705,88.63408995010322,1.7907484328839827,8.48407404537565
5680.0,78.10893249511719,279.8654200736836,20.071289681211375,-281.8113881110744,279.8654200736836,281.8113881110744,191.23133011850098,18.280541123597494,-290.2954618182028,88.63408995518262,1.790748557613882,8.484073707128385
5688.0,78.21904754638672,279.8654196651722,20.07131153710933,-281.81136910023304,279.8654196651722,281.81136910023304,191.23132958947355,18.280562871704664,-290.2954429108473,88.63409007569871,1.790748665404668,8.484073810614305
5696.0,78.32917022705078,279.8654149698343,20.07133413355959,-281.81135038220157,279.8654149698343,281.81135038220157,191.23132457577483,18.28058568356703,-290.295424368833,88.63409039405946,1.7907484499925603,8.484073986631408
5704.0,78.43928527832031,279.8654196434526,20.07135438794915,-281.81132051698137,279.8654196434526,281.81132051698137,191.231329474467,18.28060578096617,-290.2953946124478,88.63409016898555,1.7907486069829792,8.484074095466436
5712.0,78.54940032958984,279.8654195232835,20.07138122202997,-281.81131215468037,279.8654195232835,281.81131215468037,191.23132895000882,18.280632505461963,-290.2953861678338,88.63409057327468,1.7907487165680056,8.484074013153407
5720.0,78.6595230102539,279.86543340355195,20.071404253134318,-281.8113477765595,279.86543340355195,281.8113477765595,191.23134286564357,18.280655850336284,-290.2954218670427,88.63409053790835,1.7907484027980356,8.484074090483189
5728.0,78.76963806152344,279.86543429642853,20.071427145448673,-281.811335098229,279.86543429642853,281.811335098229,191.23134367705075,18.280679117810777,-290.295409379598,88.63409061937779,1.7907480276378953,8.484074281369026
5736.0,78.87975311279297,279.86542852422315,20.07144357568641,-281.8112841047842,279.86542852422315,281.8112841047842,191.2313379470359,18.280695162164726,-290.29535823889586,88.63409057718724,1.7907484135216833,8.48407413411166
5744.0,78.98987579345703,279.8654320679757,20.071467965384585,-281.81129749645686,279.8654320679757,281.81129749645686,191.2313413426293,18.280719570118254,-290.2953717931747,88.63409072534637,1.7907483952663297,8.48407429671781
5752.0,79.09999084472656,279.8654492325823,20.071480147450913,-281.81130510873953,279.8654492325823,281.81130510873953,191.23135854219106,18.280732224417108,-290.29537956961144,88.63409069039125,1.7907479230338046,8.484074460871934
5760.0,79.2101058959961,279.86543249211036,20.071514088394697,-281.81128526997145,279.86543249211036,281.81128526997145,191.23134147724022,18.280765959275612,-290.2953596003979,88.63409101487011,1.7907481291190832,8.484074330426445
5768.0,79.32022094726562,279.86543936946816,20.071539307300952,-281.8112680625354,279.86543936946816,281.8112680625354,191.23134831118233,18.280790925581215,-290.2953421799519,88.63409105828583,1.7907483817197383,8.484074117416498
5776.0,79.43033599853516,279.86544612073214,20.071562862170573,-281.8112670974889,279.86544612073214,281.8112670974889,191.23135508117667,18.28081463181512,-290.29534128063034,88.63409103955549,1.7907482303554554,8.484074183141416
5784.0,79.54045867919922,279.865444948696,20.071581228954557,-281.81124994552516,279.865444948696,281.81124994552516,191.23135392635132,18.28083339901519,-290.2953244442699,88.6340910223447,1.7907478299393684,8.484074498744747
5792.0,79.65057373046875,279.8654433797753,20.071596001362792,-281.8112077602111,279.8654433797753,281.8112077602111,191.2313520477336,18.280848161156904,-290.29528203282564,88.63409133204168,1.7907478402058885,8.484074272614524
5800.0,79.76068878173828,279.86545789457534,20.071631923001217,-281.8112334079706,279.86545789457534,281.8112334079706,191.23136636890064,18.28088400630336,-290.2953079250153,88.63409152567472,1.7907479166978577,8.484074517044725
5808.0,79.87081146240234,279.8654677061372,20.071653700049367,-281.8112235020223,279.8654677061372,281.8112235020223,191.23137580547325,18.280905807610935,-290.295298324155,88.63409190066398,1.7907478924384304,8.484074822132676
5816.0,79.9809341430664,279.8654704052248,20.07167599857251,-281.81122267153273,279.8654704052248,281.81122267153273,191.23137884374052,18.280928195177403,-290.29529733867184,88.6340915614843,1.7907478033951065,8.484074667139097
5824.0,80.09104919433594,279.86547576200894,20.071700419227447,-281.8112090109309,279.86547576200894,281.8112090109309,191.2313838904297,18.28095266239272,-290.2952836732628,88.63409187157924,1.790747756834727,8.484074662331906
5832.0,80.20116424560547,279.86546486694385,20.07171817503998,-281.8111867232541,279.86546486694385,281.8111867232541,191.23137268556994,18.280970207816537,-290.29526164144625,88.63409218137389,1.7907479672234423,8.484074918192189
5840.0,80.31128692626953,279.8654830314463,20.071752737158974,-281.8112007766043,279.8654830314463,281.8112007766043,191.23139099992255,18.281004923284286,-290.2952755276142,88.63409203152374,1.7907478138746873,8.48407475100986
5848.0,80.4214096069336,279.865486045565,20.071763615345393,-281.81119324300903,279.865486045565,281.81119324300903,191.23139381232014,18.28101556384658,-290.29526817148883,88.63409223324484,1.7907480514988139,8.484074928479801
5856.0,80.53152465820312,279.8654696558128,20.07179595597593,-281.811151629974,279.8654696558128,281.811151629974,191.23137742544674,18.28104836786267,-290.2952265965016,88.63409223036602,1.7907475881132582,8.484074966527615
5864.0,80.64163970947266,279.86547168620723,20.07182627429262,-281.8111641910548,279.86547168620723,281.8111641910548,191.2313792329815,18.281078615138217,-290.29523892234977,88.63409245322575,1.7907476591544,8.484074731294987
5872.0,80.75176239013672,279.86547537690495,20.07184072472352,-281.811151843508,279.86547537690495,281.811151843508,191.2313830015836,18.281092953838105,-290.29522646571263,88.63409237532136,1.7907477708854147,8.484074622204618
5880.0,80.86187744140625,279.8654829548266,20.0718720455,-281.81114924955034,279.8654829548266,281.81114924955034,191.23139058528892,18.281123982959723,-290.2952239770667,88.63409236953764,1.7907480625402776,8.484074727516393
5888.0,80.97199249267578,279.86548331900826,20.0718912480628,-281.811107097067,279.86548331900826,281.811107097067,191.23139051673581,18.281143365618206,-290.2951819663157,88.63409280227245,1.7907478824445944,8.48407486924867
5896.0,81.08210754394531,279.8654876903367,20.071916645308164,-281.811105806938,279.8654876903367,281.811105806938,191.23139493369104,18.281168776657918,-290.29518088294174,88.63409275664564,1.7907478686502456,8.48407507600375
5904.0,81.19216918945312,279.8654827708608,20.07194283763749,-281.8110833040652,279.8654827708608,281.8110833040652,191.2313898939909,18.281194851303653,-290.2951584095115,88.63409287686989,1.7907479863338382,8.484075105446268
5912.0,81.30228424072266,279.8654863783292,20.071967594966768,-281.8110682120291,279.8654863783292,281.8110682120291,191.23139353354486,18.281219738129007,-290.2951432688818,88.63409284478433,1.7907478568377622,8.48407505685273
5920.0,81.41240692138672,279.86549328836264,20.07199361063193,-281.8110788467852,279.86549328836264,281.8110788467852,191.2314000317612,18.281245591790736,-290.2951538779138,88.63409325660143,1.7907480188411968,8.484075031128539
5928.0,81.52252197265625,279.86550942055385,20.07201617312945,-281.81107320700403,279.86550942055385,281.81107320700403,191.23141619923354,18.28126846457763,-290.29514813783817,88.63409322132031,1.790747708551823,8.484074930834161
5936.0,81.63263702392578,279.8655040319186,20.072053053888254,-281.81106210849094,279.8655040319186,281.81106210849094,191.23141060744663,18.281305299643087,-290.29513711120734,88.63409342447193,1.7907477542451673,8.484075002716402
5944.0,81.74275970458984,279.8655082330448,20.072071335144088,-281.8110419239936,279.8655082330448,281.8110419239936,191.23141471688587,18.28132346696232,-290.2951168913941,88.63409351615891,1.7907478681817697,8.484074967400478
5952.0,81.85287475585938,279.86550979489164,20.07209382916116,-281.81103702462735,279.86550979489164,281.81103702462735,191.23141645120464,18.281346312612243,-290.2951121707954,88.63409334368703,1.790747516548917,8.48407514616804
5960.0,81.9629898071289,279.86551114067515,20.072123162171113,-281.811023852211,279.86551114067515,281.811023852211,191.23141747300934,18.281375664111486,-290.2950988122211,88.63409366766584,1.790747498059627,8.48407496001008
5968.0,82.07311248779297,279.8655199977436,20.072149041232848,-281.81102116919453,279.8655199977436,281.81102116919453,191.23142659133586,18.281401311364718,-290.29509653562087,88.63409340640777,1.7907477298681282,8.48407536642631
5976.0,82.1832275390625,279.8655142645167,20.072177949422638,-281.8109780242048,279.8655142645167,281.8109780242048,191.23142036870698,18.28143037219725,-290.2950536095933,88.63409389580973,1.790747577225389,8.484075585388517
5984.0,82.29334259033203,279.86551656156894,20.07220503187149,-281.8109840425286,279.86551656156894,281.8109840425286,191.23142267035126,18.281457439036878,-290.2950595601596,88.6340938912177,1.7907475928346122,8.484075517630941
5992.0,82.4034652709961,279.86552440074956,20.07223071046414,-281.81098725643386,279.86552440074956,281.81098725643386,191.23143020330141,18.28148305812629,-290.2950625408197,88.63409419744818,1.7907476523378483,8.484075284385849
6000.0,82.51358032226562,279.86553239088596,20.072256793368044,-281.8109690163009,279.86553239088596,281.8109690163009,191.23143785473033,18.28150942537957,-290.29504436462,88.63409453615566,1.7907473679884722,8.484075348319173
6008.0,82.62369537353516,279.8655307098137,20.07229020951479,-281.81094352258947,279.8655307098137,281.81094352258947,191.23143588000073,18.28154261691293,-290.29501901743805,88.63409482981294,1.7907475926018606,8.48407549484857
6016.0,82.73381805419922,279.8655530828554,20.072302743968518,-281.8109568693877,279.8655530828554,281.8109568693877,191.23145796287412,18.281555002036775,-290.29503199804134,88.63409511998125,1.7907477419317432,8.484075128653604
6024.0,82.84393310546875,279.8655377064807,20.072339426875104,-281.810929739378,279.8655377064807,281.810929739378,191.23144283266754,18.281591744220883,-290.2950052759294,88.63409487381321,1.7907476826542217,8.484075536551376
6032.0,82.95404815673828,279.86554496482194,20.07236858651004,-281.8109279827289,279.86554496482194,281.8109279827289,191.23144988599444,18.281621022617387,-290.2950037763198,88.6340950788275,1.790747563892654,8.484075793590904
6040.0,83.06417083740234,279.86553690428514,20.072395072404763,-281.81089358287414,279.86553690428514,281.81089358287414,191.2314415139173,18.28164737924938,-290.2949694213831,88.63409539036786,1.7907476931553807,8.484075838508936
6048.0,83.17428588867188,279.86554418960276,20.072425748634373,-281.810897396826,279.86554418960276,281.810897396826,191.23144856485092,18.281678123072368,-290.29497309493604,88.63409562475182,1.7907476255620072,8.484075698109994
6056.0,83.2844009399414,279.8655447216473,20.072450073221283,-281.810876581971,279.8655447216473,281.810876581971,191.23144947004414,18.281702614019295,-290.2949521465963,88.63409525160318,1.7907474592019899,8.484075564625284
6064.0,83.39452362060547,279.8655490947415,20.072484182638576,-281.81088368266467,279.8655490947415,281.81088368266467,191.23145352281156,18.28173662261608,-290.2949593724587,88.63409557192995,1.7907475600224947,8.484075689794047
6072.0,83.504638671875,279.8655480612171,20.07251619356466,-281.8108574116214,279.8655480612171,281.8108574116214,191.23145244015717,18.281768673240922,-290.2949328269772,88.63409562105994,1.7907475203237366,8.484075415355804
6080.0,83.61475372314453,279.86555498299185,20.07253995753327,-281.8108543613118,279.86555498299185,281.8108543613118,191.23145940263305,18.281792311973902,-290.29492989231574,88.63409558035883,1.7907476455593683,8.484075531003977
6088.0,83.7248764038086,279.86556174584257,20.072568420553985,-281.8108381015282,279.86556174584257,281.8108381015282,191.23146575782786,18.28182095991977,-290.2949139360672,88.6340959880147,1.7907474606342149,8.484075834538979
6096.0,83.83499145507812,279.8655673234721,20.072595476169376,-281.8108488726139,279.8655673234721,281.8108488726139,191.2314714423655,18.28184781043106,-290.29492474281085,88.63409588110656,1.7907476657383166,8.484075870196953
6104.0,83.94510650634766,279.86556478052296,20.07262823195628,-281.8108162235761,279.86556478052296,281.8108162235761,191.23146875706522,18.281880370845474,-290.2948921245672,88.63409602345777,1.7907478611108036,8.484075900991064
6112.0,84.05522918701172,279.86557672758215,20.072657592271355,-281.81082714668673,279.86557672758215,281.81082714668673,191.23148067945658,18.28190976004445,-290.294902939938,88.63409604812557,1.7907478322269057,8.484075793251321
6120.0,84.16534423828125,279.8655676718671,20.0726858557542,-281.81077605631606,279.8655676718671,281.81077605631606,191.23147157144746,18.281938183202698,-290.2948518544731,88.63409610041967,1.790747672551503,8.484075798157065
6128.0,84.27545928955078,279.8655777144896,20.0727158022253,-281.8107512395162,279.8655777144896,281.8107512395162,191.2314819435329,18.281968237861342,-290.2948273728509,88.63409577095668,1.790747564363957,8.484076133334671
6136.0,84.38558197021484,279.86557337864554,20.072743263875005,-281.81077207857277,279.86557337864554,281.81077207857277,191.2314777469095,18.28199560206249,-290.2948480066559,88.63409563173602,1.790747661812512,8.484075928083161
6144.0,84.49569702148438,279.8655935603439,20.072779912842428,-281.8107813246051,279.8655935603439,281.8107813246051,191.23149746257698,18.282031976620736,-290.2948571491195,88.63409609776693,1.7907479362216918,8.484075824514388
6152.0,84.6058120727539,279.86559192803475,20.0728068079559,-281.8107532762892,279.86559192803475,281.8107532762892,191.2314955894741,18.282059068079704,-290.29482904240035,88.63409633856065,1.7907477398761973,8.48407576611119
6160.0,84.71588134765625,279.8655902089199,20.072830301881822,-281.81071808545175,279.8655902089199,281.81071808545175,191.2314941361582,18.282082745646846,-290.29479409137264,88.63409607276172,1.7907475562349777,8.484076005920878
6168.0,84.82599639892578,279.8655896830693,20.072871503226573,-281.81071755444236,279.8655896830693,281.81071755444236,191.2314933813293,18.282123842909996,-290.2947937396699,88.63409630173999,1.790747660316577,8.484076185227517
6176.0,84.93611907958984,279.86560856132394,20.072899730222563,-281.81072401807637,279.86560856132394,281.81072401807637,191.23151205129614,18.282151823835363,-290.29480012032053,88.6340965100278,1.7907479063872005,8.484076102244163
6184.0,85.04623413085938,279.8656011505495,20.07293044555019,-281.81068759884886,279.8656011505495,281.81068759884886,191.23150470037297,18.28218286142405,-290.2947638109884,88.63409645017651,1.7907475841261373,8.484076212139534
6192.0,85.1563491821289,279.86559472458504,20.072961271455995,-281.8106629679088,279.86559472458504,281.8106629679088,191.2314979763084,18.282213645472826,-290.2947387962057,88.63409674827665,1.7907476259831672,8.484075828296929
6200.0,85.26647186279297,279.8656064944521,20.072987203785978,-281.8106687058313,279.8656064944521,281.8106687058313,191.23150991221027,18.282239475235233,-290.29474480808244,88.63409658224185,1.7907477285507447,8.484076102251151
6208.0,85.3765869140625,279.8656123948758,20.07302245252546,-281.8106526165217,279.8656123948758,281.8106526165217,191.23151563365116,18.282274765991605,-290.2947288490543,88.63409676122464,1.7907476865338552,8.484076232532658
6216.0,85.48670196533203,279.86562044468883,20.07305665743163,-281.8106517438324,279.86562044468883,281.8106517438324,191.2315231399856,18.282309195559414,-290.2947276456984,88.63409730470323,1.7907474618722148,8.484075901865998
6224.0,85.5968246459961,279.8656179970751,20.073091411239005,-281.8106307837777,279.8656179970751,281.8106307837777,191.23152091552538,18.282343856595595,-290.29470703589266,88.63409708154973,1.7907475546434117,8.48407625211496
6232.0,85.70693969726562,279.8656336110362,20.073116582279198,-281.8106440784642,279.8656336110362,281.8106440784642,191.23153626465097,18.282369050347658,-290.29472017595214,88.63409734638522,1.7907475319315402,8.484076097487957
6240.0,85.81705474853516,279.86562431823864,20.07314781586093,-281.81058931251704,279.86562431823864,281.81058931251704,191.23152691329898,18.282400298839672,-290.2946651134873,88.63409740493968,1.7907475170212592,8.484075800970292
6248.0,85.92717742919922,279.86563120559373,20.073183614670903,-281.81059633908166,279.86563120559373,281.81059633908166,191.23153359568408,18.28243604671325,-290.29467244871444,88.63409760990966,1.790747567957652,8.484076109632758
6256.0,86.03729248046875,279.8656361441589,20.07321794273344,-281.81058327618473,279.8656361441589,281.81058327618473,191.231538474106,18.28247011184363,-290.2946594789303,88.63409767005287,1.790747830889809,8.484076202745573
6264.0,86.14740753173828,279.8656397196592,20.073247260840148,-281.8105573844364,279.8656397196592,281.8105573844364,191.23154209657943,18.28249965648672,-290.29463341225636,88.63409762307977,1.7907476043534274,8.48407602781997
6272.0,86.25753021240234,279.865650132702,20.07328794359561,-281.81055802443274,279.865650132702,281.81055802443274,191.23155229786119,18.282540434511965,-290.2946341441799,88.63409783484083,1.790747509083646,8.484076119747137
6280.0,86.36764526367188,279.8656515491109,20.073318000114526,-281.81054096170624,279.8656515491109,281.81054096170624,191.23155381300674,18.282570739924502,-290.2946169528896,88.63409773610417,1.7907472601900238,8.484075991183396
6288.0,86.4777603149414,279.8656493902082,20.073349120035946,-281.81052495984324,279.8656493902082,281.81052495984324,191.23155118240717,18.282601484566424,-290.2946012130803,88.634098207801,1.790747635469521,8.484076253237049
6296.0,86.58788299560547,279.8656463989006,20.07338205465159,-281.81049016696977,279.8656463989006,281.81049016696977,191.23154810798098,18.282634534376307,-290.29456643189565,88.63409829091962,1.790747520275282,8.484076264925871
6304.0,86.697998046875,279.8656557104995,20.073416959667117,-281.81049196535895,279.8656557104995,281.81049196535895,191.23155754405786,18.28266945949955,-290.29456862673226,88.63409816644162,1.7907475001675657,8.484076661373308
6312.0,86.80810546875,279.86564588568046,20.073450510321255,-281.81046263856797,279.86564588568046,281.81046263856797,191.2315474479991,18.282703020415596,-290.2945390034089,88.63409843768136,1.7907474899056597,8.48407636484093
6320.0,86.9182357788086,279.865675658761,20.07348811918882,-281.81048356696203,279.865675658761,281.81048356696203,191.2315771497494,18.28274097391065,-290.2945597861146,88.63409850901158,1.7907471452781705,8.484076219152563
6328.0,87.0283432006836,279.86566171643676,20.073520485792265,-281.8104299265823,279.86566171643676,281.8104299265823,191.23156323836338,18.282773202586043,-290.2945062132401,88.6340984780734,1.7907472832062217,8.484076286657787
6336.0,87.13846588134766,279.8656817918147,20.073562715038214,-281.8104571515141,279.8656817918147,281.8104571515141,191.2315833653115,18.282815450734446,-290.29453356483856,88.63409842650321,1.7907472643037678,8.484076413324484
6344.0,87.24857330322266,279.86568552494333,20.073592507868156,-281.8104388036655,279.86568552494333,281.8104388036655,191.23158704882275,18.282845336675432,-290.29451512192577,88.63409847612058,1.7907471711927236,8.484076318260296
6352.0,87.35870361328125,279.8656854716796,20.073626618986847,-281.8104304657194,279.8656854716796,281.8104304657194,191.23158696332592,18.282879183290213,-290.2945069970739,88.63409850835372,1.790747435696633,8.48407653135451
6360.0,87.46881103515625,279.8656870079679,20.073664691933033,-281.8103998230611,279.8656870079679,281.8103998230611,191.2315882590812,18.282917317147408,-290.294476204146,88.63409874888669,1.7907473747856226,8.484076381084893
6368.0,87.57894134521484,279.8656652434115,20.07369702850936,-281.8103357808117,279.8656652434115,281.8103357808117,191.2315664441538,18.28294980999597,-290.2944123802385,88.63409879925769,1.790747218513392,8.484076599426745
6376.0,87.68904876708984,279.8656992030047,20.07372696526748,-281.81038383830196,279.8656992030047,281.81038383830196,191.23160068721978,18.282979440916247,-290.29446001804365,88.63409851578491,1.7907475243512332,8.484076179741708
6384.0,87.7991714477539,279.8656880363105,20.07376324836906,-281.8103402406864,279.8656880363105,281.8103402406864,191.23158929159922,18.28301575422428,-290.29441661283767,88.63409874471124,1.790747494144778,8.484076372151257
6392.0,87.9092788696289,279.86569558792553,20.073807929464877,-281.8103343414153,279.86569558792553,281.8103343414153,191.2315968337751,18.283060647792794,-290.29441071086876,88.63409875415047,1.7907472816720844,8.4840763694535
6400.0,88.0194091796875,279.86570696358194,20.073837624897152,-281.81032673388853,279.86570696358194,281.81032673388853,191.23160816191947,18.28309023758512,-290.29440309619946,88.63409880166247,1.79074738731203,8.48407636231095
6408.0,88.1295166015625,279.86570740455727,20.073875915970856,-281.8103102869428,279.86570740455727,281.8103102869428,191.2316086494949,18.28312863300239,-290.29438653825275,88.63409875506241,1.7907472829684634,8.484076251309926
6416.0,88.23958587646484,279.8657108327059,20.073915915136983,-281.8102879835616,279.8657108327059,281.8102879835616,191.23161211597818,18.283168609910604,-290.2943644194091,88.63409871672772,1.790747305226378,8.484076435847491
6424.0,88.3497085571289,279.86570851202634,20.07394503058993,-281.8102452250467,279.86570851202634,281.8102452250467,191.231609634319,18.283197727255057,-290.2943214657543,88.63409887770732,1.7907473033348724,8.48407624070762
6432.0,88.4598159790039,279.86572957226576,20.073989977606267,-281.8102833395408,279.86572957226576,281.8102833395408,191.23163061789762,18.28324264981314,-290.29435975226977,88.63409895436817,1.7907473277931265,8.484076412728992
6440.0,88.5699462890625,279.8657313037685,20.074024702655972,-281.810266177066,279.8657313037685,281.810266177066,191.23163213252644,18.283277313878123,-290.29434229358833,88.63409917124201,1.7907473887778478,8.4840761165223
6448.0,88.6800537109375,279.86572376112025,20.074062722475226,-281.81021409472834,279.86572376112025,281.81021409472834,191.2316243888264,18.283315421824007,-290.2942906010353,88.63409937229386,1.790747300651221,8.484076506306984
6456.0,88.7901840209961,279.86572636540757,20.074100663840518,-281.8102100680196,279.86572636540757,281.8102100680196,191.23162679087162,18.283353524309376,-290.2942867756378,88.63409957453592,1.7907471395311418,8.484076707618144
6464.0,88.9002914428711,279.8657265963256,20.074137445393816,-281.81018329222456,279.8657265963256,281.81018329222456,191.2316268592215,18.28339013626577,-290.2942601510608,88.6340997371041,1.7907473091280455,8.48407685883625
6472.0,89.01041412353516,279.8657318788579,20.074176489738488,-281.8101686381035,279.8657318788579,281.8101686381035,191.23163226654572,18.283429366095923,-290.29424537185355,88.63409961231218,1.7907471236425652,8.484076733750015
6480.0,89.12052154541016,279.8657380454794,20.07421849210264,-281.8101482566742,279.8657380454794,281.8101482566742,191.2316384543865,18.283471509228683,-290.2942248582557,88.6340995910929,1.7907469828739577,8.484076601581478
6488.0,89.23065185546875,279.86575713298913,20.074255287219483,-281.81016372534185,279.86575713298913,281.81016372534185,191.2316573968837,18.28350794814469,-290.29424045500576,88.63409973610543,1.7907473390747954,8.484076729663904
6496.0,89.34075927734375,279.86575987140816,20.074293908115155,-281.8101606811978,279.86575987140816,281.8101606811978,191.23165973439234,18.283546471156,-290.29423734598316,88.63410013701579,1.7907474369591538,8.484076664785391
6504.0,89.45088958740234,279.86574977637423,20.074329043270353,-281.8101060429353,279.86574977637423,281.8101060429353,191.2316497575236,18.283581947210134,-290.2941828151054,88.63410001885063,1.790747096060218,8.484076772170114
6512.0,89.56099700927734,279.8657670744019,20.074366116249095,-281.81011833417864,279.8657670744019,281.81011833417864,191.2316669504503,18.283619125073354,-290.2941951835776,88.63410012395164,1.790746991175741,8.484076849398962
6520.0,89.6711196899414,279.865779845666,20.07440263052188,-281.8101282072999,279.865779845666,281.8101282072999,191.23167974152386,18.283655353069232,-290.2942050136335,88.6341001041421,1.790747277452649,8.484076806333565
6528.0,89.7812271118164,279.8657732013792,20.074448285168735,-281.8100751311972,279.8657732013792,281.8100751311972,191.2316727989728,18.283700873250723,-290.29415165624397,88.63410040240643,1.7907474119180131,8.48407652504675
6536.0,89.891357421875,279.865769629326,20.074486738392864,-281.81004518653225,279.865769629326,281.81004518653225,191.23166890520926,18.283739295060666,-290.2941217398878,88.63410072411673,1.7907474433321955,8.484076553355571
6544.0,90.00146484375,279.8657795028844,20.07453229501117,-281.81002402240244,279.8657795028844,281.81002402240244,191.23167865467946,18.28378505420741,-290.29410060952887,88.63410084820492,1.7907472408037597,8.484076587126438
6552.0,90.1115951538086,279.86577279243954,20.07456980726557,-281.8100168104169,279.86577279243954,281.8100168104169,191.2316718787378,18.28382243689334,-290.2940934065309,88.63410091370176,1.7907473703722276,8.484076596113983
6560.0,90.2217025756836,279.86578605244495,20.074611051624927,-281.8100029823804,279.86578605244495,281.8100029823804,191.2316852880764,18.283863668990794,-290.2940799029678,88.63410076436858,1.7907473826341347,8.484076920587365
6568.0,90.33182525634766,279.86580440945716,20.07465269778919,-281.8100129449128,279.86580440945716,281.8100129449128,191.23170351081563,18.28390546812023,-290.2940896096759,88.6341008986415,1.7907472296689608,8.484076664763128
6576.0,90.44193267822266,279.8657816181172,20.074695401924703,-281.8099418177238,279.8657816181172,281.8099418177238,191.2316805589029,18.28394811945787,-290.2940187356586,88.63410105921429,1.7907472824668327,8.484076917934743
6584.0,90.55206298828125,279.86580671821076,20.074743540950973,-281.80998322348773,279.86580671821076,281.80998322348773,191.23170516314596,18.28399617440955,-290.294060085791,88.6341015550648,1.7907473665414244,8.484076862303233
6592.0,90.66217041015625,279.8658106926378,20.074774404097738,-281.8099547644254,279.8658106926378,281.8099547644254,191.2317094604172,18.28402699847711,-290.2940317044403,88.6341012322206,1.7907474056206265,8.484076940014852
6600.0,90.77230072021484,279.86581307421454,20.074816314911217,-281.8099092570464,279.86581307421454,281.8099092570464,191.2317115749249,18.284068927810257,-290.2939860539219,88.63410149928961,1.790747387100959,8.48407679687553
6608.0,90.88240814208984,279.86583555147547,20.0748518473726,-281.80995241001347,279.86583555147547,281.80995241001347,191.23173412409693,18.284104289399902,-290.2940294249341,88.63410142737854,1.7907475579726961,8.484077014920643
6616.0,90.9925308227539,279.8658396990427,20.07490270257395,-281.80990700893875,279.8658396990427,281.80990700893875,191.23173855161144,18.28415527432316,-290.29398381695853,88.63410114743122,1.79074742825079,8.484076808019797
6624.0,91.1026382446289,279.8658255768221,20.074940412165983,-281.8098777306699,279.8658255768221,281.8098777306699,191.231724081253,18.284193326366726,-290.2939547006432,88.63410149556907,1.7907470857992562,8.484076969973357
6632.0,91.2127685546875,279.86582162133993,20.07498468876362,-281.80985146947455,279.86582162133993,281.80985146947455,191.23172012058254,18.2842373281572,-290.29392846588604,88.63410150075738,1.7907473606064226,8.484076996411513
6640.0,91.3228759765625,279.8658144164479,20.07501939400293,-281.8098101001082,279.8658144164479,281.8098101001082,191.2317129926861,18.28427198707991,-290.29388707066005,88.63410142376178,1.7907474069230176,8.484076970551829
6648.0,91.4330062866211,279.86583498243283,20.075064805410832,-281.8098236776772,279.86583498243283,281.8098236776772,191.23173331663435,18.284317329888815,-290.2939005628128,88.63410166579851,1.790747475522016,8.484076885135583
6656.0,91.5431137084961,279.86584899131424,20.075102054358332,-281.80981434428327,279.86584899131424,281.80981434428327,191.23174747593333,18.284354656629553,-290.293891075847,88.63410151538092,1.7907473977287776,8.484076731563757
6664.0,91.65323638916016,279.86583533882225,20.07515394467942,-281.8097600585429,279.86583533882225,281.8097600585429,191.2317337005936,18.284406456428282,-290.2938368035518,88.63410163822866,1.790747488251137,8.484076745008924
6672.0,91.76329803466797,279.86585217462283,20.075192834431146,-281.8097817696559,279.86585217462283,281.8097817696559,191.2317505750421,18.28444543926902,-290.2938587703202,88.63410159958075,1.7907473951621249,8.484077000664282
6680.0,91.8734130859375,279.86585236013457,20.075234684577275,-281.80976946319134,279.86585236013457,281.80976946319134,191.23175099500168,18.284487538005344,-290.29384634243456,88.63410136513289,1.7907471465719302,8.484076879243194
6688.0,91.98352813720703,279.86585861811096,20.07528098246832,-281.80974962154795,279.86585861811096,281.80974962154795,191.23175721812333,18.284533592449847,-290.29382664983274,88.63410139998761,1.790747390018475,8.484077028284812
6696.0,92.0936508178711,279.86587087047286,20.07531529735123,-281.8097313461968,279.86587087047286,281.8097313461968,191.23176963404626,18.28456792709797,-290.29380820255653,88.6341012364266,1.7907473702532597,8.48407685635971
6704.0,92.20376586914062,279.86586895801315,20.075356795081284,-281.8097077665392,279.86586895801315,281.8097077665392,191.23176762125183,18.28460947795834,-290.29378469598606,88.63410133676133,1.7907473171229418,8.484076929446864
6712.0,92.31388092041016,279.8658768092443,20.075397447258894,-281.8096914997404,279.8658768092443,281.8096914997404,191.2317754809235,18.284650075927257,-290.29376842212764,88.63410132832081,1.7907473713316389,8.484076922387265
6720.0,92.42400360107422,279.8658690154216,20.075442163284542,-281.80966061763013,279.8658690154216,281.80966061763013,191.2317674156816,18.284694875590493,-290.2937374306923,88.63410159974,1.7907472876940504,8.48407681306216
6728.0,92.53411865234375,279.865885899983,20.0754882703072,-281.80966120205625,279.865885899983,281.80966120205625,191.2317847484255,18.284740981410298,-290.29373795630715,88.6341011515575,1.7907472888969025,8.484076754250886
6736.0,92.64423370361328,279.8658886884168,20.075534514715706,-281.80965509539703,279.8658886884168,281.80965509539703,191.23178734145034,18.284787207625136,-290.29373190023176,88.63410134696649,1.7907473070905677,8.484076804834727
6744.0,92.75435638427734,279.8658903091108,20.075576488682938,-281.80961703502174,279.8658903091108,281.80961703502174,191.2317886796157,18.284829369241884,-290.2936936585613,88.63410162949509,1.790747119441054,8.484076623539552
6752.0,92.86447143554688,279.8658954886379,20.07561895459474,-281.80960399583375,279.8658954886379,281.80960399583375,191.2317940002596,18.284871728673785,-290.29368086088306,88.63410148837829,1.7907472259209554,8.48407686504931
6760.0,92.9745864868164,279.865912099821,20.075663092969815,-281.8096122040263,279.865912099821,281.8096122040263,191.23181041943928,18.284915971512426,-290.2936887713546,88.6341016803817,1.7907471214573887,8.484076567328314
6768.0,93.08470916748047,279.86590255528927,20.07570952474147,-281.80955104055596,279.86590255528927,281.80955104055596,191.2318006887861,18.284962027905653,-290.2936279311023,88.63410186650316,1.7907474968358157,8.484076890546342
6776.0,93.19482421875,279.8659111977778,20.075744992853775,-281.80956959667407,279.8659111977778,281.80956959667407,191.2318094056958,18.28499767041876,-290.29364669018986,88.63410179208202,1.7907473224350126,8.484077093515817
6784.0,93.30493927001953,279.86591257981365,20.075796572401256,-281.8095330773203,279.86591257981365,281.8095330773203,191.23181073645128,18.285049341253718,-290.2936100056192,88.6341018433624,1.790747231147539,8.484076928298915
6792.0,93.4150619506836,279.8659195506415,20.0758395736019,-281.80951973047087,279.8659195506415,281.80951973047087,191.23181771036468,18.285091932195506,-290.29359680405685,88.63410184027677,1.7907476414063934,8.484077073585956
6800.0,93.52517700195312,279.86592801408244,20.075882029609964,-281.809490837065,279.86592801408244,281.809490837065,191.23182607167524,18.285134706977047,-290.29356800828737,88.63410194240721,1.7907473226329165,8.48407717122232
6808.0,93.63529205322266,279.8659373257442,20.07593553870974,-281.8095032193573,279.8659373257442,281.8095032193573,191.23183519886013,18.28518806123336,-290.2935803909984,88.63410212688407,1.7907474774763807,8.484077171641129
6816.0,93.74541473388672,279.8659300488066,20.075972396193144,-281.8094593399769,279.8659300488066,281.8094593399769,191.23182779511544,18.28522495897881,-290.2935363817163,88.63410225369114,1.7907474372143346,8.48407704173938
6824.0,93.85552978515625,279.8659485330419,20.07601763772307,-281.8094642325042,279.8659485330419,281.8094642325042,191.23184629724005,18.285270283967872,-290.2935412031948,88.63410223580183,1.7907473537551963,8.484076970690666
6832.0,93.96564483642578,279.8659383857147,20.076070163154007,-281.8094327476538,279.8659383857147,281.8094327476538,191.23183641897413,18.28532250267576,-290.2935096595691,88.63410196674059,1.7907476604782442,8.484076911915349
6840.0,94.07576751708984,279.86595194824065,20.076109895851463,-281.80940615693714,279.86595194824065,281.80940615693714,191.2318499452124,18.28536197177926,-290.29348330882146,88.63410200302826,1.7907479240722024,8.484077151884296
6848.0,94.18588256835938,279.86596850503497,20.076159147131378,-281.8094048313308,279.86596850503497,281.8094048313308,191.23186593925712,18.285411627984388,-290.29348174486154,88.63410256577782,1.7907475191469917,8.484076913530707
6856.0,94.2959976196289,279.8659526697336,20.07620125404392,-281.8093586454504,279.8659526697336,281.8093586454504,191.2318504224504,18.285453836851183,-290.2934357320141,88.63410224728315,1.790747417192737,8.484077086563651
6864.0,94.40612030029297,279.86597056193375,20.076244372079977,-281.8093668522077,279.86597056193375,281.8093668522077,191.23186829792826,18.285496871338825,-290.2934441659146,88.63410226400546,1.790747500741153,8.484077313706926
6872.0,94.5162353515625,279.8659741726517,20.076284851538077,-281.8093319555121,279.8659741726517,281.8093319555121,191.23187171520968,18.285537371899135,-290.2934090871902,88.63410245744204,1.7907474796389415,8.484077131678083
6880.0,94.62635040283203,279.86597433243196,20.07633791627166,-281.809304531224,279.86597433243196,281.809304531224,191.23187209923225,18.285590675271514,-290.29338166249454,88.6341022331997,1.7907472410001466,8.484077131270556
6888.0,94.7364730834961,279.8659777865803,20.076382470027774,-281.8092916064116,279.8659777865803,281.8092916064116,191.23187546828854,18.285634858806283,-290.29336872510095,88.63410231829172,1.79074761122149,8.484077118689353
6896.0,94.84658813476562,279.86597959169325,20.07643312390527,-281.80929254965787,279.86597959169325,281.80929254965787,191.23187748398894,18.28568556545329,-290.2933699101429,88.63410210770431,1.7907475584519839,8.484077360485056
6904.0,94.95670318603516,279.8659859905292,20.07647757205592,-281.8092375885529,279.8659859905292,281.8092375885529,191.23188367026745,18.285730064082223,-290.2933144933507,88.6341023202618,1.7907475079736983,8.484076904797805
6912.0,95.06682586669922,279.8659885373424,20.07652169738407,-281.8092256151404,279.8659885373424,281.8092256151404,191.23188630502415,18.28577431887156,-290.2933026920316,88.63410223231823,1.7907473785125099,8.484077076891179
6920.0,95.17694091796875,279.86599232403427,20.07657442831341,-281.809213949338,279.86599232403427,281.809213949338,191.2318898480685,18.28582686374277,-290.29329104341144,88.63410247596575,1.7907475645706414,8.48407709407342
6928.0,95.2870101928711,279.8660021223893,20.07661237428269,-281.8092063909404,279.8660021223893,281.8092063909404,191.23189978801844,18.285864874836292,-290.29328351940376,88.63410233437085,1.7907474994463968,8.48407712846334
6936.0,95.39712524414062,279.8660023066046,20.07666265316272,-281.80917868324764,279.8660023066046,281.80917868324764,191.23189989025485,18.28591516384916,-290.29325598304973,88.63410241634978,1.790747489313559,8.484077299802115
6944.0,95.50724029541016,279.86600854756784,20.07670868381172,-281.8091574967913,279.86600854756784,281.8091574967913,191.23190591825352,18.28596102208348,-290.29323441039287,88.6341026293143,1.7907476617282398,8.484076913601573
6952.0,95.61736297607422,279.8660141845943,20.076752250796062,-281.80913867503557,279.8660141845943,281.80913867503557,191.23191158607267,18.28600481524372,-290.2932155249529,88.63410259852165,1.7907474355523414,8.484076849917379
6960.0,95.72747802734375,279.8660242458102,20.076799543594497,-281.80913538121774,279.8660242458102,281.80913538121774,191.23192159042875,18.286052131606976,-290.2932124224941,88.63410265538141,1.7907474119875202,8.484077041276333
6968.0,95.83759307861328,279.8660250709282,20.076849439031474,-281.8090948926332,279.8660250709282,281.8090948926332,191.23192241284926,18.28610181487638,-290.29317211709457,88.6341026580789,1.7907476241550944,8.484077224461354
6976.0,95.94771575927734,279.8660292945687,20.07689900485576,-281.8090885131252,279.8660292945687,281.8090885131252,191.23192657360352,18.286151885498754,-290.29316551919976,88.63410272096519,1.7907471193570084,8.484077006074557
6984.0,96.05783081054688,279.86602814573524,20.076944038960782,-281.809079573374,279.86602814573524,281.809079573374,191.2319255009294,18.28619685426814,-290.29315675104016,88.63410264480584,1.7907471846926395,8.484077177666183
6992.0,96.1679458618164,279.8660460489971,20.076997165957735,-281.80906148884,279.8660460489971,281.80906148884,191.23194311413053,18.286249773080836,-290.29313866007857,88.63410293486652,1.7907473928769004,8.48407717123862
7000.0,96.27806854248047,279.8660387159105,20.077043468347995,-281.80901866375336,279.8660387159105,281.80901866375336,191.2319357881712,18.28629600356007,-290.29309578230936,88.6341029277393,1.7907474647879225,8.48407711855602
7008.0,96.38818359375,279.8660400186453,20.077083379133818,-281.8089796201015,279.8660400186453,281.8089796201015,191.23193692272076,18.286336368062887,-290.29305658178447,88.63410309592453,1.7907470110709323,8.484076961682943
7016.0,96.49829864501953,279.866048193272,20.077136815467252,-281.8089961712248,279.866048193272,281.8089961712248,191.23194514776122,18.28638962698988,-290.2930733997723,88.63410304551077,1.790747188477372,8.48407722854748
7024.0,96.6084213256836,279.86605702530875,20.077188284263258,-281.80896998019244,279.86605702530875,281.80896998019244,191.23195402763506,18.28644080171753,-290.2930469925551,88.6341029976737,1.7907474825457292,8.484077012362654
7032.0,96.71853637695312,279.8660695653231,20.077221052892636,-281.8089718069163,279.8660695653231,281.8089718069163,191.23196650621787,18.286473807000675,-290.2930487373338,88.63410305910519,1.7907472458919615,8.484076930417483
7040.0,96.82865142822266,279.86606208311076,20.07727972762594,-281.8089097478796,279.86606208311076,281.8089097478796,191.23195904007937,18.286532596334368,-290.2929869320908,88.63410304303139,1.7907471312915701,8.484077184211177
7048.0,96.93877410888672,279.86607330564755,20.07732509075604,-281.8088976494182,279.86607330564755,281.8088976494182,191.231970278014,18.28657777953659,-290.29297451742696,88.63410302763356,1.7907473112194525,8.484076868008728
7056.0,97.04888916015625,279.86606468365443,20.077372420816456,-281.80886668760706,279.86606468365443,281.80886668760706,191.23196167513166,18.286624948717915,-290.2929437313717,88.63410300852277,1.7907474720985412,8.484077043764596
7064.0,97.15900421142578,279.8660807450975,20.077425830639886,-281.80887071401105,279.8660807450975,281.80887071401105,191.23197767333755,18.286678563728632,-290.2929476586769,88.63410307175994,1.7907472669112527,8.484076944665823
7072.0,97.26912689208984,279.86608144439407,20.07747112700755,-281.8088368732248,279.86608144439407,281.8088368732248,191.2319783548377,18.286723886127568,-290.29291401411336,88.63410308955636,1.7907472408799814,8.48407714088861
7080.0,97.37924194335938,279.8660915306293,20.077518028500364,-281.80882297795137,279.8660915306293,281.80882297795137,191.23198828278322,18.28677078043599,-290.29289973167886,88.6341032478461,1.790747248064375,8.484076753727473
7088.0,97.4893569946289,279.8661123228452,20.07755997370168,-281.80883019348846,279.8661123228452,281.80883019348846,191.23200909860233,18.28681267903768,-290.29290706722793,88.63410322424288,1.7907472946639986,8.484076873739443
7096.0,97.59947967529297,279.86585282502267,20.077569133576773,-281.80870228348215,279.86585282502267,281.80870228348215,191.2317568654683,18.28682193814363,-290.2927773592428,88.63409595955437,1.7907471954331466,8.484075075760668
7104.0,97.7095947265625,279.86573454628626,20.07746383591642,-281.8086425003672,279.86573454628626,281.8086425003672,191.2316620742141,18.28671681341853,-290.29271274104633,88.63407247207218,1.7907470224978894,8.484070240679117
7112.0,97.81970977783203,279.86584829491744,20.077412442492648,-281.8088112600986,279.86584829491744,281.8088112600986,191.23178280193503,18.286665042451325,-290.292879489258,88.63406549298244,1.7907474000413215,8.48406822915937
7120.0,97.9298324584961,279.8658989933981,20.077400042731565,-281.80883078913456,279.8658989933981,281.80883078913456,191.23183413604534,18.28665315121434,-290.29289812696084,88.6340648573528,1.790746891517224,8.4840673378263
7128.0,98.03994750976562,279.8659294396017,20.07738414889873,-281.80881631291516,279.8659294396017,281.80881631291516,191.23186252504706,18.286637167213357,-290.29288398424285,88.63406691455461,1.7907469816853752,8.484067671327669
7136.0,98.15006256103516,279.8659782489201,20.07736790776921,-281.8088676853739,279.8659782489201,281.8088676853739,191.23190776936696,18.286621108426605,-290.2929357599589,88.63407047955316,1.7907467993426076,8.484068074584972
7144.0,98.26018524169922,279.86602527152786,20.07734886308031,-281.80888466104096,279.86602527152786,281.80888466104096,191.2319498581798,18.28660202339434,-290.29295347910966,88.63407541334806,1.79074683968597,8.484068818068673
7152.0,98.37030029296875,279.866063917731,20.077317536221848,-281.8089258609666,279.866063917731,281.8089258609666,191.23198360044626,18.28657090333462,-290.29299586688376,88.63408031728474,1.7907466328872292,8.48407000591715
7160.0,98.48041534423828,279.8660904284219,20.077293639846385,-281.8089490948297,279.8660904284219,281.8089490948297,191.23200450585506,18.28654691837891,-290.2930206414434,88.63408592256685,1.7907467214674746,8.484071546613691
7168.0,98.59053802490234,279.86611004803024,20.07727000188068,-281.8089732677347,279.86611004803024,281.8089732677347,191.2320196017501,18.28652325452468,-290.2930460226569,88.63409044628017,1.7907467473559997,8.484072754922181
7176.0,98.70065307617188,279.86610703739336,20.077233956346465,-281.8089525076419,279.86610703739336,281.8089525076419,191.23201185479843,18.286487436586143,-290.2930259430975,88.63409518259493,1.7907465197603232,8.484073435455636
7184.0,98.81070709228516,279.8661112534226,20.07721240570205,-281.8089923892651,279.8661112534226,281.8089923892651,191.2320127673878,18.286465618277017,-290.29306668670336,88.63409848603482,1.7907467874250322,8.484074297438244
7192.0,98.92083740234375,279.8660957248513,20.077185917770084,-281.8089731645285,279.8660957248513,281.8089731645285,191.2319957053645,18.28643920951385,-290.293047794215,88.63410001948677,1.7907467082562327,8.484074629686543
7200.0,99.03095245361328,279.8660931740611,20.077159659644217,-281.80899968385705,279.8660931740611,281.80899968385705,191.23199217250112,18.286413045864588,-290.29307453602905,88.63410100156003,1.7907466137796302,8.484074852171982
7208.0,99.14107513427734,279.8660916062531,20.077130556154387,-281.8090151838487,279.8660916062531,281.8090151838487,191.23199032599726,18.28638379023088,-290.2930902231136,88.63410128025586,1.7907467659235072,8.48407503926487
7216.0,99.25119018554688,279.86607196821114,20.07711348565813,-281.8089937799038,279.86607196821114,281.8089937799038,191.23197058931058,18.28636673886446,-290.2930685838094,88.63410137890057,1.7907467467936709,8.484074803905578
7224.0,99.3613052368164,279.8660422969689,20.07707402064607,-281.80897562859036,279.8660422969689,281.80897562859036,191.2319416170723,18.286327191507812,-290.29305061121266,88.63410067989662,1.7907468291382562,8.484074982622289
7232.0,99.47142791748047,279.8660421834106,20.07705490392297,-281.80900536905096,279.8660421834106,281.80900536905096,191.23194152020372,18.286308145539632,-290.293080228916,88.63410066320688,1.7907467583833387,8.484074859865002
7240.0,99.58154296875,279.86602680824757,20.07702166571853,-281.80901259191756,279.86602680824757,281.80901259191756,191.23192657647485,18.286274992721097,-290.2930873331706,88.63410023177272,1.7907466729974315,8.484074741253064
7248.0,99.69165802001953,279.86602845794164,20.076998926620956,-281.80904316406355,279.86602845794164,281.80904316406355,191.23192889145582,18.28625174137495,-290.29311783303626,88.63409956648582,1.7907471852460057,8.484074668972736
7256.0,99.8017807006836,279.86601875062627,20.076971953261165,-281.80905187720214,279.86601875062627,281.80905187720214,191.2319192727342,18.286225135083235,-290.2931264291978,88.6340994778921,1.7907468181779285,8.48407455199565
7264.0,99.91189575195312,279.8660161974983,20.07694328773601,-281.8090748380173,279.8660161974983,281.8090748380173,191.231917462945,18.286196480555407,-290.29314915985805,88.63409873455329,1.7907468071806045,8.484074321840767
7272.0,100.02201080322266,279.86599790504914,20.076915898203797,-281.8090666140971,279.86599790504914,281.8090666140971,191.23189955044236,18.286169276165616,-290.2931407947017,88.63409835460676,1.7907466220381814,8.484074180604578
7280.0,100.13213348388672,279.8660159075466,20.076889870395824,-281.8090993741176,279.8660159075466,281.8090993741176,191.23191778693382,18.286143035520524,-290.29317356874526,88.63409812061278,1.7907468348752982,8.484074194627668
7288.0,100.24224853515625,279.86600478517147,20.07686270082136,-281.80910260176734,279.86600478517147,281.80910260176734,191.23190675328598,18.28611598703629,-290.29317691892646,88.63409803188547,1.790746713785068,8.484074317159116
7296.0,100.35236358642578,279.8660028256807,20.07683043971989,-281.8091083235822,279.8660028256807,281.8091083235822,191.23190487439646,18.286083701047453,-290.2931826135102,88.63409795128425,1.7907467386724365,8.484074289927992
7304.0,100.46248626708984,279.86599129167075,20.076802754527762,-281.80912154433526,279.86599129167075,281.80912154433526,191.2318933431034,18.28605616984889,-290.29319568736963,88.63409794856736,1.7907465846788728,8.484074143034396
7312.0,100.57260131835938,279.8659898436197,20.076785635408616,-281.8091022342719,279.8659898436197,281.8091022342719,191.23189199368025,18.286038766249614,-290.293176615727,88.63409784993941,1.790746869159002,8.484074381455093
7320.0,100.6827163696289,279.8659956381292,20.076755978007327,-281.80914685043524,279.8659956381292,281.80914685043524,191.23189748528492,18.286009471356163,-290.29322131427494,88.63409815284433,1.7907465066511632,8.484074463839704
7328.0,100.79283905029297,279.86598346217426,20.076734534768956,-281.8091484631447,279.86598346217426,281.8091484631447,191.23188534128673,18.285987908980992,-290.2932227404259,88.63409812088753,1.790746625787965,8.484074277281175
7336.0,100.9029541015625,279.8659930509864,20.076705875250102,-281.80917312647705,279.8659930509864,281.80917312647705,191.23189492258462,18.285959101859838,-290.29324722458887,88.63409812840177,1.7907467733902651,8.484074098111801
7344.0,101.01306915283203,279.86599941721124,20.076677811329535,-281.809185167642,279.86599941721124,281.809185167642,191.23190123133207,18.28593130183244,-290.2932592770834,88.63409818587917,1.7907465094970938,8.484074109441408
7352.0,101.1231918334961,279.8659858686751,20.076653491656895,-281.80916885618785,279.8659858686751,281.80916885618785,191.23188745073304,18.28590699831424,-290.2932434242647,88.63409841794208,1.790746493342656,8.484074568076824
7360.0,101.23330688476562,279.86599619541204,20.076637426102955,-281.8091973899421,279.86599619541204,281.8091973899421,191.23189760182171,18.28589081857684,-290.293272111973,88.63409859359032,1.7907466075261187,8.484074722030947
7368.0,101.34342193603516,279.8659756656386,20.076598260870206,-281.8091696872011,279.8659756656386,281.8091696872011,191.23187708179134,18.28585172323335,-290.29324416863295,88.63409858384726,1.7907465376368554,8.484074481431808
7376.0,101.45354461669922,279.86597858156676,20.076579361231705,-281.8092080689999,279.86597858156676,281.8092080689999,191.23187969087894,18.285832656859846,-290.29328252188077,88.63409889068782,1.79074670437186,8.484074452880883
7384.0,101.56365966796875,279.8659747681189,20.07655844566403,-281.80922288896573,279.8659747681189,281.80922288896573,191.23187588648364,18.285811796297352,-290.29329748326757,88.63409888163527,1.7907466493666782,8.484074594301854
7392.0,101.67377471923828,279.86598935064046,20.076533414410335,-281.8092497870769,279.86598935064046,281.8092497870769,191.23189034383148,18.285787048593036,-290.2933243637747,88.63409900680898,1.7907463658172977,8.484074576697768
7400.0,101.78389739990234,279.86597167415545,20.076506662879048,-281.8092330434882,279.86597167415545,281.8092330434882,191.2318726592287,18.285760216674582,-290.2933080314888,88.63409901492672,1.7907464462044667,8.484074988000618
7408.0,101.89401245117188,279.8659843030034,20.0764803904614,-281.8092625869402,279.8659843030034,281.8092625869402,191.23188512560952,18.285733519649416,-290.2933370194609,88.63409917739392,1.790746870811982,8.484074432520753
7416.0,102.0041275024414,279.8659740160806,20.076456078407904,-281.80925531432314,279.8659740160806,281.80925531432314,191.23187427738452,18.28570970253471,-290.2933299661877,88.63409973869611,1.7907463758731943,8.484074651864532
7424.0,102.11425018310547,279.8659763427287,20.076433558169285,-281.809312808243,279.8659763427287,281.809312808243,191.23187687327666,18.28568696865524,-290.29338749318003,88.63409946945205,1.790746589514045,8.484074684936992
7432.0,102.224365234375,279.86595796686754,20.076408672360817,-281.8092574529148,279.86595796686754,281.8092574529148,191.23185838030423,18.285661934768765,-290.2933319440191,88.63409958656334,1.7907467375920527,8.484074491104328
7440.0,102.33443450927734,279.8659747589933,20.076377646937182,-281.8093278649994,279.8659747589933,281.8093278649994,191.23187518598644,18.28563107664855,-290.29340239529535,88.63409957300686,1.7907465702886345,8.484074530295953
7448.0,102.4445571899414,279.86597042478303,20.076355499118847,-281.8093221037452,279.86597042478303,281.8093221037452,191.23187092181965,18.285608757530465,-290.29339684031845,88.6340995029634,1.790746741588384,8.484074736573216
7456.0,102.5546646118164,279.86597371165016,20.076327938057787,-281.80933975546105,279.86597371165016,281.80933975546105,191.23187392984983,18.285581347779456,-290.2934143404158,88.63409978180032,1.7907465902783306,8.484074584954714
7464.0,102.664794921875,279.8659681471232,20.076307407182608,-281.8093288387178,279.8659681471232,281.8093288387178,191.2318684032918,18.28556075829372,-290.2934035377807,88.63409974383146,1.790746648888887,8.484074699062887
7472.0,102.77490234375,279.86594775218396,20.076287955452557,-281.80931082832944,279.86594775218396,281.80931082832944,191.23184789827684,18.28554145459197,-290.29338546606704,88.63409985390713,1.7907465008605836,8.484074637737585
7480.0,102.8850326538086,279.8659592058128,20.076260588060933,-281.8093685588268,279.8659592058128,281.8093685588268,191.23185922968455,18.285514342490742,-290.2934431464961,88.63409997612828,1.7907462455701912,8.484074587669266
7488.0,102.9951400756836,279.8659625553406,20.07623756174418,-281.80938308194834,279.8659625553406,281.80938308194834,191.2318626714624,18.28549112343336,-290.29345784878916,88.6340998838782,1.79074643831082,8.484074766840791
7496.0,103.10526275634766,279.8659638340172,20.0762003794388,-281.8093873239196,279.8659638340172,281.8093873239196,191.23186396145178,18.285454165947126,-290.29346207739763,88.63409987256537,1.7907462134916718,8.484074753478025
7504.0,103.21537017822266,279.8659573719728,20.076180476759998,-281.80938003549335,279.8659573719728,281.80938003549335,191.23185722967105,18.28543416181543,-290.2934549580351,88.63410014230175,1.7907463149445677,8.484074922541781
7512.0,103.32550048828125,279.86594182927746,20.076163930636692,-281.809366517129,279.86594182927746,281.809366517129,191.2318418223354,18.285417509331065,-290.2934411782999,88.63410000694205,1.7907464213056272,8.484074661170904
7520.0,103.43560791015625,279.8659496616963,20.076135823766183,-281.80939676510854,279.8659496616963,281.80939676510854,191.23184941474196,18.285389373097132,-290.2934713124392,88.63410024695429,1.7907464506690518,8.48407454733066
7528.0,103.54573822021484,279.8659354321011,20.07611200008555,-281.8093815069987,279.8659354321011,281.8093815069987,191.23183500539878,18.28536544630759,-290.29345625197385,88.63410042670228,1.7907465537779617,8.484074744975135
7536.0,103.65584564208984,279.865943981849,20.076088387954997,-281.8094252679753,279.865943981849,281.8094252679753,191.23184358335558,18.285341941061706,-290.29349993634855,88.63410039849342,1.7907464468932917,8.484074668373228
7544.0,103.7659683227539,279.8659348664783,20.076070659189547,-281.809423634784,279.8659348664783,281.809423634784,191.2318344249701,18.285324335448152,-290.29349856830333,88.63410044150822,1.7907463237413932,8.484074933519288
7552.0,103.8760757446289,279.86595176893996,20.076045997090226,-281.8094550957686,279.86595176893996,281.8094550957686,191.23185113656245,18.285299336876786,-290.2935297910666,88.63410063237751,1.7907466602134416,8.484074695297991
7560.0,103.9862060546875,279.8659449410742,20.076019766710814,-281.80943907575215,279.8659449410742,281.80943907575215,191.23184417988057,18.285273354894905,-290.29351409234823,88.6341007611936,1.7907464118159115,8.484075016596055
7568.0,104.0963134765625,279.86592873619605,20.076000691609494,-281.8094517011648,279.86592873619605,281.8094517011648,191.23182815131702,18.285254184396294,-290.2935266329372,88.63410058487905,1.7907465072132016,8.484074931772376
7576.0,104.2064437866211,279.8659301424776,20.07597750633243,-281.80946818587626,279.8659301424776,281.80946818587626,191.23182951690598,18.28523095019583,-290.2935428565727,88.63410062557165,1.7907465561365985,8.484074670696405
7584.0,104.3165512084961,279.8659224698893,20.075946111893185,-281.80948100485625,279.8659224698893,281.80948100485625,191.23182204648268,18.28519924801872,-290.29355598734986,88.63410042340664,1.7907468638744648,8.484074982493592
7592.0,104.42667388916016,279.8659152204469,20.07592280078373,-281.80946397188535,279.8659152204469,281.80946397188535,191.23181477767963,18.285176035931915,-290.2935390212325,88.63410044276725,1.7907467648518125,8.484075049347165
7600.0,104.53678131103516,279.8659262658387,20.0759028277295,-281.80948297654226,279.8659262658387,281.80948297654226,191.23182555649754,18.285155769044273,-290.2935576004626,88.63410070934117,1.7907470586852279,8.48407462392031
7608.0,104.64691162109375,279.86593272424216,20.07587736574903,-281.80951218026036,279.86593272424216,281.80951218026036,191.2318321674059,18.285130462605018,-290.2935868869271,88.63410055683624,1.7907469031440097,8.484074706666743
7616.0,104.75701904296875,279.8659268594669,20.075855916594993,-281.8095333421669,279.8659268594669,281.8095333421669,191.2318261929493,18.285109020118192,-290.2936080474414,88.63410066651761,1.7907468964767999,8.484074705274498
7624.0,104.86714935302734,279.86591251203515,20.0758337495926,-281.80952561767145,279.86591251203515,281.80952561767145,191.231811692665,18.285086922492297,-290.29360053042757,88.63410081937019,1.7907468271003033,8.4840749127561
7632.0,104.97725677490234,279.8659126748196,20.075807319694704,-281.8095492550643,279.8659126748196,281.8095492550643,191.23181190954705,18.28506054240996,-290.2936240802152,88.6341007652725,1.7907467772847472,8.484074825150874
7640.0,105.0873794555664,279.86592435628677,20.075786093374383,-281.80956992464684,279.86592435628677,281.80956992464684,191.23182360844845,18.28503915716508,-290.29364477856933,88.63410074783835,1.7907469362093043,8.484074853922518
7648.0,105.1974868774414,279.8659181334827,20.07576580453984,-281.8095405232099,279.8659181334827,281.8095405232099,191.23181722833903,18.285019012184762,-290.2936153712403,88.63410090514367,1.7907467923550797,8.484074848030442
7656.0,105.3076171875,279.8659108984168,20.075743153744412,-281.8095816879511,279.8659108984168,281.8095816879511,191.23180995687238,18.284996244043207,-290.2936565230507,88.63410094154442,1.7907469097012072,8.484074835099609
7664.0,105.417724609375,279.8659184323879,20.075718053319285,-281.8095691587417,279.8659184323879,281.8095691587417,191.23181746565885,18.284971101147384,-290.2936439692852,88.63410096672905,1.7907469521719017,8.484074810543497
7672.0,105.5278549194336,279.86590409670237,20.075691733029988,-281.8095917504038,279.86590409670237,281.8095917504038,191.23180328026046,18.28494471618859,-290.29366666429166,88.63410081644193,1.7907470168413964,8.484074913887842
7680.0,105.6379623413086,279.8658979964972,20.075674319763777,-281.80957730666177,279.8658979964972,281.80957730666177,191.23179728671823,18.28492742424556,-290.29365236927356,88.63410070977895,1.790746895518219,8.48407506261182
7688.0,105.74808502197266,279.8659058794554,20.075658647458678,-281.8096434585562,279.8659058794554,281.8096434585562,191.23180495431254,18.284911595792174,-290.2937184760614,88.63410092514286,1.7907470516665036,8.48407501750516
7696.0,105.8581314086914,279.86589222549304,20.075629867127724,-281.8096034419957,279.86589222549304,281.8096034419957,191.23179135591818,18.28488263392702,-290.2936786285986,88.63410086957488,1.7907472332007037,8.484075186602933
7704.0,105.96826171875,279.86589866723864,20.07561181450344,-281.8096226056122,279.86589866723864,281.8096226056122,191.23179767359315,18.284864845857523,-290.29369776930423,88.63410099364546,1.790746968645914,8.484075163692037
7712.0,106.078369140625,279.8658929331349,20.07558886154854,-281.80962691822594,279.8658929331349,281.80962691822594,191.23179204603082,18.284841632784847,-290.293701974758,88.63410088710405,1.7907472287636912,8.484075056532056
7720.0,106.1884994506836,279.86587862278594,20.075561864352313,-281.80961926491966,279.86587862278594,281.80961926491966,191.23177735407788,18.284814936275676,-290.2936944237036,88.63410126870806,1.7907469280766373,8.484075158783952
7728.0,106.2986068725586,279.8658776689997,20.075539341989113,-281.8096194924643,279.8658776689997,281.8096194924643,191.23177658365907,18.284792411730038,-290.2936946928437,88.6341010853406,1.7907469302590746,8.48407520037938
7736.0,106.40872955322266,279.86588695201687,20.07552186529547,-281.8096668340349,279.86588695201687,281.8096668340349,191.23178556619084,18.28477481391299,-290.2937421379459,88.63410138582603,1.7907470513824837,8.484075303911045
7744.0,106.51883697509766,279.86588138007676,20.07549878292692,-281.8096326680504,279.86588138007676,281.8096326680504,191.23178022593368,18.28475174377568,-290.2937076891045,88.63410115414311,1.7907470391512428,8.484075021054085
7752.0,106.62896728515625,279.86587790842134,20.07547648696448,-281.80964327386926,279.86587790842134,281.80964327386926,191.23177667935641,18.28472965952139,-290.2937186819189,88.63410122906492,1.7907468274430896,8.484075408049637
7760.0,106.73907470703125,279.8658727247823,20.075451118552795,-281.8096656491368,279.8658727247823,281.8096656491368,191.23177123190845,18.284704119433723,-290.2937406883867,88.63410149287387,1.7907469991190723,8.484075039249937
7768.0,106.84920501708984,279.86589367233194,20.075431310971382,-281.8097314423724,279.86589367233194,281.8097314423724,191.23179240594135,18.28468412015281,-290.29380675670313,88.63410126639056,1.7907471908185695,8.484075314330717
7776.0,106.95931243896484,279.86586828345276,20.075419098661374,-281.80966987285655,279.86586828345276,281.80966987285655,191.23176686836393,18.284671861350947,-290.2937453122888,88.63410141508885,1.790747237310427,8.4840754394323
7784.0,107.0694351196289,279.8658677668295,20.07538950230783,-281.80971666455383,279.8658677668295,281.80971666455383,191.23176639934348,18.284642357014537,-290.29379198932804,88.63410136748604,1.7907471452932908,8.484075324774228
7792.0,107.1795425415039,279.86587170287714,20.075370385791132,-281.80971489308337,279.86587170287714,281.80971489308337,191.23177019709067,18.284623325402332,-290.2937903640809,88.63410150578646,1.7907470603887994,8.484075470997551
7800.0,107.2896728515625,279.86586290895815,20.07534381801952,-281.80970743367817,279.86586290895815,281.80970743367817,191.23176146314574,18.284597085272004,-290.2937828243132,88.63410144581239,1.7907467327475128,8.484075390635056
7808.0,107.3997802734375,279.86586159579286,20.075334518298813,-281.8097359471649,279.86586159579286,281.8097359471649,191.23176005274837,18.2845872726149,-290.29381114240357,88.6341015430445,1.7907472456839129,8.484075195238692
7816.0,107.5099105834961,279.8658704691693,20.07530451817329,-281.8097512268388,279.8658704691693,281.8097512268388,191.23176859710264,18.28455773654423,-290.2938266512757,88.63410187206668,1.7907467816290623,8.484075424436927
7824.0,107.6200180053711,279.865871364493,20.07528495755427,-281.8097805083935,279.865871364493,281.8097805083935,191.23176939490733,18.284537941978602,-290.2938559977083,88.63410196958567,1.7907470155756675,8.484075489314831
7832.0,107.73014068603516,279.86586514996225,20.075262536721397,-281.8097586837962,279.86586514996225,281.8097586837962,191.23176335188168,18.284515346590627,-290.29383413871335,88.6341017980806,1.7907471901307703,8.484075454917175
7840.0,107.84024810791016,279.8658606753695,20.07523612520236,-281.809775199794,279.8658606753695,281.809775199794,191.2317583801797,18.28448911595428,-290.2938509430876,88.63410229518976,1.7907470092480784,8.484075743293587
7848.0,107.95037841796875,279.8658463093627,20.07521243344423,-281.809754063852,279.8658463093627,281.809754063852,191.23174414474386,18.28446547835328,-290.29382994295304,88.6341021646189,1.790746955090949,8.484075879101042
7856.0,108.06048583984375,279.8658596798284,20.075194039269554,-281.8097813973894,279.8658596798284,281.8097813973894,191.23175751236448,18.28444695919783,-290.2938570062911,88.63410216746394,1.7907470800717231,8.484075608901742
7864.0,108.17061614990234,279.86585367621393,20.075179621162448,-281.80980740268814,279.86585367621393,281.80980740268814,191.23175115236998,18.284432769121807,-290.2938828642101,88.63410252384396,1.7907468520406393,8.48407546152199
7872.0,108.28072357177734,279.86585252851506,20.07515476038902,-281.8098011043253,279.86585252851506,281.8098011043253,191.23175015912113,18.284407825455453,-290.29387677332073,88.63410236939393,1.7907469349335665,8.484075668995457
7880.0,108.3908462524414,279.865863023026,20.07513476561859,-281.8098403901066,279.865863023026,281.8098403901066,191.23176066740783,18.28438793750331,-290.29391570739824,88.63410235561821,1.790746828115279,8.484075317291616
7888.0,108.5009536743164,279.86584463026145,20.075119130240115,-281.8097975742062,279.86584463026145,281.8097975742062,191.23174209266733,18.28437235073284,-290.29387341915015,88.63410253759412,1.7907467795072742,8.484075844943984
7896.0,108.611083984375,279.86584333270855,20.075093510906875,-281.8098129045097,279.86584333270855,281.8098129045097,191.23174075929813,18.284346541295783,-290.2938885312409,88.63410257341042,1.7907469696110923,8.484075626731194
7904.0,108.72119140625,279.86584830835614,20.07507662569173,-281.809837736999,279.86584830835614,281.809837736999,191.23174570153282,18.284329646574953,-290.2939133530468,88.63410260682332,1.7907469791167738,8.484075616047814
7912.0,108.8313217163086,279.86585213337617,20.075063708177126,-281.80986662856867,279.86585213337617,281.80986662856867,191.23174941356595,18.284316462165904,-290.29394229840995,88.63410271981019,1.79074724601122,8.484075669841257
7920.0,108.9414291381836,279.8658473122629,20.075037381408855,-281.8098753679743,279.8658473122629,281.8098753679743,191.23174470902103,18.284290213250788,-290.2939510402945,88.63410260324181,1.7907471681580658,8.484075672320188
7928.0,109.05155181884766,279.86585025313576,20.075016468410812,-281.8098840232098,279.86585025313576,281.8098840232098,191.23174744193776,18.284269345845875,-290.29395966818794,88.634102811198,1.7907471225649365,8.484075644978113
7936.0,109.16165924072266,279.8658316278214,20.074992615743838,-281.80986861877125,279.8658316278214,281.80986861877125,191.23172885756355,18.28424560259721,-290.2939443251519,88.63410277025784,1.7907470131466274,8.48407570638065
7944.0,109.27178955078125,279.8658313009685,20.074971927303697,-281.80986771621315,279.8658313009685,281.80986771621315,191.23172841466618,18.284224881677453,-290.29394340868356,88.63410288630234,1.7907470456262429,8.48407569247043
7952.0,109.3818588256836,279.8658427068791,20.074945463010394,-281.80990928447846,279.8658427068791,281.80990928447846,191.2317397154328,18.28419839282841,-290.2939849815949,88.63410299144628,1.7907470701819825,8.484075697116433
7960.0,109.49198150634766,279.86584166997875,20.074936192362593,-281.8099064113093,279.86584166997875,281.8099064113093,191.23173869100674,18.28418914362606,-290.29398221578043,88.63410297897201,1.7907470487365291,8.484075804471102
7968.0,109.60208892822266,279.86583005020776,20.07491279553213,-281.8099049074778,279.86583005020776,281.8099049074778,191.231726936695,18.28416584965076,-290.29398050769777,88.63410311351277,1.7907469458813683,8.48407560021996
7976.0,109.71221923828125,279.8658219967399,20.07489200941511,-281.8098927824624,279.8658219967399,281.8098927824624,191.2317191222341,18.28414480305223,-290.2939683607084,88.6341028745058,1.7907472063628802,8.484075578245989
7984.0,109.82232666015625,279.8658320203188,20.07487239873928,-281.8099422405291,279.8658320203188,281.8099422405291,191.23172895199087,18.284125403792647,-290.2940178969417,88.63410306832792,1.790746994946634,8.48407565641261
7992.0,109.93245697021484,279.86581976455057,20.074847153088637,-281.8099358657007,279.86581976455057,281.8099358657007,191.23171698346493,18.28410024708701,-290.2940117947527,88.6341027810856,1.790746906001627,8.484075929051954
8000.0,110.04256439208984,279.8658096357767,20.07483070133111,-281.8099098150906,279.8658096357767,281.8099098150906,191.23170672179236,18.284083786855582,-290.2939855774644,88.63410291398432,1.7907469144755277,8.484075762373822
8008.0,110.1526870727539,279.8658156022545,20.074805910213822,-281.8099468343959,279.8658156022545,281.8099468343959,191.23171263953859,18.284058761512483,-290.2940225496355,88.63410296271589,1.7907471487013398,8.48407571523962
8016.0,110.2627944946289,279.86582316090005,20.074795071040946,-281.8099790785583,279.86582316090005,281.8099790785583,191.2317204145072,18.2840481241141,-290.29405501960974,88.63410274639284,1.7907469469268467,8.484075941051465
8024.0,110.3729248046875,279.8658154423948,20.074771445786798,-281.8099543939576,279.8658154423948,281.8099543939576,191.2317124457955,18.284024516105028,-290.29403036596113,88.63410299659931,1.7907469296817693,8.484075972003573
8032.0,110.4830322265625,279.8658152032024,20.07475123868223,-281.8099874588675,279.8658152032024,281.8099874588675,191.23171198841246,18.284004446303612,-290.2940630449622,88.63410321478995,1.7907467923786173,8.484075586094653
8040.0,110.5931625366211,279.8658021934183,20.074731109960602,-281.8099780265578,279.8658021934183,281.8099780265578,191.23169906801763,18.28398433360028,-290.2940539348975,88.63410312540064,1.790746776360324,8.484075908339655
8048.0,110.7032699584961,279.86587237378984,20.074726199446154,-281.810020978795,279.86587237378984,281.810020978795,191.23176742023225,18.283979283544394,-290.29409711036965,88.6341049535576,1.7907469159017593,8.484076131574621
8056.0,110.81339263916016,279.865937198121,20.074732938122352,-281.81002972301326,279.865937198121,281.81002972301326,191.23182795634364,18.283986059239247,-290.2941067411238,88.63410924177737,1.7907468788831045,8.48407701811054
8064.0,110.92350006103516,279.8659487486575,20.074752106337435,-281.8100173324716,279.8659487486575,281.8100173324716,191.23183458342265,18.284005159233356,-290.294095672338,88.63411416523482,1.7907469471040773,8.484078339866407
8072.0,111.03363037109375,279.8659714478737,20.074767920909483,-281.8100278234506,279.8659714478737,281.8100278234506,191.23185294319825,18.284021256103152,-290.29410693191306,88.63411850467543,1.7907466648063322,8.484079108462485
8080.0,111.14373779296875,279.86597047522764,20.074783408926717,-281.8100289387787,279.86597047522764,281.8100289387787,191.2318487428873,18.28403652963086,-290.2941086367634,88.6341217323403,1.7907468792958552,8.484079697984658
8088.0,111.25386810302734,279.8659799698953,20.074793500180416,-281.8100211871588,279.8659799698953,281.8100211871588,191.2318556985382,18.28404703895924,-290.2941010904251,88.63412427135712,1.7907464612211745,8.484079903266311
8096.0,111.36397552490234,279.86597026064817,20.074799269038287,-281.8100415130481,279.86597026064817,281.8100415130481,191.23184447248693,18.284052761376437,-290.29412155260115,88.63412578816127,1.7907465076618516,8.484080039553099
8104.0,111.4740982055664,279.86596730531653,20.074813854185777,-281.8100400690924,279.86596730531653,281.8100400690924,191.23184079448475,18.28406751632481,-290.29412033545645,88.63412651083175,1.7907463378609663,8.484080266364078
8112.0,111.5842056274414,279.8659502917578,20.074827039126365,-281.81003062737165,279.8659502917578,281.81003062737165,191.23182309517196,18.284080535123444,-290.2941112724459,88.6341271965859,1.7907465040029216,8.484080645074236
8120.0,111.6943359375,279.86592889193685,20.07483485620579,-281.80995774874856,279.86592889193685,281.80995774874856,191.23180187467605,18.284088235262384,-290.29403841296073,88.63412701726082,1.7907466209434064,8.484080664212183
8128.0,111.804443359375,279.86592402638087,20.074851295094735,-281.8099674008814,279.86592402638087,281.8099674008814,191.2317974543016,18.284104534696834,-290.29404790924906,88.63412657207923,1.7907467603979006,8.484080508367633
8136.0,111.9145736694336,279.86593827332433,20.074863117173436,-281.81000282107095,279.86593827332433,281.81000282107095,191.23181221342327,18.28411680505753,-290.29408313663635,88.63412605990108,1.790746312115905,8.484080315565393
8144.0,112.0246810913086,279.8659083404237,20.074887335841158,-281.8099655871028,279.8659083404237,281.8099655871028,191.23178275119648,18.284141011352567,-290.29404565027875,88.63412558922722,1.7907463244885902,8.484080063175973
8152.0,112.13480377197266,279.86591698663506,20.07489360924274,-281.80998593806225,279.86591698663506,281.80998593806225,191.2317917930211,18.284147315502366,-290.294065953062,88.63412519361397,1.7907462937403729,8.484080014999712
8160.0,112.24492645263672,279.86590913683045,20.074909837539764,-281.80997803917876,279.86590913683045,281.80997803917876,191.2317845874421,18.284163451132528,-290.2940579253861,88.63412454938836,1.7907463864072337,8.484079886207322
8168.0,112.35504150390625,279.8659186932141,20.07494020373897,-281.80996400297687,279.8659186932141,281.80996400297687,191.2317943184446,18.284193957165463,-290.2940437949725,88.63412437476948,1.7907462465735042,8.484079791995622
8176.0,112.46514892578125,279.86592077429896,20.074953663514357,-281.809960785675,279.86592077429896,281.809960785675,191.2317970010405,18.284207197953393,-290.2940404969811,88.63412377325844,1.7907464655609626,8.484079711306082
8184.0,112.57527923583984,279.8659303823594,20.074967341331433,-281.80995766911116,279.8659303823594,281.80995766911116,191.2318070885693,18.28422110849902,-290.29403749838826,88.63412329379011,1.790746232832416,8.484079829277103
8192.0,112.68538665771484,279.86592669955473,20.07499413090261,-281.8099466487827,279.86592669955473,281.8099466487827,191.2318035953257,18.284247656208723,-290.2940261425433,88.63412310422902,1.7907464746938873,8.4840794937606
8200.0,112.7955322265625,279.8659228501282,20.075007495586092,-281.8099294919931,279.8659228501282,281.8099294919931,191.23179974889658,18.284261027629782,-290.2940091128276,88.63412310123162,1.7907464679563105,8.484079620834523
8208.0,112.9056625366211,279.86593806803785,20.07502905776093,-281.8099534786057,279.86593806803785,281.8099534786057,191.23181498439294,18.284282445859006,-290.2940331899012,88.63412308364491,1.7907466119019224,8.484079711295534
8216.0,113.0157241821289,279.8659377689603,20.075052749013537,-281.8099418209036,279.8659377689603,281.8099418209036,191.23181495206302,18.28430619774921,-290.2940213156032,88.63412281689726,1.790746551264328,8.4840794946996
8224.0,113.12579345703125,279.86590283322073,20.07507110444851,-281.80985921665797,279.86590283322073,281.80985921665797,191.23177983119263,18.28432485381628,-290.29393903629966,88.63412300202808,1.7907462506322336,8.484079819641696
8232.0,113.23590087890625,279.86594804374556,20.07509216228424,-281.8099207746192,279.86594804374556,281.8099207746192,191.231824800914,18.284345727265695,-290.29400063527197,88.63412324283158,1.7907464350185451,8.484079860652798
8240.0,113.34603118896484,279.865953662869,20.075118110081377,-281.809899811689,279.865953662869,281.809899811689,191.23183053174563,18.284371635621348,-290.2939798866191,88.63412313112337,1.790746474460029,8.484080074930148
8248.0,113.45613861083984,279.86594246146694,20.075142638701607,-281.80987403709406,279.86594246146694,281.80987403709406,191.2318191854876,18.284396452498502,-290.2939541242411,88.6341232759793,1.7907461862031049,8.484080087147051
8256.0,113.5662612915039,279.86593807612644,20.075165974419082,-281.80986120208206,279.86593807612644,281.80986120208206,191.23181446852237,18.28441952218772,-290.29394109346094,88.63412360760404,1.7907464522313639,8.484079891378862
8264.0,113.6763687133789,279.86595092420544,20.07518345391339,-281.80988018533895,279.86595092420544,281.80988018533895,191.2318268961349,18.28443690338856,-290.2939601997016,88.63412402807054,1.7907465505248314,8.48408001436261
8272.0,113.7864990234375,279.8659609485211,20.075217774407726,-281.80984911769696,279.8659609485211,281.80984911769696,191.23183693611165,18.284471237210376,-290.2939288622566,88.63412401240946,1.7907465371973483,8.484079744559658
8280.0,113.8966064453125,279.86597478766,20.075238421917604,-281.8098778413506,279.86597478766,281.8098778413506,191.23185055357754,18.284491804211324,-290.2939577383835,88.6341242340824,1.7907466177062812,8.484079897032899
8288.0,114.0067367553711,279.86594821119763,20.07525558003726,-281.8098038624708,279.86594821119763,281.8098038624708,191.23182360973237,18.284509418028666,-290.29388355223216,88.63412460146527,1.7907461620085963,8.484079689761362
8296.0,114.1168441772461,279.86595784193435,20.075285523097847,-281.809814183511,279.86595784193435,281.809814183511,191.23183368092944,18.28453907317677,-290.2938940107849,88.63412416100488,1.7907464499210786,8.484079827273916
8304.0,114.22696685791016,279.8659677639449,20.075306278696182,-281.80982919620425,279.8659677639449,281.80982919620425,191.2318433188584,18.284559755161066,-290.2939089762005,88.63412444508651,1.790746523535117,8.48407977999626
8312.0,114.33707427978516,279.8659524220396,20.07533353483496,-281.8097730169831,279.8659524220396,281.8097730169831,191.23182767270092,18.284586970346634,-290.2938528785434,88.63412474933867,1.7907465644883285,8.484079861560325
8320.0,114.44720458984375,279.86598913024983,20.07536179760563,-281.8098122179526,279.86598913024983,281.8098122179526,191.2318642245256,18.28461521539056,-290.293892403051,88.63412490572424,1.790746582215073,8.48408018509846
8328.0,114.55731201171875,279.86597781526035,20.07537922649656,-281.8097906280721,279.86597781526035,281.8097906280721,191.23185283402432,18.28463276879524,-290.29387060070917,88.63412498123604,1.7907464577013172,8.48407997263706
8336.0,114.66744232177734,279.8659893828657,20.075412036764117,-281.8097984106778,279.8659893828657,281.8097984106778,191.23186464340904,18.284665695383993,-290.29387826693664,88.63412473945664,1.7907463413801246,8.484079856258877
8344.0,114.77754974365234,279.8659601821266,20.07543705821047,-281.8097444969446,279.8659601821266,281.8097444969446,191.23183531688306,18.284690771976642,-290.2938243782307,88.63412486524355,1.7907462862338246,8.484079881286092
8352.0,114.88766479492188,279.86597142573873,20.075466407094773,-281.80973306109075,279.86597142573873,281.80973306109075,191.2318465590531,18.28472016623948,-290.2938129062808,88.63412486668562,1.7907462408552917,8.484079845190038
8360.0,114.9977798461914,279.86598498587773,20.075490730036233,-281.8097487595646,279.86598498587773,281.8097487595646,191.2318601182942,18.28474430444981,-290.29382848296405,88.63412486758351,1.7907464255864234,8.484079723399411
8368.0,115.10791015625,279.86597364617273,20.075512865124363,-281.8096993303847,279.86597364617273,281.8096993303847,191.23184878813046,18.28476656065002,-290.29377883269194,88.63412485804228,1.790746304474343,8.484079502307239
8376.0,115.218017578125,279.8659726347257,20.075544733111844,-281.80969096502986,279.8659726347257,281.80969096502986,191.23184802963766,18.28479831926122,-290.29377085913586,88.63412460508803,1.7907464138506226,8.484079894105978
8384.0,115.32813262939453,279.8659620658277,20.07557199261513,-281.8096681129096,279.8659620658277,281.8096681129096,191.23183738487893,18.28482552270706,-290.29374780364174,88.63412468094882,1.7907464699080737,8.48407969073215
8392.0,115.4382553100586,279.8659959559641,20.075599906983815,-281.8096928115095,279.8659959559641,281.8096928115095,191.2318713411833,18.28485339375584,-290.2937723549806,88.6341246147808,1.790746513227977,8.48407954347115
8400.0,115.54837036132812,279.8659878543972,20.075620259045323,-281.80968199923456,279.8659878543972,281.80968199923456,191.2318629122721,18.284873713284888,-290.2937615349815,88.63412494212511,1.7907465457604346,8.484079535746938
8408.0,115.65848541259766,279.86599789630657,20.075653435936303,-281.8096947508253,279.86599789630657,281.8096947508253,191.23187309227802,18.28490706892358,-290.2937743532327,88.63412480402857,1.790746367012721,8.484079602407398
8416.0,115.76860809326172,279.8660030603568,20.07567728141012,-281.8096488987767,279.8660030603568,281.8096488987767,191.23187802278076,18.28493086831908,-290.2937283927268,88.63412503757604,1.79074641309104,8.484079493950105
8424.0,115.87872314453125,279.866000411938,20.07570526571278,-281.8096353874218,279.866000411938,281.8096353874218,191.23187525613125,18.28495864490057,-290.2937149471459,88.63412515580674,1.790746620812211,8.48407955972409
8432.0,115.98883819580078,279.8660059039621,20.0757313312718,-281.8096625006058,279.8660059039621,281.8096625006058,191.23188101052898,18.284984745283957,-290.2937420039291,88.63412489343312,1.7907465859878426,8.484079503323324
8440.0,116.09896087646484,279.8660140180098,20.075755907386824,-281.80963445306395,279.8660140180098,281.80963445306395,191.2318889098279,18.285009401766597,-290.2937142438896,88.63412510818195,1.7907465056202279,8.484079790825668
8448.0,116.20907592773438,279.86600580700576,20.075792093434263,-281.8096054920951,279.86600580700576,281.8096054920951,191.2318810417605,18.28504555278583,-290.29368529710024,88.6341247652453,1.7907465406484322,8.484079805005148
8456.0,116.3191909790039,279.86602151481236,20.07581558313185,-281.8096030127576,279.86602151481236,281.8096030127576,191.23189659845048,18.28506921456099,-290.29368271630244,88.63412491636186,1.7907463685708587,8.484079703544847
8464.0,116.42931365966797,279.8660296669665,20.075848187728976,-281.8096281016221,279.8660296669665,281.8096281016221,191.2319046601203,18.285101496529887,-290.29370752702255,88.63412500684619,1.7907466911990886,8.484079425400475
8472.0,116.5394287109375,279.8660284871884,20.075872670302182,-281.80961706593473,279.8660284871884,281.80961706593473,191.23190355850645,18.285126434472843,-290.2936966948798,88.63412492868193,1.7907462358293378,8.48407962894511
8480.0,116.64954376220703,279.8660114844984,20.075904517827418,-281.80954023493075,279.8660114844984,281.80954023493075,191.23188641692806,18.28515822816406,-290.2936200348332,88.63412506757035,1.790746289663356,8.484079799902496
8488.0,116.7596664428711,279.8660284301453,20.075935515044918,-281.8095632069149,279.8660284301453,281.8095632069149,191.23190338519947,18.28518916663048,-290.2936427119152,88.63412504494588,1.7907463484144364,8.484079505000299
8496.0,116.86978149414062,279.866027447473,20.075961464685136,-281.8095441077923,279.866027447473,281.8095441077923,191.23190255215803,18.285214950568985,-290.2936235519405,88.63412489531501,1.7907465141161492,8.48407944414823
8504.0,116.97989654541016,279.8660423904721,20.075986238066662,-281.8095690152653,279.8660423904721,281.8095690152653,191.2319171107153,18.285239993227403,-290.29364816763257,88.63412527975683,1.7907462448392586,8.484079152367233
8512.0,117.09000396728516,279.86602505990066,20.07602217933991,-281.80952034126034,279.86602505990066,281.80952034126034,191.23190001138195,18.28527581600531,-290.29359979815985,88.63412504851871,1.7907463633345984,8.484079456899494
8520.0,117.20013427734375,279.86603077238556,20.07605133178629,-281.8095044680962,279.86603077238556,281.8095044680962,191.23190592014555,18.285304816893966,-290.2935836700182,88.63412485224003,1.7907465148923212,8.484079201922063
8528.0,117.31024169921875,279.86603014661057,20.07608266265801,-281.80950479428725,279.86603014661057,281.80950479428725,191.23190515310696,18.285336247140968,-290.29358407996875,88.63412499350363,1.7907464155170425,8.484079285681478
8536.0,117.42037200927734,279.8660538713243,20.076112549398363,-281.8095101602012,279.8660538713243,281.8095101602012,191.2319291695277,18.2853661384825,-290.29358916687937,88.63412470179665,1.7907464109158608,8.484079006678119
8544.0,117.53047943115234,279.86604316868625,20.076138404191784,-281.80947791120474,279.86604316868625,281.80947791120474,191.23191842986375,18.285392122242726,-290.2935574239643,88.63412473882249,1.7907462819490574,8.484079512759529
8552.0,117.6406021118164,279.8660499465831,20.07616923775951,-281.8094722040943,279.8660499465831,281.8094722040943,191.2319250988124,18.28542292893877,-290.2935516132986,88.63412484777066,1.7907463088207356,8.484079409204279
8560.0,117.7507095336914,279.8660529690431,20.076208576714066,-281.80942729472883,279.8660529690431,281.80942729472883,191.2319285578858,18.285462227193193,-290.2935070017064,88.63412441115732,1.790746349520874,8.484079706977566
8568.0,117.86083984375,279.86606251818523,20.076230742243013,-281.8094640906092,279.86606251818523,281.8094640906092,191.23193753361133,18.285484690099363,-290.29354373037484,88.63412498457392,1.790746052143648,8.484079639765646
8576.0,117.970947265625,279.8660669194994,20.07625900658723,-281.80946101821854,279.8660669194994,281.80946101821854,191.231942472578,18.28551273672353,-290.2935403662133,88.63412444692139,1.790746269863699,8.484079347994737
8584.0,118.0810775756836,279.8660601549303,20.076294632651496,-281.8094052999317,279.8660601549303,281.8094052999317,191.23193539131017,18.285548139924984,-290.2934846992994,88.63412476362016,1.7907464927265107,8.484079399367689
8592.0,118.1911849975586,279.86607792296934,20.076327075532912,-281.8094183357439,279.86607792296934,281.8094183357439,191.23195323548285,18.285580807677636,-290.2934977305813,88.63412468748648,1.7907462678552752,8.484079394837385
8600.0,118.30130767822266,279.8660760468117,20.076354158817196,-281.80939022370467,279.8660760468117,281.80939022370467,191.23195115836302,18.285607923107243,-290.29346957532425,88.6341248884487,1.790746235709955,8.484079351619567
8608.0,118.41141510009766,279.86607239420243,20.07638662268353,-281.80938110697076,279.86607239420243,281.80938110697076,191.2319473911797,18.285640103318244,-290.2934603484822,88.63412500302276,1.7907465193652845,8.484079241511427
8616.0,118.52154541015625,279.8660729500702,20.076414704799372,-281.8093546359687,279.8660729500702,281.8093546359687,191.23194793326715,18.285668423520256,-290.29343412062326,88.63412501680304,1.7907462812791168,8.484079484654554
8624.0,118.63165283203125,279.8660801481897,20.07644592338982,-281.8093616425194,279.8660801481897,281.8093616425194,191.23195524438466,18.28569953191653,-290.2934410583579,88.63412490380504,1.790746391473288,8.484079415838568
8632.0,118.74178314208984,279.86608412765145,20.07647683501642,-281.80933737282646,279.86608412765145,281.80933737282646,191.23195934167424,18.28573038385581,-290.2934167217655,88.6341247859772,1.7907464511606097,8.48407934893904
8640.0,118.85189819335938,279.86608773667444,20.07650878713143,-281.8093253387687,279.86608773667444,281.8093253387687,191.2319629161347,18.28576261560815,-290.2934046677472,88.63412482053974,1.790746171523283,8.484079328978513
8648.0,118.9620132446289,279.866086382625,20.076543736181115,-281.8092904587055,279.866086382625,281.8092904587055,191.23196168783602,18.285797556424633,-290.29336978645694,88.63412469478894,1.790746179756483,8.484079327751425
8656.0,119.0721206665039,279.8660908224492,20.07656996358469,-281.80931671412117,279.8660908224492,281.80931671412117,191.23196642222248,18.285823668956237,-290.29339596186986,88.63412440022677,1.79074629462845,8.4840792477487
8664.0,119.1822509765625,279.8660873947981,20.07659608253379,-281.809294643811,279.8660873947981,281.809294643811,191.23196281135333,18.28584974516542,-290.29337369433506,88.63412458344479,1.7907463373683692,8.484079050524116
8672.0,119.29236602783203,279.86609786758,20.07663017429448,-281.80929908854284,279.86609786758,281.80929908854284,191.23197373291947,18.285883872702147,-290.2933784111166,88.6341241346605,1.7907463015923328,8.484079322573711
8680.0,119.4024887084961,279.86609951083074,20.076666753293804,-281.8092600579892,279.86609951083074,281.8092600579892,191.23197525050944,18.285920613761647,-290.2933392373642,88.63412426032133,1.790746139532156,8.48407917937498
8688.0,119.51260375976562,279.86609644545007,20.076698326685857,-281.80925027923064,279.86609644545007,281.80925027923064,191.23197201787949,18.285951857021395,-290.2933293604988,88.63412442757057,1.7907464696644606,8.484079081268119
8696.0,119.62271881103516,279.8661189353555,20.076730344483238,-281.80925305293283,279.8661189353555,281.80925305293283,191.23199425516202,18.28598382870979,-290.29333222322214,88.63412468019347,1.7907465157734475,8.48407917028933
8704.0,119.73284149169922,279.866109134281,20.076760630708698,-281.8092351113365,279.866109134281,281.8092351113365,191.23198464369978,18.286014516503137,-290.2933141152646,88.6341244905812,1.7907461142055592,8.484079003928091
8712.0,119.84295654296875,279.866118231707,20.076795633214324,-281.8092319359128,279.866118231707,281.8092319359128,191.23199348691514,18.286049314522494,-290.29331128754876,88.63412474479182,1.7907463186918307,8.484079351635973
8720.0,119.95307159423828,279.8661108954552,20.07682112433074,-281.80920106130213,279.8661108954552,281.80920106130213,191.2319863032589,18.286074822729507,-290.2932804781531,88.63412459219634,1.7907463016012315,8.48407941685101
8724.0,120.00811004638672,279.8661237012271,20.07684372195937,-281.80919319955336,279.8661237012271,281.80919319955336,191.23199933496875,18.286097335650688,-290.29327218915824,88.63412436625833,1.790746386308684,8.484078989604887
