step,rel_l2_u,rel_l2_p,max_abs_du,argmax_du,max_abs_dp,argmax_dp,box_rel_l2_u,box_max_abs_du,box_max_abs_dp,drag_rel_diff,downforce_rel_diff
781,1.1969344690678224e-5,0.0011704991557825665,0.0027321577,84;51;36;2,0.0036889315,62;50;21,2.765463764891003e-7,7.1525574e-7,0.00012087822,-1.3435137499714047e-5,2.0369574431935586e-5
782,1.1966224132149737e-5,0.0011964318046819309,0.0027354956,84;51;36;2,0.003712505,62;50;21,2.5280154128258355e-7,5.9604645e-7,0.00014901906,1.422393839336614e-5,-1.5102841643948663e-5
783,1.1962254283503882e-5,0.0011934815578999525,0.0027370155,84;51;36;2,0.0036735535,62;50;21,2.2648078547220548e-7,4.7683716e-7,0.00014766306,1.6197106452473156e-5,-1.76714659609098e-5
784,1.195842121827969e-5,0.001151308328869732,0.002737552,84;51;36;2,0.0036307573,62;50;21,2.1104058748567236e-7,4.7683716e-7,0.00012441725,4.565562277644501e-6,-9.562398446857088e-6
785,1.1952987842081486e-5,0.0011016678241811701,0.002737701,84;51;36;2,0.0035884976,62;50;21,2.0796969890520475e-7,4.7683716e-7,9.8116696e-5,-4.56275275898011e-6,-2.489414447580027e-6
786,1.1945208376378406e-5,0.0010894071024984265,0.0027376115,84;51;36;2,0.0035447776,62;50;21,2.1563355496868205e-7,5.9604645e-7,8.202344e-5,-1.0685747519810002e-5,3.1968499636024917e-6
787,1.1936975959004448e-5,0.0011168967963272147,0.002737373,84;51;36;2,0.0035066605,62;50;21,2.24536806651994e-7,5.9604645e-7,7.619709e-5,-1.5836015955013595e-5,7.856916073801164e-6
788,1.192940901184009e-5,0.0010858179263943523,0.0027371347,84;51;36;2,0.0034756064,62;50;21,2.3169386099802666e-7,5.9604645e-7,8.021295e-5,-1.4929104939974944e-5,6.583124829221622e-6
789,1.1921761252637277e-5,0.0011169225853592637,0.0027369857,84;51;36;2,0.0034449399,62;50;21,2.318951704838486e-7,4.7683716e-7,9.197742e-5,-9.199366804721835e-6,2.1253768427609465e-6
790,1.1913844119167456e-5,0.0011130589452551657,0.0027368963,84;51;36;2,0.0034157336,62;50;21,2.2972618712584852e-7,4.7683716e-7,0.00010225177,-6.692387083281236e-6,-9.40306631732098e-7
791,1.1905615804416828e-5,0.0011148677911766679,0.0027368367,84;51;36;2,0.0033842921,62;50;21,2.31328031712331e-7,5.9604645e-7,0.00010886043,-1.6993966090322045e-6,-5.018568131245236e-6
792,1.1897745466313138e-5,0.0011138187357504093,0.002736777,84;51;36;2,0.0033486187,62;50;21,2.2341099631589421e-7,4.7683716e-7,0.000110544264,-1.4330086762267878e-6,-5.200904398062336e-6
793,1.1890170000283007e-5,0.001110852849163587,0.0027367473,84;51;36;2,0.0033139288,62;50;21,2.2011052499853921e-7,4.7683716e-7,0.000106565654,-3.40197176356619e-6,-4.1902377778029545e-6
794,1.1882749429155392e-5,0.0011088534655579704,0.0027367473,84;51;36;2,0.0032788217,62;50;21,2.1652763294752902e-7,4.7683716e-7,0.00010021031,-5.667710345098175e-6,-2.9090464469798817e-6
795,1.187549407903379e-5,0.0011262977613845904,0.0027367175,84;51;36;2,0.0032454133,62;50;21,2.1508161122356411e-7,4.7683716e-7,9.570271e-5,-8.16281056948165e-6,-1.1013604150651805e-6
796,1.1868602441813275e-5,0.0011065123866879948,0.0027367473,84;51;36;2,0.0032143295,62;50;21,2.1427909722669354e-7,4.7683716e-7,9.4138086e-5,-8.462332714331593e-6,-1.5841527978864752e-6
797,1.1861591737476304e-5,0.0011083343337843616,0.0027366877,84;51;36;2,0.0031819046,62;50;21,2.1248012752990957e-7,5.9604645e-7,9.615719e-5,-5.90389804242435e-6,-3.1705164127032578e-6
798,1.185496195713567e-5,0.0011092145477175365,0.0027366877,84;51;36;2,0.0031498075,62;50;21,2.094146868422764e-7,4.7683716e-7,9.806454e-5,-6.513472991612169e-6,-2.8055711230785016e-6
799,1.1848331923344158e-5,0.001111202915310703,0.002736628,84;51;36;2,0.0031196475,62;50;21,2.0723292062729432e-7,5.9604645e-7,9.88543e-5,-5.922831213465533e-6,-3.6232268708131514e-6
800,1.1841901530718692e-5,0.0011129845483726232,0.0027365685,84;51;36;2,0.0030889213,62;50;21,2.0401456152603426e-7,4.7683716e-7,9.967387e-5,-5.413233953582744e-6,-4.188842422814585e-6
801,1.1835777482848494e-5,0.001080904282300261,0.0027365983,84;51;36;2,0.0030578077,62;50;21,2.0302171587558945e-7,4.7683716e-7,0.00010021776,-4.184144134646182e-6,-5.045549527500505e-6
802,1.1829257600650134e-5,0.0011188524287797576,0.0027365685,84;51;36;2,0.0030249655,62;50;21,2.015386747352556e-7,4.7683716e-7,9.959936e-5,-4.702602555804844e-6,-4.669952308206058e-6
803,1.1823226491957994e-5,0.0011013707904493036,0.0027365685,84;51;36;2,0.0029963553,62;50;21,1.9936898577667756e-7,4.7683716e-7,9.728968e-5,-7.843241862575269e-6,-3.056990873144415e-6
804,1.1817290615202263e-5,0.0011041248168159599,0.0027365386,84;51;36;2,0.002967596,62;50;21,1.976806476867905e-7,4.7683716e-7,9.710342e-5,-5.117174879504918e-6,-5.280255528143126e-6
805,1.1811258362773068e-5,0.0010921372844731143,0.0027365088,84;51;36;2,0.0029369593,62;50;21,2.0188369700855948e-7,5.9604645e-7,9.813905e-5,-5.259107203013463e-6,-5.05029779148302e-6
806,1.1805302984643542e-5,0.0010805166560733663,0.0027365386,84;51;36;2,0.0029069781,62;50;21,1.9569085405695931e-7,4.7683716e-7,9.831041e-5,-4.474957488356806e-6,-5.171329285163715e-6
807,1.1799168881788213e-5,0.00106919051564122,0.0027365088,84;51;36;2,0.0028769374,62;50;21,1.9311633086910893e-7,4.7683716e-7,9.716302e-5,-4.540498460716676e-6,-5.3194879304020235e-6
808,1.1792766041178282e-5,0.001057403053921953,0.0027365088,84;51;36;2,0.0028466582,62;50;21,1.9196968070198583e-7,4.7683716e-7,9.519607e-5,-4.878422057363211e-6,-5.146900209895157e-6
809,1.1786161007791222e-5,0.0010112625446898574,0.002736479,84;51;36;2,0.0028166175,62;50;21,1.933402688013727e-7,4.7683716e-7,9.2834234e-5,-3.904295705014614e-6,-5.453333100588639e-6
810,1.1778048619324219e-5,0.000999582657820977,0.002736479,84;51;36;2,0.0027841032,62;50;21,1.9150555961484955e-7,4.7683716e-7,9.055436e-5,-3.024203609016453e-6,-5.492372971257237e-6
811,1.1768546792853142e-5,0.0009874676642259532,0.0027365386,84;51;36;2,0.0027534962,62;50;21,1.9043614809703883e-7,4.7683716e-7,8.683652e-5,-6.138623259691073e-6,-2.7061094936790683e-6
812,1.1756769775196843e-5,0.0009756559841149591,0.0027365088,84;51;36;2,0.002725184,62;50;21,1.9224461878765155e-7,5.9604645e-7,8.3491206e-5,-6.277560068123045e-6,-2.72139865653854e-6
813,1.17425959483539e-5,0.000963131166919703,0.0027364492,84;51;36;2,0.0026964247,62;50;21,1.899410954496829e-7,4.7683716e-7,8.2835555e-5,-5.689233310897107e-6,-2.97751993455977e-6
814,1.1730395566307113e-5,0.0009874897556950478,0.0027364194,84;51;36;2,0.0026688278,62;50;21,1.8782754276034168e-7,4.7683716e-7,8.343905e-5,-5.940334174466859e-6,-3.154468395893152e-6
815,1.1720197311890516e-5,0.0009735817350288145,0.0027363896,84;51;36;2,0.0026442409,62;50;21,1.9336220805655236e-7,5.9604645e-7,8.458644e-5,-6.092753387753758e-6,-4.009553216046779e-6
816,1.171156633900486e-5,0.0009971385745736663,0.0027363896,84;51;36;2,0.0026185513,62;50;21,1.8612798069847043e-7,4.7683716e-7,8.751452e-5,-4.083591068635544e-6,-5.834064863462291e-6
817,1.1703627219938738e-5,0.0009844383334813719,0.0027363598,84;51;36;2,0.0025936961,62;50;21,1.853920721142956e-7,4.7683716e-7,8.945912e-5,-4.6355915915321965e-6,-5.269210541367313e-6
818,1.1696075907038926e-5,0.001007545524574188,0.00273633,84;51;36;2,0.0025675893,62;50;21,1.8253163300853182e-7,4.7683716e-7,9.04277e-5,-3.369341171860417e-6,-6.695151455455687e-6
819,1.1689375928837363e-5,0.0009951730531114038,0.0027363598,84;51;36;2,0.0025427341,62;50;21,1.7688019902132756e-7,4.7683716e-7,9.038299e-5,-4.559157818744185e-6,-6.2917159129941596e-6
820,1.168340883925229e-5,0.001018456848883516,0.00273633,84;51;36;2,0.0025171041,62;50;21,1.787444942041775e-7,4.7683716e-7,9.0278685e-5,-3.896147305508376e-6,-6.828650679639072e-6
821,1.16780202832603e-5,0.0010411775388070932,0.0027363002,84;51;36;2,0.002493441,62;50;21,1.7877344023718939e-7,4.7683716e-7,8.992106e-5,-6.449224809674313e-6,-5.322852459054331e-6
822,1.1673089520682398e-5,0.0010284327629982422,0.0027362704,84;51;36;2,0.0024715364,62;50;21,1.8099778862658523e-7,4.7683716e-7,9.084493e-5,-5.013349243505834e-6,-7.741872912008809e-6
823,1.1668336598478003e-5,0.0010333494947233274,0.0027362704,84;51;36;2,0.0024464428,62;50;21,1.7900067644192223e-7,5.9604645e-7,9.338558e-5,-2.9377723491919466e-6,-8.517784218521044e-6
824,1.1664083650921497e-5,0.0010041491034958644,0.00273633,84;51;36;2,0.002421081,62;50;21,1.759193023086799e-7,4.7683716e-7,9.4376504e-5,-2.742956517906702e-6,-8.609846469904586e-6
825,1.1659898668117345e-5,0.0009741274557180083,0.0027363002,84;51;36;2,0.0023944378,62;50;21,1.7692061516606015e-7,4.7683716e-7,9.264052e-5,-1.0321982343896574e-6,-9.526840557496365e-6
826,1.1655821537213334e-5,0.0009606231164551981,0.0027363002,84;51;36;2,0.0023665726,62;50;21,1.7781208406370026e-7,4.7683716e-7,8.869916e-5,-2.605280703771291e-6,-7.3836707653420224e-6
827,1.1652066540865508e-5,0.0009476593645897632,0.0027362406,84;51;36;2,0.0023410022,62;50;21,1.751054822932463e-7,4.7683716e-7,8.33869e-5,-5.268267284589388e-6,-5.146784281258336e-6
828,1.1648286574929537e-5,0.0009351136076288828,0.0027362108,84;51;36;2,0.00231722,62;50;21,1.764445152784144e-7,4.7683716e-7,7.972121e-5,-5.489951646710311e-6,-5.344544343279712e-6
829,1.1644653470523145e-5,0.0009220415626633507,0.0027362406,84;51;36;2,0.0022939742,62;50;21,1.7688097025916858e-7,4.7683716e-7,7.8476965e-5,-5.29837576257931e-6,-5.083044088951245e-6
830,1.1641156629441406e-5,0.0009089302754849329,0.002736181,84;51;36;2,0.0022703707,62;50;21,1.775341102546178e-7,4.7683716e-7,7.904321e-5,-4.383702956427427e-6,-5.769987869275585e-6
831,1.1637657766474198e-5,0.0008956850728263202,0.0027361512,84;51;36;2,0.0022472441,62;50;21,1.7654825497268946e-7,4.7683716e-7,7.9639256e-5,-3.372177855145986e-6,-6.399712416319494e-6
832,1.1634210535146734e-5,0.0008826129563428112,0.0027361512,84;51;36;2,0.0022237003,62;50;21,1.7498559583225714e-7,4.7683716e-7,7.959455e-5,-2.8506278600574184e-6,-6.723316340779702e-6
833,1.163089268218773e-5,0.0008867616969578195,0.0027361512,84;51;36;2,0.0022004843,62;50;21,1.7754498963097092e-7,4.7683716e-7,7.880479e-5,-3.4555877347492775e-6,-6.371674532286913e-6
834,1.162771048961073e-5,0.0009090989619850725,0.0027361214,84;51;36;2,0.0021792054,62;50;21,1.7722238248300387e-7,4.7683716e-7,7.749349e-5,-5.074229212004074e-6,-5.939502644291592e-6
835,1.1624608612207693e-5,0.0009302015090947669,0.0027361214,84;51;36;2,0.0021607578,62;50;21,1.7769610301986349e-7,4.7683716e-7,7.7687204e-5,-6.2116868970685575e-6,-5.1317185657677446e-6
836,1.1621730194685823e-5,0.0009502868391789312,0.0027361214,84;51;36;2,0.0021424592,62;50;21,1.81959801172705e-7,4.7683716e-7,8.08388e-5,-5.15916046651413e-6,-6.4833308941328155e-6
837,1.1618761410982613e-5,0.0009536979551540997,0.0027360916,84;51;36;2,0.0021234453,62;50;21,1.83324760876784e-7,4.7683716e-7,8.53166e-5,-3.3817596900623015e-6,-8.593849031385072e-6
838,1.1615729250237975e-5,0.000957741714236849,0.0027360618,84;51;36;2,0.0021028817,62;50;21,1.7945447606944145e-7,4.7683716e-7,8.9108944e-5,-1.9055475456873164e-6,-9.601014986871409e-6
839,1.161270883756222e-5,0.0009447272322365812,0.0027360618,84;51;36;2,0.0020813644,62;50;21,1.7980660357647218e-7,4.7683716e-7,9.0517104e-5,-1.2028616273795622e-6,-1.0135419581884818e-5
840,1.160968126733808e-5,0.0009297423049971055,0.002736032,84;51;36;2,0.0020582974,62;50;21,1.790178569955296e-7,4.7683716e-7,8.8989735e-5,-9.385999188810599e-7,-1.021142194264059e-5
841,1.1606681508466402e-5,0.0009149777542328332,0.002736032,84;51;36;2,0.00203529,62;50;21,1.7380497838149764e-7,4.7683716e-7,8.495897e-5,-2.058408968520628e-6,-9.691156362796305e-6
842,1.1603806536275707e-5,0.0009010481781609891,0.002736032,84;51;36;2,0.002013445,62;50;21,1.684637625088568e-7,4.7683716e-7,8.007139e-5,-3.554833972225933e-6,-7.913482674809135e-6
843,1.1601138361646004e-5,0.0008878621323807716,0.0027360916,84;51;36;2,0.0019922554,62;50;21,1.693513752172918e-7,4.7683716e-7,7.6659024e-5,-3.917003906639188e-6,-7.783045672176046e-6
844,1.1598511217004685e-5,0.0008925878001596725,0.002736032,84;51;36;2,0.0019718707,62;50;21,1.6937118126142183e-7,4.7683716e-7,7.5124204e-5,-4.653123625137567e-6,-7.234172968099005e-6
845,1.1595818949535316e-5,0.0008959264264292679,0.0027359724,84;51;36;2,0.0019531548,62;50;21,1.6960599857003873e-7,4.7683716e-7,7.482618e-5,-5.449182493202086e-6,-6.716650224791537e-6
846,1.1593251467804486e-5,0.0008990634657429253,0.0027359128,84;51;36;2,0.0019356608,62;50;21,1.6643703150923547e-7,4.7683716e-7,7.6279044e-5,-4.3211019297097295e-6,-7.840432821929674e-6
847,1.1590746218870972e-5,0.0008855112830555147,0.0027359426,84;51;36;2,0.0019176602,62;50;21,1.6620751440961112e-7,4.7683716e-7,7.9125166e-5,-2.715244838542321e-6,-9.028661442092144e-6
848,1.158818676951095e-5,0.0008884786862716666,0.0027359724,84;51;36;2,0.0018974245,62;50;21,1.6741594565059463e-7,4.7683716e-7,8.138269e-5,-1.5060541618131064e-6,-9.723132260234115e-6
849,1.1585612405060845e-5,0.0008916499000259004,0.0027360022,84;51;36;2,0.0018863147,84;51;36,1.637526315430134e-7,4.7683716e-7,8.107722e-5,-2.6035061064119118e-6,-9.38085952803884e-6
850,1.1583058969579232e-5,0.0008952006906807655,0.0027359426,84;51;36;2,0.0018874491,84;51;36,1.6076831851252922e-7,4.7683716e-7,7.9885125e-5,-3.0528510629062627e-6,-9.183778069638715e-6
851,1.1580344630130974e-5,0.0008984085768372326,0.0027359426,84;51;36;2,0.0018879278,84;51;36,1.641451095575137e-7,4.7683716e-7,7.9378486e-5,-3.3153667129096977e-6,-9.033600453159397e-6
852,1.1577494033973794e-5,0.0009012097268354513,0.0027359724,84;51;36;2,0.0018882258,84;51;36,1.6066283943078294e-7,4.7683716e-7,7.9631805e-5,-3.412543345073756e-6,-9.164047813043888e-6
853,1.1574294369166087e-5,0.0009045326872461764,0.0027359128,84;51;36;2,0.0018885406,84;51;36,1.5942544574747178e-7,4.7683716e-7,7.968396e-5,-3.08167580447209e-6,-9.687414384402667e-6
854,1.157065756691815e-5,0.0008732196130055372,0.0027359128,84;51;36;2,0.0018874826,84;51;36,1.6138783581997313e-7,4.7683716e-7,8.044392e-5,-1.8846203319460425e-6,-1.0304214246680064e-5
855,1.1565969798534974e-5,0.0008766995337157554,0.0027359426,84;51;36;2,0.0018831529,84;51;36,1.6054984488241564e-7,4.7683716e-7,8.042902e-5,-7.892826362926566e-7,-1.0553819297863802e-5
856,1.1561074639731392e-5,0.0008979981266838994,0.0027359426,84;51;36;2,0.0018854244,84;51;36,1.65294270349949e-7,4.7683716e-7,7.8454614e-5,-4.331384579665414e-6,-7.785171111867679e-6
857,1.1557335726019337e-5,0.0008829338467866271,0.002735883,84;51;36;2,0.0018888842,84;51;36,1.6146947216591088e-7,4.7683716e-7,7.715821e-5,-4.427415078274072e-6,-8.807174520396026e-6
858,1.1554600738164646e-5,0.0008685876027161068,0.0027359128,84;51;36;2,0.0018858304,84;51;36,1.6311015760281235e-7,4.7683716e-7,7.790327e-5,-1.6722922933640295e-6,-1.036365232300291e-5
859,1.1552264157481822e-5,0.0008545493274860958,0.0027359128,84;51;36;2,0.0018827971,84;51;36,1.6117746839184815e-7,4.7683716e-7,7.863343e-5,-1.4693865138850255e-6,-1.0242328511149349e-5
860,1.1549837805875092e-5,0.0008426950754316544,0.002735883,84;51;36;2,0.00188212,84;51;36,1.6069754513362884e-7,4.7683716e-7,7.733703e-5,-1.594859583843664e-6,-1.0270601041687713e-5
861,1.1547403423233303e-5,0.000830922447853387,0.0027359128,84;51;36;2,0.0018813843,84;51;36,1.5812220147999012e-7,4.7683716e-7,7.484108e-5,-2.1079636843459473e-6,-9.76705777193604e-6
862,1.15447923501721e-5,0.0008562195567080734,0.0027359426,84;51;36;2,0.0018816143,84;51;36,1.6196098040106124e-7,4.7683716e-7,7.2829425e-5,-3.949337778771308e-6,-8.220225916989801e-6
863,1.1542615252462847e-5,0.0008796451174719292,0.0027359128,84;51;36;2,0.0018863799,84;51;36,1.5971915609037422e-7,4.7683716e-7,7.162988e-5,-6.27400865662734e-6,-7.599976235840874e-6
864,1.1540752247663425e-5,0.0008823947280709305,0.0027359128,84;51;36;2,0.0018889662,84;51;36,1.6673146386203162e-7,5.9604645e-7,7.3865056e-5,-4.484765284197708e-6,-1.030029207838913e-5
865,1.1538878917062408e-5,0.0008860035784994024,0.002735883,84;51;36;2,0.001887288,84;51;36,1.6011511287981694e-7,4.7683716e-7,7.878244e-5,-1.875967291118341e-6,-1.1628788453840055e-5
866,1.1537002424565543e-5,0.0008790984145798153,0.0027358532,84;51;36;2,0.001885959,84;51;36,1.5551764924428727e-7,4.7683716e-7,8.208305e-5,-7.867339468401043e-7,-1.2275733880043373e-5
867,1.1535164662275996e-5,0.0009061086420682509,0.0027358532,84;51;36;2,0.001885552,84;51;36,1.529106192019037e-7,4.7683716e-7,8.268654e-5,-1.4911955449024468e-6,-1.2072746475754037e-5
868,1.1533437045101814e-5,0.0008971436735334641,0.002735883,84;51;36;2,0.0018890658,84;51;36,1.530623561447954e-7,4.7683716e-7,8.1181526e-5,-3.0223894634742784e-6,-1.1578646991978488e-5
869,1.1531797773520408e-5,0.000888336789182986,0.002735883,84;51;36;2,0.0018873541,84;51;36,1.550782241773794e-7,4.7683716e-7,8.0771744e-5,-1.2673728791583595e-6,-1.2682029875371786e-5
870,1.1530225048015742e-5,0.0008968826187326937,0.0027359128,84;51;36;2,0.0018857224,84;51;36,1.5697843935244193e-7,4.7683716e-7,8.036196e-5,-2.08146432808276e-6,-1.1594796725647619e-5
871,1.1528657192591639e-5,0.0009058197260614811,0.002735883,84;51;36;2,0.0018879818,84;51;36,1.5528378367598484e-7,4.7683716e-7,7.928163e-5,-3.91914412225996e-6,-1.0661674828407147e-5
872,1.1527069552236549e-5,0.0009143821734597151,0.002735883,84;51;36;2,0.0018897485,84;51;36,1.5382609492851001e-7,4.7683716e-7,7.8924e-5,-3.667538375024674e-6,-1.1202264087960803e-5
873,1.1525636803230172e-5,0.0009221794556855796,0.0027358532,84;51;36;2,0.0018902812,84;51;36,1.5440494995148483e-7,4.7683716e-7,8.010119e-5,-3.2874917760160814e-6,-1.165017239384844e-5
874,1.152422585392717e-5,0.000930043190633814,0.0027358532,84;51;36;2,0.0018904721,84;51;36,1.59330747586184e-7,4.7683716e-7,8.2068145e-5,-2.664072945564101e-6,-1.2503049526540669e-5
875,1.1522757537767215e-5,0.0009209325770577469,0.002735883,84;51;36;2,0.0018905066,84;51;36,1.5780236750638762e-7,4.7683716e-7,8.365512e-5,-1.9536588580455446e-6,-1.3001978765802025e-5
876,1.1521407397981605e-5,0.0008788256897409052,0.002735883,84;51;36;2,0.0018869657,84;51;36,1.5423645909719566e-7,4.7683716e-7,8.472055e-5,6.961860957486174e-7,-1.4321313104583678e-5
877,1.1519825495474583e-5,0.0008679640553783403,0.0027358234,84;51;36;2,0.001881103,84;51;36,1.5275469788349155e-7,4.7683716e-7,8.342415e-5,8.896951807778652e-7,-1.3391732821228285e-5
878,1.1518547638603284e-5,0.0009138655625255678,0.0027358234,84;51;36;2,0.0018837107,84;51;36,1.5071346104873276e-7,4.7683716e-7,7.82907e-5,-4.529051851133496e-6,-9.595090334397979e-6
879,1.1517220446259537e-5,0.0008977573546253347,0.0027358234,84;51;36;2,0.0018916242,84;51;36,1.5643611146636307e-7,4.7683716e-7,7.3857605e-5,-6.773083984733406e-6,-9.461232641294053e-6
880,1.1515839329090666e-5,0.0009086063073365817,0.0027358532,84;51;36;2,0.0018895017,84;51;36,1.5503875977296125e-7,4.7683716e-7,7.5921416e-5,-2.8535417673284267e-6,-1.2943139617799194e-5
881,1.1514586995840912e-5,0.0009192384640576179,0.0027358234,84;51;36;2,0.0018894002,84;51;36,1.504507971312603e-7,4.7683716e-7,7.981062e-5,-3.1029960709847094e-6,-1.244866158986803e-5
882,1.1513239152061686e-5,0.0009301041159466698,0.0027358234,84;51;36;2,0.0018905532,84;51;36,1.4861713814094621e-7,4.7683716e-7,8.2209706e-5,-2.3702808667347217e-6,-1.3259827181308161e-5
883,1.1511898192528792e-5,0.0009410177908888414,0.0027358532,84;51;36;2,0.0018913979,84;51;36,1.4649183638151624e-7,4.7683716e-7,8.457154e-5,-2.0283718885131127e-6,-1.3696606746176617e-5
884,1.1510682293314235e-5,0.0009521694502251509,0.002735883,84;51;36;2,0.001891871,84;51;36,1.4591330954485675e-7,4.7683716e-7,8.619577e-5,-1.8567964168638881e-6,-1.4382882522151673e-5
885,1.1509359691622196e-5,0.0009632789488334093,0.0027358532,84;51;36;2,0.0018930715,84;51;36,1.4348294219601403e-7,4.7683716e-7,8.711219e-5,-2.256677897191965e-6,-1.4058353427395987e-5
886,1.150807495236052e-5,0.0009551175525845039,0.0027358234,84;51;36;2,0.0018932875,84;51;36,1.4290777926908663e-7,4.7683716e-7,8.73059e-5,-1.5377616231380132e-6,-1.5085279587247517e-5
887,1.1506817749458316e-5,0.0009473883213413397,0.0027357936,84;51;36;2,0.001891531,84;51;36,1.4070346665424156e-7,4.7683716e-7,8.741021e-5,-1.0463104002398387e-6,-1.5252656496247363e-5
888,1.1505555957384477e-5,0.0009753125499717187,0.0027357638,84;51;36;2,0.0018916903,84;51;36,1.3511800632107605e-7,4.7683716e-7,8.5935e-5,-2.401179970577394e-6,-1.432083595900007e-5
889,1.1504307933581454e-5,0.0009854178732714603,0.0027357042,84;51;36;2,0.001896508,84;51;36,1.3899187656391354e-7,4.7683716e-7,8.377433e-5,-4.897869277592491e-6,-1.330671704672698e-5
890,1.1503377723146767e-5,0.0009606769754257336,0.0027357638,84;51;36;2,0.0018965919,84;51;36,1.370143078743283e-7,4.7683716e-7,8.473545e-5,-2.3301236111105617e-6,-1.5735185189365813e-5
891,1.150224213900699e-5,0.0009710027213723372,0.0027357638,84;51;36;2,0.0018920517,84;51;36,1.396687608392767e-7,4.7683716e-7,8.710474e-5,-4.942953759223975e-7,-1.6504171466160738e-5
892,1.1501350938421737e-5,0.0009634876455890892,0.002735734,84;51;36;2,0.0018931339,84;51;36,1.3707987129547287e-7,4.7683716e-7,8.735061e-5,-2.5844192783825718e-6,-1.4257995811177976e-5
893,1.1500322057201281e-5,0.0009560923808822146,0.0027357638,84;51;36;2,0.0018927762,84;51;36,1.347905174016685e-7,4.7683716e-7,8.644909e-5,-1.8134287332903642e-6,-1.5127527327874585e-5
894,1.1499241545850976e-5,0.0009485312988360754,0.0027357936,84;51;36;2,0.0018916801,84;51;36,1.3595364252182105e-7,4.7683716e-7,8.5793436e-5,-1.6540314776901897e-6,-1.5287129461081627e-5
895,1.149818283411501e-5,0.0009772124424772325,0.0027357638,84;51;36;2,0.001892169,84;51;36,1.3561570086827032e-7,4.7683716e-7,8.440018e-5,-3.2079734540742014e-6,-1.4409977731541026e-5
896,1.1497151658685893e-5,0.0009677245607523168,0.002735734,84;51;36;2,0.0018959036,84;51;36,1.3547540121846778e-7,4.7683716e-7,8.340925e-5,-4.313509736019493e-6,-1.3900174530252891e-5
897,1.1496082621211698e-5,0.0009593714840879064,0.0027357638,84;51;36;2,0.001894095,84;51;36,1.3454690469980085e-7,4.7683716e-7,8.466095e-5,-1.3625396902272664e-6,-1.6856799008073727e-5
898,1.149530730276219e-5,0.000986681965721296,0.0027357936,84;51;36;2,0.0018930044,84;51;36,1.3185998590360865e-7,4.7683716e-7,8.627027e-5,-2.2080354563920028e-6,-1.5562526858334847e-5
899,1.1494425281881267e-5,0.0009941669036421298,0.0027357936,84;51;36;2,0.0018969113,84;51;36,1.350523854673263e-7,4.7683716e-7,8.6613e-5,-4.079885774186165e-6,-1.4423902622592475e-5
900,1.1493384928331715e-5,0.0010020490021523923,0.0027357638,84;51;36;2,0.0018976731,84;51;36,1.3742707600777369e-7,4.7683716e-7,8.802116e-5,-2.5010603979726084e-6,-1.656284022594818e-5
901,1.1492473076912594e-5,0.0010152042134312037,0.0027357638,84;51;36;2,0.0018975623,84;51;36,1.3801819699428386e-7,4.7683716e-7,9.04575e-5,-1.9772545251981174e-6,-1.7003914773117074e-5
902,1.1491541437601251e-5,0.0009942746006659016,0.0027357042,84;51;36;2,0.001897674,84;51;36,1.3386047840731953e-7,4.7683716e-7,9.1932714e-5,-1.198477462410319e-6,-1.7507241648689354e-5
903,1.149046207490011e-5,0.0009956698080067063,0.0027357042,84;51;36;2,0.0018941872,84;51;36,1.3230508859377168e-7,4.7683716e-7,9.211898e-5,2.1754546166506077e-7,-1.8225929742693383e-5
904,1.1489653484337167e-5,0.0009979319948280948,0.0027357042,84;51;36;2,0.0018950738,84;51;36,1.34335052228599e-7,4.7683716e-7,9.049475e-5,-2.3282215144404824e-6,-1.6526413595405947e-5
905,1.1488836862524261e-5,0.0010148826885733586,0.0027356744,84;51;36;2,0.001897051,84;51;36,1.294524603223127e-7,4.7683716e-7,8.812547e-5,-3.611903821350526e-6,-1.5530789413360264e-5
906,1.1488090228495368e-5,0.0009945416333637417,0.0027357042,84;51;36;2,0.0018987721,84;51;36,1.3510443581693724e-7,4.7683716e-7,8.767843e-5,-3.3143981005785073e-6,-1.6240710259844923e-5
907,1.1487170346446832e-5,0.0009831979430203733,0.002735734,84;51;36;2,0.001895098,84;51;36,1.3458083096014782e-7,4.7683716e-7,8.895248e-5,-4.861427622279298e-7,-1.8112563670522234e-5
908,1.1486347988312169e-5,0.0009722323019015078,0.0027357042,84;51;36;2,0.001893024,84;51;36,1.342019972917073e-7,4.7683716e-7,8.895993e-5,-1.1466065355164066e-6,-1.696896228071244e-5
909,1.1485406307102429e-5,0.0009977640568949316,0.0027356744,84;51;36;2,0.0018937029,84;51;36,1.2623194339602937e-7,4.7683716e-7,8.72612e-5,-2.855911539229306e-6,-1.5738418746111425e-5
910,1.1484474668281449e-5,0.0009851233094725605,0.0027356446,84;51;36;2,0.0018974431,84;51;36,1.303667299642102e-7,4.7683716e-7,8.562207e-5,-4.160824451866516e-6,-1.5293302494142816e-5
911,1.148373836085039e-5,0.0010087814979662848,0.0027356446,84;51;36;2,0.0018964065,84;51;36,1.3008896127157482e-7,4.7683716e-7,8.65832e-5,-2.5384656829323255e-6,-1.678233251129272e-5
912,1.1483080072532892e-5,0.0010128773055049199,0.0027356446,84;51;36;2,0.001898569,84;51;36,1.3291759091872547e-7,4.7683716e-7,8.7976456e-5,-3.5415011975719373e-6,-1.6223641164887883e-5
913,1.1482466530503825e-5,0.0010184977329172138,0.0027356446,84;51;36;2,0.0018988987,84;51;36,1.3410645405065755e-7,4.7683716e-7,8.995086e-5,-1.9338007814602855e-6,-1.785518448227068e-5
914,1.1481763496194883e-5,0.001024065404277503,0.002735585,84;51;36;2,0.0018983455,84;51;36,1.3226987420213703e-7,4.7683716e-7,9.2059374e-5,-1.5150974041548245e-6,-1.8009002948278943e-5
915,1.1481066198681757e-5,0.0010294895929328798,0.0027356148,84;51;36;2,0.0018989546,84;51;36,1.3398139865520198e-7,4.7683716e-7,9.313971e-5,-1.5509338699887458e-6,-1.8334281593396236e-5
916,1.1480365175152678e-5,0.0010177569517686618,0.0027356744,84;51;36;2,0.0018986594,84;51;36,1.2564621286974845e-7,4.7683716e-7,9.3244016e-5,-1.0121109000965033e-6,-1.8813835726193352e-5
917,1.1479760812169607e-5,0.0010231565320936809,0.0027356446,84;51;36;2,0.0018970603,84;51;36,1.2942650898942819e-7,4.7683716e-7,9.275973e-5,-1.147532589250571e-6,-1.7998821860224427e-5
918,1.1479133502520509e-5,0.0010293152025405213,0.0027356744,84;51;36;2,0.0018981379,84;51;36,1.2882883248126932e-7,4.7683716e-7,9.140372e-5,-2.684015633623102e-6,-1.70544963122636e-5
919,1.1478487835561598e-5,0.001036094476231918,0.0027356744,84;51;36;2,0.0018998887,84;51;36,1.2624169873425249e-7,4.7683716e-7,9.031594e-5,-3.319045000917357e-6,-1.6927890567746974e-5
920,1.1477862820777902e-5,0.0010286147246897483,0.0027356446,84;51;36;2,0.0019001057,84;51;36,1.2322982625793866e-7,4.7683716e-7,9.0926886e-5,-2.5586459183290743e-6,-1.7713449175860584e-5
921,1.147734996083805e-5,0.0009872150393861444,0.0027356446,84;51;36;2,0.0018972866,84;51;36,1.2394544472316837e-7,4.7683716e-7,9.188056e-5,5.479118029762177e-8,-1.9058170131364183e-5
922,1.1476668726645156e-5,0.0010150776668733552,0.0027357042,84;51;36;2,0.0018925602,84;51;36,1.2312616040558456e-7,4.7683716e-7,9.153783e-5,-1.7639243802637804e-7,-1.8523632600259992e-5
923,1.1476212370704808e-5,0.0009711125111815938,0.0027356446,84;51;36;2,0.0018964363,84;51;36,1.2475215130021725e-7,4.7683716e-7,8.842349e-5,-3.260808134597745e-6,-1.607624601419587e-5
924,1.1475546052086283e-5,0.0009997621201196791,0.0027356446,84;51;36;2,0.001893241,84;51;36,1.326549844338582e-7,4.7683716e-7,8.6694956e-5,-1.3231335499133666e-6,-1.760509556397736e-5
925,1.147501139285125e-5,0.0009890399804162724,0.0027356148,84;51;36;2,0.0018969271,84;51;36,1.326900265276773e-7,4.7683716e-7,8.53762e-5,-4.439495080549847e-6,-1.550435843969151e-5
926,1.1474449482069975e-5,0.0009812956598033264,0.0027356148,84;51;36;2,0.0018964224,84;51;36,1.2884195172922455e-7,4.7683716e-7,8.5644424e-5,-2.1514675367640335e-6,-1.7485717628814784e-5
927,1.147383135184836e-5,0.0009733791757259723,0.0027356744,84;51;36;2,0.0018941602,84;51;36,1.2655478847907501e-7,4.7683716e-7,8.716434e-5,-1.2865574849502965e-6,-1.7626241765959236e-5
928,1.1473187695655769e-5,0.0009658926407288667,0.002735585,84;51;36;2,0.0018928619,84;51;36,1.273658763434335e-7,4.7683716e-7,8.741021e-5,-9.051044739620774e-7,-1.7994705547338287e-5
929,1.1472755434194688e-5,0.0009696460317473445,0.0027355552,84;51;36;2,0.0018925471,84;51;36,1.3038595347763053e-7,4.7683716e-7,8.691847e-5,-1.7094211930722206e-6,-1.712446607746128e-5
930,1.1472364476933099e-5,0.0009732249711380299,0.002735585,84;51;36;2,0.0018939031,84;51;36,1.258119305496731e-7,4.7683716e-7,8.561462e-5,-2.6142385486512256e-6,-1.6734373140944087e-5
931,1.1471918447555128e-5,0.0009771349988024044,0.002735585,84;51;36;2,0.0018947003,84;51;36,1.261689152141707e-7,4.7683716e-7,8.558482e-5,-2.3603402689490585e-6,-1.7286788712061956e-5
932,1.1471314085752499e-5,0.000981553493211403,0.002735585,84;51;36;2,0.0018950934,84;51;36,1.27436009759019e-7,4.7683716e-7,8.609891e-5,-2.2536991296895435e-6,-1.7327988897262246e-5
933,1.1470804668170402e-5,0.0009863636349778694,0.002735585,84;51;36;2,0.0018951725,84;51;36,1.286031551615343e-7,4.7683716e-7,8.7209046e-5,-1.9739439368114986e-6,-1.763346157936046e-5
934,1.1470331102893343e-5,0.0009914694695591698,0.0027355552,84;51;36;2,0.0018955842,84;51;36,1.2627372971862845e-7,4.7683716e-7,8.799881e-5,-1.9388125812761185e-6,-1.787090349466543e-5
935,1.1469805907534917e-5,0.0009965352092277356,0.0027355552,84;51;36;2,0.0018958645,84;51;36,1.2564956857482267e-7,4.7683716e-7,8.8870525e-5,-1.8599068014671907e-6,-1.8084555391288317e-5
936,1.146934238349839e-5,0.0009851763842810338,0.0027354956,84;51;36;2,0.0018957742,84;51;36,1.2868236292873862e-7,4.7683716e-7,8.952618e-5,-1.2834312318819944e-6,-1.8447567363907867e-5
937,1.1468902091164996e-5,0.0010082397600628117,0.0027355254,84;51;36;2,0.0018946007,84;51;36,1.269500888958871e-7,4.7683716e-7,8.9749694e-5,-1.2534430399689675e-6,-1.862075548070514e-5
938,1.1468516871052287e-5,0.0010050546679577577,0.0027355254,84;51;36;2,0.0018978883,84;51;36,1.2711195038660665e-7,4.7683716e-7,8.8997185e-5,-3.1719187706798733e-6,-1.7611534817709258e-5
939,1.1467977622873067e-5,0.0010017019319544772,0.0027355254,84;51;36;2,0.0018975204,84;51;36,1.278193149660059e-7,4.7683716e-7,8.9369714e-5,-1.3335450223361968e-6,-1.926647970873891e-5
940,1.146745128047361e-5,0.000997686714388558,0.0027355254,84;51;36;2,0.0018957704,84;51;36,1.2617702962081719e-7,4.7683716e-7,9.018183e-5,-1.0673237292194363e-6,-1.9084977908170706e-5
941,1.1467040819127582e-5,0.0010293607726643854,0.0027354956,84;51;36;2,0.0018965006,84;51;36,1.2456094995290738e-7,4.7683716e-7,8.970499e-5,-2.6774258337344623e-6,-1.796929162872007e-5
942,1.1466523370420658e-5,0.0010229451700124728,0.0027354658,84;51;36;2,0.0019007055,84;51;36,1.2712551268608758e-7,4.7683716e-7,8.9503825e-5,-3.495846127790738e-6,-1.8362613277242952e-5
943,1.1466315987699077e-5,0.0009844939101558102,0.0027354956,84;51;36;2,0.0018979637,84;51;36,1.2505108801019126e-7,4.7683716e-7,9.085238e-5,3.581687716842462e-7,-2.1111799219861636e-5
944,1.1465785918331839e-5,0.0009784158191013378,0.0027355552,84;51;36;2,0.0018913886,84;51;36,1.2564566315767027e-7,4.7683716e-7,9.173155e-5,1.7492720861949807e-6,-2.0477434814440174e-5
945,1.14653112063452e-5,0.0009722386573626576,0.0027355254,84;51;36;2,0.001891762,84;51;36,1.2764824784914137e-7,4.7683716e-7,8.901954e-5,-2.06127348470411e-6,-1.7202128520807463e-5
946,1.146499798356084e-5,0.0009325123249818032,0.0027355254,84;51;36;2,0.0018921988,84;51;36,1.235799518284459e-7,4.7683716e-7,8.519739e-5,-1.4059148172805073e-6,-1.8318143873218264e-5
947,1.1464506061627337e-5,0.0009280230840796566,0.0027354956,84;51;36;2,0.0018879268,84;51;36,1.238138912386693e-7,4.7683716e-7,8.298457e-5,-5.895191672162526e-7,-1.7970316189672175e-5
948,1.1464189682181002e-5,0.000961154262197595,0.0027354658,84;51;36;2,0.0018899012,84;51;36,1.25424637878955e-7,4.7683716e-7,8.0153346e-5,-4.300429803508153e-6,-1.506392504444226e-5
949,1.1463790409241202e-5,0.0009187343271708096,0.002735436,84;51;36;2,0.001894366,84;51;36,1.263014286436421e-7,4.7683716e-7,7.878244e-5,-4.021909990227458e-6,-1.6418744129182827e-5
950,1.1463270951409733e-5,0.0008956228250612433,0.0027354062,84;51;36;2,0.0018878272,84;51;36,1.244747025892393e-7,4.7683716e-7,8.0794096e-5,1.42067179200013e-6,-1.9931790638744642e-5
951,1.1462777596952248e-5,0.0008737906312249293,0.002735436,84;51;36;2,0.0018833773,84;51;36,1.2616463238275567e-7,4.7683716e-7,8.159131e-5,5.392887843729335e-7,-1.7980400063980347e-5
952,1.1462362546799378e-5,0.0008887526864677157,0.0027354658,84;51;36;2,0.0018829685,84;51;36,1.2574556307205598e-7,4.7683716e-7,7.907301e-5,-1.4694899706738347e-6,-1.5907569175759982e-5
953,1.1461894719263272e-5,0.0008839715945123185,0.002735436,84;51;36;2,0.0018868875,84;51;36,1.214781482091934e-7,4.7683716e-7,7.624179e-5,-3.40378641611835e-6,-1.5424374514878718e-5
954,1.1461669841451352e-5,0.0008467164859389227,0.0027354658,84;51;36;2,0.0018858295,84;51;36,1.2332523001980439e-7,4.7683716e-7,7.5772405e-5,-7.819794638038871e-7,-1.7372084789465236e-5
955,1.1461322484249834e-5,0.0008435875717874522,0.002735436,84;51;36;2,0.0018800525,84;51;36,1.2373807199517074e-7,4.7683716e-7,7.635355e-5,7.766043653615022e-7,-1.772792064265898e-5
956,1.146097397976495e-5,0.0008402113738593459,0.0027354956,84;51;36;2,0.0018808842,84;51;36,1.285678177000314e-7,4.7683716e-7,7.481128e-5,-1.9392266940703152e-6,-1.5502822680308112e-5
957,1.1460535697564774e-5,0.000837581272697002,0.0027354956,84;51;36;2,0.0018823948,84;51;36,1.2499485328505987e-7,4.7683716e-7,7.277727e-5,-2.021795251151784e-6,-1.582448910953711e-5
958,1.1460300779381367e-5,0.0008723181424317297,0.0027354658,84;51;36;2,0.0018834099,84;51;36,1.264893481277987e-7,4.7683716e-7,7.221848e-5,-2.910694803343283e-6,-1.4998747984619107e-5
959,1.145999099879197e-5,0.000885979762096124,0.002735436,84;51;36;2,0.001887762,84;51;36,1.3145214056489316e-7,4.7683716e-7,7.364899e-5,-4.059217533108445e-6,-1.5312614306064478e-5
960,1.145958971702983e-5,0.0008818162862330847,0.0027354062,84;51;36;2,0.0018884931,84;51;36,1.2933777561442147e-7,4.7683716e-7,7.700175e-5,-1.2176959590426117e-6,-1.8385989419513687e-5
961,1.1459286820476307e-5,0.0009118699579450945,0.0027354062,84;51;36;2,0.0018866342,84;51;36,1.2882939860266326e-7,4.7683716e-7,8.096546e-5,-3.6990786747053776e-7,-1.863822427083068e-5
962,1.1458831614036133e-5,0.0009049131264335722,0.0027353466,84;51;36;2,0.001888955,84;51;36,1.246782191280318e-7,4.7683716e-7,8.299947e-5,-1.3101338025532173e-6,-1.7619658515126927e-5
963,1.1458486266097664e-5,0.0008981507248722087,0.0027353764,84;51;36;2,0.0018869732,84;51;36,1.2366603509895633e-7,4.7683716e-7,8.420646e-5,1.0953739704156153e-6,-1.9593682226027773e-5
964,1.1458208896716824e-5,0.0009254455352527335,0.0027353764,84;51;36;2,0.001886243,84;51;36,1.231123765803408e-7,4.7683716e-7,8.40202e-5,-5.890856672926342e-7,-1.8089843525904534e-5
965,1.1457933536255029e-5,0.0008994454147796931,0.0027353764,84;51;36;2,0.0018896898,84;51;36,1.2481810034028232e-7,4.7683716e-7,8.21501e-5,-1.7708149389629393e-6,-1.7956461947812792e-5
966,1.1457692881662084e-5,0.000891305422768846,0.0027353764,84;51;36;2,0.0018861284,84;51;36,1.2570098716577663e-7,4.7683716e-7,8.152425e-5,9.048483602771297e-7,-1.9728621476940207e-5
967,1.145744276259476e-5,0.0009180694375307454,0.0027353764,84;51;36;2,0.0018855436,84;51;36,1.2511260653499942e-7,4.7683716e-7,8.0406666e-5,-1.9691192162049296e-6,-1.6480321021475127e-5
968,1.1457278979507504e-5,0.0008838066283817742,0.0027354062,84;51;36;2,0.0018894747,84;51;36,1.2637592693722146e-7,4.7683716e-7,7.855147e-5,-2.8525834161122336e-6,-1.6637533755030422e-5
969,1.1456949694338126e-5,0.0008660948529709005,0.0027353168,84;51;36;2,0.0018845098,84;51;36,1.2707594834781522e-7,4.7683716e-7,7.8983605e-5,1.1550685038588083e-6,-1.9304086067715658e-5
970,1.1456734281225318e-5,0.000903857132289619,0.002735287,84;51;36;2,0.0018830169,84;51;36,1.246192686611411e-7,4.7683716e-7,7.825345e-5,-1.6774152982769093e-6,-1.6672567680972118e-5
971,1.1456458920825637e-5,0.0008677536003223953,0.0027353466,84;51;36;2,0.001888454,84;51;36,1.2445233669184972e-7,4.7683716e-7,7.665157e-5,-3.2212711175864074e-6,-1.6196646551721737e-5
972,1.1456061081514858e-5,0.0008548392355122904,0.0027354062,84;51;36;2,0.0018834826,84;51;36,1.2956617688057372e-7,4.7683716e-7,7.740408e-5,1.2968297298508441e-6,-1.968339609869895e-5
973,1.1455833909202204e-5,0.000841709838149022,0.0027354956,84;51;36;2,0.0018809298,84;51;36,1.2365947137264979e-7,4.7683716e-7,7.721782e-5,1.0902559645990265e-8,-1.744369470846696e-5
974,1.145548196336138e-5,0.0008654345989688306,0.0027354062,84;51;36;2,0.0018816208,84;51;36,1.2477587096615755e-7,4.7683716e-7,7.507205e-5,-1.6778180819345235e-6,-1.686869235009243e-5
975,1.1455368377213593e-5,0.0008690073945513915,0.0027354062,84;51;36;2,0.001886067,84;51;36,1.2257989428372177e-7,4.7683716e-7,7.329136e-5,-3.885790033264626e-6,-1.5561033557740925e-5
976,1.1455336537826657e-5,0.0009099612174776052,0.0027353764,84;51;36;2,0.0018879334,84;51;36,1.234206501909859e-7,4.7683716e-7,7.428229e-5,-3.181455754511511e-6,-1.6859016519207764e-5
977,1.1455167879619897e-5,0.0009228730701594696,0.0027353466,84;51;36;2,0.0018919846,84;51;36,1.2411735691979484e-7,4.7683716e-7,7.7314675e-5,-3.907061351219055e-6,-1.662643095007235e-5
978,1.1454651865026617e-5,0.0009364364233133942,0.0027353168,84;51;36;2,0.001892115,84;51;36,1.2418961534177209e-7,4.7683716e-7,8.199364e-5,-9.711722175586335e-7,-1.947118377965193e-5
979,1.1454229645874097e-5,0.0009491164731534081,0.002735287,84;51;36;2,0.0018916018,84;51;36,1.1863102526317403e-7,4.7683716e-7,8.647144e-5,-9.357339103276587e-8,-2.0382604666050227e-5
980,1.145393937020674e-5,0.000911638926939724,0.0027353466,84;51;36;2,0.0018900419,84;51;36,1.1765934763006785e-7,4.7683716e-7,8.8855624e-5,1.8287124964460998e-6,-2.1406649415995224e-5
981,1.1453634179188884e-5,0.0009202115038764615,0.0027353466,84;51;36;2,0.0018842369,84;51;36,1.1606273761531487e-7,4.7683716e-7,8.8490546e-5,2.8684863822949996e-6,-2.0903781173452445e-5
982,1.1453425650413767e-5,0.0008947991729070257,0.0027353168,84;51;36;2,0.0018862858,84;51;36,1.1658522663863217e-7,4.7683716e-7,8.443743e-5,-8.056535802147377e-7,-1.8050603840929138e-5
983,1.1453299443611361e-5,0.000870908679442439,0.0027353168,84;51;36;2,0.0018845703,84;51;36,1.1405061090672562e-7,4.7683716e-7,7.982552e-5,-1.33679931763505e-7,-1.831828585698359e-5
984,1.1453041579494409e-5,0.0008839193137662316,0.002735287,84;51;36;2,0.001883232,84;51;36,1.1128877537940202e-7,4.7683716e-7,7.6547265e-5,-1.8536476922571297e-6,-1.6625393623868523e-5
985,1.1452738683191412e-5,0.0008590600561381274,0.002735287,84;51;36;2,0.0018859627,84;51;36,1.0830987742312074e-7,4.7683716e-7,7.363409e-5,-3.4930214742474853e-6,-1.5860600747790337e-5
986,1.145256686921562e-5,0.0008898860032994806,0.0027353168,84;51;36;2,0.0018847995,84;51;36,1.0627565557085206e-7,4.7683716e-7,7.293373e-5,-2.3320715352006764e-6,-1.7024238801109663e-5
987,1.1452286919623294e-5,0.0008814062654704931,0.0027353168,84;51;36;2,0.0018883143,84;51;36,1.1022605065776608e-7,4.7683716e-7,7.402897e-5,-3.922973523155701e-6,-1.6006500840220678e-5
988,1.1452177061747049e-5,0.0008426493782262934,0.0027353764,84;51;36;2,0.0018856134,84;51;36,1.0955662441641874e-7,4.7683716e-7,7.6532364e-5,6.885715595449856e-7,-1.9420403265589426e-5
989,1.145186154481221e-5,0.0008733064130057792,0.0027353764,84;51;36;2,0.0018798113,84;51;36,1.0730563550287618e-7,4.7683716e-7,7.869303e-5,1.121527901222787e-6,-1.8515725606188725e-5
990,1.1451816798774178e-5,0.0009024559062169769,0.002735287,84;51;36;2,0.0018858537,84;51;36,1.0749873212615706e-7,4.7683716e-7,7.749349e-5,-3.995976265365786e-6,-1.5663869493348783e-5
991,1.1451495831444651e-5,0.0008964744911875551,0.002735287,84;51;36;2,0.0018902468,84;51;36,1.0904833765589724e-7,4.7683716e-7,7.742643e-5,-2.7935805615984787e-6,-1.817716025557915e-5
992,1.145133635198776e-5,0.0009269339403230543,0.002735287,84;51;36;2,0.0018888898,84;51;36,1.0997701467703762e-7,4.7683716e-7,8.0138445e-5,-7.808432710568728e-7,-1.9372465446820616e-5
993,1.1451044068071892e-5,0.0009207032535578145,0.0027352273,84;51;36;2,0.0018907627,84;51;36,1.0871675461220601e-7,4.7683716e-7,8.2455575e-5,-1.493468702320298e-6,-1.9010693570569737e-5
994,1.1450924745321752e-5,0.0008832885141364875,0.0027352571,84;51;36;2,0.0018877098,84;51;36,1.0719957389042019e-7,4.7683716e-7,8.4243715e-5,2.0392584302869984e-6,-2.1187663563482318e-5
995,1.1450689541823878e-5,0.0008759300632365978,0.0027353466,84;51;36;2,0.0018812101,84;51;36,1.0105379285643799e-7,4.7683716e-7,8.441508e-5,2.982330356937032e-6,-2.0833965208544236e-5
996,1.1450471548338045e-5,0.0008684429958806467,0.0027353466,84;51;36;2,0.0018820781,84;51;36,1.0702116360475022e-7,4.7683716e-7,8.0391765e-5,-7.832028580482246e-7,-1.776043091416611e-5
997,1.145021597919877e-5,0.0008798597754384157,0.0027353168,84;51;36;2,0.001884304,84;51;36,9.934696967234011e-8,4.7683716e-7,7.5683e-5,-2.6502436807236233e-6,-1.681172961004283e-5
998,1.145002896374867e-5,0.0008559125764831053,0.002735287,84;51;36;2,0.0018863343,84;51;36,9.699630237017468e-8,4.7683716e-7,7.3596835e-5,-2.490895416122622e-6,-1.7506291498250974e-5
999,1.1449716027963719e-5,0.0008689669638197745,0.0027352273,84;51;36;2,0.0018834025,84;51;36,9.624837396220098e-8,4.7683716e-7,7.3969364e-5,-1.100450092406189e-6,-1.7807580482377685e-5
1000,1.1449601294567377e-5,0.0008445844211424296,0.002735287,84;51;36;2,0.0018841494,84;51;36,9.817956172077255e-8,4.7683716e-7,7.454306e-5,-1.8885582690018748e-6,-1.6886450659919786e-5
1001,1.144948541383707e-5,0.0008227477982877533,0.002735287,84;51;36;2,0.0018805973,84;51;36,1.0261503259105654e-7,4.7683716e-7,7.560849e-5,7.457596723320391e-7,-1.829522909161021e-5
1002,1.1449357198870744e-5,0.0008363881224293073,0.0027352273,84;51;36;2,0.0018785624,84;51;36,9.968714299283505e-8,4.7683716e-7,7.519126e-5,9.830949409255462e-9,-1.7450575649812933e-5
1003,1.144937096687727e-5,0.0008710201955180408,0.0027352273,84;51;36;2,0.0018825289,84;51;36,9.409200936802525e-8,2.3841858e-7,7.329136e-5,-3.590354215615492e-6,-1.5425042205696412e-5
1004,1.1449198866795696e-5,0.0008515310115095513,0.0027352571,84;51;36;2,0.0018872116,84;51;36,1.0037925511322942e-7,4.7683716e-7,7.3216856e-5,-2.982204328226667e-6,-1.7336308664420203e-5
1005,1.1448888225787803e-5,0.0008681773180868702,0.0027352273,84;51;36;2,0.0018837182,84;51;36,1.0116024829247238e-7,4.7683716e-7,7.6539814e-5,4.250839645627245e-7,-2.0049574269314296e-5
1006,1.1448634665020018e-5,0.0008848688911739611,0.0027352273,84;51;36;2,0.0018849215,84;51;36,9.995504148203696e-8,4.7683716e-7,7.8603625e-5,-1.6986214465704439e-6,-1.804230364510871e-5
1007,1.144841667159975e-5,0.0008672667796194829,0.0027352273,84;51;36;2,0.0018864237,84;51;36,9.584295720221892e-8,3.5762787e-7,7.9490244e-5,-3.120374808458776e-7,-1.9303894978398694e-5
1008,1.144823567938265e-5,0.000884111407568044,0.002735287,84;51;36;2,0.0018836325,84;51;36,9.208638895313738e-8,4.7683716e-7,8.0391765e-5,1.0683446543300976e-6,-2.0232572440371867e-5
1009,1.1448005065308024e-5,0.0008843216878294475,0.002735287,84;51;36;2,0.0018856367,84;51;36,9.255355396834832e-8,4.7683716e-7,8.0138445e-5,-1.1364907876683844e-6,-1.8520479052694962e-5
1010,1.1447950279833502e-5,0.0009211717654361984,0.002735287,84;51;36;2,0.0018873,84;51;36,9.319629045760165e-8,4.7683716e-7,7.957965e-5,-1.7244788268458319e-6,-1.851369090661766e-5
1011,1.1447648531091877e-5,0.0009198478768755869,0.0027352273,84;51;36;2,0.0018914798,84;51;36,9.52329655025774e-8,4.7683716e-7,7.996708e-5,-3.0262114976182756e-6,-1.8015826776955017e-5
1012,1.1447377760357946e-5,0.0009192014319787425,0.0027352571,84;51;36;2,0.001890217,84;51;36,9.516256133328175e-8,4.7683716e-7,8.214265e-5,8.065816532201499e-8,-2.079000464036759e-5
1013,1.1447185008310064e-5,0.0009025581115341189,0.0027351975,84;51;36;2,0.0018877536,84;51;36,9.37680484515075e-8,4.7683716e-7,8.40202e-5,7.42218175567932e-7,-2.0649675894874698e-5
1014,1.1447038149606916e-5,0.000921414713801633,0.0027352273,84;51;36;2,0.0018859887,84;51;36,8.753623337496217e-8,4.7683716e-7,8.390844e-5,1.8050516800593655e-7,-1.9530220537509557e-5
1015,1.1446937470867935e-5,0.0009205819320824702,0.0027351975,84;51;36;2,0.001889077,84;51;36,9.338027991063218e-8,4.7683716e-7,8.2053244e-5,-2.2211097595664712e-6,-1.8015730589547335e-5
1016,1.1446849126185965e-5,0.0009203109525831098,0.0027352273,84;51;36;2,0.0018898221,84;51;36,9.388573606418398e-8,4.7683716e-7,8.135289e-5,-1.0258856012408987e-6,-1.9658730330328854e-5
1017,1.144672980349863e-5,0.0009192821854702814,0.0027351975,84;51;36;2,0.0018891143,84;51;36,9.060995256239948e-8,4.7683716e-7,8.1792474e-5,-8.541194866983311e-7,-1.970024301488335e-5
1018,1.144649832877758e-5,0.0009364240449070849,0.0027351975,84;51;36;2,0.0018894654,84;51;36,9.175248399126519e-8,4.7683716e-7,8.188933e-5,-1.7571268450715476e-6,-1.904470777860655e-5
1019,1.1446407689435363e-5,0.000905618394451558,0.0027352273,84;51;36;2,0.001890732,84;51;36,9.188347135437032e-8,4.7683716e-7,8.2075596e-5,-1.1051828524211046e-6,-1.974259855125336e-5
1020,1.1446229852751262e-5,0.0009097550917128257,0.0027352273,84;51;36;2,0.001886162,84;51;36,9.190521369776077e-8,4.7683716e-7,8.274615e-5,1.1795306975582857e-6,-2.0644269492697226e-5
1021,1.1446100204071886e-5,0.000878515701434291,0.0027352273,84;51;36;2,0.0018857475,84;51;36,9.085979259960048e-8,4.7683716e-7,8.2165e-5,-1.9949717672092814e-7,-1.9536272009168598e-5
1022,1.1445810215414248e-5,0.0008829622540860354,0.0027351975,84;51;36;2,0.0018832292,84;51;36,9.140166102483788e-8,4.7683716e-7,8.008629e-5,5.177029303216746e-7,-1.9690732589392296e-5
1023,1.1445684008744698e-5,0.0008522146978158909,0.0027351975,84;51;36;2,0.0018840833,84;51;36,9.292634080392893e-8,4.7683716e-7,7.76127e-5,-1.0946709473272552e-6,-1.845888099038814e-5
1024,1.1445493551407015e-5,0.0008958386284863263,0.002735138,84;51;36;2,0.0018829061,84;51;36,9.063201488744738e-8,4.7683716e-7,7.586926e-5,-1.5119226865064023e-6,-1.807284327033181e-5
1025,1.1445233393481902e-5,0.0008971496545197605,0.0027351677,84;51;36;2,0.0018891785,84;51;36,8.478116669039219e-8,4.7683716e-7,7.4371696e-5,-4.763250174871427e-6,-1.6758185570865716e-5
1026,1.1445060146157638e-5,0.0008665800225148185,0.0027351081,84;51;36;2,0.0018885508,84;51;36,9.040897946755074e-8,4.7683716e-7,7.63163e-5,-5.471484203692265e-7,-2.0358613337518185e-5
1027,1.1445069324823823e-5,0.0009070537778162702,0.002735138,84;51;36;2,0.0018838821,84;51;36,8.558190848115999e-8,2.3841858e-7,7.943809e-5,4.3518556260950867e-7,-1.9845465533953374e-5
1028,1.1444766428839682e-5,0.0008743800661651485,0.002735138,84;51;36;2,0.0018878337,84;51;36,8.276410077775726e-8,2.3841858e-7,7.972121e-5,-1.9083870531052377e-6,-1.8298484226972037e-5
1029,1.1444612686181064e-5,0.0008952924994569948,0.0027350783,84;51;36;2,0.0018844064,84;51;36,8.525018595828474e-8,2.3841858e-7,8.0525875e-5,1.168789127579796e-6,-2.0720460680288518e-5
1030,1.1444448904329454e-5,0.0008983409512085486,0.0027351677,84;51;36;2,0.0018865978,84;51;36,8.235056140647085e-8,2.3841858e-7,8.049607e-5,-1.6439552906018725e-6,-1.8420724112156344e-5
1031,1.144428139368415e-5,0.0008700859244138704,0.0027351677,84;51;36;2,0.00188688,84;51;36,8.379037220441819e-8,2.3841858e-7,8.0265105e-5,6.426856731786185e-8,-2.020815074102161e-5
1032,1.1444108146372916e-5,0.0008630608103921154,0.0027351677,84;51;36;2,0.0018822979,84;51;36,8.519436146604752e-8,2.3841858e-7,8.0123544e-5,1.9038519363255817e-6,-2.0664115528677002e-5
1033,1.144382504192908e-5,0.0008571117178732753,0.002735138,84;51;36;2,0.0018818583,84;51;36,8.997977740436531e-8,2.3841858e-7,7.8342855e-5,-4.509434573824623e-7,-1.8680591415929244e-5
1034,1.1443830778594585e-5,0.0008180612081561163,0.0027351677,84;51;36;2,0.0018816125,84;51;36,8.46734477370438e-8,2.3841858e-7,7.548928e-5,2.6570047824129885e-8,-1.8993284495007267e-5
1035,1.1443605901306841e-5,0.0008521359350703987,0.0027351677,84;51;36;2,0.0018784516,84;51;36,8.492022743685438e-8,2.3841858e-7,7.3209405e-5,-4.5293765276633155e-7,-1.8062913504096807e-5
1036,1.1443286942704839e-5,0.0008456013384020327,0.002735138,84;51;36;2,0.0018839659,84;51;36,8.268851126467943e-8,2.3841858e-7,7.105619e-5,-4.328567390941154e-6,-1.579132493856874e-5
1037,1.1443095624985197e-5,0.0008424307598719418,0.0027351081,84;51;36;2,0.001884073,84;51;36,8.705016482798835e-8,3.5762787e-7,7.1674585e-5,-1.504667871714118e-6,-1.866720936119594e-5
1038,1.1443018466759269e-5,0.0008056014531441502,0.0027351081,84;51;36;2,0.0018812716,84;51;36,8.6177747145953e-8,3.5762787e-7,7.419288e-5,7.911400767577343e-7,-1.995133284097782e-5
1039,1.1442786992404308e-5,0.0008031610491435235,0.002735138,84;51;36;2,0.0018757517,84;51;36,8.168180794706993e-8,2.3841858e-7,7.495284e-5,2.2781682066287387e-6,-1.9510749854049904e-5
1040,1.1442723889088512e-5,0.0008169986084952125,0.0027351677,84;51;36;2,0.0018769559,84;51;36,8.385756835248151e-8,2.3841858e-7,7.285178e-5,-1.194095308767887e-6,-1.691882617973767e-5
1041,1.1442620916061063e-5,0.0008325620086185766,0.0027351081,84;51;36;2,0.0018812427,84;51;36,8.254215657735909e-8,2.3841858e-7,7.085502e-5,-2.8795609440774774e-6,-1.6639754124727828e-5
1042,1.1442560107415868e-5,0.0008485263780408918,0.0027351081,84;51;36;2,0.0018838132,84;51;36,8.806892078802827e-8,4.7683716e-7,7.131696e-5,-2.723555903409845e-6,-1.7023848192752043e-5
1043,1.1442402922804706e-5,0.0008468420534352204,0.0027351081,84;51;36;2,0.0018841913,84;51;36,9.1201541214409e-8,4.7683716e-7,7.4364245e-5,-1.3451642432236335e-6,-1.8179853944448563e-5
1044,1.1442458281741318e-5,0.0008952422990190653,0.0027350783,84;51;36;2,0.001883952,84;51;36,9.099754880545924e-8,4.7683716e-7,7.75978e-5,-9.787757762157982e-7,-1.826357885735863e-5
1045,1.1442168006532312e-5,0.0008717507853794726,0.0027351081,84;51;36;2,0.0018883217,84;51;36,8.484884691327062e-8,2.3841858e-7,7.945299e-5,-1.5160151261729461e-6,-1.9253002441726807e-5
1046,1.1441841016672366e-5,0.0008724107304449537,0.0027350783,84;51;36;2,0.001883693,84;51;36,9.054319946586183e-8,4.7683716e-7,8.203834e-5,2.6800027601955003e-6,-2.157868383656948e-5
1047,1.1441760703373432e-5,0.0008733473748907389,0.0027350783,84;51;36;2,0.0018826574,84;51;36,8.002354813298265e-8,2.9802322e-7,8.211285e-5,9.329513850150448e-7,-1.998318342009054e-5
1048,1.144167580074313e-5,0.0008808322662471317,0.0027350485,84;51;36;2,0.0018840991,84;51;36,8.014817688622831e-8,2.9802322e-7,8.042902e-5,-6.149246170137787e-7,-1.8898272245912613e-5
1049,1.1441575982785883e-5,0.0008881242630337638,0.0027350187,84;51;36;2,0.0018857382,84;51;36,8.470952361775618e-8,3.5762787e-7,7.856637e-5,-1.5673355739652571e-6,-1.8565486895062106e-5
1050,1.1441437155512012e-5,0.0008968363923975938,0.0027350783,84;51;36;2,0.0018872572,84;51;36,8.213517272772134e-8,2.3841858e-7,7.7843666e-5,-1.8199885126620337e-6,-1.889189459491167e-5
1051,1.1441471862527476e-5,0.0009054216194301108,0.002735138,84;51;36;2,0.0018882593,84;51;36,7.850662175559122e-8,2.3841858e-7,7.867068e-5,-1.644609881388315e-6,-1.9185997921545857e-5
1052,1.1441369749912223e-5,0.0009140357832727028,0.0027351081,84;51;36;2,0.001889009,84;51;36,8.081505147897398e-8,2.3841858e-7,7.9870224e-5,-1.419112023133855e-6,-1.9606486778402087e-5
1053,1.1441295173283107e-5,0.0008892380919817324,0.002735138,84;51;36;2,0.0018884996,84;51;36,8.221124631561428e-8,3.5762787e-7,8.138269e-5,2.2293779211187542e-7,-2.0672154308132564e-5
1054,1.1441148314690383e-5,0.000884913456109447,0.0027351081,84;51;36;2,0.0018843617,84;51;36,8.273868274763515e-8,2.3841858e-7,8.238852e-5,1.9705793843288262e-6,-2.1210368332722573e-5
1055,1.1441079474725044e-5,0.0008806966884795553,0.0027350783,84;51;36;2,0.001883707,84;51;36,8.346716611642569e-8,2.3841858e-7,8.123368e-5,-3.0150594639097116e-9,-1.9151726137094864e-5
1056,1.1441033868477937e-5,0.0008767945807931675,0.0027350485,84;51;36;2,0.0018844716,84;51;36,8.129486807664081e-8,2.3841858e-7,7.901341e-5,-7.518410558991677e-7,-1.9122821328596284e-5
1057,1.1440857179246854e-5,0.0008735765508758023,0.0027351081,84;51;36;2,0.0018849103,84;51;36,8.270685687970625e-8,2.3841858e-7,7.76425e-5,-9.996620695701329e-7,-1.921948889049023e-5
1058,1.1440792928617367e-5,0.0008708898486542076,0.0027350783,84;51;36;2,0.0018847883,84;51;36,8.223970006915318e-8,2.3841858e-7,7.6420605e-5,-1.1773664082589533e-6,-1.9061344388177473e-5
1059,1.1440748182643261e-5,0.0008682370660297585,0.0027350783,84;51;36;2,0.0018847045,84;51;36,7.987112199882876e-8,2.3841858e-7,7.618219e-5,-1.1381876137258905e-6,-1.887833944085084e-5
1060,1.1440652954031703e-5,0.0008652065608180086,0.0027350783,84;51;36;2,0.0018843273,84;51;36,7.476885858237794e-8,2.3841858e-7,7.619709e-5,-9.065193165829166e-7,-1.9075673656962613e-5
1061,1.1440631154710986e-5,0.0008107418005529679,0.0027350485,84;51;36;2,0.0018821396,84;51;36,8.495830525409026e-8,4.7683716e-7,7.6413155e-5,1.296406777332319e-6,-2.0770004869017003e-5
1062,1.1440313343561568e-5,0.0008232641540139243,0.002734989,84;51;36;2,0.0018750941,84;51;36,8.557568935048453e-8,4.7683716e-7,7.583201e-5,2.4348159230981692e-6,-1.966280685096081e-5
1063,1.1440303304685574e-5,0.0008342351812673569,0.0027350187,84;51;36;2,0.0018791789,84;51;36,8.974155516272689e-8,4.7683716e-7,7.2434545e-5,-2.909739432663312e-6,-1.6370473014226272e-5
1064,1.144011399480936e-5,0.0008470101739677269,0.0027350187,84;51;36;2,0.0018840404,84;51;36,8.132946711893421e-8,4.7683716e-7,6.98939e-5,-3.527317672845597e-6,-1.7120639991507366e-5
1065,1.143996254690839e-5,0.0008035705975956502,0.0027351081,84;51;36;2,0.001883301,84;51;36,8.786055529642679e-8,4.7683716e-7,7.138401e-5,-7.731056504994597e-7,-1.884245347898741e-5
1066,1.1439866170971409e-5,0.0007932723597176527,0.0027350783,84;51;36;2,0.0018760851,84;51;36,8.27203535419241e-8,4.7683716e-7,7.3328614e-5,2.8570075082030724e-6,-2.0169438523240235e-5
1067,1.1439825154152378e-5,0.0008183467673153758,0.0027351081,84;51;36;2,0.0018758224,84;51;36,8.01726841993254e-8,4.7683716e-7,7.250905e-5,-7.563075079946999e-7,-1.7188555699803226e-5
1068,1.1439698947577726e-5,0.0008257111573231022,0.0027350783,84;51;36;2,0.0018811887,84;51;36,8.242679908752145e-8,4.7683716e-7,7.048249e-5,-3.0820778466271296e-6,-1.662746199298371e-5
1069,1.1439641580952883e-5,0.0008122855882468781,0.0027350783,84;51;36;2,0.0018822597,84;51;36,8.21582852489783e-8,4.7683716e-7,7.0787966e-5,-9.937631638686668e-7,-1.880368594917388e-5
1070,1.143957044633808e-5,0.0007982048055652237,0.0027350485,84;51;36;2,0.0018787393,84;51;36,7.78761758438469e-8,2.3841858e-7,7.2434545e-5,1.2465497380579862e-6,-1.9791603519772485e-5
1071,1.1439438503100943e-5,0.0008188092807792466,0.0027350485,84;51;36;2,0.0018770518,84;51;36,7.582076136026595e-8,2.3841858e-7,7.265806e-5,1.2060918674001217e-8,-1.830236155575145e-5
1072,1.1439386873138585e-5,0.0007685955266867303,0.0027350783,84;51;36;2,0.0018788846,84;51;36,7.481093206800294e-8,2.3841858e-7,7.1413815e-5,-1.2094480116193803e-7,-1.8560328900194333e-5
1073,1.1439161995969206e-5,0.0007861587203163682,0.0027351081,84;51;36;2,0.0018730918,84;51;36,7.141512262604525e-8,2.3841858e-7,7.081032e-5,2.339448600193346e-6,-1.9587596412696432e-5
1074,1.1439081682694425e-5,0.0007658850796311214,0.0027351081,84;51;36;2,0.0018757237,84;51;36,7.839909971403201e-8,3.5762787e-7,6.850064e-5,-1.5122969007723243e-6,-1.6462987683694728e-5
1075,1.143894773201221e-5,0.0007834028402649171,0.0027350783,84;51;36;2,0.0018755468,84;51;36,7.766991894932139e-8,2.3841858e-7,6.683171e-5,-1.1143282298962323e-6,-1.6962812586160914e-5
1076,1.143888807072686e-5,0.0007479885044240132,0.0027350783,84;51;36;2,0.0018767873,84;51;36,7.490614712273735e-8,2.3841858e-7,6.623566e-5,-9.625961110249359e-7,-1.738895024937298e-5
1077,1.1438649425585462e-5,0.0007475940720225074,0.0027350783,84;51;36;2,0.0018725488,84;51;36,7.489388115920199e-8,2.3841858e-7,6.6660345e-5,1.4130581202683138e-6,-1.8451599882830022e-5
1078,1.143858402763806e-5,0.0007451786273085692,0.0027350783,84;51;36;2,0.0018724268,84;51;36,8.015536416653399e-8,2.3841858e-7,6.60643e-5,-6.906538346705843e-7,-1.6956095071772573e-5
1079,1.143846241040254e-5,0.0007435693441112576,0.0027350187,84;51;36;2,0.0018735277,84;51;36,7.434774631186533e-8,3.5762787e-7,6.4745545e-5,-9.398507403353082e-7,-1.6641041119743297e-5
1080,1.1438371771142105e-5,0.0007414534885395546,0.0027350187,84;51;36;2,0.0018735267,84;51;36,7.492058732061176e-8,2.3841858e-7,6.452203e-5,-6.727883495085193e-7,-1.7006865272643357e-5
1081,1.143832845977696e-5,0.0007214760916648455,0.0027350485,84;51;36;2,0.0018725749,84;51;36,7.193857979899276e-8,2.3841858e-7,6.490201e-5,1.6570080968833e-7,-1.7408347660619098e-5
1082,1.1438325017779988e-5,0.0007541901122773887,0.0027350187,84;51;36;2,0.0018709125,84;51;36,7.44089694689897e-8,2.3841858e-7,6.496906e-5,-1.0728969115332986e-7,-1.694538660734405e-5
1083,1.1438291745142582e-5,0.0007475799213349668,0.0027349591,84;51;36;2,0.001875327,84;51;36,7.52940961660861e-8,2.3841858e-7,6.41793e-5,-2.540410320110622e-6,-1.585759289497406e-5
1084,1.1438234378526367e-5,0.0007439375259053828,0.002734989,84;51;36;2,0.001874676,84;51;36,8.006173261077101e-8,2.3841858e-7,6.518513e-5,1.2646646632343258e-7,-1.7926144716204336e-5
1085,1.143807403928653e-5,0.0007395192706104166,0.0027349591,84;51;36;2,0.0018727332,84;51;36,8.036046420429796e-8,2.3841858e-7,6.651878e-5,5.911238468929989e-7,-1.779506513833469e-5
1086,1.1437930622756778e-5,0.0007356494083847919,0.0027349293,84;51;36;2,0.0018719491,84;51;36,7.433948422137697e-8,2.3841858e-7,6.6794455e-5,3.9711921873945994e-7,-1.79345225163116e-5
1087,1.1437835106877511e-5,0.0007313347877364574,0.0027349591,84;51;36;2,0.0018716194,84;51;36,7.867275787306792e-8,2.3841858e-7,6.599724e-5,3.34433550267079e-7,-1.743452062052355e-5
1088,1.1437739018273025e-5,0.0007496056805769342,0.002734989,84;51;36;2,0.0018721214,84;51;36,7.58122859486726e-8,2.3841858e-7,6.517768e-5,-6.480059367724155e-7,-1.68853826175177e-5
1089,1.143765526301965e-5,0.0007318249395648275,0.0027349591,84;51;36;2,0.0018739048,84;51;36,7.400434035616442e-8,2.3841858e-7,6.4738095e-5,-8.734763872604026e-7,-1.737100625388151e-5
1090,1.1437599043739986e-5,0.0007151564710031281,0.002734989,84;51;36;2,0.0018709898,84;51;36,8.670558560621015e-8,4.7683716e-7,6.5766275e-5,1.477447541624104e-6,-1.853297657884245e-5
1091,1.1437493489174088e-5,0.0007347308362705826,0.0027350187,84;51;36;2,0.0018691896,84;51;36,8.340579527545943e-8,4.7683716e-7,6.5512955e-5,5.002357733359088e-7,-1.72492197193289e-5
1092,1.1437452185213519e-5,0.000685534854503699,0.0027350187,84;51;36;2,0.0018711463,84;51;36,7.96887488634012e-8,2.3841858e-7,6.366521e-5,1.4170631268714492e-7,-1.7184332916987736e-5
1093,1.1437335157325239e-5,0.0007057901322059265,0.0027350187,84;51;36;2,0.0018658619,84;51;36,7.949256728875626e-8,3.5762787e-7,6.321818e-5,2.192207526221545e-6,-1.806514136113999e-5
1094,1.1437290411367957e-5,0.0007060601005045396,0.0027350187,84;51;36;2,0.0018691774,84;51;36,8.106221679770507e-8,3.5762787e-7,6.0997903e-5,-2.14750747880135e-6,-1.4930264135078326e-5
1095,1.1437167934172162e-5,0.000708499314070524,0.0027349591,84;51;36;2,0.001871353,84;51;36,8.013526275472017e-8,3.5762787e-7,6.006658e-5,-1.4583618158506366e-6,-1.6411118214639144e-5
1096,1.1437123188218243e-5,0.0006991724593783096,0.0027349591,84;51;36;2,0.001870702,84;51;36,7.670849713856921e-8,2.3841858e-7,6.096065e-5,-4.5444388812394417e-7,-1.6546991004917133e-5
1097,1.1437022222988888e-5,0.0007055621811579184,0.0027349591,84;51;36;2,0.0018690815,84;51;36,7.905086409088693e-8,2.3841858e-7,6.22794e-5,2.969071126542562e-7,-1.6775696015610148e-5
1098,1.1437027959649648e-5,0.000700499328875193,0.002734989,84;51;36;2,0.0018695956,84;51;36,8.051484304702807e-8,2.3841858e-7,6.251782e-5,-2.0035351669207045e-7,-1.65931895349933e-5
1099,1.1437136956204065e-5,0.0006966093337320455,0.002734989,84;51;36;2,0.0018690713,84;51;36,8.128686294058281e-8,2.3841858e-7,6.2823296e-5,6.485968698390779e-7,-1.741109985481351e-5
1100,1.1437013044331675e-5,0.0007051231569426183,0.002734989,84;51;36;2,0.0018686354,84;51;36,7.705918352682132e-8,2.3841858e-7,6.264448e-5,2.0350972473578023e-7,-1.678261207463411e-5
1101,1.1437044309662722e-5,0.0007125756684208092,0.0027350187,84;51;36;2,0.0018703304,84;51;36,7.700072534342702e-8,2.3841858e-7,6.219745e-5,-8.021860674069505e-7,-1.6404734261232688e-5
1102,1.1437040867666526e-5,0.0007200027166633738,0.002734989,84;51;36;2,0.0018715672,84;51;36,7.77681615228147e-8,2.3841858e-7,6.251782e-5,-6.581854242370591e-7,-1.7007128903498103e-5
1103,1.1437031689010002e-5,0.0006935781460195736,0.002734989,84;51;36;2,0.0018711071,84;51;36,8.18604669430337e-8,4.7683716e-7,6.326288e-5,6.703919364467793e-7,-1.752559809657891e-5
1104,1.1437011037032823e-5,0.0007381961083714255,0.0027350187,84;51;36;2,0.0018684492,84;51;36,8.212313084242813e-8,4.7683716e-7,6.390363e-5,7.601420675981421e-7,-1.744196086876391e-5
1105,1.1436883683173554e-5,0.0007420418465670272,0.0027350187,84;51;36;2,0.001874255,84;51;36,8.300745093057267e-8,4.7683716e-7,6.3441694e-5,-3.1112132150188843e-6,-1.499741923685217e-5
1106,1.1436809106589296e-5,0.0007161870323846716,0.0027350485,84;51;36;2,0.0018741228,84;51;36,9.056206394599947e-8,4.7683716e-7,6.469339e-5,6.006707867955966e-7,-1.8604364630801813e-5
1107,1.1436618649466425e-5,0.0007237164827096443,0.0027350485,84;51;36;2,0.0018690592,84;51;36,9.089411463233644e-8,4.7683716e-7,6.674975e-5,2.4945233869464716e-6,-1.9290613104971425e-5
1108,1.1436560135531084e-5,0.0007298887691805157,0.0027350187,84;51;36;2,0.0018702345,84;51;36,8.887352085588043e-8,4.7683716e-7,6.608665e-5,-1.8848937170828954e-7,-1.672962743451848e-5
1109,1.143653604155771e-5,0.0007028296028965876,0.0027350187,84;51;36;2,0.0018712739,84;51;36,8.456821479503401e-8,4.7683716e-7,6.504357e-5,5.20660072851185e-7,-1.7836560643536306e-5
1110,1.1436400656373982e-5,0.0007095339968180452,0.002734989,84;51;36;2,0.0018679388,84;51;36,8.365926421819873e-8,4.7683716e-7,6.441027e-5,1.6421091723765866e-6,-1.8303967935557204e-5
1111,1.1436419301096953e-5,0.0007155625353384304,0.0027350187,84;51;36;2,0.0018696412,84;51;36,8.138947858966527e-8,4.7683716e-7,6.324053e-5,-8.553099454435407e-7,-1.6283335658093276e-5
1112,1.1436427332420808e-5,0.0007219051760250109,0.0027350783,84;51;36;2,0.0018717404,84;51;36,7.80136313126823e-8,2.3841858e-7,6.219745e-5,-1.3504016575617404e-6,-1.6083557632180454e-5
1113,1.1436359639834034e-5,0.0007278491157218755,0.0027350485,84;51;36;2,0.0018726261,84;51;36,7.720959130478404e-8,2.3841858e-7,6.266683e-5,-1.0889771514942716e-6,-1.6564033236696855e-5
1114,1.1436277031931529e-5,0.0007185710670393778,0.0027350187,84;51;36;2,0.0018723393,84;51;36,8.079349784271484e-8,2.3841858e-7,6.373972e-5,-3.603948723374546e-8,-1.7710185755729163e-5
1115,1.1436210486676734e-5,0.0007092458067548854,0.0027350187,84;51;36;2,0.0018702336,84;51;36,7.979855451232175e-8,2.3841858e-7,6.47977e-5,1.4382766123524995e-6,-1.822555343648145e-5
1116,1.143611411079048e-5,0.0006991391760498731,0.0027350187,84;51;36;2,0.0018683067,84;51;36,7.733135374177156e-8,2.3841858e-7,6.471574e-5,1.3657766797570813e-6,-1.782857535074239e-5
1117,1.143607051217527e-5,0.0007426434898102795,0.002734989,84;51;36;2,0.0018690759,84;51;36,7.416665310306757e-8,2.3841858e-7,6.335229e-5,-7.982556428234907e-7,-1.6371200449577807e-5
1118,1.143590759103422e-5,0.000711388525910098,0.002734989,84;51;36;2,0.0018742029,84;51;36,7.619491837371305e-8,2.3841858e-7,6.207824e-5,-2.116833333595896e-6,-1.6220783811665248e-5
1119,1.1435823835799736e-5,0.0007162073643845207,0.002734989,84;51;36;2,0.0018702848,84;51;36,8.086916119771362e-8,2.3841858e-7,6.3546e-5,1.6378317788987448e-6,-1.8850099948790205e-5
1120,1.1435820393803799e-5,0.000700690976899528,0.002734989,84;51;36;2,0.0018695937,84;51;36,7.46231356537146e-8,2.3841858e-7,6.41197e-5,6.046970463466754e-7,-1.7416853335693564e-5
1121,1.143560957219041e-5,0.0007203566865779425,0.002734989,84;51;36;2,0.0018689502,84;51;36,8.105767962189568e-8,4.7683716e-7,6.3471496e-5,3.720921928185062e-7,-1.7234096838957454e-5
1122,1.1435502870324364e-5,0.0006903150723032756,0.0027349591,84;51;36;2,0.0018709283,84;51;36,8.303052491856752e-8,4.7683716e-7,6.2420964e-5,-5.00878823115105e-7,-1.6454376298151583e-5
1123,1.143527569860956e-5,0.0006944636850268421,0.0027349293,84;51;36;2,0.0018673604,84;51;36,7.643067395759503e-8,4.7683716e-7,6.257743e-5,1.754734861763155e-6,-1.8010636984867104e-5
1124,1.1435342243859351e-5,0.0007351892121971032,0.0027349293,84;51;36;2,0.0018693414,84;51;36,7.20115962979076e-8,2.3841858e-7,6.156415e-5,-1.8045123536576665e-6,-1.539404124605504e-5
1125,1.143517473340298e-5,0.000735862917514122,0.0027349293,84;51;36;2,0.001875083,84;51;36,7.386446226480153e-8,2.3841858e-7,6.105006e-5,-3.232923982082217e-6,-1.5531828528038323e-5
1126,1.1435210300691662e-5,0.0007050458781435154,0.0027348697,84;51;36;2,0.0018733153,84;51;36,7.601523933893015e-8,2.3841858e-7,6.373972e-5,1.0168134791424663e-6,-1.8608627488192075e-5
1127,1.143509327283858e-5,0.0007074896466098522,0.0027349293,84;51;36;2,0.0018676268,84;51;36,7.10697836843171e-8,2.3841858e-7,6.6407025e-5,2.967559941238626e-6,-1.897199683843984e-5
1128,1.1435182764726232e-5,0.0006752406625499862,0.002734989,84;51;36;2,0.0018670484,84;51;36,7.034918988317698e-8,2.3841858e-7,6.545335e-5,1.5375715044564697e-6,-1.718189007403501e-5
1129,1.143510474615751e-5,0.0006760351283352052,0.002734989,84;51;36;2,0.0018642796,84;51;36,7.206020068786239e-8,2.3841858e-7,6.315857e-5,1.9478273616146366e-6,-1.7081543538326108e-5
1130,1.1435169284247386e-5,0.0006761874970320587,0.002734989,84;51;36;2,0.0018655872,84;51;36,7.608650499239864e-8,2.3841858e-7,6.016344e-5,-8.706105311378319e-7,-1.48937433019498e-5
1131,1.1435172726242807e-5,0.0006772013711444538,0.0027349293,84;51;36;2,0.00186738,84;51;36,7.368929283105157e-8,2.3841858e-7,5.788356e-5,-1.1857964157127246e-6,-1.5545450132734575e-5
1132,1.143515092693848e-5,0.0006783103163530412,0.0027349591,84;51;36;2,0.001868031,84;51;36,7.416841199982264e-8,2.3841858e-7,5.787611e-5,-1.1922233121453679e-6,-1.5390687089219345e-5
1133,1.1435178462901839e-5,0.0006447151928605797,0.002734989,84;51;36;2,0.0018669683,84;51;36,6.86193930365602e-8,2.3841858e-7,5.8345497e-5,4.757536339344811e-7,-1.638967830837205e-5
1134,1.1435201409537973e-5,0.0006452774379779359,0.0027349591,84;51;36;2,0.0018626563,84;51;36,7.251904614839944e-8,2.3841858e-7,5.8740377e-5,2.0691103003525833e-6,-1.7092985416257096e-5
1135,1.1435242713483014e-5,0.0006453819516317086,0.002734989,84;51;36;2,0.0018633064,84;51;36,7.760935216482768e-8,2.3841858e-7,5.7294965e-5,-2.658634414614159e-7,-1.5042258790263725e-5
1136,1.1435272544109988e-5,0.0006304597642748416,0.0027350485,84;51;36;2,0.0018642824,84;51;36,7.364893412170188e-8,2.3841858e-7,5.5998564e-5,-1.457725198506292e-7,-1.555797992564199e-5
1137,1.1435192230883519e-5,0.0006149460064155144,0.0027350485,84;51;36;2,0.001861996,84;51;36,7.26004609629709e-8,2.3841858e-7,5.557388e-5,1.2198693528366383e-6,-1.608149818556131e-5
1138,1.1435051109071299e-5,0.0005994351993882014,0.002734989,84;51;36;2,0.0018598298,84;51;36,7.189257133418814e-8,2.3841858e-7,5.4746866e-5,1.2733468392581777e-6,-1.5531619305409754e-5
1139,1.143504651974407e-5,0.0006198122261038821,0.0027350187,84;51;36;2,0.0018593175,84;51;36,7.665283146380802e-8,3.5762787e-7,5.327165e-5,-4.212775489116889e-8,-1.4465462207072124e-5
1140,1.1435063729721172e-5,0.0006186537482734824,0.0027350485,84;51;36;2,0.0018629292,84;51;36,7.825649737396719e-8,2.3841858e-7,5.1811337e-5,-1.984571490929334e-6,-1.3569476800561559e-5
1141,1.1434918306104443e-5,0.000635684082989818,0.002734989,84;51;36;2,0.0018637292,84;51;36,8.430744855567478e-8,4.7683716e-7,5.223602e-5,-1.1663209822690584e-6,-1.4766525815469135e-5
1142,1.1434930926753367e-5,0.0006522280440169808,0.0027349293,84;51;36;2,0.0018658778,84;51;36,7.6589975584091e-8,2.3841858e-7,5.38975e-5,-1.6517441349471141e-6,-1.4900216457648515e-5
1143,1.143496305204154e-5,0.0006693429258448071,0.0027349591,84;51;36;2,0.0018673046,84;51;36,8.205361278096849e-8,2.3841858e-7,5.6274235e-5,-1.162200144816839e-6,-1.5255061668968526e-5
1144,1.1434984851344227e-5,0.0006869927784758004,0.0027349293,84;51;36;2,0.001868654,84;51;36,8.041021992007316e-8,2.3841858e-7,5.9582293e-5,-7.039693314663951e-7,-1.5645613548671226e-5
1145,1.1434952726056056e-5,0.0007052717904926955,0.0027349293,84;51;36;2,0.0018699346,84;51;36,7.990166244084331e-8,2.3841858e-7,6.233156e-5,-6.720702266922231e-8,-1.6848615431849358e-5
1146,1.1434835698220573e-5,0.0007087115522167768,0.0027349293,84;51;36;2,0.0018707858,84;51;36,7.438600771656655e-8,2.3841858e-7,6.4723194e-5,9.19539087512247e-7,-1.8012921019402532e-5
1147,1.1434719817716811e-5,0.0007109871489923554,0.0027349293,84;51;36;2,0.0018696049,84;51;36,8.226915733338277e-8,3.5762787e-7,6.661564e-5,2.0071122193435428e-6,-1.8734268429991367e-5
1148,1.1434640651828104e-5,0.0007121442567444828,0.0027349591,84;51;36;2,0.0018690815,84;51;36,6.987651473322926e-8,2.3841858e-7,6.682426e-5,1.7602215252794886e-6,-1.819800141750565e-5
1149,1.1434662451130791e-5,0.0007127367020525073,0.0027349591,84;51;36;2,0.0018691951,84;51;36,7.47317109526815e-8,2.3841858e-7,6.622076e-5,1.37154356276087e-6,-1.8046314328940683e-5
1150,1.143454771795875e-5,0.0007184736148950492,0.0027349293,84;51;36;2,0.0018695146,84;51;36,7.21093465852002e-8,2.3841858e-7,6.516278e-5,3.663825530186498e-7,-1.6959257930883403e-5
1151,1.1434601642549609e-5,0.0006910813692885554,0.0027349591,84;51;36;2,0.0018698536,84;51;36,7.15447020685411e-8,2.3841858e-7,6.4365566e-5,1.0273334727665675e-6,-1.797159484155393e-5
1152,1.1434637209832943e-5,0.0006842563913487704,0.0027349293,84;51;36;2,0.0018661804,84;51;36,7.362061164463842e-8,2.3841858e-7,6.3724816e-5,2.3791838902851734e-6,-1.811890040880835e-5
1153,1.1434504119353374e-5,0.000679801066534907,0.0027349591,84;51;36;2,0.0018658666,84;51;36,6.938751715704673e-8,2.3841858e-7,6.198138e-5,5.169437344316865e-7,-1.6478490100344813e-5
1154,1.1434450482320391e-5,0.0006765290706106969,0.0027348995,84;51;36;2,0.0018666564,84;51;36,7.547533186408633e-8,2.3841858e-7,6.017834e-5,-3.0795603069437735e-7,-1.6060509816348617e-5
1155,1.143463864470839e-5,0.000711231854309262,0.0027348697,84;51;36;2,0.0018680869,84;51;36,7.128284222556388e-8,2.3841858e-7,5.8941543e-5,-1.5677654241502865e-6,-1.5659802447896963e-5
1156,1.1434698305953364e-5,0.0007428632468762775,0.0027348697,84;51;36;2,0.0018735118,84;51;36,7.172083144719731e-8,2.3841858e-7,5.8963895e-5,-3.7936243709753924e-6,-1.471400188445202e-5
1157,1.1434531942866414e-5,0.0007590256182070321,0.0027348697,84;51;36;2,0.0018770052,84;51;36,7.967902085984853e-8,3.5762787e-7,6.1653554e-5,-2.5520916137071874e-6,-1.7273317821163313e-5
1158,1.1434338043820244e-5,0.0007205593341908995,0.0027348697,84;51;36;2,0.0018754881,84;51;36,7.835642189544919e-8,3.5762787e-7,6.6682696e-5,1.5694795729951856e-6,-2.0054583559887392e-5
1159,1.1434208395345586e-5,0.0007472440948186011,0.0027348995,84;51;36;2,0.0018690275,84;51;36,7.775280525652721e-8,3.5762787e-7,7.030368e-5,3.8888267208372526e-6,-2.069917684078605e-5
1160,1.1434239373299708e-5,0.0007373955396018385,0.0027348995,84;51;36;2,0.0018720618,84;51;36,7.318795545026202e-8,2.3841858e-7,6.971508e-5,1.471566399531146e-7,-1.7440759258567865e-5
1161,1.143421757399866e-5,0.0007296415305136016,0.0027349293,84;51;36;2,0.0018717293,84;51;36,7.362930037673872e-8,2.3841858e-7,6.7941844e-5,1.5229584020282633e-6,-1.8814083379052204e-5
1162,1.143416250208022e-5,0.0007211013314856625,0.0027349293,84;51;36;2,0.0018700352,84;51;36,6.73994220282293e-8,2.3841858e-7,6.683171e-5,1.5360325528680427e-6,-1.87674708589304e-5
1163,1.1434054652906611e-5,0.0007126904461325474,0.0027349293,84;51;36;2,0.0018695202,84;51;36,8.088562237907893e-8,2.3841858e-7,6.505102e-5,7.696757810976898e-7,-1.809596796575508e-5
1164,1.1434178564723098e-5,0.0007404449516908423,0.0027348995,84;51;36;2,0.0018704087,84;51;36,8.004212617413601e-8,2.3841858e-7,6.2868e-5,-7.365263102656351e-7,-1.709240367297084e-5
1165,1.1434207248013953e-5,0.0007300455109938334,0.00273484,84;51;36;2,0.0018744692,84;51;36,7.35766510907259e-8,2.3841858e-7,6.1921775e-5,-2.229039809492979e-6,-1.6732785164305983e-5
1166,1.143419003803944e-5,0.0007212782800201444,0.00273484,84;51;36;2,0.0018727975,84;51;36,7.245522211911883e-8,2.3841858e-7,6.322563e-5,1.61010235363406e-7,-1.7865123259153443e-5
1167,1.143412836971327e-5,0.0007122221522782161,0.0027348697,84;51;36;2,0.0018704748,84;51;36,6.854767202461054e-8,2.3841858e-7,6.4373016e-5,1.0150174766620245e-6,-1.8164349158786784e-5
1168,1.1434083336197465e-5,0.0007033702976267768,0.0027348697,84;51;36;2,0.0018688422,84;51;36,6.833262385396402e-8,2.3841858e-7,6.458908e-5,1.19604215548723e-6,-1.7902458293816876e-5
1169,1.1434050063580075e-5,0.0007052647636850264,0.00273481,84;51;36;2,0.0018682359,84;51;36,7.018292586544593e-8,2.3841858e-7,6.3546e-5,4.4620660974278003e-7,-1.691778015616343e-5
1170,1.1434082476451356e-5,0.0007062494487231865,0.0027348697,84;51;36;2,0.0018693563,84;51;36,7.095605072456808e-8,2.3841858e-7,6.2555075e-5,-5.345040030783348e-7,-1.6297489823612043e-5
1171,1.143408477111445e-5,0.0007070054742985561,0.00273484,84;51;36;2,0.0018700687,84;51;36,7.203991877497106e-8,2.3841858e-7,6.170571e-5,-1.821361141721226e-7,-1.737045460977444e-5
1172,1.1433970037959664e-5,0.0007071387202230879,0.00273481,84;51;36;2,0.0018701404,84;51;36,7.012843873619377e-8,2.3841858e-7,6.185472e-5,-4.5851474422551484e-7,-1.680961230486476e-5
1173,1.1434158200333516e-5,0.0007439311066245975,0.0027347803,84;51;36;2,0.0018710019,84;51;36,7.278209566668784e-8,2.3841858e-7,6.225705e-5,-1.3845013607744896e-6,-1.6524756273956613e-5
1174,1.1434027404537057e-5,0.0007413946716821098,0.0027347803,84;51;36;2,0.0018751454,84;51;36,7.221504718543441e-8,2.3841858e-7,6.3076615e-5,-2.1169055019833912e-6,-1.6961576986511208e-5
1175,1.1433929881355488e-5,0.0007404064700317296,0.00273481,84;51;36;2,0.0018742029,84;51;36,7.672864249743095e-8,2.3841858e-7,6.528199e-5,6.206670556849306e-7,-1.9170727478659938e-5
1176,1.1433947091328706e-5,0.0007391962086548405,0.00273484,84;51;36;2,0.0018724836,84;51;36,7.130113861138414e-8,2.3841858e-7,6.735325e-5,1.314700913151825e-6,-1.9235934493899314e-5
1177,1.1433927586692392e-5,0.000738968607591525,0.0027348995,84;51;36;2,0.0018719705,84;51;36,7.647617698708342e-8,2.3841858e-7,6.7964196e-5,1.2015627473800731e-6,-1.875371582792049e-5
1178,1.1434011341895387e-5,0.0007054132383334175,0.0027348995,84;51;36;2,0.0018708678,84;51;36,7.212395087522712e-8,2.3841858e-7,6.74054e-5,2.067189300502743e-6,-1.951897911368277e-5
1179,1.1433903492729888e-5,0.0007409609402480854,0.0027348995,84;51;36;2,0.0018679751,84;51;36,6.934111161525329e-8,2.3841858e-7,6.610155e-5,1.7691181264122774e-6,-1.8691022193964874e-5
1180,1.1433787612243553e-5,0.0007249710477322287,0.0027348995,84;51;36;2,0.0018726755,84;51;36,7.548100948695074e-8,2.3841858e-7,6.3568354e-5,-1.835523258408395e-6,-1.6692349892886446e-5
1181,1.143375089763402e-5,0.0007481617694209409,0.0027349293,84;51;36;2,0.0018727751,84;51;36,6.99063796858686e-8,2.3841858e-7,6.3076615e-5,-4.829840417793965e-7,-1.8130379603142693e-5
1182,1.1433589411508347e-5,0.0007583206856223232,0.0027348697,84;51;36;2,0.0018752022,84;51;36,7.234125942896488e-8,2.3841858e-7,6.406009e-5,-1.917569873829244e-6,-1.743964830120867e-5
1183,1.1433707586648893e-5,0.0007696948125621542,0.0027349293,84;51;36;2,0.001876506,84;51;36,6.85663499269961e-8,2.3841858e-7,6.581098e-5,-9.51989603517356e-7,-1.8656463131204345e-5
1184,1.1433701849991584e-5,0.0007812917426075516,0.0027348995,84;51;36;2,0.0018770164,84;51;36,7.253929524266149e-8,2.3841858e-7,6.811321e-5,-5.838088039143148e-7,-1.8619081284648106e-5
1185,1.1433674314036506e-5,0.0007794382968261401,0.0027348995,84;51;36;2,0.0018772511,84;51;36,6.889357217250114e-8,2.3841858e-7,7.022917e-5,3.5798727250824533e-7,-1.95205553251188e-5
1186,1.1433795931171436e-5,0.0007786229343995757,0.0027348995,84;51;36;2,0.0018759109,84;51;36,7.101653545832005e-8,2.3841858e-7,7.18236e-5,1.411723991516742e-6,-2.0124860745396652e-5
1187,1.1433831498446745e-5,0.000777257801243111,0.0027349293,84;51;36;2,0.0018753158,84;51;36,6.698463147516392e-8,2.3841858e-7,7.190555e-5,1.3005922049866439e-6,-1.9717294074973985e-5
1188,1.1433926726958058e-5,0.0007850974647024011,0.0027349293,84;51;36;2,0.0018754853,84;51;36,6.538168347252013e-8,2.3841858e-7,7.12648e-5,5.496926085980468e-7,-1.9260941304961042e-5
1189,1.1433900338334442e-5,0.0007596921495821037,0.0027348995,84;51;36;2,0.0018757628,84;51;36,6.54500815982558e-8,2.3841858e-7,7.047504e-5,7.349899671277839e-7,-1.965202366536879e-5
1190,1.1433824614457976e-5,0.000758214768728949,0.0027349293,84;51;36;2,0.0018732045,84;51;36,7.439057771069296e-8,2.3841858e-7,6.929785e-5,1.7940613708823756e-6,-1.986343581024884e-5
1191,1.1433894601677134e-5,0.0007949282819125257,0.0027348697,84;51;36;2,0.0018743388,84;51;36,7.435962974328757e-8,2.3841858e-7,6.7420304e-5,-1.3968341069719531e-6,-1.7356540174542467e-5
1192,1.1433951968250213e-5,0.000830521215050666,0.0027348697,84;51;36;2,0.0018807407,84;51;36,7.436071275805362e-8,2.3841858e-7,6.60494e-5,-4.103985202667999e-6,-1.67331107145751e-5
1193,1.1433802815160205e-5,0.0008153513016452611,0.00273481,84;51;36;2,0.0018842556,84;51;36,7.149531003148373e-8,2.3841858e-7,6.843358e-5,-2.0575140370285033e-6,-1.975624556869702e-5
1194,1.1433754627238819e-5,0.0008042570889707128,0.0027347803,84;51;36;2,0.0018799221,84;51;36,7.298156729541518e-8,2.9802322e-7,7.323176e-5,1.9541952165231774e-6,-2.1985270757195842e-5
1195,1.14337133233062e-5,0.0008079416686962695,0.0027347505,84;51;36;2,0.0018770648,84;51;36,7.643229027508677e-8,2.3841858e-7,7.588416e-5,1.9596117144493037e-6,-2.088216365061882e-5
1196,1.14337282386152e-5,0.0008114605656730036,0.00273481,84;51;36;2,0.0018777922,84;51;36,7.552111385192356e-8,2.3841858e-7,7.537007e-5,6.604030536367003e-7,-1.9552896546803155e-5
1197,1.1433697260665738e-5,0.0008157603195051269,0.00273484,84;51;36;2,0.0018791221,84;51;36,7.432368513957523e-8,2.3841858e-7,7.395446e-5,1.8391965974718264e-7,-1.970599412265768e-5
1198,1.143362727344658e-5,0.0008210570194120625,0.00273481,84;51;36;2,0.0018798895,84;51;36,7.254864855200459e-8,2.3841858e-7,7.338822e-5,-2.823127667862598e-7,-1.9495924988166143e-5
1199,1.143364104142412e-5,0.0007929060725346668,0.00273484,84;51;36;2,0.001879381,84;51;36,6.816579855670699e-8,2.3841858e-7,7.301569e-5,7.988985845887844e-7,-2.0438177530890064e-5
1200,1.1433628420778042e-5,0.0007791011881489447,0.0027348995,84;51;36;2,0.0018753968,84;51;36,7.050426126932493e-8,2.3841858e-7,7.291883e-5,1.99526570836902e-6,-2.0063487428829288e-5
1201,1.1433630715440965e-5,0.0007644715665529315,0.0027348995,84;51;36;2,0.0018736087,84;51;36,7.15497151141627e-8,2.3841858e-7,7.106364e-5,1.1529773252737338e-6,-1.9071483823207305e-5
1202,1.1433711028643277e-5,0.0007865972898979406,0.0027348995,84;51;36;2,0.0018740697,84;51;36,7.200781395088377e-8,2.3841858e-7,6.8575144e-5,-5.607957598816965e-7,-1.7707789063913505e-5
1203,1.143364104142412e-5,0.0007706421183800484,0.0027349293,84;51;36;2,0.0018770043,84;51;36,7.087847568962166e-8,2.3841858e-7,6.698817e-5,-1.7869397339245032e-6,-1.7657155270199842e-5
1204,1.1433575643530808e-5,0.0007566402550152604,0.0027349591,84;51;36;2,0.0018751966,84;51;36,6.949937945492713e-8,2.3841858e-7,6.683171e-5,6.454710623359261e-7,-1.964512244764397e-5
1205,1.1433618382415265e-5,0.0007796880376086143,0.0027349293,84;51;36;2,0.0018739486,84;51;36,7.452668477094953e-8,2.3841858e-7,6.710738e-5,-2.2432617456321912e-7,-1.8395837476184117e-5
1206,1.1433589699130881e-5,0.0007996394350377312,0.0027348697,84;51;36;2,0.0018775677,84;51;36,7.111551644421042e-8,2.3841858e-7,6.685406e-5,-2.5681024561336724e-6,-1.7319344060154914e-5
1207,1.1433523153911112e-5,0.0007835625946657942,0.0027348697,84;51;36;2,0.0018798839,84;51;36,7.24279744521641e-8,4.7683716e-7,6.791949e-5,-1.463547833446148e-6,-1.866686399367121e-5
1208,1.1433502501946356e-5,0.0007907816978744062,0.00273481,84;51;36;2,0.0018772557,84;51;36,7.278373659815153e-8,4.7683716e-7,7.017702e-5,7.737431718126577e-7,-1.961530105080085e-5
1209,1.143355068986412e-5,0.0007971377912837985,0.00273484,84;51;36;2,0.0018773926,84;51;36,7.41688386420032e-8,4.7683716e-7,7.130951e-5,-2.3909957102662637e-7,-1.8722317094679956e-5
1210,1.1433542658544493e-5,0.0008034166176309484,0.00273484,84;51;36;2,0.0018784385,84;51;36,7.19611704740281e-8,4.7683716e-7,7.171929e-5,-1.2784722885690707e-7,-1.9247420843531868e-5
1211,1.1433594288456383e-5,0.0008098949973259912,0.00273484,84;51;36;2,0.0018791547,84;51;36,7.212111206379492e-8,4.7683716e-7,7.224083e-5,-1.0140764910429105e-7,-1.9551251214869487e-5
1212,1.1433562163177873e-5,0.0008158552525968894,0.00273484,84;51;36;2,0.0018794918,84;51;36,7.294535193801133e-8,4.7683716e-7,7.2956085e-5,-9.363167078722403e-9,-1.9727558259603888e-5
1213,1.1433538069218991e-5,0.0007884510202068552,0.0027348697,84;51;36;2,0.0018790057,84;51;36,7.353408532855753e-8,4.7683716e-7,7.337332e-5,1.0587167970481928e-6,-2.0518201902704817e-5
1214,1.1433511680597358e-5,0.000793965322134077,0.00273481,84;51;36;2,0.0018753763,84;51;36,7.14780392278283e-8,4.7683716e-7,7.355958e-5,1.905877215809016e-6,-2.0128801841689764e-5
1215,1.1433422188750083e-5,0.0007809960154192894,0.00273484,84;51;36;2,0.0018757964,84;51;36,7.18941056051067e-8,4.7683716e-7,7.1808696e-5,-1.3237385420209464e-7,-1.8391618072193615e-5
1216,1.1433439398720712e-5,0.0008041311538775072,0.0027349591,84;51;36;2,0.0018763375,84;51;36,7.452898207499871e-8,4.7683716e-7,6.981939e-5,-5.361636672251126e-7,-1.8354555779667074e-5
1217,1.1433247794381031e-5,0.0007896647770359678,0.0027349293,84;51;36;2,0.0018790662,84;51;36,6.942127111725504e-8,4.7683716e-7,6.879866e-5,-1.7273545271455705e-6,-1.811013424194331e-5
1218,1.14333097502753e-5,0.0007764350440190908,0.0027349591,84;51;36;2,0.0018768907,84;51;36,6.812535780078411e-8,4.7683716e-7,6.904453e-5,5.465586762873818e-7,-1.9508773152431177e-5
1219,1.1433212227108397e-5,0.0007994264782643151,0.0027349591,84;51;36;2,0.0018755794,84;51;36,6.34427957759704e-8,4.7683716e-7,6.934255e-5,-1.6146977561850357e-7,-1.853948091075689e-5
1220,1.1433097493970862e-5,0.0007843247324847505,0.0027349293,84;51;36;2,0.0018781126,84;51;36,6.878495481659018e-8,4.7683716e-7,6.866455e-5,-1.4049219542674717e-6,-1.843045375252792e-5
1221,1.1433182684145754e-5,0.0008067288499399884,0.0027349293,84;51;36;2,0.001877604,84;51;36,6.380821480362171e-8,2.3841858e-7,6.9119036e-5,-4.0123030135690954e-7,-1.890874959907629e-5
1222,1.1433161744527882e-5,0.0007915880872576351,0.0027349293,84;51;36;2,0.0018792646,84;51;36,6.458562659619277e-8,2.3841858e-7,6.976724e-5,-1.088077889480225e-6,-1.8832896856309343e-5
1223,1.1433236321067279e-5,0.0008133824837982331,0.0027349591,84;51;36;2,0.001877917,84;51;36,6.493232669817192e-8,2.3841858e-7,7.0787966e-5,-6.90493950208283e-8,-1.9152254828490715e-5
1224,1.1433246934697942e-5,0.0008336225963832273,0.0027348697,84;51;36;2,0.0018807836,84;51;36,7.097605367911058e-8,2.3841858e-7,7.147342e-5,-1.958448549418261e-6,-1.8606653968126835e-5
1225,1.143322284074087e-5,0.0008544741745904489,0.00273481,84;51;36;2,0.0018838532,84;51;36,7.067751081326235e-8,2.3841858e-7,7.2561204e-5,-2.0725839932156636e-6,-1.8942242112188763e-5
1226,1.1433108107611964e-5,0.0008743995554741157,0.00273481,84;51;36;2,0.0018858658,84;51;36,7.159159988977363e-8,4.7683716e-7,7.5139105e-5,-1.5680895397568796e-6,-2.0109195676518327e-5
1227,1.1433047299053645e-5,0.0008774803156608852,0.00273481,84;51;36;2,0.0018868688,84;51;36,7.194083112853555e-8,4.7683716e-7,7.785112e-5,-6.2766798192896e-7,-2.080728900392223e-5
1228,1.1433025499759151e-5,0.0008479853640170207,0.00273484,84;51;36;2,0.0018844027,84;51;36,7.169660309413579e-8,4.7683716e-7,8.033961e-5,2.124176935932831e-6,-2.2610529699221347e-5
1229,1.1432963256199949e-5,0.0008505262112133849,0.00273481,84;51;36;2,0.0018797964,84;51;36,6.380922397647188e-8,4.7683716e-7,8.097291e-5,3.0951561338207983e-6,-2.24549527509435e-5
1230,1.1433065656354269e-5,0.000852214268632538,0.00273484,84;51;36;2,0.0018808097,84;51;36,7.041032614768543e-8,4.7683716e-7,7.844716e-5,1.5805960489627303e-7,-2.0164400681090234e-5
1231,1.1433087455648762e-5,0.0008550262600882751,0.00273481,84;51;36;2,0.001882717,84;51;36,7.075433922439278e-8,4.7683716e-7,7.56979e-5,-9.600674470863644e-7,-1.9620710132559868e-5
1232,1.1432997963808215e-5,0.0008585999742438316,0.0027347803,84;51;36;2,0.001883856,84;51;36,6.80613327573992e-8,2.3841858e-7,7.431209e-5,-1.5719998664470181e-6,-1.9350574158808313e-5
1233,1.1432983048501456e-5,0.000861844008737942,0.0027347505,84;51;36;2,0.0018842351,84;51;36,5.981132009324361e-8,2.3841858e-7,7.418543e-5,-1.4256505967554864e-6,-1.9859436678673707e-5
1234,1.1433005995127238e-5,0.0008475341290705972,0.0027347505,84;51;36;2,0.001883952,84;51;36,6.157498092344216e-8,2.3841858e-7,7.4878335e-5,-6.611062594998976e-7,-2.013132184557829e-5
1235,1.1433014026446261e-5,0.0008508830050627302,0.00273484,84;51;36;2,0.0018820213,84;51;36,5.434291188813542e-8,2.3841858e-7,7.5504184e-5,1.4726350985721384e-7,-2.0508191455323384e-5
1236,1.1432981901170167e-5,0.0008545984865915978,0.0027347803,84;51;36;2,0.0018825531,84;51;36,5.859719490325214e-8,2.3841858e-7,7.534027e-5,-8.862175951215973e-7,-1.963145532383921e-5
1237,1.143285569472837e-5,0.0008587601620066478,0.0027347803,84;51;36;2,0.0018835105,84;51;36,5.628696031413849e-8,2.3841858e-7,7.516146e-5,-1.165860323638433e-6,-1.963867630689605e-5
1238,1.1432785707519739e-5,0.0008632006292883245,0.0027347803,84;51;36;2,0.0018841289,84;51;36,5.695440098234106e-8,2.3841858e-7,7.549673e-5,-8.485162557243094e-7,-2.015683763413388e-5
1239,1.1432820127458409e-5,0.0008688419873815761,0.00273481,84;51;36;2,0.0018847128,84;51;36,5.748983281661764e-8,2.3841858e-7,7.6167285e-5,-8.757368315761972e-7,-2.029739388037025e-5
1240,1.1432940597243761e-5,0.000858326292072082,0.00273481,84;51;36;2,0.0018846225,84;51;36,5.5698313072494126e-8,2.3841858e-7,7.709116e-5,-1.2343108764721966e-7,-2.1006152138252265e-5
1241,1.1433035825740754e-5,0.000847375627144503,0.00273484,84;51;36;2,0.0018823976,84;51;36,6.166119546254495e-8,2.3841858e-7,7.788092e-5,1.1129340850454618e-6,-2.1309194481446266e-5
1242,1.1433079424329739e-5,0.0008364831719860742,0.00273484,84;51;36;2,0.0018805545,84;51;36,6.395365055924942e-8,2.3841858e-7,7.721037e-5,1.1229355143145285e-6,-2.084520265897164e-5
1243,1.1433203336108958e-5,0.0008247281387787734,0.0027348995,84;51;36;2,0.0018796539,84;51;36,6.167321938784522e-8,2.3841858e-7,7.5899065e-5,9.505146777255518e-7,-2.0835956631237302e-5
1244,1.1433202188777669e-5,0.000812997401199852,0.00273481,84;51;36;2,0.0018786248,84;51;36,6.613360339480262e-8,2.3841858e-7,7.3865056e-5,5.918121071889978e-7,-2.0409394068177267e-5
1245,1.1433156295526106e-5,0.0008014203607868618,0.00273484,84;51;36;2,0.0018777996,84;51;36,7.229135049849646e-8,2.3841858e-7,7.237494e-5,2.804925830364324e-7,-1.978378596236053e-5
1246,1.1433079424329739e-5,0.0007897552743758787,0.00273484,84;51;36;2,0.0018769046,84;51;36,6.621314344517681e-8,2.3841858e-7,7.072836e-5,9.671015067472675e-8,-1.9351621807804907e-5
1247,1.1433098928961652e-5,0.0007962787260110673,0.00273484,84;51;36;2,0.0018765153,84;51;36,6.325803099548646e-8,2.3841858e-7,6.943196e-5,-5.958651266421439e-7,-1.870454634087488e-5
1248,1.1433056477703957e-5,0.0007867327443024136,0.00273481,84;51;36;2,0.0018779673,84;51;36,6.161383407817392e-8,2.3841858e-7,6.831437e-5,-1.3196329012745963e-6,-1.838550984122395e-5
1249,1.1433087455648762e-5,0.0008134932526088057,0.0027347803,84;51;36;2,0.0018779999,84;51;36,5.994635234339146e-8,2.3841858e-7,6.8321824e-5,-1.4268066928875338e-6,-1.8285594543358852e-5
1250,1.1433055330372668e-5,0.000786296987645071,0.00273484,84;51;36;2,0.0018801857,84;51;36,5.8210218138496484e-8,2.3841858e-7,6.876886e-5,-1.3784050704158444e-6,-1.8805811678456767e-5
1251,1.143285569472837e-5,0.0007928931476593623,0.0027347803,84;51;36;2,0.0018768692,84;51;36,6.541919926810896e-8,2.3841858e-7,7.0244074e-5,1.0788050328790847e-6,-2.0217363915058972e-5
1252,1.143278456018845e-5,0.0008158158629926858,0.0027347803,84;51;36;2,0.0018778164,84;51;36,6.062619024880229e-8,2.3841858e-7,7.0244074e-5,-1.1124346624873884e-6,-1.885473853802011e-5
1253,1.1432796321183485e-5,0.0008189255848437553,0.0027347803,84;51;36;2,0.0018810164,84;51;36,5.783466225672817e-8,2.3841858e-7,7.032603e-5,-1.8360817897184133e-6,-1.8859417381040168e-5
1254,1.1432774234206847e-5,0.0007879871775046521,0.0027347803,84;51;36;2,0.0018802444,84;51;36,5.705153592033477e-8,2.3841858e-7,7.1913004e-5,7.985228560290013e-7,-2.07674256676265e-5
1255,1.1432760466231378e-5,0.0008262685889677396,0.00273481,84;51;36;2,0.0018764446,84;51;36,5.945868392169453e-8,2.3841858e-7,7.286668e-5,1.0163120734155427e-6,-2.0068058952281772e-5
1256,1.1432716867642394e-5,0.0008253430291382065,0.00273484,84;51;36;2,0.0018811878,84;51;36,5.7548820200408985e-8,2.3841858e-7,7.224083e-5,-2.2015554101789036e-6,-1.8321631413134647e-5
1257,1.1432641143777316e-5,0.0008279830528428225,0.00273481,84;51;36;2,0.0018816125,84;51;36,6.804620336930388e-8,2.3841858e-7,7.291883e-5,-2.550217863873799e-7,-2.0247467709444787e-5
1258,1.1432580335218996e-5,0.0008293579153494116,0.00273481,84;51;36;2,0.0018810332,84;51;36,6.200651718209459e-8,2.3841858e-7,7.3984265e-5,1.0102270719893392e-7,-2.0500130837873244e-5
1259,1.1432505758685207e-5,0.0008300598434584414,0.0027347803,84;51;36;2,0.0018808078,84;51;36,6.585286873766421e-8,2.3841858e-7,7.465482e-5,2.2588706471499638e-7,-2.029985569134859e-5
1260,1.1432557676293304e-5,0.0008483603244299845,0.0027347505,84;51;36;2,0.0018811272,84;51;36,6.238126080278836e-8,2.3841858e-7,7.496029e-5,-5.042987637469168e-7,-1.968235695729642e-5
1261,1.1432616190184647e-5,0.0008691095407261449,0.0027347505,84;51;36;2,0.0018837983,84;51;36,6.118027947382114e-8,2.3841858e-7,7.502735e-5,-1.8832237680131094e-6,-1.90219125262523e-5
1262,1.143256800227413e-5,0.0008730254857838632,0.0027347803,84;51;36;2,0.0018861284,84;51;36,6.031007710930651e-8,2.3841858e-7,7.613748e-5,-1.3114957101660381e-6,-2.0375683151859904e-5
1263,1.1432577180923752e-5,0.0008634818372717642,0.00273481,84;51;36;2,0.0018851673,84;51;36,6.343780324199209e-8,2.3841858e-7,7.786602e-5,1.8462862212679203e-7,-2.1473398173680485e-5
1264,1.14325152250388e-5,0.000867950251178206,0.0027347803,84;51;36;2,0.001883178,84;51;36,6.185511253826767e-8,2.3841858e-7,7.904321e-5,9.79730843107104e-7,-2.1705719382194117e-5
1265,1.1432472773784297e-5,0.0008738573307708079,0.0027347505,84;51;36;2,0.0018836809,84;51;36,6.032304867252705e-8,2.3841858e-7,7.8849494e-5,-1.5762801038520365e-8,-2.099883596414151e-5
1266,1.1432626516165472e-5,0.0008810559672912504,0.0027347505,84;51;36;2,0.0018850509,84;51;36,6.112632564729469e-8,2.3841858e-7,7.823855e-5,-3.269096621770383e-7,-2.137467711612677e-5
1267,1.1432441795841821e-5,0.000872894819739346,0.0027347505,84;51;36;2,0.0018855035,84;51;36,6.054687992883301e-8,2.3841858e-7,7.8096986e-5,-3.7130569344853576e-7,-2.1008098497684814e-5
1268,1.1432460153141067e-5,0.0008625998832594744,0.0027347803,84;51;36;2,0.0018838374,84;51;36,6.069985576453644e-8,2.3841858e-7,7.82609e-5,5.539708646272467e-7,-2.138381132187312e-5
1269,1.1432472773784297e-5,0.0008503279602658672,0.0027347803,84;51;36;2,0.0018823864,84;51;36,5.82532023381881e-8,2.9802322e-7,7.789582e-5,8.220521848128702e-7,-2.1033890593745445e-5
1270,1.1432406228574535e-5,0.0008364787666966845,0.0027347803,84;51;36;2,0.0018808739,84;51;36,6.096804550063486e-8,2.9802322e-7,7.708371e-5,8.895713497115419e-7,-2.0822901865745748e-5
1271,1.1432522109026018e-5,0.0008392634041779542,0.00273481,84;51;36;2,0.0018800767,84;51;36,5.787803617764242e-8,2.9802322e-7,7.556379e-5,2.5545386540246844e-8,-1.9754298369118797e-5
1272,1.1432594390891793e-5,0.0008448241777521198,0.00273484,84;51;36;2,0.0018813945,84;51;36,5.386370246813386e-8,2.9802322e-7,7.37831e-5,-1.1719757852146916e-6,-1.9296696144256294e-5
1273,1.1432532435006843e-5,0.0008490979810527574,0.00273484,84;51;36;2,0.0018828819,84;51;36,6.252256961578487e-8,2.3841858e-7,7.3224306e-5,-1.4980627143379079e-6,-1.958865886300747e-5
1274,1.1432673556744786e-5,0.0008076280380934579,0.00273484,84;51;36;2,0.0018820716,84;51;36,5.935345098692746e-8,2.3841858e-7,7.344037e-5,2.3064849834068006e-7,-2.0542242466044073e-5
1275,1.1432670114751178e-5,0.0008359625661904763,0.00273481,84;51;36;2,0.0018776394,84;51;36,5.665539455335434e-8,2.9802322e-7,7.368624e-5,1.1086050251613451e-6,-2.0337808247031005e-5
1276,1.1432604716872619e-5,0.0008247885473325237,0.00273481,84;51;36;2,0.0018810034,84;51;36,5.8706546575993096e-8,2.9802322e-7,7.262081e-5,-1.8274018229842352e-6,-1.870080529359199e-5
1277,1.1432756164591388e-5,0.0008537651745444482,0.0027348697,84;51;36;2,0.0018816572,84;51;36,5.6360794025347664e-8,2.9802322e-7,7.239729e-5,-1.284076934561129e-6,-1.9378745382372825e-5
1278,1.1432813531151528e-5,0.0008808651566187972,0.0027348697,84;51;36;2,0.0018855156,84;51;36,5.707970250890918e-8,2.9802322e-7,7.3067844e-5,-3.1192697052674016e-6,-1.8748247763375087e-5
1279,1.1432753869928983e-5,0.0008731460035844148,0.00273481,84;51;36;2,0.0018879808,84;51;36,5.982987082344074e-8,2.9802322e-7,7.529557e-5,-2.003144620705127e-6,-2.026754923316235e-5
1280,1.1432609306197429e-5,0.000885024206156083,0.0027347803,84;51;36;2,0.0018859319,84;51;36,6.485281946642701e-8,2.9802322e-7,7.858127e-5,2.2443769694456286e-7,-2.1379188221246114e-5
1281,1.1432516372370003e-5,0.0008603051898853229,0.0027347803,84;51;36;2,0.0018851673,84;51;36,6.065297025028988e-8,2.9802322e-7,8.050352e-5,9.66385178855384e-7,-2.1762533812377388e-5
1282,1.1432470479121892e-5,0.0008499080082013303,0.0027347803,84;51;36;2,0.0018813293,84;51;36,5.82636714809265e-8,2.9802322e-7,8.107722e-5,2.7444581508406503e-6,-2.2486425808688657e-5
1283,1.143246933179069e-5,0.0008516695394546659,0.0027347803,84;51;36;2,0.001880371,84;51;36,5.813143291659559e-8,2.9802322e-7,7.943809e-5,1.1199632986167886e-6,-2.072665381042827e-5
1284,1.1432389018606494e-5,0.0008411334749421234,0.0027347803,84;51;36;2,0.0018814988,84;51;36,5.786166788629201e-8,3.5762787e-7,7.682294e-5,1.4214816562603112e-9,-2.036135632268938e-5
1285,1.1432405081243332e-5,0.0008657902679439424,0.0027347505,84;51;36;2,0.0018818183,84;51;36,5.9451750986260396e-8,2.9802322e-7,7.50795e-5,-1.0422126278114784e-6,-1.9314439830790643e-5
1286,1.143233394670876e-5,0.0008524175088006049,0.0027347505,84;51;36;2,0.0018847613,84;51;36,5.657393871549629e-8,2.9802322e-7,7.405132e-5,-2.3121712332631784e-6,-1.8887178928042512e-5
1287,1.1432363777320031e-5,0.0008408399876728006,0.0027347505,84;51;36;2,0.0018829498,84;51;36,5.8787936776592605e-8,2.3841858e-7,7.497519e-5,6.106054807604141e-8,-2.0142653017639533e-5
1288,1.1432487689089933e-5,0.0008291650927999717,0.0027347505,84;51;36;2,0.0018808441,84;51;36,5.5353278515950633e-8,2.3841858e-7,7.555634e-5,5.406747641899064e-7,-2.0030219059479198e-5
1289,1.1432384429281682e-5,0.000817398291368409,0.0027347505,84;51;36;2,0.0018789927,84;51;36,5.368888173231994e-8,2.3841858e-7,7.4885786e-5,5.1332877342416e-7,-1.9667429200600055e-5
1290,1.1432369513976046e-5,0.0007907395737517125,0.002734691,84;51;36;2,0.0018777074,84;51;36,6.350033093541637e-8,2.3841858e-7,7.338077e-5,8.755376839701798e-7,-1.9569801354354244e-5
1291,1.1432397049924912e-5,0.0007948825729417608,0.0027347207,84;51;36;2,0.0018756427,84;51;36,6.210857081215075e-8,2.3841858e-7,7.1011484e-5,3.880200449398317e-7,-1.8565938121197318e-5
1292,1.143233050471515e-5,0.0007984890707106529,0.0027347207,84;51;36;2,0.0018775854,84;51;36,6.775909369342899e-8,2.3841858e-7,6.8448484e-5,-1.6585038396860333e-6,-1.7650406689611924e-5
1293,1.1432385576612884e-5,0.0008225420382091375,0.002734691,84;51;36;2,0.001879612,84;51;36,6.519071186877475e-8,2.3841858e-7,6.767362e-5,-2.8058406896139274e-6,-1.707991853287789e-5
1294,1.1432469619497378e-5,0.0008482549227361191,0.002734691,84;51;36;2,0.0018827701,84;51;36,6.033876879594929e-8,2.3841858e-7,6.856769e-5,-3.910332278481263e-6,-1.6686880100127104e-5
1295,1.1432516660073157e-5,0.0008591907982945817,0.002734661,84;51;36;2,0.001885064,84;51;36,6.362237111070038e-8,2.3841858e-7,7.18981e-5,-2.887346395992805e-6,-1.7946583394505062e-5
1296,1.1432420284259369e-5,0.0008689949277170828,0.0027346313,84;51;36;2,0.0018852176,84;51;36,6.721806218053254e-8,2.3841858e-7,7.6293945e-5,-9.64453402764061e-7,-1.988788958444391e-5
1297,1.1432349149730144e-5,0.0008777345463518442,0.002734661,84;51;36;2,0.0018853182,84;51;36,6.220266592460795e-8,2.3841858e-7,7.95722e-5,-1.5827830185463508e-7,-2.046914818952024e-5
1298,1.1432358040664018e-5,0.0008739335579076681,0.002734661,84;51;36;2,0.0018850043,84;51;36,6.254917731946877e-8,2.3841858e-7,8.1427395e-5,9.468236498653305e-7,-2.1345179209376312e-5
1299,1.1432410817899347e-5,0.0008583245429791412,0.0027347207,84;51;36;2,0.0018833019,84;51;36,5.971083765506396e-8,2.3841858e-7,8.212775e-5,1.7841558089140515e-6,-2.139359652094601e-5
1300,1.1432506046389178e-5,0.0008465338383124316,0.0027347505,84;51;36;2,0.0018808162,84;51;36,6.155094127749896e-8,2.3841858e-7,8.107722e-5,2.224530065540733e-6,-2.1370094658492508e-5
1301,1.1432538171662857e-5,0.0008349927942508693,0.0027347803,84;51;36;2,0.0018797293,84;51;36,6.282382412087686e-8,2.3841858e-7,7.868558e-5,1.378376582957617e-6,-2.04905506678613e-5
1302,1.143255997095571e-5,0.0008245185344652623,0.0027347803,84;51;36;2,0.0018792888,84;51;36,6.651160016212319e-8,2.3841858e-7,7.567555e-5,6.814506477246524e-7,-2.0406295124947996e-5
1303,1.1432558823624507e-5,0.000814801188891638,0.0027347803,84;51;36;2,0.0018788744,84;51;36,6.207514093590651e-8,2.3841858e-7,7.2948635e-5,1.1442183571898992e-7,-2.0005876434488456e-5
1304,1.143248195243392e-5,0.0008055930111863539,0.0027347803,84;51;36;2,0.0018783826,84;51;36,5.462905751677539e-8,2.3841858e-7,7.096678e-5,-3.565866120994211e-7,-1.9438003754589988e-5
1305,1.1432485394427528e-5,0.0008116447266175143,0.0027347505,84;51;36;2,0.0018783128,84;51;36,5.669858797180758e-8,2.3841858e-7,6.9499016e-5,-9.853674588628422e-7,-1.9079555283242705e-5
1306,1.1432500309733165e-5,0.0008056568544863116,0.0027347505,84;51;36;2,0.0018794062,84;51;36,5.984209166051665e-8,2.3841858e-7,6.8992376e-5,-1.2557346447507778e-6,-1.907914556426146e-5
1307,1.143257259159894e-5,0.0008107776177723725,0.0027347505,84;51;36;2,0.0018791715,84;51;36,5.644007973134498e-8,2.3841858e-7,6.9372356e-5,-9.545859332258804e-7,-1.924845866315056e-5
1308,1.1432580910615682e-5,0.0008161488720532406,0.0027347803,84;51;36;2,0.0018799528,84;51;36,5.824642529124302e-8,2.3841858e-7,6.997585e-5,-1.2019718823645593e-6,-1.8941738391688675e-5
1309,1.1432572879297865e-5,0.0008330317273147224,0.0027347207,84;51;36;2,0.001880833,84;51;36,5.7596760013120976e-8,2.3841858e-7,7.1011484e-5,-1.4957481861138211e-6,-1.8900910369141002e-5
1310,1.1432520961694814e-5,0.0008157700901529864,0.0027347505,84;51;36;2,0.0018818434,84;51;36,5.780027243557768e-8,2.3841858e-7,7.212162e-5,-7.659919387602495e-7,-1.9688457986414067e-5
1311,1.1432431469860996e-5,0.0008222663429099323,0.0027347803,84;51;36;2,0.0018795878,84;51;36,5.836129869835932e-8,2.3841858e-7,7.353723e-5,7.461384146879307e-7,-2.0188528767125534e-5
1312,1.1432594390891793e-5,0.0008175453459162181,0.00273484,84;51;36;2,0.0018795952,84;51;36,5.808343567128238e-8,2.3841858e-7,7.393956e-5,-1.4707252861681608e-7,-1.939868931784909e-5
1313,1.1432452121822647e-5,0.0008043181073528589,0.00273481,84;51;36;2,0.0018788008,84;51;36,5.6850283880969306e-8,2.3841858e-7,7.3730946e-5,9.101603920125023e-7,-2.0214377831875816e-5
1314,1.1432415407224158e-5,0.0007903204972541797,0.00273484,84;51;36;2,0.0018769642,84;51;36,5.792401917958394e-8,2.3841858e-7,7.3194504e-5,1.5401686564963714e-6,-2.075553386082713e-5
1315,1.1432400779630388e-5,0.0007805605259553474,0.00273481,84;51;36;2,0.0018754993,84;51;36,5.819200379924942e-8,2.3841858e-7,7.190555e-5,1.0988219722424893e-6,-1.9857808333001405e-5
1316,1.1432401926961504e-5,0.0008079697420227224,0.00273481,84;51;36;2,0.0018760143,84;51;36,5.899010773757774e-8,2.3841858e-7,6.9990754e-5,-4.961059924972465e-7,-1.890894780480058e-5
1317,1.1432361770372424e-5,0.0007964260207150213,0.00273481,84;51;36;2,0.0018794527,84;51;36,5.7158770791487546e-8,2.3841858e-7,6.86124e-5,-1.879953121748298e-6,-1.856485728478407e-5
1318,1.1432443230881698e-5,0.0008239358315091889,0.0027347505,84;51;36;2,0.0018792814,84;51;36,5.9574033198935305e-8,2.3841858e-7,6.9089234e-5,-1.076522129720982e-6,-1.9107033642695616e-5
1319,1.1432344272689585e-5,0.0008009983965104479,0.0027347207,84;51;36;2,0.001881172,84;51;36,6.206259601486653e-8,2.3841858e-7,7.036328e-5,-1.056813146575946e-6,-1.981292256080651e-5
1320,1.1432280309863152e-5,0.0008270707720174955,0.0027347207,84;51;36;2,0.0018787496,84;51;36,6.591357909949244e-8,2.3841858e-7,7.2188675e-5,6.709945301195479e-7,-2.0655567129416276e-5
1321,1.1432205733340577e-5,0.0008260850963626901,0.0027347207,84;51;36;2,0.0018810444,84;51;36,6.417949605892707e-8,2.9802322e-7,7.3336065e-5,-7.524154838953269e-7,-1.9908334619709867e-5
1322,1.1432172460738199e-5,0.0008359527098126309,0.0027347207,84;51;36;2,0.0018812809,84;51;36,6.152846461877493e-8,2.3841858e-7,7.4379146e-5,5.6936146544125675e-8,-2.0342438744197226e-5
1323,1.1432110504857906e-5,0.000854329003569797,0.002734691,84;51;36;2,0.0018823538,84;51;36,5.592477802379933e-8,2.3841858e-7,7.537007e-5,-6.210126957315586e-7,-2.033462668471697e-5
1324,1.1432159840095917e-5,0.0008727952992491384,0.0027347207,84;51;36;2,0.0018843403,84;51;36,5.5075706754208494e-8,2.3841858e-7,7.606298e-5,-1.296374649074276e-6,-1.9960185589829128e-5
1325,1.1432219501313976e-5,0.0008918098957909926,0.0027347207,84;51;36;2,0.0018864991,84;51;36,5.98425388143405e-8,2.3841858e-7,7.75978e-5,-1.3453285938570003e-6,-2.0463620160508244e-5
1326,1.1432157545433684e-5,0.0009116078524745773,0.0027347803,84;51;36;2,0.0018883934,84;51;36,6.288706561948785e-8,2.3841858e-7,7.9482794e-5,-1.4706378371060645e-6,-2.05914761551983e-5
1327,1.1432141482798052e-5,0.0009158291097100441,0.0027347505,84;51;36;2,0.0018895511,84;51;36,5.8565967977497934e-8,2.3841858e-7,8.165091e-5,-8.028379910464838e-7,-2.1470234368273696e-5
1328,1.1431995771746253e-5,0.0009100240929174825,0.0027347207,84;51;36;2,0.0018888591,84;51;36,5.6831158824759884e-8,2.3841858e-7,8.3737075e-5,6.371265049101174e-7,-2.2447522537067686e-5
1329,1.1432022160361933e-5,0.0009021144307943517,0.0027347505,84;51;36;2,0.0018869974,84;51;36,5.5302192217156996e-8,2.3841858e-7,8.480251e-5,1.490805849407733e-6,-2.2713070832792774e-5
1330,1.1432027897017516e-5,0.0009058659974108516,0.0027347505,84;51;36;2,0.0018859198,84;51;36,5.503001091527311e-8,2.3841858e-7,8.422136e-5,1.1220960761550085e-6,-2.2013772806098267e-5
1331,1.1432077232255527e-5,0.0009110618995535011,0.0027347803,84;51;36;2,0.0018869005,84;51;36,5.4492384335163836e-8,2.3841858e-7,8.263439e-5,-2.135912660658351e-7,-2.1207565691609873e-5
1332,1.1432117388844605e-5,0.0009174192470061918,0.0027347505,84;51;36;2,0.0018880991,84;51;36,5.3607212573371603e-8,2.3841858e-7,8.1695616e-5,-9.327094832791883e-7,-2.108039024396383e-5
1333,1.1432107062864557e-5,0.0009119142893921155,0.0027347803,84;51;36;2,0.0018887231,84;51;36,5.2084481505330773e-8,2.3841858e-7,8.113682e-5,-7.3990700664191e-7,-2.138149942941761e-5
1334,1.1432147219453635e-5,0.0009052363443511241,0.00273481,84;51;36;2,0.0018878859,84;51;36,5.3812443871536536e-8,2.3841858e-7,8.133799e-5,-1.1280243970730892e-7,-2.1701326416995048e-5
1335,1.1432170166075966e-5,0.0008986232222073988,0.00273481,84;51;36;2,0.0018869024,84;51;36,5.0658955114870856e-8,2.3841858e-7,8.132309e-5,1.9912094272474005e-7,-2.1699843102834048e-5
1336,1.1432156398102566e-5,0.0008931957833325615,0.00273481,84;51;36;2,0.0018860567,84;51;36,5.295884363110588e-8,2.3841858e-7,8.0771744e-5,4.0459271873505765e-9,-2.097978589066228e-5
1337,1.1432116241513488e-5,0.0008886895882463209,0.0027347803,84;51;36;2,0.0018855762,84;51;36,5.6358960284436975e-8,2.3841858e-7,7.9870224e-5,-2.08650063834044e-7,-2.117980252899129e-5
1338,1.1432115094182372e-5,0.0008925373838176035,0.0027347505,84;51;36;2,0.0018856041,84;51;36,5.4777155683702953e-8,2.3841858e-7,7.922202e-5,-4.794357624639991e-7,-2.092004843183072e-5
1339,1.1432152956109218e-5,0.0009043873961449482,0.0027347505,84;51;36;2,0.0018867208,84;51;36,5.407848808974618e-8,2.3841858e-7,7.854402e-5,-1.4715495665831106e-6,-2.030783503327732e-5
1340,1.1432196554691646e-5,0.0009250978797526051,0.0027347207,84;51;36;2,0.0018888125,84;51;36,5.362767088639528e-8,2.3841858e-7,7.875264e-5,-2.33136340237089e-6,-1.985502493503848e-5
1341,1.1432295225167667e-5,0.0009541535795867511,0.0027347505,84;51;36;2,0.0018915245,84;51;36,5.883685704585415e-8,2.3841858e-7,7.998198e-5,-3.035703410822374e-6,-1.9804216126253323e-5
1342,1.1432349149730144e-5,0.0009798751211132473,0.0027347505,84;51;36;2,0.0018946454,84;51;36,6.665507500465178e-8,3.5762787e-7,8.238107e-5,-3.329584537563449e-6,-2.0448617224498425e-5
1343,1.1432213764658393e-5,0.0010048946049419213,0.0027347505,84;51;36;2,0.0018972671,84;51;36,6.527887091166201e-8,2.3841858e-7,8.5927546e-5,-2.791428244278301e-6,-2.11706673527345e-5
1344,1.1432060022288778e-5,0.0010206826812353157,0.0027347505,84;51;36;2,0.00189895,84;51;36,6.83997830764446e-8,2.3841858e-7,8.983165e-5,-1.7207583157945637e-6,-2.2492984912684342e-5
1345,1.1432035928335333e-5,0.000995347644330461,0.0027347505,84;51;36;2,0.0018983176,84;51;36,6.161174189055769e-8,2.3841858e-7,9.325147e-5,7.566902115453024e-7,-2.4641007726281715e-5
1346,1.1431890217283533e-5,0.0010014468934251455,0.0027347505,84;51;36;2,0.0018933862,84;51;36,5.366195814932929e-8,2.3841858e-7,9.512901e-5,2.679555751849167e-6,-2.511444533692623e-5
1347,1.1432066906275477e-5,0.0009656689346716774,0.0027347505,84;51;36;2,0.001893132,84;51;36,6.3921980582e-8,2.3841858e-7,9.36687e-5,1.3980701093436403e-6,-2.351961926051436e-5
1348,1.1432189670704947e-5,0.0009524862596868171,0.0027347505,84;51;36;2,0.0018894011,84;51;36,7.524427230468277e-8,3.5762787e-7,9.05022e-5,2.139112410150953e-6,-2.31860678411442e-5
1349,1.1432271131214219e-5,0.0009437338975397231,0.0027347803,84;51;36;2,0.0018893052,84;51;36,6.601916073219554e-8,2.3841858e-7,8.627027e-5,-2.115148399294233e-7,-2.1580801624752418e-5
1350,1.1432198849353878e-5,0.0009289558502420692,0.00273481,84;51;36;2,0.0018898603,84;51;36,6.93223967919098e-8,3.5762787e-7,8.229166e-5,-1.2327580218090776e-6,-2.095245208867445e-5
1351,1.1432210322665044e-5,0.0009516467699814336,0.00273481,84;51;36;2,0.001889687,84;51;36,6.495976307224498e-8,2.3841858e-7,8.0272555e-5,-2.090713683115853e-6,-2.0555631870025296e-5
1352,1.1432255068578589e-5,0.0009344626705247096,0.0027347803,84;51;36;2,0.0018919995,84;51;36,6.038555175197938e-8,2.3841858e-7,7.979572e-5,-3.1467286187745046e-6,-1.980384111906847e-5
1353,1.143232390844558e-5,0.000955231670703401,0.0027347803,84;51;36;2,0.0018910598,84;51;36,6.213513339021938e-8,2.9802322e-7,8.074194e-5,-1.8546946151392777e-6,-2.103124630831008e-5
1354,1.1432387011656988e-5,0.000938840577117584,0.0027347803,84;51;36;2,0.0018929159,84;51;36,5.695735876130438e-8,2.3841858e-7,8.2314014e-5,-1.7504324416875318e-6,-2.1822035188115482e-5
1355,1.1432447820206165e-5,0.0009248076186311097,0.0027347207,84;51;36;2,0.0018903194,84;51;36,6.410314762024978e-8,2.3841858e-7,8.389354e-5,6.5934212264244e-7,-2.3138516772321784e-5
1356,1.1432450114868397e-5,0.0008982128466452774,0.0027347207,84;51;36;2,0.001887205,84;51;36,6.569462961429098e-8,2.9802322e-7,8.4646046e-5,1.481425826473638e-6,-2.258601896912764e-5
1357,1.1432448967537281e-5,0.0008814192153259615,0.0027347505,84;51;36;2,0.001884223,84;51;36,6.076955022612842e-8,2.3841858e-7,8.3349645e-5,2.123596283618951e-6,-2.2359581925634376e-5
1358,1.1432336529087862e-5,0.0008731243267015736,0.0027347803,84;51;36;2,0.0018828968,84;51;36,6.307789364173016e-8,2.3841858e-7,8.028746e-5,9.076166803807197e-7,-2.149023338947979e-5
1359,1.1432284899187617e-5,0.0008741444550574264,0.0027347505,84;51;36;2,0.0018834164,84;51;36,6.350079860088352e-8,2.3841858e-7,7.7433884e-5,-6.59740093922705e-7,-2.0237234152110352e-5
1360,1.1432242447936307e-5,0.0008837098809162592,0.0027347207,84;51;36;2,0.0018848553,84;51;36,6.277834570536043e-8,2.3841858e-7,7.558614e-5,-1.950238182763289e-6,-1.966247320809048e-5
1361,1.1432242447936307e-5,0.000901616944951766,0.0027347505,84;51;36;2,0.0018871501,84;51;36,6.119789897541261e-8,2.3841858e-7,7.496774e-5,-3.0553573891147466e-6,-1.878945109869546e-5
1362,1.1432151808778101e-5,0.0008828600214707081,0.0027347207,84;51;36;2,0.001888237,84;51;36,6.152997017339288e-8,2.3841858e-7,7.6293945e-5,-2.070670425990498e-6,-1.97897248445038e-5
1363,1.1432085263573342e-5,0.0008646712665910008,0.0027347207,84;51;36;2,0.0018850183,84;51;36,6.42336837181871e-8,2.3841858e-7,7.813424e-5,8.180445752814745e-7,-2.1636860786606474e-5
1364,1.1432048548977614e-5,0.0008554414569863331,0.002734691,84;51;36;2,0.0018822076,84;51;36,5.478669359783571e-8,2.3841858e-7,7.896125e-5,1.1694627119269561e-6,-2.1338275942713562e-5
1365,1.143205658029543e-5,0.0008463578934378486,0.0027347505,84;51;36;2,0.0018816153,84;51;36,5.4475995532170134e-8,2.3841858e-7,7.755309e-5,7.34466514012278e-7,-2.1323612441722806e-5
1366,1.1432123125500187e-5,0.0008372463064463617,0.0027347803,84;51;36;2,0.0018811133,84;51;36,5.887733472273497e-8,2.3841858e-7,7.5504184e-5,7.856468536993179e-8,-2.0199192148322597e-5
1367,1.1432062316951012e-5,0.0008286084082929188,0.0027347505,84;51;36;2,0.0018805098,84;51;36,5.9191806930767054e-8,2.3841858e-7,7.407367e-5,1.6689753375575648e-7,-2.059989638604637e-5
1368,1.1432111652189022e-5,0.0008199081239633284,0.0027347207,84;51;36;2,0.0018798457,84;51;36,5.582284746360296e-8,2.3841858e-7,7.2941184e-5,-9.521614946535172e-8,-1.9778443532013836e-5
1369,1.1432043959653148e-5,0.0008116546266736638,0.0027347207,84;51;36;2,0.0018791659,84;51;36,5.5889567736916994e-8,2.3841858e-7,7.1920455e-5,-8.660707284737017e-8,-1.9824317878720578e-5
1370,1.143205658029543e-5,0.0008401937969395877,0.0027347207,84;51;36;2,0.0018792646,84;51;36,5.246999784108374e-8,2.3841858e-7,7.112324e-5,-1.2014331105924552e-6,-1.9106684958259148e-5
1371,1.1432018718368584e-5,0.0008462917034742881,0.0027347505,84;51;36;2,0.0018830728,84;51;36,5.2261821070941465e-8,2.3841858e-7,7.093698e-5,-2.915050644820951e-6,-1.8575686026418027e-5
1372,1.1432122265901857e-5,0.0008527558282836907,0.0027347505,84;51;36;2,0.0018841559,84;51;36,5.2683154838218344e-8,2.3841858e-7,7.2441995e-5,-1.6151136377423562e-6,-1.9890011197228496e-5
1373,1.143209014063301e-5,0.0008585901507118074,0.0027347207,84;51;36;2,0.0018839929,84;51;36,5.7230454882479274e-8,2.3841858e-7,7.502735e-5,-8.785655926576144e-7,-1.960446059392508e-5
1374,1.1432069488674465e-5,0.0008639247830294014,0.002734691,84;51;36;2,0.0018839864,84;51;36,5.658663542269666e-8,2.3841858e-7,7.724762e-5,-3.310247362941109e-7,-2.0269063204016777e-5
1375,1.1431963934219682e-5,0.0008686557913293209,0.002734691,84;51;36;2,0.0018840386,84;51;36,5.621809862526433e-8,2.3841858e-7,7.851422e-5,2.8076623136797624e-7,-2.136015185618218e-5
1376,1.1431979709110622e-5,0.0008732624127603663,0.002734691,84;51;36;2,0.00188425,84;51;36,5.323904088318994e-8,2.3841858e-7,7.908791e-5,4.627501108675458e-8,-2.0910513030655652e-5
1377,1.1431951025832708e-5,0.0008771314718508604,0.002734691,84;51;36;2,0.0018844791,84;51;36,5.454982103872199e-8,2.3841858e-7,7.940084e-5,-1.2372122179331402e-7,-2.0720599176431498e-5
1378,1.143187530197902e-5,0.000881057139486419,0.0027346313,84;51;36;2,0.0018850714,84;51;36,5.3074365206150346e-8,2.3841858e-7,7.934123e-5,-2.9658742842360745e-7,-2.076501304111362e-5
1379,1.1431845471369989e-5,0.000872267463382676,0.002734661,84;51;36;2,0.0018851059,84;51;36,5.299893158676407e-8,2.3841858e-7,7.9385936e-5,1.5746713265057175e-7,-2.1160467238764942e-5
1380,1.1431856944681155e-5,0.0008820333762237574,0.002734691,84;51;36;2,0.0018843152,84;51;36,5.0676320272085465e-8,2.3841858e-7,7.8998506e-5,-3.0178824193471535e-8,-2.075414943793715e-5
1381,1.1431924637217029e-5,0.000892687877857085,0.0027347207,84;51;36;2,0.0018858314,84;51;36,5.2204285911495493e-8,2.3841858e-7,7.851422e-5,-1.220423341138749e-6,-2.0142721987527348e-5
1382,1.143197053046169e-5,0.000903829682906323,0.002734691,84;51;36;2,0.0018874714,84;51;36,4.7834887451871575e-8,2.3841858e-7,7.82907e-5,-1.7608111211133594e-6,-1.986853490232781e-5
1383,1.1431996919077371e-5,0.0009150216594254365,0.0027347505,84;51;36;2,0.0018886765,84;51;36,5.0779042581713066e-8,2.3841858e-7,7.9236925e-5,-1.5451544804714624e-6,-2.064369610533839e-5
1384,1.1432018718368584e-5,0.0009262824465278239,0.0027347505,84;51;36;2,0.0018897355,84;51;36,4.9774275632517735e-8,2.3841858e-7,8.060783e-5,-1.6484652779497684e-6,-2.071738965468163e-5
1385,1.143202330769305e-5,0.0009375870294890336,0.0027347505,84;51;36;2,0.0018907432,84;51;36,5.078434279034082e-8,2.3841858e-7,8.202344e-5,-1.4034982923460993e-6,-2.10893466075204e-5
1386,1.1432054285633197e-5,0.0009605499576673532,0.0027347207,84;51;36;2,0.0018922286,84;51;36,5.146237156881291e-8,2.3841858e-7,8.342415e-5,-1.3210078989655708e-6,-2.1814641737323673e-5
1387,1.143219540736053e-5,0.000984631499733631,0.0027347505,84;51;36;2,0.0018945979,84;51;36,5.650356736967552e-8,2.3841858e-7,8.519739e-5,-1.9881147476888185e-6,-2.2028783039613988e-5
1388,1.1432247037260773e-5,0.0010089589929728037,0.0027347803,84;51;36;2,0.0018970147,84;51;36,6.171935417594713e-8,2.3841858e-7,8.72463e-5,-2.037828738252131e-6,-2.2575474651350396e-5
1389,1.1432194260029412e-5,0.0010216381464734732,0.0027347207,84;51;36;2,0.0018991074,84;51;36,6.104151000226471e-8,2.3841858e-7,9.005517e-5,-1.5444954675538507e-6,-2.343486999959622e-5
1390,1.1432066906275477e-5,0.0010340960001391567,0.002734691,84;51;36;2,0.0018995302,84;51;36,5.823148461026603e-8,2.3841858e-7,9.280443e-5,-5.310647373139761e-7,-2.429563296226829e-5
1391,1.1431956762488291e-5,0.0010379786924908617,0.002734691,84;51;36;2,0.001899804,84;51;36,6.224517015184643e-8,2.3841858e-7,9.4883144e-5,2.3296705293654033e-8,-2.4698436992015185e-5
1392,1.1431867270661202e-5,0.0010416172943806693,0.0027346313,84;51;36;2,0.0018994845,84;51;36,5.970090181505126e-8,2.3841858e-7,9.6037984e-5,5.020104714002839e-7,-2.4817935496568743e-5
1393,1.1431901690594699e-5,0.001045122470461478,0.002734691,84;51;36;2,0.0018994659,84;51;36,5.895055718697391e-8,2.3841858e-7,9.640306e-5,4.2203895181835786e-7,-2.500494494023601e-5
1394,1.143194758383936e-5,0.0010587062859946984,0.0027347207,84;51;36;2,0.001899763,84;51;36,5.3983404316082094e-8,2.3841858e-7,9.623915e-5,-2.9455061784449414e-7,-2.439228849669317e-5
1395,1.1431907427250282e-5,0.0010705579286633766,0.0027347207,84;51;36;2,0.001901771,84;51;36,5.399358629581435e-8,2.3841858e-7,9.590387e-5,-1.2965830049351017e-6,-2.3808267916919803e-5
1396,1.1431954467826059e-5,0.0010747496110022627,0.002734691,84;51;36;2,0.001902842,84;51;36,5.8607532771473453e-8,2.3841858e-7,9.5784664e-5,-1.3335484349631692e-6,-2.4037004490125516e-5
1397,1.1431897101270232e-5,0.0010722864418178826,0.0027347207,84;51;36;2,0.00190299,84;51;36,5.798036876604739e-8,2.3841858e-7,9.651482e-5,-6.536845679791043e-7,-2.5183491455599214e-5
1398,1.1431902837925815e-5,0.001062888160723857,0.0027347207,84;51;36;2,0.0019020559,84;51;36,5.539301777367278e-8,2.3841858e-7,9.6961856e-5,3.893953586361934e-8,-2.5355938691001323e-5
1399,1.1431867270661202e-5,0.0010473688722756965,0.002734691,84;51;36;2,0.0019003153,84;51;36,5.571583001586912e-8,2.3841858e-7,9.6812844e-5,7.209733882044707e-7,-2.5430152773445728e-5
1400,1.1431920047892564e-5,0.0010258224525301215,0.002734691,84;51;36;2,0.0018982291,84;51;36,5.3686469563068304e-8,2.3841858e-7,9.582192e-5,1.3429181005420019e-6,-2.572736036709617e-5
1401,1.1431949878501592e-5,0.0010068410120614075,0.0027347505,84;51;36;2,0.0018957481,84;51;36,5.1130911617802874e-8,2.3841858e-7,9.4011426e-5,1.4747348333463798e-6,-2.5373336952375092e-5
1402,1.1431953320494943e-5,0.0009817996613371543,0.0027347803,84;51;36;2,0.0018939367,84;51;36,5.0701984440177725e-8,2.3841858e-7,9.1291964e-5,1.0567219214300604e-6,-2.450007322614033e-5
1403,1.1431986593097321e-5,0.0009504244255444881,0.0027347803,84;51;36;2,0.0018914957,84;51;36,6.051841797259514e-8,2.3841858e-7,8.8468194e-5,1.298818657787429e-6,-2.4231387279555758e-5
1404,1.1432045106984264e-5,0.0009201476696685614,0.00273481,84;51;36;2,0.0018883748,84;51;36,5.302271278600174e-8,2.3841858e-7,8.523464e-5,1.4302765875696855e-6,-2.3793309450365977e-5
1405,1.1432060022288778e-5,0.000890734409464875,0.00273481,84;51;36;2,0.0018857811,84;51;36,6.037710915959863e-8,2.3841858e-7,8.156896e-5,1.1280578485366615e-6,-2.279034764738176e-5
1406,1.143213918813582e-5,0.0008533774888794131,0.0027347803,84;51;36;2,0.0018827794,84;51;36,5.854785209413869e-8,2.3841858e-7,7.787347e-5,7.863297704905158e-7,-2.1499756883604052e-5
1407,1.1432108210195673e-5,0.0008531660584724284,0.0027347803,84;51;36;2,0.0018803263,84;51;36,5.9257136514665606e-8,2.3841858e-7,7.458776e-5,4.512643605507402e-8,-2.0589415510074758e-5
1408,1.1432179344724898e-5,0.0008158794141786631,0.0027347803,84;51;36;2,0.0018811384,84;51;36,5.788784074313802e-8,2.3841858e-7,7.1525574e-5,-9.171240678258636e-7,-2.0120740035501934e-5
1409,1.1432120830837955e-5,0.0007900203648732847,0.0027347505,84;51;36;2,0.001877469,84;51;36,5.707854565222727e-8,2.3841858e-7,7.0013106e-5,9.160458867074164e-7,-2.0504007428578388e-5
1410,1.1431957909819407e-5,0.0007716295347963752,0.0027347803,84;51;36;2,0.0018748268,84;51;36,5.470277226045344e-8,2.3841858e-7,6.86273e-5,4.1653554537343796e-7,-1.9459612800206786e-5
1411,1.1432025602355283e-5,0.0007530069344935105,0.0027347803,84;51;36;2,0.0018734671,84;51;36,5.4405657004978645e-8,2.3841858e-7,6.6652894e-5,2.936848495681032e-7,-1.910877858113154e-5
1412,1.1432038222997565e-5,0.000742344900488726,0.00273484,84;51;36;2,0.0018724091,84;51;36,5.285605978654839e-8,2.3841858e-7,6.4730644e-5,-1.6408739886226498e-7,-1.822026709272839e-5
1413,1.143202330769305e-5,0.0007387471352738453,0.00273484,84;51;36;2,0.0018719751,84;51;36,5.2290418404025095e-8,2.3841858e-7,6.335974e-5,-7.544177667345974e-7,-1.754127271528215e-5
1414,1.1431971965536894e-5,0.0007416777928251983,0.00273484,84;51;36;2,0.0018724632,84;51;36,4.8929068756523906e-8,2.3841858e-7,6.22645e-5,-1.1889957009959674e-6,-1.746608350575011e-5
1415,1.1431899683681988e-5,0.0007506634400568233,0.00273484,84;51;36;2,0.0018734485,84;51;36,5.323607079724064e-8,2.3841858e-7,6.22645e-5,-1.74429041220144e-6,-1.7033544658626232e-5
1416,1.1431962786888652e-5,0.0007662020807482589,0.00273481,84;51;36;2,0.0018749889,84;51;36,5.3314236567513986e-8,2.3841858e-7,6.28829e-5,-2.1690737747058313e-6,-1.6930003351681778e-5
1417,1.1431940987599077e-5,0.0007877306882400045,0.00273484,84;51;36;2,0.0018769493,84;51;36,5.0454388393948725e-8,2.3841858e-7,6.453693e-5,-2.3633215747579907e-6,-1.733238068858458e-5
1418,1.1432013269453983e-5,0.0008154659897174459,0.00273484,84;51;36;2,0.0018796399,84;51;36,5.2949601084636594e-8,2.3841858e-7,6.671995e-5,-2.458865360343038e-6,-1.7852531135387175e-5
1419,1.1431946724254228e-5,0.0008427999426555676,0.00273484,84;51;36;2,0.001882405,84;51;36,6.58970836359536e-8,2.3841858e-7,6.98939e-5,-2.3562789741161942e-6,-1.865060511828416e-5
1420,1.1431884768378594e-5,0.0008579260583731307,0.00273481,84;51;36;2,0.0018849801,84;51;36,6.392489733767673e-8,2.3841858e-7,7.3708594e-5,-1.5144368908311067e-6,-2.0136247712044468e-5
1421,1.1431801013213386e-5,0.0008730544805285294,0.0027347803,84;51;36;2,0.0018855669,84;51;36,6.979066119904849e-8,2.3841858e-7,7.7448785e-5,-3.446838291422102e-7,-2.0890094583175667e-5
1422,1.143169086943448e-5,0.000880013567264618,0.0027347803,84;51;36;2,0.0018858863,84;51;36,6.352118307199133e-8,2.3841858e-7,8.036941e-5,4.54747459890723e-7,-2.176198233865395e-5
1423,1.1431557779034972e-5,0.0008862925229257752,0.0027347803,84;51;36;2,0.0018855659,84;51;36,5.989984014105289e-8,2.3841858e-7,8.209795e-5,1.098903813046448e-6,-2.226537618533957e-5
1424,1.1431653007510483e-5,0.0008922347354799108,0.0027347207,84;51;36;2,0.0018856274,84;51;36,5.971882078663486e-8,2.3841858e-7,8.290261e-5,8.896767831423798e-7,-2.2081650803901554e-5
1425,1.1431763151289388e-5,0.0008973175698883871,0.0027347207,84;51;36;2,0.001886054,84;51;36,5.921144067573022e-8,2.3841858e-7,8.264929e-5,6.16466086042147e-7,-2.191435609818333e-5
1426,1.1431889357702716e-5,0.0009115695288315937,0.002734661,84;51;36;2,0.0018868474,84;51;36,5.7013663222152574e-8,2.3841858e-7,8.236617e-5,-1.7724801552459443e-7,-2.1357015901210377e-5
1427,1.1431724142034359e-5,0.000925846746610192,0.002734661,84;51;36;2,0.001888508,84;51;36,5.669493689930085e-8,2.3841858e-7,8.198619e-5,-9.976925870417883e-7,-2.1095782626707463e-5
1428,1.143168628011036e-5,0.0009301253830737738,0.002734691,84;51;36;2,0.0018900055,84;51;36,5.969095366805257e-8,2.3841858e-7,8.234382e-5,-1.1054989190091952e-6,-2.1678920326601676e-5
1429,1.1431718405379208e-5,0.0009358335811225776,0.002734691,84;51;36;2,0.0018902952,84;51;36,6.237847121930008e-8,2.3841858e-7,8.327514e-5,-5.42856665810073e-7,-2.1979165545936132e-5
1430,1.1431701195413754e-5,0.0009348835779208685,0.002734691,84;51;36;2,0.0018904945,84;51;36,6.073519732593586e-8,2.3841858e-7,8.431077e-5,-2.6053583684013896e-7,-2.2338055236868758e-5
1431,1.1431716110717147e-5,0.0009411434700351972,0.002734661,84;51;36;2,0.0018899813,84;51;36,5.931938524974106e-8,2.3841858e-7,8.470565e-5,1.4557538783635312e-8,-2.258257270281634e-5
1432,1.143168283811727e-5,0.000940067594414841,0.002734691,84;51;36;2,0.0018905476,84;51;36,5.7420663453094034e-8,2.3841858e-7,8.4772706e-5,-1.9908488461123612e-7,-2.2423856327971168e-5
1433,1.1431620882241636e-5,0.0009393061336771857,0.002734691,84;51;36;2,0.0018904107,84;51;36,5.641289770164879e-8,2.3841858e-7,8.4877014e-5,4.714408195002613e-8,-2.27434579000132e-5
1434,1.1431585314979698e-5,0.0009387261981468576,0.0027347505,84;51;36;2,0.0018902374,84;51;36,5.686961405361169e-8,2.3841858e-7,8.4728e-5,2.2694081762283573e-7,-2.303378464822772e-5
1435,1.1431655302172544e-5,0.0009379478634253684,0.0027347505,84;51;36;2,0.0018901816,84;51;36,5.6958806883321094e-8,2.3841858e-7,8.447468e-5,-1.0946102590901667e-8,-2.2610115597937925e-5
1436,1.1431748235985994e-5,0.0009436688261425076,0.0027347505,84;51;36;2,0.0018903511,84;51;36,5.843516933052643e-8,2.3841858e-7,8.405e-5,-3.8192682727933417e-7,-2.229423703320596e-5
1437,1.1431670217475937e-5,0.0009410911468211977,0.0027347505,84;51;36;2,0.0018909415,84;51;36,5.5053841342454696e-8,2.3841858e-7,8.3856285e-5,-6.768393994440881e-7,-2.2029785426470907e-5
1438,1.1431646123524302e-5,0.0009317359023121267,0.0027347207,84;51;36;2,0.0018904284,84;51;36,5.202718428094704e-8,2.3841858e-7,8.367002e-5,-1.58138615906681e-7,-2.240465820012818e-5
1439,1.1431612850924424e-5,0.0009225296369952444,0.0027347505,84;51;36;2,0.0018890705,84;51;36,5.1892234077372364e-8,2.3841858e-7,8.380413e-5,5.023849845245597e-7,-2.2790123997848404e-5
1440,1.1431622029572666e-5,0.0009137154895172342,0.0027347505,84;51;36;2,0.0018877853,84;51;36,6.040726537757279e-8,2.3841858e-7,8.327514e-5,3.91497708499105e-7,-2.2155163269552745e-5
1441,1.143159908295206e-5,0.0009047293568961104,0.0027347505,84;51;36;2,0.0018868484,84;51;36,5.759871682389144e-8,2.3841858e-7,8.229911e-5,3.3182221157654885e-7,-2.1869975839899036e-5
1442,1.1431651860179453e-5,0.0008956125413362069,0.0027347505,84;51;36;2,0.0018862253,84;51;36,5.713242563683785e-8,2.3841858e-7,8.127093e-5,2.73975226257481e-7,-2.17201843311065e-5
1443,1.143159334629691e-5,0.0008864836040581345,0.0027347505,84;51;36;2,0.0018853769,84;51;36,5.656678425431455e-8,2.3841858e-7,8.003414e-5,7.908230647912399e-8,-2.120077930748995e-5
1444,1.1431602524945152e-5,0.0008861220184139173,0.0027347505,84;51;36;2,0.0018848637,84;51;36,5.283920742041619e-8,2.3841858e-7,7.879734e-5,-3.967134618282609e-7,-2.088766357700517e-5
1445,1.143155318971085e-5,0.0008858411560596538,0.0027347803,84;51;36;2,0.0018854607,84;51;36,5.8718414612804306e-8,2.3841858e-7,7.779151e-5,-8.160748087322293e-7,-2.0804316450540694e-5
1446,1.1431500412483458e-5,0.0008763813604251898,0.0027347505,84;51;36;2,0.0018855426,84;51;36,5.523362999827496e-8,2.3841858e-7,7.726252e-5,-7.006777280149048e-7,-2.097100223008905e-5
1447,1.1431529095759216e-5,0.0008603225438491637,0.0027347505,84;51;36;2,0.0018841252,84;51;36,5.375815775638869e-8,4.7683716e-7,7.736683e-5,7.423238683374911e-8,-2.1028382888543512e-5
1448,1.1431510738462732e-5,0.0008532130475159013,0.0027347505,84;51;36;2,0.0018824041,84;51;36,5.237618989163268e-8,4.7683716e-7,7.69794e-5,5.652700047301232e-7,-2.1244003448117133e-5
1449,1.1431506149138611e-5,0.0008528505273695974,0.0027347207,84;51;36;2,0.0018819021,84;51;36,5.586625420314648e-8,2.3841858e-7,7.622689e-5,6.692637053806572e-8,-2.0808411300635556e-5
1450,1.1431586462310727e-5,0.0008519473398551936,0.0027347505,84;51;36;2,0.0018823044,84;51;36,5.133823100125536e-8,2.3841858e-7,7.519871e-5,-5.143148338508141e-7,-2.029461882568739e-5
1451,1.1431580725655577e-5,0.0008587369161537187,0.0027347803,84;51;36;2,0.0018827049,84;51;36,5.08229416006957e-8,2.3841858e-7,7.469952e-5,-1.0377183765234473e-6,-1.9892291167947217e-5
1452,1.1431623176903695e-5,0.000871349953405776,0.0027347207,84;51;36;2,0.0018839333,84;51;36,5.3388398465015896e-8,2.3841858e-7,7.4751675e-5,-1.4852792502891537e-6,-1.9793282811982263e-5
1453,1.1431515327786853e-5,0.0008905429373396311,0.002734691,84;51;36;2,0.0018860111,84;51;36,5.5215021835476604e-8,2.3841858e-7,7.5519085e-5,-1.923182453447795e-6,-2.0041680771059872e-5
1454,1.143150270714552e-5,0.0009080605054524543,0.0027346313,84;51;36;2,0.0018882109,84;51;36,5.706005645696003e-8,2.3841858e-7,7.6815486e-5,-2.2640949746460895e-6,-1.9971747482052782e-5
1455,1.143141436265619e-5,0.0009332353113558361,0.002734661,84;51;36;2,0.0018901862,84;51;36,5.646413578660281e-8,2.3841858e-7,7.8991055e-5,-2.179157049561268e-6,-2.0910901454762614e-5
1456,1.143136732208395e-5,0.0009650740537401084,0.002734661,84;51;36;2,0.0018929476,84;51;36,6.092004005066433e-8,2.3841858e-7,8.1695616e-5,-2.4594516543421065e-6,-2.1494385363436333e-5
1457,1.1431227347698259e-5,0.0009665029869814446,0.0027346313,84;51;36;2,0.0018951772,84;51;36,6.10011225766144e-8,2.3841858e-7,8.483231e-5,-1.460578716146677e-6,-2.2583931760822063e-5
1458,1.1431331754822012e-5,0.001002504095080003,0.002734661,84;51;36;2,0.0018949369,84;51;36,6.281248938679136e-8,2.3841858e-7,8.8103116e-5,-4.936910344616953e-7,-2.3463485142388477e-5
1459,1.1431235379015469e-5,0.0010082266804143894,0.002734691,84;51;36;2,0.0018978072,84;51;36,5.670695672227245e-8,2.3841858e-7,9.007752e-5,-1.1789130600815312e-6,-2.3389186908063058e-5
1460,1.1431291598235952e-5,0.0010199603939200666,0.002734691,84;51;36;2,0.0018979125,84;51;36,5.849250757819676e-8,2.3841858e-7,9.223074e-5,2.950781826151416e-7,-2.4807111579334403e-5
1461,1.1431352406780555e-5,0.0010294431902299836,0.002734691,84;51;36;2,0.0018982971,84;51;36,6.57683361533117e-8,2.3841858e-7,9.380281e-5,5.450873899542158e-8,-2.4522738100836537e-5
1462,1.143141436265619e-5,0.0010379334513663005,0.002734691,84;51;36;2,0.0018992368,84;51;36,6.27040648403274e-8,2.3841858e-7,9.4138086e-5,1.1028483062459207e-7,-2.5077517029399197e-5
1463,1.143123423168444e-5,0.00104556773109402,0.002734661,84;51;36;2,0.0018998338,84;51;36,5.758143781557868e-8,2.3841858e-7,9.444356e-5,-6.834264735865327e-8,-2.4996655251050375e-5
1464,1.1431246852325772e-5,0.00105274583957404,0.002734691,84;51;36;2,0.0019004876,84;51;36,6.04726277801006e-8,2.3841858e-7,9.471923e-5,-5.310813713513579e-7,-2.459856792691418e-5
1465,1.1431320281511708e-5,0.0010593125272976415,0.0027347207,84;51;36;2,0.0019011125,84;51;36,5.554125541977476e-8,2.3841858e-7,9.5017254e-5,-8.13184372918028e-7,-2.4292429279570892e-5
1466,1.1431254883642984e-5,0.0010651097415530896,0.0027347207,84;51;36;2,0.0019017113,84;51;36,5.7096961005578634e-8,2.3841858e-7,9.530038e-5,-8.42672631317067e-7,-2.4532986786793152e-5
1467,1.143123423168444e-5,0.0010571352589492612,0.002734691,84;51;36;2,0.0019016424,84;51;36,6.214132380416619e-8,2.3841858e-7,9.574741e-5,-4.545770299428144e-7,-2.4725480320337948e-5
1468,1.1431331754822012e-5,0.0010898998720927716,0.0027347207,84;51;36;2,0.0019014496,84;51;36,5.797244306707772e-8,2.3841858e-7,9.5933676e-5,-9.013272615864089e-7,-2.449215198240879e-5
1469,1.1431258325636076e-5,0.0010922916154244267,0.002734691,84;51;36;2,0.0019050771,84;51;36,5.633971626069644e-8,2.3841858e-7,9.614229e-5,-2.3429682850035612e-6,-2.4172270908285708e-5
1470,1.1431225053036197e-5,0.0011011272474796886,0.002734661,84;51;36;2,0.0019055922,84;51;36,5.699370949555399e-8,2.3841858e-7,9.718537e-5,-1.2629742559632197e-6,-2.5322006929400944e-5
1471,1.1431257178305044e-5,0.0011064685375664297,0.0027347207,84;51;36;2,0.0019058045,84;51;36,5.97385283735139e-8,2.3841858e-7,9.857863e-5,-1.2555545276387658e-6,-2.4977640710954366e-5
1472,1.14312365263465e-5,0.0011101131923632321,0.0027347505,84;51;36;2,0.0019060094,84;51;36,5.521610485024265e-8,2.3841858e-7,9.961426e-5,-8.173727177864356e-7,-2.5590003298627804e-5
1473,1.1431259472967105e-5,0.001119549626916403,0.0027347207,84;51;36;2,0.001906367,84;51;36,5.6958146408406954e-8,2.3841858e-7,0.000100165606,-7.662540765880137e-7,-2.5718572369123834e-5
1474,1.1431214727056925e-5,0.001126941061820052,0.0027347505,84;51;36;2,0.0019072248,84;51;36,5.72925354220797e-8,4.7683716e-7,0.000100664794,-9.031658322716323e-7,-2.6006462997760324e-5
1475,1.1431137855877898e-5,0.0011247704547991547,0.0027347505,84;51;36;2,0.0019077491,84;51;36,5.5811168133910076e-8,4.7683716e-7,0.00010108203,-9.503003679044104e-7,-2.5715017659767847e-5
1476,1.1431226200367227e-5,0.00112136592647323,0.0027347505,84;51;36;2,0.0019070534,84;51;36,5.8157823196860545e-8,4.7683716e-7,0.00010149181,-3.363562276609149e-7,-2.6291130252849955e-5
1477,1.1431338638808192e-5,0.0011094160462487132,0.002734691,84;51;36;2,0.0019059749,84;51;36,5.7327429829655274e-8,4.7683716e-7,0.00010159612,1.4509328742013252e-7,-2.6237594656912876e-5
1478,1.1431376500732192e-5,0.0011325735795320749,0.002734661,84;51;36;2,0.0019052951,84;51;36,5.486159801682495e-8,2.3841858e-7,0.000101178885,-5.613877985944232e-7,-2.5677070676425424e-5
1479,1.1431386826711463e-5,0.001118760638233902,0.0027347207,84;51;36;2,0.0019078655,84;51;36,5.706627558720745e-8,2.3841858e-7,0.00010059774,-1.8698474012135857e-6,-2.4968319810791126e-5
1480,1.1431477465862853e-5,0.0011405450813373752,0.0027347505,84;51;36;2,0.0019070376,84;51;36,5.7742659331887186e-8,2.3841858e-7,0.00010060519,-1.0365591532647693e-6,-2.5755597551728988e-5
1481,1.1431426983297523e-5,0.0011257553128433068,0.0027347803,84;51;36;2,0.0019088723,84;51;36,5.783204086871491e-8,2.3841858e-7,0.00010121614,-1.7838279115699402e-6,-2.5427663611343925e-5
1482,1.143137420607013e-5,0.001112109551918436,0.0027347207,84;51;36;2,0.001906597,84;51;36,6.439797787866138e-8,2.3841858e-7,0.000101991,4.2219942498155505e-7,-2.660409147268533e-5
1483,1.1431389121373525e-5,0.00109676499177354,0.002734691,84;51;36;2,0.0019041402,84;51;36,5.990195284031242e-8,2.3841858e-7,0.00010175258,8.851527260257716e-7,-2.6596776607787868e-5
1484,1.1431351259449525e-5,0.0010895526766714627,0.002734691,84;51;36;2,0.0019025486,84;51;36,5.76003413460405e-8,2.3841858e-7,0.00010035187,6.618653167690006e-7,-2.580916671633249e-5
1485,1.143137420607013e-5,0.0010882073249769931,0.0027347207,84;51;36;2,0.0019026101,84;51;36,5.9342165480785866e-8,2.3841858e-7,9.81763e-5,-4.5606247340988204e-7,-2.5097322364157734e-5
1486,1.1431311102863466e-5,0.0010921945196351451,0.0027347207,84;51;36;2,0.0019033309,84;51;36,6.358566347385742e-8,2.3841858e-7,9.6432865e-5,-1.5121392307889988e-6,-2.4398604268962483e-5
1487,1.1431406331338977e-5,0.0010833291132040647,0.0027347207,84;51;36;2,0.0019038972,84;51;36,5.65013644191855e-8,2.3841858e-7,9.560585e-5,-1.6143046622478523e-6,-2.440817428038578e-5
1488,1.1431445340594007e-5,0.0010803785690601856,0.0027347505,84;51;36;2,0.0019030971,84;51;36,5.212741647707848e-8,2.3841858e-7,9.56282e-5,-1.0551370397960334e-6,-2.4755370434407872e-5
1489,1.14313730587391e-5,0.0010754643376665529,0.0027347207,84;51;36;2,0.0019028019,84;51;36,5.413432898745588e-8,2.3841858e-7,9.545684e-5,-1.0605305759404873e-6,-2.4492659599563623e-5
1490,1.1431392563366614e-5,0.0010769380586575109,0.002734661,84;51;36;2,0.001902408,84;51;36,5.902454678667214e-8,2.3841858e-7,9.5538795e-5,-1.1822003358460624e-6,-2.4250397316263508e-5
1491,1.143137535340116e-5,0.001083139142221281,0.002734661,84;51;36;2,0.0019029109,84;51;36,5.772686536654907e-8,2.3841858e-7,9.531528e-5,-1.606902590357863e-6,-2.39928416279435e-5
1492,1.1431315692187587e-5,0.0010940120777965376,0.0027346313,84;51;36;2,0.0019040452,84;51;36,5.501906180008158e-8,2.3841858e-7,9.533018e-5,-1.974351272680297e-6,-2.4167808436824602e-5
1493,1.143137191140807e-5,0.0011095922236735182,0.002734661,84;51;36;2,0.0019056285,84;51;36,6.335725401876773e-8,2.3841858e-7,9.587407e-5,-2.490069308981744e-6,-2.3929224136270315e-5
1494,1.1431363880090858e-5,0.0011224488741105128,0.0027346015,84;51;36;2,0.0019073458,84;51;36,6.122305035242247e-8,2.3841858e-7,9.727478e-5,-2.4553334780553165e-6,-2.445999509559664e-5
1495,1.143128471424977e-5,0.0011408648068921585,0.0027346313,84;51;36;2,0.0019087438,84;51;36,5.934984914236464e-8,2.3841858e-7,9.87947e-5,-2.369343880254713e-6,-2.482287450890636e-5
1496,1.1431265209622256e-5,0.0011643760791311647,0.0027346313,84;51;36;2,0.0019107936,84;51;36,5.970610767011984e-8,2.3841858e-7,0.00010070205,-2.551082442649845e-6,-2.5302195358262444e-5
1497,1.143123882100856e-5,0.0011919479585163746,0.0027346015,84;51;36;2,0.0019131936,84;51;36,5.980418614370517e-8,2.3841858e-7,0.00010289997,-3.1293728948110685e-6,-2.5053888347499703e-5
1498,1.1431208990401775e-5,0.0012171625602499648,0.0027346015,84;51;36;2,0.0019159364,84;51;36,6.651999762888867e-8,2.3841858e-7,0.00010558218,-3.103760843599326e-6,-2.5643821682125218e-5
1499,1.1431272093608439e-5,0.0012405876783862894,0.0027346015,84;51;36;2,0.00191807,84;51;36,6.936595531761371e-8,2.3841858e-7,0.00010831654,-2.747774878812448e-6,-2.668164171402136e-5
1500,1.1431230789691348e-5,0.0012529566422215868,0.0027346015,84;51;36;2,0.0019197809,84;51;36,6.977485082439574e-8,4.7683716e-7,0.00011137873,-1.981058896284838e-6,-2.7752180541770645e-5
