step,t_u_l,fx_solver,fy_solver,fz_solver,drag_solver,downforce_solver,pressure_fx_solver,pressure_fy_solver,pressure_fz_solver,viscous_fx_solver,viscous_fy_solver,viscous_fz_solver
8.0,0.0903782844543457,544.837456266313,18.157368228918134,-284.9863821392396,544.837456266313,284.9863821392396,327.50197106794417,17.668789766396255,-311.6517986901954,217.3354851983688,0.48857846252187986,26.665416550955783
16.0,0.18705302476882935,448.43937206388335,17.262400308172985,-271.05713036688235,448.43937206388335,271.05713036688235,279.91018372072455,16.55726224342998,-293.59466606161396,168.5291883431588,0.7051380647430046,22.537535694731595
24.0,0.28664565086364746,415.82301534893713,16.622062118794513,-286.1889281942487,415.82301534893713,286.1889281942487,270.5987485048473,15.719777006620259,-306.47617430885884,145.22426684408984,0.9022851121742539,20.287246114610127
32.0,0.388942688703537,382.1898817097108,16.24254741174841,-290.0190601362599,382.1898817097108,290.0190601362599,250.98365656394873,15.180685179327746,-308.31299697056653,131.20622514576206,1.0618622324206646,18.293936834306635
40.0,0.4926983416080475,363.76446149543347,15.908406028778595,-299.44781013138686,363.76446149543347,299.44781013138686,241.9270737453979,14.723554920201401,-315.8840354243721,121.83738775003553,1.1848511085771936,16.436225292985235
48.0,0.5976899266242981,351.8562330750432,15.871615098397104,-307.2298046082928,351.8562330750432,307.2298046082928,236.6227262789502,14.595636756938367,-322.0006953153812,115.233506796093,1.275978341458738,14.770890707088407
56.0,0.703711211681366,343.7979507661437,15.630029038976865,-314.81985677527774,343.7979507661437,314.81985677527774,233.40197306282465,14.28593667713703,-328.14012253467286,110.39597770331902,1.3440923618398353,13.320265759395113
64.0,0.8104130625724792,337.5598034447489,15.553371703441453,-320.29898427399075,337.5598034447489,320.29898427399075,230.83174178771657,14.158015902954283,-332.36342530641366,106.72806165703233,1.3953558004871702,12.064441032422906
72.0,0.9177525639533997,331.5805004044779,15.578315525039226,-323.27264133353515,331.5805004044779,323.27264133353515,227.75216990273725,14.143590752782856,-334.26227498360066,103.82833050174062,1.434724772256371,10.989633650065528
80.0,1.0256850719451904,326.5564173304178,15.431921710726126,-325.54689273081675,326.5564173304178,325.54689273081675,225.09382031645347,13.967000675373365,-335.61542151727804,101.46259701396431,1.464921035352761,10.068528786461279
88.0,1.134066104888916,322.57351830358334,15.349319205077455,-326.8032124109114,322.57351830358334,326.8032124109114,223.0443104706558,13.860715843194967,-336.09420247016453,99.52920783292754,1.4886033618824879,9.290990059253147
96.0,1.2428029775619507,319.7722958529335,15.311687445966601,-327.7602939593344,319.7722958529335,327.7602939593344,221.78188266562722,13.80436346205185,-336.4094075334192,97.99041318730627,1.507323983914751,8.649113574084822
104.0,1.351824164390564,317.5752830599762,15.20065550373364,-328.22005249647873,317.5752830599762,328.22005249647873,220.78904565683808,13.67816442590176,-336.3488598897384,96.78623740313809,1.5224910778318805,8.128807393259635
112.0,1.46107017993927,315.2992405669322,15.140269267712743,-327.69941087580065,315.2992405669322,327.69941087580065,219.477839727334,13.60659792787198,-335.41513557327846,95.8214008395982,1.5336713398407626,7.71572469747781
120.0,1.5705071687698364,312.6222631809302,15.078270368872243,-326.1089097261683,312.6222631809302,326.1089097261683,217.62154657073108,13.536317869004833,-333.50389520046303,95.0007166101991,1.5419524998674108,7.394985474294742
128.0,1.6801071166992188,310.02816994464627,14.948570975534945,-324.1517333758288,310.02816994464627,324.1517333758288,215.75040620606768,13.400941831704316,-331.3048836074139,94.27776373857856,1.5476291438306298,7.153150231585059
136.0,1.7898364067077637,307.97549911172905,14.834749114345348,-322.16705231414846,307.97549911172905,322.16705231414846,214.3141286332251,13.28380820076211,-329.149863206481,93.66137047850395,1.5509409135832386,6.9828108923324805
144.0,1.8996710777282715,306.5971484615002,14.728558014841912,-320.4289124472904,306.5971484615002,320.4289124472904,213.4245755299444,13.17601081934982,-327.3067463317975,93.17257293155576,1.5525471954920933,6.87783388450714
152.0,2.00957989692688,305.56653559653245,14.6098374430466,-318.8187781993839,305.56653559653245,318.8187781993839,212.7657134981555,13.05701928711419,-325.6456808365839,92.80082209837695,1.5528181559324086,6.826902637199986
160.0,2.119532346725464,304.3879775336025,14.515490543716846,-316.93824598089617,304.3879775336025,316.93824598089617,211.88752112972395,12.96342268350902,-323.7544231446473,92.50045640387856,1.552067860207826,6.816177163751135
168.0,2.229509115219116,302.92744155610666,14.416826250115662,-314.80270249448705,302.92744155610666,314.80270249448705,210.70534634909353,12.866269239677244,-321.634012243611,92.22209520701314,1.5505570104384185,6.831309749123953
176.0,2.3395028114318848,301.481008811322,14.298052691651973,-312.72258553556776,301.481008811322,312.72258553556776,209.5319705070362,12.749761578788956,-319.5848192037933,91.94903830428584,1.5482911128630175,6.8622336682255565
184.0,2.449511766433716,300.40311428020357,14.189162290936206,-310.97835861325103,300.40311428020357,310.97835861325103,208.70255856039486,12.643852786804937,-317.8829655709702,91.7005557198087,1.5453095041312688,6.904606957719203
192.0,2.559530735015869,299.7734600364876,14.089397193640323,-309.66585101765384,299.7734600364876,309.66585101765384,208.27210170121344,12.547470420891043,-316.62200584749064,91.50135833527418,1.5419267727492807,6.956154829836805
200.0,2.6695492267608643,299.33726608427145,13.99862085119917,-308.5943849804421,299.33726608427145,308.5943849804421,207.98552643824567,12.460228690092194,-315.60760859930485,91.35173964602579,1.5383921611069762,7.013223618862725
208.0,2.7795588970184326,298.75606883795353,13.924229472463548,-307.47753759950126,298.75606883795353,307.47753759950126,207.53074399838874,12.38944244782737,-314.5478579552575,91.22532483956482,1.5347870246361772,7.070320355756252
216.0,2.889554977416992,297.9511984711657,13.849888247973201,-306.27828134787944,297.9511984711657,306.27828134787944,206.85798409030525,12.318676261285546,-313.40034978726436,91.09321438086045,1.5312119866876541,7.122068439384936
224.0,2.9995410442352295,297.1379686864235,13.770704052236509,-305.1749623520966,297.1379686864235,305.1749623520966,206.1885371268221,12.243115073592723,-312.3410582727772,90.94943155960138,1.5275889786437862,7.16609592068064
232.0,3.1095199584960938,296.57308542231556,13.697630142577989,-304.3528933209652,296.57308542231556,304.3528933209652,205.76098830592338,12.173727731678529,-311.55654870163085,90.81209711639218,1.5239024108994599,7.2036553806655945
240.0,3.219494104385376,296.3062573788389,13.633399309807666,-303.84431949563015,296.3062573788389,303.84431949563015,205.60466093346392,12.113131681904383,-311.08124280195807,90.70159644537497,1.5202676279032836,7.236923306327903
248.0,3.3294599056243896,296.1448438101909,13.580048945114164,-303.4784785619656,296.1448438101909,303.4784785619656,205.52522184203994,12.06324449361104,-310.7450009958537,90.61962196815095,1.5168044515031252,7.266522433888106
256.0,3.439413070678711,295.85450255288964,13.536420370006791,-303.0541136314429,295.85450255288964,303.0541136314429,205.30603296318594,12.022846770971974,-310.34526531610896,90.54846958970369,1.5135735990348183,7.291151684666083
264.0,3.549353837966919,295.38916941486303,13.49294698390993,-302.53704594242447,295.38916941486303,302.53704594242447,204.91997310296443,11.982403814092159,-309.84623348409053,90.4691963118986,1.5105431698177707,7.309187541666084
272.0,3.6592864990234375,294.9078052408172,13.4471513929549,-302.0505361158844,294.9078052408172,302.0505361158844,204.52852074569864,11.939497282296536,-309.37131457962255,90.37928449511858,1.5076541106583656,7.320778463738144
280.0,3.7692158222198486,294.595888632872,13.40356971565923,-301.7308931147646,294.595888632872,301.7308931147646,204.30306652540222,11.898676866343202,-309.0590364906466,90.2928221074698,1.504892849316029,7.328143375881943
288.0,3.879142999649048,294.4823407196238,13.365480283421046,-301.59079449075955,294.4823407196238,301.59079449075955,204.25763364826403,11.863179315747768,-308.9245578463331,90.22470707135975,1.5023009676732793,7.33376335557351
296.0,3.9890670776367188,294.425091035725,13.334538768897465,-301.5052392588467,294.425091035725,301.5052392588467,204.24916718291072,11.834598765698594,-308.84388877767657,90.17592385281432,1.4999400031988706,7.3386495188298895
304.0,4.098984718322754,294.2617216101006,13.30811014706212,-301.3392828787424,294.2617216101006,301.3392828787424,204.12801780123323,11.810284487930542,-308.6814342787119,90.13370380886735,1.4978256591315775,7.342151399969524
312.0,4.208897113800049,293.9666537249003,13.280697318809386,-301.07513356892935,293.9666537249003,301.07513356892935,203.88175143121708,11.784780311931662,-308.4184328689685,90.08490229368323,1.4959170068777237,7.343299300039185
320.0,4.318807125091553,293.65834367520256,13.250823527283409,-300.8081286109102,293.65834367520256,300.8081286109102,203.62999990567715,11.7566486374491,-308.15039317496957,90.02834376952543,1.4941748898343086,7.34226456405932
328.0,4.428718566894531,293.4686336627974,13.221486016322352,-300.639777967672,293.4686336627974,300.639777967672,203.4942358731596,11.728911194531413,-307.9802893557803,89.97439778963778,1.4925748217909378,7.3405113881083395
336.0,4.538630485534668,293.4142372937945,13.195655843092183,-300.57844431473086,293.4142372937945,300.57844431473086,203.4807352574857,11.704531763355421,-307.91804256847445,89.9335020363088,1.4911240797367622,7.339598253743567
344.0,4.648542404174805,293.3904491792243,13.17462026978068,-300.53595001547797,293.3904491792243,300.53595001547797,203.48457170194553,11.684763545639491,-307.8758837190301,89.90587747727875,1.4898567241411893,7.339933703552163
352.0,4.758453369140625,293.28516226421493,13.156137844432667,-300.42336050668615,293.28516226421493,300.42336050668615,203.40303380181854,11.66736749390982,-307.76410311177614,89.88212846239637,1.488770350522847,7.340742605089986
360.0,4.868363380432129,293.08434094192387,13.136802836284913,-300.2334821416067,293.08434094192387,300.2334821416067,203.2313202315608,11.648968816049358,-307.5745221294551,89.85302071036304,1.4878340202355556,7.341039987848376
368.0,4.978272438049316,292.87728246985944,13.115700692049222,-300.040665841729,292.87728246985944,300.040665841729,203.05919370580023,11.628694304759208,-307.38138678666974,89.81808876405921,1.4870063872900148,7.340720944940749
376.0,5.088183403015137,292.75586101977956,13.094967926550213,-299.917723306374,292.75586101977956,299.917723306374,202.97093080881774,11.608697971743627,-307.25831082111563,89.78493021096182,1.4862699548065854,7.3405875147416495
384.0,5.198096752166748,292.72903122295,13.077034663587186,-299.8692047548284,292.72903122295,299.8692047548284,202.96817705581915,11.591399872876991,-307.2107137725888,89.76085416713086,1.4856347907101952,7.341509017760423
392.0,5.308010101318359,292.72004413192815,13.06258496154106,-299.8318450374804,292.72004413192815,299.8318450374804,202.9743675929263,11.577467915290445,-307.17539630370595,89.74567653900186,1.4851170462506147,7.343551266225596
400.0,5.417924404144287,292.6499168574469,13.050004216382286,-299.743510482605,292.6499168574469,299.743510482605,202.91738025641877,11.565294116623743,-307.08948574956526,89.7325366010281,1.4847100997585432,7.345975266960259
408.0,5.527838230133057,292.5127134249039,13.036936920056032,-299.60302200514417,292.5127134249039,299.60302200514417,202.79771182719782,11.552547567077024,-306.9509950046902,89.71500159770608,1.484389352979008,7.347972999546037
416.0,5.637752532958984,292.37347923624156,13.022771755411469,-299.4644379116917,292.37347923624156,299.4644379116917,202.68043953149547,11.538654540307576,-306.81384494065816,89.69303970474613,1.484117215103893,7.349407028966489
424.0,5.747660160064697,292.29724738404525,13.009102780221788,-299.37931857937895,292.29724738404525,299.37931857937895,202.62498506750956,11.525222131747807,-306.730133847811,89.67226231653567,1.4838806484739804,7.350815268432015
432.0,5.857574462890625,292.2870756328469,12.997557304339733,-299.34801428918536,292.2870756328469,299.34801428918536,202.6293186248439,11.513867381335336,-306.7007825059526,89.65775700800297,1.4836899230043965,7.352768216767217
440.0,5.967488765716553,292.28654231349054,12.988596812800658,-299.32390140084755,292.28654231349054,299.32390140084755,202.6373399446981,11.505042087518547,-306.67917330341606,89.64920236879243,1.4835547252821124,7.355271902568511
448.0,6.077402591705322,292.2409320979251,12.98100466560043,-299.26406074384823,292.2409320979251,299.26406074384823,202.5993118695354,11.497531152484374,-306.62183927719514,89.64162022838971,1.4834735131160555,7.357778533346895
456.0,6.18731689453125,292.1478442787671,12.973023579415973,-299.1687080438631,292.1478442787671,299.1687080438631,202.5172877389715,11.48959665176573,-306.52844095414986,89.63055653979556,1.4834269276502416,7.359732910286766
464.0,6.297231197357178,292.0552836358226,12.964269835347181,-299.0776303717142,292.0552836358226,299.0776303717142,202.4390632808835,11.48087685824545,-306.4387050401033,89.61622035493912,1.4833929771017313,7.361074668389097
472.0,6.407145023345947,292.0086421531464,12.9558609114342,-299.02622423630726,292.0086421531464,299.02622423630726,202.4059166829125,11.472496740306969,-306.38844982429254,89.60272547023393,1.4833641711272314,7.36222558798525
480.0,6.517059326171875,292.007911586041,12.94900039348999,-299.01288838571026,292.007911586041,299.01288838571026,202.41425409510296,11.465648823631383,-306.37649933008294,89.59365749093809,1.4833515698586073,7.363610944372677
488.0,6.6269707679748535,292.0123279893188,12.943869741633609,-299.00388622884714,292.0123279893188,299.00388622884714,202.42369550108194,11.46050911813782,-306.36913049217986,89.5886324882369,1.4833606234957903,7.36524426333272
496.0,6.736885070800781,291.9827737238477,12.939535501616124,-298.96819653949717,291.9827737238477,298.96819653949717,202.398735750502,11.456141596937579,-306.33494985033826,89.58403797334567,1.483393904678544,7.36675331084108
504.0,6.846799373626709,291.92020954893655,12.934781936575186,-298.90802470088033,291.92020954893655,298.90802470088033,202.343410034382,11.451344293281938,-306.27580315308023,89.57679951455452,1.4834376432932486,7.3677784521998895
512.0,6.9567131996154785,291.8589317740513,12.929401634121202,-298.85152173072174,291.8589317740513,298.85152173072174,202.29170255991482,11.44592393682357,-306.2198426227572,89.5672292141365,1.483477697297631,7.368320892035484
520.0,7.066622257232666,291.831365647966,12.924188496583781,-298.82394822037253,291.831365647966,298.82394822037253,202.27302142034262,11.440678057726569,-306.1926606117915,89.5583442276234,1.4835104388572127,7.36871239141896
528.0,7.176536560058594,291.83540634943694,12.919970844559266,-298.8222925699877,291.83540634943694,298.8222925699877,202.28277983406517,11.436427496074025,-306.19156320827415,89.55262651537176,1.4835433484852407,7.369270638286441
536.0,7.2864508628845215,291.84144197043963,12.916876372816528,-298.8218653996913,291.84144197043963,298.8218653996913,202.29174851210533,11.433292832818125,-306.19187544501233,89.54969345833433,1.4835835399984028,7.370010045320981
544.0,7.396364688873291,291.8223708991512,12.91423923575989,-298.80141381440234,291.8223708991512,298.80141381440234,202.2754472626433,11.430606464382743,-306.1720864539514,89.54692363650791,1.483632771377148,7.370672639549085
552.0,7.5062737464904785,291.7800811143144,12.911194303568092,-298.7632839886337,291.7800811143144,298.7632839886337,202.23788621814236,11.427512606181963,-306.13430212721926,89.54219489617202,1.4836816973861273,7.371018138585562
560.0,7.616188049316406,291.739685880139,12.907641753672177,-298.7281260221146,291.739685880139,298.7281260221146,202.2038458244499,11.423920018700619,-306.09919311364393,89.53584005568909,1.4837217349715583,7.371067091529316
568.0,7.726102352142334,291.7232328313868,12.904151842699253,-298.71298698712457,291.7232328313868,298.71298698712457,202.1931977904889,11.420400399296263,-306.0840509773822,89.53003504089787,1.4837514434029897,7.371063990257657
576.0,7.8360161781311035,291.72910060231277,12.901355629783573,-298.71571327225655,291.72910060231277,298.71571327225655,202.20258555171867,11.41757974870687,-306.0869478234936,89.52651505059407,1.4837758810767028,7.371234551237016
584.0,7.945921421051025,291.7347682167393,12.899318555125927,-298.7176097200635,291.7347682167393,298.7176097200635,202.20986482052524,11.415515336437402,-306.08918665869885,89.52490339621409,1.483803218688525,7.37157693863535
592.0,8.055835723876953,291.72222182262306,12.897551945446441,-298.70464487721654,291.72222182262306,298.70464487721654,202.19889783642162,11.413719151371902,-306.07654756649663,89.5233239862014,1.4838327940745382,7.371902689280063
600.0,8.165749549865723,291.69309806394256,12.895414633440257,-298.678761374529,291.69309806394256,298.678761374529,202.17282325110756,11.411555117198658,-306.0507993924686,89.52027481283503,1.4838595162415995,7.372038017939602
608.0,8.275664329528809,291.66615940507194,12.892932487152258,-298.6553851265108,291.66615940507194,298.6553851265108,202.15006157405108,11.40905468305437,-306.0273895721464,89.51609783102086,1.4838778040978884,7.372004445635568
616.0,8.38556957244873,291.6564931769136,12.890510619725749,-298.64623636476887,291.6564931769136,298.64623636476887,202.14413552403238,11.406623394726886,-306.0182101415854,89.51235765288124,1.4838872249988642,7.371973776816546
624.0,8.4954833984375,291.6621029313524,12.888605006180452,-298.64909286811496,291.6621029313524,298.64909286811496,202.15185128109852,11.404711652517108,-306.0211911510346,89.51025165025389,1.4838933536633432,7.372098282919637
632.0,8.60539722442627,291.66694729489893,12.887251055206404,-298.6507756897448,291.66694729489893,298.6507756897448,202.15749841419415,11.403351416374576,-306.0231386769164,89.50944888070481,1.483899638831828,7.372362987171609
640.0,8.715312004089355,291.6581037957446,12.886026625858658,-298.64113554485914,291.6581037957446,298.64113554485914,202.14952877388362,11.402119902651124,-306.0137605063074,89.50857502186098,1.4839067232075336,7.372624961448249
648.0,8.825218200683594,291.638102229449,12.88458341913165,-298.62292789231105,291.638102229449,298.62292789231105,202.13147669336914,11.400670826336121,-305.9956879556061,89.50662553607985,1.4839125927955288,7.372760063295056
656.0,8.935132026672363,291.61976942171935,12.88287249026423,-298.6064757477968,291.61976942171935,298.6064757477968,202.1158977755674,11.398960550236275,-305.97926006259854,89.50387164615198,1.483911940027956,7.372784314801747
664.0,9.04504680633545,291.6142017350921,12.881235729010665,-298.60056809328023,291.6142017350921,298.60056809328023,202.1127328565018,11.397331122525486,-305.9733884639069,89.50146887859029,1.4839046064851797,7.372820370626636
672.0,9.154960632324219,291.6190533825708,12.879938117275232,-298.6029097317381,291.6190533825708,298.6029097317381,202.11884110742045,11.396042620061987,-305.97587617444555,89.50021227515036,1.4838954972132448,7.37296644270744
680.0,9.264866828918457,291.622893108603,12.87909036174499,-298.6040034725008,291.622893108603,298.6040034725008,202.123035946442,11.395202249323086,-305.9772136744029,89.49985716216102,1.4838881124219028,7.3732102019021095
688.0,9.374781608581543,291.61669501962916,12.878322592474028,-298.5969473641452,291.61669501962916,298.5969473641452,202.11730686841543,11.394441785934198,-305.97038889017165,89.49938815121372,1.4838808065398295,7.373441526026456
696.0,9.484695434570312,291.6026290810299,12.877332791999052,-298.5838327961112,291.6026290810299,298.5838327961112,202.10451447448622,11.393458701441762,-305.95740627833095,89.49811460654365,1.4838740905572894,7.373573482219724
704.0,9.594609260559082,291.5901769750088,12.876207835679843,-298.5724608441732,291.5901769750088,298.5724608441732,202.09390153820732,11.39234538765346,-305.94608235280384,89.49627543680147,1.483862448026383,7.3736215086306665
712.0,9.704516410827637,291.5872610903947,12.8751279820008,-298.56909866032066,291.5872610903947,298.56909866032066,202.09255397925853,11.391279350196216,-305.9427713475267,89.49470711113618,1.4838486318045843,7.373672687206001
720.0,9.814430236816406,291.59138879631314,12.874330749871799,-298.57111217567956,291.59138879631314,298.57111217567956,202.09741381152796,11.390496854058405,-305.94491423974785,89.49397498478515,1.483833895813394,7.373802064068281
728.0,9.924344062805176,291.5941505352256,12.873766770439637,-298.57188905528454,291.5941505352256,298.57188905528454,202.10032219681355,11.389946315609103,-305.9458768429129,89.49382833841207,1.4838204548305334,7.373987787628405
736.0,10.034258842468262,291.58990825093315,12.873302971433397,-298.56703322837376,291.58990825093315,298.56703322837376,202.09632649707262,11.389493655459507,-305.94119148239696,89.4935817538605,1.4838093159738897,7.374158254023222
744.0,10.144165992736816,291.5800590571166,12.87270891734892,-298.55792178788926,291.5800590571166,298.55792178788926,202.08732673212734,11.388910310894875,-305.93217006377756,89.49273232498928,1.4837986064540438,7.374248275888293
752.0,10.254080772399902,291.5719275366383,12.871948387919787,-298.550515870762,291.5719275366383,298.550515870762,202.08042233806728,11.388162944460086,-305.9247949220098,89.49150519857105,1.4837854434597002,7.3742790512478
760.0,10.363994598388672,291.57007356553635,12.871240950660228,-298.5482127822413,291.57007356553635,298.5482127822413,202.07960654290258,11.387470165229042,-305.92252249457806,89.49046702263378,1.4837707854311866,7.37430971233675
768.0,10.473908424377441,291.57355555850205,12.870730149766,-298.550310254211,291.57355555850205,298.550310254211,202.08351267514257,11.386973282110668,-305.9247035991612,89.49004288335948,1.4837568676553317,7.374393344950207
776.0,10.583815574645996,291.5756610672275,12.870430852624253,-298.5511321476047,291.5756610672275,298.5511321476047,202.08565196695915,11.38668609053662,-305.92564487778395,89.49000910026832,1.4837447620876345,7.374512730179255
784.0,10.693729400634766,291.572783532024,12.870134305329847,-298.5478829864248,291.572783532024,298.5478829864248,202.08290360950613,11.386400109379231,-305.9225040746355,89.4898799225179,1.4837341959506154,7.374621088210754
792.0,10.803643226623535,291.56579360199373,12.869761872686329,-298.5414854767684,291.56579360199373,298.5414854767684,202.07649010780375,11.38603660167835,-305.9161512050992,89.48930349418995,1.483725271007978,7.374665728330777
800.0,10.913558006286621,291.5604997364729,12.869260793648404,-298.5367583187534,291.5604997364729,298.5367583187534,202.07201527007342,11.385546220232612,-305.91143364967684,89.48848446639946,1.4837145734157924,7.374675330923395
808.0,11.023465156555176,291.559642458583,12.86881831732293,-298.53562631335205,291.559642458583,298.53562631335205,202.0718328137777,11.385114694390108,-305.91030986467126,89.48780964480534,1.4837036229328215,7.374683551319228
816.0,11.133379936218262,291.56222959166837,12.868475325291064,-298.537129376447,291.56222959166837,298.537129376447,202.0746634516537,11.384781810095319,-305.91186579733517,89.48756614001465,1.483693515195744,7.37473642088813
824.0,11.243293762207031,291.5638917756138,12.868316312328304,-298.5379437948883,291.5638917756138,298.5379437948883,202.07630773424643,11.384631586673851,-305.9127551336012,89.4875840413674,1.4836847256544516,7.3748113387129095
832.0,11.3532075881958,291.5616239031574,12.868083763982858,-298.53541161509344,291.5616239031574,298.53541161509344,202.07410936620977,11.384405756646009,-305.91029043285715,89.48751453694766,1.483678007336849,7.374878817763689
840.0,11.463115692138672,291.5570371977976,12.867859989361646,-298.5310983542517,291.5570371977976,298.5310983542517,202.06989297070976,11.38418825634859,-305.9060061278374,89.48714422708784,1.4836717330130564,7.374907773585651
848.0,11.573029518127441,291.5534434195974,12.867513545733981,-298.52789280607215,291.5534434195974,298.52789280607215,202.06684492422067,11.383848826805576,-305.9028045803946,89.48659849537671,1.4836647189284051,7.374911774322468
856.0,11.682944297790527,291.5529462388049,12.867234812756005,-298.52702404517504,291.5529462388049,298.52702404517504,202.06677810685892,11.383576922926,-305.9019443575296,89.48616813194602,1.483657889830004,7.3749203123545595
864.0,11.792858123779297,291.5548784211556,12.867018112774446,-298.52818567728923,291.5548784211556,298.52818567728923,202.06884641185837,11.383367467876884,-305.90314541397703,89.48603200929722,1.4836506448975617,7.374959736687817
872.0,11.902764320373535,291.5560872534378,12.866940846136487,-298.5288048253013,291.5560872534378,298.5288048253013,202.07002132812298,11.383294775627613,-305.9038179745067,89.48606592531479,1.4836460705088732,7.375013149205399
880.0,12.012679100036621,291.55468698586265,12.866811802177281,-298.5270627343377,291.55468698586265,298.5270627343377,202.06864216031914,11.383169621795238,-305.90212720534527,89.48604482554353,1.4836421803820432,7.375064471007564
888.0,12.12259292602539,291.5513091010756,12.866648319834916,-298.523714623641,291.5513091010756,298.523714623641,202.06550476424556,11.383010155948716,-305.8988045801151,89.48580433683009,1.4836381638862006,7.3750899564740635
896.0,12.23250675201416,291.5489824382688,12.866395942137911,-298.5216685160886,291.5489824382688,298.5216685160886,202.06353332110712,11.382761069379782,-305.89676696091203,89.48544911716166,1.483634872758129,7.375098444823449
904.0,12.342415809631348,291.54866553016245,12.866229691227026,-298.5210134250372,291.54866553016245,298.5210134250372,202.06349980375603,11.382598739964463,-305.8961217949625,89.4851657264064,1.4836309512625645,7.375108369925266
912.0,12.452330589294434,291.5499770183089,12.866101666133966,-298.5215315463332,291.5499770183089,298.5215315463332,202.06489399528868,11.382475182914597,-305.8966749259436,89.4850830230202,1.48362648321937,7.375143379610375
920.0,12.562244415283203,291.5508425799894,12.866079070571473,-298.52201575660365,291.5508425799894,298.52201575660365,202.06571933129317,11.38245499640732,-305.89720178644967,89.48512324869625,1.4836240741641524,7.3751860298459935
928.0,12.672158241271973,291.55007532673903,12.866006204480694,-298.5209053267706,291.55007532673903,298.5209053267706,202.06494522929933,11.382383568873577,-305.89613298973893,89.48513009743968,1.483622635607117,7.375227662968294
936.0,12.782065391540527,291.54791324099267,12.86587633393483,-298.5186179264967,291.54791324099267,298.5186179264967,202.06292369385875,11.382256277730956,-305.89387164629477,89.48498954713395,1.4836200562038742,7.3752537197981045
944.0,12.891979217529297,291.5461537790936,12.865703940806814,-298.5170455547406,291.5461537790936,298.5170455547406,202.0613920951679,11.382085225789181,-305.8923114807029,89.48476168392568,1.483618715017632,7.375265925962314
952.0,13.001893043518066,291.5458109198332,12.865564975562343,-298.5164531658572,291.5458109198332,298.5164531658572,202.06124846703432,11.381948524973659,-305.8917301428106,89.48456245279885,1.4836164505886835,7.375276976953426
960.0,13.111807823181152,291.5464990027591,12.865517470432808,-298.5164896234871,291.5464990027591,298.5164896234871,202.0620003312275,11.381903234114343,-305.8917936919229,89.48449867153158,1.4836142363184643,7.375304068435808
968.0,13.22171688079834,291.5473958193925,12.865511355986794,-298.5170045063484,291.5473958193925,298.5170045063484,202.06286517422407,11.381898341224403,-305.8923446168654,89.48453064516838,1.48361301476239,7.375340110516978
976.0,13.33163070678711,291.54715957635204,12.865476582777102,-298.5164035120363,291.54715957635204,298.5164035120363,202.06259564238647,11.381864704648422,-305.89177652187135,89.48456393396559,1.4836118781286798,7.3753730098350925
984.0,13.441544532775879,291.54595959208683,12.865424883744941,-298.51507965227154,291.54595959208683,298.51507965227154,202.06143960121136,11.38181352566485,-305.89047935725864,89.48451999087547,1.4836113580800911,7.3753997049870925
992.0,13.551459312438965,291.54457204051926,12.86528621086238,-298.51365630792327,291.54457204051926,298.51365630792327,202.06019635871735,11.381676036701878,-305.889071356978,89.48437568180191,1.4836101741605021,7.375415049054711
1000.0,13.661365509033203,291.54381978395287,12.86518083691206,-298.51288372748314,291.54381978395287,298.51288372748314,202.0595857142032,11.381571820861204,-305.88830673128615,89.48423406974966,1.4836090160508555,7.375423003803014
1008.0,13.771279335021973,291.5441111379424,12.865149925661923,-298.51273171454363,291.5441111379424,298.51273171454363,202.05996211640206,11.381542721995473,-305.88817016531243,89.48414902154033,1.4836072036664496,7.375438450768813
1016.0,13.881194114685059,291.54463531506445,12.865103480220565,-298.51278547054443,291.54463531506445,298.51278547054443,202.0604883618089,11.381497164634071,-305.8882496222239,89.48414695325557,1.4836063155864943,7.375464151679463
1024.0,13.991107940673828,291.5449691175719,12.865131484230762,-298.5127757997569,291.5449691175719,298.5127757997569,202.0607820063288,11.38152645525962,-305.88826943614686,89.48418711124313,1.4836050289711418,7.375493636389937
1032.0,14.1010160446167,291.5446092822202,12.865132990490627,-298.51226543930335,291.5446092822202,298.51226543930335,202.0604068431955,11.381527794379164,-305.88778137570205,89.48420243902476,1.4836051961114636,7.3755159363986795
1040.0,14.210928916931152,291.5437949800082,12.865024621442867,-298.5112227561494,291.5437949800082,298.5112227561494,202.05962652275934,11.38141986409861,-305.8867607662149,89.4841684572489,1.4836047573442563,7.375538010065506
1048.0,14.320842742919922,291.54325203423787,12.86498340926902,-298.51064201308554,291.54325203423787,298.51064201308554,202.0591542228565,11.381380915852631,-305.88619320975795,89.48409781138133,1.483602493416388,7.375551196672408
1056.0,14.430756568908691,291.54259198922796,12.864923270410387,-298.5099662892041,291.54259198922796,298.5099662892041,202.0585792607294,11.381319308731065,-305.8855261568844,89.48401272849857,1.4836039616793206,7.375559867680305
1064.0,14.540669441223145,291.5426971038404,12.864853776520055,-298.5098118888925,291.5426971038404,298.5098118888925,202.0587455797331,11.381252868165005,-305.8853816484177,89.48395152410728,1.483600908355051,7.375569759525213
1072.0,14.65058422088623,291.542820549562,12.864871096454243,-298.5094739024564,291.542820549562,298.5094739024564,202.058877976485,11.381270251501292,-305.8850629835652,89.483942573077,1.483600844952951,7.375589081108764
1080.0,14.760498046875,291.54301576953264,12.864858069800796,-298.50934692855105,291.54301576953264,298.50934692855105,202.05906082922053,11.381257661895317,-305.88495794943293,89.48395494031212,1.4836004079054788,7.375611020881864
1088.0,14.87041187286377,291.5431281375388,12.864868091230715,-298.5092539330563,291.5431281375388,298.5092539330563,202.05914800384846,11.381269095438268,-305.88488496126007,89.48398013369038,1.483598995792446,7.375631028203779
1096.0,14.980316162109375,291.5429190418792,12.864835814305819,-298.50883592296174,291.5429190418792,298.50883592296174,202.05893405150724,11.381237054516603,-305.8844834992115,89.48398499037197,1.4835987597892157,7.37564757624977
1104.0,15.090229988098145,291.54256252749974,12.864804393140979,-298.5082318448365,291.54256252749974,298.5082318448365,202.05858536866577,11.381205708379722,-305.88389803969994,89.48397715883397,1.4835986847612563,7.375666194863474
1112.0,15.20014476776123,291.5420649617477,12.864754998940876,-298.5076237924314,291.5420649617477,298.5076237924314,202.05812360044865,11.381157759810272,-305.8833037139418,89.48394136129905,1.483597239130605,7.375679921510404
1120.0,15.31005859375,291.5418338997799,12.86469092637091,-298.50738393045253,291.5418338997799,298.50738393045253,202.05793746102998,11.3810938383758,-305.8830720479175,89.4838964387499,1.483597087995109,7.375688117464978
1128.0,15.419974327087402,291.5418419459129,12.864680087988615,-298.5070834570484,291.5418419459129,298.5070834570484,202.0579641046944,11.381084280845792,-305.88278346152947,89.48387784121849,1.4835958071428226,7.3757000044811
1136.0,15.529888153076172,291.5416637226303,12.864659707420037,-298.50667026841865,291.5416637226303,298.50667026841865,202.05780711501887,11.381064859757231,-305.88238330808986,89.48385660761141,1.4835948476628054,7.375713039671199
1144.0,15.639803886413574,291.54167428360745,12.86463070739423,-298.50645301606204,291.54167428360745,298.50645301606204,202.05782392244723,11.381036820080286,-305.8821806644272,89.48385036116025,1.4835938873139436,7.375727648365194
1152.0,15.749717712402344,291.5417274351725,12.864634474678901,-298.50626077563203,291.5417274351725,298.50626077563203,202.0578688594112,11.38104183703451,-305.88200472608065,89.48385857576129,1.4835926376443895,7.375743950448642
1160.0,15.85961627960205,291.5417007555519,12.864645945734127,-298.50596552931495,291.5417007555519,298.50596552931495,202.0578310014383,11.381054088676962,-305.88172615789085,89.4838697541136,1.4835918570571647,7.375760628575904
1168.0,15.969531059265137,291.54157205654906,12.864625135138674,-298.5056581124323,291.54157205654906,298.5056581124323,202.05770230087194,11.381034014255896,-305.8814326725037,89.4838697556771,1.4835911208827774,7.375774560071438
1176.0,16.079444885253906,291.5414825230263,12.864609141209327,-298.50536252906824,291.5414825230263,298.50536252906824,202.05761232079257,11.381018986052787,-305.88115161599677,89.48387020223373,1.4835901551565396,7.375789086928517
1184.0,16.189359664916992,291.5412505881733,12.864598079204889,-298.50498308785757,291.5412505881733,298.50498308785757,202.05738454658214,11.3810085092538,-305.8807854787723,89.48386604159117,1.483589569951089,7.3758023909146875
1192.0,16.299272537231445,291.54122024873084,12.864571886911218,-298.50478940013437,291.54122024873084,298.50478940013437,202.05736107418767,11.38098341038328,-305.88060381313585,89.48385917454318,1.4835884765279381,7.375814413001464
1200.0,16.40918731689453,291.54100781380805,12.864553850707114,-298.5043904443144,291.54100781380805,298.5043904443144,202.05715937410488,11.380966698167535,-305.8802167170368,89.48384843970318,1.4835871525395785,7.375826272722348
1208.0,16.519102096557617,291.54097147370624,12.864541797549203,-298.5041760507055,291.54097147370624,298.5041760507055,202.05713140691893,11.380954999021672,-305.8800129141015,89.48384006678731,1.483586798527531,7.3758368633959925
1216.0,16.629016876220703,291.5408465362425,12.864533690955778,-298.5038833495577,291.5408465362425,298.5038833495577,202.05701023634617,11.380948060043877,-305.8797321796853,89.4838362998963,1.4835856309118998,7.375848830127577
1224.0,16.738916397094727,291.5407201637619,12.864500893878681,-298.5035891171532,291.5407201637619,298.5035891171532,202.05689213581564,11.38091645559131,-305.87944895302354,89.48382802794623,1.4835844382873706,7.375859835870385
1232.0,16.848831176757812,291.54079770929695,12.864504261823722,-298.50345828602224,291.54079770929695,298.50345828602224,202.05696922985646,11.380920378852323,-305.87932964605795,89.48382847944046,1.483583882971398,7.37587136003574
1240.0,16.9587459564209,291.54072718072746,12.864516528085085,-298.50318155336936,291.54072718072746,298.50318155336936,202.0568915880171,11.380933561498322,-305.87906581920936,89.48383559271035,1.4835829665867626,7.375884265839979
1248.0,17.06865882873535,291.54067071021717,12.86451928793503,-298.50293632034135,291.54067071021717,298.50293632034135,202.05683586095415,11.380937485752678,-305.8788326729665,89.48383484926302,1.4835818021823517,7.3758963526251495
1256.0,17.178573608398438,291.5404350874048,12.864493523757996,-298.5025837018217,291.5404350874048,298.5025837018217,202.0566066649784,11.380912454116674,-305.87849051073863,89.48382842242637,1.4835810696413227,7.375906808916882
1264.0,17.288488388061523,291.54042217512904,12.864464127015651,-298.5024374131122,291.54042217512904,298.5024374131122,202.056602815263,11.380883804394639,-305.8783530502212,89.48381935986602,1.4835803226210127,7.375915637109005
1272.0,17.398401260375977,291.54050998289705,12.864467974580169,-298.50230869430857,291.54050998289705,298.50230869430857,202.05668598219845,11.38088893342038,-305.8782353842915,89.48382400069862,1.4835790411597882,7.375926689982906
1280.0,17.508316040039062,291.5403188680869,12.86448925107472,-298.50197188322034,291.5403188680869,298.50197188322034,202.05648657712732,11.3809109133982,-305.87791094021327,89.4838322909596,1.4835783376765213,7.37593905699293
1288.0,17.61821746826172,291.5402139423315,12.86445068349986,-298.50172343572916,291.5402139423315,298.50172343572916,202.05639276132155,11.380873192743966,-305.8776707827546,89.48382118100993,1.4835774907558958,7.375947347025418
1296.0,17.728132247924805,291.5401570985843,12.864444765657069,-298.501540961289,291.5401570985843,298.501540961289,202.0563397015798,11.380868078079825,-305.8774974588273,89.4838173970045,1.483576687577244,7.375956497538304
1304.0,17.838045120239258,291.54013461448125,12.864428974294178,-298.5013348312184,291.54013461448125,298.5013348312184,202.05631497470694,11.380853003055432,-305.8773015640452,89.48381963977431,1.483575971238746,7.375966732826756
1312.0,17.947959899902344,291.5400680586057,12.864415204167646,-298.501106331272,291.5400680586057,298.501106331272,202.05624603704044,11.380840452233492,-305.877083686555,89.48382202156527,1.4835747519341522,7.3759773552830055
1320.0,18.05787467956543,291.5398463304309,12.86438591604121,-298.500803406975,291.5398463304309,298.500803406975,202.05603164496745,11.38081164452288,-305.8767897512845,89.48381468546347,1.483574271518329,7.375986344309453
1328.0,18.167787551879883,291.54001188156894,12.864368691994763,-298.5008265585933,291.54001188156894,298.5008265585933,202.05619658821664,11.38079543514468,-305.87682164957135,89.4838152933523,1.4835732568500823,7.37599509097806
1336.0,18.27770233154297,291.5398877798915,12.86436220211554,-298.5005350242428,291.5398877798915,298.5005350242428,202.0560660093325,11.38078999391887,-305.87654033814766,89.48382177055898,1.4835722081966691,7.37600531390485
1344.0,18.387617111206055,291.5398963429549,12.864339208373277,-298.50038468921235,291.5398963429549,298.50038468921235,202.05607339780556,11.380767608512205,-305.8764003043828,89.48382294514933,1.4835715998610728,7.3760156151704255
1352.0,18.49751853942871,291.5398644009899,12.864361285959,-298.5002377498549,291.5398644009899,298.5002377498549,202.05603014348597,11.3807905168242,-305.87626314178596,89.48383425750396,1.4835707691347986,7.376025391931096
1360.0,18.607431411743164,291.5396788103085,12.86433030888401,-298.4998691728389,291.5396788103085,298.4998691728389,202.05584957554265,11.380760904047953,-305.87590375626803,89.48382923476584,1.483569404836058,7.376034583429135
1368.0,18.71734619140625,291.5397170551809,12.86432262476572,-298.49982183375437,291.5397170551809,298.49982183375437,202.0558867749045,11.380753392039225,-305.87586441060563,89.48383028027641,1.4835692327264955,7.3760425768512885
1376.0,18.827260971069336,291.53955680026365,12.864310606766397,-298.4995097357056,291.53955680026365,298.4995097357056,202.05572618033992,11.38074213582658,-305.87556137653917,89.48383061992376,1.4835684709398171,7.376051640833589
1384.0,18.93717384338379,291.5394658659445,12.864277465277569,-298.4993088792936,291.5394658659445,298.4993088792936,202.05564351249262,11.380709934158833,-305.87536809824996,89.4838223534519,1.483567531118736,7.376059218956385
1392.0,19.047090530395508,291.5396792799583,12.864284899583494,-298.49940111407574,291.5396792799583,298.49940111407574,202.05584728730818,11.38071812682415,-305.875468661831,89.48383199265014,1.4835667727593438,7.376067547755284
1400.0,19.15700340270996,291.53948831271896,12.864277602269219,-298.4990366249646,291.53948831271896,298.4990366249646,202.0556497645578,11.380711748493953,-305.8751146311747,89.48383854816113,1.483565853775266,7.376078006210092
1408.0,19.266918182373047,291.5396019108561,12.864287292312433,-298.498971276663,291.5396019108561,298.498971276663,202.05575789208805,11.380722106867232,-305.8750587472655,89.48384401876805,1.4835651854452014,7.3760874706024975
1416.0,19.376819610595703,291.5394521988223,12.864302854732088,-298.49870996536174,291.5394521988223,298.49870996536174,202.05559786396793,11.380738464220627,-305.8748063194733,89.48385433485437,1.4835643905114615,7.376096354111571
1424.0,19.48673439025879,291.53929603899047,12.864263275685689,-298.4984368195028,291.53929603899047,298.4984368195028,202.05545195463378,11.380699571128282,-305.87453996857107,89.48384408435669,1.483563704557406,7.376103149068284
1432.0,19.596647262573242,291.53933334954866,12.864247561361356,-298.4983840598083,291.53933334954866,298.4983840598083,202.0554883474838,11.380684587188057,-305.8744946458088,89.4838450020649,1.4835629741732999,7.376110586000506
1440.0,19.706562042236328,291.53923777382073,12.864233028788584,-298.4981611799931,291.53923777382073,298.4981611799931,202.05539362375015,11.380671222766871,-305.8742800154909,89.48384415007058,1.4835618060217128,7.3761188354978415
1448.0,19.816476821899414,291.5393161879482,12.86424298674822,-298.49807216892896,291.5393161879482,298.49807216892896,202.05546499398588,11.380681557251474,-305.87419956551287,89.48385119396234,1.4835614294967447,7.376127396583936
1456.0,19.926389694213867,291.53924541562606,12.86425524883099,-298.49786383798636,291.53924541562606,298.49786383798636,202.05538564371898,11.380694519804582,-305.8740005500159,89.4838597719071,1.4835607290264081,7.376136712029579
1464.0,20.036306381225586,291.5390352567513,12.864218213986259,-298.4976068036474,291.5390352567513,298.4976068036474,202.05518446573063,11.380658229292237,-305.8737501704336,89.48385079102067,1.4835599846940222,7.376143366786222
1472.0,20.14621925354004,291.5391131240525,12.864188453995714,-298.4976126082082,291.5391131240525,298.4976126082082,202.0552656462953,11.38062904499581,-305.8737623159383,89.48384747775722,1.4835594089999038,7.376149707730066
1480.0,20.256120681762695,291.53909128050213,12.864192604389629,-298.49741401705506,291.53909128050213,298.49741401705506,202.05523885394538,11.380633778747912,-305.8735716176327,89.48385242655675,1.4835588256417171,7.376157600577649
1488.0,20.36603546142578,291.5390138633084,12.864166550520473,-298.4972417142312,291.5390138633084,298.4972417142312,202.05515577903975,11.380608372747531,-305.8734082495704,89.48385808426866,1.4835581777729412,7.376166535339186
1496.0,20.475950241088867,291.53889274854987,12.864138117494104,-298.496990594266,291.53889274854987,298.496990594266,202.0550377341432,11.38058111630159,-305.8731642871089,89.48385501440666,1.483557001192513,7.376173692842935
1504.0,20.58586311340332,291.53896600825396,12.864122052152506,-298.49700419502494,291.53896600825396,298.49700419502494,202.05510656717632,11.380565762626826,-305.87318572418883,89.48385944107761,1.483556289525679,7.376181529163901
1512.0,20.69577980041504,291.5388462805985,12.864100509624242,-298.496780905634,291.5388462805985,298.496780905634,202.05498371725753,11.380544823251444,-305.8729699203582,89.48386256334098,1.483555686372798,7.376189014724137
1520.0,20.805692672729492,291.5389107474487,12.864079803642435,-298.4966972704855,291.5389107474487,298.4966972704855,202.05504426131063,11.380524919551519,-305.87289418755455,89.48386648613807,1.4835548840909154,7.376196917069008
1528.0,20.915607452392578,291.53895444156797,12.864086290062014,-298.49660365965224,291.53895444156797,298.49660365965224,202.0550755368659,11.380531982690545,-305.87280909622837,89.48387890470204,1.4835543073714685,7.376205436576104
1536.0,21.025522232055664,291.538987679347,12.864100209210818,-298.4965215329888,291.538987679347,298.4965215329888,202.05509652602768,11.380546580154478,-305.8727357720114,89.48389115331926,1.4835536290563403,7.37621423902263
1544.0,21.135421752929688,291.53886711736027,12.864113053499223,-298.4962978254922,291.53886711736027,298.4962978254922,202.05496863728112,11.380560508957627,-305.87251969847944,89.48389848007915,1.483552544541595,7.376221872987225
1552.0,21.245336532592773,291.53870503900896,12.864099290108554,-298.4960383204102,291.53870503900896,298.4960383204102,202.0548113130618,11.380546965453096,-305.8722670115363,89.48389372594713,1.4835523246554576,7.376228691126057
1560.0,21.355249404907227,291.5386220875604,12.864062476505048,-298.49591522903324,291.5386220875604,298.49591522903324,202.05473632339573,11.380510981196581,-305.8721483229382,89.48388576416465,1.483551495308467,7.376233093904931
1568.0,21.465164184570312,291.53861509302203,12.864031359243743,-298.4958017276962,291.53861509302203,298.4958017276962,202.05473215406448,11.380480673949204,-305.87204070982386,89.48388293895758,1.4835506852945393,7.376238982127667
1576.0,21.5750789642334,291.5387728570666,12.8640480885486,-298.49584147143366,291.5387728570666,298.49584147143366,202.05488189123844,11.380498157200051,-305.8720870282114,89.48389096582814,1.4835499313485485,7.376245556777766
1584.0,21.68499183654785,291.53880998078716,12.864081180074631,-298.4956603724402,291.53880998078716,298.4956603724402,202.05490273841875,11.380531486313753,-305.8719144229667,89.48390724236839,1.483549693760878,7.376254050526478
1592.0,21.794906616210938,291.53851030767515,12.864073221949697,-298.49542254492576,291.53851030767515,298.49542254492576,202.05460421357895,11.380524774510501,-305.87168209226036,89.48390609409618,1.4835484474391958,7.376259547334623
1600.0,21.904821395874023,291.53844567686326,12.864019193377088,-298.49522946738966,291.53844567686326,298.49522946738966,202.05455269575734,11.380470954424894,-305.8714927643226,89.48389298110594,1.483548238952194,7.376263296932946
1608.0,22.014724731445312,291.5384901883968,12.863982334721287,-298.4952735155389,291.5384901883968,298.4952735155389,202.05459491258017,11.380434381073862,-305.87154277803336,89.48389527581662,1.4835479536474252,7.376269262494468
1616.0,22.1246395111084,291.53842756201766,12.86394670723401,-298.49507550829384,291.53842756201766,298.49507550829384,202.05453243158215,11.38039958588184,-305.87135131077457,89.48389513043551,1.483547121352171,7.376275802480736
1624.0,22.23455238342285,291.53856572798054,12.863937575439047,-298.49507993398936,291.53856572798054,298.49507993398936,202.05466029195554,11.380391024004126,-305.87136353446556,89.48390543602501,1.483546551434921,7.376283600476194
1632.0,22.344467163085938,291.53866313485787,12.863957900789924,-298.4950353970775,291.53866313485787,298.4950353970775,202.05474126399972,11.380412255200257,-305.87132657385547,89.48392187085817,1.483545645589667,7.376291176777958
1640.0,22.454381942749023,291.53863554025537,12.863986736718946,-298.49489239648295,291.53863554025537,298.49489239648295,202.05469843960512,11.38044142395192,-305.87119154250496,89.48393710065025,1.483545312767026,7.376299146022024
1648.0,22.564294815063477,291.53842348358387,12.863970468988606,-298.4946409385057,291.53842348358387,298.4946409385057,202.05448640723702,11.380425596625264,-305.8709457602412,89.48393707634688,1.4835448723633433,7.376304821735536
1656.0,22.674209594726562,291.5383716238376,12.863934973532668,-298.4945265450918,291.5383716238376,298.4945265450918,202.05443896447395,11.38039063457316,-305.8708367977333,89.48393265936362,1.4835443389595082,7.376310252641554
1664.0,22.78412437438965,291.53824379018664,12.863905616903075,-298.4943559987071,291.53824379018664,298.4943559987071,202.0543146791405,11.380362183155556,-305.87067166646295,89.48392911104614,1.4835434337475197,7.376315667755893
1672.0,22.894027709960938,291.5381416972334,12.86383364304315,-298.49425248810115,291.5381416972334,298.49425248810115,202.0542224199319,11.380290958004665,-305.87057209673964,89.48391927730151,1.4835426850384856,7.3763196086385
1680.0,23.003942489624023,291.5382796313277,12.86380545280698,-298.494305789784,291.5382796313277,298.494305789784,202.05435923690607,11.380263391282721,-305.87063010748324,89.48392039442167,1.4835420615242592,7.376324317699266
1688.0,23.113855361938477,291.53831145497634,12.863816663172305,-298.49419789962934,291.53831145497634,298.49419789962934,202.05438048288187,11.380275369645245,-305.87052907736654,89.48393097209444,1.483541293527059,7.376331177737216
1696.0,23.223770141601562,291.5383615659525,12.863818164007593,-298.4940922181456,291.5383615659525,298.4940922181456,202.05441889554135,11.380277601216473,-305.87043134936914,89.48394267041121,1.4835405627911205,7.37633913122351
1704.0,23.33368492126465,291.53833927541154,12.863825895188416,-298.49403562597865,291.53833927541154,298.49403562597865,202.05438574199093,11.380285728825196,-305.8703816004842,89.48395353342062,1.483540166363219,7.3763459745055755
1712.0,23.4435977935791,291.5383313755533,12.863821185227696,-298.4939120837875,291.5383313755533,298.4939120837875,202.0543716474588,11.380281684312315,-305.87026436759203,89.48395972809452,1.4835395009153811,7.376352283804529
1720.0,23.553512573242188,291.5382727294819,12.863820125898481,-298.4937476151317,291.5382727294819,298.4937476151317,202.05430604576543,11.38028127129041,-305.8701065742099,89.48396668371646,1.4835388546080717,7.376358959078184
1728.0,23.663427352905273,291.53823591357616,12.86380611333916,-298.49364551948423,291.53823591357616,298.49364551948423,202.05426753360828,11.380267367667003,-305.87001010088505,89.4839683799679,1.4835387456721576,7.376364581400816
1736.0,23.773330688476562,291.5381398737536,12.863812947104583,-298.4934911469416,291.5381398737536,298.4934911469416,202.05417080970005,11.380274809693482,-305.86986132223706,89.48396906405353,1.4835381374111007,7.376370175295463
1744.0,23.88324546813965,291.5379884469448,12.863773450268791,-298.4932973814058,291.5379884469448,298.4932973814058,202.05402582500227,11.380235805916016,-305.86967192868923,89.48396262194252,1.4835376443527766,7.376374547283417
1752.0,23.9931583404541,291.5380647361866,12.86374130604191,-298.4933168989127,291.5380647361866,298.4933168989127,202.05410663671356,11.380204507094993,-305.86969522610934,89.48395809947303,1.483536798946917,7.376378327196605
1760.0,24.103073120117188,291.5381073512566,12.863744140644037,-298.49325470774676,291.5381073512566,298.49325470774676,202.05414086730048,11.380207682144556,-305.86963911632836,89.48396648395612,1.483536458499482,7.376384408581584
1768.0,24.212987899780273,291.53803688362495,12.863736749101692,-298.4930761236117,291.53803688362495,298.4930761236117,202.0540657433445,11.380200980478747,-305.869466295581,89.48397114028043,1.4835357686229451,7.376390171969327
1776.0,24.322900772094727,291.538061183679,12.863741573169728,-298.4930073867443,291.538061183679,298.4930073867443,202.05408493354878,11.380206298180244,-305.86940381301883,89.48397625013021,1.4835352749894837,7.376396426274528
1784.0,24.432815551757812,291.5379889240056,12.863731479021244,-298.49288396157795,291.5379889240056,298.49288396157795,202.05400917153392,11.38019651482952,-305.86928584442495,89.4839797524717,1.483534964191724,7.376401882847022
1792.0,24.5427303314209,291.5379430571693,12.863720583196544,-298.49276734049266,291.5379430571693,298.49276734049266,202.05396343972274,11.380186320181595,-305.8691744658646,89.48397961744655,1.483534263014949,7.376407125371951
1800.0,24.652633666992188,291.5379155813862,12.863701536946186,-298.49263648238394,291.5379155813862,298.49263648238394,202.05393386764916,11.380167829244765,-305.8690491646131,89.48398171373705,1.4835337077014206,7.376412682229166
1808.0,24.762548446655273,291.53783735606726,12.8636902182572,-298.4925185026586,291.53783735606726,298.4925185026586,202.05385519169874,11.380156811617367,-305.8689358226102,89.48398216436851,1.4835334066398351,7.376417319951605
1816.0,24.872461318969727,291.5379917616814,12.863669234318023,-298.4925888936647,291.5379917616814,298.4925888936647,202.05400789302783,11.38013662463766,-305.8690102423328,89.48398386865357,1.4835326096803634,7.376421348668167
1824.0,24.982376098632812,291.53809846207537,12.863720244700627,-298.49255004683437,291.53809846207537,298.49255004683437,202.05409618810182,11.380188111601404,-305.8689775672602,89.48400227397353,1.4835321330992228,7.376427520425782
1832.0,25.0922908782959,291.53796790983677,12.863737234643605,-298.4923586606554,291.53796790983677,298.4923586606554,202.05395767370283,11.38020567301112,-305.8687913394298,89.48401023613391,1.4835315616324842,7.376432678774378
1840.0,25.20220375061035,291.53780752773287,12.86371797281955,-298.4921678435438,291.53780752773287,298.4921678435438,202.05380060742928,11.380186995105689,-305.8686051113619,89.48400692030361,1.483530977713861,7.376437267818089
1848.0,25.312118530273438,291.5376873233207,12.863685197874027,-298.49201725779596,291.5376873233207,298.49201725779596,202.05368905528493,11.38015441225722,-305.8684576230115,89.48399826803578,1.483530785616808,7.376440365215581
1856.0,25.422033309936523,291.5376548371819,12.863638919320302,-298.49195809386345,291.5376548371819,298.49195809386345,202.05366476610033,11.380108430150024,-305.8684008574778,89.48399007108159,1.4835304891702767,7.376442763614378
1864.0,25.531936645507812,291.5378554086974,12.863637630271457,-298.49206302694637,291.5378554086974,298.49206302694637,202.05385853414688,11.380108095874599,-305.86851020204864,89.48399687455051,1.4835295343968578,7.376447175102248
1872.0,25.6418514251709,291.5378713869085,12.863664121947206,-298.4919668026547,291.5378713869085,298.4919668026547,202.05386262995728,11.380135125347417,-305.86841973901477,89.48400875695117,1.48352899659979,7.376452936360076
1880.0,25.75176429748535,291.5377534868845,12.86365837993058,-298.4917501092195,291.5377534868845,298.4917501092195,202.0537404220375,11.380129834608024,-305.86820862844536,89.484013064847,1.483528545322556,7.376458519225878
1888.0,25.861679077148438,291.53767023206393,12.863640974180967,-298.4916715616713,291.53767023206393,298.4916715616713,202.0536584773378,11.380113111524016,-305.86813452357904,89.48401175472613,1.483527862656951,7.376462961907736
1896.0,25.971593856811523,291.5376253814778,12.86361479702475,-298.4915804789873,291.5376253814778,298.4915804789873,202.05361677317785,11.380087141965156,-305.86804722303447,89.48400860829997,1.4835276550595942,7.376466744047136
1904.0,26.081506729125977,291.53760368581663,12.863577743947957,-298.4915097803945,291.53760368581663,298.4915097803945,202.05359694506717,11.380050854555122,-305.86798023872274,89.48400674074945,1.4835268893928335,7.3764704583282334
1912.0,26.191421508789062,291.5376938373082,12.863562301000647,-298.4915444381646,291.5376938373082,298.4915444381646,202.05368090060944,11.38003590868864,-305.8680194047127,89.48401293669876,1.483526392312007,7.376474966548061
1920.0,26.30133628845215,291.53777659534455,12.863575200702298,-298.49150198129956,291.53777659534455,298.49150198129956,202.05375250569926,11.3800489456991,-305.867982617287,89.48402408964526,1.4835262550031985,7.3764806359874235
1928.0,26.411239624023438,291.5377797445952,12.863588900280433,-298.4914470025642,291.5377797445952,298.4914470025642,202.05374480244004,11.380063151065446,-305.86793310156156,89.48403494215515,1.483525749214988,7.376486098997368
1936.0,26.521154403686523,291.5378041405541,12.863612985219538,-298.4913476481667,291.5378041405541,298.4913476481667,202.0537594948196,11.380087519978742,-305.8678383014646,89.48404464573451,1.483525465240796,7.376490653297854
1944.0,26.631067276000977,291.53773956591294,12.86362894951015,-298.49118577702944,291.53773956591294,298.49118577702944,202.0536879762581,11.38010370934001,-305.8676813953974,89.48405158965483,1.4835252401701395,7.376495618368002
1952.0,26.740982055664062,291.5374852643404,12.863600733255463,-298.491006571339,291.5374852643404,298.491006571339,202.05344114988432,11.380076196443646,-305.8675036879185,89.48404411445608,1.4835245368118177,7.376497116579463
1960.0,26.85089683532715,291.53748830603536,12.863558254924722,-298.4909530819819,291.53748830603536,298.4909530819819,202.05345405943655,11.380034009096315,-305.8674525542067,89.4840342465988,1.4835242458284066,7.376499472224793
1968.0,26.9608097076416,291.53759629918596,12.863549048059848,-298.49105034290903,291.53759629918596,298.49105034290903,202.05355931058625,11.38002525429666,-305.8675532002672,89.4840369885997,1.483523793763188,7.376502857358151
1976.0,27.070724487304688,291.5375135056161,12.86353806820163,-298.49085599980293,291.5375135056161,298.49085599980293,202.0534732396515,11.380014735820719,-305.867363462342,89.48404026596462,1.4835233323809098,7.3765074625390685
1984.0,27.180639266967773,291.5374468096418,12.863525989053413,-298.490741212319,291.5374468096418,298.490741212319,202.05340644135282,11.38000286607274,-305.86725298168824,89.48404036828893,1.4835231229806731,7.37651176936922
1992.0,27.290536880493164,291.5374104157372,12.863502782614498,-298.4906572412592,291.5374104157372,298.4906572412592,202.05337108825353,11.379980108643073,-305.86717279946066,89.4840393274837,1.4835226739714251,7.376515558201454
2000.0,27.40045166015625,291.5373959761453,12.863477386280604,-298.490609749395,291.5373959761453,298.490609749395,202.05335694174502,11.379955273488092,-305.86712915931605,89.4840390344003,1.4835221127925124,7.376519409921086
2008.0,27.510366439819336,291.537436889261,12.86345073892387,-298.49060131443275,291.537436889261,298.49060131443275,202.05339589896641,11.37992937266381,-305.86712417145134,89.48404099029457,1.483521366260061,7.376522857018589
2016.0,27.62027931213379,291.53753523995965,12.863449193480744,-298.4906355104686,291.53753523995965,298.4906355104686,202.0534842748849,11.379927971932796,-305.8671634209882,89.48405096507477,1.483521221547948,7.376527910519577
2024.0,27.730194091796875,291.5375609710451,12.863458642556846,-298.49058518813234,291.5375609710451,298.49058518813234,202.0534997512511,11.37993791843574,-305.8671178982865,89.484061219794,1.4835207241211061,7.376532710154171
2032.0,27.84010887145996,291.53759225940337,12.863468917386903,-298.4905097471685,291.53759225940337,298.4905097471685,202.05352096514252,11.37994866582926,-305.86704685162385,89.48407129426081,1.4835202515576418,7.376537104455309
2040.0,27.950021743774414,291.5375899038701,12.863488518936727,-298.49043715939405,291.5375899038701,298.49043715939405,202.05351010018748,11.379968707981767,-305.86697833532725,89.48407980368266,1.4835198109549603,7.376541175933214
2048.0,28.0599365234375,291.53748791776195,12.863490108200457,-298.4902816992897,291.53748791776195,298.4902816992897,202.0534047977663,11.379970691003674,-305.86682668945645,89.48408311999563,1.4835194171967836,7.376544990166753
2056.0,28.169836044311523,291.5373958137792,12.86347431913284,-298.4901623899479,291.5373958137792,298.4901623899479,202.05331470980968,11.379955399820965,-305.86671112011993,89.48408110396949,1.4835189193118743,7.376548730172045
2064.0,28.279748916625977,291.5373226618088,12.863465644625942,-298.4900456560097,291.5373226618088,298.4900456560097,202.05324548629434,11.379946914906348,-305.8665972011312,89.48407717551444,1.4835187297195929,7.376551545121458
2072.0,28.389663696289062,291.53727218678694,12.863452723955225,-298.48994922300705,291.53727218678694,298.48994922300705,202.0531993926748,11.379934759383993,-305.8665037774279,89.48407279411217,1.483517964571232,7.376554554420883
2080.0,28.49957847595215,291.53720143438693,12.863428461437167,-298.4899023925077,291.53720143438693,298.4899023925077,202.05313286639432,11.379910626979772,-305.8664590666134,89.48406856799261,1.4835178344573954,7.376556674105673
2088.0,28.6094913482666,291.5372064770843,12.863397704241327,-298.48990091434587,291.5372064770843,298.48990091434587,202.05314411772946,11.379880093920946,-305.86645892857723,89.48406235935482,1.4835176103203813,7.3765580142313905
2096.0,28.719406127929688,291.53731212901187,12.863377522193455,-298.48992540132116,291.53731212901187,298.48992540132116,202.05324569000362,11.379860641164619,-305.8664867876478,89.48406643900822,1.4835168810288362,7.376561386326591
2104.0,28.829320907592773,291.5372723939227,12.863384279327004,-298.489797672754,291.5372723939227,298.489797672754,202.05319997494493,11.379867760537957,-305.8663627963777,89.48407241897779,1.4835165187890471,7.3765651236237115
2112.0,28.939233779907227,291.5372336703821,12.863373296736734,-298.4897215652413,291.5372336703821,298.4897215652413,202.05315760994904,11.379857243425217,-305.86629112120835,89.48407606043301,1.4835160533115164,7.376569555967009
2120.0,29.049148559570312,291.5372236801276,12.863348875424284,-298.48969027398397,291.5372236801276,298.48969027398397,202.05314538272182,11.379832964841695,-305.86626329963207,89.48407829740582,1.4835159105825888,7.376573025648106
2128.0,29.1590633392334,291.5372674757209,12.86334164214097,-298.4896420832459,291.5372674757209,298.4896420832459,202.05318428090334,11.379826381011227,-305.8662192123596,89.4840831948176,1.4835152611297415,7.376577129113759
2136.0,29.26897621154785,291.5373255203664,12.863341303272495,-298.4896585957095,291.5373255203664,298.4896585957095,202.05323344613112,11.379826240972829,-305.8662395366158,89.48409207423526,1.4835150622996673,7.376580940906294
2144.0,29.378890991210938,291.53721238866876,12.863328943138312,-298.4895057184453,291.53721238866876,298.4895057184453,202.0531161190004,11.379814250622267,-305.8660902080337,89.48409626966836,1.483514692516044,7.376584489588447
2152.0,29.488805770874023,291.53718515585285,12.863311651405063,-298.48944608331664,291.53718515585285,298.48944608331664,202.0530897940901,11.37979732877499,-305.86603357090496,89.48409536176275,1.4835143226300735,7.376587487588342
2160.0,29.598718643188477,291.53723916014735,12.863309655892188,-298.48947711460306,291.53723916014735,298.48947711460306,202.05313940630836,11.379795407136656,-305.866068269218,89.48409975383896,1.4835142487555317,7.376591154614898
2168.0,29.708633422851562,291.5371770821266,12.863306811583449,-298.48932901778977,291.5371770821266,298.48932901778977,202.053073540808,11.379793096968868,-305.86592386585977,89.48410354131866,1.4835137146145807,7.376594848069972
2176.0,29.81854820251465,291.537140027304,12.863298000810907,-298.4892806006146,291.537140027304,298.4892806006146,202.05303698048243,11.379784883114711,-305.86587900385007,89.48410304682159,1.483513117696197,7.376598403235448
2184.0,29.928438186645508,291.5370834715651,12.863290605460698,-298.4891780625107,291.5370834715651,298.4891780625107,202.0529816417952,11.379777854814998,-305.8657789875985,89.48410182976991,1.4835127506456993,7.376600925087841
2192.0,30.038354873657227,291.5370599947561,12.863268216655873,-298.48913101121366,291.5370599947561,298.48913101121366,202.05295991968063,11.379756180942309,-305.86573474511187,89.48410007507546,1.4835120357135643,7.376603733898227
2200.0,30.14826774597168,291.53708953877583,12.86325742910465,-298.4891097237791,291.53708953877583,298.4891097237791,202.05298936169856,11.379746110089394,-305.8657156991736,89.48410017707725,1.4835113190152556,7.376605975394501
2208.0,30.2581844329834,291.5371425459253,12.863270036343184,-298.4891050802837,291.5371425459253,298.4891050802837,202.0530365312699,11.379758926865119,-305.8657143601148,89.4841060146554,1.4835111094780655,7.376609279831097
2216.0,30.36809730529785,291.53712694321496,12.863265999604566,-298.4890131655476,291.53712694321496,298.4890131655476,202.0530160879568,11.379755046730782,-305.86562617767044,89.4841108552582,1.4835109528737844,7.376613012122823
2224.0,30.478012084960938,291.5371083601752,12.863283080301837,-298.4889304747546,291.5371083601752,298.4889304747546,202.05299351716005,11.379772863825911,-305.86554717722504,89.48411484301515,1.483510216475925,7.376616702470409
2232.0,30.587926864624023,291.537077449531,12.863281984989817,-298.48887543768114,291.537077449531,298.48887543768114,202.05296066808623,11.379771915477995,-305.8654949194996,89.48411678144481,1.4835100695118217,7.376619481818453
2240.0,30.697839736938477,291.5370237025376,12.863271984858201,-298.4887835021511,291.5370237025376,298.4887835021511,202.05290805066812,11.379762269619,-305.8654054920075,89.4841156518695,1.4835097152392016,7.37662198985638
2248.0,30.807754516601562,291.53698370146367,12.863261310363553,-298.4887432348672,291.53698370146367,298.4887432348672,202.0528699312611,11.379751966677436,-305.86536741674195,89.48411377020257,1.483509343686118,7.376624181874796
2256.0,30.91766929626465,291.53695168205127,12.863248875004693,-298.48866127959,291.53695168205127,298.48866127959,202.05283960991883,11.379739823295271,-305.86528723502033,89.48411207213243,1.4835090517094223,7.376625955430317
2264.0,31.0275821685791,291.5369559920804,12.863245988199624,-298.488639030606,291.5369559920804,298.488639030606,202.0528441733683,11.379737189957499,-305.86526762774236,89.48411181871211,1.4835087982421251,7.3766285971363335
2272.0,31.137496948242188,291.536942084496,12.863234985391536,-298.488612060993,291.536942084496,298.488612060993,202.05282997300498,11.379726470636367,-305.86524304470754,89.48411211149099,1.4835085147551692,7.37663098371454
2280.0,31.247411727905273,291.53691664471677,12.863219523036559,-298.4885325185389,291.53691664471677,298.4885325185389,202.0528037182953,11.379711108610932,-305.8651660694693,89.48411292642146,1.4835084144256272,7.376633550930407
2288.0,31.357324600219727,291.5368973883724,12.863208020783391,-298.48847799569864,291.5368973883724,298.48847799569864,202.05278364551188,11.379700281090933,-305.8651143252476,89.48411374286053,1.4835077396924576,7.376636329548916
2296.0,31.467241287231445,291.53699263229225,12.863215421822218,-298.4885111509866,291.53699263229225,298.4885111509866,202.05287387225997,11.379707742821324,-305.8651504474783,89.48411876003229,1.483507679000894,7.376639296491717
2304.0,31.57715606689453,291.53706081946285,12.86323499819562,-298.488537807149,291.53706081946285,298.488537807149,202.05293257328742,11.379727539768066,-305.86517971352464,89.48412824617543,1.4835074584275547,7.376641906375644
2312.0,31.687042236328125,291.5370149124442,12.863251810666242,-298.48839993334553,291.5370149124442,298.48839993334553,202.0528811137903,11.379744409015789,-305.8650451630128,89.48413379865389,1.4835074016504524,7.3766452296672735
2320.0,31.79695701599121,291.53696629071607,12.863260964054627,-298.4882861183203,291.53696629071607,298.4882861183203,202.05282866338928,11.379753951109269,-305.86493445151643,89.48413762732679,1.4835070129453578,7.3766483331961314
2328.0,31.906869888305664,291.5369129872986,12.863264281436605,-298.4882170749923,291.5369129872986,298.4882170749923,202.05277563002215,11.379757199842551,-305.86486748182136,89.48413735727647,1.4835070815940532,7.376650406829095
2336.0,32.01678466796875,291.5368479325539,12.863253898934449,-298.4881335291362,291.5368479325539,298.4881335291362,202.05271323042626,11.37974697192799,-305.864786438512,89.48413470212762,1.483506927006459,7.3766529093758155
2344.0,32.1266975402832,291.53684134512713,12.86324285218423,-298.4881407896669,291.53684134512713,298.4881407896669,202.0527097771971,11.37973650248317,-305.8647947539849,89.48413156793004,1.483506349701061,7.376653964318008
2352.0,32.23661422729492,291.5368115630971,12.863235053638443,-298.48804644764334,291.5368115630971,298.48804644764334,202.05268141188884,11.379728996286072,-305.86470274053204,89.48413015120828,1.48350605735237,7.376656292888725
2360.0,32.34653091430664,291.5367989322525,12.86322750446531,-298.488021192074,291.5367989322525,298.488021192074,202.05266973379912,11.37972179806555,-305.86467904360063,89.48412919845339,1.4835057063997614,7.376657851526671
2368.0,32.456443786621094,291.53677558866275,12.863213995507408,-298.48796946878576,291.53677558866275,298.48796946878576,202.0526460373713,11.379708484008752,-305.8646295310017,89.48412955129143,1.4835055114986562,7.376660062215922
2376.0,32.56635665893555,291.5368164792921,12.8632138566625,-298.4879497192031,291.5368164792921,298.4879497192031,202.0526858080117,11.37970870454293,-305.86461239516336,89.4841306712804,1.48350515211957,7.3766626759603025
2384.0,32.676273345947266,291.5368980042099,12.863215445657566,-298.4879462218746,291.5368980042099,298.4879462218746,202.0527612114933,11.379710419209959,-305.864611858648,89.48413679271655,1.4835050264476077,7.37666563677341
2392.0,32.78618621826172,291.5368908174064,12.863230138073895,-298.4879361284207,291.5368908174064,298.4879361284207,202.05274825548744,11.37972509068828,-305.8646045021131,89.48414256191894,1.4835050473856142,7.376668373692409
2400.0,32.89609909057617,291.5368406838503,12.863221584713312,-298.4878190539712,291.5368406838503,298.4878190539712,202.05269569871177,11.379716851929839,-305.8644901456237,89.48414498513854,1.483504732783472,7.376671091652506
2408.0,33.00601577758789,291.53679263377876,12.863208738858374,-298.48775751467247,291.53679263377876,298.48775751467247,202.05264726376626,11.379704612102811,-305.8644310482232,89.48414537001253,1.4835041267555629,7.376673533550749
2416.0,33.115928649902344,291.53677594614055,12.863212437143307,-298.48770687480004,291.53677594614055,298.48770687480004,202.05263064341364,11.379708339115702,-305.86438261178546,89.48414530272694,1.4835040980276064,7.376675736985429
2424.0,33.2258415222168,291.53674364625783,12.863202983153599,-298.48764861292426,291.53674364625783,298.48764861292426,202.05259931672603,11.379699546296495,-305.8643261036342,89.48414432953179,1.4835034368571045,7.376677490709957
2432.0,33.335758209228516,291.53672236864554,12.863190496921588,-298.4876238518032,291.53672236864554,298.4876238518032,202.05257829815974,11.379686891279883,-305.86430299418515,89.48414407048577,1.4835036056417044,7.376679142381939
2440.0,33.445648193359375,291.5367022783128,12.86318418937573,-298.4875855168862,291.5367022783128,298.4875855168862,202.05255890106204,11.379681038816006,-305.8642664502136,89.48414337725077,1.4835031505597227,7.376680933327423
2448.0,33.55556106567383,291.53667943087873,12.863153258853654,-298.487531471387,291.53667943087873,298.487531471387,202.05253616903622,11.379650608495306,-305.8642146564114,89.4841432618425,1.4835026503583473,7.37668318502437
2456.0,33.66547775268555,291.5366836456297,12.86314753765192,-298.487544674863,291.5366836456297,298.487544674863,202.05253989293595,11.379645279372124,-305.86422968367486,89.48414375269373,1.483502258279797,7.376685008811866
2464.0,33.775390625,291.53665648557063,12.863130670723839,-298.48748457657047,291.53665648557063,298.48748457657047,202.05251179949235,11.379628852964123,-305.8641715439232,89.4841446860783,1.4835018177597168,7.376686967352717
2472.0,33.88530349731445,291.53664676964024,12.863108103551806,-298.4874621682498,291.53664676964024,298.4874621682498,202.05250187115155,11.379606615413378,-305.864150611151,89.48414489848867,1.4835014881384276,7.37668844290118
2480.0,33.99522018432617,291.5367516513139,12.86311052985629,-298.48751111231263,291.5367516513139,298.48751111231263,202.0526022976859,11.379609094660927,-305.8642019215744,89.48414935362806,1.4835014351953626,7.376690809261792
2488.0,34.105133056640625,291.5368640072097,12.863133069760718,-298.487540633421,291.5368640072097,298.487540633421,202.0527024892828,11.379632027377285,-305.86423444098773,89.4841615179269,1.4835010423834332,7.3766938075667365
2496.0,34.21504592895508,291.5368472155776,12.863155850627779,-298.48745434131547,291.5368472155776,298.48745434131547,202.05267636041452,11.379655272627142,-305.8641509988407,89.48417085516311,1.4835005780006365,7.376696657525256
2504.0,34.3249626159668,291.5367851078237,12.863172062843176,-298.4873770708507,291.5367851078237,298.4873770708507,202.05261104345772,11.379671364252735,-305.8640751110404,89.48417406436594,1.4835006985904409,7.376698040189686
2512.0,34.43487548828125,291.5367225508195,12.863164529861308,-298.4872706129154,291.5367225508195,298.4872706129154,202.05254909581203,11.37966412917837,-305.863971003812,89.4841734550075,1.4835004006829395,7.376700390896673
2520.0,34.5447883605957,291.53667635918293,12.863152197479598,-298.4872435151877,291.53667635918293,298.4872435151877,202.0525047181154,11.379652483782792,-305.8639455716128,89.48417164106758,1.4834997136968067,7.376702056425127
2528.0,34.65470504760742,291.53666996294567,12.863152303525052,-298.4871935982151,291.53666996294567,298.4871935982151,202.05249966425217,11.379652410982501,-305.86389783916616,89.48417029869353,1.4834998925425502,7.376704240951063
2536.0,34.764617919921875,291.53670032662745,12.863152184453675,-298.48718359222784,291.53670032662745,298.48718359222784,202.05252890907823,11.3796527298538,-305.8638896827486,89.48417141754922,1.4834994545998748,7.376706090520796
2544.0,34.87453079223633,291.5366435854547,12.86316330987838,-298.4870654043606,291.5366435854547,298.4870654043606,202.05247142571608,11.37966417324329,-305.863774236234,89.48417215973863,1.48349913663509,7.376708831873411
2552.0,34.98444747924805,291.5366141768986,12.86316464657854,-298.4870330336513,291.5366141768986,298.4870330336513,202.052443166919,11.37966549874622,-305.8637429099662,89.48417100997958,1.483499147832318,7.376709876314942
2560.0,35.0943603515625,291.53659316822063,12.863153297063416,-298.48700016779355,291.53659316822063,298.48700016779355,202.05242421060058,11.379654805605487,-305.86371146310705,89.48416895762006,1.4834984914579301,7.376711295313486
2568.0,35.20425033569336,291.53656911850646,12.863145390206654,-298.4869376215038,291.53656911850646,298.4869376215038,202.05240164217744,11.379646736904148,-305.86365076393514,89.48416747632899,1.483498653302506,7.376713142431374
2576.0,35.31416702270508,291.5365607045881,12.863137610292835,-298.486917789331,291.5365607045881,298.486917789331,202.05239352354937,11.379639303846721,-305.8636321266514,89.48416718103874,1.4834983064461131,7.376714337320356
2584.0,35.42407989501953,291.53655725539414,12.863138017516164,-298.4868898513796,291.53655725539414,298.4868898513796,202.0523902561864,11.379640027224841,-305.8636057401674,89.48416699920773,1.4834979902913235,7.376715888787784
2592.0,35.533992767333984,291.5365426535987,12.863128234789782,-298.4868558443922,291.5365426535987,298.4868558443922,202.05237557497583,11.379630491223416,-305.86357296244444,89.48416707862287,1.483497743566365,7.376717118052222
2600.0,35.6439094543457,291.5366015654772,12.863130432493447,-298.4868730981043,291.5366015654772,298.4868730981043,202.0524325216033,11.379632872527937,-305.863591781828,89.48416904387392,1.4834975599655096,7.3767186837237375
2608.0,35.753822326660156,291.536674392229,12.86313923164681,-298.48688646912433,291.536674392229,298.48688646912433,202.05249910810645,11.379641968005473,-305.8636073998548,89.48417528412256,1.4834972636413375,7.376720930730498
2616.0,35.86373519897461,291.5366864714293,12.863156511607476,-298.486869694693,291.5366864714293,298.486869694693,202.05250449626112,11.379659656679713,-305.8635928641745,89.48418197516816,1.4834968549277634,7.376723169481519
2624.0,35.97365188598633,291.53661145731394,12.86315480618092,-298.4867430595801,291.53661145731394,298.4867430595801,202.0524263257293,11.379658134715724,-305.8634681151297,89.48418513158461,1.4834966714651963,7.376725055549616
2632.0,36.08356475830078,291.5365803372179,12.863160508423945,-298.4866943805298,291.5365803372179,298.4866943805298,202.05239507572847,11.379664040163005,-305.8634214288372,89.48418526148944,1.4834964682609408,7.376727048307437
2640.0,36.193477630615234,291.5365712752067,12.863153794868788,-298.48665991162994,291.5365712752067,298.48665991162994,202.05238633924432,11.37965756874886,-305.8633883030574,89.48418493596239,1.4834962261199292,7.376728391427446
2648.0,36.30339431762695,291.53653786890266,12.86314990671012,-298.4866111868995,291.53653786890266,298.4866111868995,202.05235334146707,11.379653800285578,-305.86334130480674,89.48418452743562,1.4834961064245433,7.376730117907225
2656.0,36.413307189941406,291.5365173534576,12.863148560877153,-298.486578637384,291.5365173534576,298.486578637384,202.05233386920963,11.379652823537631,-305.86331008560944,89.48418348424795,1.4834957373395223,7.3767314482254385
2664.0,36.523223876953125,291.53650113250006,12.863142074242967,-298.4865486337413,291.53650113250006,298.4865486337413,202.05231814852613,11.379646188872389,-305.8632816333619,89.48418298397394,1.4834958853705777,7.3767329996206135
2672.0,36.63313674926758,291.53648016709883,12.863134610938605,-298.4864879961252,291.53648016709883,298.4864879961252,202.0522975659886,11.379639059373968,-305.86322226694483,89.48418260111026,1.4834955515646369,7.376734270819588
2680.0,36.7430534362793,291.53648756573705,12.863125380804387,-298.48647730835836,291.53648756573705,298.48647730835836,202.0523053238756,11.379629837634367,-305.86321291796247,89.48418224186145,1.4834955431700196,7.376735609604092
2688.0,36.85296630859375,291.53649347012583,12.863121908233904,-298.48648730930506,291.53649347012583,298.48648730930506,202.05231051798552,11.379626907788204,-305.86322408128126,89.48418295214033,1.4834950004456995,7.376736771976196
2696.0,36.96285629272461,291.53649538941477,12.863114640526877,-298.48647415880436,291.53649538941477,298.48647415880436,202.0523118056494,11.379619806439896,-305.86321366157983,89.4841835837654,1.483494834086982,7.376739502775502
2704.0,37.07276916503906,291.53648371312397,12.863113230314898,-298.4864436111295,291.53648371312397,298.4864436111295,202.0522987546899,11.379618331447316,-305.8631843617762,89.4841849584341,1.4834948988675816,7.376740750646669
2712.0,37.182682037353516,291.53645206586316,12.863102420652204,-298.486372990699,291.53645206586316,298.486372990699,202.05226578334424,11.379607732582553,-305.86311549883567,89.48418628251889,1.4834946880696505,7.3767425081366484
2720.0,37.292598724365234,291.5363946558614,12.863080237309024,-298.4863226041323,291.5363946558614,298.4863226041323,202.05221051481607,11.379585801951734,-305.86306576947186,89.48418414104532,1.48349443535729,7.376743165339588
2728.0,37.40251159667969,291.5364191481835,12.863067875818276,-298.486336296131,291.5364191481835,298.486336296131,202.05223501051918,11.379573806829443,-305.86308079228377,89.48418413766431,1.4834940689888325,7.376744496152744
2736.0,37.51242446899414,291.53645774431925,12.863052172665913,-298.48635296201354,291.53645774431925,298.48635296201354,202.05227122943143,11.379558432892303,-305.86309901833727,89.4841865148878,1.4834937397736097,7.376746056323746
2744.0,37.62234115600586,291.5364347183829,12.863054529101106,-298.4862749781509,291.5364347183829,298.4862749781509,202.05224546409897,11.379560996914366,-305.86302333071507,89.48418925428396,1.483493532186741,7.376748352564162
2752.0,37.73225402832031,291.5364512542056,12.863047673547248,-298.4863268897002,291.5364512542056,298.4863268897002,202.0522598839019,11.379554348616752,-305.8630762969666,89.48419137030368,1.4834933249304956,7.376749407266424
2760.0,37.842166900634766,291.5364294294289,12.863032970582996,-298.48624570727,291.5364294294289,298.48624570727,202.05223697701126,11.379539778584187,-305.8629967613082,89.48419245241762,1.4834931919988088,7.376751054038203
2768.0,37.952083587646484,291.5364164530276,12.863022079266967,-298.48622754963435,291.5364164530276,298.48622754963435,202.05222283468072,11.379528968831359,-305.8629804499661,89.48419361834686,1.4834931104356082,7.376752900331715
2776.0,38.06199645996094,291.53640911380734,12.86300402726166,-298.48622958329753,291.53640911380734,298.48622958329753,202.0522148552685,11.379511389326607,-305.8629837783996,89.48419425853885,1.483492637935052,7.376754195102096
2784.0,38.17190933227539,291.5363815101444,12.8629920803889,-298.48615910800805,291.5363815101444,298.48615910800805,202.05218695435977,11.379499466469538,-305.8629150566591,89.48419455578463,1.4834926139193614,7.376755948651039
2792.0,38.28182601928711,291.53637202339604,12.862984875369778,-298.4861929216155,291.53637202339604,298.4861929216155,202.0521766811513,11.379492624584097,-305.8629497860027,89.48419534224475,1.4834922507856796,7.376756864387149
2800.0,38.39173889160156,291.53636400434164,12.862959233887619,-298.48614018767074,291.53636400434164,298.48614018767074,202.05216832906592,11.379467328796974,-305.86289843411134,89.4841956752757,1.483491905090644,7.376758246440598
2808.0,38.501651763916016,291.53636321844994,12.862952370051289,-298.48614269014354,291.53636321844994,298.48614269014354,202.0521666694583,11.37946089398627,-305.86290185439435,89.48419654899163,1.4834914760650193,7.376759164250802
2816.0,38.611568450927734,291.536340050991,12.86293805766507,-298.4861273432687,291.536340050991,298.4861273432687,202.05214236532538,11.379447012881766,-305.8628882917126,89.4841976856656,1.4834910447833056,7.376760948443847
2824.0,38.721458435058594,291.53634108549124,12.862926006238993,-298.4861436799245,291.53634108549124,298.4861436799245,202.05214235023521,11.379434903885965,-305.86290594582005,89.48419873525606,1.4834911023530282,7.37676226589553
2832.0,38.83137130737305,291.5363341739992,12.862902819913685,-298.486129086238,291.5363341739992,298.486129086238,202.05213555203107,11.379412229357035,-305.8628925576408,89.48419862196809,1.4834905905566504,7.376763471402796
2840.0,38.941287994384766,291.53630353304874,12.86288107610806,-298.48608180179156,291.53630353304874,298.48608180179156,202.0521046514475,11.379390582077459,-305.86284621382896,89.48419888160123,1.4834904940306008,7.3767644120373905
2848.0,39.05120086669922,291.5363001713139,12.862866481278031,-298.48607463311663,291.5363001713139,298.48607463311663,202.05210104090312,11.379376137096976,-305.86284058473484,89.48419913041076,1.4834903441810547,7.376765951618234
2856.0,39.16111755371094,291.536286758471,12.862847625114899,-298.4860696307678,291.536286758471,298.4860696307678,202.05208704518347,11.37935773269421,-305.862836673265,89.48419971328754,1.4834898924206898,7.376767042497218
2864.0,39.27103042602539,291.5362866143254,12.86283546703443,-298.4860738532526,291.5362866143254,298.4860738532526,202.0520861075268,11.379345806403695,-305.86284198432486,89.48420050679857,1.4834896606307337,7.376768131072268
2872.0,39.380943298339844,291.53628000805065,12.862821736179594,-298.4860587908414,291.53628000805065,298.4860587908414,202.0520785366757,11.379332120944476,-305.8628282088654,89.48420147137492,1.4834896152351191,7.376769418023973
2880.0,39.4908561706543,291.5362890250847,12.862803560999684,-298.4860652703114,291.5362890250847,298.4860652703114,202.05208680109232,11.379313787599843,-305.8628362187854,89.48420222399241,1.4834897733998398,7.376770948473962
2888.0,39.600772857666016,291.5362442661808,12.862787921718672,-298.4860016477132,291.5362442661808,298.4860016477132,202.0520408994618,11.37929842664564,-305.8627739514497,89.48420336671904,1.4834894950730324,7.376772303736523
2896.0,39.71068572998047,291.53625481880755,12.862768288269624,-298.48603331382367,291.53625481880755,298.48603331382367,202.05205070141758,11.379278931142927,-305.8628064890851,89.48420411738996,1.4834893571266958,7.376773175261403
2904.0,39.82060241699219,291.5362350622597,12.862744072419714,-298.4859971379298,291.5362350622597,298.4859971379298,202.05203067824092,11.379255116616031,-305.8627715119653,89.48420438401882,1.4834889558036826,7.376774374035492
2912.0,39.93051528930664,291.53623041234897,12.862728399187864,-298.48602132481653,291.53623041234897,298.48602132481653,202.0520255161946,11.379239593968292,-305.8627965827565,89.4842048961544,1.4834888052195718,7.376775257939975
2920.0,40.04043197631836,291.53621433496176,12.862705721070075,-298.485993591826,291.53621433496176,298.485993591826,202.0520088953989,11.379217133531895,-305.8627699768281,89.48420543956283,1.4834885875381785,7.376776385002093
2928.0,40.15034484863281,291.5362124182283,12.862681667339722,-298.486015485613,291.5362124182283,298.486015485613,202.05200650181595,11.379193610380401,-305.86279359029436,89.48420591641235,1.4834880569593205,7.376778104681391
2936.0,40.260257720947266,291.5362008137639,12.862668057462562,-298.4859983937274,291.5362008137639,298.4859983937274,202.05199412308332,11.379179780701776,-305.86277756526977,89.48420669068062,1.4834882767607867,7.37677917154234
2944.0,40.370174407958984,291.5362024044183,12.862639038782532,-298.48600672347186,291.5362024044183,298.48600672347186,202.05199511846104,11.379150951889994,-305.86278687575725,89.48420728595727,1.483488086892538,7.376780152285389
2952.0,40.480064392089844,291.5362075224706,12.862623381608936,-298.4860126548412,291.5362075224706,298.4860126548412,202.05199943432103,11.379135609060448,-305.86279391686105,89.48420808814954,1.483487772548488,7.376781262019855
2960.0,40.5899772644043,291.5361803408714,12.862616821113976,-298.4859895051507,291.5361803408714,298.4859895051507,202.05197169672763,11.379129001626549,-305.8627716773733,89.48420864414379,1.4834878194874277,7.37678217222258
2968.0,40.699893951416016,291.5361620797976,12.86258930249409,-298.4859589191791,291.5361620797976,298.4859589191791,202.05195287350938,11.379101527275584,-305.86274231466723,89.48420920628823,1.4834877752185072,7.376783395488111
2976.0,40.80980682373047,291.5361480384903,12.862561884440424,-298.48594239339894,291.5361480384903,298.48594239339894,202.05193808623358,11.379074374371337,-305.8627270137361,89.48420995225675,1.4834875100690885,7.376784620337155
2984.0,40.91971969604492,291.5361555179891,12.862550141865754,-298.4859702659137,291.5361555179891,298.4859702659137,202.05194461560765,11.37906296082753,-305.86275587464525,89.48421090238139,1.4834871810382233,7.376785608731577
2992.0,41.02963638305664,291.5361393830278,12.862529408966642,-298.4859895081309,291.5361393830278,298.4859895081309,202.05192831228084,11.379042098889588,-305.8627763452945,89.48421107074694,1.4834873100770538,7.3767868371635945
3000.0,41.139549255371094,291.5361224521355,12.86250086847966,-298.48596346645536,291.5361224521355,298.48596346645536,202.0519114588389,11.379013688376356,-305.8627512213501,89.48421099329656,1.483487180103304,7.376787754894753
3008.0,41.24946212768555,291.5361054391402,12.862481155388572,-298.48595278544036,291.5361054391402,298.48595278544036,202.05189370940533,11.37899420202675,-305.86274145553205,89.48421172973491,1.483486953361823,7.376788670091664
3016.0,41.359378814697266,291.5361157196198,12.862457960819652,-298.48600160513075,291.5361157196198,298.48600160513075,202.05190397366363,11.378970823247844,-305.8627911353149,89.48421174595616,1.483487137571809,7.376789530184161
3024.0,41.469295501708984,291.53609667585397,12.862430819493152,-298.48596837517607,291.53609667585397,298.48596837517607,202.0518845445532,11.378944377239808,-305.86275898605214,89.48421213130081,1.4834864422533434,7.3767906108760695
3032.0,41.57920837402344,291.53609385936824,12.86240415691963,-298.48597720784045,291.53609385936824,298.48597720784045,202.05188127258538,11.378918271482831,-305.86276836884934,89.48421258678287,1.4834858854367985,7.376791161008889
3040.0,41.68912124633789,291.5361482383436,12.86239271723112,-298.48602323885814,291.5361482383436,298.48602323885814,202.05193339395302,11.3789069171142,-305.8628155128446,89.4842148443906,1.4834858001169196,7.3767922739864495
3048.0,41.79903793334961,291.5362535518343,12.862397572746856,-298.4861065211202,291.5362535518343,298.4861065211202,202.0520311036015,11.378912087614951,-305.86290071909696,89.48422244823277,1.4834854851319046,7.376794197976794
3056.0,41.90895080566406,291.53627371034844,12.862406805313837,-298.48609864228445,291.53627371034844,298.48609864228445,202.05204202616844,11.378921537375364,-305.8628941121628,89.48423168418,1.4834852679384738,7.376795469878374
3064.0,42.018863677978516,291.5362778503816,12.862401801880509,-298.4860849942792,291.5362778503816,298.4860849942792,202.0520411959867,11.378916699661104,-305.86288191046594,89.48423665439492,1.4834851022194036,7.3767969161867235
3072.0,42.128780364990234,291.536252782046,12.862414122061178,-298.486042147825,291.536252782046,298.486042147825,202.05201269118982,11.378928987161164,-305.8628401027875,89.4842400908562,1.4834851349000155,7.376797954962491
3080.0,42.23866653442383,291.53624460418985,12.862411692125217,-298.48601994773145,291.53624460418985,298.48601994773145,202.05200284579865,11.3789266867681,-305.8628185635615,89.4842417583912,1.4834850053571171,7.376798615830057
3088.0,42.34858322143555,291.53622182139475,12.862421745166788,-298.48597209322645,291.53622182139475,298.48597209322645,202.05197929695433,11.37893655946266,-305.86277178800117,89.48424252444039,1.483485185704127,7.376799694774745
3096.0,42.458499908447266,291.5362025768289,12.86242381337661,-298.4859493680834,291.5362025768289,298.4859493680834,202.0519590916893,11.378938767147876,-305.8627501421117,89.48424348513959,1.4834850462287346,7.376800774028277
3104.0,42.56841278076172,291.53619133937946,12.86242966212749,-298.48590949615027,291.53619133937946,298.48590949615027,202.0519478252997,11.378945043410418,-305.8627110981314,89.4842435140798,1.483484618717072,7.376801601981111
3112.0,42.67832565307617,291.5361745279928,12.86243895253778,-298.48588744495885,291.5361745279928,298.48588744495885,202.05193140243998,11.378954198980708,-305.86268994557474,89.48424312555284,1.4834847535570708,7.3768025006159235
3120.0,42.788238525390625,291.5361741924862,12.862431835311485,-298.48587111991367,291.5361741924862,298.48587111991367,202.05193119966654,11.378947233921656,-305.862674032719,89.48424299281969,1.4834846013898286,7.376802912805323
3128.0,42.89815139770508,291.53610300877403,12.862437603085077,-298.4858170985945,291.53610300877403,298.4858170985945,202.05186112353942,11.378953261225375,-305.8626209954841,89.48424188523462,1.4834843418597023,7.376803896889593
3136.0,43.0080680847168,291.53591417983057,12.862402075240789,-298.4857672084668,291.53591417983057,298.4857672084668,202.0516848676885,11.378917456090582,-305.8625679154784,89.4842293121421,1.4834846191502074,7.37680070701157
3144.0,43.11798095703125,291.5360384674978,12.862353328435198,-298.48588494042195,291.5360384674978,298.48588494042195,202.05181595346772,11.37886903217767,-305.86268433090913,89.48422251403008,1.4834842962575268,7.376799390487182
3152.0,43.227901458740234,291.53624383251554,12.86236947372969,-298.48601739996553,291.53624383251554,298.48601739996553,202.0520116835089,11.378885140795509,-305.8628183266845,89.48423214900664,1.4834843329341796,7.376800926718964
3160.0,43.33781433105469,291.5363110545842,12.862392792601762,-298.4859896527209,291.5363110545842,298.4859896527209,202.05206622051526,11.37890860566085,-305.8627932173726,89.48424483406896,1.4834841869409114,7.376803564651718
3168.0,43.44772720336914,291.5363189046407,12.86241864185239,-298.4859241808081,291.5363189046407,298.4859241808081,202.05206504242778,11.378934380077931,-305.86272958999194,89.48425386221294,1.4834842617744592,7.3768054091838255
3176.0,43.55764389038086,291.53635078625666,12.86243658251249,-298.4859423567938,291.53635078625666,298.4859423567938,202.05209009591908,11.378952653804019,-305.8627487914398,89.4842606903376,1.4834839287084718,7.376806434645991
3184.0,43.66755676269531,291.5363692274401,12.862442408690663,-298.4859638588505,291.5363692274401,298.4859638588505,202.05210360817628,11.378958350731121,-305.8627711836628,89.48426561926385,1.4834840579595419,7.376807324812319
3192.0,43.777469635009766,291.5363334448946,12.862453281686765,-298.48586949396093,291.5363334448946,298.48586949396093,202.0520637673987,11.378969029429518,-305.8626782313795,89.48426967749589,1.4834842522572471,7.376808737418549
3200.0,43.887386322021484,291.5363260175619,12.862460681253543,-298.4858533169863,291.5363260175619,298.4858533169863,202.05205455819316,11.378976239460311,-305.86266296323265,89.48427145936878,1.4834844417932327,7.3768096462463175
3208.0,43.99728012084961,291.53622426798586,12.862465558484171,-298.48577160345155,291.53622426798586,298.48577160345155,202.05195393914244,11.378981101908305,-305.8625816974642,89.4842703288434,1.483484456575865,7.376810094012607
3216.0,44.10719299316406,291.53618146659034,12.862466015900456,-298.4857314127064,291.53618146659034,298.4857314127064,202.05191518320055,11.378981958453467,-305.86254166709267,89.48426628338979,1.483484057446988,7.376810254386251
3224.0,44.217105865478516,291.53624595114934,12.862480189389709,-298.4857690521219,291.53624595114934,298.4857690521219,202.0519792437576,11.378995805226166,-305.86258044364615,89.48426670739175,1.4834843841635421,7.376811391524263
3232.0,44.327022552490234,291.53627047094244,12.86249045970119,-298.4857461643675,291.53627047094244,298.4857461643675,202.0520020035878,11.379006246762811,-305.8625584695068,89.48426846735462,1.4834842129383792,7.37681230513925
3240.0,44.43693542480469,291.5362569103525,12.86251591919838,-298.485662643199,291.5362569103525,298.485662643199,202.05198705884442,11.379031963200253,-305.8624763974419,89.48426985150809,1.4834839559981259,7.376813754242897
3248.0,44.54684829711914,291.53601854498766,12.862505055382426,-298.48558064358815,291.53601854498766,298.48558064358815,202.0517555368897,11.379021006413204,-305.86239312122916,89.484263008098,1.4834840489692218,7.376812477641032
3256.0,44.65676498413086,291.5358798017932,12.862420638923602,-298.4855439597592,291.5358798017932,298.4855439597592,202.05163942636545,11.378936734945055,-305.86235156051373,89.48424037542777,1.4834839039785475,7.376807600754557
3264.0,44.76667785644531,291.53600256199854,12.862376296142765,-298.4857417499613,291.53600256199854,298.4857417499613,202.0517670660853,11.378892769191172,-305.8625483118755,89.48423549591323,1.4834835269515938,7.376806561914229
3272.0,44.876590728759766,291.5360425098669,12.862349537149118,-298.48575421232573,291.5360425098669,298.48575421232573,202.0518052002492,11.378865855699056,-305.8625614671924,89.48423730961767,1.4834836814500627,7.376807254866678
3280.0,44.986507415771484,291.5361164623745,12.862325990924463,-298.4857568465074,291.5361164623745,298.4857568465074,202.0518742238324,11.37884282969216,-305.8625665187328,89.48424223854207,1.4834831612323025,7.3768096722254315
3288.0,45.09642028808594,291.53639643790615,12.862345784701883,-298.4859615791754,291.53639643790615,298.4859615791754,202.0521366653718,11.378862874512533,-305.86277368042903,89.48425977253436,1.4834829101893507,7.3768121012536385
3296.0,45.20633316040039,291.53652137976053,12.862379570551917,-298.4859862279046,291.53652137976053,298.4859862279046,202.05223727765988,11.378896273206045,-305.86280233951175,89.48428410210062,1.4834832973458723,7.376816111607138
3304.0,45.31624984741211,291.5365208743668,12.862389525071407,-298.4860142031266,291.5365208743668,298.4860142031266,202.05221976778267,11.378906437952606,-305.86283190483067,89.48430110658411,1.4834830871188,7.376817701704031
3312.0,45.42616271972656,291.536464292709,12.862373583219608,-298.48591807334503,291.536464292709,298.48591807334503,202.05215719806387,11.378890426496554,-305.8627371521242,89.48430709464515,1.4834831567230546,7.376819078779217
3320.0,45.536075592041016,291.536426418274,12.86237445688758,-298.48589799834036,291.536426418274,298.48589799834036,202.05211627982914,11.378891208561143,-305.86271848338646,89.48431013844488,1.4834832483264369,7.376820485046093
3328.0,45.645992279052734,291.53637405607606,12.862370732390296,-298.4858264985342,291.53637405607606,298.4858264985342,202.05206411046655,11.378887397047041,-305.86264800365115,89.48430994560948,1.4834833353432546,7.376821505116936
3336.0,45.75588607788086,291.5363063886199,12.86237586614089,-298.48576163182014,291.5363063886199,298.48576163182014,202.05199861109162,11.378892769264285,-305.8625841248348,89.48430777752827,1.4834830968766068,7.376822493014696
3344.0,45.86579895019531,291.53624439812086,12.862384587082747,-298.4856866107936,291.53624439812086,298.4856866107936,202.05194026909902,11.378901460719268,-305.86250975330216,89.48430412902187,1.4834831263634793,7.37682314250857
3352.0,45.975711822509766,291.53622701601176,12.862385689397836,-298.4856580213895,291.53622701601176,298.4856580213895,202.05192621660024,11.378902887242319,-305.86248192806795,89.48430079941153,1.4834828021555182,7.3768239066784504
3360.0,46.085628509521484,291.53622503542294,12.862396930032933,-298.4856745000933,291.53622503542294,298.4856745000933,202.05192713445038,11.378914153191118,-305.86249851997263,89.48429790097256,1.4834827768418144,7.376824019879338
3368.0,46.19554138183594,291.5361966046421,12.862398414413422,-298.48562389824946,291.5361966046421,298.48562389824946,202.05190102628802,11.378915506410275,-305.8624484000007,89.48429557835408,1.483482908003147,7.376824501751221
3376.0,46.30545425415039,291.53620389484223,12.8624124615711,-298.4855969452847,291.53620389484223,298.4855969452847,202.05190935663273,11.378929683320058,-305.8624224132144,89.48429453820951,1.483482778251042,7.3768254679296845
3384.0,46.41537094116211,291.53622136383353,12.862415519953037,-298.4855934249736,291.53622136383353,298.4855934249736,202.05192684850203,11.378933197258238,-305.8624195640639,89.48429451533153,1.4834823226948,7.376826139090275
3392.0,46.52528381347656,291.5362417270828,12.862443374231887,-298.4855820220102,291.5362417270828,298.4855820220102,202.05194631544416,11.378961149858103,-305.8624090959652,89.48429541163866,1.483482224373784,7.3768270739549955
3400.0,46.63519287109375,291.53625421494166,12.862442528844625,-298.48552595292495,291.53625421494166,298.48552595292495,202.05195709965773,11.378960111456458,-305.86235398748704,89.48429711528397,1.483482417388167,7.3768280345620925
3408.0,46.7451057434082,291.5362730484751,12.862462293725994,-298.4855309506957,291.5362730484751,298.4855309506957,202.05197501544905,11.378980261971314,-305.86235993339403,89.48429803302605,1.4834820317546802,7.376828982698312
3416.0,46.85502243041992,291.5362910388455,12.86248262746548,-298.48550570986436,291.5362910388455,298.48550570986436,202.05199193790446,11.379000460501631,-305.8623358234736,89.48429910094104,1.4834821669638492,7.376830113609209
3424.0,46.964935302734375,291.5362858978737,12.862500373099023,-298.48547208987907,291.5362858978737,298.48547208987907,202.0519849516108,11.379018353239118,-305.8623028062066,89.4843009462629,1.4834820198599048,7.376830716327547
3432.0,47.07484817504883,291.53630275220837,12.862515053384417,-298.4854579014626,291.53630275220837,298.4854579014626,202.05200055070006,11.37903330050144,-305.8622894880714,89.48430220150834,1.4834817528829771,7.376831586608792
3440.0,47.18476486206055,291.5362958539092,12.862533916467466,-298.4854082172853,291.5362958539092,298.4854082172853,202.05199260199248,11.379051999643455,-305.8622407797897,89.48430325191671,1.4834819168240116,7.3768325625044096
3448.0,47.294677734375,291.53630892295416,12.862545739751711,-298.4853986106428,291.53630892295416,298.4853986106428,202.0520045146147,11.379063782767922,-305.8622321211766,89.48430440833947,1.48348195698379,7.376833510533784
3456.0,47.40459060668945,291.53629434492996,12.86256711677624,-298.48531632236757,291.53629434492996,298.48531632236757,202.05198921700475,11.379085391728912,-305.8621505697591,89.48430512792518,1.4834817250473284,7.3768342473914945
3464.0,47.51448440551758,291.5362938402114,12.862582743538349,-298.4853075930389,291.5362938402114,298.4853075930389,202.05198802144275,11.379100953788415,-305.8621423503198,89.48430581876863,1.4834817897499335,7.376834757280917
3472.0,47.6244010925293,291.5362910242573,12.862612510455657,-298.48528251938285,291.5362910242573,298.48528251938285,202.05198485252077,11.3791306390269,-305.8621180415112,89.48430617173653,1.4834818714287565,7.376835522128355
3480.0,47.73431396484375,291.53628806539797,12.862623022034843,-298.4852330637314,291.53628806539797,298.4852330637314,202.05198137925646,11.37914161684177,-305.86206929594175,89.48430668614151,1.483481405193074,7.376836232210336
3488.0,47.8442268371582,291.5362927221497,12.86264928800742,-298.4852357773535,291.5362927221497,298.4852357773535,202.05198579661513,11.379167836465903,-305.86207270060817,89.48430692553458,1.4834814515415167,7.37683692325462
3496.0,47.95414352416992,291.53629332791314,12.862666180590896,-298.48517870533976,291.53629332791314,298.48517870533976,202.0519861156975,11.379184465968002,-305.8620160977178,89.48430721221565,1.4834817146228942,7.376837392378031
3504.0,48.064056396484375,291.53628854946743,12.862687927060422,-298.4851482499777,291.53628854946743,298.4851482499777,202.05198110981505,11.379206698632016,-305.8619862702408,89.48430743965237,1.4834812284284062,7.3768380202630475
3512.0,48.17396926879883,291.5362372892144,12.862708270996526,-298.4850647022814,291.5362372892144,298.4850647022814,202.05193087094605,11.379227131209843,-305.86190381776476,89.48430641826833,1.4834811397866836,7.376839115483359
3520.0,48.28388595581055,291.5360866645127,12.862683475119228,-298.48500235254846,291.5360866645127,298.48500235254846,202.05178914768334,11.379202505158032,-305.8618395510541,89.48429751682937,1.4834809699611953,7.376837198505669
3528.0,48.393798828125,291.5360713044199,12.862661662960402,-298.4850773562126,291.5360713044199,298.4850773562126,202.05178372566616,11.379180743063294,-305.8619126081591,89.4842875787538,1.4834809198971075,7.376835251946462
3536.0,48.50371170043945,291.5360897371902,12.862635505277964,-298.4850838929601,291.5360897371902,298.4850838929601,202.05180551364117,11.379154996511458,-305.8619186544946,89.48428422354901,1.4834805087665064,7.376834761534485
3544.0,48.61362838745117,291.5361153259406,12.862626189051792,-298.48508309685167,291.5361153259406,298.48508309685167,202.0518308957586,11.379145925104755,-305.8619180648352,89.48428443018199,1.4834802639470364,7.376834967983518
3552.0,48.723541259765625,291.53628286083483,12.86263466123503,-298.4851586406491,291.53628286083483,298.4851586406491,202.05199297125105,11.37915464189185,-305.8619948958767,89.48428988958378,1.4834800193431796,7.376836255227593
3560.0,48.83345413208008,291.53640557622225,12.862688020764868,-298.4851621373483,291.53640557622225,298.4851621373483,202.05210098652447,11.379207905572228,-305.8620011653508,89.48430458969777,1.48348011519264,7.376839028002525
3568.0,48.9433708190918,291.5364744136777,12.862731900483103,-298.4851669434082,291.5364744136777,298.4851669434082,202.0521571418971,11.379252013382104,-305.86200806143785,89.48431727178058,1.483479887100999,7.376841118029603
3576.0,49.05328369140625,291.5364900043837,12.862758235630094,-298.4851440156323,291.5364900043837,298.4851440156323,202.05216464363602,11.379277951936697,-305.86198679619383,89.48432536074769,1.4834802836933978,7.376842780561587
3584.0,49.1631965637207,291.5364921568314,12.862791995793522,-298.4851022905292,291.5364921568314,298.4851022905292,202.05216129228307,11.37931198789457,-305.8619456828384,89.48433086454834,1.4834800078989534,7.376843392309155
3592.0,49.27309036254883,291.5364066391154,12.862806184835312,-298.485037169209,291.5364066391154,298.485037169209,202.0520740871778,11.379325926492106,-305.8618813678966,89.48433255193757,1.4834802583432065,7.376844198687576
3600.0,49.38300704956055,291.53627302237805,12.86279965769322,-298.4849055916753,291.53627302237805,298.4849055916753,202.0519461056706,11.379319646657818,-305.86174943188854,89.48432691670746,1.4834800110354025,7.376843840213241
3608.0,49.492919921875,291.5362288561124,12.862793819037044,-298.4849057492714,291.5362288561124,298.4849057492714,202.05190874969406,11.37931364293604,-305.86174929332464,89.48432010641838,1.4834801761010032,7.376843544053266
3616.0,49.60283279418945,291.53621044529604,12.862780314830006,-298.4849180697357,291.53621044529604,298.4849180697357,202.0518954985389,11.37930079195857,-305.86176106042006,89.48431494675714,1.4834795228714364,7.376842990684342
3624.0,49.71274948120117,291.53618016715836,12.862775939047665,-298.4848545672977,291.53618016715836,298.4848545672977,202.0518684962456,11.379296425311095,-305.86169739524223,89.48431167091277,1.4834795137365697,7.376842827944556
3632.0,49.822662353515625,291.53618024913294,12.86278587334202,-298.4848662469285,291.53618024913294,298.4848662469285,202.0518709224898,11.379306429120264,-305.8617094873276,89.48430932664314,1.483479444221755,7.376843240399083
3640.0,49.93257522583008,291.5361878160778,12.86279008221511,-298.4848433642033,291.5361878160778,298.4848433642033,202.05188003538456,11.37931035773688,-305.8616865183913,89.48430778069323,1.4834797244782303,7.376843154187991
3648.0,50.0424919128418,291.5362116932536,12.86279664165497,-298.48485401391935,291.5362116932536,298.48485401391935,202.05190446024628,11.379317173729227,-305.86169770104385,89.48430723300734,1.4834794679257441,7.376843687124483
3656.0,50.15240478515625,291.53622578615915,12.862795996424946,-298.48484857093115,291.53622578615915,298.48484857093115,202.0519181542174,11.37931639107307,-305.86169299573123,89.48430763194176,1.4834796053518766,7.376844424800109
3664.0,50.2623176574707,291.5362371675734,12.86281363560595,-298.4848101131702,291.5362371675734,298.4848101131702,202.05192882625482,11.3793344982282,-305.861655217221,89.48430834131855,1.4834791373777494,7.376845104050808
3672.0,50.37223434448242,291.5362413238138,12.862819805270728,-298.48478547993216,291.5362413238138,298.48478547993216,202.05193189254427,11.379340114002456,-305.8616316278237,89.48430943126952,1.4834796912682728,7.376846147891594
3680.0,50.482147216796875,291.5362655518496,12.862826811055996,-298.4847963968192,291.5362655518496,298.4847963968192,202.05195460508213,11.379347492269833,-305.8616429872484,89.4843109467675,1.4834793187861637,7.376846590429168
3688.0,50.59206008911133,291.53629603688637,12.862836158381395,-298.4847920964517,291.53629603688637,298.4847920964517,202.05198312850473,11.379357067918704,-305.86163933867886,89.48431290838161,1.4834790904626907,7.376847242227116
3696.0,50.70197677612305,291.5362987291736,12.862839753938115,-298.48476867591626,291.5362987291736,298.48476867591626,202.05198402133882,11.379360642212468,-305.8616169040105,89.48431470783478,1.4834791117256456,7.376848228094221
3704.0,50.8118896484375,291.5363095868957,12.862856658151857,-298.4847456892545,291.5363095868957,298.4847456892545,202.05199336973078,11.379377506852954,-305.8615945666612,89.48431621716492,1.4834791512989038,7.3768488774066725
3712.0,50.92180252075195,291.536304980429,12.862860064455546,-298.4847249963774,291.536304980429,298.4847249963774,202.05198754903248,11.379381025876015,-305.861574559208,89.4843174313965,1.4834790385795318,7.376849562830598
3720.0,51.03169631958008,291.53631458749226,12.862866449057178,-298.48471986154925,291.53631458749226,298.48471986154925,202.05199622922882,11.379387793908338,-305.86157036912437,89.48431835826344,1.48347865514884,7.376850507575134
3728.0,51.1416130065918,291.53631629257325,12.862876588451186,-298.4847184736004,291.53631629257325,298.4847184736004,202.0519972658709,11.379397881934517,-305.8615695107487,89.48431902670235,1.4834787065166686,7.376851037148303
3736.0,51.25152587890625,291.5362954099695,12.862893262071719,-298.48466226506093,291.5362954099695,298.48466226506093,202.05197547653947,11.37941487195977,-305.861513718673,89.48431993343004,1.483478390111948,7.376851453612042
3744.0,51.3614387512207,291.5362841878503,12.862893972788214,-298.48463402776497,291.5362841878503,298.48463402776497,202.0519639291914,11.379415728087487,-305.8614861643036,89.48432025865888,1.483478244700727,7.376852136538622
3752.0,51.47135543823242,291.5363034359498,12.862916183242229,-298.48463490602376,291.5363034359498,298.48463490602376,202.05198267993168,11.379437596002461,-305.86148748504087,89.48432075601812,1.4834785872397684,7.376852579017092
3760.0,51.581268310546875,291.5362820248114,12.86291616199022,-298.48457734351314,291.5362820248114,298.48457734351314,202.05196094670833,11.379437872427877,-305.8614305559744,89.48432107810302,1.4834782895623433,7.376853212461214
3768.0,51.69118118286133,291.5362783697825,12.862924739645942,-298.4845557010546,291.5362783697825,298.4845557010546,202.05195729527009,11.379446568336501,-305.861409058876,89.48432107451245,1.4834781713094405,7.376853357821397
3776.0,51.80109786987305,291.53628537934884,12.862945702168528,-298.48455847562474,291.53628537934884,298.48455847562474,202.05196404724023,11.379467552604535,-305.8614125540663,89.4843213321086,1.4834781495639935,7.3768540784415455
3784.0,51.9110107421875,291.5362765448474,12.86293967418062,-298.48453847047284,291.5362765448474,298.48453847047284,202.05195539834642,11.379461563918262,-305.8613931244662,89.48432114650097,1.4834781102623573,7.3768546539933695
3792.0,52.02092361450195,291.53627577029545,12.862956345720345,-298.48452457279666,291.53627577029545,298.48452457279666,202.05195422713436,11.379478362236222,-305.8613793701817,89.48432154316107,1.4834779834841223,7.376854797385004
3800.0,52.13084030151367,291.5362744390768,12.86297607861474,-298.48446732381865,291.5362744390768,298.48446732381865,202.05195272703867,11.379497944882136,-305.86132322259914,89.48432171203814,1.483478133732603,7.376855898780503
3808.0,52.240753173828125,291.53627608466417,12.862983815029017,-298.48449076400146,291.53627608466417,298.48449076400146,202.05195421228817,11.379505652417883,-305.8613465160719,89.484321872376,1.4834781626111337,7.376855752070417
3816.0,52.35066604614258,291.53627000531253,12.86300141428138,-298.4844451233723,291.53627000531253,298.4844451233723,202.05194776988526,11.379523324731194,-305.8613015543767,89.48432223542724,1.4834780895501858,7.376856431004422
3824.0,52.4605827331543,291.53628962576397,12.863014562383505,-298.4844422317816,291.53628962576397,298.4844422317816,202.05196745264814,11.379536799141976,-305.86129896879055,89.48432217311583,1.4834777632415295,7.376856737008949
3832.0,52.57049560546875,291.5362890828806,12.863029818449089,-298.48440335495707,291.5362890828806,298.48440335495707,202.05196640461634,11.379552075332523,-305.86126053113617,89.48432267826429,1.4834777431165667,7.376857176179127
3840.0,52.6804084777832,291.53627651920095,12.86304353112421,-298.48437197871755,291.53627651920095,298.48437197871755,202.05195317145487,11.379565686845638,-305.8612298309978,89.48432334774608,1.483477844278573,7.376857852280251
3848.0,52.79030227661133,291.536276883067,12.863045648521542,-298.48433686695006,291.536276883067,298.48433686695006,202.05195304960566,11.379567853227634,-305.86119490331436,89.48432383346135,1.483477795293908,7.3768580363642835
3856.0,52.90021896362305,291.53629159997007,12.863072400194993,-298.48435663980183,291.53629159997007,298.48435663980183,202.05196723734005,11.379594690397097,-305.8612152174109,89.48432436263,1.4834777097978964,7.376858577609058
3864.0,53.0101318359375,291.5362792373775,12.86307989632413,-298.4842960785623,291.5362792373775,298.4842960785623,202.0519546577667,11.379602248069576,-305.8611548243821,89.48432457961083,1.4834776482545546,7.37685874581978
3872.0,53.12004470825195,291.5362945433299,12.863098210311652,-298.4843025334085,291.5362945433299,298.4843025334085,202.05196972724553,11.379620556893046,-305.86116206482683,89.4843248160844,1.4834776534186045,7.376859531418338
3880.0,53.22996139526367,291.5362850750836,12.863121335591693,-298.48426537121634,291.5362850750836,298.48426537121634,202.05195939420827,11.379643775325588,-305.86112545897254,89.48432568087532,1.4834775602661043,7.376860087756228
3888.0,53.339874267578125,291.5362982024652,12.863129896014451,-298.4842424324855,291.5362982024652,298.4842424324855,202.05197239220473,11.379652526247018,-305.861103076989,89.48432581026049,1.4834773697674328,7.376860644503547
3896.0,53.44978713989258,291.5363050217159,12.863141554891023,-298.4842369260301,291.5363050217159,298.4842369260301,202.05197877977184,11.379664337033864,-305.8610979818653,89.48432624194406,1.4834772178571578,7.3768610558352234
3904.0,53.5597038269043,291.53631244924634,12.863160089314782,-298.4842369895154,291.53631244924634,298.4842369895154,202.0519861115745,11.379682899783894,-305.86109857461645,89.48432633767186,1.4834771895308874,7.376861585101021
3912.0,53.66961669921875,291.5363032518575,12.863192735020299,-298.48419265597676,291.5363032518575,298.48419265597676,202.0519764353922,11.379715676604192,-305.86105453609383,89.48432681646528,1.4834770584161054,7.376861880117058
3920.0,53.7795295715332,291.5363082750108,12.863200286500838,-298.484148955307,291.5363082750108,298.484148955307,202.05198103547318,11.37972332516729,-305.8610114512544,89.48432723953763,1.4834769613335468,7.376862495947422
3928.0,53.88944625854492,291.53631634766583,12.863217811229317,-298.4841341784428,291.53631634766583,298.4841341784428,202.05198841022312,11.37974087398953,-305.8609970889589,89.48432793744271,1.4834769372397871,7.376862910516134
3936.0,53.999359130859375,291.53630394562447,12.863237369221745,-298.4840809615357,291.53630394562447,298.4840809615357,202.05197566472236,11.379760521106345,-305.8609441349554,89.48432828090212,1.4834768481153995,7.376863173419676
3944.0,54.10927200317383,291.53631995413696,12.863258329361017,-298.48408731374025,291.53631995413696,298.48408731374025,202.05199123656706,11.379781381241274,-305.8609508386031,89.48432871756992,1.4834769481197425,7.376863524862855
3952.0,54.21918869018555,291.53632662062716,12.863273395240782,-298.4840565077624,291.53632662062716,298.4840565077624,202.05199765538265,11.37979665993609,-305.86092042600643,89.4843289652445,1.4834767353046914,7.376863918244027
3960.0,54.3291015625,291.53631855210756,12.863288827788423,-298.4840192956554,291.53631855210756,298.4840192956554,202.0519889897796,11.379812373600334,-305.8608834221675,89.48432956232793,1.4834764541880903,7.376864126512083
3968.0,54.43901443481445,291.53632260411246,12.863313977091476,-298.4840019628334,291.53632260411246,298.4840019628334,202.0519928685603,11.379837461012656,-305.8608663744437,89.4843297355522,1.4834765160788201,7.376864411610283
3976.0,54.54890441894531,291.5363254362753,12.863320265359562,-298.4839584441946,291.5363254362753,298.4839584441946,202.0519955419154,11.379843730469409,-305.86082360695144,89.48432989435995,1.483476534890153,7.376865162756821
3984.0,54.658817291259766,291.5363201603646,12.863351761941129,-298.48394000139206,291.5363201603646,298.48394000139206,202.05199000709092,11.379875330628154,-305.8608055095965,89.48433015327367,1.4834764313129747,7.3768655082044265
3992.0,54.768733978271484,291.536312396029,12.8633713784306,-298.4838953957544,291.536312396029,298.4838953957544,202.05198220788483,11.379894855594026,-305.8607612826844,89.48433018814417,1.4834765228365745,7.376865886929982
4000.0,54.87864685058594,291.53632676932494,12.863388308851484,-298.48388217523257,291.53632676932494,298.48388217523257,202.05199663624688,11.379911924797934,-305.8607481786038,89.48433013307806,1.4834763840535496,7.376866003371218
4008.0,54.98855972290039,291.5363332311977,12.86341050214587,-298.48387593893153,291.5363332311977,298.48387593893153,202.05200283852264,11.379934052511114,-305.8607422992298,89.48433039267508,1.4834764496347557,7.376866360298264
4016.0,55.09847640991211,291.53631996007175,12.863434238318572,-298.4838303896717,291.53631996007175,298.4838303896717,202.05198989239972,11.379957807652634,-305.86069664165495,89.48433006767206,1.4834764306659378,7.3768662519832535
4024.0,55.20838928222656,291.5363278861172,12.863453440776219,-298.48378479740654,291.5363278861172,298.48378479740654,202.05199757856292,11.37997725498738,-305.86065182964893,89.48433030755425,1.483476185788838,7.376867032242411
4032.0,55.318302154541016,291.5363189021559,12.863475048391923,-298.4837480452682,291.5363189021559,298.4837480452682,202.05198809232166,11.379999050872946,-305.8606149863652,89.48433080983429,1.4834759975189762,7.37686694109698
4040.0,55.428218841552734,291.53634271046167,12.863495342489353,-298.48376321404857,291.53634271046167,298.48376321404857,202.05201182229783,11.380019417109965,-305.86063040565045,89.48433088816387,1.4834759253793879,7.376867191601898
4048.0,55.53813171386719,291.53634078340565,12.863526171330598,-298.48370846363895,291.53634078340565,298.48370846363895,202.05200960848424,11.380050097793676,-305.860575911235,89.48433117492138,1.4834760735369226,7.376867447596069
4056.0,55.64804458618164,291.53635444632897,12.863547558842935,-298.48371454253726,291.53635444632897,298.48371454253726,202.0520229721926,11.380071486329932,-305.86058212998444,89.48433147413638,1.4834760725130032,7.376867587447203
4064.0,55.75796127319336,291.53635458811806,12.863570695006505,-298.48366402084133,291.53635458811806,298.48366402084133,202.0520229135544,11.38009465563527,-305.86053231140386,89.48433167456366,1.4834760393712347,7.376868290562503
4072.0,55.86787414550781,291.5362940713903,12.863585351043799,-298.483600257048,291.5362940713903,298.483600257048,202.05196282351298,11.380109428386602,-305.8604683592066,89.4843312478773,1.4834759226571976,7.376868102158573
4080.0,55.977787017822266,291.53597077381573,12.863530331169272,-298.4835186600316,291.53597077381573,298.4835186600316,202.05166089945925,11.380054251009405,-305.8603815795293,89.4843098743565,1.483476080159868,7.376862919497679
4088.0,56.087703704833984,291.5361762922422,12.863484686672637,-298.48369287042834,291.5361762922422,298.48369287042834,202.05187663461015,11.380009098178668,-305.86055290951424,89.48429965763202,1.483475588493968,7.376860039085914
4096.0,56.19761657714844,291.53641907569164,12.863507725188201,-298.4838396058449,291.53641907569164,298.4838396058449,202.05210699829132,11.380032322395886,-305.86070109133,89.4843120774003,1.483475402792315,7.376861485485121
4104.0,56.30754470825195,291.5365134703085,12.86355360666522,-298.48379092936403,291.5365134703085,298.48379092936403,202.0521861006193,11.380077929104557,-305.86065519709985,89.48432736968918,1.4834756775606635,7.376864267735787
4112.0,56.41741943359375,291.5365767728773,12.863589311444194,-298.4838161683423,291.5365767728773,298.4838161683423,202.05223692227236,11.380113567841743,-305.8606828135949,89.48433985060495,1.483475743602451,7.3768666452526
4120.0,56.5273323059082,291.5366290074736,12.863622574650316,-298.4838254690855,291.5366290074736,298.4838254690855,202.05227820968418,11.380146647458602,-305.86069329779264,89.48435079778943,1.4834759271917137,7.376867828707118
4128.0,56.63724899291992,291.53662924276557,12.863635888762124,-298.48378803666304,291.53662924276557,298.48378803666304,202.05227025360648,11.380160090433948,-305.8606569880394,89.48435898915912,1.4834757983281759,7.3768689513763706
4136.0,56.747161865234375,291.5365447192117,12.863638022367374,-298.4837300028515,291.5365447192117,298.4837300028515,202.05218406161288,11.380162785721218,-305.8605993336971,89.4843606575988,1.483475236646155,7.3768693308456195
4144.0,56.85707473754883,291.5364680840577,12.86365123372829,-298.48364977057935,291.5364680840577,298.48364977057935,202.05210909471862,11.380175829468389,-305.86051966799937,89.48435898933906,1.4834754042599012,7.376869897420017
4152.0,56.96699142456055,291.5364237600712,12.863643986315445,-298.4836287299933,291.5364237600712,298.4836287299933,202.0520676589864,11.380168346180529,-305.860498563945,89.48435610108478,1.4834756401349158,7.376869833951652
4160.0,57.076904296875,291.5362921834691,12.863637542214795,-298.48357839469116,291.5362921834691,298.48357839469116,202.0519442277938,11.380162056087519,-305.86044687431814,89.48434795567528,1.483475486127275,7.3768684796269675
4168.0,57.18681716918945,291.5361134404658,12.863598633592632,-298.48349255807875,291.5361134404658,298.48349255807875,202.0517819683817,11.380122773858488,-305.8603582055556,89.48433147208408,1.483475859734143,7.376865647476855
4176.0,57.29673385620117,291.53622561383247,12.86356838066586,-298.4836099510013,291.53622561383247,298.4836099510013,202.0519026911517,11.38009269962909,-305.8604737131574,89.48432292268076,1.48347568103677,7.376863762156046
4184.0,57.406646728515625,291.5363575796647,12.863583878730546,-298.4836799111305,291.5363575796647,298.4836799111305,202.05203150309814,11.380108435238373,-305.86054423561416,89.48432607656653,1.4834754434921726,7.376864324483687
4192.0,57.51655960083008,291.53642040651886,12.863602383498895,-298.4836682091024,291.53642040651886,298.4836682091024,202.0520879790559,11.380126913584512,-305.86053420731844,89.48433242746296,1.4834754699143837,7.37686599821602
4200.0,57.6264762878418,291.5364856781108,12.863618346150723,-298.4837159934879,291.5364856781108,298.4837159934879,202.0521468225723,11.380142778821401,-305.86058345652316,89.48433885553851,1.483475567329321,7.376867463035232
4208.0,57.73638916015625,291.53649497464846,12.863630907731716,-298.4837013973911,291.53649497464846,298.4837013973911,202.05214977483553,11.380155334886673,-305.8605699865788,89.48434519981294,1.4834755728450428,7.376868589187721
4216.0,57.8463020324707,291.5364392370656,12.863632340205525,-298.483626010038,291.5364392370656,298.483626010038,202.05209273021097,11.380157282523038,-305.86049508914675,89.48434650685466,1.4834750576824873,7.37686907910873
4224.0,57.95621871948242,291.5364240359949,12.863618586159008,-298.48362716475253,291.5364240359949,298.48362716475253,202.05207736515786,11.380142981471742,-305.8604962427954,89.48434667083706,1.4834756046872666,7.376869078042914
4232.0,58.066131591796875,291.53641148236045,12.863614404498925,-298.4836135222695,291.53641148236045,298.4836135222695,202.0520643426156,11.380139098735464,-305.8604828933376,89.48434713974484,1.4834753057634609,7.376869371068125
4240.0,58.17604446411133,291.5364078591091,12.863598477879918,-298.48361478597513,291.5364078591091,298.48361478597513,202.05206076986428,11.380123453259248,-305.8604842072608,89.48434708924484,1.4834750246206694,7.376869421285649
4248.0,58.28596115112305,291.53640303036923,12.863591360320097,-298.48360615367415,291.53640303036923,298.48360615367415,202.05205563803221,11.380116184429234,-305.8604760031617,89.48434739233703,1.4834751758908622,7.3768698494875435
4256.0,58.3958740234375,291.536395921902,12.863588032350869,-298.48359541213296,291.536395921902,298.48359541213296,202.05204887725495,11.380113142640461,-305.86046592413004,89.48434704464707,1.4834748897104082,7.376870511997098
4264.0,58.50578689575195,291.5363992164089,12.86358173575864,-298.4835961874281,291.5363992164089,298.4835961874281,202.0520520038942,11.380107117630816,-305.8604666059746,89.48434721251468,1.4834746181278242,7.376870418546522
4272.0,58.61570358276367,291.53641218978703,12.863578848431828,-298.4836408449165,291.53641218978703,298.4836408449165,202.05206470707893,11.38010405143474,-305.8605114563698,89.4843474827081,1.483474796997089,7.376870611453268
4280.0,58.725616455078125,291.536403557012,12.863583112350366,-298.4836192005678,291.536403557012,298.4836192005678,202.05205595343665,11.380108455113577,-305.86049010563397,89.48434760357534,1.4834746572367887,7.376870905066196
4288.0,58.83552932739258,291.5363968924951,12.863577204859316,-298.4836064821526,291.5363968924951,298.4836064821526,202.05204897916826,11.38010267418437,-305.8604777082773,89.48434791332679,1.4834745306749473,7.376871226124704
4296.0,58.9454460144043,291.5364063005422,12.86357704027748,-298.4836376472166,291.5364063005422,298.4836376472166,202.05205871014857,11.380102400711506,-305.86050906849965,89.48434759039361,1.4834746395659744,7.376871421283062
4304.0,59.05535888671875,291.53638225804673,12.863579318726677,-298.4835730209192,291.53638225804673,298.4835730209192,202.05203433967486,11.380104968760843,-305.86044455341937,89.4843479183719,1.4834743499658334,7.376871532500144
4312.0,59.1652717590332,291.5364003441821,12.863574701728137,-298.48361988752833,291.5364003441821,298.48361988752833,202.05205255940768,11.380100111906001,-305.86049177699306,89.48434778477441,1.4834745898221346,7.376871889464709
4320.0,59.27518844604492,291.5364119718787,12.863574244319825,-298.48363898783373,291.5364119718787,298.48363898783373,202.05206392955668,11.380099517831702,-305.8605108889769,89.48434804232204,1.4834747264881232,7.376871901143131
4328.0,59.385101318359375,291.53639321019307,12.863573669547762,-298.48360596235614,291.53639321019307,298.48360596235614,202.05204516814953,11.380099077574164,-305.86047854626605,89.48434804204352,1.4834745919735985,7.376872583909932
4336.0,59.49501419067383,291.53638126108666,12.863573185396518,-298.4835825915433,291.53638126108666,298.4835825915433,202.05203266447933,11.380098673235956,-305.86045516907996,89.48434859660735,1.483474512160563,7.376872577536604
4344.0,59.60493087768555,291.53639643065685,12.863569845999836,-298.48360348993015,291.53639643065685,298.48360348993015,202.05204782363413,11.380095110468037,-305.8604763595695,89.48434860702272,1.4834747355317988,7.376872869639344
4352.0,59.71484375,291.5363707876588,12.863558476663677,-298.4835580106893,291.5363707876588,298.4835580106893,202.05202187900153,11.380084070318405,-305.86043133322454,89.4843489086573,1.4834744063452723,7.376873322535243
4360.0,59.82475662231445,291.53639045717017,12.863566127342086,-298.48360434191557,291.53639045717017,298.48360434191557,202.05204128982834,11.380091608046342,-305.8604777670101,89.48434916734183,1.4834745192957441,7.376873425094531
4368.0,59.934627532958984,291.53639189145565,12.863562957617368,-298.4835868290834,291.53639189145565,298.4835868290834,202.05204279728383,11.380088482719117,-305.8604604208165,89.48434909417182,1.4834744748982525,7.376873591733084
4376.0,60.04454040527344,291.53637408049065,12.863566064418466,-298.48357681365616,291.53637408049065,298.48357681365616,202.05202495282526,11.380091816075986,-305.8604509652066,89.48434912766535,1.4834742483424808,7.3768741515504335
4384.0,60.15446090698242,291.53639095275014,12.863559946328849,-298.4836048697377,291.53639095275014,298.4836048697377,202.05204153961643,11.38008580163597,-305.8604791381227,89.48434941313371,1.4834741446928783,7.376874268385
4392.0,60.264373779296875,291.53638429061357,12.86356442224063,-298.4835937387558,291.53638429061357,298.4835937387558,202.05203430993438,11.38009031715421,-305.86046787089754,89.48434998067918,1.4834741050864209,7.376874132141731
4400.0,60.37428283691406,291.53637115681374,12.863555940525771,-298.4835503888895,291.53637115681374,298.4835503888895,202.052020928659,11.380081648498152,-305.8604249969758,89.48435022815472,1.4834742920276183,7.3768746080862915
4408.0,60.48420333862305,291.53638316037353,12.863558640616652,-298.4835603130142,291.53638316037353,298.4835603130142,202.05203227498046,11.380084663986459,-305.8604353221042,89.48435088539307,1.483473976630193,7.376875009090005
4416.0,60.5941162109375,291.53637016967303,12.863566259889687,-298.48352335474976,291.53637016967303,298.48352335474976,202.05201912764127,11.380092205828733,-305.8603984061572,89.48435104203175,1.4834740540609543,7.376875051407385
4424.0,60.70402908325195,291.53637232342203,12.863571164842416,-298.4835512703344,291.53637232342203,298.4835512703344,202.05202132366287,11.38009693250221,-305.8604265241368,89.48435099975917,1.4834742323402046,7.3768752538024245
4432.0,60.81394577026367,291.5363743435479,12.863574123345648,-298.483528674942,291.5363743435479,298.483528674942,202.05202318043206,11.38010041876429,-305.8604042854152,89.4843511631158,1.483473704581359,7.376875610473197
4440.0,60.923858642578125,291.53638253783055,12.863574769956042,-298.4835385753624,291.53638253783055,298.4835385753624,202.05203121361347,11.380100983683148,-305.860414217677,89.48435132421706,1.483473786272893,7.376875642314614
4448.0,61.03377151489258,291.5363653969705,12.86357487952487,-298.4835039429357,291.5363653969705,298.4835039429357,202.0520140378795,11.380100885743705,-305.8603799953648,89.48435135909097,1.4834739937811663,7.376876052429051
4456.0,61.1436882019043,291.5363915406074,12.863575133830722,-298.4835490659959,291.5363915406074,298.4835490659959,202.05203962867117,11.380101339137367,-305.86042534529713,89.48435191193619,1.4834737946933552,7.376876279301269
4464.0,61.25360107421875,291.5363820229182,12.863578847757658,-298.4835021475176,291.5363820229182,298.4835021475176,202.05203000335848,11.380104863815315,-305.8603785153032,89.48435201955971,1.4834739839423432,7.376876367785618
4472.0,61.3635139465332,291.5363651511155,12.863582157407885,-298.4834848795533,291.5363651511155,298.4834848795533,202.0520127228261,11.380108269784616,-305.8603616972457,89.48435242828938,1.4834738876232687,7.376876817692376
4480.0,61.47343063354492,291.5363764580022,12.86357575438407,-298.48348936009364,291.5363764580022,298.48348936009364,202.05202351839847,11.38010210733762,-305.8603663150128,89.48435293960375,1.48347364704645,7.3768769549191715
4488.0,61.583343505859375,291.53637438464165,12.863591803403338,-298.4834812772071,291.53637438464165,298.4834812772071,202.05202108549196,11.38011802809335,-305.86035859015794,89.4843532991497,1.4834737753099891,7.376877312950869
4496.0,61.69325637817383,291.5363805100326,12.86358899034979,-298.4834584126768,291.5363805100326,298.4834584126768,202.0520271884483,11.380115266145154,-305.86033588427205,89.48435332158431,1.4834737242046354,7.3768774715952485
4504.0,61.80317306518555,291.5363758223898,12.863591503155993,-298.483465738461,291.5363758223898,298.483465738461,202.05202234161578,11.380117673834922,-305.86034339492085,89.48435348077399,1.4834738293210705,7.376877656459815
4512.0,61.9130859375,291.53637385661,12.86359110909203,-298.4834644677319,291.53637385661,298.4834644677319,202.05202008163613,11.38011753871661,-305.8603423935378,89.48435377497387,1.4834735703754194,7.376877925805914
4520.0,62.02299880981445,291.53638871089765,12.863598415109228,-298.48349773417726,291.53638871089765,298.48349773417726,202.0520349949265,11.380124771548425,-305.8603757695391,89.48435371597118,1.483473643560803,7.376878035361811
4528.0,62.13290786743164,291.53635214531596,12.863594842840168,-298.48339675384284,291.53635214531596,298.48339675384284,202.05199828264784,11.38012134444807,-305.8602750116568,89.48435386266812,1.4834734983920983,7.376878257813977
4536.0,62.24282455444336,291.5363663067806,12.863608551791426,-298.4834473395939,291.5363663067806,298.4834473395939,202.0520126004941,11.380134879605007,-305.8603260825382,89.48435370628651,1.4834736721864186,7.376878742944314
4544.0,62.35273742675781,291.5363753570322,12.86360737880236,-298.48344773288136,291.5363753570322,298.48344773288136,202.05202139787485,11.38013373717931,-305.8603265414175,89.48435395915739,1.48347364162305,7.3768788085361905
4552.0,62.462650299072266,291.53636594437774,12.863614891398242,-298.4834104534906,291.53636594437774,298.4834104534906,202.05201208500856,11.380141306971813,-305.86028947258205,89.48435385936918,1.4834735844264284,7.376879019091448
4560.0,62.572566986083984,291.5363778545062,12.86361788849685,-298.4834491497296,291.5363778545062,298.4834491497296,202.05202416016357,11.38014425056057,-305.86032829822636,89.48435369434267,1.4834736379362823,7.376879148496757
4568.0,62.68247985839844,291.53637650865966,12.86362092013896,-298.48344367561657,291.53637650865966,298.48344367561657,202.05202243160642,11.380147433866973,-305.86032298047337,89.48435407705324,1.4834734862719854,7.376879304856816
4576.0,62.79239273071289,291.5363815075883,12.863625999811603,-298.4834305357415,291.5363815075883,298.4834305357415,202.0520272979029,11.380152937274236,-305.8603103233855,89.48435420968543,1.4834730625373669,7.376879787643979
4584.0,62.902313232421875,291.536387850631,12.863633242253826,-298.4834503038866,291.536387850631,298.4834503038866,202.05203363262405,11.380159707771012,-305.8603300851029,89.48435421800697,1.483473534482814,7.376879781216244
4592.0,63.01222610473633,291.5363807829919,12.863624933484632,-298.48340582869486,291.5363807829919,298.48340582869486,202.0520263127878,11.380151767455303,-305.86028547877606,89.4843544702041,1.4834731660293297,7.376879650081228
4600.0,63.12214279174805,291.536381905165,12.86363289024714,-298.48339044102863,291.536381905165,298.48339044102863,202.05202751790657,11.38015974501592,-305.8602705224956,89.48435438725843,1.4834731452312215,7.376880081467002
4608.0,63.2320556640625,291.53637883050374,12.863646930762641,-298.483387428701,291.53637883050374,298.483387428701,202.05202404610986,11.380173714087768,-305.86026727074244,89.48435478439384,1.4834732166748732,7.376879842041428
4616.0,63.34196853637695,291.53638272607674,12.863644648390688,-298.4833695208184,291.53638272607674,298.4833695208184,202.0520281036736,11.380171447780466,-305.8602497719883,89.48435462240313,1.4834732006102214,7.376880251169917
4624.0,63.45183181762695,291.5363642827532,12.863654783540856,-298.4833372612102,291.5363642827532,298.4833372612102,202.0520093825379,11.38018159320293,-305.86021791640087,89.4843549002153,1.483473190337926,7.37688065519071
4632.0,63.56174850463867,291.53638299742073,12.863660800427574,-298.48335162368886,291.53638299742073,298.48335162368886,202.05202778242815,11.380187155730667,-305.86023221115926,89.48435521499259,1.4834736446969072,7.376880587470405
4640.0,63.671661376953125,291.5363859032854,12.863666018064368,-298.4833624131679,291.5363859032854,298.4833624131679,202.05203045724795,11.380192922404433,-305.86024312986797,89.48435544603745,1.4834730956599347,7.376880716700027
4648.0,63.78157424926758,291.5363878627095,12.86367433620601,-298.4833432928092,291.5363878627095,298.4833432928092,202.05203217024908,11.380201103383929,-305.8602242471038,89.48435569246041,1.4834732328220817,7.376880954294603
4656.0,63.8914909362793,291.53637511756995,12.86367898880425,-298.48331881242643,291.53637511756995,298.48331881242643,202.05201901780345,11.380205835241252,-305.8601998091011,89.48435609976647,1.4834731535629975,7.376880996674712
4664.0,64.00140380859375,291.5363781806596,12.863689875424258,-298.48329631275914,291.5363781806596,298.48329631275914,202.05202197700004,11.380216794955269,-305.86017765959025,89.48435620365956,1.4834730804689897,7.376881346831096
4672.0,64.11132049560547,291.53639862238674,12.863699620248973,-298.48334042879696,291.53639862238674,298.48334042879696,202.05204224885506,11.38022661450152,-305.86022181652237,89.48435637353168,1.483473005747452,7.376881387725399
4680.0,64.22122955322266,291.53640348604597,12.863702436156558,-298.4833154977649,291.53640348604597,298.4833154977649,202.05204696628994,11.380229357370212,-305.86019714262375,89.48435651975602,1.4834730787863455,7.376881644858802
4688.0,64.33114624023438,291.53640145003504,12.86371731910498,-298.4833265243077,291.53640145003504,298.4833265243077,202.05204467438972,11.380244424257759,-305.8602082177813,89.48435677564532,1.4834728948472207,7.376881693473577
4696.0,64.4410629272461,291.5363828464432,12.86371483815972,-298.4832822543727,291.5363828464432,298.4832822543727,202.05202598792116,11.38024211908613,-305.86016420946373,89.48435685852205,1.4834727190735881,7.376881955091042
4704.0,64.55097198486328,291.5363766280208,12.86372370428661,-298.4832428466011,291.5363766280208,298.4832428466011,202.05201995858076,11.380250439141278,-305.86012465925955,89.48435666944002,1.4834732651453315,7.376881812658446
4712.0,64.660888671875,291.53639039917687,12.863732150389648,-298.48324868880024,291.53639039917687,298.48324868880024,202.0520332937744,11.380259105035517,-305.86013055548324,89.48435710540248,1.4834730453541312,7.376881866683005
4720.0,64.77080535888672,291.5363833506527,12.863742412772861,-298.4832368646182,291.5363833506527,298.4832368646182,202.0520263902861,11.380269560164091,-305.8601190319357,89.48435696036663,1.483472852608771,7.376882167317486
4728.0,64.8807144165039,291.53640293643184,12.863750039149764,-298.483267523737,291.53640293643184,298.483267523737,202.05204570319043,11.380277313478082,-305.86015000999487,89.4843572332414,1.4834727256716809,7.3768824862578555
4736.0,64.99063110351562,291.5364032361125,12.863760034725455,-298.48323243548344,291.5364032361125,298.48323243548344,202.05204597166124,11.380287366896832,-305.86011465678905,89.48435726445129,1.4834726678286239,7.376882221305605
4744.0,65.10054779052734,291.5363941171886,12.86376231884418,-298.4832118177915,291.5363941171886,298.4832118177915,202.05203649011202,11.380289608580812,-305.86009448945606,89.4843576270766,1.4834727102633685,7.376882671664536
4752.0,65.21045684814453,291.53639252630666,12.863775102707548,-298.48322299417333,291.53639252630666,298.48322299417333,202.05203491197022,11.380302537844129,-305.860105804936,89.48435761433643,1.4834725648634197,7.376882810762629
4760.0,65.32037353515625,291.53640076215936,12.863777966362019,-298.4832080863823,291.53640076215936,298.4832080863823,202.05204332002415,11.380305251746428,-305.8600909432438,89.4843574421352,1.4834727146155915,7.376882856861455
4768.0,65.43029022216797,291.53638819753223,12.863791553856961,-298.4831490834873,291.53638819753223,298.4831490834873,202.05203026112216,11.380319082472306,-305.8600322644605,89.48435793641008,1.4834724713846548,7.37688318097317
4776.0,65.54019927978516,291.53638719376283,12.863800366345085,-298.4831340022634,291.53638719376283,298.4831340022634,202.0520291745067,11.380328033369683,-305.86001741834514,89.48435801925613,1.4834723329754036,7.376883416081752
4784.0,65.65011596679688,291.5364035353643,12.863806094932459,-298.4831620389697,291.5364035353643,298.4831620389697,202.0520452362012,11.380333655630784,-305.8600453756502,89.48435829916309,1.4834724393016754,7.376883336680493
4792.0,65.7600326538086,291.536411555082,12.863816500122036,-298.4831490899503,291.536411555082,298.4831490899503,202.05205320490936,11.38034416143008,-305.86003234610615,89.48435835017263,1.4834723386919553,7.376883256155857
4800.0,65.86994171142578,291.5364033109213,12.863827670636207,-298.4831332033886,291.5364033109213,298.4831332033886,202.05204500996103,11.380355289216714,-305.8600165594251,89.48435830096027,1.4834723814194923,7.376883356036492
4808.0,65.9798583984375,291.53639026394285,12.863830948515018,-298.483115331418,291.53639026394285,298.483115331418,202.0520317521342,11.380358642710043,-305.85999906388156,89.48435851180867,1.4834723058049755,7.376883732463549
4816.0,66.08977508544922,291.5364277876695,12.863851945683217,-298.48313919965744,291.5364277876695,298.48313919965744,202.05206921665763,11.380379436435966,-305.8600232624384,89.48435857101187,1.483472509247251,7.376884062780976
4824.0,66.1996841430664,291.5364288931328,12.863854191549121,-298.48311327503984,291.5364288931328,298.48311327503984,202.05206999574602,11.38038182000659,-305.859997503182,89.48435889738676,1.4834723715425306,7.3768842281421545
4832.0,66.30960845947266,291.53640734830356,12.863870220222147,-298.48308543906927,291.53640734830356,298.48308543906927,202.05204846441086,11.380397914322334,-305.8599698866973,89.4843588838927,1.483472305899812,7.376884447628002
4840.0,66.41951751708984,291.5364260306778,12.863881580390684,-298.48311257669513,291.5364260306778,298.48311257669513,202.0520668246763,11.380409032273672,-305.85999672489345,89.48435920600147,1.4834725481170121,7.376884148198329
4848.0,66.52943420410156,291.5364253565532,12.863891740765563,-298.4830799264089,291.5364253565532,298.4830799264089,202.05206631535367,11.380419351674972,-305.8599640710864,89.4843590411995,1.4834723890905912,7.376884144677488
4856.0,66.63935089111328,291.53640958944726,12.86390389341399,-298.4830257202342,291.53640958944726,298.4830257202342,202.05205058313584,11.380431494340055,-305.85991032633603,89.48435900631142,1.4834723990739365,7.3768846061018625
4864.0,66.749267578125,291.5364402507314,12.863913813210718,-298.48307279425296,291.5364402507314,298.48307279425296,202.05208132278264,11.380441566804036,-305.85995707280813,89.48435892794878,1.4834722464066827,7.376884278555179
4872.0,66.85918426513672,291.5364276124605,12.863923090333756,-298.48303682384096,291.5364276124605,298.48303682384096,202.05206844715713,11.380450887303805,-305.8599215797695,89.48435916530339,1.4834722030299505,7.376884755928557
4880.0,66.96904754638672,291.53641111957126,12.863937521896593,-298.4829729721122,291.53641111957126,298.4829729721122,202.05205196978042,11.380465515433606,-305.8598581119901,89.48435914979085,1.4834720064629872,7.376885139877889
4888.0,67.0789566040039,291.53642393215205,12.863947514816493,-298.48301113919973,291.53642393215205,298.48301113919973,202.05206430963875,11.380475604407906,-305.8598962763146,89.48435962251327,1.4834719104085874,7.376885137114842
4896.0,67.18887329101562,291.53641961241675,12.863960881886362,-298.4829666734973,291.53641961241675,298.4829666734973,202.05205992875867,11.380488926084576,-305.8598521054479,89.48435968365808,1.483471955801786,7.37688543195062
4904.0,67.29878997802734,291.536425642096,12.863961164368563,-298.4829650642036,291.536425642096,298.4829650642036,202.05206586922296,11.38048921843442,-305.8598505427684,89.48435977287303,1.4834719459341434,7.376885478564812
4912.0,67.40869903564453,291.5364232601821,12.863986365608286,-298.48293385209297,291.5364232601821,298.48293385209297,202.0520637783181,11.380514539888924,-305.85981947527114,89.48435948186402,1.4834718257193606,7.376885623178168
4920.0,67.51861572265625,291.53644021884,12.863994373483234,-298.48295942998885,291.53644021884,298.48295942998885,202.0520805416783,11.38052235744731,-305.859845144332,89.48435967716175,1.4834720160359234,7.376885714343137
4928.0,67.62853240966797,291.5364316300669,12.86400662745039,-298.48291653912844,291.5364316300669,298.48291653912844,202.05207151110432,11.380534589943395,-305.85980225282964,89.48436011896256,1.4834720375069959,7.376885713701192
4936.0,67.73844146728516,291.53645051370927,12.864020795461084,-298.4829446980198,291.53645051370927,298.4829446980198,202.05209049884556,11.380548819618317,-305.8598305059915,89.48436001486368,1.4834719758427657,7.3768858079717035
4944.0,67.84835815429688,291.53643463026845,12.864035420956604,-298.4828461690555,291.53643463026845,298.4828461690555,202.05207407758587,11.3805634275619,-305.85973222002144,89.48436055268256,1.483471993394705,7.3768860509659415
4952.0,67.9582748413086,291.53642780022426,12.864049207752958,-298.48284940340915,291.53642780022426,298.48284940340915,202.0520670694749,11.380577125867724,-305.859735389709,89.48436073074939,1.4834720818852336,7.376885986299852
4960.0,68.06818389892578,291.5364382501697,12.864056633344614,-298.4828696034417,291.5364382501697,298.4828696034417,202.05207742405517,11.380584764855525,-305.8597556856705,89.48436082611452,1.4834718684890884,7.376886082228808
4968.0,68.1781005859375,291.5364500922234,12.86407924804706,-298.4828353632286,291.5364500922234,298.4828353632286,202.05208913608288,11.380607334106301,-305.8597215913466,89.4843609561405,1.4834719139407597,7.376886228118008
4976.0,68.28801727294922,291.5364494024374,12.864089302483467,-298.4828301343789,291.5364494024374,298.4828301343789,202.05208840216858,11.380617104405221,-305.8597168293485,89.48436100026885,1.483472198078247,7.376886694969558
4984.0,68.3979263305664,291.5364638066465,12.864095961173806,-298.48282391686945,291.5364638066465,298.48282391686945,202.05210266617868,11.380624243865066,-305.859710364425,89.48436114046783,1.4834717173087402,7.376886447555522
4992.0,68.50784301757812,291.5364545672419,12.864111806032641,-298.482809752633,291.5364545672419,298.482809752633,202.05209339573977,11.380639853389674,-305.85969629700503,89.48436117150214,1.4834719526429674,7.376886544372034
5000.0,68.61775970458984,291.53644391294563,12.864131880931778,-298.4827794202931,291.53644391294563,298.4827794202931,202.0520826718755,11.380659751099905,-305.8596663069471,89.48436124107016,1.483472129831872,7.376886886653935
5008.0,68.72766876220703,291.53645474327266,12.864143763195784,-298.4827691676563,291.53645474327266,298.4827691676563,202.05209331200638,11.380671917768442,-305.85965564075866,89.4843614312663,1.4834718454273417,7.376886473102369
5016.0,68.83758544921875,291.5364577436891,12.864151597301136,-298.4827685672263,291.5364577436891,298.4827685672263,202.05209659972942,11.380680062910711,-305.85965531189856,89.48436114395967,1.4834715343904255,7.376886744672271
5024.0,68.94750213623047,291.5364485120431,12.864164835101475,-298.4827263886351,291.5364485120431,298.4827263886351,202.0520871177407,11.38069290203321,-305.8596132359811,89.48436139430238,1.4834719330682642,7.376886847345983
5032.0,69.05741119384766,291.5364612370641,12.864185328706046,-298.4827277648638,291.5364612370641,298.4827277648638,202.05209977857976,11.380713609858038,-305.85961471652206,89.48436145848432,1.483471718848009,7.376886951658264
5040.0,69.16732788085938,291.5364684837375,12.864192845570543,-298.48273171040887,291.5364684837375,298.48273171040887,202.05210697474342,11.380721274884728,-305.8596183941856,89.48436150899406,1.4834715706858153,7.3768866837767275
5048.0,69.2772445678711,291.53647291781505,12.864207089904161,-298.4827066467761,291.53647291781505,298.4827066467761,202.05211132902843,11.380735203060661,-305.85959338485526,89.48436158878661,1.4834718868434997,7.376886738079152
5056.0,69.38715362548828,291.53646049156634,12.864222857871185,-298.48265340365987,291.53646049156634,298.48265340365987,202.0520991379794,11.380750851139842,-305.8595406806653,89.4843613535869,1.4834720067313434,7.376887277005453
5064.0,69.4970703125,291.5364670419169,12.86423674162652,-298.4826528773152,291.5364670419169,298.4826528773152,202.05210539884712,11.380765314406618,-305.8595397253955,89.48436164306983,1.4834714272199014,7.3768868480802965
5072.0,69.60698699951172,291.5364721796679,12.86426049856498,-298.48263978828805,291.5364721796679,298.48263978828805,202.05211059007212,11.38078864901455,-305.85952707224885,89.48436158959576,1.4834718495504302,7.376887283960795
5080.0,69.7168960571289,291.5364726508378,12.864271939962991,-298.4826373276793,291.5364726508378,298.4826373276793,202.0521109810984,11.380800209134023,-305.85952493005095,89.48436166973943,1.483471730828969,7.376887602371658
5088.0,69.82681274414062,291.5365001255258,12.864285072595024,-298.4826432620918,291.5365001255258,298.4826432620918,202.0521384403175,11.380813590063406,-305.8595303903513,89.48436168520826,1.4834714825316173,7.376887128259505
5096.0,69.93672943115234,291.53649150042565,12.864302985383237,-298.4826323700917,291.53649150042565,298.4826323700917,202.05212962394097,11.380831659656554,-305.8595196035467,89.48436187648471,1.4834713257266823,7.376887233454952
5104.0,70.04663848876953,291.5364748834736,12.86431188384472,-298.48255229574863,291.5364748834736,298.48255229574863,202.05211315633744,11.38084063035741,-305.8594395513962,89.48436172713615,1.483471253487311,7.376887255647519
5112.0,70.15655517578125,291.53650609858573,12.864333606745598,-298.4825877329081,291.53650609858573,298.4825877329081,202.05214399327204,11.380862185540643,-305.8594751477618,89.48436210531368,1.4834714212049547,7.376887414853762
5120.0,70.26647186279297,291.5364856085428,12.864346939101784,-298.48252011548,291.5364856085428,298.48252011548,202.05212360890624,11.380875555426107,-305.8594074095528,89.48436199963659,1.4834713836756779,7.376887294072777
5128.0,70.37638092041016,291.5364920325698,12.864359639846132,-298.4825107351275,291.5364920325698,298.4825107351275,202.0521298284272,11.380888199815146,-305.85939811087417,89.48436220414258,1.4834714400309856,7.376887375746678
5136.0,70.48625183105469,291.53651604140384,12.864377840351398,-298.4825279699507,291.53651604140384,298.4825279699507,202.05215336793492,11.380906624576205,-305.8594154723555,89.48436267346892,1.483471215775194,7.376887502404833
5144.0,70.5961685180664,291.53651334445925,12.864391775287443,-298.48251007889223,291.53651334445925,298.48251007889223,202.05215083635744,11.380920494143565,-305.85939782538617,89.48436250810181,1.4834712811438773,7.37688774649394
5152.0,70.70608520507812,291.5365222529789,12.864412403732805,-298.4824967913456,291.5365222529789,298.4824967913456,202.05215945714633,11.380941105654863,-305.8593845211413,89.48436279583257,1.4834712980779419,7.376887729795651
5160.0,70.81600189208984,291.53652220497946,12.864425145001595,-298.482451373684,291.53652220497946,298.482451373684,202.05215923542528,11.38095396600917,-305.85933940335394,89.4843629695542,1.4834711789924262,7.376888029669941
5168.0,70.92591094970703,291.53652655992886,12.864450018458605,-298.48246105610315,291.53652655992886,298.48246105610315,202.05216335104927,11.380978593347072,-305.85934901322605,89.48436320887957,1.4834714251115328,7.376887957122917
5176.0,71.03582763671875,291.53652865563856,12.864458255733473,-298.4824396071395,291.53652865563856,298.4824396071395,202.05216507946938,11.380986859358856,-305.8593274780885,89.48436357616919,1.4834713963746171,7.376887870949043
5184.0,71.14574432373047,291.53652476522086,12.86448243396182,-298.4823873424766,291.53652476522086,298.4823873424766,202.0521608427582,11.38101110960391,-305.85927556652905,89.48436392246262,1.4834713243579087,7.376888224052462
5192.0,71.25565338134766,291.53653860973134,12.864498159746377,-298.482414955876,291.53653860973134,298.482414955876,202.0521748972858,11.381026586570819,-305.8593030806316,89.48436371244557,1.4834715731755577,7.376888124755617
5200.0,71.36557006835938,291.53652904340794,12.86451830730934,-298.48235251108173,291.53652904340794,298.48235251108173,202.0521649274375,11.381047274468596,-305.85924080186766,89.48436411597044,1.4834710328407439,7.3768882907859386
5208.0,71.4754867553711,291.5365424982028,12.864535782219386,-298.4823685173347,291.5365424982028,298.4823685173347,202.05217842505172,11.381064406620883,-305.8592567978583,89.48436407315106,1.4834713755985032,7.376888280523583
5216.0,71.58539581298828,291.5365308885699,12.864546965711686,-298.4823325456054,291.5365308885699,298.4823325456054,202.05216648510265,11.381075324030824,-305.859221054606,89.48436440346725,1.483471641680862,7.376888509000601
5224.0,71.6953125,291.53654497265956,12.864570039583766,-298.4823179317163,291.53654497265956,298.4823179317163,202.05218021400006,11.381098672341547,-305.85920626614524,89.4843647586595,1.4834713672422188,7.376888334428931
5232.0,71.80522918701172,291.5365405749902,12.864589585944403,-298.48230176191964,291.5365405749902,298.48230176191964,202.0521754681472,11.381118335203475,-305.85919016599496,89.48436510684303,1.483471250740928,7.376888404075326
5240.0,71.9151382446289,291.53655173260523,12.864617027336525,-298.4822764077199,291.53655173260523,298.4822764077199,202.0521866941856,11.381145438181155,-305.8591651700586,89.48436503841964,1.48347158915537,7.376888762338718
5248.0,72.02505493164062,291.5365603077379,12.864628405999746,-298.4822671691815,291.5365603077379,298.4822671691815,202.05219526470117,11.38115697091059,-305.85915568455175,89.48436504303669,1.483471435089155,7.376888515370222
5256.0,72.13497161865234,291.53655021719015,12.864650412866753,-298.48223597680783,291.53655021719015,298.48223597680783,202.0521849195321,11.381179294979534,-305.85912507602046,89.48436529765807,1.4834711178872193,7.376889099212657
5264.0,72.24488067626953,291.536570679415,12.864664648926453,-298.4822371336625,291.536570679415,298.4822371336625,202.05220505066933,11.381193282373607,-305.85912589827996,89.48436562874565,1.4834713665528472,7.376888764617407
5272.0,72.35479736328125,291.53656758551915,12.864687281923397,-298.48219459995465,291.53656758551915,298.48219459995465,202.05220189542337,11.38121559328631,-305.8590836422137,89.48436569009576,1.4834716886370862,7.37688904225904
5280.0,72.46471405029297,291.53657674926717,12.864710099886462,-298.48219711747595,291.53657674926717,298.48219711747595,202.05221106101203,11.381238755872157,-305.8590862401178,89.48436568825514,1.483471344014304,7.376889122641854
5288.0,72.57462310791016,291.5365648269792,12.864725723566693,-298.4821431401792,291.5365648269792,298.4821431401792,202.05219869480786,11.381254448229038,-305.85903221567844,89.48436613217132,1.4834712753376549,7.376889075499259
5296.0,72.68453979492188,291.5365944806414,12.864744338146394,-298.4821584589222,291.5365944806414,298.4821584589222,202.05222820865126,11.381272971240653,-305.8590475692362,89.48436627199015,1.4834713669057402,7.376889110314039
5304.0,72.7944564819336,291.5365734540639,12.86476635722655,-298.4820936079167,291.5365734540639,298.4820936079167,202.05220753038577,11.381295226679605,-305.8589832262053,89.48436592367813,1.483471130546945,7.376889618288593
5312.0,72.90436553955078,291.5365921092954,12.864786676343815,-298.48210111064583,291.5365921092954,298.48210111064583,202.05222579375913,11.381315469473227,-305.8589904465358,89.48436631553625,1.4834712068705873,7.3768893358899765
5320.0,73.0142822265625,291.53656952233416,12.864804406681332,-298.48203411198415,291.53656952233416,298.48203411198415,202.0522033073498,11.381333105049508,-305.85892364070475,89.48436621498439,1.4834713016318226,7.376889528720569
5328.0,73.12419891357422,291.536596346545,12.864822185656513,-298.4820781543555,291.536596346545,298.4820781543555,202.05222983586447,11.381350964685206,-305.8589675372267,89.48436651068054,1.4834712209713068,7.376889382871202
5336.0,73.2341079711914,291.5365992934431,12.864847791064065,-298.4820284714667,291.5365992934431,298.4820284714667,202.0522330111452,11.381376646932999,-305.8589179023313,89.4843662822979,1.4834711441310668,7.376889430864567
5344.0,73.34402465820312,291.53659426303506,12.864864944617661,-298.48197772093266,291.53659426303506,298.48197772093266,202.05222757583178,11.381393529687012,-305.8588672382811,89.48436668720328,1.4834714149306505,7.376889517348456
5352.0,73.45394134521484,291.5366123873151,12.86488934308897,-298.4820185205305,291.5366123873151,298.4820185205305,202.05224565671878,11.381417987149616,-305.8589082574318,89.4843667305963,1.4834713559393542,7.376889736901248
5360.0,73.56385040283203,291.5366189538918,12.86490778877798,-298.4819715481716,291.5366189538918,298.4819715481716,202.05225224430475,11.381436602754125,-305.85886132196026,89.484366709587,1.4834711860238559,7.376889773788648
5368.0,73.67376708984375,291.53660805410493,12.864925557102406,-298.4819381680712,291.53660805410493,298.4819381680712,202.05224086241913,11.381454332993679,-305.8588280642737,89.48436719168583,1.4834712241087287,7.376889896202511
5376.0,73.78368377685547,291.53661127259505,12.86496130293136,-298.48191132300394,291.53661127259505,298.48191132300394,202.05224433528315,11.381490056738572,-305.85880130445855,89.48436693731192,1.483471246192786,7.376889981454603
5384.0,73.89359283447266,291.5366363503337,12.864977063348448,-298.48192702728204,291.5366363503337,298.48192702728204,202.0522691549695,11.381505885818472,-305.85881671705516,89.4843671953642,1.4834711775299763,7.376889689773098
5392.0,74.00345611572266,291.5366250557533,12.865000863328676,-298.48185823480344,291.5366250557533,298.48185823480344,202.05225768708777,11.381529715858404,-305.85874789068987,89.48436736866552,1.4834711474702718,7.376889655886434
5400.0,74.11337280273438,291.53663085610845,12.86502305366906,-298.481841286168,291.53663085610845,298.481841286168,202.05226349058916,11.38155204555144,-305.8587310197248,89.48436736551929,1.4834710081176192,7.376889733556815
5408.0,74.2232894897461,291.53663957426784,12.865047956121405,-298.48183796894926,291.53663957426784,298.48183796894926,202.05227196206621,11.381577005816592,-305.8587279387145,89.4843676122016,1.4834709503048136,7.376889969765241
5416.0,74.33319854736328,291.53664740030786,12.865067734982784,-298.48181002088296,291.53664740030786,298.48181002088296,202.05227974133828,11.381596703106501,-305.8587000719555,89.48436765896957,1.483471031876282,7.376890051072575
5424.0,74.443115234375,291.536656754035,12.865092480386437,-298.48181203304205,291.536656754035,298.48181203304205,202.05228884008375,11.381621332051255,-305.85870196804694,89.48436791395127,1.4834711483351815,7.376889935004879
5432.0,74.55303192138672,291.5366471555913,12.86510428618025,-298.48173595045427,291.5366471555913,298.48173595045427,202.05227885331215,11.38163331311427,-305.8586257547179,89.48436830227917,1.4834709730659803,7.376889804263626
5440.0,74.6629409790039,291.53666319336827,12.865129022676657,-298.48173513418436,291.53666319336827,298.48173513418436,202.05229487774926,11.381657838198844,-305.85862546022116,89.48436831561901,1.4834711844778128,7.376890326036802
5448.0,74.77285766601562,291.5366761450357,12.865149886325314,-298.48173445204463,291.5366761450357,298.48173445204463,202.05230774246047,11.381678664632604,-305.85862435844797,89.48436840257526,1.4834712216927106,7.376889906403331
5456.0,74.88277435302734,291.53667956101737,12.865179669827043,-298.48172196433995,291.53667956101737,298.48172196433995,202.0523109399422,11.381708676014902,-305.85861192952115,89.48436862107516,1.48347099381214,7.37688996518122
5464.0,74.99268341064453,291.5366701563922,12.865205135642793,-298.48166201180527,291.5366701563922,298.48166201180527,202.05230150330493,11.381734070771083,-305.8585523041537,89.48436865308726,1.4834710648717095,7.3768902923484605
5472.0,75.10260009765625,291.53666503510453,12.865229492615816,-298.48162039578665,291.53666503510453,298.48162039578665,202.0522961582673,11.381758583992431,-305.8585106533575,89.48436887683721,1.483470908623385,7.376890257570828
5480.0,75.21251678466797,291.5366756426963,12.865250730631072,-298.4816200809553,291.5366756426963,298.4816200809553,202.05230654854466,11.381779527524047,-305.8585103064013,89.48436909415162,1.4834712031070247,7.376890225446011
5488.0,75.32242584228516,291.5366731547998,12.865271595312667,-298.48154533978754,291.5366731547998,298.48154533978754,202.052303744999,11.381800343333447,-305.8584359789353,89.48436940980079,1.4834712519792195,7.376890639147748
5496.0,75.43234252929688,291.5366904794679,12.86529316170147,-298.4815517901783,291.5366904794679,298.4815517901783,202.05232114801976,11.381821888256614,-305.85844208881883,89.48436933144816,1.4834712734448563,7.376890298640543
5504.0,75.5422592163086,291.53669695731054,12.865316668927527,-298.48150748313077,291.53669695731054,298.48150748313077,202.052327474509,11.38184548293084,-305.85839782303105,89.48436948280153,1.4834711859966867,7.376890339900272
5512.0,75.65216827392578,291.53672069285807,12.865353109867316,-298.481551341649,291.53672069285807,298.481551341649,202.0523508631233,11.38188187841387,-305.85844173617824,89.48436982973476,1.483471231453446,7.376890394529278
5520.0,75.7620849609375,291.5367205227146,12.865374931262922,-298.48150240113415,291.5367205227146,298.48150240113415,202.05235073471812,11.3819037352215,-305.8583931623764,89.48436978799646,1.4834711960414235,7.376890761242255
5528.0,75.87200164794922,291.53672886514073,12.865391944654153,-298.48149117799704,291.53672886514073,298.48149117799704,202.05235885709664,11.381920683699704,-305.85838164842437,89.48437000804407,1.483471260954448,7.376890470427302
5536.0,75.9819107055664,291.5367379212104,12.865429836943953,-298.48145343906896,291.5367379212104,298.48145343906896,202.05236786467157,11.381958497227778,-305.8583439896546,89.48437005653884,1.4834713397161743,7.376890550585625
5544.0,76.09182739257812,291.53673537780975,12.865447672090456,-298.48140621720677,291.53673537780975,298.48140621720677,202.05236498958934,11.381976144206378,-305.8582971933879,89.48437038822043,1.483471527884077,7.376890976181134
5552.0,76.20174407958984,291.5367494131923,12.86548597516894,-298.4813772157071,291.5367494131923,298.4813772157071,202.0523786921589,11.382014417220194,-305.85826836350134,89.48437072103337,1.483471557948746,7.376891147794234
5560.0,76.31165313720703,291.5367420993914,12.865504322745151,-298.4813516062363,291.5367420993914,298.4813516062363,202.052371167032,11.382033100922968,-305.85824257985223,89.48437093235941,1.483471221822184,7.3768909736159305
5568.0,76.42156982421875,291.5367497709195,12.865533543248723,-298.481326591476,291.5367497709195,298.481326591476,202.0523786969362,11.382062305526826,-305.85821737994746,89.48437107398337,1.4834712377218975,7.376890788471506
5576.0,76.53148651123047,291.53677189589746,12.865555750369458,-298.48133718885964,291.53677189589746,298.48133718885964,202.05240032772838,11.382084360811913,-305.85822792478257,89.48437156816911,1.4834713895575447,7.376890735922929
5584.0,76.64139556884766,291.5367642092506,12.865587821097456,-298.4812797741111,291.5367642092506,298.4812797741111,202.05239282249684,11.38211651149852,-305.8581709632953,89.48437138675371,1.4834713095989367,7.376891189184203
5592.0,76.75131225585938,291.53677404721583,12.865616935877036,-298.4812560745921,291.53677404721583,298.4812560745921,202.05240202444554,11.382145655072398,-305.8581473829237,89.48437202277029,1.483471280804638,7.3768913083315635
5600.0,76.8612289428711,291.5367849671494,12.865648738234192,-298.4812247877658,291.5367849671494,298.4812247877658,202.05241274924325,11.382177377317182,-305.8581160872516,89.48437221790613,1.48347136091701,7.376891299485763
5608.0,76.97113800048828,291.53677261132884,12.865680028111688,-298.48117350112943,291.53677261132884,298.48117350112943,202.0524000606724,11.382208786117017,-305.85806490274325,89.48437255065646,1.4834712419946718,7.376891401613806
5616.0,77.08104705810547,291.5367951118713,12.8657090226447,-298.4811681447967,291.5367951118713,298.4811681447967,202.05242249761287,11.382237790375257,-305.8580593869319,89.48437261425843,1.483471232269442,7.376891242135242
5624.0,77.19097137451172,291.53679500629073,12.865736452640432,-298.4811279654586,291.53679500629073,298.4811279654586,202.0524221032687,11.382265017722732,-305.8580192600758,89.484372903022,1.4834714349176994,7.376891294617211
5632.0,77.3008804321289,291.5368072759336,12.86576340187997,-298.481103374333,291.5368072759336,298.481103374333,202.05243399331243,11.382292385062716,-305.857995017775,89.48437328262116,1.4834710168172551,7.376891643442061
5640.0,77.41079711914062,291.5368148163502,12.865797320524164,-298.4810756111074,291.5368148163502,298.4810756111074,202.05244125858664,11.382326000817987,-305.8579670721834,89.4843735577636,1.4834713197061777,7.376891461075967
5648.0,77.52066040039062,291.5368002951647,12.86581301973503,-298.48099932543727,291.5368002951647,298.48099932543727,202.05242655962883,11.382341789442012,-305.8578907264829,89.48437373553588,1.4834712302930182,7.3768914010456035
5656.0,77.63057708740234,291.5368184132178,12.86585046785201,-298.48098718470703,291.5368184132178,298.48098718470703,202.0524441819336,11.382379168876453,-305.85787858519785,89.48437423128422,1.483471298975556,7.376891400490805
5664.0,77.74048614501953,291.53682176114194,12.865877945877527,-298.48096261690114,291.53682176114194,298.48096261690114,202.05244736643925,11.382406804742057,-305.85785423856123,89.4843743947027,1.4834711411354695,7.376891621660093
5672.0,77.85040283203125,291.5368319480224,12.865909709943384,-298.4809439524661,291.5368319480224,298.4809439524661,202.05245776546627,11.38243840153906,-305.8578354004654,89.48437418255608,1.4834713084043236,7.376891447999304
5680.0,77.96031951904297,291.53685435497357,12.86594852137911,-298.4809426690741,291.53685435497357,298.4809426690741,202.05247995743167,11.3824771583262,-305.85783380819964,89.48437439754187,1.4834713630529095,7.376891139125522
5688.0,78.07023620605469,291.5368599442682,12.865973151843658,-298.4808714018353,291.5368599442682,298.4808714018353,202.05248524448422,11.382501914639118,-305.857763158164,89.48437469978397,1.4834712372045398,7.376891756328686
5696.0,78.18014526367188,291.53685812867786,12.866012455838893,-298.48085695898965,291.53685812867786,298.48085695898965,202.05248360049853,11.382541383741613,-305.8577483505564,89.4843745281793,1.4834710720972806,7.376891391566745
5704.0,78.2900619506836,291.5368780065465,12.866041803860512,-298.48084750134996,291.5368780065465,298.48084750134996,202.05250306986608,11.38257026380074,-305.85773942157095,89.48437493668042,1.48347154005977,7.376891920220993
5712.0,78.39997863769531,291.53687032216277,12.866069474817607,-298.48077903885724,291.53687032216277,298.48077903885724,202.05249530845282,11.38259814771486,-305.857670921265,89.48437501370995,1.4834713271027469,7.37689188240777
5720.0,78.50989532470703,291.53687912208545,12.86610416661361,-298.48078044851076,291.53687912208545,298.48078044851076,202.05250380563052,11.382633205310649,-305.8576722719473,89.48437531645493,1.4834709613029609,7.3768918234365355
5728.0,78.61980438232422,291.53687520866686,12.866139385843233,-298.4807224668942,291.53687520866686,298.4807224668942,202.05249983183515,11.382668155424719,-305.857614080745,89.4843753768317,1.483471230418515,7.376891613850846
5736.0,78.72972106933594,291.5368901213755,12.866167881996397,-298.48069845808305,291.5368901213755,298.48069845808305,202.05251477454397,11.382696564358119,-305.85759037398583,89.48437534683154,1.4834713176382786,7.376891915902788
5744.0,78.83963012695312,291.5368807998219,12.86620680792583,-298.4806509298588,291.5368807998219,298.4806509298588,202.0525055996212,11.38273567772071,-305.8575428853219,89.4843752002007,1.4834711302051193,7.376891955463081
5752.0,78.94954681396484,291.5368912773225,12.866232137348067,-298.48061906816065,291.5368912773225,298.48061906816065,202.05251611035257,11.38276115712338,-305.8575108448247,89.48437516696998,1.4834709802246868,7.376891776664031
5760.0,79.05945587158203,291.5369019221713,12.866264147295649,-298.48060190376816,291.5369019221713,298.48060190376816,202.05252629081625,11.38279297665043,-305.8574934940966,89.48437563135506,1.483471170645219,7.376891590328428
5768.0,79.16937255859375,291.53691582965865,12.866299807801074,-298.4805810467474,291.53691582965865,298.4805810467474,202.05254048698612,11.38282850258853,-305.8574730399571,89.48437534267252,1.4834713052125426,7.376891993209728
5776.0,79.27928924560547,291.5369199554866,12.866325191440799,-298.4805342921299,291.5369199554866,298.4805342921299,202.05254430964698,11.382854126138518,-305.85742612227557,89.48437564583965,1.4834710653022813,7.376891830145667
5784.0,79.38919830322266,291.5369224853365,12.86636358381819,-298.4805035925815,291.5369224853365,298.4805035925815,202.05254684372068,11.38289253797551,-305.8573953888941,89.48437564161583,1.48347104584268,7.376891796312595
5792.0,79.49911499023438,291.53693881408356,12.86639919367505,-298.48046476884826,291.53693881408356,298.48046476884826,202.0525630924508,11.382927894871653,-305.8573563515014,89.48437572163277,1.483471298803397,7.376891582653103
5800.0,79.6090316772461,291.53694392622714,12.866432591887344,-298.4804405907826,291.53694392622714,298.4804405907826,202.0525680583405,11.382961313676022,-305.85733262122574,89.48437586788663,1.483471278211322,7.3768920304430905
5808.0,79.71894836425781,291.5369637968329,12.866469832450077,-298.48040792773037,291.5369637968329,298.48040792773037,202.05258787184218,11.382998594659739,-305.85730001405193,89.4843759249907,1.4834712377903378,7.376892086321538
5816.0,79.82886505126953,291.536961652384,12.866501986898001,-298.4803598165164,291.536961652384,298.4803598165164,202.0525850421542,11.38303075545621,-305.85725188666834,89.48437661022976,1.4834712314417908,7.376892070151942
5824.0,79.93877410888672,291.5369666756558,12.866542735984714,-298.48032432876266,291.5369666756558,298.48032432876266,202.05258966523476,11.383071670055745,-305.8572165380866,89.48437701042103,1.4834710659289683,7.376892209323948
5832.0,80.04869079589844,291.536981429684,12.866576519827385,-298.4802937342842,291.536981429684,298.4802937342842,202.05260385464936,11.383105414796708,-305.8571859588347,89.48437757503463,1.483471105030678,7.376892224550513
5840.0,80.15860748291016,291.53699403388396,12.86660659596793,-298.4802571769035,291.53699403388396,298.4802571769035,202.0526166554515,11.383135632955968,-305.85714993556485,89.48437737843244,1.4834709630119631,7.376892758661395
5848.0,80.26851654052734,291.5369966900865,12.866652268384357,-298.48021796714346,291.5369966900865,298.48021796714346,202.05261849510805,11.383181225858714,-305.8571103216302,89.48437819497843,1.4834710425256423,7.376892354486774
5856.0,80.37843322753906,291.5369979588549,12.866684820737078,-298.4801573125103,291.5369979588549,298.4801573125103,202.05261939730107,11.383213638837542,-305.8570497730579,89.48437856155381,1.4834711818995345,7.376892460547618
5864.0,80.48834991455078,291.537007559824,12.866720664944502,-298.48013110445277,291.537007559824,298.48013110445277,202.052629014417,11.383249620384948,-305.85702360209484,89.48437854540701,1.4834710445595538,7.376892497642055
5872.0,80.59825897216797,291.5370255739216,12.866770955549084,-298.48012768842176,291.5370255739216,298.48012768842176,202.05264670767815,11.383299848522075,-305.8570199375291,89.48437886624346,1.4834711070270095,7.37689224910733
5880.0,80.70817565917969,291.53702742720134,12.866794096546714,-298.48007458371774,291.53702742720134,298.48007458371774,202.05264848112404,11.383323024367105,-305.8569671204631,89.48437894607729,1.483471072179609,7.376892536745357
5888.0,80.8180923461914,291.53703501198146,12.866836171428636,-298.48004072957303,291.53703501198146,298.48004072957303,202.0526558920412,11.383365063251413,-305.85693335042987,89.48437911994027,1.483471108177224,7.3768926208568315
5896.0,80.9280014038086,291.5370457577011,12.86688118023581,-298.47999726376514,291.5370457577011,298.47999726376514,202.05266696671575,11.383410176747915,-305.8568897358796,89.48437879098537,1.4834710034878942,7.376892472114456
5904.0,81.03787231445312,291.53704450235523,12.866912840194729,-298.4799562210459,291.53704450235523,298.4799562210459,202.05266514606845,11.383441753119868,-305.856848861159,89.48437935628675,1.4834710870748613,7.376892640113123
5912.0,81.14778900146484,291.5370733984862,12.866952738558268,-298.4799418231531,291.5370733984862,298.4799418231531,202.05269397301072,11.383481831585964,-305.8568344385085,89.48437942547547,1.4834709069723047,7.376892615355374
5920.0,81.25769805908203,291.53706346304807,12.866991249778623,-298.4798554935416,291.53706346304807,298.4798554935416,202.05268348190594,11.383520306599255,-305.8567483091876,89.4843799811421,1.483470943179368,7.376892815645968
5928.0,81.36761474609375,291.53707691394027,12.867033133772525,-298.4798567642693,291.53707691394027,298.4798567642693,202.05269701839438,11.38356211859907,-305.85674943921697,89.48437989554587,1.483471015173455,7.376892674947655
5936.0,81.47753143310547,291.53708160552054,12.867064662949193,-298.47980227945925,291.53708160552054,298.47980227945925,202.05270143640666,11.383593701805236,-305.8566950101608,89.48438016911386,1.4834709611439578,7.376892730701568
5944.0,81.58744049072266,291.5370927041902,12.867104026267063,-298.4797769133403,291.5370927041902,298.4797769133403,202.0527124156116,11.383633110084894,-305.856669659023,89.48438028857856,1.4834709161821684,7.376892745682714
5952.0,81.69735717773438,291.5370928810898,12.867145702988207,-298.47973234468583,291.5370928810898,298.47973234468583,202.05271265644495,11.38367483520996,-305.85662498533065,89.48438022464485,1.4834708677782469,7.3768926406448
5960.0,81.8072738647461,291.5370993737055,12.867186494144924,-298.47966114348606,291.5370993737055,298.47966114348606,202.05271881887467,11.38371559260436,-305.8565539619209,89.48438055483084,1.4834709015405636,7.376892818434853
5968.0,81.91718292236328,291.5371066313894,12.86721517478043,-298.4796420196243,291.5371066313894,298.4796420196243,202.05272576594382,11.383744272607037,-305.856534846714,89.48438086544562,1.483470902173392,7.37689282708972
5976.0,82.027099609375,291.5369825005932,12.867262376398163,-298.4795534780801,291.5369825005932,298.4795534780801,202.05260460817584,11.383791770416826,-305.85644542433,89.48437789241734,1.4834706059813372,7.3768919462499
5984.0,82.13701629638672,291.53674641813274,12.86720682175436,-298.4794761603166,291.53674641813274,298.4794761603166,202.05239135043564,11.383735943521273,-305.8563631770781,89.4843550676971,1.4834708782330863,7.376887016761512
5992.0,82.2469253540039,291.53680358226444,12.867172628452625,-298.47955387582823,291.53680358226444,298.47955387582823,202.0524608271259,11.383701751874359,-305.85643829202826,89.48434275513854,1.4834708765782665,7.376884416200042
6000.0,82.35684204101562,291.536875814556,12.86716765661015,-298.4796351926909,291.536875814556,298.4796351926909,202.05253470742537,11.383697185881118,-305.8565188268774,89.48434110713065,1.4834704707290318,7.376883634186451
6008.0,82.46675872802734,291.5369054072335,12.867166758594069,-298.47962418754753,291.5369054072335,298.47962418754753,202.05256360419418,11.383696497399802,-305.85650780180794,89.48434180303936,1.483470261194267,7.376883614260386
6016.0,82.57666778564453,291.5369265231335,12.867165193360517,-298.47961792094213,291.5369265231335,298.47961792094213,202.05258269581753,11.383694652452071,-305.8565017251022,89.48434382731597,1.4834705409084452,7.376883804160087
6024.0,82.68658447265625,291.5369882879675,12.867171104294725,-298.47967925289595,291.5369882879675,298.47967925289595,202.05264102691564,11.38370039278917,-305.8565634771985,89.48434726105188,1.4834707115055559,7.376884224302558
6032.0,82.79650115966797,291.53702083991857,12.86716742238878,-298.4796667449436,291.53702083991857,298.4796667449436,202.05266915287717,11.38369709886014,-305.85655180871106,89.48435168704138,1.4834703235286402,7.376885063767495
6040.0,82.90641021728516,291.53707915314067,12.867163843593552,-298.4797478880432,291.53707915314067,298.4797478880432,202.05272300665501,11.383693100332687,-305.85663355409156,89.48435614648568,1.483470743260865,7.376885666048323
6048.0,83.01632690429688,291.5370835988259,12.867154087091533,-298.47969760069185,291.5370835988259,298.47969760069185,202.0527231408605,11.383683657175478,-305.8565842282675,89.48436045796544,1.4834704299160553,7.376886627575618
6056.0,83.1262435913086,291.53710025996304,12.867155095834766,-298.47974933916527,291.53710025996304,298.47974933916527,202.05273531631184,11.383684773845728,-305.8566364111075,89.48436494365122,1.4834703219890388,7.3768870719422495
6064.0,83.23615264892578,291.5371008054565,12.867146705955316,-298.4797126752162,291.5371008054565,298.4797126752162,202.0527326692937,11.383676046471848,-305.85660077334285,89.48436813616274,1.483470659483467,7.376888098126667
6072.0,83.3460693359375,291.53710480418357,12.86713270960808,-298.4797151682925,291.53710480418357,298.4797151682925,202.05273471177964,11.38366232613635,-305.85660343560306,89.48437009240395,1.4834703834717309,7.376888267310583
6080.0,83.45598602294922,291.5371034010759,12.867134024029685,-298.4797613953098,291.5371034010759,298.4797613953098,202.05273210713835,11.383663526697609,-305.8566502924451,89.48437129393756,1.483470497332077,7.376888897135325
6088.0,83.5658950805664,291.5370904390254,12.867131843149034,-298.47972680444497,291.5370904390254,298.47972680444497,202.05271803126828,11.383661458755816,-305.85661583303846,89.48437240775714,1.4834703843932187,7.376889028593492
6096.0,83.67581176757812,291.5370725920169,12.867132146465678,-298.4797134452263,291.5370725920169,298.4797134452263,202.0526998186656,11.383661457821601,-305.85660248522214,89.48437277335131,1.483470688644077,7.37688903999584
6104.0,83.78572845458984,291.5370739393094,12.86712623057272,-298.4797433272547,291.5370739393094,298.4797433272547,202.0527012895745,11.38365553859348,-305.8566326544842,89.48437264973491,1.4834706919792406,7.3768893272295095
6112.0,83.89563751220703,291.53704833984943,12.86711642566075,-298.479692418795,291.53704833984943,298.479692418795,202.0526760669685,11.38364578201918,-305.8565816251694,89.48437227288095,1.4834706436415706,7.376889206374351
6120.0,84.00555419921875,291.53705539476846,12.867111086416834,-298.4797363382934,291.53705539476846,298.4797363382934,202.05268354093596,11.383640318378491,-305.85662571421744,89.48437185383247,1.4834707680383419,7.376889375924074
6128.0,84.11547088623047,291.53704789270756,12.867117222071387,-298.47972183761686,291.53704789270756,298.47972183761686,202.0526761842922,11.38364636038535,-305.8566110892996,89.48437170841535,1.483470861686037,7.376889251682687
6136.0,84.22537994384766,291.53704920347514,12.86711035491117,-298.4797699578469,291.53704920347514,298.4797699578469,202.05267771834087,11.383639443801936,-305.8566594246123,89.48437148513428,1.483470911109233,7.376889466765409
6144.0,84.33529663085938,291.5370393860028,12.8671063276035,-298.4797419042081,291.5370393860028,298.4797419042081,202.05266811870732,11.383635509223756,-305.8566313188344,89.48437126729544,1.4834708183797425,7.376889414626297
6152.0,84.4452133178711,291.53704323826696,12.867108601280401,-298.4797443821883,291.53704323826696,298.4797443821883,202.0526722583212,11.383637749804338,-305.85663383975884,89.4843709799458,1.483470851476063,7.376889457570562
6160.0,84.5550765991211,291.5370263557875,12.867104719505063,-298.47972855314345,291.5370263557875,298.47972855314345,202.05265551805093,11.38363383982188,-305.8566181165852,89.48437083773658,1.483470879683183,7.376889563441729
6168.0,84.66499328613281,291.5370371564832,12.867100816350893,-298.479761840081,291.5370371564832,298.479761840081,202.05266635265167,11.38362982636654,-305.85665122782456,89.48437080383155,1.4834709899843534,7.37688938774359
6176.0,84.77490997314453,291.53703494188704,12.867097432998097,-298.4797501333657,291.53703494188704,298.4797501333657,202.05266428080455,11.383626602980216,-305.8566395753234,89.4843706610825,1.4834708300178803,7.376889441957696
6184.0,84.88482666015625,291.5370259029739,12.867091887159537,-298.4797447518307,291.5370259029739,298.4797447518307,202.05265543042876,11.383621215651782,-305.8566342597177,89.48437047254511,1.4834706715077541,7.376889507886977
6192.0,84.99474334716797,291.5370280866782,12.86709050168104,-298.4797579430315,291.5370280866782,298.4797579430315,202.05265769129196,11.38361958936523,-305.85664740541654,89.48437039538626,1.4834709123158105,7.3768894623850745
6200.0,85.10465240478516,291.5370413964513,12.867092850400702,-298.47975775845146,291.5370413964513,298.47975775845146,202.05267090582817,11.383621874538495,-305.8566471231944,89.48437049062315,1.4834709758622082,7.376889364742977
6208.0,85.21456909179688,291.5370329597411,12.867091870450523,-298.4797509501445,291.5370329597411,298.4797509501445,202.05266232040523,11.383620975863776,-305.85664045533673,89.48437063933586,1.483470894586746,7.376889505192233
6216.0,85.3244857788086,291.5370313512336,12.86708512588398,-298.4797522113511,291.5370313512336,298.4797522113511,202.05266055502523,11.383614046955012,-305.85664180863716,89.48437079620838,1.4834710789289685,7.376889597286026
6224.0,85.43438720703125,291.5370156723419,12.867080427882355,-298.47974523008435,291.5370156723419,298.47974523008435,202.05264491661086,11.383609641429096,-305.8566350115192,89.48437075573102,1.4834707864532581,7.376889781434857
6232.0,85.5443115234375,291.53703545799056,12.86707620470141,-298.4797563581053,291.53703545799056,298.4797563581053,202.05266467408666,11.383605324055175,-305.85664590662634,89.48437078390388,1.4834708806462353,7.376889548521012
6240.0,85.65421295166016,291.5370276652306,12.86707704433817,-298.4797489931736,291.5370276652306,298.4797489931736,202.05265687240353,11.383606309884755,-305.8566389332216,89.48437079282708,1.4834707344534155,7.376889940048013
6248.0,85.7641372680664,291.53702650681447,12.867073889052772,-298.4797787305295,291.53702650681447,298.4797787305295,202.05265579400003,11.383603078125692,-305.856668422954,89.48437071281445,1.4834708109270816,7.376889692424483
6256.0,85.8740463256836,291.53703397817156,12.867079913726373,-298.47978267652957,291.53703397817156,298.47978267652957,202.05266292161295,11.383608965089959,-305.8566720610022,89.48437105655863,1.4834709486364146,7.376889384472613
6264.0,85.98397064208984,291.53702667892645,12.86706777462379,-298.4797639829259,291.53702667892645,298.4797639829259,202.0526553636844,11.383597030244484,-305.8566534578255,89.48437131524206,1.4834707443793058,7.376889474899599
6272.0,86.0938720703125,291.53702492330905,12.867064589339762,-298.479753451895,291.53702492330905,298.479753451895,202.05265325551233,11.383593944274821,-305.85664337654794,89.48437166779671,1.4834706450649415,7.376889924652892
6280.0,86.20379638671875,291.53703918039594,12.867058781537045,-298.47978208839515,291.53703918039594,298.47978208839515,202.05266704904608,11.383588048835927,-305.8566719361373,89.48437213134989,1.4834707327011176,7.376889847742139
6288.0,86.3136978149414,291.5370256236362,12.867059367812391,-298.4797566014638,291.5370256236362,298.4797566014638,202.05265339017456,11.383588628443652,-305.85664657551115,89.48437223346167,1.4834707393687394,7.376889974047362
6296.0,86.42362213134766,291.5370291179944,12.867055912907002,-298.47976873553444,291.5370291179944,298.47976873553444,202.0526569432048,11.383585387182102,-305.8566586185749,89.4843721747896,1.4834705257249003,7.376889883040436
6304.0,86.53353881835938,291.5370361743828,12.867065950730591,-298.47976000805494,291.5370361743828,298.47976000805494,202.05266395635292,11.383595447636004,-305.8566501118599,89.48437221802988,1.483470503094587,7.376890103804946
6312.0,86.6434555053711,291.5370406536939,12.867061634039697,-298.47979724308703,291.5370406536939,298.47979724308703,202.0526682429978,11.383591003627656,-305.85668714896633,89.48437241069608,1.4834706304120417,7.376889905879306
6320.0,86.75336456298828,291.5370364998497,12.867063003103386,-298.47977624339535,291.5370364998497,298.47977624339535,202.05266417459228,11.383592505053763,-305.8566666082975,89.48437232525745,1.4834704980496227,7.376890364902103
6328.0,86.86328125,291.53704930807,12.867050845411017,-298.4797969625889,291.53704930807,298.4797969625889,202.0526766411136,11.383580319484114,-305.8566872311641,89.48437266695635,1.4834705259269025,7.376890268575142
6336.0,86.97319793701172,291.5370333333632,12.867054849256048,-298.47980279249344,291.5370333333632,298.47980279249344,202.05266078895409,11.383584243794674,-305.8566931198678,89.48437254440907,1.4834706054613742,7.376890327374381
6344.0,87.0831069946289,291.5370320831623,12.867055565347712,-298.4797739792674,291.5370320831623,298.4797739792674,202.0526597736424,11.383584709120525,-305.85666436267206,89.48437230951986,1.4834708562271883,7.376890383404656
6352.0,87.19302368164062,291.5370220174698,12.86705299296568,-298.4797877257019,291.5370220174698,298.4797877257019,202.05264973261913,11.383582432494311,-305.8566781926944,89.48437228485065,1.4834705604713698,7.376890466992524
6360.0,87.30294036865234,291.53703513854384,12.867047119194535,-298.47977675654994,291.53703513854384,298.47977675654994,202.05266266614046,11.383576764463474,-305.85666763993027,89.48437247240338,1.4834703547310617,7.3768908833803
6368.0,87.41284942626953,291.53704127060496,12.867051852096576,-298.4797998216748,291.53704127060496,298.4797998216748,202.05266878611144,11.383581155200734,-305.85669018774814,89.48437248449353,1.4834706968958433,7.376890366073311
6376.0,87.52276611328125,291.5370346841602,12.867051248607615,-298.4797882359562,291.5370346841602,298.4797882359562,202.0526625352332,11.38358081117807,-305.85667868374685,89.48437214892695,1.4834704374295442,7.376890447790624
6384.0,87.63268280029297,291.53703421062494,12.867043784810901,-298.4797892047861,291.53703421062494,298.4797892047861,202.05266172603862,11.383573043304555,-305.8566795621056,89.48437248458632,1.483470741506347,7.3768903573195415
6392.0,87.74259185791016,291.53703043296434,12.86704610061542,-298.47977738953665,291.53703043296434,298.47977738953665,202.05265833310236,11.38357554266014,-305.8566677301245,89.484372099862,1.483470557955281,7.376890340587854
6400.0,87.85250854492188,291.5370300366668,12.867042579595907,-298.47978683528413,291.5370300366668,298.47978683528413,202.05265752588866,11.383571936571775,-305.85667747215103,89.48437251077813,1.4834706430241327,7.3768906368669045
6408.0,87.9624252319336,291.53704478253127,12.867044744950176,-298.47983774529007,291.53704478253127,298.47983774529007,202.05267224387416,11.383574058314224,-305.8567281852345,89.48437253865711,1.4834706866359526,7.376890439944391
6416.0,88.0722885131836,291.53704675215874,12.867041631600742,-298.4798186158407,291.53704675215874,298.4798186158407,202.05267410666195,11.383570850858021,-305.8567091087334,89.48437264549676,1.4834707807427205,7.376890492892706
6424.0,88.18221282958984,291.5370455349696,12.867043175889838,-298.4798095630216,291.5370455349696,298.4798095630216,202.05267274289312,11.383572587411162,-305.8567000966201,89.48437279207646,1.4834705884786759,7.376890533598518
6432.0,88.2921142578125,291.5370326707945,12.867045512687275,-298.47977055865744,291.5370326707945,298.47977055865744,202.05265959486564,11.383574936756595,-305.8566613990341,89.48437307592883,1.4834705759306797,7.376890840376696
6440.0,88.40203857421875,291.53703415926884,12.867039771927294,-298.47978367793246,291.53703415926884,298.47978367793246,202.052660888608,11.383569128425401,-305.8566742637486,89.48437327066088,1.4834706435018927,7.376890585816092
6448.0,88.5119400024414,291.5370503465838,12.867044757902843,-298.47982748005796,291.5370503465838,298.47982748005796,202.05267681462644,11.383574168605715,-305.85671806831147,89.48437353195732,1.4834705892971267,7.37689058825352
6456.0,88.62186431884766,291.5370427148896,12.867039393512771,-298.4797914328937,291.5370427148896,298.4797914328937,202.05266917931021,11.383568414222015,-305.8566824315808,89.48437353557937,1.4834709792907563,7.37689099868708
6464.0,88.73177337646484,291.5370391294618,12.867041224483565,-298.47979843751114,291.5370391294618,298.47979843751114,202.05266501381928,11.383570507893737,-305.8566892966174,89.4843741156425,1.4834707165898287,7.376890859106251
6472.0,88.8416976928711,291.53704965972076,12.867046644005661,-298.4797920442771,291.53704965972076,298.4797920442771,202.0526754886321,11.38357600780677,-305.8566829505555,89.48437417108866,1.4834706361988916,7.3768909062784545
6480.0,88.95159912109375,291.53704673140146,12.867049558584332,-298.47979104300504,291.53704673140146,298.47979104300504,202.05267248661835,11.383578939240232,-305.8566822830906,89.48437424478311,1.4834706193440999,7.3768912400855875
6488.0,89.0615234375,291.53704302489825,12.867051738042408,-298.47978649278417,291.53704302489825,298.47978649278417,202.05266847741382,11.383581307140783,-305.85667735055733,89.48437454748446,1.4834704309016236,7.376890857773164
6496.0,89.17142486572266,291.5370410973655,12.867046324941878,-298.47977010552614,291.5370410973655,298.47977010552614,202.05266632138643,11.383575885515025,-305.8566611511043,89.48437477597905,1.4834704394268527,7.376891045578142
6504.0,89.2813491821289,291.53703760898117,12.867051513335527,-298.4797666160163,291.53703760898117,298.4797666160163,202.05266273952816,11.383581007900865,-305.85665765281027,89.484374869453,1.4834705054346617,7.376891036793959
6512.0,89.3912582397461,291.53704181522767,12.867056190149354,-298.4797707739787,291.53704181522767,298.4797707739787,202.0526668271545,11.383585543672172,-305.8566619197436,89.48437498807317,1.4834706464771816,7.376891145764898
6520.0,89.50118255615234,291.5370525479055,12.867050558625358,-298.479778627079,291.5370525479055,298.479778627079,202.05267734316263,11.383579907700073,-305.8566699268302,89.48437520474288,1.4834706509252853,7.376891299751213
6528.0,89.611083984375,291.5370618285424,12.86705340382405,-298.47978959196706,291.5370618285424,298.47978959196706,202.0526861446112,11.38358289934687,-305.856680688613,89.4843756839312,1.4834705044771805,7.376891096645944
6536.0,89.72100830078125,291.53705965618343,12.867056273162543,-298.47978311231645,291.53705965618343,298.47978311231645,202.05268424074455,11.383585435248264,-305.8566741849837,89.48437541543888,1.4834708379142796,7.376891072667243
6544.0,89.8309097290039,291.53703904384184,12.867056284627255,-298.4797678599131,291.53703904384184,298.4797678599131,202.05266309633754,11.383585751818783,-305.85665919680986,89.4843759475043,1.483470532808472,7.37689133689672
6552.0,89.94083404541016,291.5370489371495,12.867054293418622,-298.47975458308025,291.5370489371495,298.47975458308025,202.05267299645112,11.383583847198569,-305.85664559074485,89.48437594069837,1.4834704462200532,7.376891007664576
6560.0,90.05074310302734,291.5370624539436,12.867067633299607,-298.4797935850561,291.5370624539436,298.4797935850561,202.0526864073794,11.383597039530924,-305.85668486536133,89.48437604656414,1.483470593768683,7.376891280305246
6568.0,90.1606674194336,291.5370422718412,12.867059895687474,-298.47974918452536,291.5370422718412,298.47974918452536,202.05266598946832,11.383589221112494,-305.85664057617146,89.48437628237288,1.4834706745749797,7.37689139164608
6576.0,90.27056884765625,291.53704939742806,12.867067942681402,-298.47975128503623,291.53704939742806,298.47975128503623,202.0526730589229,11.383597253990796,-305.8566426378165,89.48437633850514,1.4834706886906046,7.37689135278029
6584.0,90.3804931640625,291.5370590302943,12.867071735184307,-298.4797733108372,291.5370590302943,298.4797733108372,202.0526823613856,11.383601050924938,-305.8566643842807,89.4843766689087,1.4834706842593706,7.376891073443499
6592.0,90.49039459228516,291.5370516665105,12.867079651354976,-298.47976404166263,291.5370516665105,298.47976404166263,202.05267516489158,11.383609053510233,-305.8566551840247,89.48437650161887,1.483470597844743,7.376891142362052
6600.0,90.6003189086914,291.5370637655942,12.867075249170707,-298.4797833068848,291.5370637655942,298.4797833068848,202.05268699314348,11.38360472034026,-305.8566747024083,89.48437677245076,1.4834705288304457,7.376891395523499
6608.0,90.7102279663086,291.537059174487,12.867079045410373,-298.47975584703556,291.537059174487,298.47975584703556,202.052682210019,11.383608328448236,-305.8566472536653,89.48437696446804,1.4834707169621364,7.376891406629728
6616.0,90.82015228271484,291.53705740098303,12.867082027443415,-298.479758751015,291.53705740098303,298.479758751015,202.0526803040308,11.383611264475022,-305.856650022405,89.48437709695224,1.4834707629683925,7.376891271389962
6624.0,90.9300537109375,291.5370629823499,12.867085472386155,-298.4797413531925,291.5370629823499,298.4797413531925,202.05268568076838,11.383614769556544,-305.85663269526367,89.48437730158153,1.4834707028296106,7.376891342071213
6632.0,91.03997802734375,291.53707016790986,12.867088751135153,-298.4797643172265,291.53707016790986,298.4797643172265,202.05269241568143,11.383618245905815,-305.85665570637707,89.48437775222845,1.4834705052293389,7.376891389150582
6640.0,91.1498794555664,291.53707297797155,12.86709475413723,-298.4797383078851,291.53707297797155,298.4797383078851,202.0526949908442,11.383624048659282,-305.856629856904,89.48437798712733,1.4834707054779495,7.37689154901893
6648.0,91.25980377197266,291.5370755173206,12.86710495991776,-298.4797358131598,291.5370755173206,298.4797358131598,202.05269732256272,11.383634169237867,-305.8566272103474,89.48437819475788,1.483470790679893,7.376891397187632
6656.0,91.36971282958984,291.5370668266739,12.867101616297791,-298.4797136966122,291.5370668266739,298.4797136966122,202.05268838185657,11.383631067725293,-305.85660532231384,89.4843784448173,1.4834705485724977,7.376891625701643
6664.0,91.4796371459961,291.5370861503277,12.86710481205978,-298.47974171240776,291.5370861503277,298.47974171240776,202.05270784373712,11.383634280908717,-305.85663302678944,89.4843783065906,1.4834705311510628,7.3768913143816786
6672.0,91.5895004272461,291.53707216163497,12.867115883580261,-298.4797164258203,291.53707216163497,298.4797164258203,202.05269360641495,11.383645285468095,-305.8566079632024,89.48437855522,1.4834705981121659,7.376891537382109
6680.0,91.69942474365234,291.5370895498107,12.86711961631671,-298.4797384842126,291.5370895498107,298.4797384842126,202.05271107616957,11.38364905449555,-305.85663021157956,89.48437847364109,1.48347056182116,7.376891727366976
6688.0,91.809326171875,291.5370845210125,12.867128059569643,-298.4797389337131,291.5370845210125,298.4797389337131,202.05270594743374,11.38365737039931,-305.8566306013091,89.4843785735788,1.4834706891703326,7.376891667595979
6696.0,91.91925048828125,291.5370792600523,12.867124725252364,-298.47972681031666,291.5370792600523,298.47972681031666,202.05270029524087,11.38365410805904,-305.85661828860924,89.48437896481141,1.4834706171933232,7.37689147829255
6704.0,92.0291519165039,291.53706400374426,12.867134813392301,-298.4796677684772,291.53706400374426,298.4796677684772,202.05268516367659,11.383664266179785,-305.856559152004,89.48437884006769,1.4834705472125167,7.376891383526799
6712.0,92.13907623291016,291.5370777668056,12.867138597786537,-298.47969331235066,291.5370777668056,298.47969331235066,202.05269875376032,11.383668044081016,-305.85658492127413,89.48437901304527,1.4834705537055204,7.376891608923453
6720.0,92.24898529052734,291.537084771055,12.86713812729657,-298.47972093385863,291.537084771055,298.47972093385863,202.05270570578688,11.383667477815411,-305.8566126116292,89.48437906526812,1.48347064948116,7.376891677770585
6728.0,92.3589096069336,291.53706598882985,12.867145572990205,-298.4796599047864,291.53706598882985,298.4796599047864,202.05268708839245,11.383674884840746,-305.8565514703487,89.4843789004374,1.4834706881494597,7.376891565562282
6736.0,92.46881103515625,291.5370827208683,12.86715184239004,-298.4796930220939,291.5370827208683,298.4796930220939,202.05270366268786,11.38368125907235,-305.8565848631713,89.48437905818044,1.4834705833176889,7.376891841077417
6744.0,92.5787353515625,291.53708060066003,12.867159721969129,-298.47967296238704,291.53708060066003,298.47967296238704,202.05270136998197,11.38368908583736,-305.85656457846244,89.48437923067807,1.4834706361317678,7.376891616075419
6752.0,92.68863677978516,291.5370735220026,12.867160382446356,-298.47964880427895,291.5370735220026,298.47964880427895,202.05269408718144,11.383689677482641,-305.8565405685612,89.48437943482112,1.4834707049637146,7.376891764282196
6760.0,92.7985610961914,291.5370901795235,12.867174026357173,-298.47967521992746,291.5370901795235,298.47967521992746,202.05271053483662,11.383703117096237,-305.85656717725203,89.4843796446869,1.4834709092609357,7.376891957324584
6768.0,92.9084701538086,291.5370926020006,12.867181069588712,-298.479644405815,291.5370926020006,298.479644405815,202.0527129320102,11.383710236722248,-305.8565362286406,89.4843796699904,1.4834708328664643,7.376891822825611
6776.0,93.01839447021484,291.537103471854,12.8671879702497,-298.47969617126387,291.537103471854,298.47969617126387,202.05272352598675,11.383717198696058,-305.8565880116271,89.48437994586725,1.4834707715536433,7.376891840363199
6784.0,93.1282958984375,291.5371089920925,12.867188866694377,-298.4796506790566,291.5371089920925,298.4796506790566,202.052728645597,11.383717919706317,-305.8565424465737,89.4843803464955,1.48347094698806,7.376891767517106
6792.0,93.23822021484375,291.5370992474386,12.867200138093907,-298.4796377350691,291.5370992474386,298.4796377350691,202.05271904113036,11.383729106495545,-305.85652972682317,89.48438020630829,1.4834710315983617,7.3768919917540465
6800.0,93.3481216430664,291.5370889659566,12.867208135861912,-298.4796373828194,291.5370889659566,298.4796373828194,202.05270865842502,11.383737165362412,-305.8565291736566,89.48438030753162,1.483470970499499,7.376891790837183
6808.0,93.45803833007812,291.53709795839995,12.867213213241016,-298.4796048967236,291.53709795839995,298.4796048967236,202.0527173932167,11.383742419948815,-305.8564970796432,89.48438056518326,1.4834707932921996,7.376892182919636
6816.0,93.56795501708984,291.5371137345974,12.867225504932513,-298.4796486876054,291.5371137345974,298.4796486876054,202.05273318016594,11.383754499952799,-305.85654088702626,89.48438055443147,1.483471004979715,7.376892199420882
6824.0,93.67786407470703,291.5371060674207,12.867230853280034,-298.47961880303825,291.5371060674207,298.47961880303825,202.0527254205159,11.383760263147717,-305.8565108090038,89.48438064690484,1.4834705901323173,7.376892005965519
6832.0,93.78778076171875,291.5371011667305,12.867230494991462,-298.47961267120724,291.5371011667305,298.47961267120724,202.05272041714755,11.383759636088058,-305.8565045261295,89.48438074958293,1.4834708589034042,7.376891854922314
6840.0,93.897705078125,291.5371138065296,12.867242426209668,-298.4796239067822,291.5371138065296,298.4796239067822,202.05273286244554,11.383771765733098,-305.85651582392734,89.48438094408407,1.4834706604765708,7.376891917145116
6848.0,94.00760650634766,291.5371162662086,12.867248319154982,-298.47961539113874,291.5371162662086,298.47961539113874,202.05273519028057,11.383777472186488,-305.8565075140089,89.48438107592806,1.4834708469684936,7.376892122870158
6856.0,94.1175308227539,291.537110868761,12.867249415281398,-298.47958969510006,291.537110868761,298.47958969510006,202.0527298491237,11.383778664684753,-305.8564818894582,89.48438101963728,1.4834707505966445,7.376892194358173
6864.0,94.2274398803711,291.5370980263715,12.867263446723795,-298.4795495702084,291.5370980263715,298.4795495702084,202.05271699267837,11.383792446681868,-305.8564417885791,89.48438103369314,1.4834710000419267,7.376892218370711
6872.0,94.33736419677734,291.53710709343795,12.86727915828924,-298.47954300373846,291.53710709343795,298.47954300373846,202.05272546766565,11.383808468680462,-305.85643533765483,89.4843816257723,1.4834706896087777,7.3768923339163806
6880.0,94.447265625,291.5371127876439,12.86728393586232,-298.4795618095408,291.5371127876439,298.4795618095408,202.05273137111539,11.38381318487904,-305.8564541014366,89.48438141652849,1.48347075098328,7.376892291895789
6888.0,94.55718994140625,291.53711122465234,12.867293715298397,-298.47954568210946,291.53711122465234,298.47954568210946,202.05272960023825,11.383822919453936,-305.8564380913507,89.4843816244141,1.4834707958444615,7.376892409241222
6896.0,94.6670913696289,291.5371049031989,12.867291311247069,-298.479529375644,291.5371049031989,298.479529375644,202.05272325197652,11.383820483565357,-305.85642193026035,89.48438165122236,1.4834708276817128,7.376892554616319
6904.0,94.77701568603516,291.53711985743706,12.867309013346434,-298.47953473913543,291.53711985743706,298.47953473913543,202.05273795462764,11.383838275789564,-305.8564270805607,89.48438190280942,1.483470737556869,7.376892341425295
6912.0,94.88692474365234,291.5371319100128,12.867321277296506,-298.4795445019348,291.5371319100128,298.4795445019348,202.052749948501,11.383850530112412,-305.8564367590135,89.48438196151179,1.483470747184095,7.3768922570786675
6920.0,94.9968490600586,291.5371373026676,12.867324759248657,-298.47956138729126,291.5371373026676,298.47956138729126,202.05275559952946,11.383854017082179,-305.85645334382224,89.48438170313813,1.4834707421664772,7.3768919565309865
6928.0,95.1067123413086,291.5371368043568,12.8673285840865,-298.4795117180629,291.5371368043568,298.4795117180629,202.05275503325805,11.383857976094319,-305.8564039672576,89.48438177109875,1.4834706079921824,7.37689224919473
6936.0,95.21662139892578,291.53712815592746,12.867342334497895,-298.47949859821017,291.53712815592746,298.47949859821017,202.05274615229243,11.383871660946753,-305.85639094361363,89.48438200363503,1.483470673551143,7.376892345403469
6944.0,95.3265380859375,291.5371337626971,12.8673484962229,-298.4795030650665,291.5371337626971,298.4795030650665,202.05275156014457,11.383877906096988,-305.85639530209403,89.48438220255255,1.4834705901259138,7.376892237027533
6952.0,95.43645477294922,291.53713043038465,12.867357542487092,-298.4794849612026,291.53713043038465,298.4794849612026,202.0527483350543,11.383886775002633,-305.85637741451194,89.48438209533032,1.4834707674844587,7.376892453309343
6960.0,95.5463638305664,291.53712469795437,12.867369215001018,-298.47945085808294,291.53712469795437,298.47945085808294,202.05274250907777,11.383898664290486,-305.85634313776814,89.48438218887662,1.4834705507105326,7.3768922796851975
6968.0,95.65628051757812,291.5371407255198,12.867383688288674,-298.47945673801047,291.5371407255198,298.47945673801047,202.05275799669903,11.383913127333928,-305.856348977395,89.48438272882076,1.4834705609547458,7.376892239384519
6976.0,95.76619720458984,291.5371460662468,12.86738422740085,-298.47949121201884,291.5371460662468,298.47949121201884,202.0527633163297,11.383913528120424,-305.8563838566396,89.48438274991713,1.4834706992804256,7.376892644620751
6984.0,95.87610626220703,291.53714249500075,12.867397453550831,-298.4794455428807,291.53714249500075,298.4794455428807,202.05275990034744,11.383926831314305,-305.8563380077975,89.48438259465331,1.483470622236526,7.37689246491678
6992.0,95.98602294921875,291.5371235047047,12.86741187681936,-298.4794149996812,291.5371235047047,298.4794149996812,202.05274103376115,11.383941231442067,-305.85630748045656,89.48438247094357,1.4834706453772928,7.376892480775375
7000.0,96.09593963623047,291.5370397242502,12.867408511083951,-298.4793964349031,291.5370397242502,298.4793964349031,202.05265962249536,11.383938003943491,-305.8562882906442,89.48438010175482,1.4834705071404601,7.376891855741139
7008.0,96.20584869384766,291.5369546194037,12.8673782316512,-298.47935010914784,291.5369546194037,298.47935010914784,202.0525814731128,11.383907595533067,-305.8562405142422,89.48437314629089,1.4834706361181331,7.376890405094343
7016.0,96.31576538085938,291.53696819364495,12.867364803813976,-298.47940046028333,291.53696819364495,298.47940046028333,202.05260016623743,11.383894117505939,-305.8562898523878,89.4843680274075,1.483470686308037,7.376889392104498
7024.0,96.4256820678711,291.53698107542664,12.867357146750843,-298.47942587528587,291.53698107542664,298.47942587528587,202.05261506619632,11.383886711668804,-305.8563147592845,89.4843660092303,1.4834704350820387,7.376888883998627
7032.0,96.53559112548828,291.536990520733,12.867349115648576,-298.4794340164789,291.536990520733,298.4794340164789,202.0526255319124,11.383878561867917,-305.8563227506056,89.48436498882059,1.48347055378066,7.3768887341267195
7040.0,96.6455078125,291.5370243495527,12.867344136923892,-298.4794645273548,291.5370243495527,298.4794645273548,202.05265877455224,11.38387389062865,-305.8563533242443,89.4843655750005,1.4834702462952418,7.376888796889517
7048.0,96.75542449951172,291.53702280324217,12.867343097262962,-298.47947007016717,291.53702280324217,298.47947007016717,202.05265694260302,11.383872923101007,-305.85635844529406,89.48436586063913,1.4834701741619543,7.376888375126924
7056.0,96.8653335571289,291.53703471554564,12.86733852000324,-298.4794515843397,291.53703471554564,298.4794515843397,202.05266840701523,11.383868317726243,-305.85634056187837,89.48436630853043,1.483470202276998,7.376888977538641
7064.0,96.97525024414062,291.5370321625211,12.867337740184874,-298.4794668971678,291.5370321625211,298.4794668971678,202.05266500541887,11.383867415304671,-305.85635602929574,89.48436715710218,1.4834703248802026,7.3768891321279355
7072.0,97.08516693115234,291.5370658379828,12.867333766921258,-298.47951829122917,291.5370658379828,298.47951829122917,202.05269807391488,11.383863632903253,-305.85640752874326,89.48436776406797,1.4834701340180048,7.376889237514106
7080.0,97.19507598876953,291.5370474494849,12.867328359555659,-298.4794706972816,291.5370474494849,298.4794706972816,202.0526790307902,11.38385780900532,-305.8563602547906,89.4843684186947,1.483470550550338,7.37688955750901
7088.0,97.30499267578125,291.53704470270765,12.867329252713013,-298.47946106030827,291.53704470270765,298.47946106030827,202.05267534271562,11.383858797444708,-305.85635089559435,89.48436935999204,1.4834704552683053,7.376889835286082
7096.0,97.41490936279297,291.53706757844714,12.867315001334086,-298.479499647205,291.53706757844714,298.479499647205,202.05269726266673,11.38384448026514,-305.85638941204763,89.48437031578044,1.4834705210689467,7.376889764842627
7104.0,97.52481842041016,291.53706858028147,12.867312824061619,-298.47950049918836,291.53706858028147,298.47950049918836,202.05269775702777,11.383842387146561,-305.8563906038404,89.48437082325373,1.4834704369150573,7.376890104652055
7112.0,97.63473510742188,291.5370635122115,12.867304660286246,-298.4794962559137,291.5370635122115,298.4794962559137,202.05269219002338,11.383834307119615,-305.8563865658284,89.48437132218808,1.4834703531666313,7.3768903099146845
7120.0,97.7446517944336,291.5370737083983,12.86729966587563,-298.4795266036965,291.5370737083983,298.4795266036965,202.0527015578925,11.3838291714927,-305.8564167520465,89.48437215050579,1.4834704943829293,7.3768901483499985
7128.0,97.85456085205078,291.5370773888184,12.867303615005891,-298.47952976312473,291.5370773888184,298.47952976312473,202.0527051820305,11.383833117037604,-305.85642045089145,89.4843722067879,1.4834704979682876,7.376890687766734
7136.0,97.9644775390625,291.53706863340796,12.867298722888753,-298.47951263361443,291.53706863340796,298.47951263361443,202.05269616426213,11.383828262274957,-305.8564030730205,89.48437246914582,1.4834704606137965,7.376890439406057
7144.0,98.07440185546875,291.53706302453827,12.867290277296416,-298.4794932814238,291.53706302453827,298.4794932814238,202.05269016795444,11.383819980734067,-305.85638379326565,89.4843728565838,1.483470296562349,7.376890511841845
7152.0,98.1843032836914,291.5370724519135,12.867283794599217,-298.4795272596461,291.5370724519135,298.4795272596461,202.05269930638872,11.383813387492731,-305.8564177482074,89.48437314552478,1.483470407106485,7.376890488561262
7160.0,98.29422760009766,291.53708007981186,12.86727707859187,-298.4795339780291,291.53708007981186,298.4795339780291,202.05270695087523,11.383806671158453,-305.8564247602739,89.4843731289366,1.4834704074334166,7.376890782244805
7168.0,98.40413665771484,291.5370777839552,12.86727693555153,-298.4795358839575,291.5370777839552,298.4795358839575,202.0527043601682,11.383806718555254,-305.8564266291771,89.48437342378703,1.4834702169962757,7.376890745219628
7176.0,98.5140609741211,291.5370736805489,12.867274809410878,-298.4795612635233,291.5370736805489,298.4795612635233,202.05270050039255,11.38380441735318,-305.85645205221897,89.48437318015631,1.4834703920576984,7.376890788695699
7184.0,98.6239242553711,291.5370592178655,12.867265695120539,-298.4795315041095,291.5370592178655,298.4795315041095,202.05268602857558,11.383795412938042,-305.8564222435703,89.48437318928993,1.483470282182496,7.376890739460826
7192.0,98.73384857177734,291.5370665612935,12.867266291488104,-298.4795497274451,291.5370665612935,298.4795497274451,202.05269322631298,11.38379578106202,-305.85644033225515,89.48437333498052,1.4834705104260837,7.376890604810047
7200.0,98.84375,291.5370644366689,12.86726631502555,-298.4795568412718,291.5370644366689,298.4795568412718,202.05269098097034,11.383795814312741,-305.8564476675797,89.48437345569857,1.4834705007128084,7.376890826307888
7208.0,98.95367431640625,291.537063933024,12.8672582038782,-298.47956242015306,291.537063933024,298.47956242015306,202.05269046638728,11.383787814065332,-305.85645324045805,89.48437346663675,1.4834703898128663,7.376890820305006
7216.0,99.0635757446289,291.5370677792612,12.867252214145969,-298.4795772426754,291.5370677792612,298.4795772426754,202.05269436856554,11.383781722478348,-305.85646785786264,89.48437341069564,1.4834704916676205,7.376890615187195
7224.0,99.17350006103516,291.5370699244582,12.86725093353805,-298.47955864890474,291.5370699244582,298.47955864890474,202.0526967166996,11.383780573566373,-305.8564494536756,89.48437320775862,1.4834703599716785,7.37689080477087
7232.0,99.28340911865234,291.5370663833455,12.867240750938548,-298.4795882040807,291.5370663833455,298.4795882040807,202.0526929211063,11.383770377507503,-305.8564790974148,89.48437346223923,1.4834703734310448,7.3768908933340995
7240.0,99.3933334350586,291.5370495699757,12.867237663836288,-298.47957209414125,291.5370495699757,298.47957209414125,202.05267619278828,11.383767400987367,-305.8564628504355,89.48437337718744,1.4834702628489216,7.37689075629422
7248.0,99.50323486328125,291.5370594195847,12.86723233808751,-298.47958356820936,291.5370594195847,298.47958356820936,202.05268600872125,11.383761815617618,-305.85647449000555,89.48437341086344,1.483470522469892,7.376890921796195
7256.0,99.6131591796875,291.5370486085469,12.867224741152214,-298.47958678591124,291.5370486085469,298.47958678591124,202.05267521501793,11.383754295500873,-305.85647752783365,89.48437339352898,1.4834704456513403,7.376890741922409
7264.0,99.72306060791016,291.5370407935942,12.86721918495766,-298.47956917603284,291.5370407935942,298.47956917603284,202.05266737615304,11.383748993628261,-305.8564601477851,89.48437341744113,1.4834701913293993,7.376890971752292
7272.0,99.8329849243164,291.53706422927456,12.867218965757008,-298.4795913434819,291.53706422927456,298.4795913434819,202.05269070044193,11.383748653275237,-305.8564819598734,89.48437352883263,1.4834703124817712,7.376890616391491
7280.0,99.9428939819336,291.5370444371514,12.867208965510502,-298.4795788581063,291.5370444371514,298.4795788581063,202.0526709700248,11.383738729410831,-305.8564701545008,89.48437346712662,1.48347023609967,7.376891296394491
7288.0,100.05281829833984,291.5370705998836,12.8672118281971,-298.47965262174466,291.5370705998836,298.47965262174466,202.05269672607307,11.383741425451337,-305.85654355180816,89.48437387381051,1.4834704027457617,7.376890930063514
7296.0,100.1627197265625,291.5370652338432,12.867203632378862,-298.47963408088674,291.5370652338432,298.47963408088674,202.0526915327637,11.383733410186874,-305.8565251372088,89.48437370107948,1.483470222191988,7.376891056322068
7304.0,100.27264404296875,291.5370511821544,12.867213097508023,-298.47959933607217,291.5370511821544,298.47959933607217,202.05267734978065,11.383742924215603,-305.85649024249597,89.48437383237379,1.4834701732924187,7.376890906423823
7312.0,100.3825454711914,291.5370759361342,12.867202428458235,-298.47965054738603,291.5370759361342,298.47965054738603,202.05270198080564,11.383732070598658,-305.8565418808989,89.4843739553286,1.4834703578595767,7.376891333512859
7320.0,100.49246978759766,291.5370488867409,12.867202340464889,-298.4795984926709,291.5370488867409,298.4795984926709,202.05267500196115,11.38373208017223,-305.85648956677414,89.4843738847797,1.4834702602926593,7.37689107410324
7328.0,100.60237884521484,291.5370515532687,12.867195252089454,-298.4796302864673,291.5370515532687,298.4796302864673,202.05267747744904,11.383724785924727,-305.856521554681,89.48437407581972,1.4834704661647264,7.376891268213723
7336.0,100.7123031616211,291.53705547411363,12.867190735922067,-298.47961152870266,291.53705547411363,298.47961152870266,202.05268137237502,11.383720525564158,-305.85650287888313,89.48437410173861,1.4834702103579096,7.3768913501805
7344.0,100.82220458984375,291.53705993040387,12.867186737919432,-298.47963226260293,291.53705993040387,298.47963226260293,202.05268594858873,11.383716311010774,-305.8565234519985,89.48437398181514,1.483470426908659,7.376891189395572
7352.0,100.93212890625,291.5370561825935,12.867181196319592,-298.47963137972147,291.5370561825935,298.47963137972147,202.0526823039618,11.383710898756746,-305.85652261697317,89.48437387863173,1.4834702975628462,7.376891237251719
7360.0,101.04203033447266,291.5370486848742,12.867179207452775,-298.4796352350866,291.5370486848742,298.4796352350866,202.0526748110349,11.383708868858829,-305.85652637189196,89.48437387383927,1.4834703385939458,7.376891136805317
7368.0,101.1519546508789,291.53704687256516,12.867173259539037,-298.4796132561359,291.53704687256516,298.4796132561359,202.0526727227502,11.383703086876825,-305.8565045323181,89.48437414981495,1.4834701726622113,7.376891276182236
7376.0,101.2618637084961,291.53704445843323,12.867171504620314,-298.4796384551474,291.53704445843323,298.4796384551474,202.05267024867197,11.383701060443311,-305.8565298361101,89.48437420976124,1.4834704441770026,7.376891380962714
7384.0,101.37178802490234,291.53705409791814,12.867170903597655,-298.4796430851297,291.53705409791814,298.4796430851297,202.05267955755244,11.383700716038703,-305.85653431726917,89.48437454036568,1.4834701875589513,7.376891232139494
7392.0,101.481689453125,291.53706116778517,12.867168188483149,-298.47967257422107,291.53706116778517,298.47967257422107,202.05268656933106,11.383697837358437,-305.85656418982376,89.48437459845414,1.4834703511247112,7.376891615602675
7400.0,101.59161376953125,291.53704886468154,12.867155617845187,-298.4796729173182,291.53704886468154,298.4796729173182,202.05267404324434,11.383685529831226,-305.8565644699521,89.4843748214372,1.4834700880139615,7.376891552633858
7408.0,101.7015151977539,291.5370649815034,12.8671667486722,-298.4797165900811,291.5370649815034,298.4797165900811,202.05269021848153,11.383696492420755,-305.8566078961775,89.48437476302188,1.483470256251445,7.376891306096351
7416.0,101.81143951416016,291.5370516135962,12.867160563098931,-298.47966709115195,291.5370516135962,298.47966709115195,202.0526769018978,11.383690231903605,-305.8565586864506,89.4843747116984,1.4834703311953266,7.3768915952986704
7424.0,101.92134857177734,291.53704547462735,12.867151799486596,-298.47964785787343,291.53704547462735,298.47964785787343,202.05267063636717,11.383681693884522,-305.85653934227184,89.48437483826021,1.483470105602073,7.376891484398433
7432.0,102.0312728881836,291.53704660670985,12.867148785958157,-298.47965899589616,291.53704660670985,298.47965899589616,202.05267177122937,11.38367845818994,-305.85655051269237,89.48437483548048,1.4834703277682169,7.37689151679621
7440.0,102.1411361694336,291.5370524139057,12.867147185253469,-298.4796775413591,291.5370524139057,298.4796775413591,202.05267745764866,11.383676815329173,-305.8565688429328,89.48437495625707,1.4834703699242957,7.3768913015737185
7448.0,102.25103759765625,291.5370507049671,12.867137297360312,-298.4796693467899,291.5370507049671,298.4796693467899,202.052675857457,11.383667092308094,-305.85656065405107,89.48437484751014,1.4834702050522175,7.376891307261186
7456.0,102.3609619140625,291.53703559435985,12.867141172703251,-298.4796697954421,291.53703559435985,298.4796697954421,202.0526606150372,11.383670887786431,-305.8565613947108,89.48437497932264,1.483470284916819,7.376891599268748
7464.0,102.47086334228516,291.53704443018614,12.867142652799034,-298.47964633847465,291.53704443018614,298.47964633847465,202.05266958121524,11.383672290156063,-305.85653792633644,89.48437484897093,1.4834703626429702,7.37689158786179
7472.0,102.5807876586914,291.53704925971385,12.867128004057019,-298.47969612380325,291.53704925971385,298.47969612380325,202.0526743118416,11.38365782742255,-305.85658744047845,89.48437494787227,1.4834701766344702,7.376891316675187
7480.0,102.6906967163086,291.5370214000374,12.867126868823945,-298.47963839559344,291.5370214000374,298.47963839559344,202.05264664227738,11.38365662691379,-305.8565300139338,89.48437475776005,1.4834702419101538,7.3768916183403785
7488.0,102.80062103271484,291.5370549503392,12.867121965397978,-298.4797267737408,291.5370549503392,298.4797267737408,202.05267980258787,11.38365168115785,-305.85661821999236,89.48437514775131,1.4834702842401262,7.376891446251541
7496.0,102.9105224609375,291.53704018815284,12.867119321328811,-298.4796856114818,291.53704018815284,298.4796856114818,202.05266498362153,11.383649083438062,-305.85657712484493,89.48437520453132,1.4834702378907503,7.376891513363139
7504.0,103.02044677734375,291.53704344038357,12.86711323878492,-298.47968486583414,291.53704344038357,298.47968486583414,202.05266829859522,11.38364313618254,-305.8565764667085,89.48437514178835,1.4834701026023813,7.376891600874308
7512.0,103.1303482055664,291.5370492188706,12.867110090954661,-298.4797048310304,291.5370492188706,298.4797048310304,202.05267397553746,11.383640029492197,-305.85659617536294,89.48437524333312,1.483470061462464,7.376891344332551
7520.0,103.24027252197266,291.5370300776606,12.867116222690104,-298.47969040861364,291.5370300776606,298.47969040861364,202.0526545858591,11.383646000476908,-305.856582201397,89.4843754918015,1.4834702222131964,7.376891792783345
7528.0,103.35018157958984,291.53703134811894,12.867108023716517,-298.4797036549866,291.53703134811894,298.4797036549866,202.05265591524278,11.38363778445738,-305.85659509269,89.48437543287618,1.4834702392591377,7.37689143770334
7536.0,103.4601058959961,291.53703971863956,12.867100678630429,-298.479724541552,291.53703971863956,298.479724541552,202.0526643950979,11.383630595694598,-305.85661617373376,89.48437532354168,1.4834700829358312,7.376891632181742
7544.0,103.57000732421875,291.5370344962078,12.86710375495055,-298.4797303593715,291.5370344962078,298.4797303593715,202.05265936029977,11.383633322620922,-305.8566220376189,89.48437513590804,1.4834704323296288,7.376891678247363
7552.0,103.679931640625,291.5370438424175,12.867102028539737,-298.4797283359129,291.5370438424175,298.4797283359129,202.05266870874019,11.383631854895349,-305.856619950253,89.48437513367733,1.4834701736443887,7.376891614340079
7560.0,103.78983306884766,291.53702954953803,12.867096562979984,-298.47969534277956,291.53702954953803,298.47969534277956,202.0526543630532,11.383626320929707,-305.85658692580364,89.48437518648484,1.483470242050278,7.37689158302408
7568.0,103.8997573852539,291.5370316823378,12.867096018493935,-298.4797204265767,291.5370316823378,298.4797204265767,202.05265620664247,11.383625826359005,-305.8566117343804,89.48437547569533,1.4834701921349316,7.376891307803676
7576.0,104.0096664428711,291.5370437376345,12.867097104654905,-298.4797386388875,291.5370437376345,298.4797386388875,202.0526682805081,11.383626822241746,-305.85663001918954,89.4843754571264,1.4834702824131583,7.376891380302052
7584.0,104.11959075927734,291.5370269192282,12.867087365262488,-298.4797305647598,291.5370269192282,298.4797305647598,202.0526513158846,11.383617089388,-305.8566220376922,89.48437560334362,1.4834702758744887,7.376891472932435
7592.0,104.2294921875,291.5370377415556,12.867087576742591,-298.47973630654224,291.5370377415556,298.47973630654224,202.05266196636185,11.383617042572467,-305.8566281279151,89.48437577519373,1.4834705341701246,7.376891821372864
7600.0,104.33941650390625,291.5370307279265,12.86707448653272,-298.4797165930106,291.5370307279265,298.4797165930106,202.05265519290361,11.38360451552458,-305.85660842265133,89.48437553502288,1.4834699710081405,7.376891829640748
7608.0,104.4493179321289,291.53703176426916,12.867081491689964,-298.47975075401564,291.53703176426916,298.47975075401564,202.05265618479058,11.383611097717017,-305.85664245470247,89.48437557947855,1.4834703939729466,7.376891700686841
7616.0,104.55924224853516,291.5370264497126,12.867078405997637,-298.4797434284797,291.5370264497126,298.4797434284797,202.0526509116109,11.383608124968749,-305.85663520958224,89.48437553810172,1.4834702810288878,7.37689178110252
7624.0,104.66915130615234,291.5370261308304,12.867074721649534,-298.47973537627024,291.5370261308304,298.47973537627024,202.05265049312897,11.383604357461053,-305.856627271407,89.48437563770143,1.483470364188481,7.376891895136742
7632.0,104.7790756225586,291.5370273135638,12.86706784817429,-298.4797308815045,291.5370273135638,298.4797308815045,202.05265142956972,11.383597534341662,-305.8566227970646,89.48437588399408,1.4834703138326288,7.376891915560067
7640.0,104.88897705078125,291.53703321396074,12.867067579652057,-298.4797653628888,291.53703321396074,298.4797653628888,202.05265739336448,11.383597320283837,-305.8566572169091,89.48437582059628,1.4834702593682192,7.37689185402032
7648.0,104.9989013671875,291.5370173748799,12.867061830482337,-298.4797240450709,291.5370173748799,298.4797240450709,202.05264170079488,11.383591636592925,-305.85661572430905,89.484375674085,1.4834701938894121,7.376891679238169
7656.0,105.10880279541016,291.5370179943915,12.867061576772896,-298.47971808123253,291.5370179943915,298.47971808123253,202.05264216415452,11.38359129160225,-305.85660978927933,89.48437583023693,1.4834702851706454,7.376891708046783
7664.0,105.2187271118164,291.53702368892857,12.867061404145627,-298.4797460028849,291.53702368892857,298.4797460028849,202.0526479406331,11.383591132446753,-305.85663764258527,89.48437574829546,1.4834702716988746,7.376891639700396
7672.0,105.3286361694336,291.53702656862447,12.867059255860397,-298.47976431948456,291.53702656862447,298.47976431948456,202.05265070796577,11.383588958217302,-305.8566558228394,89.48437586065869,1.483470297643094,7.3768915033548526
7680.0,105.43856048583984,291.5370104865609,12.867055865913061,-298.4797254548275,291.5370104865609,298.4797254548275,202.05263454675594,11.38358541068694,-305.85661720245633,89.48437593980498,1.4834704552261202,7.376891747628887
7688.0,105.5484619140625,291.5370162303666,12.867053981943608,-298.4797497604565,291.5370162303666,298.4797497604565,202.0526401891749,11.383583641677456,-305.8566414686983,89.48437604119167,1.4834703402661522,7.376891708241763
7696.0,105.6583480834961,291.53703560628475,12.867048493248326,-298.4797877466867,291.53703560628475,298.4797877466867,202.0526596648755,11.38357829096713,-305.8566794209938,89.48437594140924,1.4834702022811963,7.376891674307082
7704.0,105.76824951171875,291.5370220656695,12.867044997613286,-298.4797585854724,291.5370220656695,298.4797585854724,202.0526461560702,11.38357467172331,-305.8566502782694,89.48437590959927,1.4834703258899762,7.376891692797006
7712.0,105.878173828125,291.5370191530325,12.867041863752508,-298.4797677830408,291.5370191530325,298.4797677830408,202.05264286029876,11.383571669880043,-305.85665969075444,89.48437629273373,1.4834701938724657,7.3768919077136506
7720.0,105.98807525634766,291.53701956887727,12.867040652815081,-298.4797798229498,291.53701956887727,298.4797798229498,202.05264324054139,11.383570466062213,-305.85667163743074,89.48437632833588,1.4834701867528683,7.376891814480921
7728.0,106.0979995727539,291.53703432223267,12.867034536970385,-298.4797733014042,291.53703432223267,298.4797733014042,202.05265813552072,11.383564143416418,-305.8566649184369,89.48437618671198,1.4834703935539668,7.376891617032718
7736.0,106.2079086303711,291.537022953517,12.867036939317737,-298.4797710708278,291.537022953517,298.4797710708278,202.05264705222922,11.383566368902592,-305.8566629563192,89.48437590128779,1.4834705704151445,7.376891885491421
7744.0,106.31783294677734,291.5370295334901,12.867034198397164,-298.4797926054522,291.5370295334901,298.4797926054522,202.05265356645256,11.383563965125632,-305.8566846214163,89.48437596703756,1.4834702332715328,7.376892015964116
7752.0,106.427734375,291.5370122626152,12.867024316329614,-298.47977886863396,291.5370122626152,298.47977886863396,202.05263623856683,11.38355418432971,-305.85667082027487,89.48437602404834,1.4834701319999035,7.376891951640922
7760.0,106.53765869140625,291.53701853131497,12.867023570169344,-298.4797906563171,291.53701853131497,298.4797906563171,202.05264220828508,11.383553473944579,-305.85668257763786,89.4843763230299,1.4834700962247656,7.37689192132075
7768.0,106.6475601196289,291.5370227974781,12.86702401651523,-298.47979959346253,291.5370227974781,298.47979959346253,202.0526466171812,11.383553906209812,-305.8566915578838,89.48437618029688,1.4834701103054184,7.376891964421248
7776.0,106.75748443603516,291.5370198124608,12.86702770143114,-298.4797866614782,291.5370198124608,298.4797866614782,202.05264391192378,11.38355730463063,-305.8566787478946,89.48437590053705,1.4834703968005096,7.376892086416357
7784.0,106.86739349365234,291.53702810602056,12.867017680135472,-298.47983264492876,291.53702810602056,298.47983264492876,202.05265213997586,11.383547420381705,-305.85672470918723,89.48437596604472,1.483470259753768,7.376892064258479
7792.0,106.9773178100586,291.5370365568842,12.867013393801258,-298.47982020855414,291.5370365568842,298.47982020855414,202.05266050286093,11.383543100065754,-305.85671191028393,89.48437605402326,1.4834702937355049,7.376891701729782
7800.0,107.08721923828125,291.5370185576776,12.867014535976327,-298.47979931399067,291.5370185576776,298.47979931399067,202.05264276300363,11.38354440804281,-305.85669139639725,89.48437579467394,1.4834701279335176,7.376892082406574
7808.0,107.1971435546875,291.53699460895484,12.867011302258355,-298.47976389306456,291.53699460895484,298.47976389306456,202.05261853250164,11.3835410789569,-305.8566561224977,89.4843760764532,1.4834702233014538,7.376892229433157
7816.0,107.30704498291016,291.5370243092764,12.867006386367484,-298.479827346441,291.5370243092764,298.479827346441,202.05264810172213,11.383536008356831,-305.8567193426777,89.48437620755422,1.4834703780106526,7.376891996236673
7824.0,107.4169692993164,291.5370188581589,12.867002387976072,-298.47981160004593,291.5370188581589,298.47981160004593,202.0526427346201,11.383532168038759,-305.8567032057062,89.48437612353881,1.4834702199373138,7.376891605660269
7832.0,107.5268783569336,291.5370156183018,12.866999841334062,-298.47982614941276,291.5370156183018,298.47982614941276,202.0526395769375,11.383529516539355,-305.856717975815,89.4843760413643,1.4834703247947076,7.3768918264022245
7840.0,107.63680267333984,291.5370152072219,12.867000885748219,-298.4798099054449,291.5370152072219,298.4798099054449,202.05263949190663,11.383530447294424,-305.85670197196146,89.48437571531525,1.4834704384537953,7.376892066516593
7848.0,107.7467041015625,291.53701598726184,12.866994060578845,-298.4797928006018,291.53701598726184,298.4797928006018,202.05264012744868,11.383523824279475,-305.8566844366203,89.48437585981316,1.4834702362993692,7.37689163601853
7856.0,107.85662841796875,291.5370154119516,12.866997501468399,-298.4798134736276,291.5370154119516,298.4798134736276,202.05263939727502,11.383527293301935,-305.85670497443857,89.48437601467657,1.4834702081664646,7.376891500810957
7864.0,107.9665298461914,291.5370185530214,12.866990934376672,-298.4798097278598,291.5370185530214,298.4798097278598,202.05264238788365,11.383520387418304,-305.8567018031726,89.48437616513776,1.4834705469583676,7.376892075312813
7872.0,108.07645416259766,291.53702774210126,12.866981835390927,-298.47984870006275,291.53702774210126,298.47984870006275,202.05265154547888,11.383511539587857,-305.85674034722047,89.4843761966224,1.4834702958030697,7.376891647157726
7880.0,108.18636322021484,291.5370124222104,12.866981361564441,-298.47982448862297,291.5370124222104,298.47982448862297,202.05263637902334,11.383511201175423,-305.85671639809976,89.4843760431871,1.4834701603890188,7.376891909476779
7888.0,108.2962875366211,291.5370128860668,12.866985744034562,-298.4798203936066,291.5370128860668,298.4798203936066,202.05263627449114,11.383515400593158,-305.8567126836772,89.4843766115757,1.4834703434414043,7.376892290070576
7896.0,108.40618896484375,291.5370050696817,12.86697780486307,-298.4798117755039,291.5370050696817,298.4798117755039,202.05262886927665,11.38350729205964,-305.85670376081714,89.48437620040507,1.4834705128034305,7.376891985313229
7904.0,108.51611328125,291.5370238215477,12.866979583564035,-298.4798446353397,291.5370238215477,298.4798446353397,202.0526476098447,11.383509202945703,-305.8567364507853,89.484376211703,1.4834703806183323,7.37689181544561
7912.0,108.62601470947266,291.537018105901,12.866970856197012,-298.4798489730172,291.537018105901,298.4798489730172,202.05264199866994,11.383500572663728,-305.85674095212005,89.48437610723106,1.483470283533285,7.376891979102827
7920.0,108.7359390258789,291.5370095709544,12.866978989819605,-298.4798416228986,291.5370095709544,298.4798416228986,202.05263310721355,11.383508435445595,-305.856733476945,89.48437646374086,1.4834705543740108,7.376891854046393
7928.0,108.8458480834961,291.537009433025,12.866972442525057,-298.4798414892778,291.537009433025,298.4798414892778,202.0526329974049,11.383501859349298,-305.8567333095383,89.48437643562005,1.4834705831757582,7.376891820260509
7936.0,108.95577239990234,291.5370205606655,12.866973334694542,-298.4798606808902,291.5370205606655,298.4798606808902,202.05264427333535,11.383502701562453,-305.8567528319145,89.48437628733012,1.4834706331320886,7.376892151024245
7944.0,109.065673828125,291.5370060476416,12.86696644929263,-298.4798636174234,291.5370060476416,298.4798636174234,202.0526296118171,11.38349602694039,-305.856755584657,89.48437643582449,1.483470422352239,7.37689196723357
7952.0,109.1755599975586,291.5370095962337,12.866966496461645,-298.4798278249027,291.5370095962337,298.4798278249027,202.0526331898624,11.383496118589456,-305.8567199211062,89.48437640637127,1.4834703778721898,7.376892096203479
7960.0,109.28546142578125,291.5370145870927,12.866959275544739,-298.47984938753905,291.5370145870927,298.47984938753905,202.05263834530604,11.38348868970906,-305.85674146140474,89.48437624178666,1.4834705858356785,7.376892073865699
7968.0,109.3953857421875,291.53701131022495,12.866965357778351,-298.4798485850945,291.53701131022495,298.4798485850945,202.0526347001838,11.383494805874141,-305.8567407118748,89.48437661004115,1.4834705519042106,7.376892126780293
7976.0,109.50528717041016,291.53702330891366,12.866964691363831,-298.47987197691754,291.53702330891366,298.47987197691754,202.05264699737342,11.383494363281308,-305.8567641396377,89.48437631154025,1.4834703280825228,7.376892162720141
7984.0,109.6152114868164,291.5370118915689,12.866962697562048,-298.4798601957539,291.5370118915689,298.4798601957539,202.05263542986802,11.383492293766961,-305.8567523018204,89.48437646170089,1.4834704037950872,7.376892106066538
7992.0,109.7251205444336,291.5370217448152,12.866958178519175,-298.4798668146624,291.5370217448152,298.4798668146624,202.05264506660214,11.383487865144378,-305.856758644817,89.4843766782131,1.4834703133747968,7.3768918301546
8000.0,109.83504486083984,291.5370081793455,12.866955242849627,-298.47983788701845,291.5370081793455,298.47983788701845,202.05263148716065,11.383484526403494,-305.8567300840282,89.48437669218485,1.4834707164461332,7.376892197009722
8008.0,109.9449462890625,291.53701389340665,12.86694901533022,-298.47984819953456,291.53701389340665,298.47984819953456,202.05263717235232,11.383478630112268,-305.8567403212145,89.48437672105432,1.4834703852179518,7.3768921216799495
8016.0,110.05487060546875,291.53701624680656,12.866957344054494,-298.47986527656127,291.53701624680656,298.47986527656127,202.05263962329315,11.383486853484648,-305.8567575192999,89.48437662351341,1.4834704905698457,7.376892242738602
8024.0,110.1647720336914,291.5369973734728,12.866956460192975,-298.479862623342,291.5369973734728,298.479862623342,202.05262088844802,11.383486289597808,-305.8567545491825,89.4843764850248,1.4834701705951665,7.376891925840461
8032.0,110.27469635009766,291.53700808242627,12.86695263124863,-298.4798580996601,291.53700808242627,298.4798580996601,202.05263158701763,11.383482433788927,-305.8567500163559,89.48437649540867,1.4834701974597033,7.376891916695779
8040.0,110.38460540771484,291.5370200332972,12.86695073027863,-298.47989667940345,291.5370200332972,298.47989667940345,202.0526434063612,11.383480525022504,-305.8567884259454,89.48437662693601,1.4834702052561255,7.376891746541975
8048.0,110.4945297241211,291.53700637157124,12.866935705664751,-298.47985592352074,291.53700637157124,298.47985592352074,202.0526294276791,11.383465600702099,-305.85674796269194,89.4843769438921,1.4834701049626517,7.376892039171221
8056.0,110.60443115234375,291.5370089234044,12.866938000420536,-298.47989277460863,291.5370089234044,298.47989277460863,202.05263200333408,11.383467749935443,-305.8567847511407,89.4843769200703,1.4834702504850927,7.376891976532082
8064.0,110.71435546875,291.537003321112,12.866934566633992,-298.4798627065183,291.537003321112,298.4798627065183,202.0526266482226,11.383464555828064,-305.85675470570834,89.48437667288945,1.4834700108059273,7.37689199919004
8072.0,110.82425689697266,291.5370160080006,12.866927676835083,-298.4798845397064,291.5370160080006,298.4798845397064,202.05263911879544,11.383457485463268,-305.85677642901607,89.48437688920515,1.4834701913718153,7.3768918893096584
8080.0,110.9341812133789,291.53699063228385,12.866933136366557,-298.47986748670445,291.53699063228385,298.47986748670445,202.0526138055322,11.383462792820273,-305.8567596717771,89.48437682675164,1.483470343546283,7.3768921850726965
8088.0,111.0440902709961,291.53700186011105,12.866930162022658,-298.479871814965,291.53700186011105,298.479871814965,202.05262493030804,11.383460088326412,-305.8567637974493,89.484376929803,1.4834700736962465,7.37689198248425
8096.0,111.15401458740234,291.5370087167569,12.866935212079232,-298.47988165703134,291.5370087167569,298.47988165703134,202.05263187199,11.383465187048401,-305.85677391070607,89.48437684476689,1.483470025030831,7.376892253674718
8104.0,111.263916015625,291.5370210615588,12.866933210955192,-298.4799086021313,291.5370210615588,298.4799086021313,202.0526439603671,11.383463171945298,-305.85680078122346,89.4843771011917,1.4834700390098952,7.3768921790921755
8112.0,111.37384033203125,291.5370016512207,12.866933415637817,-298.4798754705326,291.5370016512207,298.4798754705326,202.05262431456657,11.383463146814659,-305.85676725034017,89.48437733665413,1.4834702688231576,7.376891779807568
8120.0,111.4837417602539,291.53702662660686,12.866921812693182,-298.4799113431269,291.53702662660686,298.4799113431269,202.05264921402733,11.383451858482601,-305.8568033715229,89.48437741257955,1.4834699542105798,7.376892028396043
8128.0,111.59366607666016,291.53700201642334,12.866925255668,-298.4798750337397,291.53700201642334,298.4798750337397,202.05262497787294,11.3834550852712,-305.85676695261714,89.4843770385504,1.4834701703968003,7.376891918877432
8136.0,111.70357513427734,291.5370064321209,12.866926958467529,-298.47988686984706,291.5370064321209,298.47988686984706,202.05262962989428,11.383456913431745,-305.8567788646086,89.48437680222662,1.4834700450357836,7.37689199476153
8144.0,111.8134994506836,291.53699253593044,12.86692449686591,-298.4798572512374,291.53699253593044,298.4798572512374,202.05261564242437,11.383454483314619,-305.8567491355436,89.48437689350608,1.4834700135512908,7.376891884306241
8152.0,111.92340087890625,291.5370044838281,12.866917323893102,-298.47989896673926,291.5370044838281,298.47989896673926,202.05262736023178,11.38344721467605,-305.8567910352232,89.48437712359637,1.4834701092170524,7.376892068483945
8160.0,112.0333251953125,291.5370039568906,12.866915596775321,-298.47990481108974,291.5370039568906,298.47990481108974,202.052626985056,11.383445487405547,-305.8567971369213,89.48437697183459,1.4834701093697746,7.3768923258315375
8168.0,112.14322662353516,291.5369963518744,12.866928283147388,-298.47989574433103,291.5369963518744,298.47989574433103,202.05261908658466,11.383458349088853,-305.85678803433916,89.48437726528974,1.4834699340585351,7.376892290008118
8176.0,112.2531509399414,291.5370114473251,12.866918561049864,-298.4799094352496,291.5370114473251,298.4799094352496,202.05263451351738,11.383448672976956,-305.85680144079316,89.48437693380771,1.4834698880729094,7.376892005543513
8184.0,112.3630599975586,291.5369913099701,12.866917510681489,-298.47989546707987,291.5369913099701,298.47989546707987,202.05261437069112,11.383447418894326,-305.8567877620792,89.48437693927899,1.4834700917871642,7.376892294999344
8192.0,112.47298431396484,291.53699923824087,12.866918621019122,-298.4799047833016,291.53699923824087,298.4799047833016,202.05262243888134,11.383448448686146,-305.85679701776155,89.48437679935951,1.4834701723329764,7.376892234459924
8200.0,112.58292388916016,291.5369913208469,12.866907612171754,-298.47988745533644,291.5369913208469,298.47988745533644,202.05261420432677,11.383437607495262,-305.85677966215644,89.4843771165201,1.4834700046764926,7.37689220682001
8208.0,112.69284057617188,291.5370031384162,12.866910861644838,-298.4799057169721,291.5370031384162,298.4799057169721,202.0526264558154,11.383440840639185,-305.8567978924144,89.48437668260078,1.483470021005653,7.376892175442328
8216.0,112.8027114868164,291.5369829121321,12.86690100909079,-298.4798836302801,291.5369829121321,298.4798836302801,202.05260608386985,11.38343093594671,-305.85677574684496,89.48437682826221,1.4834700731440813,7.376892116564851
8224.0,112.91259002685547,291.53699894974494,12.866906900568862,-298.47991013985967,291.53699894974494,298.47991013985967,202.05262212608625,11.383437033070397,-305.8568024124406,89.48437682365869,1.4834698674984654,7.376892272580904
8232.0,113.02249908447266,291.53699642373306,12.866907632881713,-298.4799059501363,291.53699642373306,298.4799059501363,202.05261928215583,11.383437408767545,-305.8567979847975,89.48437714157726,1.4834702241141668,7.376892034661166
8240.0,113.13241577148438,291.53700895479824,12.86691065350077,-298.4799326064814,291.53700895479824,298.4799326064814,202.05263174070666,11.383440327104575,-305.85682468929156,89.48437721409158,1.483470326396196,7.376892082810164
8248.0,113.2423324584961,291.53699849697614,12.866901397901733,-298.4798918794606,291.53699849697614,298.4798918794606,202.0526212828733,11.383431522126033,-305.85678426328946,89.4843772141028,1.483469875775701,7.376892383828878
8256.0,113.35224151611328,291.5370026248727,12.866905385638804,-298.47991190314343,291.5370026248727,298.47991190314343,202.05262563292445,11.383435325011396,-305.8568043619154,89.48437699194827,1.4834700606274078,7.376892458771978
8264.0,113.462158203125,291.53700137349233,12.86690013895566,-298.4799244550494,291.53700137349233,298.4799244550494,202.05262410686464,11.383429882770727,-305.8568168561221,89.48437726662772,1.483470256184933,7.376892401072702
8272.0,113.57207489013672,291.53698266220465,12.866893466858706,-298.47987835403706,291.53698266220465,298.47987835403706,202.0526053653169,11.383423461508404,-305.85677075736606,89.48437729688773,1.4834700053503023,7.376892403328988
8280.0,113.6819839477539,291.5370119632865,12.86689599949522,-298.4799180608034,291.5370119632865,298.4799180608034,202.05263486870163,11.383425806102858,-305.8568102455471,89.48437709458487,1.4834701933923624,7.376892184743693
8288.0,113.79190063476562,291.5369927705947,12.866895201738037,-298.4798969549158,291.5369927705947,298.4798969549158,202.0526155144629,11.383425014571241,-305.85678953079275,89.48437725613176,1.483470187166796,7.376892575876977
8296.0,113.90181732177734,291.53701121845086,12.86689158423806,-298.47994189878216,291.53701121845086,298.47994189878216,202.05263391059157,11.383421823008899,-305.85683398023866,89.48437730785932,1.4834697612291605,7.376892081456515
8304.0,114.01172637939453,291.53699651860995,12.866895498519266,-298.47989701472807,291.53699651860995,298.47989701472807,202.05261918676618,11.383425438193251,-305.8567895695205,89.48437733184375,1.483470060326015,7.376892554792466
8312.0,114.12164306640625,291.5369800273389,12.866893248637975,-298.47990518294284,291.5369800273389,298.47990518294284,202.05260253012392,11.38342334472104,-305.8567978673528,89.48437749721504,1.483469903916936,7.376892684409949
8320.0,114.23155975341797,291.5369893133352,12.866893655445601,-298.4799080618552,291.5369893133352,298.4799080618552,202.05261177308358,11.383423623151922,-305.85680074510395,89.48437754025159,1.4834700322936787,7.376892683248767
8328.0,114.34146881103516,291.5370069872031,12.866893258547305,-298.4799377106609,291.5370069872031,298.4799377106609,202.05262914506133,11.383423288706688,-305.85683019287364,89.48437784214175,1.4834699698406175,7.376892482212709
8336.0,114.45138549804688,291.53698906130796,12.86689217303918,-298.47991041748844,291.53698906130796,298.47991041748844,202.0526115561837,11.383422360332986,-305.8568030631251,89.48437750512426,1.4834698127061934,7.37689264563665
8344.0,114.5613021850586,291.5370077392821,12.866886591925361,-298.4799298636307,291.5370077392821,298.4799298636307,202.0526301892727,11.383416774504898,-305.85682241874764,89.48437755000944,1.4834698174204637,7.376892555116945
8352.0,114.67121124267578,291.53700948044946,12.866890650861702,-298.47994674034396,291.53700948044946,298.47994674034396,202.05263153799524,11.383420504939771,-305.8568392082958,89.48437794245419,1.4834701459219306,7.376892467951857
8360.0,114.7811279296875,291.5370028187824,12.86688305362112,-298.4799264102273,291.5370028187824,298.4799264102273,202.05262482808308,11.383413194578747,-305.85681890651193,89.48437799069933,1.4834698590423725,7.376892496284677
8368.0,114.89104461669922,291.5369919841347,12.866882423645471,-298.4798986916742,291.5369919841347,298.4798986916742,202.05261402736318,11.383412383291386,-305.8567913784133,89.48437795677154,1.4834700403540855,7.376892686739092
8376.0,115.0009536743164,291.53699949315927,12.866880071013878,-298.47992948286634,291.53699949315927,298.47992948286634,202.05262149506504,11.383410087660199,-305.85682190723605,89.48437799809423,1.4834699833536782,7.376892424369736
8384.0,115.11087036132812,291.5369905396226,12.86687513630688,-298.47991452902767,291.5369905396226,298.47991452902767,202.05261242615865,11.383404893086997,-305.8568069933983,89.48437811346398,1.483470243219884,7.376892464370638
8392.0,115.22078704833984,291.5370118139426,12.866885795639403,-298.47996088726927,291.5370118139426,298.47996088726927,202.05263389729066,11.383415688436228,-305.8568533275701,89.48437791665197,1.4834701072031755,7.376892440300798
8400.0,115.33069610595703,291.53699453147624,12.866879321880605,-298.4799113172393,291.53699453147624,298.4799113172393,202.05261623859855,11.383409266587412,-305.85680346541403,89.48437829287766,1.483470055293193,7.376892148174701
8408.0,115.44061279296875,291.537002034701,12.866872550770166,-298.4799414194733,291.537002034701,298.4799414194733,202.05262359483046,11.383402373320136,-305.85683392595655,89.48437843987057,1.4834701774500303,7.376892506483275
8416.0,115.55052947998047,291.53700073949665,12.866876706582795,-298.4799437731777,291.53700073949665,298.4799437731777,202.05262276720617,11.383406729960338,-305.8568361533869,89.48437797229049,1.4834699766224566,7.376892380209205
8424.0,115.66043853759766,291.53700127099864,12.866873222384063,-298.4799362055415,291.53700127099864,298.4799362055415,202.05262286469414,11.383403220238504,-305.85682881079845,89.4843784063045,1.4834700021455594,7.3768926052569395
8432.0,115.77035522460938,291.53700171106385,12.866878019367235,-298.4799331203394,291.53700171106385,298.4799331203394,202.05262329478387,11.383407973884191,-305.8568258285792,89.48437841627998,1.4834700454830436,7.376892708239807
8440.0,115.8802719116211,291.5370095862505,12.86687781676749,-298.4799440939998,291.5370095862505,298.4799440939998,202.05263113842395,11.383407821672243,-305.85683668082794,89.48437844782657,1.4834699950952466,7.3768925868281725
8448.0,115.99018096923828,291.5370014929928,12.866868642319423,-298.4799332450558,291.5370014929928,298.4799332450558,202.05262324520578,11.383398575818003,-305.85682571055105,89.48437824778698,1.4834700665014202,7.376892465495223
8456.0,116.10009765625,291.53700530563754,12.866877111851913,-298.4799396268889,291.53700530563754,298.4799396268889,202.0526267624311,11.383407062809319,-305.85683207192056,89.48437854320642,1.4834700490425952,7.376892445031678
8464.0,116.21001434326172,291.53699786688634,12.866882697882513,-298.4799409731196,291.53699786688634,298.4799409731196,202.0526193906744,11.383412725077719,-305.8568332416981,89.48437847621193,1.4834699728047944,7.376892268578478
8472.0,116.3199234008789,291.5370044209333,12.866879678270381,-298.47992779453966,291.5370044209333,298.47992779453966,202.05262581597972,11.383409743965597,-305.85682033289646,89.48437860495352,1.4834699343047846,7.376892538356814
8480.0,116.42984008789062,291.53699845805215,12.866880090953977,-298.47993339402905,291.53699845805215,298.47993339402905,202.0526199497313,11.383410060264339,-305.8568259640315,89.48437850832082,1.4834700306896382,7.376892570002466
8488.0,116.53975677490234,291.53700428660477,12.86686685503996,-298.4799378665031,291.53700428660477,298.4799378665031,202.05262580692187,11.383396950379613,-305.8568300904017,89.48437847968293,1.4834699046603486,7.376892223898553
8496.0,116.64966583251953,291.5370115594591,12.866873150814598,-298.4799711000334,291.5370115594591,298.4799711000334,202.05263316880948,11.383403234279175,-305.8568635595541,89.48437839064962,1.4834699165354226,7.376892459520648
8504.0,116.75958251953125,291.5370080373088,12.866874345741733,-298.47995046583947,291.5370080373088,298.47995046583947,202.05262921674318,11.383404153055846,-305.8568428740241,89.48437882056562,1.4834701926858875,7.3768924081846485
8512.0,116.86949920654297,291.536995819907,12.866874497390118,-298.4799454645864,291.536995819907,298.4799454645864,202.0526173626997,11.383404329470032,-305.8568379490715,89.4843784572073,1.483470167920085,7.3768924844851025
8520.0,116.97940826416016,291.5370018128624,12.866875335182844,-298.47993496791514,291.5370018128624,298.47993496791514,202.05262315109704,11.38340520657545,-305.85682747463466,89.48437866176538,1.4834701286073937,7.376892506719522
8528.0,117.08932495117188,291.5370058978771,12.866878675563978,-298.4799371480153,291.5370058978771,298.4799371480153,202.05262736563446,11.383408516912878,-305.856829581742,89.48437853224264,1.4834701586510994,7.37689243372667
8536.0,117.1992416381836,291.53700598458636,12.866869090922702,-298.47993812077937,291.53700598458636,298.47993812077937,202.05262721312715,11.38339886098777,-305.85683073506243,89.48437877145919,1.4834702299349314,7.37689261428309
8544.0,117.30915069580078,291.5370049917168,12.866871457242832,-298.47993523196027,291.5370049917168,298.47993523196027,202.05262628965426,11.38340147938942,-305.85682781051554,89.48437870206257,1.4834699778534115,7.37689257855528
8552.0,117.4190673828125,291.5369960906442,12.866872570106661,-298.4799272228226,291.5369960906442,298.4799272228226,202.05261739558148,11.383402609075649,-305.85681971337436,89.48437869506272,1.4834699610310134,7.376892490551789
8560.0,117.52898406982422,291.5369973183763,12.866871957303838,-298.47990887220357,291.5369973183763,298.47990887220357,202.0526183242721,11.383401929221353,-305.85680139021235,89.48437899410422,1.4834700280824846,7.376892518008779
8568.0,117.6388931274414,291.5370054620804,12.866874092626162,-298.4799419982838,291.5370054620804,298.4799419982838,202.05262642710187,11.383404068321365,-305.85683461000826,89.48437903497856,1.4834700243047965,7.376892611724458
8576.0,117.74880981445312,291.5369948128082,12.866872081304301,-298.47989692635815,291.5369948128082,298.47989692635815,202.0526158512131,11.383402040510356,-305.856789626753,89.4843789615951,1.483470040793945,7.376892700394871
8584.0,117.85872650146484,291.53700515760954,12.86687560499017,-298.4799406023108,291.53700515760954,298.4799406023108,202.05262640212067,11.38340544135332,-305.8568329166517,89.4843787554889,1.48347016363685,7.37689231434087
8592.0,117.96863555908203,291.53701214523437,12.866877550996417,-298.47996918576416,291.53701214523437,298.47996918576416,202.05263323098518,11.383407713130959,-305.8568615512021,89.48437891424919,1.4834698378654583,7.376892365437936
8600.0,118.07855224609375,291.5370141696229,12.866875033177145,-298.4799347414621,291.5370141696229,298.4799347414621,202.0526353497732,11.383405135194675,-305.8568274343734,89.4843788198497,1.4834698979824705,7.376892692911285
8608.0,118.18846893310547,291.53699532225284,12.866879366106419,-298.4799332619439,291.53699532225284,298.4799332619439,202.05261645466229,11.383409155294789,-305.85682596640584,89.48437886759055,1.4834702108116307,7.3768927044619055
8616.0,118.29837799072266,291.5370055741606,12.866874486606186,-298.479939559492,291.5370055741606,298.479939559492,202.05262640519186,11.383404296584022,-305.85683217839335,89.48437916896873,1.483470190022164,7.37689261890136
8624.0,118.40829467773438,291.53700742875503,12.866880040567919,-298.4799459684285,291.53700742875503,298.4799459684285,202.0526280186195,11.383410007777899,-305.8568387880525,89.48437941013557,1.4834700327900199,7.376892819624025
8632.0,118.5182113647461,291.5369972649989,12.866874758489526,-298.4799251089564,291.5369972649989,298.4799251089564,202.05261784467615,11.383404606541475,-305.8568177821097,89.48437942032274,1.4834701519480513,7.3768926731533195
8640.0,118.62812042236328,291.5370019452429,12.866877662998801,-298.47992296603377,291.5370019452429,298.47992296603377,202.0526225217372,11.383407384288606,-305.856815864971,89.48437942350566,1.4834702787101954,7.376892898937255
8648.0,118.738037109375,291.53701320480775,12.866874731190936,-298.47995398884785,291.53701320480775,298.47995398884785,202.0526338857648,11.383404602823841,-305.85684650262533,89.48437931904294,1.4834701283670961,7.376892513777467
8656.0,118.84795379638672,291.53701093390816,12.866876079553492,-298.47993449737965,291.53701093390816,298.47993449737965,202.0526314484308,11.383405940797672,-305.8568272418072,89.48437948547738,1.483470138755819,7.376892744427532
8664.0,118.9578628540039,291.5370022054266,12.866866677169476,-298.4799589599117,291.5370022054266,298.4799589599117,202.0526230183084,11.383396503822137,-305.85685163458066,89.48437918711815,1.483470173347339,7.376892674668941
8672.0,119.06777954101562,291.53701251166274,12.86687111379589,-298.47995153355066,291.53701251166274,298.47995153355066,202.05263318175054,11.383400934164252,-305.8568443001199,89.48437932991223,1.4834701796316385,7.376892766569233
8680.0,119.17769622802734,291.5370051457027,12.866878147889757,-298.47994447676194,291.5370051457027,298.47994447676194,202.0526258306362,11.383408169513444,-305.8568371316928,89.48437931506652,1.4834699783763137,7.3768926549308755
8688.0,119.28760528564453,291.53699131043663,12.866874690045048,-298.47992481913775,291.53699131043663,298.47992481913775,202.05261206745013,11.38340493290876,-305.8568176936725,89.48437924298648,1.4834697571362878,7.376892874534727
8696.0,119.39752197265625,291.53702115075646,12.866878645863789,-298.479951054637,291.53702115075646,298.479951054637,202.05264163274876,11.38340859128363,-305.8568436894441,89.48437951800771,1.4834700545801593,7.376892634807041
8704.0,119.50743865966797,291.5370164940548,12.866874523323768,-298.4799406640441,291.5370164940548,298.4799406640441,202.0526369369166,11.383404416091071,-305.856833386533,89.48437955713823,1.4834701072326963,7.376892722488941
8712.0,119.61734771728516,291.53700658257736,12.866877245742685,-298.4799184371484,291.53700658257736,298.4799184371484,202.05262694727602,11.383407308862235,-305.8568113434762,89.48437963530134,1.4834699368804496,7.376892906327766
8720.0,119.72726440429688,291.5370066624782,12.866876126591343,-298.47991049023267,291.5370066624782,298.47991049023267,202.0526270094401,11.383406224437188,-305.85680313906187,89.48437965303809,1.4834699021541555,7.376892648829201
8728.0,119.83712768554688,291.53701243686834,12.866882361551143,-298.47994386681756,291.53701243686834,298.47994386681756,202.05263268509987,11.383412305885162,-305.8568364779616,89.48437975176846,1.4834700556659808,7.376892611144071
8736.0,119.9469985961914,291.53701785831413,12.866875151227537,-298.47994315847916,291.53701785831413,298.47994315847916,202.05263817050127,11.38340508766132,-305.85683568443267,89.48437968781283,1.4834700635662181,7.376892525953533
8740.0,120.001953125,291.5370214917063,12.866882529447832,-298.47996925709543,291.5370214917063,298.47996925709543,202.05264161702874,11.383412589656007,-305.85686174473074,89.48437987467756,1.4834699397918234,7.376892487635321
