step,t_u_l,fx_solver,fy_solver,fz_solver,drag_solver,downforce_solver,pressure_fx_solver,pressure_fy_solver,pressure_fz_solver,viscous_fx_solver,viscous_fy_solver,viscous_fz_solver
8.0,0.0902075543999672,544.621247947489,18.193902720653053,-284.27837676162653,544.621247947489,284.27837676162653,327.26879123187143,17.725279930630606,-310.926553283559,217.3524567156176,0.46862279002244733,26.648176521932427
16.0,0.18675243854522705,448.6657410203527,17.238607057350386,-270.89380203227654,448.6657410203527,270.89380203227654,280.1231422382923,16.55668168115832,-293.41297836614604,168.5425987820604,0.6819253761920652,22.519176333869503
24.0,0.28624048829078674,416.21909901493063,16.575122627771812,-286.15877223485563,416.21909901493063,286.15877223485563,270.9903658812532,15.696717809789945,-306.43446779029597,145.22873313367745,0.8784048179818686,20.275695555440365
32.0,0.38845351338386536,382.45705151204186,16.196997442647955,-289.9210580709918,382.45705151204186,289.9210580709918,251.2618891850055,15.158538802582518,-308.2099339731578,131.1951623270364,1.0384586400654392,18.288875902165955
40.0,0.49212852120399475,364.0290274755015,15.869433510113037,-299.3252662836186,364.0290274755015,299.3252662836186,242.21074780298375,14.706884382016469,-315.7602730547058,121.81827967251776,1.1625491280965674,16.43500677108721
48.0,0.5970521569252014,352.0954631526045,15.82318507840387,-307.1406432009286,352.0954631526045,307.1406432009286,236.88390270416684,14.56880942214217,-321.91357864651485,115.21156044843765,1.2543756562617006,14.772935445586256
56.0,0.7030479907989502,344.03373356327785,15.58061760314359,-314.7527688238764,344.03373356327785,314.7527688238764,233.66178139410405,14.257844407348664,-328.07573601592327,110.37195216917378,1.3227731957949265,13.322967192046875
64.0,0.8097333312034607,337.77366176395424,15.50693662308457,-320.23660592259046,337.77366176395424,320.23660592259046,231.0713376269459,14.132733748578573,-332.30462057431396,106.70232413700833,1.374202874505996,12.068014651723502
72.0,0.9170570969581604,331.77885384117144,15.527864097762691,-323.2508608291418,331.77885384117144,323.2508608291418,227.9783854943075,14.114376402098499,-334.2441892686692,103.80046834686394,1.4134876956641929,10.993328439527382
80.0,1.0249754190444946,326.76098912183994,15.38343914677506,-325.5397891713171,326.76098912183994,325.5397891713171,225.3276344536945,13.93986017451894,-335.6115689389502,101.43335466814545,1.4435789722561223,10.071779767633103
88.0,1.1333510875701904,322.78099947978137,15.30218906925698,-326.82071992428246,322.78099947978137,326.82071992428246,223.28101175639136,13.835050381004722,-336.11466030918416,99.49998772339003,1.4671386882522592,9.293940384901695
96.0,1.2420833110809326,319.9870707807976,15.261899442879109,-327.8040705131712,319.9870707807976,327.8040705131712,222.02540966338748,13.776045511878122,-336.4558346113867,97.96166111741013,1.485853931000987,8.651764098215473
104.0,1.3510977029800415,317.78281811646286,15.152098581854258,-328.2631871804459,317.78281811646286,328.2631871804459,221.02507401072467,13.651289671502111,-336.394491441891,96.75774410573817,1.5008089103521476,8.131304261445052
112.0,1.46033775806427,315.4941137714841,15.094438365240974,-327.737595880469,315.4941137714841,327.737595880469,219.70129281383768,13.582479380000937,-335.4554979077338,95.79282095764637,1.511958985240037,7.717902027264806
120.0,1.5697685480117798,312.8099013533897,15.032580959813437,-326.15038985107924,312.8099013533897,326.15038985107924,217.83824802061372,13.512470264264913,-333.5469630751401,94.97165333277599,1.5201106955485235,7.396573224060916
128.0,1.6793626546859741,310.21481667371836,14.903746904315547,-324.1950910595596,310.21481667371836,324.1950910595596,215.96630039150938,13.378123667738468,-331.349300490404,94.24851628220895,1.52562323657708,7.154209430844382
136.0,1.7890883684158325,308.1691842891705,14.790982920674594,-322.2202812687751,308.1691842891705,322.2202812687751,214.5366884950474,13.262139149080003,-329.20368873034454,93.63249579412309,1.528843771594591,6.983407461569399
144.0,1.898915410041809,306.7919953733918,14.684357917706102,-320.4845681905465,306.7919953733918,320.4845681905465,213.64777507226214,13.153952285884753,-327.3625457326057,93.14422030112964,1.5304056318213481,6.87797754205922
152.0,2.008816719055176,305.7578706357217,14.566069799842975,-318.8711653037393,305.7578706357217,318.8711653037393,212.98507823358065,13.03536561019801,-325.69785783088423,92.77279240214102,1.5307041896449656,6.826692527144939
160.0,2.1187615394592285,304.57179086464777,14.472366512786888,-316.98508331102715,304.57179086464777,316.98508331102715,212.09954031575424,12.942341165304239,-323.80069739314,92.47225054889354,1.5300253474826482,6.815614082112845
168.0,2.228731393814087,303.10691770111373,14.373927547641154,-314.84738769672816,303.10691770111373,314.84738769672816,210.9135132654253,12.845295239568358,-321.67776696840366,92.19340443568842,1.5286323080727957,6.83037927167549
176.0,2.3387186527252197,301.66166108996777,14.255618358504023,-312.7677873074887,301.66166108996777,312.7677873074887,209.74158646029028,12.729058028012671,-319.62879335662166,91.92007462967747,1.5265603304913524,6.861006049133003
184.0,2.448721408843994,300.5878591927816,14.14688321301702,-311.02622231138173,300.5878591927816,311.02622231138173,208.91608682438797,12.623045769967376,-317.92942289975815,91.67177236839359,1.5238374430496426,6.903200588376443
192.0,2.558734178543091,299.9609145915458,14.04660454252036,-309.7149309575452,299.9609145915458,309.7149309575452,208.48791227327632,12.525939787417547,-316.6695877496261,91.47300231826947,1.5206647551028123,6.954656792080854
200.0,2.6687471866607666,299.5231135769768,13.955621553794561,-308.6405725152401,299.5231135769768,308.6405725152401,208.19949100882434,12.438359630890632,-315.6522398163659,91.32362256815244,1.5172619229039288,7.011667301125854
208.0,2.778750419616699,298.9375384522491,13.881051594690785,-307.5190622496739,298.9375384522491,307.5190622496739,207.74051215552302,12.367255633776018,-314.58776442430246,91.19702629672611,1.5137959609147655,7.068702174628598
216.0,2.888740301132202,298.13013291233784,13.806438759768092,-306.3170462461057,298.13013291233784,306.3170462461057,207.06559241291336,12.296109854941566,-313.43746537380366,91.0645404994245,1.5103289048265265,7.120419127697996
224.0,2.998720169067383,297.3179309832752,13.727175974945467,-305.2134319832834,297.3179309832752,305.2134319832834,206.39735922156802,12.220389126724701,-312.37790140551897,90.92057176170714,1.5067868482207674,7.164469422235598
232.0,3.108693838119507,296.7562220411984,13.654105615944362,-304.3928875323661,296.7562220411984,304.3928875323661,205.97282138322737,12.150955098035267,-311.59500163855,90.783400657971,1.503150517909095,7.202114106183906
240.0,3.2186615467071533,296.4908847004455,13.589585285121041,-303.8844369902789,296.4908847004455,303.8844369902789,205.8176931319698,12.09004046371135,-311.11993706874114,90.67319156847572,1.4995448214096905,7.235500078462222
248.0,3.3286211490631104,296.32793047758634,13.5362078356853,-303.5160194050902,296.32793047758634,303.5160194050902,205.73654515533462,12.040099007526699,-310.78124098190364,90.59138532225171,1.4961088281586017,7.2652215768134205
256.0,3.438568353652954,296.03409122591114,13.492574226937197,-303.0876024595689,296.03409122591114,303.0876024595689,205.51394028347065,11.999693296133916,-310.3775546384184,90.5201509424405,1.492880930803282,7.289952178849493
264.0,3.5485029220581055,295.5669573334655,13.449121528812736,-302.56810357996045,295.5669573334655,302.56810357996045,205.12627002449767,11.9592796199361,-309.8761682423064,90.44068730896781,1.4898419088766373,7.308064662345945
272.0,3.6584298610687256,295.0864286159485,13.403422555150101,-302.08133394768106,295.0864286159485,302.08133394768106,204.73570349746916,11.916497367544212,-309.40107794082536,90.35072511847932,1.4869251876058902,7.3197439931443
280.0,3.768352746963501,294.776481634873,13.359879331925342,-301.76234982140517,294.776481634873,301.76234982140517,204.51203125357574,11.875735543235717,-309.0895627587182,90.26445038129725,1.4841437886896252,7.327212937313043
288.0,3.8782739639282227,294.66382976024795,13.321742598321215,-301.622301470387,294.66382976024795,301.622301470387,204.46721869207227,11.840205435876513,-308.9552373126518,90.19661106817567,1.4815371624447033,7.3329358422647815
296.0,3.9881913661956787,294.6051980604616,13.290689458084533,-301.53502772592225,294.6051980604616,301.53502772592225,204.45724152841316,11.811535306604046,-308.87292461876416,90.14795653204841,1.4791541514804853,7.337896892841904
304.0,4.098102569580078,294.4394287132743,13.264326100794234,-301.3666428942177,294.4394287132743,301.3666428942177,204.33375970149183,11.78731026602834,-308.7080816631441,90.10566901178247,1.4770158347658935,7.341438768926398
312.0,4.208008766174316,294.1428886482265,13.236930107383165,-301.1009275668033,294.1428886482265,301.1009275668033,204.08615530222423,11.761846664040753,-308.4435294689871,90.05673334600229,1.4750834433424114,7.342601902183773
320.0,4.317912578582764,293.8354094592972,13.207204526634712,-300.8345702035442,293.8354094592972,300.8345702035442,203.83525334628177,11.733892249335947,-308.1761590775158,90.00015611301541,1.4733122772987644,7.341588873971631
328.0,4.427816867828369,293.6471309989556,13.177897411429331,-300.6672915156974,293.6471309989556,300.6672915156974,203.70078337819743,11.706211131192521,-308.00715375700526,89.94634762075822,1.471686280236809,7.339862241307856
336.0,4.537723541259766,293.59338907735054,13.151978198337282,-300.6065171041464,293.59338907735054,300.6065171041464,203.68776840645785,11.681759197317483,-307.9454853108407,89.90562067089269,1.4702190010197986,7.338968206694297
344.0,4.647630214691162,293.568649612311,13.130929289893412,-300.56311995376,293.568649612311,300.56311995376,203.69058136659766,11.661984267634033,-307.9024271394498,89.87806824571331,1.4689450222593807,7.339307185689812
352.0,4.757534027099609,293.46157031251505,13.112457799715028,-300.4489672873317,293.46157031251505,300.4489672873317,203.60733242373334,11.64460303678279,-307.7890649138961,89.85423788878168,1.4678547629322372,7.340097626564408
360.0,4.867435455322266,293.26007956763243,13.093162017646117,-300.25864579063904,293.26007956763243,300.25864579063904,203.43506372216223,11.626245462522805,-307.5990152788787,89.8250158454702,1.4669165551233125,7.340369488239659
368.0,4.977337837219238,293.05318371629136,13.072162956396184,-300.06598981191473,293.05318371629136,300.06598981191473,203.26312778046102,11.60607932357268,-307.4060225972013,89.79005593583034,1.466083632823505,7.340032785286525
376.0,5.087242603302002,292.9331045761912,13.051398769898205,-299.9441675870351,292.9331045761912,299.9441675870351,203.17611604355685,11.586059087080196,-307.28405953404564,89.75698853263441,1.4653396828180085,7.339891947010501
384.0,5.19714879989624,292.9067782898831,13.03343625010245,-299.89590408172097,292.9067782898831,299.89590408172097,203.1737413071421,11.56873633117635,-307.2367182279883,89.73303698274098,1.4646999189261,7.340814146267363
392.0,5.307056427001953,292.89698329172984,13.01897655823675,-299.8576706742316,292.89698329172984,299.8576706742316,203.17907172995479,11.554799331747024,-307.2005246280133,89.71791156177505,1.464177226489726,7.342853953781713
400.0,5.416961669921875,292.82570290070475,13.006384803462632,-299.76836912168795,292.82570290070475,299.76836912168795,203.12097800358538,11.54261992739926,-307.11363449398505,89.70472489711935,1.4637648760633717,7.3452653722971135
408.0,5.526865482330322,292.6879078000982,12.99336854539094,-299.6272592711133,292.6879078000982,299.6272592711133,203.00079598655688,11.529932170195424,-306.9745080572709,89.68711181354128,1.4634363751955153,7.347248786157607
416.0,5.636769771575928,292.54887691722735,12.979269346886003,-299.48873065111997,292.54887691722735,299.48873065111997,202.88373593706686,11.516112508423973,-306.8374067236577,89.66514098016049,1.463156838462031,7.348676072537742
424.0,5.746682643890381,292.4734522260168,12.96554273172341,-299.4041904370611,292.4734522260168,299.4041904370611,202.8290262338945,11.502626974959997,-306.75427656994225,89.64442599212228,1.4629157567634126,7.350086132881124
432.0,5.856591701507568,292.46354556673117,12.953982912521104,-299.37290467782583,292.46354556673117,299.37290467782583,202.83352679494902,11.491263597219387,-306.7249507172614,89.63001877178216,1.462719315301717,7.352046039435557
440.0,5.966500759124756,292.46274807144295,12.945038088391648,-299.3484500416124,292.46274807144295,299.3484500416124,202.84122692055016,11.482457878309617,-306.70300397931715,89.62152115089279,1.4625802100820318,7.354553937704729
448.0,6.076409816741943,292.41594341750704,12.937384847499363,-299.2875314302022,292.41594341750704,299.2875314302022,202.802033340384,11.474890318305935,-306.6445869909461,89.61391007712301,1.462494529193429,7.3570555607439
456.0,6.186311721801758,292.32256967482004,12.929395855251615,-299.1918784679141,292.32256967482004,299.1918784679141,202.71977149196732,11.466951440523488,-306.55087805805636,89.60279818285271,1.462444414728127,7.358999590142297
464.0,6.296218395233154,292.2301817150142,12.920718518275212,-299.10076082885354,292.2301817150142,299.10076082885354,202.6417183090735,11.45831251824179,-306.4610977591593,89.58846340594073,1.4624060000334227,7.3603369303057775
472.0,6.406127452850342,292.18413409261365,12.91227162523299,-299.0497895106318,292.18413409261365,299.0497895106318,202.60910733075366,11.449897076341244,-306.4112824488415,89.57502676186,1.462374548891745,7.361492938209707
480.0,6.516036510467529,292.1837971720073,12.90535009262064,-299.0366836687875,292.1837971720073,299.0366836687875,202.61776920229937,11.44299399505063,-306.39957049332617,89.5660279697079,1.4623560975700105,7.362886824538677
488.0,6.625942230224609,292.1875932180735,12.900218024759015,-299.02698472898834,292.1875932180735,299.02698472898834,202.6265602762508,11.437855251537666,-306.3915104510107,89.56103294182269,1.4623627732213489,7.364525722022357
496.0,6.735850811004639,292.1574589925541,12.895816916731349,-298.99075508374375,292.1574589925541,298.99075508374375,202.60104555490886,11.433425119676048,-306.3567894511699,89.55641343764522,1.462391797055301,7.366034367426174
504.0,6.845754623413086,292.0946424229504,12.891102524193535,-298.93034229184843,292.0946424229504,298.93034229184843,202.5454966452349,11.428672181062383,-306.2973989878384,89.54914577771551,1.4624303431311523,7.36705669598993
512.0,6.955658435821533,292.03359917838065,12.885750669543246,-298.8738968522715,292.03359917838065,298.8738968522715,202.4940148726704,11.423283722485337,-306.2414968721252,89.53958430571026,1.4624669470579077,7.36760001985369
520.0,7.065565586090088,292.00636476661026,12.880502394299281,-298.8465898014923,292.00636476661026,298.8465898014923,202.47562611040172,11.418005638650977,-306.2145863487796,89.53073865620854,1.4624967556483037,7.367996547287333
528.0,7.175474643707275,292.01056288881693,12.876266165172076,-298.8449682505271,292.01056288881693,298.8449682505271,202.48550022801052,11.413739450346686,-306.21352962894383,89.52506266080638,1.4625267148253913,7.368561378416764
536.0,7.2853827476501465,292.0162753208543,12.873193955844684,-298.84414568034686,292.0162753208543,298.84414568034686,202.4941300469628,11.410628444424592,-306.2134518779162,89.5221452738915,1.4625655114200926,7.3693061975693865
544.0,7.395286560058594,291.9968513959343,12.870514607696173,-298.8234153518619,291.9968513959343,298.8234153518619,202.47749642621466,11.40790253687601,-306.19338519299924,89.51935496971967,1.4626120708201622,7.3699698411373475
552.0,7.505190372467041,291.954386794197,12.86749912774274,-298.78513910070205,291.954386794197,298.78513910070205,202.43978492604234,11.404840427019463,-306.15545388499856,89.51460186815464,1.4626587007232752,7.370314784296539
560.0,7.6150946617126465,291.91400240264556,12.863947640356889,-298.7499408755236,291.91400240264556,298.7499408755236,202.40576435008668,11.401249727501614,-306.12030499360253,89.50823805255891,1.4626979128552744,7.370364118078932
568.0,7.724998474121094,291.8980454777383,12.860443866516642,-298.7352140379297,291.8980454777383,298.7352140379297,202.3955867965209,11.397718242484759,-306.1055777828255,89.50245868121745,1.4627256240318829,7.370363744895776
576.0,7.834902286529541,291.90387418494373,12.857657669604789,-298.7378224828779,291.90387418494373,298.7378224828779,202.40490696546465,11.39490710475787,-306.10836195241245,89.49896721947907,1.4627505648469192,7.370539469534528
584.0,7.944813251495361,291.90939423705674,12.855620654689549,-298.7395618979658,291.90939423705674,298.7395618979658,202.41202790817118,11.392842730275325,-306.1104475420891,89.49736632888555,1.4627779244142243,7.370885644123277
592.0,8.054717063903809,291.89650885097853,12.853817688321932,-298.72631592739566,291.89650885097853,298.72631592739566,202.40074795754597,11.391011283960887,-306.0975263463081,89.49576089343256,1.4628064043610447,7.371210418912419
600.0,8.164621353149414,291.86721280741176,12.851746624026102,-298.7002279542559,291.86721280741176,298.7002279542559,202.37451541305063,11.388914399336567,-306.071573500264,89.49269739436112,1.462832224689535,7.371345546008044
608.0,8.27452564239502,291.8403512426856,12.849259254998683,-298.67702544471416,291.8403512426856,298.67702544471416,202.3518410996897,11.386408526475318,-306.0483364805226,89.48851014299589,1.4628507285233656,7.371311035808425
616.0,8.384435653686523,291.83105752216017,12.846834150217731,-298.6681501571406,291.83105752216017,298.6681501571406,202.34627248186396,11.383974624210495,-306.03943220630254,89.4847850402962,1.4628595260072368,7.371282049161927
624.0,8.494339942932129,291.83661063628176,12.844939060118955,-298.67087950591963,291.83661063628176,298.67087950591963,202.3539078103077,11.382074186452959,-306.0422893807297,89.48270282597407,1.4628648736659962,7.37140987481007
632.0,8.604243278503418,291.8412550876243,12.843515222170454,-298.6723892252901,291.8412550876243,298.6723892252901,202.35935896729208,11.380644155988554,-306.0440646974047,89.48189612033222,1.4628710661819007,7.371675472114617
640.0,8.714147567749023,291.832434152833,12.842334896916743,-298.6628027235195,291.832434152833,298.6628027235195,202.3514127511534,11.379456479099963,-306.0347403667395,89.48102140167961,1.462878417816781,7.371937643220022
648.0,8.82405948638916,291.81201655356926,12.840885582097533,-298.64419131554416,291.81201655356926,298.64419131554416,202.33296697792338,11.378002296109095,-306.01626256687564,89.47904957564592,1.462883285988438,7.372071251331477
656.0,8.933963775634766,291.7940973986753,12.839185961901695,-298.6282077206077,291.7940973986753,298.6282077206077,202.31779459019612,11.37630361128408,-306.00030320702524,89.4763028084792,1.4628823506176154,7.372095486417571
664.0,9.043868064880371,291.7885199608174,12.83755417726382,-298.62215431809204,291.7885199608174,298.62215431809204,202.31461373815122,11.374679310008425,-305.9942858128141,89.47390622266616,1.4628748672553957,7.372131494722076
672.0,9.15377140045166,291.79337376863737,12.836251373540764,-298.62451179129977,291.79337376863737,298.62451179129977,202.32070573344953,11.37338580720255,-305.99679295142585,89.47266803518781,1.4628655663382126,7.3722811601260645
680.0,9.263683319091797,291.79712260425265,12.835368253207307,-298.6255530137568,291.79712260425265,298.6255530137568,202.3248196397282,11.37251012217034,-305.99807644614054,89.47230296452446,1.4628581310369668,7.372523432383716
688.0,9.373587608337402,291.79076084135704,12.834612901242785,-298.6183063193656,291.79076084135704,298.6183063193656,202.3189376206148,11.371761177312223,-305.9910604214035,89.47182322074225,1.4628517239305623,7.372754102037902
696.0,9.483490943908691,291.7766309834408,12.833632320500435,-298.60518046248797,291.7766309834408,298.60518046248797,202.30608675628108,11.370788229979421,-305.97806648684684,89.4705442271597,1.4628440905210125,7.372886024358856
704.0,9.593395233154297,291.76454227225264,12.832501913084405,-298.594170930629,291.76454227225264,298.594170930629,202.29583024473567,11.369669127452006,-305.9671050578943,89.46871202751696,1.4628327856323988,7.372934127265296
712.0,9.703307151794434,291.76150729940423,12.831460301416286,-298.5905727094565,291.76150729940423,298.5905727094565,202.2943460855406,11.368641812053045,-305.963560974781,89.4671612138636,1.46281848936324,7.3729882653244445
720.0,9.813210487365723,291.76553225203384,12.830618858652983,-298.5925976032505,291.76553225203384,298.5925976032505,202.29910954168366,11.367815174583253,-305.9657148231927,89.46642271035019,1.4628036840697307,7.373117219942159
728.0,9.923114776611328,291.7683002941061,12.830106507277005,-298.59333800377135,291.7683002941061,298.59333800377135,202.30201897459048,11.36731630782624,-305.96664131726556,89.46628131951559,1.4627901994507653,7.373303313494183
736.0,10.033019065856934,291.76384562055455,12.829612623266662,-298.5882545424151,291.76384562055455,298.5882545424151,202.29783068079314,11.366833365830468,-305.96172697011775,89.46601493976141,1.4627792574361935,7.373472427702666
744.0,10.142931938171387,291.75408373926416,12.82898498522874,-298.57932779855355,291.75408373926416,298.57932779855355,202.2889231149831,11.366217404489149,-305.95288977249083,89.46516062428105,1.462767580739592,7.373561973937257
752.0,10.252835273742676,291.7461329199092,12.828261440354364,-298.57201873575116,291.7461329199092,298.57201873575116,202.28219703689587,11.365506176235185,-305.94561088511864,89.46393588301333,1.4627552641191794,7.373592149367504
760.0,10.362739562988281,291.74434624454864,12.827559553212726,-298.5697248217426,291.74434624454864,298.5697248217426,202.2814281407452,11.364819620299038,-305.94335090038476,89.46291810380342,1.4627399329136885,7.373626078642104
768.0,10.472643852233887,291.74781423653627,12.827027717472813,-298.5719079804098,291.74781423653627,298.5719079804098,202.28531799205598,11.364301213558585,-305.9456175159971,89.46249624448028,1.4627265039142285,7.373709535587373
776.0,10.582555770874023,291.7497560465331,12.826732991979064,-298.57254558281784,291.7497560465331,298.57254558281784,202.2873026541733,11.364017770877627,-305.9463738082276,89.46245339235983,1.462715221101436,7.37382822540976
784.0,10.692460060119629,291.74670693228154,12.826426400100207,-298.5691454052227,291.74670693228154,298.5691454052227,202.28439240555676,11.36372262423043,-305.94308127337945,89.46231452672475,1.4627037758697767,7.373935868156785
792.0,10.802364349365234,291.7398129292431,12.82605341401191,-298.56288155531945,291.7398129292431,298.56288155531945,202.27807597485665,11.363358634503456,-305.93686299953913,89.46173695438645,1.4626947795084542,7.373981444219687
800.0,10.91226863861084,291.7346810655031,12.825564652926781,-298.5582762014166,291.7346810655031,298.5582762014166,202.27375753549688,11.362880068156208,-305.9322673650761,89.46092353000621,1.4626845847705727,7.373991163659461
808.0,11.022181510925293,291.73373924233476,12.825129983662894,-298.55696203645874,291.73373924233476,298.55696203645874,202.273482104214,11.362456857025986,-305.93096288463903,89.46025713812078,1.4626731266369069,7.374000848180266
816.0,11.132084846496582,291.7363507223347,12.824790468233129,-298.5585599269484,291.7363507223347,298.5585599269484,202.27633128752672,11.362127057853284,-305.93261418337954,89.46001943480798,1.4626634103798457,7.374054256431123
824.0,11.241989135742188,291.73772280312284,12.824617867243905,-298.55913237529523,291.73772280312284,298.55913237529523,202.27769919441914,11.361962929281127,-305.9332600577553,89.4600236087037,1.4626549379627791,7.374127682460063
832.0,11.351893424987793,291.73573860578824,12.824416163110698,-298.55686821781507,291.73573860578824,298.55686821781507,202.2757874441421,11.361768242460212,-305.93106337910643,89.45995116164612,1.462647920650487,7.374195161291347
840.0,11.461804389953613,291.7310538054906,12.82418190742826,-298.5523826039684,291.7310538054906,298.5523826039684,202.27147949780317,11.36154042854803,-305.9266065480722,89.45957430768742,1.4626414788802293,7.3742239441037825
848.0,11.571708679199219,291.72751176787085,12.823834946883757,-298.5493187567197,291.72751176787085,298.5493187567197,202.2684693977198,11.361200356951056,-305.9235481120296,89.45904237015105,1.4626345899327022,7.374229355309936
856.0,11.681612968444824,291.7272406831147,12.823562334075952,-298.548612324406,291.7272406831147,298.548612324406,202.26862939944533,11.360935082653064,-305.92284973253516,89.4586112836694,1.4626272514228864,7.374237408129147
864.0,11.791516304016113,291.7289635428327,12.823362368824089,-298.5494941483298,291.7289635428327,298.5494941483298,202.27048484789262,11.360741030378794,-305.92377187168233,89.45847869494007,1.4626213384452962,7.3742777233525345
872.0,11.9014310836792,291.729904455978,12.823244798873521,-298.54990402222694,291.729904455978,298.54990402222694,202.2714034560513,11.360628780438688,-305.92423415754297,89.45850099992668,1.462616018434832,7.374330135316029
880.0,12.011334419250488,291.7286640462245,12.823128705709474,-298.5484340997394,291.7286640462245,298.5484340997394,202.2701842785678,11.360516832921192,-305.9228146266309,89.45847976765667,1.4626118727882815,7.3743805268915
888.0,12.121238708496094,291.72548734746556,12.82297463373542,-298.5451874758545,291.72548734746556,298.5451874758545,202.26725149961902,11.3603658360352,-305.91959317752685,89.45823584784657,1.4626087977002207,7.374405701672323
896.0,12.2311429977417,291.72308937467176,12.82271492730326,-298.5430911328869,291.72308937467176,298.5430911328869,202.2651933731405,11.360110697102812,-305.91750720545724,89.45789600153125,1.462604230200448,7.374416072570334
904.0,12.34105396270752,291.72289598010275,12.822537884878187,-298.5425628836369,291.72289598010275,298.5425628836369,202.26528376184683,11.359937213803216,-305.9169887172395,89.45761221825592,1.4626006710749713,7.374425833602629
912.0,12.450958251953125,291.72385105366646,12.822422997784827,-298.5427570112677,291.72385105366646,298.5427570112677,202.26632628795716,11.359826300012251,-305.91721710095123,89.45752476570931,1.4625966977725762,7.374460089683517
920.0,12.56086254119873,291.724799058756,12.822363006032255,-298.5434124230815,291.724799058756,298.5434124230815,202.26725053521534,11.359769373624474,-305.91791358285064,89.45754852354065,1.4625936324077804,7.374501159769146
928.0,12.67076587677002,291.72413989211225,12.822287297686328,-298.54234349269433,291.72413989211225,298.54234349269433,202.26658042737594,11.359694754207839,-305.91688591324777,89.45755946473629,1.4625925434784894,7.374542420553432
936.0,12.780680656433105,291.7220893908881,12.822185827394113,-298.54015691332756,291.7220893908881,298.54015691332756,202.26465566526554,11.359595547579396,-305.91472673520263,89.45743372562254,1.4625902798147181,7.374569821875099
944.0,12.890583992004395,291.72051980907884,12.822032707268312,-298.5386609543698,291.72051980907884,298.5386609543698,202.26329108893862,11.359444264483809,-305.9132472313317,89.45722872014025,1.4625884427845022,7.374586276961935
952.0,13.00048828125,291.7197890020723,12.82188564570074,-298.5377674371234,291.7197890020723,298.5377674371234,202.2627656266635,11.359299397023616,-305.9123630966759,89.45702337540875,1.4625862486771255,7.374595659552483
960.0,13.110392570495605,291.72040712806177,12.821830701823135,-298.53775766075324,291.72040712806177,298.53775766075324,202.26346883590554,11.359246688604104,-305.9123774432013,89.45693829215622,1.4625840132190304,7.3746197824480575
968.0,13.220303535461426,291.7209129699454,12.821796780674948,-298.53789560082004,291.7209129699454,298.53789560082004,202.26396645406447,11.35921474315061,-305.9125502521905,89.45694651588092,1.4625820375243395,7.37465465137047
976.0,13.330207824707031,291.72125299517575,12.821796902799306,-298.53791928405826,291.72125299517575,298.53791928405826,202.26427038236216,11.359215506131452,-305.9126058993776,89.45698261281356,1.4625813966678551,7.374686615319305
984.0,13.440112113952637,291.72014318264763,12.821685330514605,-298.53659391339085,291.72014318264763,298.53659391339085,202.26319722497888,11.359104745801513,-305.9113075978212,89.45694595766876,1.4625805847130913,7.37471368443034
992.0,13.550015449523926,291.71897889090314,12.82160499863192,-298.53528139356706,291.71897889090314,298.53528139356706,202.26213302646886,11.35902561587419,-305.9100163660547,89.45684586443431,1.4625793827577285,7.3747349724876585
1000.0,13.659930229187012,291.71815620877226,12.821477074326475,-298.53457049316006,291.71815620877226,298.53457049316006,202.2614478055712,11.358899299448872,-305.909314494161,89.45670840320108,1.4625777748776039,7.374744001000913
1008.0,13.7698335647583,291.7181810412893,12.8214703680239,-298.53414728767757,291.7181810412893,298.53414728767757,202.2615644145357,11.358893660687972,-305.9089051424761,89.45661662675363,1.4625767073359284,7.37475785479856
1016.0,13.879737854003906,291.7182348879511,12.821431408587685,-298.5338406220084,291.7182348879511,298.5338406220084,202.26164899680225,11.358855978722493,-305.9086212102122,89.45658589114885,1.4625754298651907,7.374780588203748
1024.0,13.989642143249512,291.7186925013431,12.821397703025173,-298.5338694650473,291.7186925013431,298.5338694650473,202.26209832014976,11.358823404715151,-305.9086766928668,89.45659418119335,1.462574298310022,7.374807227819481
1032.0,14.099553108215332,291.7185993795202,12.821443699886006,-298.53358658795975,291.7185993795202,298.53358658795975,202.26197914521413,11.358869611259788,-305.9084179489259,89.45662023430606,1.462574088626217,7.374831360966155
1040.0,14.209458351135254,291.7182330733455,12.821360223024225,-298.53297844628935,291.7182330733455,298.53297844628935,202.26162753373512,11.358787111502373,-305.9078307050538,89.4566055396104,1.4625731115218517,7.374852258764477
1048.0,14.319363594055176,291.71743241891977,12.821307743129443,-298.5319793788248,291.71743241891977,298.5319793788248,202.2608732418721,11.358735951768317,-305.9068505771448,89.45655917704768,1.4625717913611265,7.374871198319987
1056.0,14.42927074432373,291.7169588819494,12.821214382980052,-298.5316270964848,291.7169588819494,298.5316270964848,202.26047651071508,11.35864169322717,-305.9065074129124,89.45648237123429,1.462572689752883,7.374880316427621
1064.0,14.539176940917969,291.71668569512013,12.821172841490817,-298.53110884251953,291.71668569512013,298.53110884251953,202.26026515552508,11.358603067577963,-305.9059985765193,89.45642053959504,1.462569773912855,7.37488973399978
1072.0,14.649083137512207,291.7168104548754,12.82117111608933,-298.5309077514628,291.7168104548754,298.5309077514628,202.2604223300756,11.358601277116364,-305.90581185433507,89.45638812479973,1.462569838972966,7.37490410287225
1080.0,14.758986473083496,291.7168976691296,12.821150575192675,-298.53057803023125,291.7168976691296,298.53057803023125,202.26050962495165,11.358581683900876,-305.905502744821,89.45638804417797,1.4625688912917987,7.374924714589703
1088.0,14.868891716003418,291.7169675412134,12.82118195840486,-298.5304276650483,291.7169675412134,298.5304276650483,202.26056424761055,11.35861476525744,-305.90537265602507,89.4564032936029,1.4625671931474198,7.374944990976736
1096.0,14.978804588317871,291.71690326953643,12.82115685960322,-298.5301129484481,291.71690326953643,298.5301129484481,202.26049800178544,11.358589449233195,-305.9050748629333,89.45640526775098,1.462567410370026,7.374961914485205
1104.0,15.08870792388916,291.716561811834,12.82111094259929,-298.5295741611167,291.716561811834,298.5295741611167,202.26016058041296,11.358544044489564,-305.9045540195477,89.4564012314211,1.462566898109726,7.374979858430962
1112.0,15.198613166809082,291.71631530964953,12.821077371769452,-298.529123421566,291.71631530964953,298.529123421566,202.259930360409,11.35851210852378,-305.9041189265508,89.45638494924056,1.4625652632456712,7.3749955049847955
1120.0,15.308517456054688,291.7160390323319,12.821061235275295,-298.5287408679928,291.7160390323319,298.5287408679928,202.2596731113964,11.358495247169387,-305.9037509611836,89.45636592093547,1.4625659881059079,7.3750100931908165
1128.0,15.418421745300293,291.7159389198936,12.820996044494057,-298.52847925488504,291.7159389198936,298.52847925488504,202.2596012721427,11.358431717941919,-305.9035003372872,89.45633764775084,1.4625643265521386,7.375021082402164
1136.0,15.528325080871582,291.71571592769715,12.820972490921399,-298.52810238287645,291.71571592769715,298.52810238287645,202.25939868944283,11.358409400820488,-305.90313517916013,89.45631723825433,1.4625630901009101,7.3750327962836835
1144.0,15.638229370117188,291.7156520822956,12.820952242268365,-298.52784687704866,291.7156520822956,298.52784687704866,202.2593472155078,11.358389017754265,-305.9028924929035,89.4563048667878,1.4625632245141018,7.375045615854823
1152.0,15.748133659362793,291.71585118560074,12.820962465702248,-298.5277365195906,291.71585118560074,298.5277365195906,202.2595419126611,11.35840070467238,-305.9027968757698,89.45630927293962,1.4625617610298685,7.375060356179226
1160.0,15.858054161071777,291.71550236445637,12.82095479714351,-298.52715972668886,291.71550236445637,298.52715972668886,202.2591974632454,11.35839386235909,-305.9022355638497,89.45630490121098,1.4625609347844213,7.375075837160786
1168.0,15.96795654296875,291.7155429227707,12.820939524001878,-298.5270068183732,291.7155429227707,298.5270068183732,202.25924117983635,11.35837925639449,-305.90209574906885,89.45630174293433,1.4625602676073868,7.375088930695675
1176.0,16.077861785888672,291.7153671575203,12.820928267455773,-298.5266346678784,291.7153671575203,298.5266346678784,202.259066662286,11.358369278839234,-305.9017379095468,89.45630049523427,1.4625589886165384,7.37510324166837
1184.0,16.187767028808594,291.7153953388869,12.820920480917406,-298.5264592914096,291.7153953388869,298.5264592914096,202.259097096213,11.358362209725591,-305.90157548252273,89.45629824267388,1.4625582711918153,7.37511619111315
1192.0,16.297670364379883,291.7150796812639,12.82089677490633,-298.52598321846347,291.7150796812639,298.52598321846347,202.25878504855308,11.358339478985677,-305.90111228701824,89.45629463271081,1.4625572959206528,7.375129068554784
1200.0,16.407575607299805,291.71513885749357,12.820867601769557,-298.5259207787371,291.71513885749357,298.5259207787371,202.25885559136307,11.358311584630066,-305.90106012802596,89.4562832661305,1.462556017139491,7.375139349288872
1208.0,16.517478942871094,291.7150032415861,12.820861777994534,-298.52556302863735,291.7150032415861,298.52556302863735,202.25871925280882,11.358305907045532,-305.9007156011745,89.45628398877727,1.4625558709490027,7.375152572537154
1216.0,16.627382278442383,291.7149334560803,12.820836246989703,-298.5252956062492,291.7149334560803,298.5252956062492,202.2586570084069,11.358281360778102,-305.90045971349315,89.45627644767336,1.462554886211601,7.375164107243954
1224.0,16.7373046875,291.71497093055126,12.820832912195282,-298.52513285184835,291.71497093055126,298.52513285184835,202.25869399070066,11.358279414246162,-305.90030838190023,89.4562769398506,1.4625534979491208,7.375175530051855
1232.0,16.84720802307129,291.7146804574727,12.820835431396228,-298.52468613102167,291.7146804574727,298.52468613102167,202.25840492761841,11.358282416722522,-305.8998741334857,89.45627552985428,1.4625530146737056,7.375188002464043
1240.0,16.95711326599121,291.71462990685325,12.820799736785283,-298.52452762378937,291.71462990685325,298.52452762378937,202.25836347838418,11.358247628602399,-305.89972495057634,89.45626642846909,1.4625521081828827,7.375197326786989
1248.0,17.0670166015625,291.7145682964259,12.820796044939293,-298.5242677838312,291.7145682964259,298.5242677838312,202.25830052856762,11.358245128686644,-305.8994766823537,89.45626776785832,1.4625509162526482,7.375208898522459
1256.0,17.17691993713379,291.71465906775154,12.820787139419384,-298.5241847037396,291.71465906775154,298.5241847037396,202.25839200605373,11.35823655277534,-305.8994047039257,89.45626706169782,1.4625505866440447,7.375220000186104
1264.0,17.28682518005371,291.7145230583727,12.820790365154101,-298.5238770281298,291.7145230583727,298.5238770281298,202.25825066398838,11.358241170724423,-305.8991090679293,89.45627239438433,1.4625491944296787,7.375232039799528
1272.0,17.396728515625,291.7143654787868,12.820769323278181,-298.5235634996857,291.7143654787868,298.5235634996857,202.25809798872328,11.358220821438081,-305.8988059868596,89.45626749006357,1.4625485018400992,7.375242487173949
1280.0,17.506633758544922,291.7144211837285,12.820769598820597,-298.52344147457086,291.7144211837285,298.52344147457086,202.25815419274554,11.358221763206279,-305.89869395894686,89.45626699098295,1.462547835614318,7.375252484375977
1288.0,17.61655616760254,291.714201917083,12.820760841207544,-298.5230713709088,291.714201917083,298.5230713709088,202.25793696514913,11.358213762770685,-305.89833452521054,89.45626495193389,1.4625470784368604,7.375263154301777
1296.0,17.726459503173828,291.71416835286055,12.82073996788614,-298.52291669608826,291.71416835286055,298.52291669608826,202.2579060727702,11.358193853536138,-305.89818919375597,89.45626228009036,1.4625461143500038,7.375272497667694
1304.0,17.83636474609375,291.7141406974995,12.820722089924626,-298.52272037815754,291.7141406974995,298.52272037815754,202.25788282741036,11.358176615887762,-305.898001781919,89.45625787008916,1.4625454740368626,7.375281403761434
1312.0,17.94626808166504,291.7140783031261,12.820709961148893,-298.52255066104925,291.7140783031261,298.52255066104925,202.25781672737472,11.35816556299,-305.8978423850971,89.45626157575137,1.4625443981588946,7.3752917240478055
1320.0,18.05617332458496,291.7140371298527,12.820699166973032,-298.52232571529305,291.7140371298527,298.52232571529305,202.2577757864413,11.358155590186573,-305.897627256355,89.4562613434114,1.4625435767864579,7.375301541061937
1328.0,18.16607666015625,291.713868644927,12.820662336067159,-298.52205870687925,291.713868644927,298.52205870687925,202.257611974369,11.35811945222184,-305.8973687176539,89.45625667055799,1.4625428838453178,7.375310010774605
1336.0,18.27597999572754,291.7140200154276,12.820659790412146,-298.52202566469276,291.7140200154276,298.52202566469276,202.25775755225604,11.35811780602527,-305.89734564085677,89.45626246317156,1.4625419843868759,7.375319976164029
1344.0,18.38588523864746,291.71390508198976,12.820667819492813,-298.52175043201413,291.71390508198976,298.52175043201413,202.2576335092161,11.358126456679093,-305.89708133196484,89.45627157277366,1.4625413628137203,7.375330899950725
1352.0,18.495805740356445,291.7137834278674,12.820645466235081,-298.5215087169331,291.7137834278674,298.5215087169331,202.2575163987741,11.358104784956133,-305.8968484604048,89.4562670290933,1.4625406812789477,7.375339743471677
1360.0,18.605710983276367,291.7137410413533,12.820639783361269,-298.5213493422865,291.7137410413533,298.5213493422865,202.2574701878034,11.35810009770137,-305.89669808942296,89.45627085354991,1.4625396856598982,7.375348747136442
1368.0,18.715614318847656,291.71353644745,12.820590619482099,-298.52106140954146,291.71353644745,298.52106140954146,202.25727694138624,11.35805166511942,-305.89641724825356,89.45625950606376,1.4625389543626781,7.375355838712089
1376.0,18.825519561767578,291.71390492266625,12.820590638441171,-298.5212778295953,291.71390492266625,298.5212778295953,202.25763686804356,11.358052318017368,-305.89664236046997,89.45626805462268,1.4625383204238034,7.375364530874691
1384.0,18.935422897338867,291.7137224292177,12.820622783601312,-298.5209206856823,291.7137224292177,298.5209206856823,202.2574390990898,11.358085319211582,-305.8962954122358,89.45628333012792,1.4625374643897286,7.375374726553503
1392.0,19.04532814025879,291.7135041223578,12.820602083663662,-298.5205816141633,291.7135041223578,298.5205816141633,202.25722450591934,11.358065130824613,-305.89596575402174,89.45627961643848,1.4625369528390477,7.375384139858454
1400.0,19.155231475830078,291.7134711523003,12.820555269935195,-298.5204540408663,291.7134711523003,298.5204540408663,202.2572003689203,11.358019038544295,-305.8958447373858,89.45627078338,1.4625362313908994,7.375390696519496
1408.0,19.26513671875,291.7135843929782,12.820568576062206,-298.52041779810537,291.7135843929782,298.52041779810537,202.2573052217667,11.3580329303011,-305.8958175853044,89.45627917121148,1.4625356457611058,7.375399787199036
1416.0,19.375057220458984,291.7134535258766,12.820564637794712,-298.5201522024537,291.7134535258766,298.5201522024537,202.2571660370399,11.358029835191093,-305.8955620512433,89.4562874888367,1.462534802603619,7.375409848789637
1424.0,19.484962463378906,291.71331371799704,12.82053280231683,-298.51989960877864,291.71331371799704,298.51989960877864,202.25703271752693,11.357999138853097,-305.8953172569925,89.4562810004701,1.4625336634637325,7.3754176482138405
1432.0,19.594865798950195,291.7134301718762,12.820530888061462,-298.51985544472177,291.7134301718762,298.51985544472177,202.25714419259398,11.35799779642186,-305.8952809511304,89.4562859792822,1.462533091639604,7.375425506408661
1440.0,19.704771041870117,291.71336887637017,12.820547605381114,-298.51963664674423,291.71336887637017,298.51963664674423,202.2570726549643,11.358015267345039,-305.8950723196724,89.45629622140584,1.462532338036075,7.375435672928198
1448.0,19.814674377441406,291.71320869661565,12.820520679860557,-298.5193893591316,291.71320869661565,298.5193893591316,202.25691643854992,11.357989099538122,-305.8948325452541,89.45629225806574,1.4625315803224357,7.375443186122503
1456.0,19.924577713012695,291.71325897714706,12.820517573087042,-298.5193172861138,291.71325897714706,298.5193172861138,202.25696369137768,11.357986233717162,-305.8947686226361,89.45629528576939,1.4625313393698791,7.375451336522282
1464.0,20.034482955932617,291.71317785627707,12.820501207824272,-298.51910358032836,291.71317785627707,298.51910358032836,202.25688237623382,11.357970684606915,-305.89456253415057,89.45629548004322,1.4625305232173567,7.375458953822211
1472.0,20.144386291503906,291.71309454412926,12.820495348527636,-298.5189302074721,291.71309454412926,298.5189302074721,202.2567977319041,11.357965356334677,-305.89439708481177,89.45629681222518,1.4625299921929589,7.375466877339626
1480.0,20.254308700561523,291.7130430003515,12.820462385864435,-298.51875479039103,291.7130430003515,298.51875479039103,202.25674958619015,11.357933146623573,-305.89422858477536,89.45629341416134,1.4625292392408609,7.375473794384334
1488.0,20.364213943481445,291.71309008100616,12.82045689669264,-298.51868518297744,291.71309008100616,298.51868518297744,202.25679170590962,11.35792834978237,-305.894166970624,89.45629837509651,1.4625285469102716,7.375481787646571
1496.0,20.474117279052734,291.7130849797875,12.820457344003106,-298.5185318484036,291.7130849797875,298.5185318484036,202.25677851280204,11.357929943714597,-305.8940220873507,89.45630646698542,1.4625274002885096,7.37549023894713
1504.0,20.584020614624023,291.71296450299275,12.820449351387824,-298.5183331671538,291.71296450299275,298.5183331671538,202.25665477850774,11.35792218913696,-305.89383170502725,89.45630972448501,1.462527162250863,7.375498537873462
1512.0,20.693925857543945,291.71296387394807,12.820446238022967,-298.51818910812915,291.71296387394807,298.51818910812915,202.25665306565998,11.357919599418544,-305.89369498376425,89.4563108082881,1.462526638604424,7.375505875635092
1520.0,20.803831100463867,291.712882625705,12.820444251520609,-298.5180350057722,291.712882625705,298.5180350057722,202.25656938522127,11.357918297090903,-305.89354829725494,89.45631324048371,1.4625259544297062,7.375513291482726
1528.0,20.913734436035156,291.712903422974,12.820424651996591,-298.51789962409873,291.712903422974,298.51789962409873,202.2565884082386,11.357899086943776,-305.89341996716985,89.4563150147354,1.4625255650528146,7.375520343071145
1536.0,21.023637771606445,291.7128501648135,12.820433432969459,-298.5177477441189,291.7128501648135,298.5177477441189,202.2565295172961,11.357908516136492,-305.893275801094,89.45632064751743,1.4625249168329661,7.375528056975128
1544.0,21.133560180664062,291.7127971603797,12.820422586172466,-298.5175583391152,291.7127971603797,298.5175583391152,202.2564752349911,11.357898241503712,-305.8930937443573,89.45632192538861,1.4625243446687541,7.3755354052420685
1552.0,21.24346351623535,291.71275618608297,12.82042350493074,-298.5174080909213,291.71275618608297,298.5174080909213,202.25643281396603,11.357899984820673,-305.8929501474026,89.45632337211697,1.4625235201100688,7.375542056481287
1560.0,21.353368759155273,291.71273118031684,12.820418870938743,-298.51729119852456,291.71273118031684,298.51729119852456,202.25640571924436,11.357895986776107,-305.8928403789991,89.45632546107251,1.4625228841626363,7.375549180474543
1568.0,21.463272094726562,291.7126278438085,12.820390581868955,-298.517097331112,291.7126278438085,298.517097331112,202.25630394380755,11.35786846716121,-305.89265268007716,89.45632390000091,1.4625221147077454,7.375555348965179
1576.0,21.57317543029785,291.7125391977567,12.820371668123851,-298.5169192216814,291.7125391977567,298.5169192216814,202.25621870523662,11.35785022912042,-305.89248026346525,89.45632049252009,1.4625214390034316,7.375561041783847
1584.0,21.683080673217773,291.7125221313045,12.820333896478509,-298.5168993050589,291.7125221313045,298.5168993050589,202.25620489196928,11.357813345405333,-305.89246580472775,89.45631723933526,1.462520551073177,7.375566499668828
1592.0,21.792984008789062,291.712640526879,12.820324315806676,-298.5168610794259,291.712640526879,298.5168610794259,202.25631679050676,11.357804120051886,-305.89243424599914,89.45632373637225,1.4625201957547906,7.375573166573247
1600.0,21.90288734436035,291.7127755040974,12.820346067759882,-298.516820238714,291.7127755040974,298.516820238714,202.25643437366193,11.357826578913553,-305.8924015315938,89.45634113043548,1.4625194888463282,7.375581292879794
1608.0,22.0128116607666,291.7127299504349,12.820384528864617,-298.5166907784143,291.7127299504349,298.5166907784143,202.2563746396527,11.357865975036129,-305.89227961096935,89.45635531078216,1.4625185538284882,7.375588832555096
1616.0,22.122716903686523,291.71260242177516,12.820365205070152,-298.51643884600463,291.71260242177516,298.51643884600463,202.25624305788065,11.357847000388887,-305.89203458474753,89.45635936389448,1.462518204681265,7.375595738742895
1624.0,22.232620239257812,291.7125573259818,12.820369072301839,-298.5163044179821,291.7125573259818,298.5163044179821,202.2561961474268,11.357851494479455,-305.8919064419903,89.45636117855496,1.4625175778223833,7.37560202400816
1632.0,22.3425235748291,291.71245293497736,12.820355771263522,-298.5161157101501,291.71245293497736,298.5161157101501,202.25609397205386,11.357838729709387,-305.8917240052548,89.45635896292347,1.4625170415541344,7.375608295104705
1640.0,22.452428817749023,291.71233520844584,12.820329616132373,-298.5159649312387,291.71233520844584,298.5159649312387,202.25598098981212,11.357813345712408,-305.8915778990084,89.45635421863372,1.4625162704199655,7.375612967769648
1648.0,22.562332153320312,291.7122365455809,12.820287408887502,-298.51582999463807,291.7122365455809,298.51582999463807,202.25589222730434,11.357771864977183,-305.89144628421684,89.45634431827654,1.4625155439103183,7.375616289578787
1656.0,22.6722354888916,291.71237517353615,12.820282291692859,-298.5158920058136,291.71237517353615,298.5158920058136,202.2560293141648,11.357767293984766,-305.89151352735183,89.45634585937134,1.4625149977080927,7.375621521538207
1664.0,22.782140731811523,291.7125217380931,12.820297820334122,-298.5158674659876,291.7125217380931,298.5158674659876,202.25616151849937,11.357783120316295,-305.8914961060931,89.45636021959372,1.4625147000178282,7.375628640105482
1672.0,22.892061233520508,291.7125525437893,12.820337736314716,-298.5157208218585,291.7125525437893,298.5157208218585,202.25617489283033,11.357823506812608,-305.8913572994745,89.45637765095896,1.4625142295021076,7.375636477616027
1680.0,23.00196647644043,291.7122500672307,12.82031433190857,-298.51548875260676,291.7122500672307,298.51548875260676,202.2558728156036,11.357800688602875,-305.89112976280785,89.45637725162707,1.462513643305694,7.375641010201086
1688.0,23.11186981201172,291.7122120325198,12.820252089251968,-298.5153200302284,291.7122120325198,298.5153200302284,202.25584551267806,11.357738533192878,-305.8909649822592,89.45636651984175,1.4625135560590894,7.375644952030818
1696.0,23.221773147583008,291.71228789316524,12.82022497157634,-298.51538825688607,291.71228789316524,298.51538825688607,202.25591633106956,11.357712868975149,-305.8910391295126,89.45637156209571,1.462512102601191,7.375650872626501
1704.0,23.33167839050293,291.71224421738856,12.820209850027759,-298.5152230124393,291.71224421738856,298.5152230124393,202.25586759514596,11.357697853417983,-305.89088079402813,89.4563766222426,1.4625119966097744,7.375657781588799
1712.0,23.44158172607422,291.71224106311143,12.8201859494322,-298.51512152221835,291.71224106311143,298.51512152221835,202.25585912176166,11.357674883609306,-305.8907863134192,89.45638194134976,1.462511065822894,7.375664791200819
1720.0,23.551485061645508,291.71225743226086,12.820187640150378,-298.515057233646,291.71225743226086,298.515057233646,202.255868773403,11.357677089906725,-305.8907284273178,89.45638865885786,1.4625105502436533,7.375671193671813
1728.0,23.66139030456543,291.7123091962633,12.820183828977974,-298.5149875731877,291.7123091962633,298.5149875731877,202.25591085208123,11.357673625149179,-305.89066572105116,89.45639834418203,1.4625102038287965,7.3756781478635105
1736.0,23.77131462097168,291.7123294141889,12.820209678252638,-298.5149113894911,291.7123294141889,298.5149113894911,202.25591920213384,11.357700395579595,-305.89059586852954,89.45641021205506,1.462509282673043,7.375684479038476
1744.0,23.88121795654297,291.7120411671233,12.820179439745537,-298.5146399622988,291.7120411671233,298.5146399622988,202.25563523886882,11.357670434155201,-305.89032850872496,89.45640592825444,1.4625090055903356,7.375688546426126
1752.0,23.991121292114258,291.7120162893652,12.820123820250487,-298.5145678504284,291.7120162893652,298.5145678504284,202.25561952252656,11.357615237142259,-305.89026038384463,89.45639676683862,1.462508583108228,7.375692533416213
1760.0,24.10102653503418,291.71198161738914,12.820089870560885,-298.5144939842901,291.71198161738914,298.5144939842901,202.25558567046227,11.357582245059232,-305.8901905968566,89.45639594692688,1.4625076255016518,7.3756966125665215
1768.0,24.21092987060547,291.71196660421134,12.820056370885727,-298.5144010299407,291.71196660421134,298.5144010299407,202.25557158409728,11.357548978484207,-305.8901024283724,89.45639502011404,1.4625073924015202,7.375701398431701
1776.0,24.320833206176758,291.71209908709335,12.820057194649573,-298.51445146620006,291.71209908709335,298.51445146620006,202.25569409969165,11.357550109598439,-305.89015912697295,89.4564049874017,1.4625070850511341,7.375707660772868
1784.0,24.43073844909668,291.71204087231604,12.82004197667958,-298.51430997183473,291.71204087231604,298.51430997183473,202.255627453522,11.357535872888022,-305.8900236792717,89.45641341879404,1.4625061037915588,7.375713707436958
1792.0,24.54064178466797,291.71209259068826,12.820040314102965,-298.514238235937,291.71209259068826,298.514238235937,202.25567205842154,11.35753422962975,-305.88995855387867,89.45642053226675,1.4625060844732163,7.375720317941656
1800.0,24.650564193725586,291.712195700617,12.82005918475484,-298.51423384132016,291.712195700617,298.51423384132016,202.25576208549367,11.357554051958578,-305.8899603668879,89.45643361512332,1.4625051327962608,7.375726525567764
1808.0,24.760467529296875,291.71215095713603,12.820079385311672,-298.5141222115661,291.71215095713603,298.5141222115661,202.25570505967704,11.357574734704334,-305.8898543699213,89.456445897459,1.4625046506073378,7.375732158355213
1816.0,24.870370864868164,291.7119602490976,12.820064848215333,-298.51390008980303,291.7119602490976,298.51390008980303,202.25551546777479,11.357560657318896,-305.88963684083814,89.45644478132286,1.4625041908964374,7.37573675103512
1824.0,24.980276107788086,291.7118330138354,12.820030036459556,-298.5137318561154,291.7118330138354,298.5137318561154,202.25539763102577,11.357526382018492,-305.889471847226,89.45643538280967,1.462503654441064,7.3757399911106205
1832.0,25.090179443359375,291.7117353490254,12.819984180753668,-298.5136343293488,291.7117353490254,298.5136343293488,202.25530920188044,11.357481312614782,-305.88937687770476,89.45642614714498,1.462502868138885,7.375742548355966
1840.0,25.200082778930664,291.71167436689916,12.819924359111369,-298.5135985284252,291.71167436689916,298.5135985284252,202.25525644089436,11.357421845196614,-305.88934388507596,89.45641792600478,1.462502513914754,7.375745356650768
1848.0,25.309988021850586,291.7117458231901,12.819878448490128,-298.5136314640746,291.7117458231901,298.5136314640746,202.25533008526665,11.357376697634827,-305.8893795218451,89.45641573792342,1.462501750855301,7.375748057770522
1856.0,25.419891357421875,291.7118846242314,12.819881180061977,-298.5136336413673,291.7118846242314,298.5136336413673,202.25545823840963,11.357379673601528,-305.8893873048516,89.45642638582177,1.4625015064604487,7.375753663484311
1864.0,25.529815673828125,291.7119542104308,12.819890949723376,-298.5136045838942,291.7119542104308,298.5136045838942,202.25551307214786,11.357390096318108,-305.8893646139101,89.45644113828293,1.4625008534052686,7.375760030015918
1872.0,25.639719009399414,291.712118065589,12.819929641951461,-298.51364993067955,291.712118065589,298.51364993067955,202.2556572975377,11.357428879921047,-305.88941600938676,89.45646076805127,1.4625007620304142,7.375766078707187
1880.0,25.749624252319336,291.71217547699825,12.819944114936812,-298.51360808023145,291.71217547699825,298.51360808023145,202.25569506317984,11.357443918926176,-305.88937948585385,89.45648041381838,1.4625001960106356,7.375771405622423
1888.0,25.859527587890625,291.71216510695257,12.819970757840784,-298.51351048192026,291.71216510695257,298.51351048192026,202.25567051510228,11.357471107192346,-305.8892867658629,89.4564945918503,1.4624996506484371,7.375776283942649
1896.0,25.969430923461914,291.71195942038275,12.819990972719177,-298.51324494163794,291.71195942038275,298.51324494163794,202.25546139317834,11.357491620609574,-305.889025935511,89.45649802720443,1.462499352109603,7.375780993873022
1904.0,26.079336166381836,291.711709757108,12.819951119342626,-298.51297775476434,291.711709757108,298.51297775476434,202.25522230179914,11.357451856141813,-305.88876250965166,89.45648745530887,1.4624992632008134,7.375784754887334
1912.0,26.189239501953125,291.7116087000507,12.819912678771034,-298.5128963154706,291.7116087000507,298.5128963154706,202.2551360681304,11.357413842925862,-305.8886832352469,89.45647263192029,1.4624988358451727,7.3757869197763455
1920.0,26.299142837524414,291.71165189029193,12.819894331556128,-298.5128722633316,291.71165189029193,298.5128722633316,202.25518474485455,11.357395980807397,-305.8886622312479,89.45646714543741,1.462498350748731,7.375789967916347
1928.0,26.409067153930664,291.71161256183115,12.819903303786283,-298.51274282099894,291.71161256183115,298.51274282099894,202.25514711025934,11.35740557506,-305.8885364891124,89.45646545157179,1.4624977287262833,7.375793668113495
1936.0,26.518972396850586,291.71156275747194,12.819873775316479,-298.5126371168344,291.71156275747194,298.5126371168344,202.25510089881638,11.357376309257432,-305.88843526863803,89.45646185865553,1.462497466059046,7.375798151803629
1944.0,26.628875732421875,291.7116005118694,12.819848208022469,-298.5126261968172,291.7116005118694,298.5126261968172,202.25513609356386,11.357351443739503,-305.8884291723293,89.4564644183055,1.4624967642829652,7.375802975512087
1952.0,26.738779067993164,291.71170551989485,12.819835712183476,-298.5126379107058,291.71170551989485,298.5126379107058,202.25523224549661,11.357339727160712,-305.8884461527038,89.45647327439823,1.4624959850227648,7.375808241998023
1960.0,26.848684310913086,291.71178207900385,12.819837616319719,-298.51262369987654,291.71178207900385,298.51262369987654,202.25529631292048,11.357341765932981,-305.88843787268047,89.45648576608338,1.462495850386738,7.3758141728039135
1968.0,26.958587646484375,291.7118481019637,12.819853848671567,-298.51259215993326,291.7118481019637,298.51259215993326,202.25534902821366,11.357358317165145,-305.8884113388558,89.45649907375008,1.462495531506422,7.375819178922534
1976.0,27.068490982055664,291.7118036140524,12.81986094661277,-298.5125118757603,291.7118036140524,298.5125118757603,202.2552950110341,11.357365690058407,-305.88833566353117,89.45650860301836,1.4624952565543645,7.375823787770834
1984.0,27.178396224975586,291.7117747954534,12.819867675457656,-298.5123914440344,291.7117747954534,298.5123914440344,202.2552606621005,11.357372349333748,-305.8882197331782,89.45651413335287,1.4624953261239093,7.375828289143762
1992.0,27.288320541381836,291.7117900329323,12.819876228647097,-298.51231404049133,291.7117900329323,298.51231404049133,202.2552695901121,11.35738188149845,-305.88814734222706,89.45652044282019,1.462494347148648,7.375833301735703
2000.0,27.398223876953125,291.7117036868104,12.819892732605258,-298.5121739178707,291.7117036868104,298.5121739178707,202.25517954139724,11.357398888118002,-305.8880115070028,89.45652414541314,1.462493844487255,7.375837589132054
2008.0,27.508127212524414,291.71154813674497,12.819887233205398,-298.5119705799107,291.71154813674497,298.5119705799107,202.2550283671678,11.357393599150193,-305.8878120134793,89.45651976957718,1.462493634055205,7.375841433568574
2016.0,27.618032455444336,291.71142479234067,12.819849024546993,-298.5118915180342,291.71142479234067,298.5118915180342,202.25491569249624,11.357356058942516,-305.88773474031683,89.45650909984442,1.4624929656044765,7.375843222282668
2024.0,27.727935791015625,291.71140283433033,12.819809556361765,-298.51180738731284,291.71140283433033,298.51180738731284,202.25490127396137,11.357316928627094,-305.88765276893673,89.45650156036899,1.4624926277346701,7.37584538162389
2032.0,27.837839126586914,291.711539734175,12.81981116424987,-298.5118523287747,291.711539734175,298.5118523287747,202.25503545014095,11.3573193925298,-305.88770097761494,89.45650428403405,1.4624917717200705,7.375848648840233
2040.0,27.947744369506836,291.71158905787075,12.819832263431609,-298.5118541916238,291.71158905787075,298.5118541916238,202.25507620265498,11.357340766174017,-305.88770713396457,89.45651285521578,1.462491497257592,7.3758529423407495
2048.0,28.057647705078125,291.7115065270618,12.819839948837894,-298.51164061498804,291.7115065270618,298.51164061498804,202.25498813774766,11.357348610110174,-305.88749886478445,89.45651838931411,1.4624913387277192,7.375858249796423
2056.0,28.167570114135742,291.7114180821455,12.819825126291782,-298.5115410961936,291.7114180821455,298.5115410961936,202.2549001576005,11.357334194250727,-305.8874029955068,89.45651792454498,1.4624909320410557,7.37586189931325
2064.0,28.27747344970703,291.71139651985044,12.819800913897598,-298.51144490290784,291.71139651985044,298.51144490290784,202.2548807390197,11.357310401892216,-305.8873105462274,89.45651578083073,1.462490512005382,7.375865643319585
2072.0,28.38737678527832,291.7115035030939,12.819796546941873,-298.51154087289996,291.7115035030939,298.51154087289996,202.25498359624066,11.357306560583913,-305.8874100052958,89.45651990685323,1.46248998635796,7.375869132395863
2080.0,28.497283935546875,291.71149939577333,12.819798595582066,-298.5114256586718,291.71149939577333,298.5114256586718,202.25497195318434,11.357308931722397,-305.8872990607274,89.45652744258896,1.4624896638596687,7.375873402055618
2088.0,28.607187271118164,291.71148386666994,12.819802094392688,-298.5113455916562,291.71148386666994,298.5113455916562,202.25495114404725,11.357313084673251,-305.88722382408196,89.45653272262265,1.462489009719437,7.3758782324257695
2096.0,28.717092514038086,291.7114319657502,12.819805882750586,-298.51123594511984,291.7114319657502,298.51123594511984,202.25489595421453,11.357317393642479,-305.88711797555476,89.45653601153565,1.4624884891081065,7.375882030434909
2104.0,28.826997756958008,291.7114810801964,12.819824542120529,-298.5111805015544,291.7114810801964,298.5111805015544,202.25494091735214,11.357336339720346,-305.887066473843,89.45654016284426,1.4624882024001828,7.375885972288572
2112.0,28.93690299987793,291.71146017660897,12.819829365014442,-298.51113969170615,291.71146017660897,298.51113969170615,202.25491405388118,11.357341697303088,-305.8870291226086,89.45654612272781,1.4624876677113545,7.37588943090249
2120.0,29.04680824279785,291.71135382614966,12.819833123943017,-298.51097419833195,291.71135382614966,298.51097419833195,202.25480827949832,11.357345488141304,-305.88686733352216,89.45654554665134,1.4624876358017138,7.375893135190196
2128.0,29.156713485717773,291.71125215632395,12.819809786049694,-298.5108821444308,291.71125215632395,298.5108821444308,202.25471287833182,11.357322691943907,-305.8867772185166,89.45653927799214,1.462487094105787,7.375895074085825
2136.0,29.266618728637695,291.711198669273,12.81979321093478,-298.51081343162485,291.711198669273,298.51081343162485,202.25466536717857,11.357306072482992,-305.88671028383857,89.45653330209441,1.4624871384517881,7.3758968522136925
2144.0,29.376523971557617,291.71119011602764,12.819764178805316,-298.5108051283185,291.71119011602764,298.5108051283185,202.2546611957241,11.357277793077039,-305.8867040238208,89.45652892030355,1.4624863857282775,7.375898895502303
2152.0,29.486427307128906,291.7111923118588,12.819736675695456,-298.51076245217257,291.7111923118588,298.51076245217257,202.25466466734144,11.357250587055693,-305.8866635070684,89.45652764451732,1.4624860886397624,7.37590105489582
2160.0,29.596328735351562,291.711239867802,12.819721702755919,-298.5107631696925,291.711239867802,298.5107631696925,202.2547086198229,11.357235694768889,-305.88666779863917,89.45653124797913,1.4624860079870303,7.375904628946643
2168.0,29.706235885620117,291.71118649937375,12.819709903761542,-298.51063537585645,291.71118649937375,298.51063537585645,202.254652630304,11.357224620474117,-305.88654361224707,89.45653386906972,1.462485283287425,7.375908236390636
2176.0,29.81614112854004,291.7111192681345,12.819686377444132,-298.51056760594605,291.7111192681345,298.51056760594605,202.2545857405833,11.357201447571546,-305.886478795212,89.45653352755119,1.462484929872586,7.375911189265928
2184.0,29.926071166992188,291.71108923858463,12.819646920439636,-298.5105263945834,291.71108923858463,298.5105263945834,202.25455716122747,11.357162455203866,-305.8864400555756,89.45653207735717,1.4624844652357698,7.375913660992197
2192.0,30.035974502563477,291.7110626952004,12.819612512627247,-298.51051180934235,291.7110626952004,298.51051180934235,202.25453239756425,11.35712843572951,-305.886428256925,89.45653029763614,1.4624840768977356,7.375916447582625
2200.0,30.1458797454834,291.71112422663487,12.819572798133704,-298.5105311908616,291.71112422663487,298.5105311908616,202.25459091843373,11.357088680494828,-305.8864502445881,89.45653330820116,1.4624841176388768,7.375919053726463
2208.0,30.25578498840332,291.7112561663967,12.819576986284222,-298.5105804920016,291.7112561663967,298.5105804920016,202.2547128423381,11.357093321319049,-305.88650323728797,89.4565433240586,1.4624836649651738,7.375922745286317
2216.0,30.365692138671875,291.71136912442375,12.819597271042847,-298.51063663665514,291.71136912442375,298.51063663665514,202.25481019302032,11.357114116623658,-305.8865628256482,89.45655893140345,1.4624831544191896,7.375926188993034
2224.0,30.475595474243164,291.71136897486156,12.819619002474447,-298.5105536290382,291.71136897486156,298.5105536290382,202.25479741035912,11.357135792095079,-305.8864840174514,89.45657156450244,1.462483210379367,7.37593038841316
2232.0,30.585500717163086,291.7112547571727,12.819622906598394,-298.5104188787966,291.7112547571727,298.5104188787966,202.25467828993123,11.35714010414147,-305.8863525667409,89.45657646724143,1.4624828024569227,7.375933687944311
2240.0,30.695404052734375,291.7111375590015,12.819595970894458,-298.510272858029,291.7111375590015,298.510272858029,202.25456337504127,11.35711380263928,-305.88620891754795,89.4565741839602,1.4624821682551779,7.375936059518963
2248.0,30.805307388305664,291.7110876185802,12.819584413945206,-298.5102394819309,291.7110876185802,298.5102394819309,202.25451724632626,11.35710193201948,-305.88617774398415,89.45657037225398,1.462482481925726,7.3759382620532605
2256.0,30.915212631225586,291.7110690973352,12.819564617514027,-298.5101876779305,291.7110690973352,298.5101876779305,202.25450266472438,11.357082570093013,-305.88612754040304,89.4565664326108,1.4624820474210143,7.375939862472556
2264.0,31.025115966796875,291.7111237128355,12.819561507797404,-298.5101979949852,291.7111237128355,298.5101979949852,202.25455493316724,11.357080145046247,-305.8861413915979,89.45656877966829,1.4624813627511575,7.375943396612676
2272.0,31.135019302368164,291.7110666442573,12.819567268468546,-298.5100995288886,291.7110666442573,298.5100995288886,202.25449605571168,11.357086020746625,-305.8860456270292,89.45657058854563,1.4624812477219207,7.3759460981406235
2280.0,31.244924545288086,291.7109694532736,12.819555278264517,-298.50996401620864,291.7109694532736,298.50996401620864,202.25440161650087,11.357074339906802,-305.8859126349296,89.4565678367727,1.4624809383577153,7.375948618720926
2288.0,31.354827880859375,291.71091681137136,12.819526428261709,-298.5098888023729,291.71091681137136,298.5098888023729,202.25435344939297,11.35704605824671,-305.8858395245278,89.45656336197837,1.4624803700149993,7.375950722154883
2296.0,31.464731216430664,291.7109100119788,12.819507648662137,-298.50989704053893,291.7109100119788,298.50989704053893,202.25434984227175,11.357027500287888,-305.88584928396006,89.45656016970705,1.4624801483742487,7.375952243421132
2304.0,31.574636459350586,291.7109765307396,12.819486175112306,-298.50990840702195,291.7109765307396,298.50990840702195,202.25441513823216,11.357006319230038,-305.88586328074166,89.45656139250738,1.4624798558822674,7.375954873719735
2312.0,31.6845760345459,291.71099835148345,12.819488914915464,-298.50984910973796,291.71099835148345,298.50984910973796,202.2544312813192,11.357009585908798,-305.8858068336011,89.45656707016428,1.462479329006665,7.375957723863159
2320.0,31.794479370117188,291.71104419599294,12.819496468564994,-298.50984796352725,291.71104419599294,298.50984796352725,202.25447021969126,11.35701735023693,-305.88580921977086,89.45657397630168,1.4624791183280639,7.375961256243599
2328.0,31.904382705688477,291.7111006264527,12.819506280770954,-298.50984026933884,291.7111006264527,298.50984026933884,202.2545179555305,11.35702731322745,-305.8858044172752,89.45658267092222,1.462478967543504,7.375964147936401
2336.0,32.014286041259766,291.7111090298355,12.819518194855174,-298.50978781870316,291.7111090298355,298.50978781870316,202.254518685775,11.357039977556685,-305.8857553665559,89.4565903440605,1.4624782172984898,7.375967547852703
2344.0,32.12419128417969,291.7110580749928,12.81953865181747,-298.50970854238074,291.7110580749928,298.50970854238074,202.25446377075457,11.357060907485334,-305.88567839493317,89.45659430423828,1.462477744332137,7.375969852552416
2352.0,32.23409652709961,291.7109602007879,12.81953266584714,-298.50957474217,291.7109602007879,298.50957474217,202.25436645142497,11.357055001536594,-305.885546997795,89.4565937493629,1.4624776643105464,7.375972255625008
2360.0,32.34400177001953,291.71091110352313,12.819521676374256,-298.50952681175255,291.71091110352313,298.50952681175255,202.25432045396016,11.357044220274487,-305.8855015644386,89.456590649563,1.4624774560997689,7.375974752686041
2368.0,32.45390701293945,291.7108459356799,12.819508138881222,-298.5094322043273,291.7108459356799,298.5094322043273,202.25425860219246,11.357031025446423,-305.8854085800315,89.45658733348745,1.4624771134347987,7.375976375704184
2376.0,32.56380844116211,291.71081894687813,12.819482021533911,-298.5093955494874,291.71081894687813,298.5093955494874,202.25423497872308,11.357005287593115,-305.88537340200025,89.45658396815503,1.4624767339407971,7.3759778525128326
2384.0,32.67371368408203,291.7107921737208,12.81946713309897,-298.50938055126403,291.7107921737208,298.50938055126403,202.25421099605052,11.356990832967444,-305.8853602836535,89.45658117767027,1.462476300131525,7.375979732389446
2392.0,32.78361892700195,291.7108421467554,12.8194484055976,-298.509387123604,291.7108421467554,298.509387123604,202.25426154313988,11.356972780581007,-305.88536880894435,89.4565806036155,1.4624756250165922,7.3759816853403635
2400.0,32.89352035522461,291.71089518172073,12.819460062256063,-298.5093709332283,291.71089518172073,298.5093709332283,202.25431058189054,11.356984375957015,-305.8853549341855,89.4565845998302,1.4624756862990465,7.375984000957189
2408.0,33.00342559814453,291.7109545647077,12.819462859341215,-298.50936137253257,291.7109545647077,298.50936137253257,202.25436235634757,11.356987626612817,-305.8853488867175,89.45659220836015,1.4624752327283983,7.375987514184956
2416.0,33.11333084106445,291.7109609790076,12.819484903566948,-298.50931759239796,291.7109609790076,298.50931759239796,202.25436199457982,11.357009677985385,-305.8853076629616,89.45659898442777,1.4624752255815645,7.375990070563667
2424.0,33.22323226928711,291.71096174254285,12.819494704330534,-298.50922949633866,291.71096174254285,298.50922949633866,202.25435716419344,11.35701955525703,-305.8852225678776,89.45660457834938,1.4624751490735033,7.3759930715389075
2432.0,33.33313751220703,291.71093323948105,12.819507883877097,-298.5091925042497,291.71093323948105,298.5091925042497,202.2543254643063,11.357033214211064,-305.8851882415903,89.45660777517476,1.4624746696660336,7.375995737340567
2440.0,33.44308090209961,291.71090164456723,12.819505993364412,-298.50911635804624,291.71090164456723,298.50911635804624,202.25429248786446,11.35703157119733,-305.88511434168305,89.45660915670278,1.4624744221670825,7.375997983636793
2448.0,33.552982330322266,291.7109343246775,12.819520596938549,-298.50910521298965,291.7109343246775,298.50910521298965,202.2543222725186,11.35704646407721,-305.8851055657748,89.4566120521589,1.4624741328613373,7.376000352785148
2456.0,33.66288757324219,291.7109245862297,12.819533597196354,-298.5090183090373,291.7109245862297,298.5090183090373,202.25430896869463,11.357059778071616,-305.8850212489983,89.45661561753504,1.462473819124738,7.37600293996104
2464.0,33.77279281616211,291.7108859806343,12.819561165033583,-298.5089306307948,291.7108859806343,298.5089306307948,202.2542681565826,11.357087404120378,-305.8849361300257,89.4566178240517,1.462473760913206,7.376005499230942
2472.0,33.882694244384766,291.7108233762581,12.81956034265748,-298.50884506221405,291.7108233762581,298.50884506221405,202.254207237063,11.357086984373396,-305.8848523749973,89.45661613919506,1.4624733582840843,7.37600731278328
2480.0,33.99259948730469,291.7107921624474,12.81956272314392,-298.50880263097315,291.7107921624474,298.50880263097315,202.25417994984792,11.357089896242755,-305.8848111316517,89.45661221259945,1.4624728269011644,7.376008500678552
2488.0,34.10250473022461,291.7107543519504,12.819565447481015,-298.50872963969744,291.7107543519504,298.50872963969744,202.25414527388168,11.35709258540631,-305.8847396929732,89.45660907806872,1.462472862074705,7.376010053275785
2496.0,34.212406158447266,291.7107318979924,12.819561971301098,-298.50865829088616,291.7107318979924,298.50865829088616,202.25412495458954,11.357089120864721,-305.88466947629036,89.45660694340285,1.4624728504363782,7.376011185404167
2504.0,34.32231140136719,291.710734058156,12.8195584033765,-298.5086692340088,291.710734058156,298.5086692340088,202.2541281559902,11.357086029634978,-305.8846818465711,89.45660590216578,1.4624723737415226,7.376012612562299
2512.0,34.43221664428711,291.71071910622936,12.819554950580228,-298.5086003438263,291.71071910622936,298.5086003438263,202.25411381504335,11.357082786772837,-305.88461487212163,89.45660529118604,1.4624721638073912,7.376014528295343
2520.0,34.542118072509766,291.71068692434926,12.819546750548977,-298.50855242346506,291.71068692434926,298.50855242346506,202.2540825901799,11.357074982833787,-305.88456841382646,89.45660433416938,1.4624717677151904,7.3760159903614095
2528.0,34.65202331542969,291.71067677939186,12.819533721450046,-298.5084969299361,291.71067677939186,298.5084969299361,202.25407338647494,11.3570623774646,-305.88451421951356,89.45660339291695,1.462471343985447,7.376017289577476
2536.0,34.76192855834961,291.7106976812321,12.819531795582128,-298.50852243936424,291.7106976812321,298.50852243936424,202.2540932540582,11.357060569431308,-305.8845419636647,89.45660442717386,1.4624712261508193,7.376019524300425
2544.0,34.871829986572266,291.71068643623175,12.819524615439601,-298.5084698286571,291.71068643623175,298.5084698286571,202.25408045507018,11.357053664641656,-305.88449087999743,89.45660598116156,1.462470950797945,7.376021051340331
2552.0,34.98173522949219,291.7106940655757,12.819520709239692,-298.5084388213215,291.7106940655757,298.5084388213215,202.25408634622033,11.357050256910759,-305.8844621486609,89.45660771935539,1.4624704523289331,7.376023327339404
2560.0,35.09164047241211,291.71066358639445,12.819507932599578,-298.5083982147464,291.71066358639445,298.5083982147464,202.25405410188367,11.357037307296991,-305.8844234427731,89.45660948451078,1.4624706253025863,7.37602522802667
2568.0,35.20158386230469,291.7106596730041,12.81949354738429,-298.50833353314283,291.7106596730041,298.50833353314283,202.2540489993342,11.357023101449439,-305.8843609278931,89.45661067366987,1.4624704459348519,7.376027394750253
2576.0,35.31148910522461,291.7106410630673,12.819480643676838,-298.50831981135195,291.7106410630673,298.50831981135195,202.2540297859293,11.357010662274932,-305.88434889106,89.456611277138,1.4624699814019055,7.376029079708005
2584.0,35.421390533447266,291.71061980139046,12.819467017607916,-298.5082752266022,291.71061980139046,298.5082752266022,202.25400808482436,11.356997069189992,-305.8843067105385,89.45661171656612,1.4624699484179233,7.376031483936266
2592.0,35.53129577636719,291.71061919883954,12.819452566999775,-298.5083165249244,291.71061919883954,298.5083165249244,202.2540071697012,11.356982891553765,-305.88434952996204,89.45661202913836,1.4624696754460111,7.376033005037627
2600.0,35.64120101928711,291.7105931424358,12.819442188935655,-298.50827416479024,291.7105931424358,298.50827416479024,202.25398060562532,11.356972866824321,-305.88430892973406,89.4566125368105,1.4624693221113336,7.376034764943853
2608.0,35.751102447509766,291.710578201041,12.819425258853913,-298.5082429473571,291.710578201041,298.5082429473571,202.25396530891612,11.356956114404541,-305.8842789876494,89.45661289212488,1.4624691444493716,7.376036040292341
2616.0,35.86100769042969,291.7105531617649,12.819395488723082,-298.5081727667962,291.7105531617649,298.5081727667962,202.25393994558266,11.356926830593334,-305.8842109236408,89.4566132161822,1.4624686581297475,7.376038156844601
2624.0,35.97091293334961,291.7105283673292,12.819372376970723,-298.50814661734046,291.7105283673292,298.50814661734046,202.2539147742639,11.356904159943129,-305.8841863163353,89.45661359306527,1.4624682170275944,7.376039698994823
2632.0,36.080814361572266,291.7105399562671,12.819357846585238,-298.50815225982166,291.7105399562671,298.50815225982166,202.25392596810855,11.356889469834634,-305.8841937482259,89.45661398815855,1.4624683767506035,7.376041488404269
2640.0,36.19071960449219,291.7106147568212,12.819347057635765,-298.5082054527185,291.7106147568212,298.5082054527185,202.2539964324041,11.356878861465653,-305.88424860589583,89.45661832441708,1.4624681961701125,7.376043153177285
2648.0,36.30062484741211,291.710731637527,12.819355582500691,-298.50825775199644,291.710731637527,298.50825775199644,202.25410408960698,11.356887871070764,-305.8843030988673,89.45662754791998,1.4624677114299272,7.376045346870846
2656.0,36.410526275634766,291.7107451906166,12.819384145488433,-298.5082244748241,291.7107451906166,298.5082244748241,202.2541079014045,11.356916480225422,-305.88427204744005,89.4566372892121,1.4624676652630106,7.376047572615974
2664.0,36.52043151855469,291.71069825186737,12.819388630550906,-298.508148169351,291.71069825186737,298.508148169351,202.25405615757435,11.356921058974656,-305.8841977074874,89.45664209429304,1.4624675715762496,7.376049538136414
2672.0,36.63033676147461,291.71063897601124,12.819390512853827,-298.5080948269294,291.71063897601124,298.5080948269294,202.25399637219485,11.356923418168625,-305.8841459700322,89.45664260381639,1.4624670946852016,7.376051143102799
2680.0,36.74024200439453,291.71057401493783,12.819380164324105,-298.50801786699566,291.71057401493783,298.50801786699566,202.25393286116983,11.356913105859531,-305.88407052668526,89.45664115376799,1.4624670584645747,7.376052659689606
2688.0,36.85014343261719,291.71055057936854,12.819373740065775,-298.5079937063423,291.71055057936854,298.5079937063423,202.2539117519519,11.356906668111304,-305.8840473959459,89.45663882741664,1.4624670719544701,7.376053689603637
2696.0,36.960086822509766,291.7104960534518,12.81936138554275,-298.50790404413493,291.7104960534518,298.50790404413493,202.25385970662342,11.356894668120974,-305.8839589733498,89.45663634682838,1.4624667174217767,7.376054929214909
2704.0,37.06999206542969,291.71046507929634,12.819341266377602,-298.5078790804917,291.71046507929634,298.5078790804917,202.25383158944817,11.35687469067222,-305.8839350700318,89.4566334898482,1.462466575705383,7.3760559895400775
2712.0,37.17989730834961,291.7104800986708,12.819339774170409,-298.50790143653165,291.7104800986708,298.50790143653165,202.25384836466614,11.356873563641024,-305.8839578121451,89.45663173400467,1.4624662105293846,7.376056375613466
2720.0,37.289798736572266,291.7104479685247,12.819323301574375,-298.50785286884354,291.7104479685247,298.50785286884354,202.2538171162673,11.356857235367922,-305.8839109427359,89.45663085225742,1.4624660662064528,7.376058073892324
2728.0,37.39970397949219,291.7104589483919,12.81930313238298,-298.50787237285834,291.7104589483919,298.50787237285834,202.2538284773813,11.356837385986006,-305.88393134461546,89.45663047101056,1.4624657463969744,7.376058971757097
2736.0,37.50960922241211,291.71050507487894,12.819291696119823,-298.5078829700317,291.71050507487894,298.5078829700317,202.2538735122034,11.356825980935563,-305.8839437226553,89.45663156267554,1.4624657151842606,7.376060752623644
2744.0,37.619510650634766,291.7105644580025,12.819301465050632,-298.5079144665078,291.7105644580025,298.5079144665078,202.25392802977092,11.356836013779684,-305.8839765428037,89.45663642823158,1.4624654512709476,7.376062076295852
2752.0,37.72941589355469,291.71054536008796,12.819307835860497,-298.50783624524865,291.71054536008796,298.50783624524865,202.25390478734573,11.356842409558265,-305.8839004148157,89.4566405727422,1.462465426302232,7.376064169567059
2760.0,37.83932113647461,291.7105318402089,12.81930841372142,-298.5078145175206,291.7105318402089,298.5078145175206,202.25388867720162,11.356843448741998,-305.88388038865526,89.45664316300727,1.462464964979421,7.376065871134649
2768.0,37.949222564697266,291.7105005909975,12.819307026362646,-298.50776013783207,291.7105005909975,298.50776013783207,202.25385647156645,11.356841897686593,-305.88382765297683,89.4566441194311,1.4624651286760524,7.376067515144747
2776.0,38.05912780761719,291.7104762334743,12.819289549358764,-298.5077169993414,291.7104762334743,298.5077169993414,202.2538317132867,11.35682491144163,-305.8837861767877,89.45664452018764,1.462464637917134,7.3760691774462614
2784.0,38.16903305053711,291.7104399743233,12.819275441556915,-298.50766583496994,291.7104399743233,298.50766583496994,202.25379595569626,11.35681068748309,-305.88373666205024,89.45664401862707,1.4624647540738236,7.376070827080298
2792.0,38.278934478759766,291.71042304568033,12.81926506502773,-298.5076627620766,291.71042304568033,298.5076627620766,202.25377943155718,11.356800520503452,-305.88373458715546,89.45664361412315,1.4624645445242783,7.376071825078839
2800.0,38.38883972167969,291.71040854413246,12.819254254181597,-298.507624111149,291.71040854413246,298.507624111149,202.25376608045212,11.356790238339235,-305.8836971162166,89.45664246368034,1.4624640158423619,7.376073005067532
2808.0,38.49874496459961,291.7103958469615,12.819244392500043,-298.50763119739804,291.7103958469615,298.50763119739804,202.25375430521498,11.356780549511381,-305.8837051702724,89.45664154174649,1.462463842988662,7.37607397287433
2816.0,38.60865020751953,291.7103685321365,12.819229277906425,-298.50757753148457,291.7103685321365,298.50757753148457,202.25372729918405,11.356765565444562,-305.8836527501887,89.45664123295246,1.4624637124618638,7.376075218704123
2824.0,38.718589782714844,291.71036398890504,12.819211897800248,-298.50758686282427,291.71036398890504,298.50758686282427,202.25372368586733,11.356748268608705,-305.88366323699904,89.45664030303772,1.4624636291915438,7.3760763741747795
2832.0,38.828495025634766,291.71035466051933,12.819190656424588,-298.50758347658706,291.71035466051933,298.50758347658706,202.25371439138846,11.356727681447007,-305.8836609933299,89.45664026913084,1.4624629749775822,7.376077516742846
2840.0,38.93840026855469,291.7103600068088,12.819177332466072,-298.50758489405985,291.7103600068088,298.50758489405985,202.25371972850192,11.356714268544469,-305.88366372576104,89.45664027830688,1.4624630639216027,7.376078831701221
2848.0,39.04830551147461,291.71032911974004,12.819152561020225,-298.5075588155156,291.71032911974004,298.5075588155156,202.25368838513285,11.356689601445725,-305.8836391412464,89.45664073460719,1.4624629595745002,7.3760803257308325
2856.0,39.158206939697266,291.710371537744,12.819136720648537,-298.5075732164463,291.710371537744,298.5075732164463,202.25372998450968,11.35667426531898,-305.88365454517816,89.4566415532343,1.4624624553295575,7.376081328731878
2864.0,39.26811218261719,291.7104115589244,12.819138628955592,-298.5075788867028,291.7104115589244,298.5075788867028,202.2537655054859,11.35667613647061,-305.8836616251776,89.45664605343856,1.4624624924849838,7.376082738474786
2872.0,39.37801742553711,291.71045958814176,12.819142975249965,-298.50758816935706,291.71045958814176,298.50758816935706,202.25380732937268,11.35668081253257,-305.8836730657283,89.4566522587691,1.462462162717395,7.376084896371246
2880.0,39.487918853759766,291.7105017760143,12.819144666073978,-298.5076186224609,291.7105017760143,298.5076186224609,202.25384317454456,11.356682703425982,-305.88370490152596,89.45665860146977,1.4624619626479958,7.376086279065092
2888.0,39.59782409667969,291.7104689462943,12.81916049274031,-298.50752100574385,291.7104689462943,298.50752100574385,202.25380582770237,11.35669825016507,-305.88360891237676,89.45666311859199,1.4624622425752403,7.376087906632897
2896.0,39.70772933959961,291.71043055525325,12.819150636683993,-298.5074881373508,291.71043055525325,298.5074881373508,202.2537658512362,11.35668884973834,-305.883577319792,89.45666470401704,1.462461786945652,7.376089182441206
2904.0,39.817630767822266,291.7103976471657,12.819148861686639,-298.5074573025139,291.7103976471657,298.5074573025139,202.25373339447572,11.356687213012998,-305.8835474806479,89.45666425268999,1.4624616486736408,7.376090178134
2912.0,39.92753601074219,291.7103844130979,12.819140649324103,-298.50746006723,291.7103844130979,298.50746006723,202.2537205986358,11.356679181402557,-305.88355129511916,89.4566638144621,1.4624614679215466,7.376091227889155
2920.0,40.03744125366211,291.7103870690984,12.819135938809723,-298.5073897887885,291.7103870690984,298.5073897887885,202.2537233866886,11.356674318640113,-305.88348246199234,89.45666368240975,1.4624616201696101,7.376092673203885
2928.0,40.147342681884766,291.7104283502304,12.819147516793981,-298.50742818097507,291.7104283502304,298.50742818097507,202.2537617527727,11.356686441581923,-305.8835221324697,89.4566665974577,1.4624610752120577,7.376093951494603
2936.0,40.25724792480469,291.7104195338358,12.819159800129306,-298.50737087375614,291.7104195338358,298.50737087375614,202.25375043710483,11.356698706884828,-305.88346626496485,89.456669096731,1.4624610932444777,7.376095391208736
2944.0,40.36715316772461,291.71037865923194,12.819163852746641,-298.5073538171632,291.71037865923194,298.5073538171632,202.2537094259878,11.356702913949455,-305.88345039702665,89.45666923324413,1.4624609387971867,7.376096579863443
2952.0,40.47709274291992,291.71034065035764,12.819169824744547,-298.50725407285444,291.71034065035764,298.50725407285444,202.2536720118375,11.3567091061336,-305.88335145168185,89.45666863852014,1.4624607186109464,7.376097378827424
2960.0,40.58700180053711,291.7103545263411,12.819164640109665,-298.50728793320326,291.7103545263411,298.50728793320326,202.25368706843628,11.356704027421982,-305.88338648594015,89.45666745790481,1.4624606126876842,7.376098552736892
2968.0,40.696903228759766,291.7104008392523,12.819176316093703,-298.5072701511119,291.7104008392523,298.5072701511119,202.25373114339604,11.356715815579406,-305.88336993816563,89.45666969585629,1.4624605005142972,7.376099787053732
2976.0,40.80680847167969,291.71042130678273,12.819193094997516,-298.5072475496353,291.71042130678273,298.5072475496353,202.25374872717575,11.356732971738756,-305.88334862007906,89.45667257960699,1.4624601232587597,7.376101070443752
2984.0,40.91671371459961,291.71039484617506,12.819212659958705,-298.5071937612753,291.71039484617506,298.5071937612753,202.25372015905833,11.356752746476122,-305.8832959343865,89.45667468711672,1.4624599134825824,7.376102173111256
2992.0,41.026615142822266,291.7103669527063,12.819224809397245,-298.507120932765,291.7103669527063,298.507120932765,202.25369178500605,11.356764663872891,-305.8832244907584,89.45667516770027,1.4624601455243535,7.376103557993353
3000.0,41.13652038574219,291.7103557233106,12.819225436877666,-298.5070958895296,291.7103557233106,298.5070958895296,202.2536805028262,11.356765845710978,-305.8832002098696,89.45667522048444,1.4624595911666871,7.376104320340019
3008.0,41.24642562866211,291.7103386104042,12.819233228007459,-298.5070700698739,291.7103386104042,298.5070700698739,202.2536638339639,11.35677356776757,-305.8831756879164,89.45667477644031,1.462459660239888,7.376105618042459
3016.0,41.35633087158203,291.71033692718953,12.819238312618642,-298.5070252145476,291.71033692718953,298.5070252145476,202.25366253213156,11.356778964895689,-305.8831314618444,89.45667439505797,1.462459347722953,7.376106247296832
3024.0,41.46623611450195,291.71032473242485,12.81924814819544,-298.50698235685013,291.71032473242485,298.50698235685013,202.25365078272213,11.35678895726752,-305.8830894557518,89.45667394970275,1.46245919092792,7.37610709890167
3032.0,41.57613754272461,291.71028894941463,12.819258478356202,-298.50692030016296,291.71028894941463,298.50692030016296,202.25361579079217,11.356799382473895,-305.88302805129314,89.45667315862246,1.4624590958823074,7.376107751130171
3040.0,41.686038970947266,291.71028974592355,12.819259846754246,-298.5069153466387,291.71028974592355,298.5069153466387,202.25361736487076,11.356800578202696,-305.88302380294965,89.45667238105275,1.4624592685515507,7.3761084563109165
3048.0,41.79594802856445,291.71029425475217,12.819265994561775,-298.5069088085382,291.71029425475217,298.5069088085382,202.2536219883324,11.356806986568674,-305.8830177846784,89.45667226641976,1.4624590079930995,7.376108976140181
3056.0,41.90584945678711,291.710289345187,12.819272316496583,-298.5068999054519,291.710289345187,298.5068999054519,202.2536177155788,11.356813689891624,-305.88301010557456,89.45667162960817,1.4624586266049597,7.37611020012266
3064.0,42.01575469970703,291.71027725656677,12.81927155337815,-298.5068569554176,291.71027725656677,298.5068569554176,202.2536056307822,11.356813062878242,-305.8829684509699,89.45667162578454,1.4624584904999076,7.3761114955522515
3072.0,42.12565994262695,291.7102614396338,12.819275343504176,-298.5068091230703,291.7102614396338,298.5068091230703,202.25359029021234,11.356817059179008,-305.882921332131,89.4566711494215,1.4624582843251672,7.3761122090607
3080.0,42.235599517822266,291.7102661565566,12.819273719078993,-298.50682350114084,291.7102661565566,298.50682350114084,202.2535948315802,11.35681553900621,-305.8829364039464,89.45667132497641,1.462458180072784,7.376112902805559
3088.0,42.34550476074219,291.7102776927844,12.819271106279338,-298.50679723416243,291.7102776927844,298.50679723416243,202.253606366595,11.356813117360332,-305.88291095562346,89.45667132618942,1.462457988919006,7.376113721461003
3096.0,42.45541000366211,291.71027339213776,12.81927544218802,-298.5067705380898,291.71027339213776,298.5067705380898,202.25360125513663,11.356817771301433,-305.88288542595876,89.45667213700116,1.4624576708865877,7.376114887868916
3104.0,42.565311431884766,291.7102823489548,12.81928062543,-298.50675356236195,291.7102823489548,298.50675356236195,202.25360932107841,11.356822727942664,-305.882869413678,89.4566730278764,1.4624578974873375,7.376115851316058
3112.0,42.67521667480469,291.71026278432487,12.819286062161305,-298.5067171610526,291.71026278432487,298.5067171610526,202.25358879751573,11.356828261063635,-305.88283363198593,89.45667398680916,1.462457801097671,7.376116470933283
3120.0,42.78512191772461,291.7102850591032,12.819281920221062,-298.50674887012076,291.7102850591032,298.50674887012076,202.25360953791284,11.356824710684176,-305.882866272134,89.4566755211904,1.4624572095368853,7.3761174020132145
3128.0,42.895023345947266,291.71027984519344,12.81928420329194,-298.50671986282975,291.71027984519344,298.50671986282975,202.25360358487214,11.356827022286383,-305.8828381301426,89.4566762603213,1.4624571810055569,7.376118267312862
3136.0,43.00492858886719,291.71025460192163,12.819286964926835,-298.50666569291064,291.71025460192163,298.50666569291064,202.25357762568714,11.356830110977205,-305.8827849599684,89.45667697623452,1.4624568539496314,7.376119267057739
3144.0,43.11483383178711,291.7102620598978,12.819284850713348,-298.50666990614246,291.7102620598978,298.50666990614246,202.25358500234185,11.356828101856875,-305.8827903734733,89.45667705755591,1.4624567488564724,7.376120467330836
3152.0,43.2247428894043,291.7102514008243,12.819281613186888,-298.5066392539496,291.7102514008243,298.5066392539496,202.25357389592534,11.356825001791828,-305.88276017377336,89.45667750489896,1.4624566113950594,7.376120919823784
3160.0,43.33464050292969,291.7102335481508,12.819277480928763,-298.50658282158923,291.7102335481508,298.50658282158923,202.25355527244483,11.356821039741321,-305.8827048039168,89.45667827570601,1.4624564411874412,7.376121982327554
3168.0,43.444549560546875,291.7102394715025,12.81927701505677,-298.50659251943983,291.7102394715025,298.50659251943983,202.25356050574393,11.356820855800757,-305.88271528963685,89.45667896575861,1.4624561592560124,7.3761227701970355
3176.0,43.5544548034668,291.7102386845821,12.819277092281354,-298.5065758033411,291.7102386845821,298.5065758033411,202.2535591960597,11.3568210085721,-305.8826993325474,89.45667948852241,1.462456083709255,7.376123529206339
3184.0,43.66435623168945,291.71022296334695,12.819279708808237,-298.5065428030102,291.71022296334695,298.5065428030102,202.2535432021734,11.356823737614805,-305.88266747098834,89.45667976117355,1.4624559711934317,7.376124667978139
3192.0,43.774261474609375,291.7102137890631,12.819274243500093,-298.5065053988736,291.7102137890631,298.5065053988736,202.25353402788795,11.356818682102002,-305.88263081831064,89.45667976117517,1.4624555613980919,7.376125419436995
3200.0,43.8841667175293,291.7102128544709,12.819280461165754,-298.50649489308523,291.7102128544709,298.50649489308523,202.2535329350004,11.35682518198669,-305.8826213060587,89.4566799194705,1.4624552791790646,7.376126412973434
3208.0,43.994110107421875,291.710202551,12.819273816512908,-298.50648712493245,291.710202551,298.50648712493245,202.25352252866713,11.356818685573646,-305.8826139586448,89.45668002233289,1.462455130939261,7.3761268337123695
3216.0,44.1040153503418,291.7101966067611,12.819265967593669,-298.5064796474015,291.7101966067611,298.5064796474015,202.25351645326666,11.356811037989981,-305.88260716870894,89.45668015349443,1.4624549296036884,7.376127521307488
3224.0,44.21391677856445,291.7102047813569,12.819263744475382,-298.50648385347597,291.7102047813569,298.50648385347597,202.25352423807033,11.356809009750446,-305.88261212594693,89.45668054328658,1.4624547347249366,7.376128272470993
3232.0,44.323822021484375,291.7101846889065,12.819261030736406,-298.50642993781616,291.7101846889065,298.50642993781616,202.25350350906254,11.356806457957184,-305.88255935905215,89.45668117984397,1.4624545727792224,7.376129421235959
3240.0,44.4337272644043,291.71019270804345,12.81925506672934,-298.5064463656709,291.71019270804345,298.5064463656709,202.25351077830436,11.356800567885008,-305.8825764095472,89.45668192973909,1.4624544988443318,7.376130043876287
3248.0,44.54362869262695,291.7101740415224,12.8192497746019,-298.50639174734965,291.7101740415224,298.50639174734965,202.25349171051852,11.35679518066189,-305.88252267173084,89.45668233100389,1.4624545939400102,7.376130924381172
3256.0,44.653533935546875,291.7101877592903,12.819247824147073,-298.5063991906898,291.7101877592903,298.5063991906898,202.25350491577257,11.356793663000104,-305.8825310764431,89.45668284351771,1.4624541611469692,7.376131885753274
3264.0,44.7634391784668,291.71018205276107,12.819247253225178,-298.50640833375144,291.71018205276107,298.50640833375144,202.25349873702407,11.356793102163351,-305.8825405015806,89.456683315737,1.4624541510618276,7.376132167829162
3272.0,44.87334060668945,291.7101854134723,12.819246304311413,-298.50639828695637,291.7101854134723,298.50639828695637,202.25350159199337,11.356792080911063,-305.8825313242219,89.45668382147892,1.462454223400349,7.376133037265497
3280.0,44.983245849609375,291.71016572554106,12.819239280657865,-298.50636434220763,291.71016572554106,298.50636434220763,202.25348123277487,11.356785454854844,-305.8824980012772,89.45668449276621,1.4624538258030206,7.376133659069588
3288.0,45.0931510925293,291.7101509117458,12.819232466063061,-298.50635444738003,291.7101509117458,298.50635444738003,202.25346642867999,11.356778848848998,-305.88248886982615,89.45668448306584,1.4624536172140634,7.376134422446128
3296.0,45.20305252075195,291.71014295781083,12.819228709105985,-298.50634286614445,291.71014295781083,298.50634286614445,202.25345841315544,11.35677509239007,-305.88247819625235,89.45668454465542,1.4624536167159161,7.376135330107921
3304.0,45.312957763671875,291.71013797204415,12.819218325047302,-298.5063397972598,291.71013797204415,298.5063397972598,202.25345327827742,11.356764491900085,-305.8824756349895,89.45668469376675,1.462453833147217,7.376135837729677
3312.0,45.4228630065918,291.71015532660465,12.819215970866852,-298.50636150425436,291.71015532660465,298.50636150425436,202.25347067802568,11.356762111436227,-305.8824981381083,89.45668464857897,1.462453859430624,7.376136633853946
3320.0,45.53276443481445,291.7101367756454,12.819209904347753,-298.5063076767299,291.7101367756454,298.5063076767299,202.2534519018684,11.35675619166134,-305.88244494490385,89.45668487377705,1.4624537126864126,7.376137268174006
3328.0,45.642669677734375,291.71017410031396,12.819199574423747,-298.50635244304794,291.71017410031396,298.50635244304794,202.25348818245317,11.356746105397225,-305.8824902715391,89.4566859178608,1.4624534690265225,7.376137828491174
3336.0,45.75261306762695,291.71026165051865,12.819205176405884,-298.5063892059518,291.71026165051865,298.5063892059518,202.25357029093647,11.356751787140487,-305.8825278097016,89.45669135958215,1.4624533892653977,7.376138603749823
3344.0,45.862518310546875,291.71027735231974,12.819226565330293,-298.50638339786855,291.71027735231974,298.50638339786855,202.25358017192661,11.356773156556846,-305.8825234117895,89.45669718039315,1.4624534087734475,7.376140013920967
3352.0,45.9724235534668,291.71029650383673,12.819246543838767,-298.5063541511725,291.71029650383673,298.5063541511725,202.25359507254672,11.35679304437457,-305.8824951297081,89.45670143129004,1.4624534994641976,7.376140978535609
3360.0,46.08232498168945,291.7102743971203,12.819256806602825,-298.506294239579,291.7102743971203,298.506294239579,202.2535706302557,11.356803867699874,-305.88243611983563,89.45670376686465,1.4624529389029512,7.37614188025664
3368.0,46.192230224609375,291.71025721347655,12.819269198291154,-298.5063101238537,291.71025721347655,298.5063101238537,202.25355253284047,11.356815911883803,-305.88245245241944,89.45670468063605,1.4624532864073516,7.3761423285657415
3376.0,46.3021354675293,291.71025739672086,12.819280015022503,-298.50626545980543,291.71025739672086,298.50626545980543,202.25355191249594,11.356826587844733,-305.88240817471154,89.4567054842249,1.4624534271777705,7.376142714906123
3384.0,46.41203689575195,291.7102338838928,12.81928250042008,-298.5062172226766,291.7102338838928,298.5062172226766,202.2535282165442,11.356829278066076,-305.88236094070976,89.45670566734861,1.4624532223540032,7.376143718033163
3392.0,46.521942138671875,291.71021716556,12.819291387244316,-298.506199154015,291.71021716556,298.506199154015,202.25351190300637,11.356838525506939,-305.8823432811365,89.4567052625536,1.4624528617373764,7.3761441271215205
3400.0,46.6318473815918,291.7101862631498,12.81929407776203,-298.50614533984225,291.7101862631498,298.50614533984225,202.2534814069825,11.356841139406516,-305.8822902535455,89.45670485616729,1.4624529383555158,7.3761449137032145
3408.0,46.74174880981445,291.71019709915015,12.819309637953273,-298.50616212880095,291.71019709915015,298.50616212880095,202.25349313796391,11.356856458898157,-305.882307451691,89.45670396118622,1.4624531790551156,7.376145322890082
3416.0,46.851654052734375,291.7101895998697,12.819310715605194,-298.506160213935,291.7101895998697,298.506160213935,202.25348697667258,11.356857904132747,-305.8823056379133,89.4567026231971,1.4624528114724464,7.376145423978279
3424.0,46.9615592956543,291.71015994378456,12.819317274129963,-298.5060869577153,291.71015994378456,298.5060869577153,202.25345810387444,11.356864311742486,-305.88223278781777,89.4567018399101,1.4624529623874771,7.376145830102459
3432.0,47.07146072387695,291.7101797738883,12.819325042639784,-298.50611060427644,291.7101797738883,298.50611060427644,202.25347847961558,11.356872149004287,-305.8822569294805,89.45670129427268,1.4624528936354975,7.376146325204068
3440.0,47.181365966796875,291.71015793453404,12.8193312789752,-298.5060254147736,291.71015793453404,298.5060254147736,202.253456700858,11.356878469839543,-305.88217216865235,89.45670123367603,1.462452809135657,7.376146753878743
3448.0,47.2912712097168,291.71016151868685,12.819343923359314,-298.50602854110286,291.71016151868685,298.50602854110286,202.2534606721286,11.356891505411472,-305.8821758577567,89.45670084655828,1.4624524179478424,7.3761473166538565
3456.0,47.40117263793945,291.7101601280968,12.819354879324436,-298.5060007174951,291.7101601280968,298.5060007174951,202.25345913601305,11.356902379720236,-305.8821486938616,89.45670099208374,1.462452499604201,7.376147976366475
3464.0,47.5111198425293,291.71018889475886,12.819364627202106,-298.50604136871516,291.71018889475886,298.50604136871516,202.25348724837113,11.356912319058953,-305.8821896909204,89.4567016463877,1.4624523081431522,7.376148322205282
3472.0,47.62102127075195,291.71017576744924,12.81937001439311,-298.50596934520036,291.71017576744924,298.50596934520036,202.25347374086593,11.356917746485028,-305.8821183037535,89.45670202658332,1.4624522679080822,7.376148958553145
3480.0,47.730926513671875,291.71017562044665,12.819374457846031,-298.50595089540997,291.71017562044665,298.50595089540997,202.2534726525367,11.356922462073303,-305.8821005508586,89.45670296790999,1.462451995772727,7.376149655448614
3488.0,47.8408317565918,291.71018831745454,12.819385522981309,-298.5059545613646,291.71018831745454,298.5059545613646,202.25348441325883,11.356933766205607,-305.8821048945783,89.4567039041957,1.462451756775701,7.37615033321368
3496.0,47.95073318481445,291.7101902610717,12.819399178334852,-298.5059241455539,291.7101902610717,298.5059241455539,202.2534850312391,11.356947389001451,-305.88207516693353,89.45670522983264,1.4624517893334006,7.376151021379634
3504.0,48.060638427734375,291.71018469220587,12.81940679878401,-298.50589452644437,291.71018469220587,298.50589452644437,202.25347873424516,11.35695501673607,-305.8820459006554,89.45670595796072,1.4624517820479408,7.376151374211027
3512.0,48.1705436706543,291.7101938620299,12.81942429482696,-298.5058721941454,291.7101938620299,298.5058721941454,202.25348750945543,11.356972982734971,-305.88202430413486,89.45670635257443,1.4624513120919889,7.376152109989427
3520.0,48.28044509887695,291.71019565556,12.819429275109162,-298.5058695924312,291.71019565556,298.5058695924312,202.25348846567965,11.356977834896668,-305.8820224479002,89.45670718988036,1.4624514402124946,7.376152855468995
3528.0,48.390350341796875,291.7101788233265,12.81943696755572,-298.505804224919,291.7101788233265,298.505804224919,202.25347117252386,11.356985679994258,-305.8819575936842,89.45670765080264,1.4624512875614624,7.376153368765181
3536.0,48.5002555847168,291.71019230161306,12.819449545498577,-298.50581712567737,291.71019230161306,298.50581712567737,202.25348407427407,11.35699844558286,-305.88197100330456,89.456708227339,1.4624510999157159,7.3761538776272175
3544.0,48.61015701293945,291.71018657283764,12.819466537274408,-298.5057740460308,291.71018657283764,298.5057740460308,202.25347768579059,11.357015305688666,-305.8819281348346,89.45670888704703,1.4624512315857419,7.376154088803808
3552.0,48.720062255859375,291.7101807284845,12.819471194647138,-298.5057630982927,291.7101807284845,298.5057630982927,202.25347190633448,11.357020241499526,-305.8819180399069,89.45670882214999,1.4624509531476115,7.37615494161421
3560.0,48.8299674987793,291.7101745069506,12.819479375551158,-298.50571756201475,291.7101745069506,298.50571756201475,202.25346555179192,11.35702847805907,-305.88187273121184,89.45670895515869,1.4624508974920882,7.376155169197084
3568.0,48.93986892700195,291.7101734116859,12.819491112921906,-298.5057160983606,291.7101734116859,298.5057160983606,202.25346438334319,11.35704038285804,-305.88187192207266,89.4567090283427,1.462450730063865,7.376155823712068
3576.0,49.049774169921875,291.71017943715265,12.819498911694767,-298.5057075149233,291.71017943715265,298.5057075149233,202.25347011771424,11.357048436555981,-305.8818635343831,89.45670931943842,1.4624504751387852,7.3761560194598275
3584.0,49.1596794128418,291.71016457540213,12.819502286232103,-298.5056738295418,291.71016457540213,298.5056738295418,202.2534555176783,11.35705170836317,-305.8818304058463,89.4567090577238,1.4624505778689332,7.3761565763044885
3592.0,49.26961898803711,291.71017214296376,12.81951193693604,-298.505658096065,291.71017214296376,298.505658096065,202.25346314530475,11.35706183081878,-305.88181509590186,89.45670899765904,1.4624501061172595,7.376156999836816
3600.0,49.379520416259766,291.7101891937317,12.819524842967938,-298.5056604352556,291.7101891937317,298.5056604352556,202.2534801019283,11.357074709019138,-305.8818177142247,89.45670909180342,1.4624501339488014,7.376157278969096
3608.0,49.48942565917969,291.7101744689462,12.819531297836795,-298.5056214184634,291.7101744689462,298.5056214184634,202.25346497121697,11.35708123436652,-305.88177921256784,89.45670949772921,1.4624500634702748,7.376157794104401
3616.0,49.59933090209961,291.71017733640576,12.819540853451148,-298.5055865959195,291.71017733640576,298.5055865959195,202.25346701914546,11.35709088425888,-305.8817447891801,89.4567103172603,1.4624499691922677,7.376158193260629
3624.0,49.709232330322266,291.7101705158723,12.819554284138782,-298.50555470426195,291.7101705158723,298.50555470426195,202.25345965034353,11.357104289192183,-305.88171376914005,89.45671086552875,1.4624499949465983,7.3761590648781095
3632.0,49.81913757324219,291.71019005606485,12.819565836865884,-298.50558872539307,291.71019005606485,298.50558872539307,202.25347862248913,11.35711606258158,-305.88174820842676,89.45671143357572,1.4624497742843046,7.37615948303371
3640.0,49.92904281616211,291.71019052791746,12.819575384518956,-298.50554884419415,291.71019052791746,298.50554884419415,202.25347843409082,11.357125699621376,-305.881708970919,89.45671209382665,1.4624496848975808,7.376160126724869
3648.0,50.038944244384766,291.7101832752995,12.819589867164883,-298.50551467170857,291.7101832752995,298.50551467170857,202.2534709473402,11.35714012569748,-305.88167510939815,89.45671232795932,1.4624497414674034,7.376160437689599
3656.0,50.14884948730469,291.710180289792,12.819597411329996,-298.5054978863806,291.710180289792,298.5054978863806,202.25346789936015,11.357147647128757,-305.8816587576407,89.45671239043187,1.4624497642012382,7.376160871260083
3664.0,50.25875473022461,291.71016407772055,12.819608875358437,-298.50547776011575,291.71016407772055,298.50547776011575,202.25345147927064,11.357159023615921,-305.8816391528803,89.45671259844993,1.462449851742516,7.37616139276458
3672.0,50.368656158447266,291.71017525465726,12.819611741071109,-298.50546171776904,291.71017525465726,298.50546171776904,202.25346242679336,11.35716180558542,-305.8816234946062,89.45671282786388,1.462449935485688,7.376161776837115
3680.0,50.47856140136719,291.71018928853107,12.819618488653811,-298.50548657819115,291.71018928853107,298.50548657819115,202.25347636641115,11.357168981271302,-305.8816485229976,89.4567129221199,1.4624495073825092,7.376161944806448
3688.0,50.58846664428711,291.71016885202823,12.819633062876044,-298.5054239385536,291.71016885202823,298.5054239385536,202.25345536290993,11.357183632528221,-305.8815863125883,89.4567134891183,1.4624494303478235,7.376162374034706
3696.0,50.698368072509766,291.71018238862234,12.819644162134502,-298.50543201779703,291.71018238862234,298.50543201779703,202.25346883497824,11.35719473146394,-305.8815949197323,89.45671355364414,1.4624494306705618,7.376162901935295
3704.0,50.80827331542969,291.71016092152064,12.81965837843558,-298.50538370375244,291.71016092152064,298.50538370375244,202.25344758357184,11.357209416971877,-305.88154708499246,89.4567133379488,1.462448961463704,7.376163381240026
3712.0,50.91817855834961,291.71020555772924,12.819666501119656,-298.5053847150852,291.71020555772924,298.5053847150852,202.253491304524,11.357217238686285,-305.8815482362446,89.45671425320523,1.46244926243337,7.376163521159427
3720.0,51.02812194824219,291.71029444071496,12.81969270989973,-298.50541845118806,291.71029444071496,298.50541845118806,202.25357551900197,11.357243477673165,-305.8815829431105,89.45671892171299,1.4624492322265654,7.3761644919224665
3728.0,51.13802719116211,291.710327756422,12.819726721265347,-298.50540248816407,291.710327756422,298.50540248816407,202.25360320217612,11.357277537163036,-305.88156819458186,89.45672455424582,1.462449184102312,7.376165706417815
3736.0,51.247928619384766,291.71032216671153,12.819755268454342,-298.50533533652913,291.71032216671153,298.50533533652913,202.253593742692,11.357306324047187,-305.881501637019,89.4567284240195,1.462448944407155,7.376166300489906
3744.0,51.35783386230469,291.7103395652983,12.819788105994654,-298.50531744300406,291.7103395652983,298.50531744300406,202.2536083100655,11.35733907444305,-305.88148440293764,89.4567312552328,1.4624490315516043,7.376166959933606
3752.0,51.46773910522461,291.71034329894536,12.819821965505781,-298.5052803959951,291.71034329894536,298.5052803959951,202.25360982638054,11.357373080567344,-305.88144751041057,89.45673347256482,1.4624488849384378,7.376167114415459
3760.0,51.577640533447266,291.71032265416244,12.819844308386447,-298.505241700322,291.71032265416244,298.505241700322,202.25358748539486,11.357395491183386,-305.88140927946387,89.45673516876758,1.4624488172030619,7.376167579141843
3768.0,51.68754577636719,291.7102838600912,12.819862243282715,-298.5051844746617,291.7102838600912,298.5051844746617,202.2535495487238,11.35741361804854,-305.88135200333556,89.4567343113674,1.4624486252341753,7.376167528673861
3776.0,51.79745101928711,291.71029747900536,12.819880924014521,-298.5051712841804,291.71029747900536,298.5051712841804,202.2535638406167,11.357432042910379,-305.8813391586887,89.45673363838866,1.4624488811041423,7.376167874508347
3784.0,51.907352447509766,291.7102488040804,12.819910322175488,-298.5051160299035,291.7102488040804,298.5051160299035,202.2535156538795,11.357461619120908,-305.881284121612,89.45673315020088,1.46244870305458,7.376168091708486
3792.0,52.01725769042969,291.7099365631078,12.81986334172046,-298.5050055035701,291.7099365631078,298.5050055035701,202.2532236691792,11.3574146287934,-305.8811685100245,89.45671289392862,1.462448712927059,7.376163006454419
3800.0,52.12716293334961,291.7101142125164,12.819812502543286,-298.50518495169564,291.7101142125164,298.50518495169564,202.25341291861673,11.357363934208639,-305.8813455735275,89.45670129389961,1.4624485683346462,7.376160621831836
3808.0,52.237064361572266,291.7103630898171,12.819834461487108,-298.50537460338114,291.7103630898171,298.50537460338114,202.25365177196014,11.357386026284518,-305.88153625457403,89.45671131785699,1.4624484352025902,7.376161651192859
3816.0,52.34696960449219,291.71039902424604,12.819878875007218,-298.5052659558228,291.71039902424604,298.5052659558228,202.2536742586488,11.357430627020417,-305.8814300252046,89.45672476559724,1.4624482479868006,7.3761640693818435
3824.0,52.45687484741211,291.7104664761041,12.819907717668071,-298.50526609983433,291.7104664761041,298.50526609983433,202.25372916262864,11.357459555913913,-305.8814326319718,89.45673731347546,1.4624481617541591,7.376166532137489
3832.0,52.566776275634766,291.7105355350612,12.819928955086795,-298.50531983170487,291.7105355350612,298.50531983170487,202.25378776444433,11.35748081277369,-305.8814873217303,89.45674777061686,1.4624481423131028,7.376167490025431
3840.0,52.67668151855469,291.7105461241715,12.819949952036865,-298.5052694917322,291.7105461241715,298.5052694917322,202.25378922579358,11.35750132123843,-305.88143811135325,89.45675689837796,1.4624486307984346,7.376168619621076
3848.0,52.786624908447266,291.7105519453465,12.819959092187267,-298.5052566685014,291.7105519453465,298.5052566685014,202.2537889494723,11.357510630706267,-305.8814261883796,89.45676299587419,1.4624484614809994,7.376169519878182
3856.0,52.89653015136719,291.71054102696826,12.819984130488006,-298.50524375187,291.71054102696826,298.50524375187,202.253775199931,11.357535938060007,-305.88141367882906,89.45676582703723,1.462448192427999,7.376169926959072
3864.0,53.00643539428711,291.7104833222038,12.820007819964069,-298.50514002604945,291.7104833222038,298.50514002604945,202.25371659688983,11.35755930043765,-305.88131059386876,89.456766725314,1.4624485195264185,7.3761705678193366
3872.0,53.116336822509766,291.71045959427875,12.820029769087451,-298.5050999014688,291.71045959427875,298.5050999014688,202.25369349903144,11.357581153495396,-305.88127068313054,89.45676609524733,1.4624486155920562,7.376170781661777
3880.0,53.22624206542969,291.71040308769346,12.820041133574609,-298.50507701667726,291.71040308769346,298.50507701667726,202.253639276714,11.357592726105764,-305.8812479623424,89.45676381097944,1.4624484074688446,7.376170945665123
3888.0,53.33614730834961,291.7102756942901,12.820050443606746,-298.50496010556526,291.7102756942901,298.50496010556526,202.25351965166436,11.357602242735839,-305.8811297480533,89.45675604262573,1.4624482008709072,7.376169642488037
3896.0,53.446048736572266,291.71025464542447,12.820039313767097,-298.50498220717526,291.71025464542447,298.50498220717526,202.2535057375936,11.357591207289072,-305.8811513669956,89.4567489078309,1.4624481064780253,7.37616915982035
3904.0,53.55595397949219,291.710282303562,12.82004374579178,-298.5050154663859,291.710282303562,298.5050154663859,202.25353712088548,11.35759556863273,-305.8811833863056,89.45674518267651,1.4624481771590503,7.376167919919752
3912.0,53.66585922241211,291.71030524734715,12.820049478340799,-298.5050188380827,291.71030524734715,298.5050188380827,202.25356108316643,11.357601383629879,-305.8811871143358,89.45674416418072,1.4624480947109197,7.376168276253068
3920.0,53.775760650634766,291.71032759966056,12.82006302732898,-298.5050108658969,291.71032759966056,298.5050108658969,202.25358377401744,11.357614867553439,-305.8811795300851,89.45674382564314,1.4624481597755405,7.376168664188199
3928.0,53.88566589355469,291.71032025921465,12.820070112753154,-298.50495335481156,291.71032025921465,298.50495335481156,202.2535757362634,11.357622017399557,-305.8811223674846,89.45674452295123,1.4624480953535972,7.376169012673039
3936.0,53.99557113647461,291.71029701985765,12.820072497526791,-298.50496563209333,291.71029701985765,298.50496563209333,202.25355254417244,11.35762451358212,-305.88113525307494,89.45674447568523,1.4624479839446698,7.376169620981614
3944.0,54.105472564697266,291.7101761193248,12.820051529240878,-298.5049126822901,291.7101761193248,298.5049126822901,202.25343962779363,11.357603278480708,-305.8810803309671,89.45673649153115,1.4624482507601702,7.376167648676969
3952.0,54.21537780761719,291.71019515849895,12.82001174622183,-298.5049743357599,291.71019515849895,298.5049743357599,202.2534644888483,11.357563716260122,-305.881141311757,89.45673066965065,1.462448029961708,7.376166975997059
3960.0,54.32528305053711,291.7102291991469,12.819984828322955,-298.5050403174765,291.7102291991469,298.5050403174765,202.25349944943008,11.357536915120125,-305.8812070148555,89.45672974971683,1.4624479132028294,7.376166697378942
3968.0,54.435184478759766,291.7102690825501,12.81997812448591,-298.50503712986296,291.7102690825501,298.50503712986296,202.25353765473812,11.357529971930738,-305.88120431932396,89.456731427812,1.4624481525551731,7.3761671894610075
3976.0,54.54513168334961,291.7102940774272,12.819960959859955,-298.50506373585785,291.7102940774272,298.50506373585785,202.25356050290904,11.357513189032296,-305.88123210027595,89.45673357451813,1.4624477708276582,7.376168364418106
3984.0,54.655033111572266,291.71031768940134,12.819950489027612,-298.50505840046844,291.71031768940134,298.50505840046844,202.25358107443384,11.357502462997138,-305.88122753951126,89.45673661496747,1.462448026030474,7.376169139042794
3992.0,54.76493835449219,291.71034400956853,12.819935367199438,-298.5050816948863,291.71034400956853,298.5050816948863,202.2536038643467,11.3574875425398,-305.88125164197686,89.45674014522183,1.4624478246596375,7.37616994709056
4000.0,54.87484359741211,291.7103578514497,12.81991949623149,-298.50504864498964,291.7103578514497,298.50504864498964,202.25361337401625,11.357471697755162,-305.8812195644829,89.45674447743345,1.4624477984763273,7.376170919493248
4008.0,54.984745025634766,291.7104003670894,12.81991205435665,-298.5051433592531,291.7104003670894,298.5051433592531,202.253652191544,11.357464558747814,-305.88131530369895,89.45674817554539,1.462447495608835,7.376171944445829
4016.0,55.09465026855469,291.71039349957687,12.81990461808265,-298.5050987154342,291.71039349957687,298.5050987154342,202.25364217261202,11.357456961488603,-305.8812716369624,89.45675132696482,1.462447656594045,7.376172921528195
4024.0,55.20455551147461,291.71040195950513,12.819895383480144,-298.50511031143327,291.71040195950513,298.50511031143327,202.25364732827606,11.357447777145389,-305.88128386887115,89.45675463122905,1.4624476063347562,7.376173557437866
4032.0,55.314456939697266,291.71041536041344,12.819876879171584,-298.5051613357057,291.71041536041344,298.5051613357057,202.25365833764604,11.357429110328788,-305.88133558459106,89.45675702276736,1.4624477688427957,7.376174248885398
4040.0,55.42436218261719,291.7103997805639,12.819863283641094,-298.5051516037413,291.7103997805639,298.5051516037413,202.25364086399043,11.357415925599845,-305.88132644936013,89.45675891657346,1.4624473580412496,7.37617484561882
4048.0,55.53426742553711,291.7103957231374,12.819856430046663,-298.50517034489616,291.7103957231374,298.50517034489616,202.25363592807713,11.357408880418857,-305.88134558178103,89.45675979506028,1.4624475496278064,7.376175236884883
4056.0,55.644168853759766,291.71037106702494,12.819846037052603,-298.50513792011714,291.71037106702494,298.50513792011714,202.25361074169928,11.357398583911039,-305.8813133302821,89.45676032532566,1.4624474531415652,7.376175410164976
4064.0,55.75407409667969,291.71036467929036,12.819831842487192,-298.5051502964317,291.71036467929036,298.5051502964317,202.25360453303637,11.357384572033338,-305.88132644102046,89.45676014625403,1.4624472704538536,7.376176144588776
4072.0,55.86397933959961,291.71035392614897,12.819820067410188,-298.50517922721394,291.71035392614897,298.50517922721394,202.253593546419,11.35737253631179,-305.88135531745104,89.45676037972993,1.4624475310983982,7.3761760902371165
4080.0,55.973880767822266,291.7103454012773,12.819804700307321,-298.50513526834254,291.7103454012773,298.50513526834254,202.2535850763623,11.357357222636995,-305.8813118741275,89.45676032491502,1.462447477670326,7.376176605784977
4088.0,56.08378601074219,291.71033448650337,12.81979496234351,-298.5051680785939,291.71033448650337,298.5051680785939,202.2535744542135,11.357347702657886,-305.88134503532774,89.4567600322899,1.4624472596856233,7.37617695673385
4096.0,56.19369125366211,291.71031786055187,12.81978072871513,-298.50515380634226,291.71031786055187,298.50515380634226,202.25355751745354,11.357333301492854,-305.88133098585695,89.45676034309835,1.4624474272222772,7.376177179514677
4104.0,56.303558349609375,291.7104657939099,12.819785485655002,-298.50523837484167,291.7104657939099,298.50523837484167,202.25370102902383,11.357338021281377,-305.8814162327337,89.4567647648861,1.462447464373625,7.37617785789206
4112.0,56.41353225708008,291.7105714642356,12.819824664112547,-298.5052886277723,291.7105714642356,298.5052886277723,202.25379526417515,11.357377262926288,-305.88146832824094,89.45677620006047,1.4624474011862585,7.376179700468661
4120.0,56.5234375,291.71057320181217,12.819854379736118,-298.50523852316826,291.71057320181217,298.50523852316826,202.2537879982765,11.3574069898107,-305.88141959763635,89.45678520353569,1.4624473899254182,7.376181074468107
4128.0,56.63334274291992,291.710561746237,12.81987984398038,-298.5051883501077,291.710561746237,298.5051883501077,202.2537717530843,11.357432475565172,-305.8813701689759,89.4567899931527,1.4624473684152068,7.376181818868218
4136.0,56.74324417114258,291.71054153170036,12.819902346214532,-298.5051655777516,291.71054153170036,298.5051655777516,202.25375006043038,11.357455041334811,-305.88134766753205,89.45679147127,1.4624473048797206,7.37618208978045
4144.0,56.8531494140625,291.71049716155744,12.819910261095078,-298.5050899441952,291.71049716155744,298.5050899441952,202.2537055274292,11.357463062208886,-305.8812728394181,89.45679163412824,1.4624471988861916,7.376182895222861
4152.0,56.96305465698242,291.7104785275293,12.819927695270838,-298.50505770192365,291.7104785275293,298.50505770192365,202.25368791457143,11.357480474795238,-305.88124098681004,89.45679061295787,1.4624472204756,7.376183284886366
4160.0,57.07296371459961,291.71046617743866,12.819946945498256,-298.50505394769016,291.71046617743866,298.50505394769016,202.25367668695657,11.357499896634488,-305.88123716426986,89.45678949048212,1.4624470488637678,7.376183216579676
4168.0,57.182865142822266,291.7104312339394,12.819969746371157,-298.5049872275479,291.7104312339394,298.5049872275479,202.25364380134948,11.357522645283316,-305.88117031201926,89.45678743258993,1.4624471010878421,7.376183084471407
4176.0,57.29277038574219,291.71041488988743,12.819984560027446,-298.5049487253118,291.71041488988743,298.5049487253118,202.25362958353475,11.357537597989591,-305.8811318738319,89.45678530635267,1.4624469620378564,7.3761831485200915
4184.0,57.40267562866211,291.7103963289777,12.820004841832818,-298.5049466943951,291.7103963289777,298.5049466943951,202.25361257411657,11.357557812431914,-305.88112996179996,89.45678375486116,1.4624470294009044,7.376183267404862
4192.0,57.512577056884766,291.7104053004794,12.820028519937788,-298.50492649874536,291.7104053004794,298.50492649874536,202.2536233017314,11.357581421717363,-305.88110936535156,89.45678199874801,1.4624470982204252,7.376182866606172
4200.0,57.62248229980469,291.7104054315799,12.820048331881347,-298.5048738435458,291.7104054315799,298.5048738435458,202.25362450444905,11.35760112925573,-305.8810569851615,89.45678092713085,1.4624472026256172,7.376183141615698
4208.0,57.732391357421875,291.71041283492997,12.82007120219233,-298.50486880462176,291.71041283492997,298.50486880462176,202.25363253883856,11.357624168783287,-305.88105186820314,89.45678029609141,1.4624470334090445,7.376183063581408
4216.0,57.8422966003418,291.71042857344,12.820096702995915,-298.50485106372753,291.71042857344,298.50485106372753,202.25364860963228,11.357649520111073,-305.8810346881414,89.45677996380775,1.4624471828848415,7.376183624413919
4224.0,57.95219802856445,291.7104143012037,12.820121234594872,-298.50479729949063,291.7104143012037,298.50479729949063,202.2536345444536,11.35767387835013,-305.8809811351621,89.4567797567501,1.4624473562447413,7.376183835671448
4232.0,58.062103271484375,291.7104419774001,12.820144092239715,-298.50478340318074,291.7104419774001,298.50478340318074,202.25366211786059,11.357696818865222,-305.8809672920082,89.45677985953948,1.4624472733744942,7.37618388882747
4240.0,58.1720085144043,291.710448790794,12.820163247999034,-298.50476366356446,291.710448790794,298.50476366356446,202.25366877400978,11.35771609516857,-305.8809481273888,89.45678001678417,1.4624471528304643,7.3761844638243375
4248.0,58.28190994262695,291.71045609631506,12.820184719621036,-298.5047256322215,291.71045609631506,298.5047256322215,202.25367558557895,11.357737997689792,-305.8809101427068,89.45678051073614,1.4624467219312431,7.376184510485295
4256.0,58.391815185546875,291.7104638416422,12.820214159683456,-298.5046764016338,291.7104638416422,298.5046764016338,202.2536827216286,11.357767292970692,-305.88086118850873,89.45678112001362,1.4624468667127646,7.37618478687493
4264.0,58.5017204284668,291.7104825989868,12.820244302834663,-298.5046745406105,291.7104825989868,298.5046745406105,202.25370106867177,11.357797469590981,-305.8808597684141,89.45678153031503,1.4624468332436829,7.376185227803575
4272.0,58.61162185668945,291.71048558843137,12.82026792650943,-298.5046316038945,291.71048558843137,298.5046316038945,202.25370326320115,11.357821015516897,-305.8808173069991,89.45678232523022,1.4624469109925324,7.376185703104618
4280.0,58.721527099609375,291.7105010755756,12.820302550298365,-298.50461086168207,291.7105010755756,298.50461086168207,202.25371818600718,11.35785573424371,-305.8807969345274,89.45678288956843,1.4624468160546544,7.3761860728453215
4288.0,58.8314323425293,291.7104987560031,12.820327442749118,-298.5045635214584,291.7104987560031,298.5045635214584,202.25371481932487,11.357880895964403,-305.8807499610436,89.45678393667826,1.462446546784716,7.376186439585176
4296.0,58.94133377075195,291.71051868718325,12.82035150429462,-298.50457178512187,291.71051868718325,298.50457178512187,202.2537342533071,11.357904710454104,-305.88075841616535,89.45678443387615,1.462446793840516,7.376186631043488
4304.0,59.051239013671875,291.7105125298814,12.820377910665231,-298.50450693087777,291.7105125298814,298.50450693087777,202.25372767253174,11.357931181022586,-305.880693739072,89.45678485734962,1.4624467296426449,7.376186808194241
4312.0,59.1611442565918,291.71051956274016,12.820412285430109,-298.5044738390016,291.71051956274016,298.5044738390016,202.25373447496364,11.357965598415733,-305.8806612036393,89.45678508777652,1.4624466870143769,7.376187364637694
4320.0,59.27104568481445,291.71052336838386,12.820439033838987,-298.5044505902371,291.71052336838386,298.5044505902371,202.25373758442535,11.357992500266718,-305.88063819522444,89.45678578395854,1.462446533572268,7.376187604987287
4328.0,59.380950927734375,291.71054324616443,12.820466562402412,-298.50444373883363,291.71054324616443,298.50444373883363,202.25375691061467,11.358019962847298,-305.88063118427414,89.4567863355498,1.462446599555114,7.3761874454405
4336.0,59.4908561706543,291.7105391038808,12.82049873517475,-298.50435537561947,291.7105391038808,298.50435537561947,202.25375250207816,11.358052280355441,-305.88054350727117,89.45678660180263,1.4624464548193088,7.376188131651709
4344.0,59.60075759887695,291.7105483076749,12.820533068508766,-298.5043592175585,291.7105483076749,298.5043592175585,202.25376137558442,11.358086446257834,-305.8805476911482,89.45678693209052,1.4624466222509307,7.376188473589707
4352.0,59.71066665649414,291.710402819926,12.820535180357897,-298.50428715900256,291.710402819926,298.50428715900256,202.2536213617861,11.358088713208424,-305.8804739269621,89.45678145813989,1.462446467149472,7.376186767959545
4360.0,59.82057189941406,291.7103566156406,12.820534516659315,-298.50423342892435,291.7103566156406,298.50423342892435,202.2535824890445,11.358088282236785,-305.8804193233518,89.45677412659609,1.4624462344225293,7.376185894427444
4368.0,59.9305419921875,291.7103737960365,12.820532371687168,-298.5042857216549,291.7103737960365,298.5042857216549,202.2536042206624,11.358085822410278,-305.8804704110714,89.45676957537412,1.462446549276891,7.3761846894164975
4376.0,60.04044723510742,291.7103656807264,12.820534793874028,-298.5042376025274,291.7103656807264,298.5042376025274,202.2535980092485,11.35808845927442,-305.88042235802243,89.45676767147792,1.4624463345996084,7.376184755495039
4384.0,60.15034866333008,291.7103887056917,12.820549964002993,-298.5042433468197,291.7103887056917,298.5042433468197,202.25362165206576,11.358103808490231,-305.8804281850809,89.45676705362592,1.4624461555127621,7.37618483826121
4392.0,60.26025390625,291.71041189338297,12.820558102876138,-298.50423440143175,291.71041189338297,298.50423440143175,202.25364528986188,11.358111877539095,-305.88041897156296,89.45676660352107,1.4624462253370432,7.376184570131187
4400.0,60.37015914916992,291.71043310477523,12.82058208525833,-298.50424017468765,291.71043310477523,298.50424017468765,202.2536659474975,11.358135857263166,-305.8804249006911,89.45676715727774,1.462446227995163,7.376184726003416
4408.0,60.48006057739258,291.71044046415284,12.820582475026631,-298.50421550122644,291.71044046415284,298.50421550122644,202.2536718974013,11.358136202158867,-305.8804007076127,89.45676856675156,1.4624462728677634,7.376185206386246
4416.0,60.5899658203125,291.7104601319194,12.820601095200146,-298.50418430036393,291.7104601319194,298.50418430036393,202.253690600335,11.358154732203495,-305.8803702953536,89.45676953158434,1.4624463629966518,7.376185994989697
4424.0,60.69987106323242,291.7104758575268,12.820607185410129,-298.5041734741909,291.7104758575268,298.5041734741909,202.25370515771047,11.358161075323284,-305.88035990267247,89.45677069981629,1.4624461100868449,7.376186428481567
4432.0,60.809783935546875,291.71048396118135,12.820621114926464,-298.50416840992625,291.71048396118135,298.50416840992625,202.25371157965063,11.35817470459622,-305.880355626324,89.45677238153073,1.462446410330244,7.376187216397739
4440.0,60.9196891784668,291.7104968779799,12.820635337942225,-298.50413137248165,291.7104968779799,298.50413137248165,202.25372275405704,11.358189163745603,-305.88031901864736,89.45677412392286,1.462446174196622,7.376187646165704
4448.0,61.02959060668945,291.7105167114379,12.820654375246301,-298.5041584576623,291.7105167114379,298.5041584576623,202.25374127901426,11.358208357896556,-305.88034624122577,89.45677543242363,1.462446017349745,7.376187783563466
4456.0,61.139495849609375,291.7105288847031,12.820659772670533,-298.50411819074566,291.7105288847031,298.50411819074566,202.25375228380807,11.358213548057876,-305.88030632183734,89.45677660089501,1.4624462246126568,7.376188131091666
4464.0,61.2494010925293,291.7105171484517,12.820681057676612,-298.50408382825094,291.7105171484517,298.50408382825094,202.25373970859428,11.358234914992087,-305.8802723985818,89.45677743985738,1.462446142684525,7.3761885703308465
4472.0,61.35930252075195,291.71051216831415,12.820689354928598,-298.5040696018824,291.71051216831415,298.5040696018824,202.25373386433012,11.358243405872052,-305.88025835696067,89.45677830398404,1.4624459490565465,7.376188755078282
4480.0,61.469207763671875,291.71051289679235,12.820707774968223,-298.5040520525798,291.71051289679235,298.5040520525798,202.25373396645819,11.358261870159604,-305.88024123644584,89.45677893033417,1.462445904808619,7.3761891838660105
4488.0,61.5791130065918,291.7105168432549,12.820718908527606,-298.50405253273937,291.7105168432549,298.50405253273937,202.25373745107282,11.358273056116161,-305.880242187296,89.45677939218207,1.4624458524114456,7.376189654556626
4496.0,61.68901443481445,291.7105221498548,12.820723159117568,-298.50403162339364,291.7105221498548,298.50403162339364,202.25374219851253,11.358277460666027,-305.8802215184238,89.45677995134227,1.4624456984515404,7.376189895030194
4504.0,61.798919677734375,291.7105270800332,12.820741508039964,-298.5040137161479,291.7105270800332,298.5040137161479,202.25374669802935,11.358295711295717,-305.88020371587197,89.45678038200384,1.462445796744246,7.37618999972409
4512.0,61.9088249206543,291.71052747863155,12.820759191694755,-298.5039994173895,291.71052747863155,298.5039994173895,202.25374701565485,11.358313314798139,-305.8801897309443,89.4567804629767,1.462445876896616,7.3761903135548295
4520.0,62.01872634887695,291.71051866177754,12.820767574930018,-298.5039826372093,291.71051866177754,298.5039826372093,202.25373826724473,11.358321768709772,-305.8801733360677,89.45678039453279,1.4624458062202468,7.376190698858416
4528.0,62.128631591796875,291.7105277352922,12.820782449052944,-298.5039799732883,291.7105277352922,298.5039799732883,202.2537469629542,11.358336795687494,-305.88017050562746,89.45678077233796,1.4624456533654495,7.376190532339116
4536.0,62.2385368347168,291.7105392549703,12.820801378261535,-298.5039667318987,291.7105392549703,298.5039667318987,202.2537584995163,11.358355775095074,-305.88015732095744,89.45678075545402,1.4624456031664623,7.376190589058723
4544.0,62.34843826293945,291.7105250761595,12.820811504932554,-298.50393205904527,291.7105250761595,298.50393205904527,202.25374411904303,11.358365934400464,-305.8801231227735,89.45678095711646,1.462445570532089,7.376191063728257
4552.0,62.458343505859375,291.7105273291769,12.820822875498328,-298.5039133027197,291.7105273291769,298.5039133027197,202.2537461632733,11.358377027822112,-305.88010518093614,89.45678116590364,1.4624458476762157,7.376191878216446
4560.0,62.5682487487793,291.7105281038124,12.820834129041522,-298.5038979517456,291.7105281038124,298.5038979517456,202.253746653726,11.35838845805213,-305.8800897256337,89.4567814500864,1.4624456709893923,7.376191773888074
4568.0,62.67815017700195,291.7105454641512,12.820851503669186,-298.50389431416494,291.7105454641512,298.50389431416494,202.2537637682363,11.358405864460426,-305.88008619533014,89.45678169591488,1.4624456392087604,7.376191881165184
4576.0,62.788055419921875,291.71054407284873,12.820866100151367,-298.5038616077272,291.71054407284873,298.5038616077272,202.2537622350809,11.358420662657885,-305.8800538322766,89.45678183776783,1.462445437493482,7.376192224549406
4584.0,62.8979606628418,291.7105342424809,12.820881830189606,-298.50381642597716,291.7105342424809,298.50381642597716,202.2537519831295,11.358436293643697,-305.88000884368586,89.4567822593514,1.4624455365459088,7.376192417708708
4592.0,63.00786209106445,291.7105643381094,12.82089245199672,-298.5038396985534,291.7105643381094,298.5038396985534,202.2537817562013,11.358446889185938,-305.88003201361516,89.45678258190813,1.4624455628107813,7.376192315061743
4600.0,63.117767333984375,291.710549768751,12.820918431031398,-298.50378267640156,291.710549768751,298.50378267640156,202.2537669818096,11.35847303503227,-305.87997545040014,89.4567827869414,1.4624453959991275,7.376192773998554
4608.0,63.2276725769043,291.71056139775646,12.820930562782694,-298.50377643255257,291.71056139775646,298.50377643255257,202.2537782702367,11.358485170101146,-305.8799696997158,89.4567831275198,1.4624453926815488,7.376193267163238
4616.0,63.33757400512695,291.71056798220025,12.8209555461074,-298.5037802532692,291.71056798220025,298.5037802532692,202.2537843388747,11.358510200805405,-305.87997335733786,89.45678364332551,1.4624453453019957,7.376193104068662
4624.0,63.44755172729492,291.71056331745467,12.820969775949347,-298.5037211003121,291.71056331745467,298.5037211003121,202.25377956108815,11.358524491188,-305.87991466681825,89.45678375636649,1.4624452847613472,7.376193566506146
4632.0,63.55745315551758,291.7105671186293,12.820986857560936,-298.5037132243763,291.7105671186293,298.5037132243763,202.2537826911267,11.358541901147815,-305.87990654226155,89.4567844275026,1.4624449564131217,7.376193317885239
4640.0,63.6673583984375,291.71057145286466,12.821000784844603,-298.50369833439095,291.71057145286466,298.50369833439095,202.25378720458218,11.358555828037037,-305.8798921168375,89.45678424828245,1.462444956807567,7.3761937824465065
4648.0,63.77726364135742,291.7105732748148,12.821017131520442,-298.50366531791406,291.7105732748148,298.50366531791406,202.25378878332472,11.358571841329287,-305.8798592840251,89.45678449149011,1.4624452901911558,7.376193966111053
4656.0,63.88716506958008,291.7105729318981,12.821038410204942,-298.50365743129885,291.7105729318981,298.50365743129885,202.25378844670485,11.358593550411662,-305.8798514683564,89.45678448519325,1.4624448597932793,7.376194037057559
4664.0,63.9970703125,291.71056649634767,12.821059202671403,-298.50362577892963,291.71056649634767,298.50362577892963,202.25378178984226,11.358614330738073,-305.87981983433576,89.4567847065054,1.4624448719333305,7.376194055406103
4672.0,64.10697174072266,291.71056968069746,12.821075873164007,-298.50360767552115,291.71056968069746,298.50360767552115,202.25378492775644,11.358630781319938,-305.8798020450196,89.45678475294102,1.462445091844069,7.376194369498442
4680.0,64.21688079833984,291.7105732204164,12.821090156058316,-298.5035801570001,291.7105732204164,298.5035801570001,202.25378861352425,11.358645321885636,-305.87977452560983,89.45678460689214,1.4624448341726812,7.37619436860971
4688.0,64.3267822265625,291.7105956877117,12.82111245318689,-298.5035742362319,291.7105956877117,298.5035742362319,202.25381068728072,11.358667820356754,-305.87976869221006,89.45678500043097,1.4624446328301368,7.376194455978158
4696.0,64.43668365478516,291.7105924009691,12.821128913201388,-298.5035877314643,291.7105924009691,298.5035877314643,202.25380727903152,11.35868420000203,-305.87978249356826,89.4567851219376,1.4624447131993596,7.376194762103992
4704.0,64.54659271240234,291.71059732566,12.82114617212288,-298.5035266274689,291.71059732566,298.5035266274689,202.25381217084234,11.358701575200996,-305.87972152274364,89.45678515481764,1.462444596921884,7.376194895274743
4712.0,64.65650177001953,291.71059166990557,12.821173432310381,-298.503509653298,291.71059166990557,298.503509653298,202.2538064574278,11.358728629649024,-305.87970478919567,89.45678521247777,1.462444802661357,7.376195135897646
4720.0,64.76640319824219,291.7105936625568,12.821193950840211,-298.5034992863073,291.7105936625568,298.5034992863073,202.2538082780379,11.358749231661559,-305.8796945111172,89.45678538451892,1.4624447191786532,7.376195224809869
4728.0,64.87630462646484,291.71059856424927,12.821202375385312,-298.50346892892475,291.71059856424927,298.50346892892475,202.25381322174,11.358757811549893,-305.8796644093267,89.4567853425093,1.4624445638354193,7.376195480401975
4736.0,64.98621368408203,291.7105931313356,12.821229942725068,-298.5034396909335,291.7105931313356,298.5034396909335,202.25380730033083,11.358785489940306,-305.8796354887361,89.45678583100477,1.462444452784763,7.376195797802609
4744.0,65.09612274169922,291.7106037548889,12.82125074126379,-298.5033967132528,291.7106037548889,298.5033967132528,202.25381757441164,11.358806394663006,-305.8795920643803,89.45678618047728,1.462444346600785,7.376195351127464
4752.0,65.20602416992188,291.7106149287499,12.821265570269503,-298.5034150663062,291.7106149287499,298.5034150663062,202.2538284290638,11.358821166579396,-305.87961066815336,89.45678649968613,1.4624444036901059,7.376195601847137
4760.0,65.31592559814453,291.7106195581763,12.821289230793104,-298.5034003712628,291.7106195581763,298.5034003712628,202.25383275147766,11.358844761191024,-305.87959623514,89.4567868066986,1.46244446960208,7.376195863877221
4768.0,65.42583465576172,291.71062045845935,12.821309489174121,-298.5033417940873,291.71062045845935,298.5033417940873,202.25383370908145,11.358864997097239,-305.879537705658,89.4567867493779,1.462444492076882,7.376195911570662
4776.0,65.53573608398438,291.7106219007063,12.82132948263917,-298.50331491626673,291.7106219007063,298.50331491626673,202.2538347612934,11.35888512293615,-305.87951069592384,89.45678713941294,1.4624443597030208,7.376195779657081
4784.0,65.64563751220703,291.71063469960455,12.82135408039152,-298.5033068407222,291.71063469960455,298.5033068407222,202.2538473276169,11.358909860610865,-305.8795032804652,89.45678737198764,1.462444219780655,7.376196439743012
4792.0,65.75554656982422,291.7106430884627,12.821376445996053,-298.50328410867496,291.7106430884627,298.50328410867496,202.2538554784211,11.358931937232668,-305.8794804813673,89.4567876100416,1.4624445087633848,7.376196372692306
4800.0,65.86544799804688,291.71063860135246,12.821399752998548,-298.5032485686593,291.71063860135246,298.5032485686593,202.25385076148407,11.358955393410003,-305.87944460413974,89.45678783986838,1.4624443595885448,7.376196035480483
4808.0,65.97534942626953,291.71064660683624,12.821414529509138,-298.503250684383,291.71064660683624,298.503250684383,202.25385840644537,11.358970246444395,-305.8794474522259,89.45678820039086,1.4624442830647424,7.376196767842963
4816.0,66.08525848388672,291.7106455295155,12.82144617741452,-298.50319792908914,291.7106455295155,298.50319792908914,202.25385705731958,11.359001948030109,-305.87939448721704,89.4567884721959,1.4624442293844115,7.376196558127901
4824.0,66.19515991210938,291.71065261224226,12.821465126450295,-298.50318439352316,291.71065261224226,298.50318439352316,202.25386386378352,11.359020802168061,-305.8793812635748,89.45678874845873,1.462444324282235,7.376196870051693
4832.0,66.30506134033203,291.7106627423069,12.821486733824742,-298.50317299490376,291.7106627423069,298.50317299490376,202.253873932774,11.359042795598896,-305.87937016327635,89.45678880953288,1.462443938225845,7.376197168372599
4840.0,66.41497039794922,291.71065626080826,12.821510603945466,-298.5031355872894,291.71065626080826,298.5031355872894,202.2538673436195,11.359066733246724,-305.87933286627174,89.45678891718879,1.462443870698742,7.3761972789823105
4848.0,66.52487182617188,291.71066208456324,12.821534317906154,-298.5031083116861,291.71066208456324,298.5031083116861,202.25387285298444,11.359090128424793,-305.87930549043415,89.4567892315788,1.4624441894813613,7.376197178748058
4856.0,66.63477325439453,291.7106794374209,12.821553537190216,-298.50309771829586,291.7106794374209,298.50309771829586,202.25389005562153,11.359109630037462,-305.87929545391194,89.45678938179935,1.4624439071527542,7.376197735616088
4864.0,66.74468231201172,291.7106763809197,12.821581385438169,-298.50304066022795,291.7106763809197,298.50304066022795,202.25388679938658,11.359137426723954,-305.87923804159493,89.45678958153313,1.4624439587142133,7.376197381366957
4872.0,66.85458374023438,291.7106841635573,12.821609341285239,-298.50304704999456,291.7106841635573,298.50304704999456,202.25389415114958,11.359165335722711,-305.87924489996254,89.4567900124077,1.462444005562527,7.37619784996798
4880.0,66.96456146240234,291.7106840752142,12.82162425091067,-298.50299931545993,291.7106840752142,298.50299931545993,202.25389407765974,11.359180231518987,-305.87919724746183,89.45678999755444,1.462444019391683,7.376197932001908
4888.0,67.07447052001953,291.71069436999403,12.821650322381451,-298.50298181201595,291.71069436999403,298.50298181201595,202.2539042294424,11.3592066083505,-305.8791796447658,89.45679014055165,1.4624437140309516,7.376197832749888
4896.0,67.18437194824219,291.71068542695383,12.821680959917778,-298.5029327433355,291.71068542695383,298.5029327433355,202.25389466813652,11.359236960397737,-305.8791308300519,89.45679075881732,1.4624439995200396,7.376198086716386
4904.0,67.29427337646484,291.71070206917443,12.821706271026043,-298.5029363504346,291.71070206917443,298.5029363504346,202.25391111257508,11.359262483457336,-305.87913433123003,89.45679095659932,1.462443787568707,7.37619798079546
4912.0,67.40418243408203,291.7107084921913,12.821722981962806,-298.50288222636703,291.7107084921913,298.50288222636703,202.25391728489183,11.359279025768467,-305.8790805839243,89.45679120729949,1.4624439561943383,7.376198357557264
4920.0,67.51408386230469,291.71070019857234,12.821761913072542,-298.50284490050586,291.71070019857234,298.50284490050586,202.25390891213874,11.35931781397991,-305.8790434468658,89.45679128643359,1.4624440990926324,7.376198546359923
4928.0,67.62398529052734,291.7107129090354,12.821768716609686,-298.5028450695943,291.7107129090354,298.5028450695943,202.2539216053413,11.359324925350364,-305.8790433647989,89.4567913036941,1.4624437912593211,7.376198295204652
4936.0,67.73389434814453,291.7107189339165,12.821800602006988,-298.5028285239265,291.7107189339165,298.5028285239265,202.2539271596179,11.35935674825269,-305.87902705120814,89.45679177429862,1.462443853754297,7.376198527281673
4944.0,67.84379577636719,291.71071497334253,12.821833213878236,-298.50275438435915,291.71071497334253,298.50275438435915,202.2539228294989,11.359389157521724,-305.8789533264786,89.45679214384363,1.462444056356511,7.376198942119437
4952.0,67.95369720458984,291.71073385433226,12.8218567669661,-298.5027615489881,291.71073385433226,298.5027615489881,202.25394148588572,11.359412749506815,-305.87896007226135,89.45679236844654,1.462444017459286,7.376198523273281
4960.0,68.06360626220703,291.7107307260183,12.82188823502123,-298.502740519079,291.7107307260183,298.502740519079,202.25393792101647,11.3594442743861,-305.8789394930084,89.45679280500184,1.46244396063513,7.3761989739293625
4968.0,68.17350769042969,291.7107315500808,12.82190768820887,-298.5026933231719,291.7107315500808,298.5026933231719,202.25393880953584,11.359463887708817,-305.878892329794,89.45679274054496,1.4624438005000546,7.376199006622045
4976.0,68.28340911865234,291.71048990087303,12.821911070781924,-298.50258746018017,291.71048990087303,298.50258746018017,202.25370483689323,11.359467271271539,-305.87878503527133,89.4567850639798,1.462443799510385,7.3761975750911475
4984.0,68.39331817626953,291.7103674871785,12.821833937438283,-298.5025812565606,291.7103674871785,298.5025812565606,202.25360603217257,11.359389872570876,-305.87877325915133,89.45676145500589,1.4624440648674075,7.3761920025907415
4992.0,68.50321960449219,291.7104766259744,12.821796641175409,-298.5027617469844,291.7104766259744,298.5027617469844,202.25372230762486,11.359352623518816,-305.8789520643221,89.45675431834957,1.4624440176565918,7.376190317337695
5000.0,68.61312103271484,291.71051708503313,12.82177678362809,-298.50277102029025,291.71051708503313,298.50277102029025,202.25376281877317,11.359332781706826,-305.87896059129565,89.45675426625998,1.462444001921265,7.376189571005376
5008.0,68.72303009033203,291.71053685396146,12.821772719146416,-298.50275374024835,291.71053685396146,298.50275374024835,202.25378025601898,11.359328866734316,-305.87894393038874,89.45675659794244,1.4624438524121008,7.37619019014037
5016.0,68.83293151855469,291.7106002195404,12.821757939401625,-298.5028330979667,291.7106002195404,298.5028330979667,202.25384025840182,11.359313910438338,-305.87902386852346,89.45675996113859,1.4624440289632874,7.3761907705568035
5024.0,68.94283294677734,291.71064794293505,12.821740054194642,-298.50286108734576,291.71064794293505,298.50286108734576,202.25388249367393,11.359296220841749,-305.8790527810967,89.45676544926113,1.4624438333528937,7.376191693750883
5032.0,69.05274200439453,291.710682634313,12.8217218186832,-298.5029027835203,291.710682634313,298.5029027835203,202.25391169120994,11.35927786357837,-305.8790955002686,89.4567709431031,1.462443955104829,7.376192716748292
5040.0,69.16264343261719,291.7107157601425,12.821695833251253,-298.50292920481803,291.7107157601425,298.50292920481803,202.25393920229303,11.35925200549563,-305.8791230480671,89.45677655784944,1.4624438277556226,7.376193843249041
5048.0,69.27254486083984,291.7107356067231,12.821683996916882,-298.50298074230375,291.7107356067231,298.50298074230375,202.25395387593045,11.359240311465738,-305.8791754166843,89.4567817307927,1.4624436854511424,7.376194674380528
5056.0,69.38245391845703,291.7107460126359,12.821658353455351,-298.50301101652576,291.7107460126359,298.50301101652576,202.25396101273236,11.359214527544617,-305.87920616992426,89.45678499990356,1.4624438259107344,7.376195153398491
5064.0,69.49235534667969,291.71074577056197,12.821639342597765,-298.50304605182254,291.71074577056197,298.50304605182254,202.25395726196325,11.359195595553864,-305.87924194569837,89.45678850859875,1.462443747043901,7.37619589387581
5072.0,69.60225677490234,291.71072116581735,12.821614283637727,-298.503014009806,291.71072116581735,298.503014009806,202.2539308408641,11.359170539394379,-305.87921024354296,89.45679032495327,1.4624437442433482,7.376196233736934
5080.0,69.71216583251953,291.7107089412534,12.821602855038243,-298.50303788355836,291.7107089412534,298.50303788355836,202.25391751848187,11.359159038975363,-305.87923439858014,89.45679142277157,1.4624438160628808,7.376196515021746
5088.0,69.82206726074219,291.7106957451243,12.82157410529088,-298.5030431452936,291.7106957451243,298.5030431452936,202.2539041302365,11.359130434376556,-305.87923964576225,89.45679161488786,1.4624436709143236,7.37619650046868
5096.0,69.93196868896484,291.71068331220295,12.82155514768166,-298.5030675813535,291.71068331220295,298.5030675813535,202.25389185777138,11.35911135810262,-305.8792646717271,89.45679145443157,1.4624437895790403,7.376197090373616
5104.0,70.04187774658203,291.71067058783086,12.82154384677824,-298.5030790485977,291.71067058783086,298.5030790485977,202.25387944348074,11.359099805929365,-305.8792758560858,89.45679114435012,1.4624440408488755,7.376196807488114
5112.0,70.15177917480469,291.7106535103196,12.821511431094443,-298.50310330833315,291.7106535103196,298.50310330833315,202.25386283016084,11.359067864869637,-305.8793000938148,89.45679068015878,1.4624435662248052,7.3761967854816035
5120.0,70.26168060302734,291.71065578674074,12.821496132512245,-298.5031377664006,291.71065578674074,298.5031377664006,202.25386571104724,11.359052499319674,-305.87933463123227,89.45679007569348,1.4624436331925712,7.376196864831684
5128.0,70.37158966064453,291.71063212384286,12.821479022306436,-298.503121929274,291.71063212384286,298.503121929274,202.25384261227867,11.359035056310814,-305.87931876171467,89.45678951156418,1.4624439659956212,7.376196832440627
5136.0,70.48157501220703,291.710618278751,12.82145375273702,-298.50312323231304,291.710618278751,298.50312323231304,202.25382898756433,11.359010251523983,-305.8793198703012,89.45678929118668,1.4624435012130355,7.376196637988137
5144.0,70.59147644042969,291.71061620859905,12.82144130290451,-298.503168272834,291.71061620859905,298.503168272834,202.25382782101866,11.35899751689482,-305.87936486801203,89.45678838758039,1.4624437860096906,7.376196595178044
5152.0,70.70137786865234,291.7106100301295,12.821413466206128,-298.5031887903182,291.7106100301295,298.5031887903182,202.25382185473313,11.358969955500072,-305.87938570230307,89.45678817539638,1.4624435107060547,7.376196911984863
5160.0,70.81128692626953,291.71061259781516,12.821401626057257,-298.50321853435736,291.71061259781516,298.50321853435736,202.2538246292023,11.358958105332071,-305.87941527906787,89.45678796861286,1.4624435207251865,7.376196744710491
5168.0,70.92118835449219,291.7105951761157,12.821373165810037,-298.5031951981169,291.7105951761157,298.5031951981169,202.25380743824667,11.35892947852837,-305.8793920574242,89.45678773786904,1.4624436872816662,7.376196859307299
5176.0,71.03108978271484,291.71057824703075,12.82135737746341,-298.5032002860633,291.71057824703075,298.5032002860633,202.25379000049224,11.35891360822864,-305.87939698662973,89.45678824653852,1.462443769234771,7.376196700566403
5184.0,71.14099884033203,291.71060551738276,12.821339659928805,-298.5032735056889,291.71060551738276,298.5032735056889,202.25381760936256,11.358895991601933,-305.879470597729,89.45678790802017,1.462443668326872,7.376197092040059
5192.0,71.25090026855469,291.71059404588885,12.821319251191085,-298.50326801474574,291.71059404588885,298.50326801474574,202.2538058397021,11.358875546495145,-305.87946515983833,89.45678820618676,1.4624437046959384,7.376197145092604
5200.0,71.36080169677734,291.71059228412,12.82130213873202,-298.50329291625997,291.71059228412,298.50329291625997,202.25380428434156,11.358858683430164,-305.8794901260553,89.45678799977846,1.4624434553018566,7.376197209795329
5208.0,71.47071075439453,291.71057842327406,12.821287865454273,-298.5032736381995,291.71057842327406,298.5032736381995,202.2537900930593,11.358844089282309,-305.87947086850784,89.45678833021475,1.4624437761719649,7.376197230308314
5216.0,71.58061218261719,291.71058825677346,12.821262765354838,-298.5033163766172,291.71058825677346,298.5033163766172,202.25379962861328,11.35881927679337,-305.8795136265474,89.45678862816017,1.462443488561468,7.3761972499302075
5224.0,71.69051361083984,291.7106095309433,12.821249007754684,-298.5033734757465,291.7106095309433,298.5033734757465,202.25382069711043,11.358805394841635,-305.879570816835,89.45678883383292,1.4624436129130478,7.376197341088485
5232.0,71.80042266845703,291.71079385495165,12.821258764615273,-298.50345008171735,291.71079385495165,298.50345008171735,202.2539973357001,11.358815042476387,-305.8796482673721,89.45679651925157,1.462443722138886,7.376198185654772
5240.0,71.91032409667969,291.7109081650819,12.821299575765082,-298.50348142618776,291.7109081650819,298.50348142618776,202.254095095504,11.358856192458909,-305.8796828057042,89.45681306957789,1.4624433833061738,7.376201379516431
5248.0,72.02022552490234,291.71094065911007,12.821333471572368,-298.5034911758932,291.71094065911007,298.5034911758932,202.25411579238366,11.35889027206536,-305.87969427650023,89.45682486672638,1.462443199507009,7.376203100607036
5256.0,72.13013458251953,291.7108924758069,12.821360733036641,-298.5034272723788,291.7108924758069,298.5034272723788,202.25406205690658,11.35891743577553,-305.87963071932677,89.45683041890032,1.4624432972611117,7.376203446947969
5264.0,72.24003601074219,291.71068934497487,12.821354465643118,-298.50327926585686,291.71068934497487,298.50327926585686,202.25386221136557,11.358911155008585,-305.8794818392612,89.45682713360927,1.462443310634534,7.376202573404335
5272.0,72.34993743896484,291.71049635080243,12.821310283972398,-298.50321347958123,291.71049635080243,298.50321347958123,202.25368455221138,11.358867029774327,-305.8794139610513,89.45681179859103,1.46244325419807,7.376200481470072
5280.0,72.45984649658203,291.71049669727523,12.821281942845395,-298.5033010756239,291.71049669727523,298.5033010756239,202.25369736029594,11.358838163808073,-305.8794991047709,89.4567993369793,1.4624437790373217,7.376198029147034
5288.0,72.56974792480469,291.7104947317885,12.821262049501673,-298.5033290390926,291.7104947317885,298.5033290390926,202.25370164047894,11.358818996560762,-305.87952571681967,89.45679309130958,1.4624430529409111,7.376196677727094
5296.0,72.67964935302734,291.7103772091741,12.821239949691792,-298.503239091028,291.7103772091741,298.503239091028,202.2535922014083,11.358796897256868,-305.87943495922036,89.45678500776579,1.462443052434924,7.376195868192383
5304.0,72.78955841064453,291.7103684177505,12.821205516822541,-298.50328713708734,291.7103684177505,298.50328713708734,202.2535923123562,11.358762555402091,-305.8794815785467,89.45677610539431,1.4624429614204493,7.376194441459354
5312.0,72.89945983886719,291.71042750992694,12.821177254286283,-298.50339310341667,291.71042750992694,298.50339310341667,202.25365542389196,11.358734689931051,-305.87958666417467,89.45677208603496,1.462442564355233,7.376193560757969
5320.0,73.00936126708984,291.7104477491431,12.821151820415638,-298.5033761230931,291.7104477491431,298.5033761230931,202.2536755564333,11.358708750805699,-305.8795696908646,89.45677219270976,1.462443069609939,7.376193567771487
5328.0,73.11927032470703,291.71050469743113,12.821136631135792,-298.50346406986506,291.71050469743113,298.50346406986506,202.25373056845163,11.358693683970314,-305.87965775931264,89.45677412897948,1.4624429471654778,7.376193689447575
5336.0,73.22917175292969,291.7105298975167,12.821112628540966,-298.5034729767227,291.7105298975167,298.5034729767227,202.25375231123158,11.358669934803299,-305.87966739672095,89.45677758628517,1.4624426937376667,7.376194419998228
5344.0,73.33908081054688,291.71057128705485,12.821105553015567,-298.50350537265973,291.71057128705485,298.50350537265973,202.25378966713245,11.358662524709867,-305.87970049906187,89.45678161992241,1.4624430283056986,7.376195126402131
5352.0,73.44898223876953,291.7106095569436,12.821078686028628,-298.5035544805982,291.7106095569436,298.5035544805982,202.2538231748115,11.358635799640652,-305.87975038542754,89.45678638213212,1.4624428863879757,7.3761959048293235
5360.0,73.55889129638672,291.71063490541684,12.821061739422284,-298.50356856360963,291.71063490541684,298.50356856360963,202.25384407764574,11.358618691137828,-305.87976542537535,89.4567908277711,1.462443048284456,7.376196861765749
5368.0,73.66879272460938,291.71066188641623,12.821050842909992,-298.5036046646814,291.71066188641623,298.5036046646814,202.25386600512957,11.358608003827461,-305.87980258951336,89.45679588128664,1.4624428390825308,7.3761979248319705
5376.0,73.77869415283203,291.71066482502357,12.821037614943236,-298.5036219696377,291.71066482502357,298.5036219696377,202.253865043939,11.358594778285266,-305.87982065300776,89.45679978108457,1.4624428366579703,7.376198683370035
5384.0,73.88860321044922,291.7106761349695,12.821025994737667,-298.50363736081545,291.7106761349695,298.50363736081545,202.25387347648257,11.358583543234056,-305.8798365462387,89.45680265848696,1.4624424515036116,7.376199185423268
5392.0,73.99858093261719,291.7106658912167,12.821010624208052,-298.503628997379,291.7106658912167,298.503628997379,202.25386060813634,11.358567899234862,-305.8798287896486,89.45680528308037,1.4624427249731906,7.376199792269652
5400.0,74.10848236083984,291.71066477547515,12.821002538411344,-298.5036422199329,291.71066477547515,298.5036422199329,202.25385790057908,11.358560000499114,-305.87984241973595,89.4568068748961,1.4624425379122301,7.376200199803087
5408.0,74.21839141845703,291.7106737164635,12.820985663069335,-298.50370837518545,291.7106737164635,298.50370837518545,202.25386566769373,11.35854300074659,-305.8799086135642,89.45680804876976,1.4624426623227458,7.376200238378779
5416.0,74.32829284667969,291.7106569314773,12.820974316613654,-298.50369381470443,291.7106569314773,298.50369381470443,202.25384819820647,11.358531533557766,-305.8798944110831,89.45680873327079,1.462442783055888,7.3762005963786805
5424.0,74.43819427490234,291.71063780590674,12.82095674031928,-298.5036640850835,291.71063780590674,298.5036640850835,202.2538285134654,11.35851397521464,-305.87986541293697,89.45680929244132,1.4624427651046399,7.376201327853437
5432.0,74.54810333251953,291.7106524657879,12.820944176689858,-298.50370452316827,291.7106524657879,298.50370452316827,202.2538428163641,11.358501340329916,-305.87990532537276,89.4568096494238,1.462442836359942,7.37620080220448
5440.0,74.65800476074219,291.71066404403865,12.820931319734267,-298.50369741757663,291.71066404403865,298.50369741757663,202.25385263000823,11.35848863796386,-305.879898661666,89.45681141403043,1.462442681770407,7.3762012440893585
5448.0,74.76790618896484,291.71068328422155,12.820933683380533,-298.5037106739035,291.71068328422155,298.5037106739035,202.25386950442316,11.358490908647578,-305.8799127837131,89.45681377979841,1.462442774732955,7.376202109809597
5456.0,74.87781524658203,291.7106771051126,12.820942470216382,-298.5037174100233,291.7106771051126,298.5037174100233,202.25386172577663,11.35849984248123,-305.8799197491304,89.45681537933599,1.462442627735152,7.37620233910711
5464.0,74.98771667480469,291.71067880483,12.820928996430553,-298.50372175968175,291.71067880483,298.50372175968175,202.25386273600452,11.358486005697635,-305.8799247357775,89.4568160688255,1.4624429907329168,7.376202976095698
5472.0,75.09761810302734,291.71067238793637,12.820935435196212,-298.50373498181057,291.71067238793637,298.50373498181057,202.25385578381378,11.358492660655552,-305.8799377017983,89.45681660412257,1.4624427745406603,7.376202719987752
5480.0,75.20752716064453,291.7106547306104,12.820925533023345,-298.50372987037406,291.7106547306104,298.50372987037406,202.25383796449512,11.358482653436171,-305.8799326199411,89.45681676611525,1.4624428795871731,7.376202749567057
5488.0,75.31742858886719,291.71062949222323,12.820928227298559,-298.5036889066831,291.71062949222323,298.5036889066831,202.25381262560353,11.35848539342896,-305.87989155209004,89.45681686661968,1.4624428338695985,7.376202645406899
5496.0,75.42733001708984,291.710632486229,12.820918617797924,-298.5037281911643,291.710632486229,298.5037281911643,202.25381581233256,11.358475849669981,-305.87993072438616,89.45681667389641,1.4624427681279433,7.376202533221836
5504.0,75.53723907470703,291.7106364297208,12.820917097341216,-298.5037297974851,291.7106364297208,298.5037297974851,202.25382013236043,11.35847419781518,-305.87993262394906,89.45681629736035,1.4624428995260352,7.37620282646396
5512.0,75.64714050292969,291.71062998734806,12.82091449063096,-298.5037372099043,291.71062998734806,298.5037372099043,202.25381421481245,11.358471583612465,-305.87994003377446,89.45681577253563,1.4624429070184952,7.376202823870209
5520.0,75.75704193115234,291.7106247580326,12.820911651497902,-298.5037353623237,291.7106247580326,298.5037353623237,202.25380945334044,11.358468947339968,-305.87993825253807,89.45681530469221,1.462442704157933,7.376202890214337
5528.0,75.86695098876953,291.7106201729254,12.820908283680875,-298.5037364167247,291.7106201729254,298.5037364167247,202.25380511029874,11.358465302372249,-305.87993892399845,89.45681506262666,1.4624429813086262,7.376202507273746
5536.0,75.97685241699219,291.7106192753861,12.820911847035704,-298.5037444369994,291.7106192753861,298.5037444369994,202.25380449085026,11.358469014945372,-305.8799469147525,89.45681478453585,1.462442832090332,7.376202477753118
5544.0,76.08675384521484,291.7105807296772,12.820900410490127,-298.5036549504921,291.7105807296772,298.5036549504921,202.25376602066603,11.358457445598551,-305.8798578995345,89.45681470901117,1.4624429648915758,7.376202949042387
5552.0,76.19666290283203,291.71059658619185,12.820894732279287,-298.50372677064104,291.71059658619185,298.50372677064104,202.2537822062153,11.358452011823085,-305.87992941356094,89.45681437997655,1.462442720456202,7.376202642919928
5560.0,76.30656433105469,291.71060591023604,12.820890195173655,-298.50373680305546,291.71060591023604,298.50373680305546,202.25379139682087,11.358447445135353,-305.8799396318436,89.45681451341515,1.4624427500383028,7.376202828788145
5568.0,76.41646575927734,291.71059664759474,12.820898892347255,-298.50371195074155,291.71059664759474,298.50371195074155,202.25378257051335,11.358456259860722,-305.87991486748956,89.45681407708139,1.4624426324865345,7.376202916748028
5576.0,76.52637481689453,291.7105928264263,12.820898459876886,-298.5037139546551,291.7105928264263,298.5037139546551,202.25377861241424,11.358455669901,-305.87991690156116,89.45681421401206,1.4624427899758876,7.376202946906076
5584.0,76.63627624511719,291.71059952084556,12.82088833844907,-298.5037303686797,291.71059952084556,298.5037303686797,202.2537855279229,11.358445773827102,-305.87993321405486,89.45681399292266,1.4624425646219676,7.376202845375111
5592.0,76.74617767333984,291.7106041743411,12.820885209610372,-298.5037307798957,291.7106041743411,298.5037307798957,202.25379018271087,11.35844240841,-305.8799336625965,89.45681399163021,1.462442801200373,7.376202882700802
5600.0,76.85608673095703,291.7106034919136,12.820890051697834,-298.5037380721713,291.7106034919136,298.5037380721713,202.2537893425446,11.35844714868063,-305.87994090260156,89.456814149369,1.462442903017204,7.37620283043028
5608.0,76.96598815917969,291.71058982498255,12.82088583321233,-298.50371156930936,291.71058982498255,298.50371156930936,202.25377564200832,11.358443066071125,-305.879914338688,89.4568141829742,1.4624427671412055,7.376202769378651
5616.0,77.07588958740234,291.7106024489999,12.820884816343359,-298.503738250555,291.7106024489999,298.503738250555,202.25378834825023,11.358442139613768,-305.87994098758116,89.45681410074971,1.46244267672959,7.376202737026205
5624.0,77.18579864501953,291.71060112054965,12.820885749979489,-298.5037341048431,291.71060112054965,298.5037341048431,202.2537870702995,11.358443216383963,-305.87993739674937,89.45681405025017,1.4624425335955253,7.376203291906265
5632.0,77.29570770263672,291.71060290198284,12.820879123870093,-298.50374140369934,291.71060290198284,298.50374140369934,202.25378832679658,11.358436442908522,-305.87994446738446,89.45681457518623,1.462442680961571,7.376203063685139
5640.0,77.40560913085938,291.71060185377735,12.820880677401664,-298.5037086778332,291.71060185377735,298.5037086778332,202.25378746952123,11.358437859682418,-305.87991194390986,89.45681438425612,1.462442817719246,7.376203266076686
5648.0,77.51558685302734,291.7106046514293,12.820882679580137,-298.50375351448133,291.7106046514293,298.50375351448133,202.253790267069,11.358440018675928,-305.8799566913568,89.45681438436034,1.4624426609042085,7.376203176875471
5656.0,77.62548828125,291.71059712766214,12.820881331173132,-298.5037310482156,291.71059712766214,298.5037310482156,202.25378300067797,11.358438816695157,-305.8799344967442,89.45681412698416,1.4624425144779747,7.376203448528599
5664.0,77.73538970947266,291.7106024984961,12.82087872066964,-298.50374533624785,291.7106024984961,298.50374533624785,202.25378786193158,11.35843613207642,-305.879948842741,89.45681463656447,1.4624425885932193,7.376203506493141
5672.0,77.84529876708984,291.7106074135401,12.820879141097972,-298.5037314368519,291.7106074135401,298.5037314368519,202.25379253671957,11.358436546965374,-305.8799348132593,89.45681487682054,1.462442594132598,7.3762033764073465
5680.0,77.95520782470703,291.7106060330181,12.820873719426595,-298.5037281225857,291.7106060330181,298.5037281225857,202.25379128473804,11.358431268344564,-305.87993139450197,89.45681474828007,1.4624424510820315,7.376203271916239
5688.0,78.06510925292969,291.7106141156679,12.82087060935716,-298.5037573285613,291.7106141156679,298.5037573285613,202.25379933213114,11.35842790375931,-305.8799608800886,89.45681478353674,1.4624427055978502,7.376203551527347
5696.0,78.17501068115234,291.7106117200577,12.82088085607538,-298.5037342476508,291.7106117200577,298.5037342476508,202.25379679909403,11.35843819588517,-305.87993765027574,89.45681492096372,1.4624426601902085,7.376203402624945
5704.0,78.28491973876953,291.7106130121184,12.820876005537178,-298.503745840873,291.7106130121184,298.503745840873,202.25379804242584,11.358433525276588,-305.879949334627,89.45681496969254,1.4624424802605898,7.376203493753948
5712.0,78.39482116699219,291.7106069453611,12.82087185926534,-298.5037422017225,291.7106069453611,298.5037422017225,202.25379201608348,11.358429515249941,-305.87994577457374,89.45681492927764,1.4624423440153982,7.376203572851246
5720.0,78.50472259521484,291.7105965740348,12.820874307208644,-298.50371925220895,291.7105965740348,298.50371925220895,202.25378163723542,11.358431636608497,-305.8799228773725,89.4568149367994,1.4624426706001477,7.376203625163555
5728.0,78.61463165283203,291.7106183971229,12.820881195013495,-298.5037742489377,291.7106183971229,298.5037742489377,202.2538031875661,11.358438755005459,-305.8799782791471,89.45681520955684,1.462442440008036,7.376204030209422
5736.0,78.72453308105469,291.71059351930637,12.820879591978619,-298.5037243245505,291.71059351930637,298.5037243245505,202.25377851612956,11.358437142675278,-305.8799278328611,89.45681500317679,1.462442449303341,7.376203508310617
5744.0,78.83443450927734,291.71060065817016,12.820880904958777,-298.5037328966208,291.71060065817016,298.5037328966208,202.25378517984996,11.358438151406977,-305.87993676317245,89.4568154783202,1.4624427535517994,7.376203866551641
5752.0,78.94434356689453,291.7106045495771,12.82087762565358,-298.50374743181806,291.7106045495771,298.50374743181806,202.25378919677362,11.358435209645055,-305.8799510974994,89.45681535280347,1.4624424160085243,7.376203665681302
5760.0,79.05424499511719,291.71060434252723,12.820876744492136,-298.50372461576495,291.71060434252723,298.50372461576495,202.2537890284762,11.358434302802227,-305.87992824839154,89.45681531405104,1.4624424416899098,7.376203632626563
5768.0,79.16414642333984,291.7106016082127,12.820879242046463,-298.5037072196569,291.7106016082127,298.5037072196569,202.25378602977,11.358436706025095,-305.87991112362533,89.45681557844269,1.462442536021367,7.376203903968424
5776.0,79.27405548095703,291.7105998580512,12.82088313118091,-298.5037334709539,291.7105998580512,298.5037334709539,202.2537840916617,11.358440587451444,-305.87993717938576,89.4568157663895,1.4624425437294657,7.376203708431866
5784.0,79.38395690917969,291.71060285136105,12.820877447732428,-298.50371741613674,291.71060285136105,298.50371741613674,202.2537873672797,11.358434919171248,-305.8799214853088,89.45681548408135,1.46244252856118,7.376204069172033
5792.0,79.49385833740234,291.7105932677043,12.820878985702311,-298.5036967694899,291.7105932677043,298.5036967694899,202.25377774520805,11.358436541001659,-305.87990060222995,89.45681552249627,1.4624424447006525,7.376203832740053
5800.0,79.60376739501953,291.7105932089308,12.820883259254131,-298.50371112380645,291.7105932089308,298.50371112380645,202.25377746277627,11.358440421251313,-305.8799151655327,89.45681574615452,1.4624428380028185,7.376204041726226
5808.0,79.71366882324219,291.7106024366168,12.820889855150947,-298.5037061308885,291.7106024366168,298.5037061308885,202.25378680527248,11.358447149147935,-305.87991025776415,89.45681563134433,1.4624427060030118,7.376204126875663
5816.0,79.82357025146484,291.7105995446378,12.820888478296993,-298.5037024754115,291.7105995446378,298.5037024754115,202.2537839020922,11.35844618932336,-305.8799067329262,89.45681564254556,1.4624422889736346,7.376204257514672
5824.0,79.93347930908203,291.710597993144,12.820889462841155,-298.50371075303053,291.710597993144,298.50371075303053,202.25378210309614,11.358446824653306,-305.87991483960656,89.45681589004784,1.462442638187849,7.376204086576024
5832.0,80.04338073730469,291.7106111402559,12.820894592965603,-298.50373129232554,291.7106111402559,298.50373129232554,202.253795328167,11.358451852441563,-305.87993537533555,89.4568158120889,1.4624427405240397,7.376204083010002
5840.0,80.15328216552734,291.71060686580256,12.820890209480986,-298.5037245783903,291.71060686580256,298.5037245783903,202.25379085858543,11.358447709823341,-305.87992896793264,89.4568160072171,1.4624424996576444,7.376204389542345
5848.0,80.26319122314453,291.7106097994725,12.82089714332561,-298.50371684192726,291.7106097994725,298.50371684192726,202.25379390946108,11.358454499547914,-305.8799208824556,89.45681589001141,1.4624426437776954,7.376204040528343
5856.0,80.37309265136719,291.7106094871813,12.820896397871978,-298.50370329013407,291.7106094871813,298.50370329013407,202.2537935874333,11.358453766707711,-305.879907703804,89.45681589974797,1.4624426311642669,7.376204413669939
5864.0,80.48299407958984,291.71060804119713,12.820906241504407,-298.50371328268665,291.71060804119713,298.50371328268665,202.25379203338352,11.358463787381032,-305.87991745968174,89.45681600781364,1.4624424541233738,7.376204176995088
5872.0,80.59290313720703,291.71060423545856,12.820899395777035,-298.50368559768344,291.71060423545856,298.50368559768344,202.25378820962152,11.358456809064268,-305.87988991854206,89.45681602583704,1.462442586712767,7.376204320858619
5880.0,80.70280456542969,291.710609707555,12.820901083483832,-298.50370436676707,291.710609707555,298.50370436676707,202.25379353994168,11.35845843468944,-305.87990870876934,89.45681616761333,1.4624426487943918,7.376204342002289
5888.0,80.81270599365234,291.7106191527354,12.820906454857242,-298.50372613176484,291.7106191527354,298.50372613176484,202.2538029787504,11.358463754567747,-305.879930159335,89.45681617398496,1.4624427002894946,7.376204027570175
5896.0,80.92261505126953,291.7106117866027,12.82090593572314,-298.5036885509948,291.7106117866027,298.5036885509948,202.25379550173722,11.35846345020372,-305.8798931523087,89.45681628486551,1.4624424855194191,7.376204601313866
5904.0,81.0325927734375,291.71060683111773,12.820909253010914,-298.50370491292205,291.71060683111773,298.50370491292205,202.253790634437,11.358466904627814,-305.8799096679078,89.4568161966807,1.4624423483831,7.376204754985729
5912.0,81.14249420166016,291.71059636505777,12.820909287350716,-298.50366843812674,291.71059636505777,298.50366843812674,202.25378018129985,11.358466865979386,-305.87987294251417,89.4568161837579,1.4624424213713305,7.376204504387445
5920.0,81.25240325927734,291.7106025093095,12.820911168350905,-298.50367104465454,291.7106025093095,298.50367104465454,202.25378628945353,11.358468849221323,-305.8798757624053,89.45681621985602,1.4624423191295821,7.376204717750753
5928.0,81.3623046875,291.7106095199571,12.820925721050248,-298.503676730476,291.7106095199571,298.503676730476,202.25379314088,11.358483297185813,-305.8798811885081,89.45681637907708,1.462442423864435,7.376204458032078
5936.0,81.47221374511719,291.71061130006257,12.820922935720759,-298.5036786751602,291.71061130006257,298.5036786751602,202.25379488354983,11.358480594861394,-305.87988338442494,89.45681641651274,1.4624423408593659,7.376204709264755
5944.0,81.58211517333984,291.71061311735684,12.820926785199376,-298.50368247703784,291.71061311735684,298.50368247703784,202.25379635469685,11.358484573207141,-305.8798869864665,89.45681676266003,1.4624422119922338,7.376204509428639
5952.0,81.69202423095703,291.7106134015069,12.820930271706782,-298.5036815680916,291.7106134015069,298.5036815680916,202.2537967065719,11.358487968399,-305.87988612696654,89.45681669493501,1.4624423033077814,7.376204558874939
5960.0,81.80192565917969,291.7106189002134,12.820933009686291,-298.5036786721127,291.7106189002134,298.5036786721127,202.25380228383753,11.358490498949555,-305.8798832245587,89.45681661637586,1.4624425107367363,7.376204552445962
5968.0,81.91182708740234,291.7106081804698,12.820933414257821,-298.50365486767913,291.7106081804698,298.50365486767913,202.25379147963235,11.358490916024232,-305.87985963886933,89.45681670083746,1.4624424982335884,7.376204771190196
5976.0,82.02173614501953,291.7106239373795,12.820941572506278,-298.503662335856,291.7106239373795,298.503662335856,202.25380718323427,11.358499079419461,-305.8798670486674,89.45681675414522,1.462442493086817,7.376204712811358
5984.0,82.13163757324219,291.7106128688482,12.820944746793979,-298.50364736398416,291.7106128688482,298.50364736398416,202.25379608198233,11.35850244542626,-305.8798524404449,89.45681678686591,1.4624423013677177,7.376205076460749
5992.0,82.24153900146484,291.7106113152004,12.820939068874067,-298.50362568874533,291.7106113152004,298.50362568874533,202.25379446133155,11.35849662336825,-305.8798304313698,89.45681685386889,1.462442445505817,7.376204742624438
6000.0,82.35144805908203,291.7106035613955,12.820946317138866,-298.50364224947424,291.7106035613955,298.50364224947424,202.2537867121099,11.358504081451464,-305.8798471548814,89.45681684928559,1.4624422356874023,7.376204905407157
6008.0,82.46134948730469,291.71059679779535,12.82095661310779,-298.50361711225855,291.71059679779535,298.50361711225855,202.25377990438716,11.358514411187446,-305.87982209862685,89.45681689340816,1.462442201920342,7.376204986368322
6016.0,82.57125091552734,291.7106106039272,12.820955497029317,-298.5036286853909,291.7106106039272,298.5036286853909,202.25379367284125,11.358513186802213,-305.87983377259025,89.45681693108597,1.4624423102271034,7.3762050871993665
6024.0,82.68115997314453,291.71062222375514,12.820959555201718,-298.50364234007503,291.71062222375514,298.50364234007503,202.2538054302135,11.35851717244464,-305.8798471927987,89.45681679354163,1.4624423827570778,7.3762048527236885
6032.0,82.79106903076172,291.71060310050825,12.82096846845045,-298.5036112767316,291.71060310050825,298.5036112767316,202.25378614985462,11.358525913694224,-305.87981633522327,89.45681695065366,1.4624425547562265,7.376205058491649
6040.0,82.90097045898438,291.71061032625715,12.820965909647411,-298.5036267883657,291.71061032625715,298.5036267883657,202.2537932176911,11.358523562988651,-305.8798317848457,89.45681710856604,1.4624423466587593,7.3762049964799985
6048.0,83.01087188720703,291.71060939093036,12.82096881085894,-298.5036003295475,291.71060939093036,298.5036003295475,202.25379245432399,11.35852643731896,-305.8798054254093,89.45681693660637,1.4624423735399805,7.376205095861785
6056.0,83.12077331542969,291.71061210173093,12.820974815620989,-298.50362683637377,291.71061210173093,298.50362683637377,202.25379516202685,11.358532277021727,-305.879832190268,89.45681693970411,1.4624425385992614,7.376205353894228
6064.0,83.23067474365234,291.71063290747867,12.820980760715607,-298.50364246746,291.71063290747867,298.50364246746,202.2538153780918,11.358538199991411,-305.87984770481376,89.45681752938688,1.4624425607241949,7.3762052373537585
6072.0,83.34058380126953,291.7106154951349,12.820983867795686,-298.5035987390755,291.7106154951349,298.5035987390755,202.25379836626223,11.35854149736397,-305.87980390945177,89.45681712887267,1.4624423704317167,7.3762051703762594
6080.0,83.45048522949219,291.71062054479444,12.820986008192753,-298.50359754343464,291.71062054479444,298.50359754343464,202.25380331917805,11.358543668328302,-305.87980301592887,89.45681722561636,1.4624423398644502,7.376205472494227
6088.0,83.56038665771484,291.71061885997267,12.82099569331131,-298.50357831279416,291.71061885997267,298.50357831279416,202.25380149076955,11.358553231100702,-305.8797833159646,89.45681736920312,1.4624424622106078,7.376205003170433
6096.0,83.67029571533203,291.71061318083997,12.820999200934214,-298.5035662997647,291.71061318083997,298.5035662997647,202.2537959878837,11.358556776243965,-305.8797715514473,89.45681719295627,1.4624424246902494,7.3762052516825705
6104.0,83.78020477294922,291.7106137134143,12.821007544783093,-298.5035750504844,291.7106137134143,298.5035750504844,202.2537964125572,11.3585653100909,-305.8797804158461,89.45681730085713,1.4624422346921935,7.376205365361642
6112.0,83.89010620117188,291.710622120279,12.821006861826543,-298.50358937221824,291.710622120279,298.50358937221824,202.2538045149516,11.358564384319532,-305.87979504377597,89.45681760532739,1.462442477507011,7.3762056715577415
6120.0,84.00000762939453,291.71062476221584,12.821008047725009,-298.50359358324084,291.71062476221584,298.50359358324084,202.25380747166713,11.358565913583181,-305.8797992320352,89.45681729054874,1.4624421341418272,7.376205648794404
6128.0,84.10991668701172,291.7106238645157,12.821016662169011,-298.50356312346696,291.7106238645157,298.50356312346696,202.25380671576696,11.358574518669817,-305.8797688985882,89.45681714874874,1.4624421434991945,7.376205775121285
6136.0,84.21981811523438,291.71062606194516,12.821023106753344,-298.5035668483001,291.71062606194516,298.5035668483001,202.25380857147005,11.358580667207262,-305.87977254776445,89.45681749047515,1.4624424395460824,7.376205699464322
6144.0,84.32971954345703,291.7106295671594,12.821032280152709,-298.50355324683414,291.7106295671594,298.50355324683414,202.25381245101025,11.35858988037625,-305.879758968411,89.45681711614915,1.462442399776458,7.376205721576866
6152.0,84.43962860107422,291.71062892132494,12.82102826766265,-298.5035496681037,291.71062892132494,298.5035496681037,202.25381163305505,11.358585882493172,-305.87975524509636,89.4568172882699,1.4624423851694779,7.376205576992653
6160.0,84.54960632324219,291.71060550439637,12.821030966473979,-298.503522915703,291.71060550439637,298.503522915703,202.25378811433447,11.358588660625681,-305.8797285564325,89.4568173900619,1.4624423058482976,7.376205640729502
6168.0,84.65950775146484,291.71062806022917,12.821040050039912,-298.5035682965629,291.71062806022917,298.5035682965629,202.25381046537024,11.358597687880904,-305.87977398904184,89.45681759485896,1.462442362159008,7.376205692478976
6176.0,84.76941680908203,291.7106234658952,12.821043793201547,-298.50351361599115,291.7106234658952,298.50351361599115,202.2538056745521,11.358601622543125,-305.87971900700904,89.45681779134313,1.4624421706584227,7.3762053910178835
6184.0,84.87931823730469,291.7106384427326,12.821048941999889,-298.50355874689586,291.7106384427326,298.50355874689586,202.25382080021967,11.358606843775192,-305.8797642408066,89.45681764251296,1.462442098224697,7.376205493910717
6192.0,84.98921966552734,291.71063879249823,12.821051776794738,-298.50354258780476,291.71063879249823,298.50354258780476,202.25382079660227,11.358609673902953,-305.87974834530036,89.45681799589596,1.4624421028917851,7.376205757495569
6200.0,85.09912872314453,291.7106283162053,12.821063825256275,-298.5035163511907,291.7106283162053,298.5035163511907,202.25381069744245,11.358621805759029,-305.87972198571157,89.45681761876287,1.4624420194972458,7.3762056345209075
6208.0,85.20903015136719,291.7106270477479,12.821066944588118,-298.5035102538998,291.7106270477479,298.5035102538998,202.25380943358724,11.358624570980608,-305.8797157782419,89.45681761416066,1.4624423736075105,7.376205524342133
6216.0,85.31893157958984,291.710628367899,12.821072124946584,-298.5035221554355,291.710628367899,298.5035221554355,202.25381060752153,11.358629657245686,-305.87972805038817,89.45681776037749,1.4624424677008983,7.376205894952662
6224.0,85.4288330078125,291.7106438321654,12.821069566136213,-298.50349984699506,291.7106438321654,298.50349984699506,202.2538261044865,11.358627632959571,-305.8797057771628,89.4568177276789,1.4624419331766423,7.376205930167757
6232.0,85.53873443603516,291.71064469469366,12.821085061810653,-298.5035151018494,291.71064469469366,298.5035151018494,202.25382704908554,11.358642735985695,-305.87972094962544,89.45681764560811,1.4624423258249575,7.376205847776021
6240.0,85.64864349365234,291.7106471751745,12.821086289298663,-298.5034976145964,291.7106471751745,298.5034976145964,202.25382954047893,11.358644055179203,-305.8797029901916,89.45681763469557,1.4624422341194592,7.376205375595212
6248.0,85.758544921875,291.71063715664667,12.82109890356581,-298.50348203128317,291.71063715664667,298.50348203128317,202.2538189762249,11.358657006049649,-305.87968785668505,89.45681818042178,1.462441897516161,7.376205825401868
6256.0,85.86844635009766,291.7106312311447,12.821101165305963,-298.50347624927304,291.7106312311447,298.50347624927304,202.25381349946284,11.358659155254049,-305.8796822309067,89.45681773168187,1.4624420100519147,7.376205981633689
6264.0,85.97835540771484,291.71064307372194,12.821099585981502,-298.5034701138116,291.71064307372194,298.5034701138116,202.25382514591354,11.358657623457647,-305.87967597170814,89.45681792780843,1.462441962523854,7.376205857896558
6272.0,86.0882568359375,291.71064702137176,12.821113857308006,-298.50346616241325,291.71064702137176,298.50346616241325,202.2538291161363,11.358671639289177,-305.87967186469945,89.45681790523543,1.4624422180188281,7.376205702286228
6280.0,86.19817352294922,291.71064781854017,12.821117958888264,-298.50344587163886,291.71064781854017,298.50344587163886,202.25382983931397,11.358675817909527,-305.8796520187924,89.45681797922622,1.462442140978737,7.37620614715356
6288.0,86.30806732177734,291.7106549655232,12.821119322149272,-298.503466052416,291.7106549655232,298.503466052416,202.25383692432774,11.358677186666874,-305.8796718217478,89.45681804119542,1.4624421354823984,7.37620576933184
6296.0,86.41796875,291.71065786065367,12.821128489330945,-298.50345058124884,291.71065786065367,298.50345058124884,202.25383995413148,11.3586863134839,-305.8796563703816,89.45681790652216,1.4624421758470443,7.376205789132754
6304.0,86.52788543701172,291.7106517651983,12.821133220544986,-298.503451674771,291.7106517651983,298.503451674771,202.2538337506889,11.358690985722742,-305.87965757507567,89.45681801450941,1.4624422348222441,7.376205900304711
6312.0,86.63777923583984,291.7106501811037,12.821144250529631,-298.5034380985168,291.7106501811037,298.5034380985168,202.25383206093383,11.358702142610898,-305.87964393234904,89.45681812016986,1.462442107918732,7.376205833832202
6320.0,86.7476806640625,291.7106668716691,12.821145889549756,-298.5034657974235,291.7106668716691,298.5034657974235,202.2538484882835,11.358703875139978,-305.8796716084259,89.45681838338564,1.462442014409778,7.3762058110024
6328.0,86.85759735107422,291.710662491987,12.821154984249432,-298.5034390834231,291.710662491987,298.5034390834231,202.25384440660142,11.358712769170886,-305.87964502615694,89.45681808538563,1.4624422150785463,7.376205942733854
6336.0,86.96749877929688,291.7106545618268,12.821159725510775,-298.50341987601183,291.7106545618268,298.50341987601183,202.25383643889984,11.358717372128837,-305.87962575046066,89.45681812292693,1.462442353381939,7.3762058744488215
6344.0,87.07740020751953,291.7106541131286,12.821168786852063,-298.5034181418067,291.7106541131286,298.5034181418067,202.25383596347862,11.358726694857733,-305.8796242292753,89.45681814964999,1.4624420919943306,7.376206087468546
6352.0,87.18730926513672,291.710661957809,12.821176121188273,-298.5034097949318,291.710661957809,298.5034097949318,202.2538436812572,11.358733891489702,-305.87961569041795,89.45681827655183,1.4624422296985715,7.376205895486123
6360.0,87.29721069335938,291.7106662523831,12.821181780579174,-298.50340180954345,291.7106662523831,298.50340180954345,202.2538480363529,11.358739735696648,-305.8796077472357,89.45681821603017,1.4624420448825264,7.376205937692248
6368.0,87.40711212158203,291.71065317476996,12.821185647172246,-298.5033856939696,291.71065317476996,298.5033856939696,202.25383484397597,11.358743643194325,-305.8795919187948,89.45681833079396,1.4624420039779205,7.3762062248251965
6376.0,87.51702117919922,291.71066787390936,12.821194572463828,-298.50339693796076,291.71066787390936,298.50339693796076,202.2538498569311,11.358752394442893,-305.8796031850157,89.45681801697825,1.4624421780209351,7.376206247054924
6384.0,87.62692260742188,291.7106701832239,12.821199764288336,-298.50340771139645,291.7106701832239,298.50340771139645,202.25385188735066,11.358757664219562,-305.87961409278375,89.4568182958732,1.462442100068774,7.376206381387313
6392.0,87.73682403564453,291.71065059698196,12.82120377720462,-298.5033434055249,291.71065059698196,298.5033434055249,202.25383268316568,11.3587619402694,-305.8795498521778,89.45681791381628,1.4624418369352208,7.376206446652844
6400.0,87.84673309326172,291.71066341225605,12.821211155943967,-298.50336660102215,291.71066341225605,298.50336660102215,202.2538452662286,11.358769392382486,-305.87957260340073,89.45681814602742,1.4624417635614813,7.376206002378588
6408.0,87.95663452148438,291.7106777306618,12.821224085189364,-298.50337506843533,291.7106777306618,298.50337506843533,202.2538596409888,11.358782121744909,-305.8795813028016,89.45681808967304,1.462441963444455,7.3762062343663075
6416.0,88.06661987304688,291.7106640721391,12.821230919397422,-298.50333698491505,291.7106640721391,298.50333698491505,202.25384597150588,11.358789051494156,-305.8795432585991,89.4568181006332,1.4624418679032658,7.376206273684026
6424.0,88.17652130126953,291.710676719479,12.821235112036353,-298.5033623167544,291.710676719479,298.5033623167544,202.25385860084114,11.35879316690125,-305.87956821227203,89.45681811863784,1.4624419451351027,7.376205895517593
6432.0,88.28643035888672,291.71068119510943,12.82123787333832,-298.5033414345438,291.71068119510943,298.5033414345438,202.2538629855169,11.358796083256333,-305.87954747968064,89.45681820959253,1.4624417900819875,7.376206045136797
6440.0,88.39633178710938,291.71067204708504,12.821242069512184,-298.50332961750837,291.71067204708504,298.50332961750837,202.2538539007869,11.358800001961527,-305.8795355370485,89.45681814629813,1.4624420675506573,7.376205919540176
6448.0,88.50623321533203,291.7106855382278,12.821254547775464,-298.50332020572813,291.7106855382278,298.50332020572813,202.25386751367463,11.358812541444212,-305.8795262119771,89.45681802455314,1.4624420063312513,7.376206006249014
6456.0,88.61614227294922,291.7106804275244,12.821270242127285,-298.5033306897031,291.7106804275244,298.5033306897031,202.25386239112362,11.358828359701054,-305.8795366025274,89.45681803640079,1.4624418824262322,7.376205912824318
6464.0,88.72604370117188,291.7106663051833,12.821266449440067,-298.5032854741877,291.7106663051833,298.5032854741877,202.25384804631568,11.358824881592437,-305.8794914952619,89.45681825886763,1.4624415678476312,7.3762060210742035
6472.0,88.83594512939453,291.71069423497585,12.821275386424265,-298.50332003077483,291.71069423497585,298.50332003077483,202.25387600082414,11.35883356135389,-305.8795261177683,89.4568182341517,1.4624418250703743,7.37620608699347
6480.0,88.94585418701172,291.71068772775516,12.821286789538405,-298.5032970061399,291.71068772775516,298.5032970061399,202.25386961131485,11.358844963622815,-305.8795031970138,89.45681811644033,1.4624418259155911,7.376206190873837
6488.0,89.05575561523438,291.7106764632051,12.82128904832258,-298.5032700009827,291.7106764632051,298.5032700009827,202.25385815335574,11.358847258608124,-305.8794763694877,89.45681830984935,1.4624417897144553,7.376206368504974
6496.0,89.16565704345703,291.7106860265775,12.82130599009713,-298.50328245958224,291.7106860265775,298.50328245958224,202.2538677842169,11.358864056829455,-305.8794884958978,89.45681824236055,1.4624419332676757,7.376206036315551
6504.0,89.27556610107422,291.71067793270663,12.821309453027226,-298.5032512126444,291.71067793270663,298.5032512126444,202.2538596809079,11.358867411350168,-305.8794576105915,89.45681825179875,1.462442041677058,7.3762063979470796
6512.0,89.38546752929688,291.71068253512516,12.821322076637014,-298.5032335697429,291.71068253512516,298.5032335697429,202.25386394494055,11.358879978596995,-305.87943977308015,89.45681859018462,1.4624420980400172,7.376206203337226
6520.0,89.49536895751953,291.71069241650537,12.821321163816762,-298.50323831591686,291.71069241650537,298.50323831591686,202.25387365002928,11.358879182579821,-305.8794446705266,89.45681876647612,1.4624419812369407,7.3762063546097565
6528.0,89.60527801513672,291.71070117582997,12.8213296296387,-298.5032574052762,291.71070117582997,298.5032574052762,202.2538823587445,11.358887626363735,-305.8794638258608,89.45681881708548,1.4624420032749654,7.37620642058458
6536.0,89.71517944335938,291.7106947555487,12.821340593011485,-298.50324807911454,291.7106947555487,298.50324807911454,202.25387571271375,11.358898825123367,-305.87945433706903,89.45681904283492,1.4624417678881172,7.376206257954465
6544.0,89.82508087158203,291.71068918777934,12.821346206303009,-298.50321178397354,291.71068918777934,298.50321178397354,202.25387030155485,11.35890432922934,-305.8794179382573,89.45681888622447,1.4624418770736698,7.376206154283729
6552.0,89.93498992919922,291.71069417738835,12.821357300663774,-298.50322107027944,291.71069417738835,298.50322107027944,202.2538751182085,11.35891535200079,-305.8794270989606,89.45681905917985,1.4624419486629825,7.3762060286811675
6560.0,90.04489135742188,291.7106999397008,12.8213652522882,-298.50319622747094,291.7106999397008,298.50319622747094,202.25388119280305,11.35892336082742,-305.8794026670929,89.45681874689778,1.4624418914607795,7.376206439621946
6568.0,90.15479278564453,291.7107015382134,12.821371289238513,-298.5032068809219,291.7107015382134,298.5032068809219,202.25388268006176,11.358929393102558,-305.8794133785649,89.45681885815164,1.462441896135954,7.376206497643018
6576.0,90.26470184326172,291.7106855723314,12.821375186026694,-298.503169839098,291.7106855723314,298.503169839098,202.25386654493886,11.358933184405101,-305.8793762450592,89.45681902739254,1.4624420016215933,7.376206405961177
6584.0,90.37460327148438,291.71070639274444,12.821382034273912,-298.5031899318557,291.71070639274444,298.5031899318557,202.2538875266523,11.358940443077378,-305.8793964086168,89.45681886609212,1.4624415911965336,7.376206476761112
6592.0,90.48450469970703,291.7107007406663,12.821390591500299,-298.50317666916953,291.7107007406663,298.50317666916953,202.2538816316534,11.35894889066518,-305.87938291665654,89.45681910901294,1.4624417008351185,7.376206247487012
6600.0,90.59441375732422,291.71071007788294,12.82139958541221,-298.50317368493586,291.71071007788294,298.50317368493586,202.25389088398072,11.358957480285405,-305.87938025724486,89.45681919390223,1.4624421051268062,7.376206572308988
6608.0,90.70431518554688,291.7107012512228,12.821411462487664,-298.50314830574456,291.7107012512228,298.50314830574456,202.253881949949,11.358969356750077,-305.8793547219989,89.45681930127381,1.462442105737586,7.3762064162543055
6616.0,90.81421661376953,291.7107101757011,12.821426428555739,-298.50315424154905,291.7107101757011,298.50315424154905,202.25389101353036,11.358984486168168,-305.87936078540565,89.45681916217073,1.4624419423875707,7.376206543856583
6624.0,90.92412567138672,291.71072405427867,12.821430785102809,-298.503183752032,291.71072405427867,298.503183752032,202.25390483425107,11.358989132489011,-305.8793903285361,89.45681922002763,1.4624416526137978,7.376206576504096
6632.0,91.03402709960938,291.7107111006794,12.821438435620575,-298.50314072516505,291.7107111006794,298.50314072516505,202.2538919833002,11.358996679113758,-305.87934735724207,89.45681911737918,1.4624417565068168,7.376206632077
6640.0,91.14392852783203,291.71071928537935,12.821450177036015,-298.5031485853272,291.71071928537935,298.5031485853272,202.25389993028347,11.359008419525393,-305.8793550393638,89.45681935509586,1.4624417575106214,7.376206454036598
6648.0,91.25383758544922,291.7107214341375,12.821457705558888,-298.5031420227442,291.7107214341375,298.5031420227442,202.25390204459688,11.359015608087997,-305.8793483180904,89.4568193895406,1.4624420974708903,7.376206295346201
6656.0,91.36373901367188,291.71072669062727,12.821459109782348,-298.50312690701867,291.71072669062727,298.50312690701867,202.25390746845636,11.359017218282784,-305.8793333697529,89.4568192221709,1.462441891499564,7.37620646273421
6664.0,91.47364044189453,291.71071306727106,12.82147270808607,-298.5030867340861,291.71071306727106,298.5030867340861,202.25389385398267,11.35903072170904,-305.8792933833293,89.45681921328836,1.4624419863770308,7.376206649243223
6672.0,91.58362579345703,291.7106632319951,12.821472830003785,-298.50309389176545,291.7106632319951,298.50309389176545,202.2538454014986,11.359030898711342,-305.87930005252025,89.45681783049653,1.4624419312924428,7.376206160754798
6680.0,91.69353485107422,291.71061295023577,12.8214593382374,-298.50305636279484,291.71061295023577,298.50305636279484,202.2537987754278,11.359017634504811,-305.87926155157106,89.45681417480796,1.4624417037325892,7.376205188776225
6688.0,91.80343627929688,291.71059461556627,12.821452895852392,-298.5030712947463,291.71059461556627,298.5030712947463,202.25378388527633,11.359011105530497,-305.87927571516747,89.4568107302899,1.4624417903218947,7.376204420421182
6696.0,91.91333770751953,291.71060214229794,12.821437503557098,-298.50309210640114,291.71060214229794,298.50309210640114,202.25379434230223,11.358995662187258,-305.8792960481518,89.45680779999574,1.4624418413698401,7.37620394175066
6704.0,92.02324676513672,291.7106120048986,12.821435977342286,-298.5031005903591,291.7106120048986,298.5031005903591,202.25380574131492,11.358994234489543,-305.87930404738364,89.45680626358367,1.4624417428527434,7.376203457024523
6712.0,92.13314819335938,291.7106049583432,12.821436830670951,-298.50309276167513,291.7106049583432,298.50309276167513,202.2537992413653,11.358995467437687,-305.8792959559646,89.4568057169779,1.4624413632332636,7.376203194289452
6720.0,92.24304962158203,291.7106069071313,12.821430629556195,-298.50311021430497,291.7106069071313,298.50311021430497,202.25380164153523,11.358988997598662,-305.87931351492387,89.45680526559609,1.462441631957534,7.376203300618911
6728.0,92.35295867919922,291.7106086376293,12.821429682687018,-298.5030909083469,291.7106086376293,298.5030909083469,202.2538034049315,11.358987910907736,-305.879294483571,89.45680523269786,1.4624417717792833,7.3762035752241175
6736.0,92.46286010742188,291.710628968926,12.821420069542995,-298.5031126380625,291.710628968926,298.5031126380625,202.25382360689963,11.358978312838676,-305.8793158873575,89.45680536202642,1.4624417567043193,7.376203249295038
6744.0,92.57276153564453,291.71062179419044,12.821428303345591,-298.50311103676563,291.71062179419044,298.50311103676563,202.253816401108,11.35898675652912,-305.8793145314075,89.45680539308245,1.4624415468164718,7.376203494641835
6752.0,92.68267059326172,291.7106410080484,12.821422036937712,-298.5031416802674,291.7106410080484,298.5031416802674,202.2538356915501,11.358980393883462,-305.87934487563723,89.45680531649832,1.46244164305425,7.376203195369868
6760.0,92.79257202148438,291.7106484751262,12.821419603819752,-298.5031472559178,291.7106484751262,298.5031472559178,202.25384255541184,11.358977962596352,-305.8793504316435,89.45680591971438,1.462441641223399,7.376203175725742
6768.0,92.90247344970703,291.71064700327474,12.821417211656513,-298.50312294091276,291.71064700327474,298.50312294091276,202.2538407683619,11.358975313112566,-305.87932647605606,89.45680623491282,1.462441898543946,7.376203535143283
6776.0,93.01238250732422,291.710641270172,12.821421644707058,-298.50314129804764,291.710641270172,298.50314129804764,202.25383471163317,11.358980072611281,-305.8793448564682,89.45680655853886,1.462441572095778,7.3762035584205705
6784.0,93.12228393554688,291.7106509612137,12.821417692279592,-298.5031178592084,291.7106509612137,298.5031178592084,202.2538437327787,11.358976035438886,-305.87932150873877,89.456807228435,1.4624416568407064,7.376203649530417
6792.0,93.23218536376953,291.71064525202115,12.821415608183823,-298.5031222468773,291.71064525202115,298.5031222468773,202.2538378617591,11.358973838355178,-305.87932620276956,89.45680739026204,1.4624417698286454,7.376203955892272
6800.0,93.34209442138672,291.7106611730628,12.821403491789848,-298.5031333367945,291.7106611730628,298.5031333367945,202.25385318155526,11.358962042133534,-305.87933737487714,89.45680799150759,1.4624414496563145,7.376204038082598
6808.0,93.45199584960938,291.71066058844247,12.821404865575524,-298.5031510481274,291.71066058844247,298.5031510481274,202.2538522536106,11.358963371739199,-305.87935528589844,89.45680833483183,1.462441493836324,7.376204237771049
6816.0,93.56189727783203,291.71064914396436,12.821402199064172,-298.50310579617593,291.71064914396436,298.50310579617593,202.25384007156893,11.3589608047625,-305.87930979464363,89.45680907239546,1.4624413943016719,7.3762039984676875
6824.0,93.67180633544922,291.7106586561679,12.82140246699096,-298.5031420602235,291.7106586561679,298.5031420602235,202.25384889981856,11.358960812351274,-305.8793460557712,89.45680975634929,1.4624416546396857,7.376203995547641
6832.0,93.78170776367188,291.7106654571387,12.82140292872417,-298.50317602099614,291.7106654571387,298.50317602099614,202.2538558812032,11.358961528050205,-305.87938008400226,89.45680957593547,1.4624414006739657,7.376204063006149
6840.0,93.89160919189453,291.71065994346077,12.821397558527035,-298.5031402853554,291.71065994346077,298.5031402853554,202.25384992113206,11.35895613918532,-305.8793444937396,89.45681002232871,1.4624414193417143,7.376204208384195
6848.0,94.00151824951172,291.71065867316946,12.82139875008826,-298.50313334319617,291.71065867316946,298.50313334319617,202.25384839674146,11.358957197594963,-305.879337582394,89.45681027642799,1.4624415524932965,7.37620423919784
6856.0,94.11141967773438,291.71066566522643,12.821398144778613,-298.5031637618902,291.71066566522643,298.5031637618902,202.25385539151887,11.358956697514277,-305.8793682638851,89.45681027370756,1.4624414472643354,7.376204501994877
6864.0,94.22132110595703,291.71066239621734,12.821396545767545,-298.503149195499,291.71066239621734,298.503149195499,202.25385192068336,11.358955071745374,-305.8793536594863,89.456810475534,1.4624414740221718,7.376204463987257
6872.0,94.33123016357422,291.710654999241,12.821395108521948,-298.5031403748644,291.710654999241,298.5031403748644,202.2538447844105,11.35895367814577,-305.8793450287928,89.45681021483053,1.4624414303761784,7.376204653928376
6880.0,94.44113159179688,291.71066222843524,12.82138978138174,-298.50315202669395,291.71066222843524,298.50315202669395,202.25385151040678,11.358948406504771,-305.879356474225,89.45681071802849,1.4624413748769696,7.376204447531045
6888.0,94.55103302001953,291.71064997955614,12.821393267274082,-298.5031330644972,291.71064997955614,298.5031330644972,202.25383918930427,11.358951633055387,-305.8793374463967,89.45681079025184,1.4624416342186959,7.376204381899477
6896.0,94.66094207763672,291.7106610628383,12.821384667230372,-298.5031753452899,291.7106610628383,298.5031753452899,202.25384997962414,11.358943361556074,-305.87937992993517,89.45681108321416,1.4624413056742984,7.3762045846452935
6904.0,94.77084350585938,291.710663955915,12.821389750857222,-298.50317369514266,291.710663955915,298.50317369514266,202.25385275226512,11.358948209292578,-305.8793781032607,89.45681120364986,1.4624415415646443,7.37620440811807
6912.0,94.88074493408203,291.7106597263337,12.821378377712144,-298.50315862914454,291.7106597263337,298.50315862914454,202.25384861313546,11.358936842853929,-305.8793635148103,89.45681111319823,1.4624415348582152,7.376204885665757
6920.0,94.99065399169922,291.7106599541858,12.821386977293276,-298.50315481968414,291.7106599541858,298.50315481968414,202.25384856615776,11.358945357703725,-305.87935939511533,89.45681138802806,1.4624416195895518,7.376204575431167
6928.0,95.10063934326172,291.7106492430818,12.821392243037971,-298.5031388666153,291.7106492430818,298.5031388666153,202.25383770212449,11.358950663035742,-305.87934369776747,89.4568115409573,1.46244158000223,7.376204831152151
6936.0,95.21054077148438,291.7106555219555,12.82137863282194,-298.5031498414894,291.7106555219555,298.5031498414894,202.25384404234094,11.358937241485663,-305.8793545728287,89.45681147961457,1.4624413913362768,7.376204731339286
6944.0,95.32044219970703,291.7106720746037,12.821378768684548,-298.50315787718296,291.7106720746037,298.50315787718296,202.2538605853514,11.35893729140759,-305.87936258753257,89.45681148925227,1.4624414772769572,7.37620471034959
6952.0,95.43035125732422,291.71065933437274,12.82137884770484,-298.50316170326215,291.71065933437274,298.50316170326215,202.2538478124469,11.358937531214108,-305.87936665716796,89.45681152192586,1.4624413164907324,7.376204953905834
6960.0,95.54025268554688,291.71064401547653,12.821382329014934,-298.50314463525183,291.71064401547653,298.50314463525183,202.25383236742033,11.35894114827291,-305.8793494670433,89.4568116480562,1.4624411807420237,7.376204831791462
6968.0,95.65015411376953,291.7106507650449,12.821376403304345,-298.5031487743749,291.7106507650449,298.5031487743749,202.25383911558797,11.358934819572452,-305.8793538602223,89.45681164945692,1.4624415837318927,7.376205085847381
6976.0,95.76006317138672,291.71065425922393,12.821372804624009,-298.5031319009029,291.71065425922393,298.5031319009029,202.25384265450157,11.358931368727536,-305.8793367527429,89.45681160472236,1.4624414358964724,7.376204851840022
6984.0,95.86996459960938,291.7106691218827,12.821381132496606,-298.5031818934965,291.7106691218827,298.5031818934965,202.25385718847005,11.358939859744963,-305.8793869569929,89.45681193341267,1.462441272751644,7.376205063496407
6992.0,95.97986602783203,291.71067000670166,12.821364092649771,-298.50319514600665,291.71067000670166,298.50319514600665,202.2538583352224,11.358922781071806,-305.87940009406805,89.4568116714793,1.4624413115779649,7.376204948061378
7000.0,96.08977508544922,291.71065280285325,12.82136955140943,-298.50316880073586,291.71065280285325,298.50316880073586,202.2538408724485,11.358928136888515,-305.8793738079663,89.45681193040477,1.462441414520915,7.376205007230432
7008.0,96.19967651367188,291.71065368564103,12.821370496546894,-298.50315849823056,291.71065368564103,298.50315849823056,202.25384183165448,11.358928929566382,-305.8793636785492,89.45681185398657,1.4624415669805115,7.376205180318642
7016.0,96.30957794189453,291.7106506472452,12.82136811928845,-298.50315957846743,291.7106506472452,298.50315957846743,202.2538384197178,11.35892679276786,-305.8793644681149,89.45681222752737,1.4624413265205893,7.376204889647454
7024.0,96.41948699951172,291.7106448123933,12.821366495247863,-298.5031383313504,291.7106448123933,298.5031383313504,202.25383277887894,11.358924904773186,-305.8793435860615,89.45681203351435,1.4624415904746768,7.376205254711145
7032.0,96.52938842773438,291.71065754506606,12.821368144531418,-298.5031850800578,291.71065754506606,298.5031850800578,202.25384539777892,11.358926605994487,-305.8793900112812,89.45681214728714,1.4624415385369307,7.376204931223427
7040.0,96.63928985595703,291.71064810209214,12.821366268560144,-298.5031523292681,291.71064810209214,298.5031523292681,202.2538358253256,11.35892467764702,-305.87935761457885,89.45681227676656,1.4624415909131248,7.376205285310732
7048.0,96.74919891357422,291.71064042034266,12.821358264194213,-298.503140743837,291.71064042034266,298.503140743837,202.2538282170645,11.358916889794582,-305.8793456613953,89.45681220327815,1.462441374399631,7.376204917558304
7056.0,96.85910034179688,291.7106515013753,12.821355830993447,-298.5031615402547,291.7106515013753,298.5031615402547,202.2538393434869,11.358914435601905,-305.8793665941724,89.45681215788841,1.462441395391541,7.376205053917666
7064.0,96.96900177001953,291.7106567100847,12.821365481177212,-298.50315271473863,291.7106567100847,298.50315271473863,202.2538444968124,11.358924023353838,-305.8793579385881,89.45681221327231,1.4624414578233735,7.376205223849489
7072.0,97.07891082763672,291.7106613219465,12.821360675521689,-298.50317709471125,291.7106613219465,298.50317709471125,202.25384903127843,11.358919242244324,-305.879382186112,89.45681229066804,1.4624414332773652,7.3762050914007915
7080.0,97.18881225585938,291.7106560237758,12.821362688356901,-298.50317557178136,291.7106560237758,298.50317557178136,202.2538436236544,11.358921299075769,-305.87938078666593,89.45681240012142,1.4624413892811323,7.376205214884578
7088.0,97.29871368408203,291.71065350181703,12.821364401003219,-298.5031825089049,291.71065350181703,298.5031825089049,202.25384105678182,11.358923054999977,-305.8793879924321,89.45681244503521,1.4624413460032422,7.376205483527194
7096.0,97.40862274169922,291.7106567902622,12.821362804209068,-298.50317434755357,291.7106567902622,298.50317434755357,202.2538442704891,11.358921310768357,-305.8793796143638,89.45681251977311,1.462441493440711,7.376205266810267
7104.0,97.51852416992188,291.71066537452145,12.82136163311069,-298.5031860392791,291.71066537452145,298.5031860392791,202.2538525853397,11.358920011239825,-305.87939149175236,89.45681278918177,1.4624416218708665,7.3762054524732505
7112.0,97.62842559814453,291.7106536372964,12.821353210327908,-298.5031789741371,291.7106536372964,298.5031789741371,202.25384084997015,11.358911800139257,-305.8793844304473,89.45681278732626,1.4624414101886511,7.3762054563102595
7120.0,97.73833465576172,291.7106568943353,12.821362169462452,-298.5031660901427,291.7106568943353,298.5031660901427,202.25384388668675,11.358920797318646,-305.87937134792566,89.4568130076485,1.4624413721438052,7.376205257782956
7128.0,97.84823608398438,291.71065831003426,12.821359091866277,-298.50316422014834,291.71065831003426,298.50316422014834,202.25384536615212,11.358917785907039,-305.87936964981105,89.45681294388216,1.4624413059592385,7.3762054296627255
7136.0,97.95813751220703,291.7106637757623,12.821357301068538,-298.50316856445016,291.7106637757623,298.50316856445016,202.25385035679676,11.358915798073681,-305.87937419501526,89.4568134189656,1.462441502994857,7.376205630565089
7144.0,98.06804656982422,291.7106618148843,12.821353512242903,-298.50319358612956,291.7106618148843,298.50319358612956,202.2538487475894,11.358912245851815,-305.87939927669487,89.45681306729493,1.4624412663910866,7.376205690565328
7152.0,98.17794799804688,291.71065475857955,12.821358779577562,-298.50317568244293,291.71065475857955,298.50317568244293,202.25384172194484,11.358917359732443,-305.8793814556212,89.4568130366347,1.4624414198451179,7.3762057731782775
7160.0,98.28784942626953,291.71066079197,12.821352925983478,-298.5031878779455,291.71066079197,298.5031878779455,202.25384775751172,11.35891150064943,-305.8793934341822,89.45681303445825,1.4624414253340472,7.376205556236691
7168.0,98.39775848388672,291.7106580084557,12.821353499690762,-298.50316859389034,291.7106580084557,298.50316859389034,202.25384507021644,11.358911932933157,-305.87937423741346,89.45681293823927,1.4624415667576045,7.3762056435231145
7176.0,98.50765991210938,291.71067480272944,12.821360009539486,-298.5032013388842,291.71067480272944,298.5032013388842,202.25386149917324,11.35891837438399,-305.8794069628837,89.45681330355622,1.4624416351554963,7.376205623999503
7184.0,98.61763763427734,291.7106559039371,12.821349748913168,-298.50318660941224,291.7106559039371,298.50318660941224,202.25384259758582,11.358908185392517,-305.87939231016975,89.45681330635125,1.4624415635206502,7.376205700757531
7192.0,98.7275390625,291.7106650386935,12.82136493052636,-298.503181196186,291.7106650386935,298.503181196186,202.25385157080242,11.358923523279037,-305.8793869058149,89.45681346789104,1.4624414072473244,7.376205709628884
7200.0,98.83744049072266,291.710655267808,12.821353293817856,-298.50315862597927,291.710655267808,298.50315862597927,202.25384173170883,11.358911964835588,-305.87936433572634,89.45681353609919,1.4624413289822669,7.3762057097470475
7208.0,98.94734954833984,291.710675100294,12.821358090953899,-298.50318436662366,291.710675100294,298.50318436662366,202.25386163735988,11.358916894769434,-305.87938977351627,89.45681346293415,1.4624411961844643,7.376205406892602
7216.0,99.0572509765625,291.7106593763339,12.82136410217462,-298.5031747990246,291.7106593763339,298.5031747990246,202.25384579067338,11.358922650814398,-305.8793803915316,89.45681358566053,1.4624414513602217,7.376205592506977
7224.0,99.16715240478516,291.7106622977676,12.821355683970582,-298.5031817038498,291.7106622977676,298.5031817038498,202.2538485462199,11.358914280014016,-305.8793875316196,89.45681375154771,1.4624414039565656,7.376205827769837
7232.0,99.27706146240234,291.7106640275779,12.821355467401851,-298.5031685849332,291.7106640275779,298.5031685849332,202.25385016280683,11.358914167191665,-305.87937430171246,89.45681386477105,1.4624413002101853,7.3762057167792605
7240.0,99.386962890625,291.7106651893355,12.82135717304091,-298.5031902178135,291.7106651893355,298.5031902178135,202.2538512182244,11.358915715275971,-305.8793959982593,89.45681397111107,1.4624414577649394,7.376205780445844
7248.0,99.49686431884766,291.7106646722493,12.821367990583965,-298.5031867760595,291.7106646722493,298.5031867760595,202.25385046817624,11.358926823680543,-305.8793926310911,89.45681420407305,1.4624411669034236,7.376205855031564
7256.0,99.60677337646484,291.7106681811396,12.821360616823462,-298.5031827475377,291.7106681811396,298.5031827475377,202.2538538555458,11.358919199246216,-305.87938867468085,89.45681432559384,1.4624414175772458,7.376205927143111
7264.0,99.7166748046875,291.7106561245041,12.821352958502871,-298.5031641882434,291.7106561245041,298.5031641882434,202.25384201795575,11.358911377315053,-305.8793699055126,89.45681410654836,1.462441581187817,7.376205717269222
7272.0,99.82657623291016,291.710667509554,12.821359654255943,-298.5031840904985,291.710667509554,298.5031840904985,202.25385353908547,11.358918327158133,-305.87938998714174,89.45681397046852,1.4624413270978112,7.376205896643242
7280.0,99.93648529052734,291.7106602664294,12.821365286991114,-298.5031608296847,291.7106602664294,298.5031608296847,202.2538459977094,11.358924002423997,-305.87936654049525,89.45681426872002,1.4624412845671162,7.376205710810552
7288.0,100.04638671875,291.7106696331474,12.821360671046879,-298.50315614328514,291.7106696331474,298.50315614328514,202.25385559209275,11.358919267489199,-305.8793622094335,89.45681404105463,1.4624414035576807,7.376206066148384
7296.0,100.15628814697266,291.7106709888044,12.82136306682323,-298.50318590798736,291.7106709888044,298.50318590798736,202.25385702852697,11.358921795740972,-305.87939183994274,89.4568139602774,1.4624412710822572,7.376205931955376
7304.0,100.26619720458984,291.7106577559084,12.821362671127057,-298.5031644871903,291.7106577559084,298.5031644871903,202.2538438722064,11.358921618861372,-305.87937042135565,89.45681388370201,1.4624410522656857,7.3762059341653625
7312.0,100.3760986328125,291.71067332076075,12.821363014292947,-298.5031780829098,291.71067332076075,298.5031780829098,202.25385945026125,11.358922015743971,-305.87938416960685,89.4568138704995,1.462440998548976,7.376206086697046
7320.0,100.48600006103516,291.71066315195935,12.821368820894794,-298.503166198097,291.71066315195935,298.503166198097,202.253848922656,11.358927595388513,-305.8793721281236,89.45681422930338,1.4624412255062804,7.376205930026572
7328.0,100.59590911865234,291.7106784926107,12.82136054422108,-298.50319044648796,291.7106784926107,298.50319044648796,202.2538640377529,11.358919341194962,-305.8793964911483,89.45681445485783,1.462441203026117,7.376206044660357
7336.0,100.705810546875,291.71066669959487,12.821365189804155,-298.5031500737484,291.71066669959487,298.5031500737484,202.2538521945978,11.358923886601582,-305.8793560262877,89.45681450499703,1.4624413032025725,7.376205952539358
7344.0,100.81571197509766,291.71067878533853,12.821362807389567,-298.5031888165543,291.71067878533853,298.5031888165543,202.253864318284,11.35892157650505,-305.8793950824054,89.45681446705451,1.4624412308845165,7.376206265851081
7352.0,100.92562103271484,291.71068825082364,12.821371488879109,-298.5031982553123,291.71068825082364,298.5031982553123,202.25387369930763,11.358930213864536,-305.87940445595024,89.45681455151598,1.462441275014573,7.3762062006379026
7360.0,101.0355224609375,291.7106644101232,12.821366287287262,-298.5031732160911,291.7106644101232,298.5031732160911,202.25384937107714,11.358924981041534,-305.87937920875834,89.45681503904603,1.4624413062457275,7.376205992667238
7368.0,101.14542388916016,291.71066205537795,12.821365145692988,-298.5031599427398,291.71066205537795,298.5031599427398,202.25384716679946,11.358923671904702,-305.87936610226825,89.45681488857852,1.462441473788287,7.376206159528451
7376.0,101.25533294677734,291.71067428390364,12.821371422622056,-298.50317524515935,291.71067428390364,298.50317524515935,202.25385925370495,11.358930001587222,-305.87938136691923,89.45681503019871,1.4624414210348338,7.376206121759893
7384.0,101.365234375,291.71068212464655,12.821369900374753,-298.5031710666542,291.71068212464655,298.5031710666542,202.2538673008572,11.358928613123744,-305.8793772878489,89.45681482378934,1.4624412872510084,7.376206221194678
7392.0,101.47513580322266,291.71068086098137,12.821376905595447,-298.50316565480233,291.71068086098137,298.50316565480233,202.25386601443213,11.358935502650276,-305.8793718182787,89.45681484654924,1.4624414029451716,7.37620616347634
7400.0,101.58504486083984,291.7106756819412,12.82138204781823,-298.50316644088593,291.7106756819412,298.50316644088593,202.25386087257027,11.358940676445838,-305.87937264047997,89.45681480937097,1.4624413713723903,7.376206199594044
7408.0,101.6949462890625,291.7106831396726,12.82137398650336,-298.5031831708924,291.7106831396726,298.5031831708924,202.25386789008883,11.358932610919982,-305.8793892301709,89.45681524958377,1.4624413755833774,7.37620605927853
7416.0,101.80484771728516,291.7106781773115,12.821369715988137,-298.5031825121223,291.7106781773115,298.5031825121223,202.25386288413404,11.358928372074846,-305.8793888636294,89.45681529317747,1.4624413439132908,7.3762063515070935
7424.0,101.91475677490234,291.71067707092527,12.821383348647673,-298.5031627502337,291.71067707092527,298.5031627502337,202.25386153253737,11.358941889037997,-305.8793688488543,89.45681553838787,1.4624414596096766,7.376206098620614
7432.0,102.024658203125,291.7106747986586,12.821379358411498,-298.5031611690059,291.7106747986586,298.5031611690059,202.25385917253357,11.358938050077462,-305.87936745247464,89.456815626125,1.4624413083340353,7.376206283468726
7440.0,102.1346435546875,291.71067709912893,12.821381286263817,-298.5031484071426,291.71067709912893,298.5031484071426,202.25386181128485,11.358939856339463,-305.879354646994,89.45681528784408,1.462441429924354,7.376206239851413
7448.0,102.24454498291016,291.71067336300166,12.821384045041468,-298.5031235052691,291.71067336300166,298.5031235052691,202.25385773340167,11.35894275174296,-305.8793294927775,89.45681562959999,1.4624412932985078,7.376205987508413
7456.0,102.35445404052734,291.71068807703796,12.821394518518003,-298.5031699360879,291.71068807703796,298.5031699360879,202.25387268239447,11.358953298004774,-305.8793759569873,89.45681539464348,1.4624412205132287,7.37620602089941
7464.0,102.46435546875,291.7106885819685,12.821386934497182,-298.50315439219895,291.7106885819685,298.50315439219895,202.253872799705,11.358945728383235,-305.87936046674633,89.4568157822635,1.4624412061139478,7.376206074547369
7472.0,102.57425689697266,291.71068529998223,12.821389506365158,-298.5031620331188,291.71068529998223,298.5031620331188,202.2538697532438,11.358948332972512,-305.8793683783671,89.45681554673841,1.4624411733926461,7.376206345248264
7480.0,102.68416595458984,291.710677954724,12.821389792643558,-298.5031346019681,291.710677954724,298.5031346019681,202.2538623364842,11.358948597615516,-305.8793409014816,89.4568156182398,1.4624411950280423,7.376206299513527
7488.0,102.7940673828125,291.71068795858884,12.82139269817727,-298.50316467983,291.71068795858884,298.50316467983,202.25387242955622,11.358951406389316,-305.8793710572085,89.45681552903262,1.4624412917879535,7.376206377378558
7496.0,102.90396881103516,291.71068488911175,12.821392212036537,-298.50315256930327,291.71068488911175,298.50315256930327,202.25386921505316,11.358951063785224,-305.87935883673293,89.45681567405859,1.462441148251314,7.376206267429659
7504.0,103.01387786865234,291.710680585885,12.821394700632492,-298.5031431360226,291.710680585885,298.5031431360226,202.25386482224957,11.358953522322457,-305.87934927527283,89.4568157636354,1.4624411783100357,7.376206139250236
7512.0,103.123779296875,291.71067605113865,12.821398959827397,-298.5031426537013,291.71067605113865,298.5031426537013,202.25386051440992,11.358957761389178,-305.8793489435245,89.45681553672871,1.4624411984382193,7.376206289823273
7520.0,103.23368072509766,291.7106971470816,12.82139893951101,-298.5031791487256,291.7106971470816,298.5031791487256,202.25388146353941,11.358957887280065,-305.87938508691485,89.45681568354217,1.462441052230945,7.376205938189244
7528.0,103.34358978271484,291.71067339663284,12.821394283538993,-298.5031314448853,291.71067339663284,298.5031314448853,202.25385755545017,11.358953111301975,-305.8793375901584,89.45681584118266,1.4624411722370185,7.376206145273095
7536.0,103.4534912109375,291.71068322586984,12.821399072853268,-298.50313431268034,291.71068322586984,298.50313431268034,202.25386761492948,11.358957828552363,-305.87934093748123,89.4568156109404,1.4624412443009045,7.376206624800872
7544.0,103.56339263916016,291.71068566486775,12.821405526796704,-298.5031529491552,291.71068566486775,298.5031529491552,202.25387002502833,11.358964261191364,-305.87935953112395,89.45681563983943,1.462441265605341,7.376206581968724
7552.0,103.67330169677734,291.71067983400104,12.821408157209643,-298.5031377719592,291.71067983400104,298.5031377719592,202.25386406184998,11.358967044240348,-305.87934407582225,89.45681577215106,1.4624411129692945,7.376206303863043
7560.0,103.783203125,291.7106744724284,12.821404416529576,-298.5031286799896,291.7106744724284,298.5031286799896,202.25385879099633,11.358963014362459,-305.8793348209088,89.45681568143206,1.4624414021671175,7.37620614091923
7568.0,103.89310455322266,291.71068847514255,12.821400360951493,-298.5031227525541,291.71068847514255,298.5031227525541,202.25387272673186,11.358959056344663,-305.8793287873722,89.45681574841068,1.4624413046068314,7.376206034818104
7576.0,104.00301361083984,291.7106836157556,12.82140936114315,-298.50312907456583,291.7106836157556,298.50312907456583,202.25386780732143,11.358968215385627,-305.87933521599285,89.4568158084342,1.4624411457575226,7.376206141427019
7584.0,104.1129150390625,291.71068099629423,12.821413825989161,-298.50314883126816,291.71068099629423,298.50314883126816,202.25386515953795,11.358972584703437,-305.87935504678023,89.45681583675626,1.4624412412857248,7.3762062155120915
7592.0,104.22281646728516,291.71067435550344,12.821411292358505,-298.50311648084886,291.71067435550344,298.50311648084886,202.25385869945433,11.358970140505908,-305.87932303778416,89.45681565604909,1.462441151852596,7.376206556935294
7600.0,104.33272552490234,291.7106732945177,12.821416138895868,-298.5031182745191,291.7106732945177,298.5031182745191,202.2538576180835,11.358975003530762,-305.87932453478913,89.4568156764342,1.4624411353651054,7.376206260270038
7608.0,104.442626953125,291.7106906810893,12.821414944259146,-298.5031106412074,291.7106906810893,298.5031106412074,202.2538755583711,11.358973567313296,-305.87931683512613,89.45681512271818,1.4624413769458497,7.376206193918733
7616.0,104.55252838134766,291.7106857222829,12.821416745218077,-298.50312208323476,291.7106857222829,298.50312208323476,202.253869854783,11.35897553700968,-305.8793281444849,89.4568158674999,1.4624412082083973,7.376206061250109
7624.0,104.66243743896484,291.7106930300251,12.821418553055462,-298.5031261382194,291.7106930300251,298.5031261382194,202.25387747456168,11.358977158697314,-305.8793324864009,89.45681555546342,1.462441394358148,7.376206348181547
7632.0,104.7723388671875,291.71068510213354,12.821423048302286,-298.5031305582935,291.71068510213354,298.5031305582935,202.2538697126078,11.358981750461666,-305.8793368197448,89.45681538952576,1.4624412978406194,7.376206261451344
7640.0,104.88224029541016,291.7106733741477,12.821422528626242,-298.50310703290353,291.7106733741477,298.50310703290353,202.25385793409947,11.358981080262835,-305.8793133126175,89.45681544004823,1.462441448363407,7.376206279714005
7648.0,104.99214935302734,291.7106960129546,12.82142847941821,-298.50313329365383,291.7106960129546,298.50313329365383,202.2538804797917,11.358987342937827,-305.8793398951449,89.45681553316294,1.462441136480383,7.376206601491077
7656.0,105.10205078125,291.7106809795618,12.821422419363818,-298.50310053287825,291.7106809795618,298.50310053287825,202.25386500031692,11.358981059439813,-305.87930678207283,89.45681597924488,1.4624413599240054,7.376206249194595
7664.0,105.21195220947266,291.710696658253,12.821434695739043,-298.503113676497,291.710696658253,298.503113676497,202.25388052032497,11.358993360063725,-305.8793200797582,89.45681613792803,1.4624413356753188,7.376206403261207
7672.0,105.32186126708984,291.71069497303733,12.821431926796325,-298.50311897025256,291.71069497303733,298.50311897025256,202.2538789951335,11.358990534402661,-305.87932557760377,89.45681597790382,1.4624413923936652,7.376206607351207
7680.0,105.4317626953125,291.71067579355054,12.821435681060255,-298.50307212587256,291.71067579355054,298.50307212587256,202.25385976416715,11.358994363050186,-305.8792787468137,89.45681602938336,1.4624413180100673,7.376206620941154
7688.0,105.54166412353516,291.71068917742787,12.82143105735457,-298.50310163355596,291.71068917742787,298.50310163355596,202.25387298240622,11.35898976065148,-305.8793082707553,89.45681619502162,1.4624412967030884,7.376206637199324
7696.0,105.65164947509766,291.7106928688636,12.821433035720062,-298.5031118880262,291.7106928688636,298.5031118880262,202.2538771623789,11.358991681187334,-305.8793184033135,89.45681570648472,1.4624413545327282,7.376206515287315
7704.0,105.76155853271484,291.710681354283,12.821439558496378,-298.5030945728135,291.710681354283,298.5030945728135,202.25386541711816,11.358998287398311,-305.8793011824516,89.45681593716482,1.4624412710980668,7.376206609638132
7712.0,105.8714599609375,291.7106881672188,12.821438612085803,-298.50311852260586,291.7106881672188,298.50311852260586,202.2538724249608,11.358997319672802,-305.8793249547161,89.45681574225797,1.4624412924130015,7.376206432110251
7720.0,105.98136138916016,291.7106867203537,12.821449919810666,-298.5030937270258,291.7106867203537,298.5030937270258,202.25387058189148,11.35900855599599,-305.8793000365117,89.45681613846222,1.4624413638146763,7.376206309485916
7728.0,106.09127044677734,291.7106774624093,12.821447930514125,-298.503059313479,291.7106774624093,298.503059313479,202.25386128266274,11.359006327873313,-305.87926597798213,89.45681617974657,1.4624416026408111,7.376206664503123
7736.0,106.201171875,291.7106832709218,12.821441416584705,-298.5030905733708,291.7106832709218,298.5030905733708,202.25386717183542,11.358999822663554,-305.8792970123136,89.45681609908634,1.4624415939211515,7.376206438942809
7744.0,106.31107330322266,291.7106887369414,12.821447267280542,-298.50307683207825,291.7106887369414,298.50307683207825,202.2538728432418,11.359005648477332,-305.87928356091595,89.45681589369957,1.4624416188032092,7.376206728837722
7752.0,106.42098236083984,291.71068984558667,12.821446524443502,-298.50309395116085,291.71068984558667,298.50309395116085,202.25387408238123,11.359004998700975,-305.87930033025907,89.45681576320546,1.4624415257425278,7.376206379098228
7760.0,106.5308837890625,291.71068687275556,12.821458112235549,-298.5030796729607,291.71068687275556,298.5030796729607,202.25387107394533,11.359016651403353,-305.8792862662693,89.45681579881021,1.462441460832196,7.376206593308559
7768.0,106.64078521728516,291.71068253986704,12.821457839588309,-298.5030687689555,291.71068253986704,298.5030687689555,202.2538666577974,11.35901626337142,-305.87927544111244,89.45681588206962,1.4624415762168885,7.376206672156954
7776.0,106.75069427490234,291.71069671037804,12.821460342814666,-298.5030869572321,291.71069671037804,298.5030869572321,202.25388102330862,11.359018764236762,-305.8792935578179,89.45681568706942,1.462441578577904,7.37620660058581
7784.0,106.860595703125,291.71068252700326,12.821457899935563,-298.5030857535531,291.71068252700326,298.5030857535531,202.25386692355062,11.359016481026556,-305.8792920938538,89.45681560345264,1.4624414189090076,7.376206340300719
7792.0,106.97049713134766,291.7106864477912,12.821461454419339,-298.50307410536294,291.7106864477912,298.50307410536294,202.25387048528336,11.359019913563381,-305.8792805165707,89.45681596250782,1.462441540855957,7.376206411207782
7800.0,107.08040618896484,291.71068623269264,12.821466572517924,-298.5030809457872,291.71068623269264,298.5030809457872,202.25387027614855,11.359025001412611,-305.8792877625046,89.45681595654408,1.462441571105313,7.376206816717421
7808.0,107.1903076171875,291.7106882541065,12.821468074801476,-298.5030765990625,291.7106882541065,298.5030765990625,202.25387217687006,11.359026640298959,-305.8792830097548,89.45681607723645,1.462441434502518,7.376206410692248
7816.0,107.30020904541016,291.7107119968954,12.821475196874488,-298.5031065877892,291.7107119968954,298.5031065877892,202.2538960019592,11.359033973896906,-305.879313135124,89.45681599493619,1.4624412229775805,7.376206547334789
7824.0,107.41011810302734,291.71069516845364,12.82146568560614,-298.50307185024496,291.71069516845364,298.50307185024496,202.25387936380272,11.359024344059279,-305.87927850583606,89.45681580465093,1.462441341546862,7.376206655591112
7832.0,107.52001953125,291.71070696593506,12.821473262749892,-298.5031037430024,291.71070696593506,298.5031037430024,202.25389069852446,11.359031852261795,-305.8793102554406,89.45681626741057,1.462441410488097,7.376206512438195
7840.0,107.62992095947266,291.7107157262558,12.82147806823997,-298.50309933084117,291.7107157262558,298.50309933084117,202.25390010504898,11.35903678005018,-305.87930582983387,89.45681562120683,1.4624412881897881,7.376206498992694
7848.0,107.73983001708984,291.71069768444966,12.82147580764554,-298.50305720769086,291.71069768444966,298.50305720769086,202.25388146216295,11.359034626123961,-305.87926368444664,89.45681622228673,1.4624411815215779,7.3762064767558115
7856.0,107.8497314453125,291.71069609579695,12.82148652415655,-298.50305738512594,291.71069609579695,298.50305738512594,202.25387969874794,11.35904534493277,-305.8792640241835,89.45681639704904,1.4624411792237786,7.376206639057571
7864.0,107.95963287353516,291.710689600953,12.821487933088994,-298.5030286282357,291.710689600953,298.5030286282357,202.25387337179131,11.359046670779462,-305.87923554629685,89.45681622916169,1.462441262309532,7.376206918061129
7872.0,108.06954193115234,291.71069862348327,12.821492941334702,-298.50306146646113,291.71069862348327,298.50306146646113,202.2538822338009,11.359051715002009,-305.879268238132,89.45681638968239,1.4624412263326936,7.376206771670873
7880.0,108.179443359375,291.710694467025,12.821495753450039,-298.50304914881036,291.710694467025,298.50304914881036,202.25387814051726,11.359054429128118,-305.87925578633894,89.45681632650773,1.4624413243219205,7.376206637528561
7888.0,108.28934478759766,291.7106993823387,12.821504813482694,-298.50306281909315,291.7106993823387,298.50306281909315,202.25388241903505,11.359063660757258,-305.87926930298687,89.45681696330368,1.4624411527254364,7.376206483893746
7896.0,108.39925384521484,291.71068741582474,12.82149758498247,-298.5030170293266,291.71068741582474,298.5030170293266,202.25387087537752,11.359056118244716,-305.87922374680693,89.45681654044725,1.4624414667377552,7.376206717480329
7904.0,108.5091552734375,291.7107147567354,12.821503195194392,-298.50302066178403,291.7107147567354,298.50302066178403,202.2538983973438,11.359062092656261,-305.87922748293715,89.45681635939161,1.4624411025381305,7.376206821153119
7912.0,108.61905670166016,291.71071440796794,12.821506131296424,-298.5030492607911,291.71071440796794,298.5030492607911,202.25389793517178,11.359065089462163,-305.8792558595421,89.45681647279616,1.4624410418342602,7.376206598751033
7920.0,108.72896575927734,291.71071818264113,12.821508715714325,-298.503078719027,291.71071818264113,298.503078719027,202.25390177408588,11.359067416599277,-305.87928522817754,89.45681640855523,1.462441299115047,7.376206509150585
7928.0,108.8388671875,291.7107074007205,12.82151046553372,-298.5030435244661,291.7107074007205,298.5030435244661,202.25389077916992,11.359069303906843,-305.8792500281289,89.45681662155053,1.4624411616268769,7.376206503662857
7936.0,108.94876861572266,291.7106942276731,12.821512313917253,-298.5029999752303,291.7106942276731,298.5029999752303,202.25387730434062,11.3590708887568,-305.8792067035485,89.45681692333251,1.4624414251604527,7.376206728318181
7944.0,109.05867767333984,291.7107069091595,12.821521677662476,-298.5030412836507,291.7107069091595,298.5030412836507,202.25389004407515,11.359080507347887,-305.87924782491496,89.45681686508433,1.4624411703145896,7.376206541264274
7952.0,109.16866302490234,291.71070136385515,12.821521581673057,-298.5030149214858,291.71070136385515,298.5030149214858,202.25388468643712,11.359080101338858,-305.8792217573865,89.45681667741806,1.4624414803341987,7.376206835900703
7960.0,109.278564453125,291.71069257105546,12.821528383834016,-298.50298871923314,291.71069257105546,298.50298871923314,202.25387566217591,11.35908713312589,-305.8791955538565,89.45681690887952,1.4624412507081264,7.376206834623382
7968.0,109.38846588134766,291.71070620930254,12.821523673972216,-298.503025083557,291.71070620930254,298.503025083557,202.25388937567268,11.359082302771466,-305.8792317928516,89.45681683362989,1.4624413712007502,7.376206709294571
7976.0,109.49837493896484,291.7107127297382,12.821530273423768,-298.5030243306677,291.7107127297382,298.5030243306677,202.2538960390105,11.35908876009018,-305.87923095204064,89.45681669072768,1.4624415133335873,7.376206621372965
7984.0,109.6082763671875,291.7106900460845,12.821541939151134,-298.50299209858946,291.7106900460845,298.50299209858946,202.25387308785517,11.35910050090883,-305.8791988131581,89.45681695822933,1.4624414382423025,7.376206714568639
7992.0,109.71817779541016,291.71071539780496,12.821542599058288,-298.5029853200453,291.71071539780496,298.5029853200453,202.25389877401562,11.359101488002015,-305.87919201972323,89.45681662378935,1.4624411110562736,7.3762066996779225
8000.0,109.82808685302734,291.7107106859804,12.821535890012868,-298.5029972904692,291.7107106859804,298.5029972904692,202.2538938722233,11.359094633868,-305.87920413125465,89.45681681375714,1.4624412561448663,7.376206840785457
8008.0,109.93798828125,291.7107083850732,12.821542356892024,-298.50300215200775,291.7107083850732,298.50300215200775,202.25389176981167,11.359101025690574,-305.8792089064557,89.45681661526154,1.4624413312014513,7.376206754447935
8016.0,110.04788970947266,291.7107121589896,12.821547861413334,-298.5030106153764,291.7107121589896,298.5030106153764,202.25389566753623,11.359106517569053,-305.87921722222814,89.45681649145338,1.4624413438442816,7.37620660685171
8024.0,110.15779876708984,291.7107195421744,12.821553869564703,-298.503016663738,291.7107195421744,298.503016663738,202.2539027040964,11.359112673898771,-305.879223239626,89.45681683807803,1.4624411956659307,7.376206575888013
8032.0,110.2677001953125,291.7107069382043,12.821550981814518,-298.50297252843353,291.7107069382043,298.50297252843353,202.2538901241009,11.359109590411887,-305.87917940826696,89.45681681410338,1.4624413914026304,7.37620687983344
8040.0,110.37760162353516,291.7107248115086,12.821555449382215,-298.50300391362003,291.7107248115086,298.50300391362003,202.25390771536055,11.3591139555123,-305.87921088855353,89.45681709614806,1.4624414938699157,7.376206974933481
8048.0,110.48751068115234,291.710711725406,12.821567865082013,-298.5029765867767,291.710711725406,298.5029765867767,202.25389475736273,11.359126715005427,-305.87918335222264,89.45681696804323,1.4624411500765855,7.376206765445922
8056.0,110.597412109375,291.7107186046303,12.821565255463362,-298.50299085574176,291.7107186046303,298.50299085574176,202.25390177474046,11.359123851170656,-305.8791976704451,89.45681682988987,1.462441404292707,7.3762068147033375
8064.0,110.70731353759766,291.71070921690364,12.821563498121844,-298.50293411998564,291.71070921690364,298.50293411998564,202.2538924069067,11.359122073674703,-305.8791410108774,89.45681680999694,1.4624414244471398,7.3762068908917655
8072.0,110.81722259521484,291.7107169925701,12.821563153744435,-298.5029773118976,291.7107169925701,298.5029773118976,202.2538999991034,11.359121924510783,-305.87918401888925,89.4568169934667,1.4624412292336517,7.37620670699166
8080.0,110.9271240234375,291.7107179148122,12.821584150806537,-298.5029527829093,291.7107179148122,298.5029527829093,202.25390079017308,11.359142813725988,-305.87915924772125,89.45681712463917,1.462441337080549,7.376206464811972
8088.0,111.03702545166016,291.7107184010605,12.821573559391249,-298.5029570942326,291.7107184010605,298.5029570942326,202.253901202353,11.359132198977036,-305.87916360935395,89.45681719870748,1.462441360414212,7.376206515121346
8096.0,111.14693450927734,291.7107125825705,12.821575992070844,-298.502932152975,291.7107125825705,298.502932152975,202.25389564337314,11.359134829307312,-305.87913882683677,89.45681693919735,1.4624411627635316,7.37620667386178
8104.0,111.2568359375,291.7107261653158,12.821582060358827,-298.50297042549937,291.7107261653158,298.50297042549937,202.25390894791195,11.359140791800785,-305.87917694963414,89.45681721740382,1.4624412685580421,7.376206524134751
8112.0,111.36673736572266,291.7107413742584,12.821583928527092,-298.50299420364877,291.7107413742584,298.50299420364877,202.25392428933498,11.35914276136764,-305.87920067430116,89.45681708492341,1.4624411671594526,7.376206470652413
8120.0,111.47664642333984,291.71072804462676,12.821593225675478,-298.5029750463383,291.71072804462676,298.5029750463383,202.25391086674483,11.359152064414586,-305.87918167058723,89.45681717788196,1.4624411612608936,7.376206624248937
8128.0,111.5865478515625,291.71071512641936,12.821597249554074,-298.50292410381866,291.71071512641936,298.50292410381866,202.25389781210134,11.359156308894342,-305.87913072749257,89.45681731431799,1.4624409406597318,7.3762066236738875
8136.0,111.69644927978516,291.7107291480109,12.821595737433764,-298.5029715925761,291.7107291480109,298.5029715925761,202.25391200748174,11.359154602442043,-305.8791783305304,89.45681714052915,1.462441134991722,7.376206737954291
8144.0,111.80635833740234,291.7107178842424,12.821605649492888,-298.5029036563349,291.7107178842424,298.5029036563349,202.2539007289031,11.359164520789806,-305.8791106948132,89.45681715533931,1.4624411287030825,7.3762070384782845
8152.0,111.916259765625,291.71073191616654,12.82160755720076,-298.50296185376385,291.71073191616654,298.50296185376385,202.25391436459796,11.359166431573009,-305.87916868518545,89.45681755156858,1.4624411256277519,7.37620683142157
8160.0,112.02616119384766,291.71074952946555,12.821612631634904,-298.50296063714666,291.71074952946555,298.50296063714666,202.25393213328238,11.359171386160439,-305.8791671320479,89.45681739618317,1.4624412454744653,7.376206494901211
8168.0,112.13607025146484,291.71072619851896,12.821615946107412,-298.50290986998687,291.71072619851896,298.50290986998687,202.25390879858782,11.359174660585511,-305.87911680651723,89.45681739993114,1.4624412855219013,7.376206936530366
8176.0,112.2459716796875,291.71072906613637,12.821618538790911,-298.5028948951971,291.71072906613637,298.5028948951971,202.25391164633083,11.359177299253894,-305.8791018240065,89.45681741980553,1.4624412395370188,7.37620692880941
8184.0,112.35587310791016,291.710736833231,12.821624523627229,-298.5029100064549,291.710736833231,298.5029100064549,202.25391961671704,11.359183190182542,-305.87911691231363,89.45681721651398,1.4624413334446862,7.37620690585873
8192.0,112.46578216552734,291.7107235055494,12.821625479242059,-298.5029120841631,291.7107235055494,298.5029120841631,202.25390621413976,11.35918426317175,-305.87911916421837,89.45681729140966,1.4624412160703075,7.376207080055295
8200.0,112.57559967041016,291.71073339448424,12.821627269353323,-298.50291038177596,291.71073339448424,298.50291038177596,202.25391589989215,11.359186080557045,-305.87911707153785,89.45681749459212,1.4624411887962778,7.376206689761908
8208.0,112.68550872802734,291.7107513314593,12.821635174629817,-298.5029355323491,291.7107513314593,298.5029355323491,202.25393380420806,11.359193998925722,-305.87914238111455,89.45681752725123,1.4624411757040954,7.37620684876542
8216.0,112.79549407958984,291.7107328106367,12.821647531800517,-298.50291110221855,291.7107328106367,298.50291110221855,202.25391520699117,11.359206168162792,-305.87911814056645,89.45681760364555,1.462441363637725,7.376207038347886
8224.0,112.90546417236328,291.71073879890156,12.821639695561506,-298.5029013578677,291.71073879890156,298.5029013578677,202.25392111673702,11.35919846399925,-305.8791082088952,89.45681768216453,1.4624412315622561,7.376206851027526
8232.0,113.01537322998047,291.7107368723001,12.82165089232597,-298.5028997850525,291.7107368723001,298.5028997850525,202.2539193613442,11.35920973928706,-305.8791067279012,89.45681751095594,1.4624411530389105,7.376206942848718
8240.0,113.12527465820312,291.71074164664054,12.821652701227258,-298.50288037667366,291.71074164664054,298.50288037667366,202.25392418692417,11.359211436494792,-305.8790873591265,89.45681745971638,1.462441264732465,7.3762069824528425
8248.0,113.23517608642578,291.7107400415929,12.821663674154745,-298.5028650115617,291.7107400415929,298.5028650115617,202.2539224092971,11.359222312167262,-305.8790720233736,89.45681763229575,1.462441361987484,7.376207011811907
8256.0,113.34508514404297,291.7107390139059,12.82166589895557,-298.5028753674605,291.7107390139059,298.5028753674605,202.253921325143,11.359224612260363,-305.8790823077404,89.45681768876288,1.4624412866952077,7.376206940279907
8264.0,113.45498657226562,291.7107437094771,12.821674939051867,-298.50288289078975,291.7107437094771,298.50288289078975,202.2539259408409,11.35923383733571,-305.8790901531993,89.45681776863617,1.462441101716157,7.3762072624095225
8272.0,113.56488800048828,291.71074065483765,12.821671362399634,-298.5028786122637,291.71074065483765,298.5028786122637,202.25392314680948,11.359230261926875,-305.8790855651682,89.45681750802814,1.462441100472759,7.376206952904525
8280.0,113.67479705810547,291.7107445932437,12.821679191472981,-298.5028828507445,291.7107445932437,298.5028828507445,202.25392666490694,11.359237929209165,-305.87908941087653,89.45681792833678,1.462441262263817,7.376206560132033
8288.0,113.78469848632812,291.7107409999373,12.8216852434112,-298.5028462007084,291.7107409999373,298.5028462007084,202.25392313937894,11.359244071712261,-305.87905310427675,89.45681786055835,1.4624411716989374,7.376206903568324
8296.0,113.89459991455078,291.7107474831755,12.821681073454538,-298.5028673024665,291.7107474831755,298.5028673024665,202.253929781743,11.359239844040705,-305.87907446038435,89.45681770143253,1.4624412294138334,7.376207157917868
8304.0,114.00450897216797,291.7107505190683,12.821692156015853,-298.50285707616683,291.7107505190683,298.50285707616683,202.25393258972002,11.359250995983915,-305.8790640952854,89.45681792934829,1.4624411600319376,7.376207019118553
8312.0,114.11441802978516,291.7107437290041,12.821696066873974,-298.50284490964043,291.7107437290041,298.50284490964043,202.25392560329985,11.359254831880964,-305.8790520157526,89.45681812570422,1.46244123499301,7.376207106112176
8320.0,114.22432708740234,291.7107537540853,12.821702150799167,-298.50284896512716,291.7107537540853,298.50284896512716,202.25393547369453,11.359261056400635,-305.879055726404,89.45681828039082,1.4624410943985318,7.3762067612768405
8328.0,114.334228515625,291.7107493775185,12.821712836841774,-298.5028556956565,291.7107493775185,298.5028556956565,202.25393110005928,11.35927161421305,-305.87906275909836,89.45681827745923,1.462441222628724,7.376207063441868
8336.0,114.44412994384766,291.7107445661317,12.8217136496324,-298.50282907452066,291.7107445661317,298.50282907452066,202.25392628048638,11.359272474863634,-305.87903616324456,89.45681828564534,1.4624411747687667,7.376207088723888
8344.0,114.55403900146484,291.71075636395267,12.821716701420282,-298.50284262536445,291.71075636395267,298.50284262536445,202.25393813241863,11.359275731282453,-305.87904942358307,89.45681823153403,1.4624409701378278,7.3762067982186394
8352.0,114.6639404296875,291.7107501208748,12.82171891789741,-298.5028307684768,291.7107501208748,298.5028307684768,202.25393193396812,11.359277689335423,-305.8790378456322,89.4568181869067,1.462441228561988,7.376207077155335
8360.0,114.77384185791016,291.7107613058827,12.821732574902663,-298.50284556230497,291.7107613058827,298.50284556230497,202.25394337246775,11.35929145335641,-305.87905248122865,89.45681793341498,1.4624411215462527,7.376206918923685
8368.0,114.88375091552734,291.710744104578,12.821737222277493,-298.50277803814095,291.710744104578,298.50277803814095,202.25392574214814,11.359295985643982,-305.8789851697825,89.45681836242987,1.4624412366335116,7.376207131641522
8376.0,114.99365234375,291.71075958672816,12.821739911714365,-298.5028165712015,291.71075958672816,298.5028165712015,202.25394145295172,11.359298630234935,-305.8790237136061,89.45681813377647,1.46244128147943,7.376207142404596
8384.0,115.10355377197266,291.71075683175815,12.821741310021357,-298.5028002887461,291.71075683175815,298.5028002887461,202.25393886289078,11.35929995110007,-305.879007235481,89.45681796886736,1.462441358921288,7.376206946734953
8392.0,115.21346282958984,291.710752527684,12.821753658897425,-298.50277707772,291.710752527684,298.50277707772,202.25393433198192,11.359312112899634,-305.87898426320925,89.45681819570211,1.4624415459977902,7.376207185489257
8400.0,115.3233642578125,291.7107725407595,12.82175838344862,-298.50281785522577,291.7107725407595,298.50281785522577,202.25395424425975,11.359316852787634,-305.8790249624917,89.45681829649973,1.462441530660985,7.3762071072659126
8408.0,115.43326568603516,291.71078145150864,12.821765152831142,-298.50282650463663,291.71078145150864,298.50282650463663,202.25396336681519,11.35932375133375,-305.8790332695817,89.45681808469348,1.4624414014973923,7.37620676494511
8416.0,115.54317474365234,291.71074931588623,12.821763582268705,-298.50276677764276,291.71074931588623,298.50276677764276,202.25393107676243,11.359322500537647,-305.87897384320877,89.45681823912383,1.462441081731058,7.376207065566
8424.0,115.653076171875,291.7107493177889,12.821770210072772,-298.50276312300576,291.7107493177889,298.50276312300576,202.25393101708622,11.35932901641966,-305.878970145028,89.45681830070268,1.4624411936531128,7.3762070220222355
8432.0,115.76297760009766,291.710751824653,12.82176771045068,-298.5027487824673,291.710751824653,298.5027487824673,202.25393336804035,11.359326607317454,-305.8789559011485,89.45681845661267,1.462441103133227,7.376207118681229
8440.0,115.87288665771484,291.710767482482,12.821773778937386,-298.5027979457834,291.710767482482,298.5027979457834,202.253949304735,11.359332677609972,-305.87900488413396,89.45681817774702,1.4624411013274146,7.376206938350542
8448.0,115.9827880859375,291.7107686954621,12.821784943024666,-298.50277519081817,291.7107686954621,298.50277519081817,202.25395047341925,11.359343518250045,-305.8789822225452,89.45681822204287,1.4624414247746214,7.376207031727027
8456.0,116.09268951416016,291.71077197756733,12.821786688867348,-298.502754556112,291.71077197756733,298.502754556112,202.2539538583022,11.359345518052251,-305.8789615227269,89.45681811926514,1.4624411708150977,7.376206966614944
8464.0,116.20259857177734,291.7107695976039,12.821793204582265,-298.5027862843961,291.7107695976039,298.5027862843961,202.25395131262323,11.35935216658051,-305.8789933953776,89.45681828498071,1.4624410380017552,7.376207110981532
8472.0,116.3125,291.71078430062386,12.82179796236194,-298.5027754107741,291.71078430062386,298.5027754107741,202.2539659481577,11.359356862307148,-305.8789823674804,89.45681835246616,1.4624411000547912,7.376206956706284
8480.0,116.42240142822266,291.7107680844041,12.821800396756428,-298.5027417622191,291.7107680844041,298.5027417622191,202.25394965847414,11.359359271138949,-305.87894887244295,89.45681842592994,1.4624411256174792,7.3762071102238735
8488.0,116.53231048583984,291.71078428544195,12.821802161019292,-298.50275018436594,291.71078428544195,298.50275018436594,202.2539661906267,11.359360949385295,-305.8789570148432,89.45681809481526,1.462441211633997,7.376206830477237
8496.0,116.6422119140625,291.71078984749835,12.82181096661856,-298.50276796727337,291.71078984749835,298.50276796727337,202.2539714368853,11.359369801766167,-305.8789748088119,89.45681841061304,1.4624411648523936,7.376206841538547
8504.0,116.75211334228516,291.71076667533,12.821821719169812,-298.5027273905811,291.71076667533,298.5027273905811,202.2539481534181,11.359380536560682,-305.87893426071753,89.45681852191186,1.4624411826091293,7.376206870136464
8512.0,116.86202239990234,291.7107720420427,12.821821891717988,-298.5027359157316,291.7107720420427,298.5027359157316,202.25395365584063,11.359380669111022,-305.8789428423104,89.4568183862021,1.4624412226069654,7.376206926578817
8520.0,116.971923828125,291.7107679309854,12.82183008609323,-298.5027009634501,291.7107679309854,298.5027009634501,202.25394958253784,11.35938864798194,-305.87890821556334,89.45681834844757,1.4624414381112918,7.376207252113261
8528.0,117.08182525634766,291.71075413346256,12.821835427887912,-298.50266642602895,291.71075413346256,298.50266642602895,202.2539358622613,11.359394071412158,-305.87887371241266,89.45681827120126,1.4624413564757535,7.376207286383718
8536.0,117.19173431396484,291.7107735840267,12.821837766590516,-298.5027011510076,291.7107735840267,298.5027011510076,202.25395527496994,11.359396454338285,-305.87890851155464,89.45681830905677,1.4624413122522308,7.376207360547006
8544.0,117.3016357421875,291.71077110107944,12.821850207735874,-298.5026928579165,291.71077110107944,298.5026928579165,202.25395264192662,11.359408907316155,-305.87889986318896,89.45681845915286,1.4624413004197199,7.3762070052724695
8552.0,117.41153717041016,291.7107862239497,12.821856553674799,-298.5026919248469,291.7107862239497,298.5026919248469,202.25396747550698,11.359415158924385,-305.87889883937794,89.45681874844271,1.462441394750413,7.3762069145310605
8560.0,117.52144622802734,291.7107802913065,12.821854125319195,-298.50270238206724,291.7107802913065,298.50270238206724,202.2539616879535,11.359412723795003,-305.8789093480449,89.45681860335299,1.4624414015241918,7.376206965977644
8568.0,117.63134765625,291.7107881133565,12.821870253579256,-298.50269962807613,291.7107881133565,298.50269962807613,202.25396979915914,11.359428964159164,-305.8789064843353,89.45681831419735,1.4624412894200924,7.376206856259174
8576.0,117.74124908447266,291.710788721396,12.821875516554691,-298.5026807940506,291.710788721396,298.5026807940506,202.2539702010725,11.35943416342118,-305.87888805174026,89.45681852032351,1.4624413531335096,7.376207257689643
8584.0,117.85115814208984,291.7107871162496,12.821871069969049,-298.50268164646883,291.7107871162496,298.50268164646883,202.25396866816476,11.359429601858468,-305.87888888094017,89.45681844808485,1.4624414681105824,7.3762072344713445
8592.0,117.9610595703125,291.71077627479036,12.821885105065821,-298.5026746847302,291.71077627479036,298.5026746847302,202.25395769264853,11.359443572054975,-305.8788816680871,89.45681858214182,1.4624415330108462,7.376206983356916
8600.0,118.07096099853516,291.7107899820048,12.821882575275556,-298.5026904653079,291.7107899820048,298.5026904653079,202.25397141302972,11.359441195055306,-305.8788971888461,89.45681856897514,1.4624413802202492,7.376206723538203
8608.0,118.18087005615234,291.7107701361755,12.821892311184007,-298.50264855835144,291.7107701361755,298.50264855835144,202.25395155228526,11.359450938046251,-305.8788555288384,89.45681858389023,1.462441373137755,7.376206970486969
8616.0,118.290771484375,291.7107808840848,12.821904792802625,-298.5026447079977,291.7107808840848,298.5026447079977,202.2539623477764,11.359463393959517,-305.87885131624967,89.45681853630836,1.4624413988431075,7.376206608251927
8624.0,118.40067291259766,291.71078206583934,12.821902972970307,-298.50263396634534,291.71078206583934,298.50263396634534,202.25396368653634,11.359461355132492,-305.8788411130075,89.45681837930303,1.462441617837814,7.376207146662161
8632.0,118.51058197021484,291.7107934686447,12.821908060124592,-298.50266152994266,291.7107934686447,298.50266152994266,202.2539748590363,11.359466622248805,-305.8788683701039,89.45681860960838,1.4624414378757877,7.37620684016121
8640.0,118.6204833984375,291.7107758867975,12.82191216087104,-298.50258672565354,291.7107758867975,298.50258672565354,202.25395720254107,11.359470953390534,-305.8787934474325,89.4568186842564,1.4624412074805067,7.3762067217789635
8648.0,118.73038482666016,291.7108011825483,12.821922133309966,-298.5026735584651,291.7108011825483,298.5026735584651,202.25398238893862,11.35948074772531,-305.8788806096937,89.4568187936097,1.4624413855846554,7.376207051228548
8656.0,118.84029388427734,291.7107891504465,12.821923994391794,-298.5026135361386,291.7107891504465,298.5026135361386,202.25397023562448,11.359482531061694,-305.8788205549182,89.45681891482201,1.4624414633300993,7.376207018779624
8664.0,118.9501953125,291.71080093150135,12.821929366949849,-298.50260235700625,291.71080093150135,298.50260235700625,202.25398200523873,11.359488027890855,-305.8788093951006,89.4568189262626,1.4624413390589952,7.376207038094293
8672.0,119.06009674072266,291.7107929255227,12.821933628501764,-298.5025966043138,291.7107929255227,298.5025966043138,202.2539742170169,11.35949223369463,-305.87880366558255,89.4568187085058,1.462441394807135,7.376207061268744
8680.0,119.17000579833984,291.71080028504355,12.82194321703206,-298.5026135245416,291.71080028504355,298.5026135245416,202.25398167167128,11.35950178751374,-305.87882060302735,89.45681861337226,1.4624414295183206,7.376207078485791
8688.0,119.2799072265625,291.7108058592538,12.821954919821836,-298.50260422243616,291.7108058592538,298.50260422243616,202.25398701477428,11.35951358720797,-305.8788112682429,89.45681884447951,1.4624413326138654,7.376207045806716
8696.0,119.38980865478516,291.7107950126941,12.821954844180995,-298.50258583254674,291.7107950126941,298.50258583254674,202.2539764453566,11.359513471195138,-305.8787931228017,89.45681856733754,1.4624413729858579,7.376207290254953
8704.0,119.49971771240234,291.7108015154592,12.82196165137325,-298.5025999269165,291.7108015154592,298.5025999269165,202.25398243812185,11.359520170976321,-305.8788071011321,89.45681907733736,1.4624414803969286,7.376207174215629
8712.0,119.609619140625,291.7108142296614,12.821963704543938,-298.5025869754611,291.7108142296614,298.5025869754611,202.2539951752227,11.359522304910936,-305.8787939489411,89.45681905443868,1.462441399633002,7.376206973479981
8720.0,119.71952056884766,291.71080764385005,12.82196985739554,-298.5025658432489,291.71080764385005,298.5025658432489,202.2539886830595,11.359528625050373,-305.8787729655593,89.45681896079056,1.4624412323451672,7.376207122310397
8728.0,119.82949829101562,291.7107963806463,12.82197848692892,-298.5025778869244,291.7107963806463,298.5025778869244,202.25397729419296,11.359537349248672,-305.87878483590544,89.45681908645332,1.4624411376802473,7.376206948981
8736.0,119.93948364257812,291.7108108393419,12.821987224587366,-298.50256109959884,291.7108108393419,298.50256109959884,202.25399180958067,11.35954578943021,-305.8787684622172,89.45681902976119,1.4624414351571553,7.376207362618338
8741.0,120.0081787109375,291.71081766594546,12.82199089073289,-298.50257383957086,291.71081766594546,298.50257383957086,202.2539987153628,11.359549500088137,-305.87878084180835,89.45681895058269,1.4624413906447522,7.3762070022375
