step,t_u_l,fx_solver,fy_solver,fz_solver,drag_solver,downforce_solver,pressure_fx_solver,pressure_fy_solver,pressure_fz_solver,viscous_fx_solver,viscous_fy_solver,viscous_fz_solver
8.0,0.08986260741949081,541.1883032612493,21.262603501292332,-276.47158131479716,541.1883032612493,276.47158131479716,325.7114944742956,21.249965810496647,-302.40858039989104,215.4768087869537,0.012637690795687107,25.936999085093888
16.0,0.18625116348266602,445.50369150306403,19.37702816829197,-262.3172115215691,445.50369150306403,262.3172115215691,278.4216614705907,19.139945565943734,-284.47722387133587,167.0820300324733,0.23708260234823975,22.160012349766774
24.0,0.2857106924057007,413.8211118010633,18.352350873477427,-277.66601447248763,413.8211118010633,277.66601447248763,269.8472284927719,17.903531106206056,-297.7672210653283,143.97388330829142,0.4488197672713685,20.10120659284067
32.0,0.38772106170654297,379.79053641441607,17.71110028123723,-280.7716967216839,379.79053641441607,280.7716967216839,249.76534604927343,17.086991488650995,-298.9739668697365,130.02519036514263,0.6241087925862345,18.202270148052605
40.0,0.49118414521217346,361.2917341584261,17.26188814723375,-289.781555766049,361.2917341584261,289.781555766049,240.5640900210193,16.50141750054109,-306.18124329630257,120.7276441374068,0.7604706466926601,16.399687530253544
48.0,0.595912516117096,349.25797701389223,17.132122372725718,-297.33440685882977,349.25797701389223,297.33440685882977,235.07155302686206,16.269991649659474,-312.10884953470685,114.18642398703015,0.862130723066242,14.774442675877083
56.0,0.7016647458076477,341.16778516772047,16.839510234737233,-304.79813597138315,341.16778516772047,304.79813597138315,231.766871854187,15.902916599487103,-318.1485648382434,109.40091331353345,0.9365936352501318,13.350428866860213
64.0,0.8081651329994202,334.8362851964933,16.75463513239424,-310.0706476843539,334.8362851964933,310.0706476843539,229.0593158793231,15.762010818103379,-322.18875027543436,105.77696931717021,0.9926243142908611,12.118102591080453
72.0,0.9153706431388855,328.90977498411036,16.76091848824462,-313.0524009535294,328.90977498411036,313.0524009535294,226.0023314185201,15.72542761883343,-324.11478379312655,102.90744356559024,1.03549086941119,11.062382839597142
80.0,1.0231475830078125,323.97547299722453,16.6035543707804,-315.31753692328186,323.97547299722453,315.31753692328186,223.41251597522157,15.533547704414477,-325.47148382617434,100.56295702200295,1.0700066663659218,10.153946902892457
88.0,1.1313319206237793,320.0190932523854,16.523274067350158,-316.5554439113002,320.0190932523854,316.5554439113002,221.37335327473255,15.425215984099145,-325.9418580362411,98.64573997765287,1.0980580832510114,9.386414124940949
96.0,1.2398957014083862,317.2476959848419,16.485544992235845,-317.5547641233302,317.2476959848419,317.5547641233302,220.12781455869808,15.365069510481145,-326.3060721311259,97.11988142614385,1.1204754817546991,8.751308007795743
104.0,1.3488069772720337,315.04959593595834,16.379992648103716,-318.03835100634024,315.04959593595834,318.03835100634024,219.12523679997162,15.241442182370502,-326.275149615254,95.92435913598675,1.1385504657332124,8.236798608913759
112.0,1.458012580871582,312.79403142963747,16.332218796224318,-317.57584369171366,312.79403142963747,317.57584369171366,217.82803612251104,15.179447142001372,-325.40359948485246,94.96599530712642,1.1527716542229438,7.827755793138785
120.0,1.5674505233764648,310.1692582758983,16.275071897807372,-316.0919136543002,310.1692582758983,316.0919136543002,216.0193311223698,15.110979172092968,-323.6019389238163,94.14992715352851,1.1640927257144025,7.51002526951612
128.0,1.677082896232605,307.63131541405005,16.149744207790867,-314.2422535469543,307.63131541405005,314.2422535469543,214.1995413483874,14.976670417714539,-321.5130251954662,93.43177406566265,1.1730737900763286,7.270771648511861
136.0,1.7868729829788208,305.62913543043135,16.0411264747201,-312.3674518873825,305.62913543043135,312.3674518873825,212.80899272064346,14.86101147762021,-319.4699142573743,92.8201427097879,1.1801149970998903,7.102462369991784
144.0,1.8967841863632202,304.284257951183,15.935999568790681,-310.7335414351072,304.284257951183,310.7335414351072,211.9495983750037,14.750454547813016,-317.73238718736775,92.33465957617932,1.1855450209776652,6.9988457522605145
152.0,2.006769895553589,303.26534336508644,15.820388041229341,-309.1985858807112,303.26534336508644,309.1985858807112,211.30166565836134,14.630704826747941,-316.1472708232327,91.96367770672506,1.1896832144814002,6.948684942521503
160.0,2.1167995929718018,302.10232617198545,15.728634965257342,-307.38965738128354,302.10232617198545,307.38965738128354,210.43960540899752,14.535838152857545,-314.32802052447585,91.66272076298795,1.1927968123997967,6.938363143192312
168.0,2.226853847503662,300.6744356287906,15.62912395443053,-305.3372169849101,300.6744356287906,305.3372169849101,209.29041754063851,14.43402580705299,-312.29098642070016,91.3840180881521,1.1950981473775384,6.953769435790011
176.0,2.336926221847534,299.2660151309213,15.508273285683096,-303.3386137019856,299.2660151309213,303.3386137019856,208.1540767148917,14.311728344334572,-310.3235747896958,91.11193841602959,1.1965449413485238,6.9849610877101895
184.0,2.4470138549804688,298.2184655557594,15.395303651663175,-301.6691083622877,298.2184655557594,301.6691083622877,207.35321257149212,14.198251955519902,-308.69664482631686,90.86525298426727,1.197051696143273,7.02753646402914
192.0,2.5571107864379883,297.6031683153823,15.290965285464273,-300.41699155546735,297.6031683153823,300.41699155546735,206.93578757923183,14.09411804992532,-307.49610195202627,90.66738073615042,1.1968472355389517,7.079110396558907
200.0,2.6672067642211914,297.1689768462823,15.196983070526176,-299.388852204372,297.1689768462823,299.388852204372,206.65100295576195,14.000863440524657,-306.52486457947623,90.51797389052035,1.1961196300015189,7.136012375104233
208.0,2.7772929668426514,296.5934995866797,15.119254100726305,-298.31183758746755,296.5934995866797,298.31183758746755,206.20238655795475,13.924222789743526,-305.50474556794006,90.39111302872492,1.1950313109827793,7.192907980472487
216.0,2.8873651027679443,295.8057422955668,15.040126640851563,-297.15659397794474,295.8057422955668,297.15659397794474,205.54675700418017,13.846455387546067,-304.4011816123501,90.25898529138667,1.1936712533054963,7.244587634405402
224.0,2.997422218322754,295.01370962853264,14.955855324480744,-296.0965490336934,295.01370962853264,296.0965490336934,204.89760762084535,13.763842350693386,-303.3852415596539,90.11610200768726,1.192012973787358,7.288692525960485
232.0,3.107469320297241,294.4635722753736,14.877814394247839,-295.311971144003,294.4635722753736,295.311971144003,204.4833548739406,13.687764576740303,-302.638360698782,89.98021740143301,1.1900498175075356,7.326389554778999
240.0,3.2175076007843018,294.19973034946946,14.808966403674493,-294.8302157355824,294.19973034946946,294.8302157355824,204.32883215965805,13.62109512761792,-302.1899542072333,89.87089818981141,1.1878712760565726,7.3597384716509495
248.0,3.3275344371795654,294.0339060682194,14.752018347422847,-294.48108760111813,294.0339060682194,294.48108760111813,204.24454025683792,13.566406167093612,-301.8704249409003,89.78936581138147,1.185612180329234,7.389337339782145
256.0,3.437546491622925,293.7423626110413,14.704922496026501,-294.0714060870949,293.7423626110413,294.0714060870949,204.0241895348123,13.521538308446498,-301.48535386554806,89.718173076229,1.1833841875800033,7.413947778453153
264.0,3.54754376411438,293.28449150021225,14.657469423104168,-293.5729780404542,293.28449150021225,293.5729780404542,203.64539206183986,13.47623190234108,-301.0050701875598,89.6390994383724,1.1812375207630863,7.4320921471055925
272.0,3.6575326919555664,292.81471491759305,14.607627290924448,-293.10719547540486,292.81471491759305,293.10719547540486,203.26463715426678,13.428477561274292,-300.5511325442633,89.55007776332629,1.1791497296501556,7.443937068858396
280.0,3.767517328262329,292.510276750932,14.560307332410204,-292.8055914238331,292.510276750932,292.8055914238331,203.04539726739898,13.383217073885248,-300.257198057276,89.46487948353302,1.1770902585249563,7.4516066334428785
288.0,3.877499580383301,292.3962207111978,14.519021403507637,-292.6770903769142,292.3962207111978,292.6770903769142,202.99846993961148,13.34393969710733,-300.1345547020207,89.39775077158635,1.1750817064003058,7.457464325106496
296.0,3.987478017807007,292.3345523438593,14.485519639174182,-292.59819049061423,292.3345523438593,292.59819049061423,202.98521616053415,13.312314608643888,-300.0607118679321,89.34933618332514,1.1732050305302941,7.4625213773179055
304.0,4.0974507331848145,292.1695043372047,14.456699397288052,-292.4387479994091,292.1695043372047,292.4387479994091,202.8623724125008,13.285192741939413,-299.90491830164433,89.30713192470392,1.1715066553486375,7.466170302235231
312.0,4.207417964935303,291.8794190279251,14.426636378524128,-292.1853443281528,291.8794190279251,292.1853443281528,202.62087010662106,13.256649212522598,-299.6528561355867,89.25854892130403,1.1699871660015297,7.467511807433937
320.0,4.317383289337158,291.5789938826076,14.394163381689141,-291.93125965510376,291.5789938826076,291.93125965510376,202.37628682419535,13.225558903998554,-299.39800478792864,89.20270705841224,1.1686044776905877,7.466745132824876
328.0,4.427350997924805,291.3946530427701,14.36233780166027,-291.77488644894703,291.3946530427701,291.77488644894703,202.24492835167115,13.19500362881124,-299.2401566053065,89.1497246910989,1.1673341728490314,7.465270156359438
336.0,4.537320137023926,291.339805140206,14.33455017399114,-291.7210257949724,291.339805140206,291.7210257949724,202.23024738835696,13.168383028175263,-299.18559606743446,89.10955775184905,1.1661671458158764,7.464570272462069
344.0,4.647290229797363,291.3132176610518,14.311911045526214,-291.6831365141311,291.3132176610518,291.6831365141311,202.23101571278477,13.146777058057236,-299.14817086668995,89.082201948267,1.1651339874689781,7.465034352558849
352.0,4.75725793838501,291.20718153453566,14.291902368126099,-291.57529431831637,291.20718153453566,291.57529431831637,202.1487026366635,13.127642209114448,-299.04123037245733,89.05847889787216,1.1642601590116506,7.465936054140979
360.0,4.867223262786865,291.01050608480085,14.270842330932759,-291.39345695180816,291.01050608480085,291.39345695180816,201.98096358970238,13.107306841010583,-298.85980221803266,89.02954249509847,1.1635354899221753,7.466345266224518
368.0,4.9771904945373535,290.80924119990607,14.247955644632354,-291.21017004218925,290.80924119990607,291.21017004218925,201.81411630243957,13.08503554750042,-298.6763381572009,88.99512489746652,1.1629200971319342,7.466168115011659
376.0,5.087159633636475,290.6918286003262,14.225572439495114,-291.0958180363509,290.6918286003262,291.0958180363509,201.72917504230014,13.063193889935661,-298.5619885577992,88.96265355802606,1.1623785495594525,7.466170521448316
384.0,5.1971306800842285,290.66494146609256,14.2062416247844,-291.0527578048808,290.66494146609256,291.0527578048808,201.72586166646923,13.044335686476838,-298.5199321607098,88.93907979962331,1.1619059383075623,7.467174355828988
392.0,5.307103157043457,290.65401076660623,14.190691732783376,-291.0185929131486,290.65401076660623,291.0185929131486,201.7299296846778,13.029175884390499,-298.48783278462497,88.92408108192842,1.1615158483928774,7.469239871476358
400.0,5.417073726654053,290.58379269072634,14.177018901938565,-290.9339425521414,290.58379269072634,290.9339425521414,201.67283972846,13.015796198604232,-298.4056054663681,88.91095296226638,1.1612227033343334,7.471662914226755
408.0,5.52704381942749,290.44969595309584,14.162752524842363,-290.79912241167426,290.44969595309584,290.79912241167426,201.55614463431453,13.001740191945736,-298.27280417584495,88.89355131878129,1.161012332896627,7.473681764170694
416.0,5.637013912200928,290.31464838600596,14.147330597116035,-290.6672753524124,290.31464838600596,290.6672753524124,201.442691165812,12.986475604189543,-298.14244057178473,88.87195722019398,1.1608549929264917,7.475165219372326
424.0,5.7469868659973145,290.2412088327841,14.132483593098922,-290.5881426733442,290.2412088327841,290.5881426733442,201.38956553203442,12.971755992095048,-298.0647626708767,88.85164330074963,1.1607276010038738,7.476619997532497
432.0,5.856962203979492,290.2306649651109,14.120054725294176,-290.5602115063787,290.2306649651109,290.5602115063787,201.39317982194592,12.959427778249566,-298.03879881912,88.83748514316501,1.1606269470446104,7.478587312741276
440.0,5.96693754196167,290.2290278431478,14.110343911429425,-290.5384557084884,290.2290278431478,290.5384557084884,201.39997116392087,12.949781471696655,-298.0195257907002,88.8290566792269,1.1605624397327698,7.481070082211755
448.0,6.076911449432373,290.18317161955815,14.10204391856559,-290.4807896262401,290.18317161955815,290.4807896262401,201.36167451176004,12.941502707751681,-297.96433702508966,88.82149710779814,1.1605412108139088,7.483547398849584
456.0,6.186878204345703,290.0923535357832,14.093263392411302,-290.38923538096174,290.0923535357832,290.38923538096174,201.2818157784306,12.932707502274209,-297.8747284564434,88.81053775735259,1.1605558901370934,7.485493075481628
464.0,6.296848297119141,290.0026216483859,14.083639483981942,-290.3024748626737,290.0026216483859,290.3024748626737,201.20614484444795,12.92305539850978,-297.7893269291858,88.79647680393796,1.1605840854721627,7.486852066512082
472.0,6.406822204589844,289.9577594055942,14.074512023067731,-290.2548243411076,289.9577594055942,290.2548243411076,201.17442563790743,12.913899834849182,-297.74284634324545,88.78333376768674,1.1606121882185487,7.488022002137818
480.0,6.5167975425720215,289.9568122873294,14.067063030833662,-290.24359702327774,289.9568122873294,290.24359702327774,201.1822857046177,12.906422231808326,-297.73300408007174,88.77452658271173,1.1606407990253356,7.489407056793969
488.0,6.626772403717041,289.9600145225132,14.061438643022624,-290.2354888758293,289.9600145225132,290.2354888758293,201.19042247665237,12.900760071264463,-297.7265073908662,88.7695920458608,1.1606785717581616,7.4910185150368775
496.0,6.736746311187744,289.9305237321844,14.056661647667527,-290.2011522424047,289.9305237321844,290.2011522424047,201.16550040083217,12.895927996640882,-297.69365787507377,88.76502333135223,1.1607336510266446,7.49250563266904
504.0,6.846716403961182,289.8692380708699,14.051426400260883,-290.1430244361346,289.8692380708699,290.1430244361346,201.11135864015696,12.890626169713851,-297.63655460355005,88.75787943071296,1.1608002305470322,7.4935301674154084
512.0,6.956686496734619,289.8100884922742,14.045447416669084,-290.08951103419577,289.8100884922742,290.08951103419577,201.06157377424836,12.884581861826604,-297.58360138605667,88.74851471802586,1.1608655548424807,7.494090351860905
520.0,7.0666632652282715,289.7833859526974,14.039748523571742,-290.0639722348483,289.7833859526974,290.0639722348483,201.04351148165128,12.878826820682587,-297.55847561088916,88.73987447104614,1.160921702889155,7.494503376040861
528.0,7.176638126373291,289.7873785900371,14.035174263529608,-290.06361321402693,289.7873785900371,290.06361321402693,201.0530386151466,12.874204233267406,-297.5586848859363,88.73433997489053,1.1609700302622024,7.495071671909407
536.0,7.286613464355469,289.7925597332928,14.031835784643427,-290.0635791617615,289.7925597332928,290.0635791617615,201.06107394233547,12.870816132588727,-297.5593881228574,88.73148579095732,1.1610196520546996,7.495808961095918
544.0,7.3965888023376465,289.77337728262785,14.02889007969215,-290.0437925061077,289.77337728262785,290.0437925061077,201.0446379660651,12.867815678567487,-297.54026166163277,88.72873931656272,1.1610744011246634,7.4964691555250695
552.0,7.506552219390869,289.7319344632225,14.025494932823616,-290.00699266192817,289.7319344632225,290.00699266192817,201.00786857677718,12.864361490302379,-297.5038144779049,88.72406588644535,1.161133442521237,7.496821815976702
560.0,7.6165242195129395,289.6928264297553,14.021574897892599,-289.97354337040446,289.6928264297553,289.97354337040446,200.97498067136257,12.860387764904017,-297.4704341830466,88.71784575839277,1.161187132988582,7.49689081264215
568.0,7.726499557495117,289.6773885119118,14.017796757728956,-289.9601015515535,289.6773885119118,289.9601015515535,200.96516584842766,12.85656599405105,-297.4570114491506,88.71222266348408,1.1612307636779065,7.4969098975971065
576.0,7.836474895477295,289.6828889957941,14.014784580908085,-289.9633960673005,289.6828889957941,289.9633960673005,200.97405340280798,12.853518431359182,-297.4604896593818,88.70883559298613,1.1612661495489025,7.4970935920812956
584.0,7.946447849273682,289.6881750149536,14.012610325912341,-289.9656274530687,289.6881750149536,289.9656274530687,200.98088916072066,12.851310149066038,-297.4630662203616,88.70728585423291,1.1613001768463036,7.4974387672929375
592.0,8.05642318725586,289.67522843528343,14.01064214622728,-289.95277911504195,289.67522843528343,289.95277911504195,200.9695288325367,12.84930592427429,-297.4505418107266,88.70569960274676,1.1613362219529897,7.497762695684628
600.0,8.166398048400879,289.646835033907,14.008339552409227,-289.9279065443703,289.646835033907,289.9279065443703,200.94414211853416,12.846966759248811,-297.4258115899398,88.70269291537284,1.1613727931604156,7.497905045569528
608.0,8.276373863220215,289.62085614392936,14.00558674771699,-289.90579362610123,289.62085614392936,289.90579362610123,200.92225924551207,12.844183706866703,-297.40367747367316,88.6985968984173,1.1614030408502867,7.497883847571906
616.0,8.386341094970703,289.6118687464041,14.00303903124886,-289.897728522243,289.6118687464041,289.897728522243,200.91687700156803,12.841613934677074,-297.3955977189993,88.6949917448361,1.1614250965717865,7.497869196756266
624.0,8.496315956115723,289.61733926208876,14.001009369873927,-289.9010983952873,289.61733926208876,289.9010983952873,200.9243615585196,12.83956847378261,-297.3990992883373,88.6929777035692,1.1614408960913174,7.498000893050026
632.0,8.606291770935059,289.62165663784026,13.99951474351195,-289.90285068738865,289.62165663784026,289.90285068738865,200.92945763428656,12.838060654512528,-297.40111426811444,88.69219900355372,1.161454088999422,7.498263580725769
640.0,8.716266632080078,289.61279829908113,13.998229186465672,-289.8934944233051,289.61279829908113,289.8934944233051,200.92147346587964,12.836759827943101,-297.39201667113275,88.69132483320149,1.1614693585225702,7.498522247827648
648.0,8.826236724853516,289.59314696584954,13.996652798364051,-289.87582035507666,289.59314696584954,289.87582035507666,200.90375342860852,12.835168814901213,-297.37447914164323,88.68939353724102,1.1614839834628388,7.49865878656658
656.0,8.936211585998535,289.5758119218854,13.994816390001574,-289.86056491374495,289.5758119218854,289.86056491374495,200.8890963602253,12.833321776274095,-297.35925614221645,88.68671556166012,1.1614946137274789,7.498691228471483
664.0,9.046187400817871,289.5704300705088,13.993074026718821,-289.855198905653,289.5704300705088,289.855198905653,200.88603898248988,12.831575211256457,-297.35393252988126,88.68439108801888,1.1614988154623642,7.498733624228233
672.0,9.15616226196289,289.5753037457978,13.9917452942501,-289.8579364032708,289.5753037457978,289.8579364032708,200.89209746690597,12.830246079367232,-297.356820409866,88.68320627889179,1.161499214882868,7.498884006595173
680.0,9.266132354736328,289.57858120921094,13.990829525067165,-289.85887605919845,289.57858120921094,289.85887605919845,200.8957327562711,12.829331163039742,-297.3579979453711,88.68284845293988,1.161498362027423,7.4991218861726345
688.0,9.376107215881348,289.57247935529847,13.989985749052165,-289.85214530141576,289.57247935529847,289.85214530141576,200.89010876245675,12.828486255440144,-297.3514932250842,88.68237059284172,1.1614994936120215,7.499347923668434
696.0,9.486083030700684,289.5587777573528,13.988970417557892,-289.83948626678637,289.5587777573528,289.83948626678637,200.87766292389384,12.827470344719641,-297.3389666550514,88.68111483345899,1.1615000728382512,7.499480388265049
704.0,9.596057891845703,289.547163624366,13.987787282085735,-289.82901668384267,289.547163624366,289.82901668384267,200.86782511085002,12.826288112928765,-297.32855076133035,88.679338513516,1.1614991691569703,7.499534077487706
712.0,9.706028938293457,289.54410922794915,13.986596154803674,-289.82577336995445,289.54410922794915,289.82577336995445,200.86628688846196,12.825102594987861,-297.3253625393413,88.6778223394872,1.1614935598158134,7.499589169386844
720.0,9.816004753112793,289.5481334457844,13.985800362235734,-289.8280087121359,289.5481334457844,289.8280087121359,200.87100768053497,12.82431437815906,-297.3277273886012,88.67712576524943,1.1614859840766734,7.499718676465285
728.0,9.925979614257812,289.5507448302002,13.985265302533945,-289.8288527685449,289.5507448302002,289.8288527685449,200.8737588946509,12.823786909678288,-297.32875294144645,88.67698593554931,1.1614783928556562,7.499900172901565
736.0,10.035954475402832,289.5464164660375,13.984722731615834,-289.82404245965137,289.5464164660375,289.82404245965137,200.86969416830095,12.823249262150526,-297.3241089523093,88.67672229773657,1.1614734694653084,7.500066492657961
744.0,10.145926475524902,289.53686032661835,13.98408483403876,-289.8152797449763,289.53686032661835,289.8152797449763,200.86097610346974,12.822616617940133,-297.31543544316605,88.67588422314859,1.1614682160986263,7.500155698189769
752.0,10.255901336669922,289.52914474371966,13.983277634388585,-289.80836194260934,289.52914474371966,289.80836194260934,200.85445433409612,12.82181560727139,-297.30855071163967,88.67469040962352,1.1614620271171958,7.500188769030334
760.0,10.365876197814941,289.52769732142167,13.982551899743338,-289.8065984663916,289.52769732142167,289.8065984663916,200.85399012901212,12.821097791773802,-297.3068226934738,88.67370719240958,1.1614541079695364,7.5002242270821995
768.0,10.475852012634277,289.5309114624232,13.982032471723132,-289.80862219713316,289.5309114624232,289.80862219713316,200.85760401054287,12.820587397507062,-297.308929625351,88.6733074518803,1.1614450742160702,7.500307428217862
776.0,10.585824012756348,289.532746382869,13.98172766076146,-289.809354107906,289.532746382869,289.809354107906,200.8594746343539,12.82029033491924,-297.3097786269363,88.6732717485151,1.1614373258422184,7.5004245190302825
784.0,10.69579792022705,289.52973300650063,13.981389103779676,-289.80611090574024,289.52973300650063,289.80611090574024,200.85660794173336,12.819958277884407,-297.3066386213579,88.67312506476729,1.1614308258952697,7.500527715617611
792.0,10.805773735046387,289.5229674365528,13.980972941662367,-289.79990132987115,289.5229674365528,289.79990132987115,200.85041505784818,12.819547807058953,-297.30047500768046,88.6725523787046,1.1614251346034141,7.500573677809296
800.0,10.915748596191406,289.5181212403278,13.980437937290748,-289.7957191064274,289.5181212403278,289.7957191064274,200.846360106377,12.819018024100878,-297.2963038441309,88.67176113395075,1.1614199131898708,7.5005847377034875
808.0,11.025721549987793,289.5174243198877,13.979986284183278,-289.79471948107556,289.5174243198877,289.79471948107556,200.84629645375784,12.818572671809793,-297.29531680920877,88.67112786612986,1.1614136123734848,7.5005973281332174
816.0,11.135696411132812,289.51993418851515,13.979656817266653,-289.7963360716019,289.51993418851515,289.7963360716019,200.84902616096642,12.818250786582457,-297.2969872818346,88.67090802754873,1.161406030684196,7.5006512102326965
824.0,11.245671272277832,289.5212268635991,13.979493576450794,-289.7968709773734,289.5212268635991,289.7968709773734,200.85031047109857,12.818092767898952,-297.29759465948575,88.67091639250056,1.1614008085518428,7.50072368211239
832.0,11.355647087097168,289.5189988037613,13.979230468829924,-289.7945159948477,289.5189988037613,289.7945159948477,200.8481674122515,12.817834182628253,-297.29530456800376,88.67083139150975,1.1613962862016702,7.500788573156036
840.0,11.465619087219238,289.5146150306464,13.979016976430882,-289.7902884091581,289.5146150306464,289.7902884091581,200.84415066172483,12.817624988141088,-297.29110588013816,88.67046436892153,1.1613919882897954,7.500817470980053
848.0,11.575594902038574,289.5112702429929,13.978636180024976,-289.78747989437716,289.5112702429929,289.78747989437716,200.84132646614987,12.817248196250182,-297.2883040907202,88.66994377684304,1.1613879837747945,7.500824196343029
856.0,11.685569763183594,289.5109031952362,13.978336189652872,-289.7867664028911,289.5109031952362,289.7867664028911,200.8413696569108,12.816952029484181,-297.2876004993472,88.66953353832538,1.1613841601686907,7.500834096456099
864.0,11.795544624328613,289.5126674384203,13.978150203342732,-289.787796249845,289.5126674384203,289.787796249845,200.84325615485565,12.816771034822256,-297.2886700741459,88.66941128356464,1.161379168520476,7.500873824300935
872.0,11.905517578125,289.51360716350143,13.97802841262432,-289.78827497352836,289.51360716350143,289.78827497352836,200.84417451374287,12.81665221824923,-297.28919948095125,88.66943264975859,1.1613761943750909,7.500924507422919
880.0,12.01549243927002,289.51214442530613,13.977891823770843,-289.78655478849066,289.51214442530613,289.78655478849066,200.84273380479357,12.816518264620559,-297.2875292393028,88.66941062051256,1.1613735591502845,7.500974450812102
888.0,12.125468254089355,289.509284186169,13.97772759144002,-289.78371944690406,289.509284186169,289.78371944690406,200.84011137461746,12.816356530410275,-297.2847191113732,88.66917281155153,1.1613710610297456,7.5009996644691554
896.0,12.235443115234375,289.50696049281487,13.977451857914478,-289.7816520652188,289.50696049281487,289.7816520652188,200.83812049738975,12.816082089332065,-297.28266268312086,88.66883999542512,1.1613697685824125,7.501010617902093
904.0,12.345416069030762,289.50658418690483,13.97724273939055,-289.7810621421142,289.50658418690483,289.7810621421142,200.8380209468557,12.81587563516971,-297.28208240004096,88.66856324004915,1.1613671042208384,7.501020257926758
912.0,12.455390930175781,289.5078251830548,13.977170110106622,-289.78157409689607,289.5078251830548,289.78157409689607,200.83933251214935,12.815805139505613,-297.28262897878733,88.66849267090544,1.1613649706010083,7.501054881891271
920.0,12.5653657913208,289.50859409867894,13.97712156736923,-289.7820089295285,289.50859409867894,289.7820089295285,200.84007444386933,12.815758659456812,-297.28310450972117,88.6685196548096,1.1613629079124177,7.501095580192658
928.0,12.675341606140137,289.50788726793814,13.977032036014426,-289.78095814545344,289.50788726793814,289.78095814545344,200.83936240198096,12.815669946409871,-297.28209399574604,88.66852486595721,1.1613620896045553,7.501135850292588
936.0,12.785313606262207,289.50579634513576,13.97688545500843,-289.77876008799296,289.50579634513576,289.77876008799296,200.8374101331329,12.815523840376326,-297.2799219555814,88.66838621200284,1.1613616146321046,7.501161867588433
944.0,12.895289421081543,289.50430485186837,13.976705272911532,-289.7774483801625,289.50430485186837,289.7774483801625,200.8361213251504,12.815344959897438,-297.2786248832932,88.668183526718,1.1613603130140948,7.501176503130701
952.0,13.005264282226562,289.50382346615334,13.976601392955871,-289.7767611782321,289.50382346615334,289.7767611782321,200.83582335762637,12.815241872065384,-297.27794904198913,88.668000108527,1.1613595208904872,7.501187863757032
960.0,13.115239143371582,289.50435361930926,13.976511571780248,-289.77679446417864,289.50435361930926,289.77679446417864,200.83643019803293,12.815153027110313,-297.27800711747244,88.66792342127631,1.1613585446699357,7.501212653293795
968.0,13.225212097167969,289.5050546323067,13.976498140965898,-289.7770599671587,289.5050546323067,289.7770599671587,200.83711382701776,12.815141137417056,-297.2783076418473,88.66794080528899,1.1613570035488419,7.501247674688528
976.0,13.335186958312988,289.504971330074,13.976492102345608,-289.7767015832642,289.504971330074,289.7767015832642,200.83700998289052,12.81513511048647,-297.2779796310977,88.66796134718345,1.1613569918591384,7.501278047833537
984.0,13.445162773132324,289.50407973459147,13.976377843706713,-289.77560143168085,289.50407973459147,289.77560143168085,200.83615109824302,12.81502154894833,-297.2769064320355,88.66792863634845,1.1613562947583826,7.501305000354652
992.0,13.555137634277344,289.50284496756575,13.97628914174586,-289.77421984545106,289.50284496756575,289.77421984545106,200.8350189779378,12.814932979330337,-297.275545444681,88.66782598962796,1.1613561624155242,7.501325599229897
1000.0,13.66511058807373,289.50215339581734,13.976173061566149,-289.7736597540782,289.50215339581734,289.7736597540782,200.8344523332616,12.814817602823469,-297.27499443377724,88.66770106255574,1.1613554587426798,7.501334679699021
1008.0,13.77508544921875,289.5020907174842,13.976143378489798,-289.77322303632025,289.5020907174842,289.77322303632025,200.83447819088593,12.814788700857154,-297.2745721629676,88.66761252659822,1.1613546776326444,7.501349126647369
1016.0,13.88506031036377,289.50236542591654,13.976116750289828,-289.77310386479587,289.50236542591654,289.77310386479587,200.83478315192386,12.81476308139659,-297.2744741341917,88.66758227399269,1.1613536688932378,7.501370269395803
1024.0,13.995036125183105,289.50260095303634,13.97611165561581,-289.77297314174723,289.50260095303634,289.77297314174723,200.83500668653517,12.814759381877458,-297.27437070821105,88.66759426650118,1.161352273738352,7.501397566463837
1032.0,14.105006217956543,289.5026006175792,13.976126177826721,-289.77273911599553,289.5026006175792,289.77273911599553,200.834993235284,12.81477307025135,-297.2741588913682,88.6676073822952,1.161353107575371,7.501419775372639
1040.0,14.214983940124512,289.5020929616928,13.976038063156073,-289.77211288689136,289.5020929616928,289.77211288689136,200.83449724738034,12.814686232535351,-297.27355312793975,88.66759571431245,1.1613518306207222,7.501440241048389
1048.0,14.324958801269531,289.5015826622455,13.975965408780084,-289.77137146372615,289.5015826622455,289.77137146372615,200.83403462609093,12.814614010686682,-297.27282899762594,88.66754803615453,1.1613513980934016,7.501457533899785
1056.0,14.43493366241455,289.50123763227134,13.975941961602626,-289.7709359982818,289.50123763227134,289.7709359982818,200.833729630579,12.814590305520094,-297.2724104508253,88.66750800169234,1.161351656082532,7.501474452543508
1064.0,14.544909477233887,289.50090394522726,13.975861253333935,-289.77049088678643,289.50090394522726,289.77049088678643,200.8334563641065,12.81451176786808,-297.2719751626744,88.66744758112075,1.1613494854658555,7.501484275887957
1072.0,14.654887199401855,289.5007469823479,13.97585664936412,-289.7700982883966,289.5007469823479,289.7700982883966,200.83333235208596,12.814505839542601,-297.2715967983977,88.66741463026193,1.1613508098215188,7.501498510001099
1080.0,14.764862060546875,289.50085541024487,13.975837250638294,-289.76993071405263,289.50085541024487,289.76993071405263,200.83345663832034,12.814488412334436,-297.27144438881226,88.66739877192452,1.1613488383038586,7.5015136747596465
1088.0,14.874836921691895,289.5006357091962,13.975799937535811,-289.7694730176253,289.5006357091962,289.7694730176253,200.83324956382899,12.814452470196636,-297.2710038358248,88.66738614536726,1.1613474673391746,7.5015308181995195
1096.0,14.98480224609375,289.5007601059167,13.975809860146946,-289.7693454446455,289.5007601059167,289.7693454446455,200.83336721352532,12.814462263531686,-297.2708945002819,88.66739289239139,1.1613475966152595,7.501549055636367
1104.0,15.09477710723877,289.5006776293443,13.975784566326709,-289.7690301096854,289.5006776293443,289.7690301096854,200.83328419300102,12.814438343621521,-297.2705963936894,88.6673934363433,1.1613462227051876,7.501566284004035
1112.0,15.204750061035156,289.500396456561,13.975750048453701,-289.76856260274593,289.500396456561,289.76856260274593,200.83301123562381,12.814404715267543,-297.27014422936935,88.66738522093723,1.1613453331861585,7.501581626623441
1120.0,15.314724922180176,289.50033797790877,13.975715019750476,-289.7683252253903,289.50033797790877,289.7683252253903,200.83296223720333,12.81436993805916,-297.26992135133827,88.66737574070547,1.1613450816913158,7.501596125947952
1128.0,15.424701690673828,289.4999648347004,13.975689461264489,-289.7677707365265,289.4999648347004,289.7677707365265,200.83260050205982,12.814345674690102,-297.2693821552214,88.66736433264056,1.1613437865743865,7.501611418694928
1136.0,15.53467845916748,289.499949165049,13.975650549637647,-289.7676464670651,289.499949165049,289.7676464670651,200.83260668506608,12.814307395815511,-297.2692689264297,88.66734247998292,1.161343153822136,7.501622459364597
1144.0,15.6446533203125,289.4997360317734,13.975631351532398,-289.7672468801222,289.4997360317734,289.7672468801222,200.83240452615493,12.814288632008365,-297.2688820540958,88.66733150561845,1.1613427195240327,7.501635173973643
1152.0,15.75462818145752,289.4997177426552,13.975591556042682,-289.76705916999646,289.4997177426552,289.76705916999646,200.83240283648695,12.814250417728296,-297.2687063118752,88.66731490616823,1.161341138314386,7.501647141878728
1160.0,15.864601135253906,289.4997075569283,13.97560029898265,-289.76683448180745,289.4997075569283,289.76683448180745,200.83239070135147,12.81425956618055,-297.26849502016063,88.66731685557683,1.1613407328021008,7.501660538353196
1168.0,15.974575996398926,289.4995995600973,13.975586568885847,-289.7665048764485,289.4995995600973,289.7665048764485,200.83228647138307,12.814246823791777,-297.26817904423916,88.66731308871425,1.16133974509407,7.501674167790657
1176.0,16.084550857543945,289.4995048721893,13.975570122370367,-289.7661978313622,289.4995048721893,289.7661978313622,200.83219472668884,12.814230965866459,-297.2678855500324,88.66731014550044,1.1613391565039084,7.501687718670226
1184.0,16.19452667236328,289.4993169731804,13.975556233798766,-289.76590724081814,289.4993169731804,289.76590724081814,200.83201144933284,12.81421804305267,-297.2676070776578,88.66730552384755,1.161338190746097,7.501699836839652
1192.0,16.30450439453125,289.4994559955403,13.975551696523043,-289.76580175247636,289.4994559955403,289.76580175247636,200.83215080320235,12.814214342617353,-297.26751402273334,88.66730519233792,1.1613373539056902,7.501712270256981
1200.0,16.414480209350586,289.49915696900666,13.97553044908539,-289.7653467670544,289.49915696900666,289.7653467670544,200.83185831409168,12.81419429480652,-297.26707113764587,88.66729865491499,1.161336154278871,7.5017243705915035
1208.0,16.52445411682129,289.4990700188629,13.975523738872386,-289.7651170646041,289.4990700188629,289.7651170646041,200.8317728819148,12.814188400892382,-297.2668537878914,88.6672971369481,1.1613353379800042,7.501736723287305
1216.0,16.634431838989258,289.49897999157974,13.975489031121548,-289.7648798919059,289.49897999157974,289.7648798919059,200.8316918315358,12.814154450596932,-297.26662738203214,88.66728816004392,1.1613345805246151,7.50174749012627
1224.0,16.74439811706543,289.49898797114395,13.97548599029287,-289.7646819834817,289.49898797114395,289.7646819834817,200.83170238154807,12.814152450232413,-297.2664404223591,88.66728558959588,1.1613335400604576,7.501758438877417
1232.0,16.854373931884766,289.4988693557771,13.975468285413507,-289.7643987714103,289.4988693557771,289.7643987714103,200.8315848893606,12.814135779771842,-297.2661687599311,88.6672844664165,1.1613325056416652,7.501769988520785
1240.0,16.9643497467041,289.4989080795284,13.975494537342522,-289.76424439513005,289.4989080795284,289.76424439513005,200.83161655222258,12.814162890769339,-297.26602720498363,88.66729152730579,1.161331646573183,7.501782809853552
1248.0,17.074323654174805,289.4986516161015,13.975474314089821,-289.76387231807007,289.4986516161015,289.76387231807007,200.83136647948726,12.81414342379064,-297.26566558329307,88.66728513661425,1.1613308902991815,7.501793265222982
1256.0,17.18429946899414,289.49861801384895,13.975435734434306,-289.7637167830354,289.49861801384895,289.7637167830354,200.8313405313242,12.814105472526133,-297.26551910361405,88.66727748252475,1.161330261908173,7.501802320578626
1264.0,17.294275283813477,289.49850499457335,13.975416692610242,-289.7634365132725,289.49850499457335,289.7634365132725,200.8312327337143,12.814087596109317,-297.2652484595243,88.66727226085905,1.1613290965009249,7.501811946251813
1272.0,17.404251098632812,289.49835480504817,13.975385821460227,-289.7631846758704,289.49835480504817,289.7631846758704,200.83108707889855,12.814057199079167,-297.26500690224464,88.66726772614965,1.1613286223810597,7.501822226374252
1280.0,17.51422691345215,289.4985221892366,13.97537653069252,-289.7631862106814,289.4985221892366,289.7631862106814,200.83125363258404,12.814049112782868,-297.26501783887835,88.66726855665256,1.1613274179096518,7.50183162819695
1288.0,17.624197006225586,289.49847943151815,13.975404024089803,-289.7629186827682,289.49847943151815,289.7629186827682,200.83119851057347,12.81407751285543,-297.2647624986255,88.6672809209447,1.161326511234373,7.50184381585726
1296.0,17.73417091369629,289.49832043098127,13.975397729521962,-289.76262074001323,289.49832043098127,289.76262074001323,200.83103771916163,12.814071965619629,-297.26447529658174,88.66728271181965,1.161325763902333,7.501854556568492
1304.0,17.844146728515625,289.4982155063779,13.97538345929206,-289.7624135667701,289.4982155063779,289.7624135667701,200.83093485460114,12.814058014851991,-297.2642782130547,88.66728065177676,1.1613254444400685,7.501864646284645
1312.0,17.95412254333496,289.49812731274324,13.97533304607281,-289.762197848763,289.49812731274324,289.762197848763,200.8308566496353,12.814009086188786,-297.2640703426582,88.66727066310794,1.1613239598840241,7.5018724938952275
1320.0,18.064098358154297,289.4981728505926,13.975334817591628,-289.7621205272716,289.4981728505926,289.7621205272716,200.83089694191975,12.81401193155555,-297.26400234078676,88.66727590867282,1.1613228860360785,7.5018818135151655
1328.0,18.174074172973633,289.4980066281827,13.975321295690765,-289.76178959176974,289.4980066281827,289.76178959176974,200.83073187823754,12.813998841579979,-297.26368156588404,88.66727474994515,1.1613224541107865,7.501891974114301
1336.0,18.284048080444336,289.4980382027973,13.975294555288835,-289.76171136489694,289.4980382027973,289.76171136489694,200.83076513842317,12.813973242146107,-297.26361192049984,88.66727306437413,1.1613213131427287,7.501900555602919
1344.0,18.394023895263672,289.4979383551188,13.975268664326432,-289.7614631128013,289.4979383551188,289.7614631128013,200.83066257014195,12.813948230641074,-297.2633741555394,88.6672757849768,1.1613204336853578,7.501911042738062
1352.0,18.503992080688477,289.49783709722163,13.975250611707656,-289.7612479822986,289.49783709722163,289.7612479822986,200.83056095278113,12.813931388590385,-297.26316800620566,88.66727614444049,1.161319223117271,7.501920023907072
1360.0,18.613967895507812,289.49773733733457,13.975200356746777,-289.7610410318439,289.49773733733457,289.7610410318439,200.83046648936536,12.81388181614131,-297.26296965265817,88.66727084796923,1.1613185406054676,7.501928620814311
1368.0,18.72394371032715,289.4979390697178,13.975205243202348,-289.7610893676865,289.4979390697178,289.7610893676865,200.83066044480327,12.813887628723652,-297.2630269821674,88.66727862491454,1.1613176144786959,7.501937614480884
1376.0,18.833919525146484,289.4978261504202,13.975217534625171,-289.76084522764813,289.4978261504202,289.76084522764813,200.83053426269817,12.813901102830389,-297.2627931901744,88.66729188772206,1.1613164317947824,7.501947962526302
1384.0,18.94389533996582,289.49771010700385,13.975206464148341,-289.7606066126434,289.49771010700385,289.7606066126434,200.83041810230344,12.813890927759047,-297.2625634629571,88.66729200470041,1.161315536389294,7.501956850313665
1392.0,19.053871154785156,289.49779316959234,13.975202157748157,-289.7605114788245,289.49779316959234,289.7605114788245,200.8304971973459,12.813887679239105,-297.26247728403996,88.66729597224646,1.161314478509052,7.501965805215416
1400.0,19.163846969604492,289.49762241102417,13.97521600115698,-289.7602733528273,289.49762241102417,289.7602733528273,200.83032117268743,12.813902361030431,-297.26224831489947,88.66730123833673,1.161313640126549,7.501974962072179
1408.0,19.273820877075195,289.4974562012977,13.975170163185592,-289.7599762878259,289.4974562012977,289.7599762878259,200.83016625514668,12.813857128438928,-297.2619581611676,88.66728994615104,1.161313034746664,7.501981873341734
1416.0,19.383790969848633,289.4973946541545,13.975120204788263,-289.7599167191408,289.4973946541545,289.7599167191408,200.83011217609155,12.81380834403253,-297.26190432217106,88.66728247806294,1.161311860755733,7.501987603030269
1424.0,19.49376678466797,289.4975167795134,13.975108016496455,-289.75986098942946,289.4975167795134,289.75986098942946,200.8302301661177,12.813797095350898,-297.26185667124327,88.66728661339565,1.1613109211455566,7.501995681813806
1432.0,19.603742599487305,289.4974097762965,13.975102711804242,-289.7596415942816,289.4974097762965,289.7596415942816,200.83011479812438,12.813792397751854,-297.26164640024643,88.66729497817208,1.161310314052388,7.5020048059648055
1440.0,19.713716506958008,289.4973923311983,13.975076481105898,-289.75947500060784,289.4973923311983,289.75947500060784,200.8300970946941,12.813767044235785,-297.2614885282054,88.66729523650417,1.1613094368701127,7.5020135275975655
1448.0,19.823692321777344,289.49740716280667,13.975077961770722,-289.75942371574706,289.49740716280667,289.75942371574706,200.83010132058416,12.813769356341695,-297.2614457639563,88.66730584222252,1.1613086054290278,7.50202204820928
1456.0,19.93366813659668,289.49724799335854,13.975055945900289,-289.75909628629927,289.49724799335854,289.75909628629927,200.82994246171674,12.813748162928622,-297.2611272399316,88.66730553164183,1.161307782971667,7.5020309536323495
1464.0,20.043642044067383,289.49738981942966,13.975055903845139,-289.7591410277313,289.49738981942966,289.7591410277313,200.83007826257955,12.813748849665846,-297.2611795518851,88.66731155685012,1.161307054179293,7.502038524153807
1472.0,20.15361976623535,289.49723411028765,13.97505729050565,-289.7588502792357,289.49723411028765,289.7588502792357,200.82991578712898,12.81375119011012,-297.26089796948713,88.6673183231587,1.1613061003955298,7.5020476902514375
1480.0,20.263587951660156,289.49719498696953,13.975029501886164,-289.75875651054434,289.49719498696953,289.75875651054434,200.82988066309105,12.81372446034488,-297.2608108239524,88.66731432387849,1.1613050415412847,7.502054313408038
1488.0,20.373563766479492,289.4972220984361,13.975033510523755,-289.75860701235734,289.4972220984361,289.75860701235734,200.8298995287526,12.813729146145047,-297.2606696915298,88.66732256968352,1.161304364378708,7.502062679172479
1496.0,20.483537673950195,289.4972426642753,13.975049881520858,-289.75849361483307,289.4972426642753,289.75849361483307,200.82991193901182,12.813746613166312,-297.2605651354133,88.66733072526347,1.161303268354546,7.502071520580223
1504.0,20.593515396118164,289.49707354534013,13.975048679579448,-289.7582285924736,289.49707354534013,289.7582285924736,200.82974122041333,12.813746177475451,-297.26030811947123,88.6673323249268,1.1613025021039967,7.502079526997637
1512.0,20.703489303588867,289.4969462269111,13.975010653654968,-289.7579986081766,289.4969462269111,289.7579986081766,200.82962170874677,12.813708837899298,-297.260084067033,88.66732451816435,1.1613018157556692,7.5020854588564205
1520.0,20.813467025756836,289.49696678378166,13.974993614468561,-289.75797775389054,289.49696678378166,289.75797775389054,200.8296431692974,12.813692976321299,-297.26006923133593,88.66732361448423,1.161300638147262,7.502091477445365
1528.0,20.92344093322754,289.49680614498925,13.974951225555797,-289.75777137192756,289.49680614498925,289.75777137192756,200.82948929750617,12.813651537214174,-297.25986814407145,88.66731684748305,1.1612996883416233,7.502096772143911
1536.0,21.033416748046875,289.4970116747301,13.97494097800645,-289.75785276289946,289.4970116747301,289.75785276289946,200.82969095902249,12.813641885676779,-297.2599561199497,88.66732071570762,1.1612990923296707,7.502103357050284
1544.0,21.143386840820312,289.4972406513487,13.975002739538816,-289.75786863021364,289.4972406513487,289.75786863021364,200.82989570470215,12.813705003412188,-297.25997999880326,88.66734494664655,1.1612977361266275,7.502111368589617
1552.0,21.25336265563965,289.49717437528966,13.975056026815114,-289.7576655786236,289.49717437528966,289.7576655786236,200.82981059125262,12.81375900396564,-297.25978569001273,88.66736378403701,1.1612970228494746,7.502120111389164
1560.0,21.36333656311035,289.4968642607332,13.975037746335454,-289.7573201917236,289.4968642607332,289.7573201917236,200.82950469246364,12.813740940491693,-297.25944523518444,88.66735956826957,1.1612968058437616,7.50212504346085
1568.0,21.473312377929688,289.49681038327685,13.97499785054014,-289.75713461572354,289.49681038327685,289.75713461572354,200.82945734770163,12.813702242224949,-297.25926659315064,88.66735303557525,1.161295608315191,7.502131977427094
1576.0,21.583288192749023,289.49673698937676,13.97496714477185,-289.75702040987426,289.49673698937676,289.75702040987426,200.82938671688512,12.813672432742713,-297.25915812920863,88.66735027249162,1.1612947120291377,7.502137719334399
1584.0,21.693262100219727,289.49677496258755,13.974962446398576,-289.7569271733303,289.49677496258755,289.7569271733303,200.82942637547228,12.81366823027202,-297.2590717549107,88.66734858711524,1.1612942161265565,7.502144581580357
1592.0,21.803237915039062,289.49681520031777,13.974972899654807,-289.75685237470486,289.49681520031777,289.75685237470486,200.82945897255357,12.813679936189978,-297.2590042240101,88.6673562277642,1.1612929634648292,7.5021518493052355
1600.0,21.9132137298584,289.4966840592308,13.97497610705009,-289.756581721467,289.4966840592308,289.756581721467,200.8293252000315,12.813684166594921,-297.2587408714269,88.66735885919931,1.1612919404551683,7.5021591499598514
1608.0,22.02318572998047,289.49667309470686,13.974973904127987,-289.75650195983985,289.49667309470686,289.75650195983985,200.82931412038604,12.813682124342673,-297.25866752068225,88.66735897432082,1.161291779785314,7.502165560842393
1616.0,22.133161544799805,289.49664233835904,13.974962137142152,-289.75636437088446,289.49664233835904,289.75636437088446,200.82927974943004,12.813671497095926,-297.25853660846474,88.66736258892898,1.161290640046225,7.5021722375802575
1624.0,22.243135452270508,289.49649791728916,13.974932208503976,-289.7561893428543,289.49649791728916,289.7561893428543,200.8291372301154,12.813642432024123,-297.2583676373264,88.66736068717378,1.1612897764798529,7.502178294472088
1632.0,22.353111267089844,289.4964881886051,13.97488975028643,-289.75610933659044,289.4964881886051,289.75610933659044,200.82913304444577,12.813600704239828,-297.2582921278397,88.6673551441593,1.1612890460466012,7.502182791249247
1640.0,22.46308708190918,289.49671518303654,13.97489806066924,-289.75622975907027,289.49671518303654,289.75622975907027,200.82934836559997,12.81361013245624,-297.2584191579691,88.66736681743657,1.1612879282129995,7.502189398898825
1648.0,22.57306480407715,289.49677157739677,13.974934166536691,-289.75608040105874,289.49677157739677,289.75608040105874,200.82938542875632,12.813646712252442,-297.2582775565171,88.66738614864045,1.161287454284249,7.502197155458333
1656.0,22.68303871154785,289.4967324966153,13.974971426930068,-289.7559445687958,289.4967324966153,289.7559445687958,200.82933380538398,12.813684837243976,-297.2581492917592,88.66739869123137,1.1612865896860924,7.502204722963366
1664.0,22.793014526367188,289.49663132563717,13.974980565487392,-289.75576412748137,289.49663132563717,289.75576412748137,200.82922711863134,12.813694673569238,-297.25797505097546,88.66740420700586,1.1612858919181548,7.5022109234940615
1672.0,22.902984619140625,289.49643339303304,13.974965793107659,-289.7555072890017,289.49643339303304,289.7555072890017,200.8290354318741,12.813680490882433,-297.2577234169461,88.66739796115891,1.1612853022252256,7.50221612794439
1680.0,23.01296043395996,289.4962785748587,13.974916254662189,-289.7553452912314,289.4962785748587,289.7553452912314,200.82889339491783,12.813631461399464,-297.2575646108847,88.6673851799409,1.161284793262725,7.502219319653282
1688.0,23.12293815612793,289.4962821035466,13.974852133753732,-289.7553059355379,289.4962821035466,289.7553059355379,200.8289042047547,12.813568471313397,-297.25752862017407,88.66737789879191,1.1612836624403347,7.502222684636202
1696.0,23.23291015625,289.49639319316367,13.974841859771022,-289.75533927688167,289.49639319316367,289.75533927688167,200.82901189948177,12.813559073959937,-297.2575674302841,88.6673812936819,1.1612827858110855,7.502228153402449
1704.0,23.34288787841797,289.49644790547984,13.974859462210466,-289.75524970569643,289.49644790547984,289.75524970569643,200.82905509416878,12.813577321225987,-297.25748483511893,88.66739281131107,1.1612821409844791,7.502235129422491
1712.0,23.452863693237305,289.49643581811563,13.974881578860625,-289.755088087829,289.49643581811563,289.755088087829,200.82903168856566,12.813600260252084,-297.25733077442544,88.66740412954996,1.1612813186085411,7.502242686596471
1720.0,23.562837600708008,289.49635862228354,13.97487375171613,-289.7549587074757,289.49635862228354,289.7549587074757,200.82894807586513,12.813593036456446,-297.2572077419868,88.66741054641844,1.161280715259684,7.5022490345111486
1728.0,23.672813415527344,289.49628856891724,13.974838495960915,-289.75485723177405,289.49628856891724,289.75485723177405,200.82887779765028,12.813558392669128,-297.25711193398047,88.66741077126696,1.1612801032917872,7.502254702206425
1736.0,23.78278350830078,289.4963699214599,13.9748273411469,-289.75481909035494,289.4963699214599,289.75481909035494,200.82895426321605,12.813548164709296,-297.2570798007333,88.66741565824387,1.1612791764376045,7.502260710378376
1744.0,23.892759323120117,289.49637113606104,13.974837230688031,-289.75471897959517,289.49637113606104,289.75471897959517,200.8289449131289,12.81355843182154,-297.2569860502921,88.66742622293211,1.1612787988664905,7.502267070696931
1752.0,24.002737045288086,289.49624311475486,13.974827120228339,-289.7545203161699,289.49624311475486,289.7545203161699,200.82881477090473,12.813549341648532,-297.2567932263185,88.66742834385013,1.161277778579807,7.50227291014863
1760.0,24.11271095275879,289.4961293246756,13.974799139178941,-289.7543963105684,289.4961293246756,289.7543963105684,200.82870586472842,12.813522036073437,-297.2566742666432,88.6674234599472,1.1612771031055047,7.502277956074799
1768.0,24.222686767578125,289.49608442631126,13.97476357406493,-289.75429249948604,289.49608442631126,289.75429249948604,200.8286662124833,12.813487017833932,-297.25657430874014,88.66741821382794,1.1612765562309981,7.502281809254072
1776.0,24.33266258239746,289.49612490366906,13.974746396028836,-289.75425543472653,289.49612490366906,289.75425543472653,200.8287050955148,12.813470899124523,-297.25654222933537,88.66741980815422,1.161275496904313,7.50228679460886
1784.0,24.442636489868164,289.4961634299733,13.974747719908256,-289.75419393837774,289.4961634299733,289.75419393837774,200.8287360042301,12.813472780896431,-297.256486732907,88.66742742574323,1.1612749390118253,7.502292794529247
1792.0,24.5526123046875,289.49624140349783,13.974751481469985,-289.75416802752926,289.49624140349783,289.75416802752926,200.82880366770223,12.813477174726232,-297.256467007031,88.6674377357956,1.1612743067437528,7.502298979501738
1800.0,24.66258430480957,289.496212448498,13.974782960891975,-289.75406553080063,289.496212448498,289.75406553080063,200.8287648408003,12.813509574677038,-297.25637042937916,88.66744760769774,1.161273386214937,7.502304898578526
1808.0,24.772560119628906,289.49604324657724,13.974775111282844,-289.75387235806426,289.49604324657724,289.75387235806426,200.82859613718162,12.813502373487786,-297.25618193646307,88.66744710939562,1.1612727377950574,7.5023095783987905
1816.0,24.882535934448242,289.4959168599655,13.974714440192919,-289.75370699767495,289.4959168599655,289.75370699767495,200.8284779645359,12.813442342831488,-297.2560195058292,88.6674388954296,1.1612720973614312,7.5023125081542865
1824.0,24.992509841918945,289.4960295804968,13.974690667744355,-289.75377843938924,289.4960295804968,289.75377843938924,200.8285910326095,12.813419653603985,-297.25609489941235,88.6674385478873,1.16127101414037,7.502316460023131
1832.0,25.10248565673828,289.4960599034209,13.974700774941953,-289.75371197743027,289.4960599034209,289.75371197743027,200.82861449584294,12.813430548473452,-297.2560335374205,88.66744540757797,1.1612702264685009,7.502321559990214
1840.0,25.212461471557617,289.49597785386595,13.974690418561062,-289.75355627274024,289.49597785386595,289.75355627274024,200.82852702339625,12.813421082443943,-297.2558836734465,88.66745083046972,1.161269336117119,7.502327400706232
1848.0,25.32243537902832,289.4958229141455,13.97464254442931,-289.7533781861461,289.4958229141455,289.7533781861461,200.82837620924636,12.813374132233813,-297.25570933579866,88.66744670489912,1.161268412195497,7.502331149652573
1856.0,25.432411193847656,289.4957978954051,13.974601785003317,-289.75336576785315,289.4957978954051,289.75336576785315,200.82835794012703,12.813333606495025,-297.25570025526383,88.66743995527807,1.1612681785082923,7.502334487410661
1864.0,25.542383193969727,289.49589391738215,13.97457672248634,-289.75342152631566,289.49589391738215,289.75342152631566,200.82845010398353,12.81330946743423,-297.25576014882705,88.66744381339862,1.1612672550521097,7.502338622511413
1872.0,25.652359008789062,289.4959818625715,13.974574429608998,-289.75336245591245,289.4959818625715,289.75336245591245,200.82852716697204,12.813307920764771,-297.25570641679485,88.66745469559945,1.1612665088442267,7.502343960882396
1880.0,25.7623348236084,289.4960715599068,13.974606268234009,-289.7533461107303,289.4960715599068,289.7533461107303,200.82860095667235,12.81333999770585,-297.2556956999505,88.66747060323445,1.1612662705281593,7.502349589220145
1888.0,25.8723087310791,289.4960131984923,13.974613981384376,-289.75324394464985,289.4960131984923,289.75324394464985,200.82853278091403,12.813348591082276,-297.25559872532847,88.66748041757828,1.1612653903021002,7.50235478067864
1896.0,25.982284545898438,289.4959071243711,13.97460453022258,-289.7530679082552,289.4959071243711,289.7530679082552,200.8284243701561,12.81333997958269,-297.2554274919495,88.667482754215,1.1612645506398902,7.502359583694272
1904.0,26.092260360717773,289.4957840504876,13.974580007939654,-289.75296140294324,289.4957840504876,289.75296140294324,200.8283049578427,12.813316140156953,-297.255324270355,88.66747909264488,1.1612638677827007,7.502362867411769
1912.0,26.202234268188477,289.49572586246575,13.97453600730898,-289.75282248089815,289.49572586246575,289.75282248089815,200.8282528257832,12.813272979870506,-297.25518901446776,88.66747303668257,1.1612630274384745,7.502366533569635
1920.0,26.312210083007812,289.49572026918037,13.974517727478753,-289.7528163178567,289.49572026918037,289.7528163178567,200.82824870731918,12.813255283301888,-297.25518667572254,88.66747156186118,1.1612624441768649,7.502370357865843
1928.0,26.422182083129883,289.4956084361074,13.974479119269136,-289.7526534198739,289.4956084361074,289.7526534198739,200.82813947705608,12.813217911730781,-297.25502753389935,88.66746895905128,1.1612612075383542,7.502374114025436
1936.0,26.53215789794922,289.49553422640383,13.974433947745018,-289.7525911274727,289.49553422640383,289.7525911274727,200.82807024345513,12.8131731377491,-297.2549686032602,88.66746398294873,1.1612608099959179,7.502377475787444
1944.0,26.642133712768555,289.49551320589035,13.974376437529408,-289.75259234508957,289.49551320589035,289.75259234508957,200.8280526701072,12.813115998332549,-297.25497203925386,88.66746053578315,1.1612604391968588,7.502379694164272
1952.0,26.752107620239258,289.49574721185513,13.974351576893635,-289.7527500129161,289.49574721185513,289.7527500129161,200.82827926497868,12.813091616367341,-297.25513355217265,88.66746794687646,1.1612599605262943,7.502383539256531
1960.0,26.862083435058594,289.49593685444245,13.974404740575158,-289.75278873169066,289.49593685444245,289.75278873169066,200.82844472533844,12.81314588924546,-297.2551775515337,88.66749212910399,1.1612588513296984,7.502388819843031
1968.0,26.97205924987793,289.4959216890756,13.974435379300427,-289.75268663176894,289.4959216890756,289.75268663176894,200.82841100065832,12.813176803051029,-297.2550811201932,88.66751068841728,1.1612585762493985,7.502394488424258
1976.0,27.082033157348633,289.4957476693837,13.974423337402301,-289.7524889565736,289.4957476693837,289.7524889565736,200.82823344886734,12.813165543877371,-297.25488748575907,88.66751422051635,1.1612577935249302,7.50239852918547
1984.0,27.19200897216797,289.49557713424343,13.974372291407708,-289.75231435571965,289.49557713424343,289.75231435571965,200.82806777450514,12.813114859052966,-297.25471658332947,88.66750935973829,1.1612574323547413,7.5024022276097995
1992.0,27.30198097229004,289.495557007501,13.974328997577533,-289.7522695054908,289.495557007501,289.7522695054908,200.82805261584454,12.813072196029443,-297.254675119105,88.66750439165645,1.16125680154809,7.50240561361419
2000.0,27.411956787109375,289.49561480220916,13.97431256007311,-289.75230013449413,289.49561480220916,289.75230013449413,200.82810803553505,12.813056138153076,-297.25470991536093,88.66750676667408,1.1612564219200348,7.50240978086682
2008.0,27.52193260192871,289.4955913308445,13.974300480890012,-289.75220325500237,289.4955913308445,289.75220325500237,200.82808132229513,12.813044710931575,-297.2546181442717,88.66751000854933,1.1612557699584372,7.50241488926935
2016.0,27.631906509399414,289.49555891857585,13.974301459707446,-289.75211657324627,289.49555891857585,289.75211657324627,200.8280468731294,12.81304619893587,-297.2545357413732,88.66751204544646,1.1612552607715756,7.502419168126963
2024.0,27.74188232421875,289.49544669056337,13.974278169366245,-289.7519684066855,289.49544669056337,289.7519684066855,200.82793606859428,12.813023429890201,-297.2543911738279,88.6675106219691,1.1612547394760444,7.502422767142416
2032.0,27.851858139038086,289.495365672385,13.974235417490307,-289.7518709108302,289.495365672385,289.7518709108302,200.82786079147817,12.812981361783836,-297.2542963351326,88.66750488090685,1.1612540557064719,7.502425424302444
2040.0,27.96183204650879,289.49539385931735,13.974191055520523,-289.7518946379332,289.49539385931735,289.7518946379332,200.82789067884295,12.812937327561356,-297.2543225784221,88.66750318047438,1.161253727959167,7.50242794048885
2048.0,28.071807861328125,289.49549065466596,13.974185960501435,-289.75194049605363,289.49549065466596,289.75194049605363,200.82798124625464,12.812932978586879,-297.2543725100564,88.6675094084113,1.161252981914556,7.502432014002732
2056.0,28.181777954101562,289.495508173735,13.974182208295195,-289.75186334922716,289.495508173735,289.75186334922716,200.82798981776477,12.81292986920301,-297.25429972756257,88.66751835597022,1.1612523390921847,7.502436378335425
2064.0,28.2917537689209,289.495541952342,13.9741964699192,-289.7518246055417,289.495541952342,289.7518246055417,200.82801465583222,12.81294451912944,-297.25426537676634,88.66752729650983,1.1612519507897598,7.502440771224663
2072.0,28.4017276763916,289.49555198915607,13.974201556943207,-289.75177510909765,289.49555198915607,289.75177510909765,200.8280165696646,12.812950300835237,-297.25421999175296,88.66753541949149,1.1612512561079704,7.50244488265529
2080.0,28.511703491210938,289.495597867947,13.974217007603507,-289.75175112883727,289.495597867947,289.75175112883727,200.82805407418107,12.812966315343017,-297.25420004274076,88.66754379376597,1.1612506922604897,7.502448913903468
2088.0,28.621679306030273,289.49551660500805,13.974228761391013,-289.75164150517463,289.49551660500805,289.75164150517463,200.82796784721234,12.812978754042195,-297.2540943711466,88.66754875779573,1.1612500073488174,7.502452865972
2096.0,28.731653213500977,289.4953731062278,13.974208957849298,-289.75147963213163,289.4953731062278,289.75147963213163,200.82782843039575,12.812959260559442,-297.25393512717613,88.66754467583209,1.1612496972898558,7.5024554950445115
2104.0,28.841630935668945,289.4952293925584,13.974161821297969,-289.75133298155566,289.4952293925584,289.75133298155566,200.82769281309095,12.812912577226196,-297.2537902492461,88.66753657946745,1.1612492440717723,7.502457267690424
2112.0,28.95160675048828,289.4952217596244,13.97412023176747,-289.75135722084946,289.4952217596244,289.75135722084946,200.8276920365908,12.812871851871396,-297.2538160334415,88.66752972303365,1.1612483798960742,7.502458812592078
2120.0,29.061582565307617,289.49526172184045,13.97409727356267,-289.75134760470786,289.49526172184045,289.75134760470786,200.8277329314342,12.81284944666968,-297.25380928503876,88.66752879040624,1.161247826892989,7.502461680330914
2128.0,29.17155647277832,289.49526979634635,13.974084882626538,-289.75133891267933,289.49526979634635,289.75133891267933,200.82773811506468,12.8128375837437,-297.2538037249999,88.66753168128166,1.161247298882838,7.502464812320557
2136.0,29.28153419494629,289.495185546921,13.974055413662342,-289.75121076665255,289.495185546921,289.75121076665255,200.82765377697166,12.812808562368225,-297.25367929418616,88.66753176994936,1.1612468512941163,7.502468527533594
2144.0,29.391510009765625,289.49513768450305,13.974021176260054,-289.7511651330026,289.49513768450305,289.7511651330026,200.8276080509408,12.812775364373861,-297.2536366165531,88.66752963356224,1.161245811886193,7.50247148355049
2152.0,29.50148582458496,289.49510769551165,13.97396912231831,-289.75113855104746,289.49510769551165,289.75113855104746,200.82757937220464,12.81272397248788,-297.253612584803,88.667528323307,1.16124514983043,7.50247403375559
2160.0,29.611459732055664,289.4951259564014,13.973924565927673,-289.7511551280905,289.4951259564014,289.7511551280905,200.82759669427583,12.812680169379222,-297.25363203267,88.66752926212558,1.161244396548451,7.5024769045795345
2168.0,29.721435546875,289.49522544679763,13.973902581009796,-289.75120882889144,289.49522544679763,289.75120882889144,200.82768833138925,12.812658598512249,-297.25368906798906,88.66753711540836,1.1612439824975471,7.502480239097611
2176.0,29.83141326904297,289.4952371802606,13.973883885588597,-289.751163642338,289.4952371802606,289.751163642338,200.82769059655982,12.81264068217043,-297.2536482855933,88.66754658370076,1.1612432034181666,7.502484643255286
2184.0,29.941375732421875,289.4952762615214,13.97386828507693,-289.75118415549576,289.4952762615214,289.75118415549576,200.82772171707535,12.812625623564733,-297.2536725927983,88.66755454444603,1.1612426615121976,7.502488437302514
2192.0,30.05135154724121,289.4953790140063,13.973880334470966,-289.7512252807737,289.4953790140063,289.7512252807737,200.8278133261009,12.812638197941089,-297.25371728815725,88.66756568790537,1.1612421365298768,7.502492007383523
2200.0,30.161325454711914,289.49546338023254,13.973915295779253,-289.75120526318415,289.49546338023254,289.75120526318415,200.82788350433765,12.812673445598673,-297.2537007348979,88.66757987589489,1.1612418501805806,7.502495471713761
2208.0,30.27130126953125,289.4954240975417,13.973947965038302,-289.7511166525385,289.4954240975417,289.7511166525385,200.82783293075082,12.812706729710584,-297.25361532821717,88.66759116679088,1.1612412353277186,7.502498675678677
2216.0,30.38127326965332,289.4953095619886,13.973952751541916,-289.7509661310884,289.4953095619886,289.7509661310884,200.82771646671813,12.812711616062872,-297.25346732063264,88.66759309527052,1.1612411354790435,7.502501189544255
2224.0,30.491249084472656,289.49521451247546,13.973931876649013,-289.7507952158318,289.49521451247546,289.7507952158318,200.82762325977654,12.812691211453977,-297.25329985388794,88.66759125269891,1.1612406651950362,7.5025046380561875
2232.0,30.601224899291992,289.49518378398443,13.97394151698066,-289.75073711709246,289.49518378398443,289.75073711709246,200.82759427375524,12.81270145187015,-297.25324480113454,88.66758951022922,1.1612400651105084,7.50250768404209
2240.0,30.711198806762695,289.49513979382954,13.973952648292121,-289.7506529462067,289.49513979382954,289.7506529462067,200.82755414953021,12.81271314059505,-297.2531629117625,88.66758564429932,1.1612395076970703,7.502509965555795
2248.0,30.821176528930664,289.4951399857637,13.97395630824146,-289.75058422194934,289.4951399857637,289.75058422194934,200.82755581069813,12.812717148528536,-297.25309689294176,88.66758417506561,1.161239159712924,7.502512670992427
2256.0,30.93115234375,289.4951658083835,13.9739883158179,-289.7505497777649,289.4951658083835,289.7505497777649,200.82758027352577,12.812749654196887,-297.2530650425512,88.6675855348577,1.161238661621013,7.502515264786336
2264.0,31.041128158569336,289.49510355524956,13.97401032985701,-289.75041244699025,289.49510355524956,289.75041244699025,200.82751802050575,12.81277226768293,-297.25293079400114,88.6675855347438,1.16123806217408,7.5025183470108985
2272.0,31.15110206604004,289.4950405346732,13.974015780829552,-289.750319400215,289.4950405346732,289.750319400215,200.82745910664005,12.812778417744518,-297.2528395691112,88.66758142803312,1.161237363085034,7.502520168896183
2280.0,31.261077880859375,289.494974255712,13.973999787692241,-289.75022638390567,289.494974255712,289.75022638390567,200.82739703296127,12.812762774753097,-297.25274825053896,88.66757722275074,1.1612370129391447,7.502521866633259
2288.0,31.37105369567871,289.494995754209,13.97399065766301,-289.7502069526088,289.494995754209,289.7502069526088,200.82742114255205,12.812754477856425,-297.2527307626665,88.66757461165697,1.1612361798065862,7.502523810057692
2296.0,31.481027603149414,289.4950468912169,13.973984792394832,-289.7502319481891,289.4950468912169,289.7502319481891,200.8274707676564,12.81274912061852,-297.25275776469147,88.66757612356048,1.1612356717763124,7.502525816502377
2304.0,31.59100341796875,289.4950465260328,13.974003270272075,-289.750140050121,289.4950465260328,289.750140050121,200.8274660331196,12.812767978750887,-297.2526693513398,88.6675804929132,1.1612352915211872,7.502529301218807
2312.0,31.700973510742188,289.4950492983983,13.97400952782099,-289.7501187129923,289.4950492983983,289.7501187129923,200.8274662022549,12.812774938448166,-297.2526507278497,88.66758309614345,1.1612345893728229,7.502532014857422
2320.0,31.810949325561523,289.49506626668443,13.974017161767959,-289.7500552560946,289.49506626668443,289.7500552560946,200.82747829384007,12.81278291313894,-297.2525904187647,88.66758797284434,1.1612342486290181,7.502535162670135
2328.0,31.920927047729492,289.49504991846555,13.974024384131516,-289.7499989956995,289.49504991846555,289.7499989956995,200.82745758513502,12.812790411009278,-297.25253703762223,88.66759233333053,1.161233973122238,7.502538041922744
2336.0,32.03090286254883,289.49500123592657,13.97402157947234,-289.7499077411034,289.49500123592657,289.7499077411034,200.82740822885341,12.81278832812091,-297.25244854153334,88.66759300707318,1.1612332513514314,7.5025408004299265
2344.0,32.14087677001953,289.49493901454946,13.974007877985667,-289.7498161094807,289.49493901454946,289.7498161094807,200.82734738277838,12.81277511295264,-297.2523591300994,88.66759163177106,1.1612327650330272,7.502543020618727
2352.0,32.250850677490234,289.49490614824435,13.973987007812289,-289.7497758365709,289.49490614824435,289.7497758365709,200.82731705179174,12.812755060948042,-297.25232113023344,88.66758909645262,1.1612319468642465,7.502545293662511
2360.0,32.3608283996582,289.49496524335996,13.973978588221394,-289.7497601068388,289.49496524335996,289.7497601068388,200.8273754251031,12.812747117309822,-297.2523074644456,88.66758981825684,1.1612314709115719,7.502547357606815
2368.0,32.470802307128906,289.4950578636295,13.973986353918542,-289.74982886269527,289.4950578636295,289.74982886269527,200.82746160095024,12.81275524565064,-297.25237876575676,88.66759626267924,1.161231108267902,7.502549903061464
2376.0,32.580780029296875,289.49505820299913,13.974015437319677,-289.74975984372554,289.49505820299913,289.74975984372554,200.82745420259303,12.812785075609883,-297.25231303165936,88.66760400040612,1.1612303617097943,7.502553187933788
2384.0,32.69075393676758,289.49504693399035,13.974042435575786,-289.7496656333536,289.49504693399035,289.7496656333536,200.82743793339665,12.812812184345823,-297.2522215409641,88.66760900059367,1.1612302512299628,7.5025559076105495
2392.0,32.80073165893555,289.49495731516504,13.97404660855227,-289.7495370786671,289.49495731516504,289.7495370786671,200.82734680213485,12.812816762991584,-297.25209600360324,88.66761051303016,1.161229845560685,7.502558924936153
2400.0,32.91070556640625,289.4949500238945,13.974043707468356,-289.74951690627637,289.4949500238945,289.74951690627637,200.8273400767738,12.812814199380627,-297.2520779582619,88.66760994712072,1.1612295080877288,7.502561051985552
2408.0,33.02067947387695,289.4949066541867,13.974043107465857,-289.74942747329567,289.4949066541867,289.74942747329567,200.8272976255334,12.812814141911582,-297.25199015034616,88.66760902865333,1.1612289655542742,7.502562677050509
2416.0,33.13065719604492,289.4948652367067,13.974044058963646,-289.74938265596455,289.4948652367067,289.74938265596455,200.82725824846798,12.812815493521827,-297.25194757242605,88.66760698823867,1.161228565441819,7.502564916461516
2424.0,33.24063491821289,289.4948041689839,13.974024697743603,-289.74929712174344,289.4948041689839,289.74929712174344,200.82720112188875,12.812796602425614,-297.25186296240986,88.66760304709513,1.1612280953179894,7.5025658406664135
2432.0,33.350608825683594,289.49477559376254,13.973998699189034,-289.7492985640524,289.49477559376254,289.7492985640524,200.82717696822436,12.812771411004427,-297.2518651822089,88.66759862553818,1.161227288184607,7.502566618156472
2440.0,33.4605712890625,289.49474007219,13.973974863990057,-289.74924855975513,289.49474007219,289.74924855975513,200.82714478749057,12.812748269403087,-297.25181669747695,88.66759528469943,1.161226594586969,7.502568137721809
2448.0,33.5705451965332,289.4947585669647,13.97394969801973,-289.74928803828266,289.4947585669647,289.74928803828266,200.8271650875032,12.812723448550999,-297.2518570904073,88.66759347946154,1.161226249468731,7.502569052124684
2456.0,33.68052291870117,289.49476482897364,13.973926846059907,-289.7492762256629,289.49476482897364,289.7492762256629,200.82717185507101,12.812700873151872,-297.25184703671556,88.66759297390266,1.161225972908035,7.502570811052646
2464.0,33.79050064086914,289.494852324562,13.973923688774995,-289.7492974967646,289.494852324562,289.7492974967646,200.82725404664032,12.812697981005966,-297.251871097856,88.66759827792163,1.1612257077690291,7.50257360109137
2472.0,33.90047836303711,289.4950084770066,13.973948112502393,-289.7493758453765,289.4950084770066,289.7493758453765,200.8273969381849,12.812722979427857,-297.25195173241724,88.66761153882167,1.1612251330745362,7.5025758870407415
2480.0,34.01045227050781,289.49502205167676,13.973977297124161,-289.749308801612,289.49502205167676,289.749308801612,200.82739750534492,12.812752504153515,-297.2518875827554,88.66762454633184,1.1612247929706463,7.502578781143388
2488.0,34.120426177978516,289.4949661983723,13.973991451021245,-289.7492199020664,289.4949661983723,289.7492199020664,200.82733506836252,12.81276705428865,-297.25180176167737,88.6676311300098,1.161224396732596,7.502581859610974
2496.0,34.230403900146484,289.49488039203624,13.97397846957576,-289.7491296219293,289.49488039203624,289.7491296219293,200.82724863986476,12.812754694624422,-297.2517133846375,88.66763175217147,1.1612237749513383,7.502583762708262
2504.0,34.34037780761719,289.4947920260927,13.97395142056574,-289.74903764318105,289.4947920260927,289.74903764318105,200.82716294061757,12.812727915317744,-297.25162357986073,88.6676290854751,1.161223505247996,7.502585936679665
2512.0,34.45035171508789,289.49474140104246,13.973930990594342,-289.7489782865049,289.49474140104246,289.7489782865049,200.82711590782904,12.812707835457836,-297.25156517905816,88.6676254932134,1.161223155136506,7.502586892553271
2520.0,34.56032943725586,289.4946905640682,13.973899409892299,-289.74894849910896,289.4946905640682,289.74894849910896,200.8270685153459,12.81267639415064,-297.25153672390894,88.66762204872232,1.1612230157416583,7.502588224799993
2528.0,34.67030334472656,289.4946605781889,13.973880778759463,-289.74892923762104,289.4946605781889,289.74892923762104,200.82704219965268,12.812658212818532,-297.2515187885127,88.66761837853626,1.1612225659409319,7.502589550891685
2536.0,34.780277252197266,289.49467410034754,13.973864542921774,-289.7489144229031,289.49467410034754,289.7489144229031,200.82705792545042,12.812642530230448,-297.25150533519866,88.66761617489709,1.1612220126913257,7.502590912295549
2544.0,34.890254974365234,289.4947526050044,13.973850856833312,-289.7489709423079,289.4947526050044,289.7489709423079,200.82713390493626,12.812629097589372,-297.2515636686336,88.66761870006815,1.16122175924394,7.502592726325673
2552.0,35.00022888183594,289.4948421986367,13.973868189153285,-289.7489934098356,289.4948421986367,289.7489934098356,200.8272155159541,12.812646534448605,-297.2515887566925,88.66762668268264,1.1612216547046792,7.502595346856932
2560.0,35.11020278930664,289.49481072330815,13.973871621364099,-289.7488886693484,289.49481072330815,289.7488886693484,200.82717757006557,12.812650489266678,-297.25148697967666,88.66763315324259,1.1612211320974204,7.502598310328281
2568.0,35.22017288208008,289.49477830736924,13.973872048818453,-289.74885092198195,289.49477830736924,289.74885092198195,200.82714194698121,12.81265159089562,-297.2514514139933,88.66763636038803,1.161220457922834,7.502600492011375
2576.0,35.33015060424805,289.4947309001311,13.973863465162857,-289.748777348828,289.4947309001311,289.748777348828,200.82709427344417,12.812643164556683,-297.25137993307675,88.66763662668694,1.1612203006061748,7.502602584248752
2584.0,35.44012451171875,289.49474217520543,13.9738508944984,-289.74878299627306,289.49474217520543,289.74878299627306,200.82710489490722,12.812631109821151,-297.2513874161018,88.66763728029822,1.1612197846772485,7.502604419828739
2592.0,35.55009841918945,289.4948186483517,13.973861809384644,-289.74878925130514,289.4948186483517,289.74878925130514,200.82717721577012,12.812642563867906,-297.2513955411544,88.66764143258158,1.1612192455167385,7.502606289849258
2600.0,35.66007614135742,289.4948131276477,13.973882529690274,-289.7487379876221,289.4948131276477,289.7487379876221,200.8271655109259,12.812663627538079,-297.2513467553577,88.6676476167218,1.1612189021521946,7.50260876773557
2608.0,35.770050048828125,289.494769313718,13.9738912337068,-289.7486701274329,289.494769313718,289.7486701274329,200.8271198150095,12.812672420910632,-297.2512809999407,88.66764949870849,1.161218812796168,7.502610872507837
2616.0,35.88002395629883,289.49469236309983,13.973881194622136,-289.74857502179094,289.49469236309983,289.74857502179094,200.82704426953688,12.812663109557306,-297.2511872527061,88.66764809356295,1.1612180850648297,7.502612230915108
2624.0,35.9900016784668,289.4946530388888,13.973869570288366,-289.748578404995,289.4946530388888,289.748578404995,200.82700843754944,12.812651881414165,-297.25119201569004,88.6676446013394,1.161217688874201,7.5026136106950325
2632.0,36.0999755859375,289.4946083821276,13.973854293044862,-289.7485224010744,289.4946083821276,289.7485224010744,200.82696681635764,12.81263662789197,-297.2511369244429,88.66764156576996,1.1612176651528916,7.502614523368475
2640.0,36.20995330810547,289.49459985616556,13.973846111912728,-289.7484839949723,289.49459985616556,289.7484839949723,200.82696058881328,12.8126292445695,-297.2510997821205,88.66763926735231,1.161216867343228,7.502615787148212
2648.0,36.31992721557617,289.4945609125331,13.973827826375754,-289.7484320394339,289.4945609125331,289.7484320394339,200.82692378593393,12.8126115404156,-297.2510486744641,88.66763712659912,1.161216285960153,7.502616635030179
2656.0,36.42990493774414,289.4945560897436,13.973801901404697,-289.748438618619,289.4945560897436,289.748438618619,200.82692029079766,12.812585604631728,-297.25105686429475,88.6676357989459,1.1612162967729684,7.502618245675741
2664.0,36.539878845214844,289.49455512141776,13.973783111761893,-289.7484411572498,289.49455512141776,289.7484411572498,200.82692021247863,12.812567219898584,-297.25106001208815,88.66763490893916,1.1612158918633089,7.502618854838403
2672.0,36.64985656738281,289.49458312774294,13.973764546910814,-289.7484217745119,289.49458312774294,289.7484217745119,200.82694763045873,12.812548850140304,-297.25104269731594,88.66763549728422,1.16121569677051,7.50262092280407
2680.0,36.759830474853516,289.49464119239803,13.973766435196886,-289.7484837005951,289.49464119239803,289.7484837005951,200.8270011799143,12.812551033219593,-297.25110629167,88.66764001248373,1.1612154019772927,7.502622591074893
2688.0,36.869808197021484,289.49462204248715,13.973759350008498,-289.74841663738823,289.49462204248715,289.74841663738823,200.8269779546237,12.812544950428595,-297.25104141143504,88.66764408786347,1.1612143995799027,7.502624774046787
2696.0,36.97977066040039,289.4945868279156,13.973758578362384,-289.74838206578005,289.4945868279156,289.74838206578005,200.82694033222145,12.812544209283029,-297.25100880082687,88.66764649569416,1.1612143690793548,7.502626735046793
2704.0,37.08974838256836,289.4945356413115,13.973737052876507,-289.7483144565638,289.4945356413115,289.7483144565638,200.82688936657206,12.812523159431787,-297.2509425060744,88.66764627473941,1.1612138934447191,7.502628049510609
2712.0,37.19972610473633,289.49453613131993,13.973713874477143,-289.74833057123266,289.49453613131993,289.74833057123266,200.82689017662716,12.812500337434455,-297.25096023380337,88.6676459546928,1.1612135370426877,7.502629662570712
2720.0,37.30970001220703,289.4945702947129,13.973708819416842,-289.74833302778416,289.4945702947129,289.74833302778416,200.8269222432576,12.81249567037787,-297.2509644371106,88.66764805145529,1.1612131490389714,7.502631409326444
2728.0,37.419673919677734,289.49457527066056,13.973699301087585,-289.7483289632002,289.49457527066056,289.7483289632002,200.82692422321648,12.81248641504682,-297.250962049811,88.66765104744405,1.1612128860407651,7.502633086610803
2736.0,37.5296516418457,289.4945291962971,13.973684196609799,-289.7482715420245,289.4945291962971,289.7482715420245,200.82687696706324,12.812471468375454,-297.25090617114165,88.66765222923384,1.1612127282343447,7.5026346291171535
2744.0,37.63962936401367,289.4944772235759,13.973667365956011,-289.74822330067457,289.4944772235759,289.74822330067457,200.82682525656583,12.812455569106945,-297.250859735966,88.6676519670101,1.1612117968490665,7.502636435291443
2752.0,37.749603271484375,289.494471600858,13.973645263047215,-289.7482199998439,289.494471600858,289.7482199998439,200.82682075736057,12.812433580449367,-297.25085746517254,88.66765084349743,1.1612116825978482,7.502637465328636
2760.0,37.85957717895508,289.49444383280184,13.97362294896733,-289.74821691408226,289.49444383280184,289.74821691408226,200.82679437138538,12.812411797402914,-297.25085537961144,88.66764946141649,1.161211151564416,7.502638465529184
2768.0,37.96955490112305,289.49441634835694,13.973596146077005,-289.7481690600809,289.49441634835694,289.7481690600809,200.82676748359157,12.812385206350056,-297.2508089536364,88.66764886476537,1.1612109397269492,7.502639893555489
2776.0,38.07952880859375,289.4944159041944,13.973565937968749,-289.74818887750286,289.4944159041944,289.74818887750286,200.82676757735373,12.81235520246301,-297.25082992204824,88.66764832684069,1.1612107355057386,7.502641044545374
2784.0,38.18950271606445,289.49440059229414,13.973544897023418,-289.74819005973444,289.49440059229414,289.74819005973444,200.8267530329067,12.812334468272649,-297.2508322051774,88.66764755938746,1.1612104287507687,7.502642145442977
2792.0,38.29948043823242,289.49437842851063,13.973513896855327,-289.7481570740671,289.49437842851063,289.7481570740671,200.82673095422132,12.812304024099298,-297.25080008988624,88.66764747428931,1.1612098727560287,7.5026430158191815
2800.0,38.409454345703125,289.4943730531739,13.97348722436643,-289.7481972712865,289.4943730531739,289.7481972712865,200.826725484775,12.812277685548782,-297.2508418443359,88.66764756839888,1.1612095388176478,7.502644573049448
2808.0,38.51942825317383,289.4943746177469,13.973460043572228,-289.7481635149528,289.4943746177469,289.7481635149528,200.82672665376066,12.812250876002029,-297.25080922743217,88.66764796398627,1.161209167570199,7.502645712479389
2816.0,38.6294059753418,289.4945042149326,13.973455044851685,-289.7482782070815,289.4945042149326,289.7482782070815,200.82684968051203,12.812246609275364,-297.2509252174032,88.66765453442054,1.1612084355763201,7.502647010321699
2824.0,38.739376068115234,289.49458253135253,13.973468641831554,-289.7482845650996,289.49458253135253,289.7482845650996,200.82691690847668,12.81226024872088,-297.2509337746072,88.66766562287589,1.1612083931106731,7.502649209507563
2832.0,38.84934997558594,289.4946266414106,13.97349038994911,-289.7483049715053,289.4946266414106,289.7483049715053,200.8269509062532,12.81228220486588,-297.2509561711472,88.66767573515745,1.161208185083229,7.50265119964191
2840.0,38.95932388305664,289.4945762230268,13.973506576022412,-289.74822137675164,289.4945762230268,289.74822137675164,200.8268940790797,12.812298967148923,-297.25087416467255,88.66768214394708,1.1612076088734895,7.502652787920901
2848.0,39.06930160522461,289.4944983784143,13.973504506685572,-289.74816079823347,289.4944983784143,289.74816079823347,200.8268159402138,12.812297104298,-297.2508146116105,88.66768243820044,1.1612074023875714,7.502653813377044
2856.0,39.17927551269531,289.49442161411093,13.973473630986113,-289.7480617320038,289.49442161411093,289.7480617320038,200.8267416455634,12.812266445868627,-297.2507168022857,88.66767996854756,1.1612071851174868,7.502655070281907
2864.0,39.289249420166016,289.4944018887541,13.973465540116013,-289.7480776025928,289.4944018887541,289.7480776025928,200.82672499287798,12.81225868020722,-297.2507336174446,88.66767689587613,1.161206859908793,7.502656014851841
2872.0,39.399227142333984,289.4943596859449,13.973446729591952,-289.74802962421376,289.4943596859449,289.74802962421376,200.82668507517673,12.812240238351059,-297.250686460829,88.66767461076816,1.1612064912408933,7.502656836615241
2880.0,39.50920104980469,289.49435263845453,13.973438233992134,-289.7480465863684,289.49435263845453,289.7480465863684,200.82668052161966,12.812231838668978,-297.25070398536207,88.66767211683484,1.1612063953231555,7.502657398993659
2888.0,39.61917495727539,289.49431816462226,13.973423816946395,-289.7479824406711,289.49431816462226,289.7479824406711,200.82664746210196,12.812217718640278,-297.2506408832643,88.6676707025203,1.161206098306117,7.502658442593177
2896.0,39.72915267944336,289.4943155374358,13.973410467063593,-289.74798609100793,289.4943155374358,289.74798609100793,200.82664595020705,12.81220488733269,-297.25064540547703,88.66766958722874,1.1612055797309022,7.50265931446911
2904.0,39.83912658691406,289.4943247332408,13.97339231490815,-289.7479908804187,289.4943247332408,289.7479908804187,200.82665561394376,12.812187109168372,-297.2506509955975,88.667669119297,1.161205205739778,7.502660115178802
2912.0,39.949100494384766,289.49432423614326,13.973379773314008,-289.7479587734361,289.49432423614326,289.7479587734361,200.82665484943576,12.812175024115799,-297.25061997280466,88.66766938670753,1.161204749198209,7.502661199368564
2920.0,40.059078216552734,289.4943380791633,13.973375926439283,-289.7479557868402,289.4943380791633,289.7479557868402,200.8266674816561,12.812171574306952,-297.2506184786798,88.66767059750717,1.1612043521323319,7.502662691839625
2928.0,40.16905212402344,289.4943456849196,13.973370970442978,-289.74796824024907,289.4943456849196,289.74796824024907,200.82667327988975,12.812166771775386,-297.25063222787355,88.66767240502986,1.1612041986675923,7.5026639876245085
2936.0,40.27902603149414,289.49433391631953,13.973360449317372,-289.7479585548731,289.49433391631953,289.7479585548731,200.8266597818507,12.81215643860714,-297.2506241339564,88.66767413446881,1.1612040107102324,7.502665579083327
2944.0,40.38900375366211,289.49432317700985,13.97334449108893,-289.74793985978056,289.49432317700985,289.74793985978056,200.82664801194525,12.812140899681527,-297.2506066746995,88.6676751650646,1.1612035914074035,7.502666814918939
2952.0,40.49897384643555,289.49432773160754,13.973326891294594,-289.74793755778666,289.49432773160754,289.74793755778666,200.82665089696917,12.81212367747505,-297.25060576817646,88.66767683463836,1.1612032138195438,7.502668210389793
2960.0,40.60894775390625,289.49430981880204,13.973325020873583,-289.7479076853528,289.49430981880204,289.7479076853528,200.82663204321324,12.812121920474826,-297.25057721447007,88.66767777558881,1.1612031003987564,7.502669529117288
2968.0,40.71892166137695,289.4943073569528,13.973317191273006,-289.74788954559006,289.4943073569528,289.74788954559006,200.82662856484072,12.812114341522745,-297.2505604033214,88.66767879211207,1.1612028497502607,7.502670857731363
2976.0,40.82889938354492,289.49427474088156,13.973295438666394,-289.7478684580074,289.49427474088156,289.7478684580074,200.82659594855457,12.812092648009928,-297.25054031043317,88.66767879232697,1.161202790656466,7.502671852425763
2984.0,40.938873291015625,289.494273194996,13.973278785396426,-289.7478623961643,289.494273194996,289.7478623961643,200.82659432530141,12.812076317200155,-297.250535201909,88.66767886969464,1.1612024681962705,7.502672805744684
2992.0,41.04884719848633,289.4942481379219,13.973266101297964,-289.7478602048668,289.4942481379219,289.7478602048668,200.8265688806193,12.812063863762031,-297.2505335686803,88.66767925730255,1.1612022375359334,7.502673363813482
3000.0,41.1588249206543,289.49422629018625,13.97325297132459,-289.74783158599087,289.49422629018625,289.74783158599087,200.82654767766152,12.812051256433623,-297.2505064208164,88.6676786125247,1.1612017148909661,7.5026748348255445
3008.0,41.268798828125,289.49421926690434,13.973231673756398,-289.7478205183093,289.49421926690434,289.7478205183093,200.82654111086285,12.812030318466377,-297.2504957560273,88.66767815604152,1.1612013552900216,7.502675237717984
3016.0,41.3787727355957,289.49421380066144,13.973224746795008,-289.7478287577724,289.49421380066144,289.7478287577724,200.8265359729181,12.812023424721936,-297.25050527731196,88.66767782774336,1.1612013220730724,7.502676519539552
3024.0,41.48875045776367,289.4941985501366,13.97320022403787,-289.74780198832366,289.4941985501366,289.74780198832366,200.82651998569096,12.811999117103724,-297.2504796758882,88.66767856444568,1.1612011069341452,7.5026776875645
3032.0,41.598724365234375,289.49418709604015,13.97318661393986,-289.74780551486015,289.49418709604015,289.74780551486015,200.82650832086517,12.811985712401775,-297.2504838642898,88.66767877517499,1.161200901538086,7.502678349429647
3040.0,41.70869827270508,289.49418827376894,13.973164119401984,-289.74781178771,289.49418827376894,289.74781178771,200.82650924871103,12.811963570727098,-297.25049090539176,88.66767902505791,1.161200548674886,7.502679117681726
3048.0,41.81867599487305,289.49416020761646,13.973144768408586,-289.74777565441497,289.49416020761646,289.74777565441497,200.82648109663597,12.811944540997963,-297.25045604388356,88.66767911098047,1.1612002274106228,7.502680389468569
3056.0,41.92864990234375,289.49417509945255,13.973126585083351,-289.74782125605395,289.49417509945255,289.74782125605395,200.82649573062747,12.811926919985245,-297.25050225691325,88.66767936882508,1.1611996650981062,7.502681000859312
3064.0,42.03862380981445,289.4941399783989,13.973105197456958,-289.747779412625,289.4941399783989,289.747779412625,200.8264598426445,12.811905734600334,-297.25046156506187,88.66768013575438,1.161199462856624,7.502682152436893
3072.0,42.14860153198242,289.4941249468725,13.973080332456195,-289.747767604367,289.4941249468725,289.747767604367,200.82644489346922,12.811881175695875,-297.25045012718647,88.66768005340327,1.1611991567603202,7.50268252281942
3080.0,42.25857162475586,289.4941310042167,13.973055360566574,-289.74782280353134,289.4941310042167,289.74782280353134,200.82645075933206,12.811856427624507,-297.25050686759226,88.66768024488462,1.1611989329420673,7.5026840640609045
3088.0,42.36854553222656,289.49411675327667,13.973030677502527,-289.7478128461368,289.49411675327667,289.7478128461368,200.82643642827057,12.811832200338484,-297.25049740458485,88.66768032500607,1.1611984771640422,7.502684558448063
3096.0,42.478519439697266,289.4941042156625,13.973007187504942,-289.7478129133757,289.4941042156625,289.7478129133757,200.82642443263643,12.811808857674738,-297.2504981625428,88.66767978302609,1.1611983298302047,7.502685249167115
3104.0,42.588497161865234,289.4941031359951,13.97297793687924,-289.7478037772714,289.4941031359951,289.7478037772714,200.82642282830363,12.811779913708243,-297.25048995610797,88.66768030769146,1.1611980231709964,7.50268617883658
3112.0,42.69847106933594,289.4940802122719,13.972953917933925,-289.7477920402057,289.4940802122719,289.7477920402057,200.82639931383477,12.811756492795094,-297.2504790378273,88.66768089843714,1.1611974251388304,7.502686997621584
3120.0,42.80844497680664,289.4940740444515,13.972937885630694,-289.7478063836275,289.4940740444515,289.7478063836275,200.82639276760577,12.811740326264482,-297.2504946393215,88.66768127684571,1.1611975593662116,7.502688255694004
3128.0,42.91842269897461,289.49405756359863,13.972906957425447,-289.74783408488713,289.49405756359863,289.74783408488713,200.82637575773867,12.811709544894438,-297.2505229778674,88.66768180585996,1.1611974125310098,7.502688892980224
3136.0,43.02839660644531,289.4940594018251,13.972882253904793,-289.74784376839654,289.4940594018251,289.74784376839654,200.82637762615752,12.811685502969084,-297.25053354555223,88.6676817756676,1.1611967509357086,7.502689777155702
3144.0,43.138370513916016,289.4940364243953,13.972852874126643,-289.74783238442467,289.4940364243953,289.74783238442467,200.82635410738675,12.811656144053451,-297.2505232300483,88.66768231700853,1.1611967300731916,7.502690845623661
3152.0,43.248348236083984,289.49406887343173,13.97283241163929,-289.7478722705634,289.49406887343173,289.7478722705634,200.82638537069855,12.81163580211115,-297.25056392350837,88.66768350273318,1.1611966095281403,7.502691652944964
3160.0,43.35832214355469,289.49415459017666,13.972819217018676,-289.747918972436,289.49415459017666,289.747918972436,200.82646642331866,12.81162284675133,-297.2506118279167,88.66768816685803,1.161196370267346,7.502692855480674
3168.0,43.46829605102539,289.49418874216855,13.972820281122987,-289.7479427058719,289.49418874216855,289.7479427058719,200.82649417891133,12.811624219174083,-297.2506368878351,88.66769456325721,1.1611960619489032,7.50269418196326
3176.0,43.57827377319336,289.49417119400516,13.972826687137532,-289.74790607324974,289.49417119400516,289.74790607324974,200.82647147049173,12.811630722072348,-297.2506014951968,88.66769972351346,1.1611959650651844,7.502695421947088
3184.0,43.68824768066406,289.49415741022597,13.972816683326112,-289.7478919660242,289.49415741022597,289.7478919660242,200.82645459708766,12.811620713037886,-297.2505885872165,88.66770281313833,1.161195970288226,7.502696621192264
3192.0,43.798221588134766,289.49413062738404,13.9728082347514,-289.74785662830834,289.49413062738404,289.74785662830834,200.8264268366978,12.811612304659729,-297.25055400935497,88.66770379068623,1.1611959300916705,7.502697381046612
3200.0,43.908199310302734,289.4941156843965,13.972797838092395,-289.7478451137294,289.4941156843965,289.7478451137294,200.8264107802357,12.811602122823022,-297.250543216408,88.66770490416077,1.1611957152693737,7.502698102678618
3208.0,44.01816940307617,289.49409943631485,13.972795003992507,-289.7478417727961,289.49409943631485,289.7478417727961,200.82639395709137,12.811599614134781,-297.2505409527023,88.66770547922349,1.1611953898577259,7.502699179906209
3216.0,44.128143310546875,289.4940938787449,13.972776645508132,-289.7478312777012,289.4940938787449,289.7478312777012,200.82638789055292,12.811581362897643,-297.25053113408876,88.66770598819195,1.161195282610489,7.502699856387554
3224.0,44.23811721801758,289.49407992702976,13.972779390331242,-289.7478035611574,289.49407992702976,289.7478035611574,200.82637362878407,12.811584214916802,-297.2505045100783,88.6677062982457,1.1611951754144396,7.502700948920879
3232.0,44.34809494018555,289.49405992589095,13.972774274289973,-289.747756923225,289.49405992589095,289.747756923225,200.82635325469803,12.811579323484281,-297.25045861629496,88.66770667119292,1.161194950805692,7.502701693069955
3240.0,44.45806884765625,289.4940618389509,13.972769179093541,-289.74777642476784,289.4940618389509,289.74777642476784,200.82635483205138,12.811574491054785,-297.25047889834946,88.66770700689956,1.1611946880387567,7.502702473581596
3248.0,44.56804275512695,289.4940701678447,13.972765676667425,-289.7477863583369,289.4940701678447,289.7477863583369,200.82636261580316,12.811571381802253,-297.25048921856853,88.66770755204158,1.1611942948651723,7.50270286023164
3256.0,44.67802047729492,289.49404562632225,13.972763173521283,-289.74774053991473,289.49404562632225,289.74774053991473,200.8263386746858,12.81156878596812,-297.2504445799892,88.66770695163648,1.161194387553163,7.502704040074512
3264.0,44.787994384765625,289.4940511492728,13.972759331896606,-289.7477348745787,289.4940511492728,289.7477348745787,200.826343758494,12.811565444427789,-297.2504392849345,88.66770739077882,1.1611938874688175,7.5027044103557365
3272.0,44.89796829223633,289.4940413690957,13.972764115003384,-289.7477047000631,289.4940413690957,289.7477047000631,200.82633366130077,12.811570104220912,-297.250409975028,88.66770770779496,1.1611940107824719,7.502705274964924
3280.0,45.0079460144043,289.49404971771594,13.972761184889526,-289.7477288930623,289.49404971771594,289.7477288930623,200.8263418123373,12.811567619185626,-297.2504348011345,88.66770790537868,1.1611935657039005,7.502705908072162
3288.0,45.117923736572266,289.49398907366765,13.9727476887802,-289.7477071909518,289.49398907366765,289.7477071909518,200.8262832217702,12.811554228043086,-297.25041328484184,88.66770585189741,1.1611934607371133,7.502706093890048
3296.0,45.227901458740234,289.4939875839795,13.972734672925222,-289.74767729425787,289.4939875839795,289.74767729425787,200.82628292437596,12.811541682007181,-297.25038353899237,88.66770465960354,1.1611929909180407,7.502706244734487
3304.0,45.33787536621094,289.49403121416316,13.972727608880021,-289.7477299510853,289.49403121416316,289.7477299510853,200.82632618945698,12.811534584883436,-297.25043648627076,88.66770502470617,1.161193023996585,7.502706535185446
3312.0,45.44784927368164,289.4940435979205,13.972734436614376,-289.7477010678017,289.4940435979205,289.7477010678017,200.82633665343764,12.811541623274767,-297.2504086370734,88.66770694448289,1.1611928133396088,7.502707569271717
3320.0,45.55782699584961,289.494048236093,13.972736242050232,-289.74767291767023,289.494048236093,289.74767291767023,200.82633930061496,12.811543691114625,-297.25038120601823,88.66770893547806,1.1611925509356062,7.502708288348021
3328.0,45.66780090332031,289.4940482397641,13.972739144825226,-289.74765580341375,289.4940482397641,289.74765580341375,200.82633693811368,12.811546882366265,-297.2503649736661,88.66771130165041,1.161192262458961,7.5027091702523165
3336.0,45.77777099609375,289.49405290446305,13.972745138741422,-289.74763751419863,289.49405290446305,289.74763751419863,200.82634008378577,12.811552950532153,-297.2503479672266,88.66771282067731,1.1611921882092684,7.502710453027998
3344.0,45.88774490356445,289.4940674653562,13.972754112358228,-289.7476449501236,289.4940674653562,289.7476449501236,200.82635294155685,12.81156198388097,-297.25035600236083,88.66771452379933,1.161192128477257,7.502711052237288
3352.0,45.99772262573242,289.4940594515143,13.972756787425755,-289.74761136646697,289.4940594515143,289.74761136646697,200.8263437315302,12.811564845720612,-297.25032343944326,88.6677157199841,1.1611919417051428,7.502712072976294
3360.0,46.107696533203125,289.4940703210812,13.972773771820208,-289.7476048664382,289.4940703210812,289.7476048664382,200.8263533564024,12.811582199189004,-297.2503175163341,88.66771696467882,1.1611915726312034,7.5027126498959085
3368.0,46.21767044067383,289.4940669200416,13.9727772235557,-289.74758282709274,289.4940669200416,289.74758282709274,200.8263487401546,12.811585778424744,-297.25029620933003,88.66771817988698,1.1611914451309566,7.502713382237314
3376.0,46.3276481628418,289.4940600535757,13.972785833750727,-289.7475327122925,289.4940600535757,289.7475327122925,200.82634087893993,12.811594700511378,-297.25024720278395,88.66771917463576,1.161191133239349,7.502714490491435
3384.0,46.4376220703125,289.49406833791886,13.972794748223583,-289.74755613199795,289.49406833791886,289.74755613199795,200.82634834921947,12.81160340322711,-297.2502708390643,88.66771998869942,1.1611913449964728,7.502714707066335
3392.0,46.5475959777832,289.49405437176256,13.97280199358633,-289.74751766806753,289.49405437176256,289.74751766806753,200.8263336512208,12.811611039418407,-297.2502331173264,88.66772072054178,1.1611909541679228,7.502715449258869
3400.0,46.65757369995117,289.49405816656724,13.972818010228247,-289.7475027299872,289.49405816656724,289.7475027299872,200.826336872479,12.811626882231263,-297.2502185645545,88.66772129408827,1.1611911279969842,7.502715834567255
3408.0,46.767547607421875,289.49406877990054,13.972823363944917,-289.7475070051338,289.49406877990054,289.7475070051338,200.82634694889435,12.811632690432393,-297.25022356632917,88.66772183100616,1.1611906735125235,7.502716561195349
3416.0,46.87752151489258,289.4940504889162,13.972824824011939,-289.74744394612657,289.4940504889162,289.74744394612657,200.8263286609203,12.811634569407854,-297.25016102460245,88.6677218279959,1.1611902546040849,7.502717078475907
3424.0,46.98749923706055,289.494041524375,13.97284515628592,-289.7473894205847,289.494041524375,289.7473894205847,200.82631939642482,12.811655171683885,-297.25010721124465,88.6677221279502,1.1611899846020357,7.502717790659961
3432.0,47.09747314453125,289.49402074009595,13.972859317143845,-289.7474065405984,289.49402074009595,289.7474065405984,200.82629923591907,12.81166920706057,-297.2501247101542,88.66772150417691,1.1611901100832753,7.502718169555813
3440.0,47.20744705200195,289.4938322638219,13.97282509495356,-289.74735400418786,289.4938322638219,289.74735400418786,200.82612072520993,12.811635598447264,-297.25006950270483,88.66771153861197,1.1611894965062959,7.502715498516952
3448.0,47.31742477416992,289.49391338986,13.972785282152664,-289.74740947501886,289.49391338986,289.74740947501886,200.82620897813163,12.811595711518525,-297.2501240128184,88.66770441172837,1.1611895706341393,7.502714537799552
3456.0,47.427398681640625,289.49409874450157,13.972809011403509,-289.74754938330057,289.49409874450157,289.74754938330057,200.82638700186843,12.811619831645048,-297.25026434821086,88.66771174263317,1.1611891797584608,7.5027149649103215
3464.0,47.53736877441406,289.49416728844375,13.972836563824963,-289.7475288799267,289.49416728844375,289.7475288799267,200.82644630876902,12.811647446907365,-297.25024592975603,88.66772097967473,1.1611891169175976,7.502717049829343
3472.0,47.647342681884766,289.49416650315976,13.972850341850936,-289.7474716454247,289.49416650315976,289.7474716454247,200.82643773977887,12.811661220392123,-297.25019034739773,88.66772876338088,1.161189121458813,7.502718701973059
3480.0,47.757320404052734,289.49419084293066,13.972868030091911,-289.7474787203649,289.49419084293066,289.7474787203649,200.82645688545944,12.811678990779207,-297.2501985482494,88.66773395747123,1.1611890393127045,7.502719827884512
3488.0,47.86729431152344,289.49418645848,13.972888584650875,-289.74743739468954,289.49418645848,289.74743739468954,200.826448855221,12.811700005100306,-297.250158105752,88.66773760325898,1.1611885795505685,7.5027207110624765
3496.0,47.97727584838867,289.49418585037904,13.972906470248029,-289.7474214375655,289.49418585037904,289.7474214375655,200.82644576029293,12.811717701551482,-297.250143053535,88.66774009008611,1.1611887686965474,7.502721615969506
3504.0,48.087249755859375,289.49418439503586,13.972903476786833,-289.74739553270825,289.49418439503586,289.74739553270825,200.8264422886407,12.811714783179395,-297.25011753871445,88.66774210639514,1.1611886936074374,7.502722006006184
3512.0,48.19722366333008,289.4941887709548,13.972929625905737,-289.74738364743973,289.4941887709548,289.74738364743973,200.82644523683035,12.811741120345467,-297.2501065104122,88.66774353412441,1.1611885055602702,7.502722862972444
3520.0,48.30720138549805,289.49416620055285,13.972940803089449,-289.74732559536335,289.49416620055285,289.74732559536335,200.8264219015728,12.811752286264802,-297.25004905371827,88.66774429898005,1.1611885168246463,7.502723458354911
3528.0,48.41717529296875,289.4941531671242,13.97295704451454,-289.7472891879876,289.4941531671242,289.7472891879876,200.82640865732145,12.81176896020479,-297.25001331895766,88.66774450980273,1.1611880843097513,7.502724130970062
3536.0,48.52714920043945,289.49414928050373,13.9729791842266,-289.7472554956948,289.49414928050373,289.7472554956948,200.826404865088,12.81179148010077,-297.249980082325,88.66774441541577,1.1611877041258314,7.502724586630201
3544.0,48.63712692260742,289.4941328896892,13.97299065465944,-289.7472133903937,289.4941328896892,289.7472133903937,200.8263888152946,12.811802441268082,-297.2499383787824,88.6677440743946,1.161188213391359,7.502724988388696
3552.0,48.747100830078125,289.4941280571554,13.973010891747444,-289.74717312599927,289.4941280571554,289.74717312599927,200.82638387051986,12.811822824064564,-297.2498985845986,88.66774418663556,1.1611880676828807,7.502725458599361
3560.0,48.85707473754883,289.4941469854542,13.973027476890827,-289.74717824828156,289.4941469854542,289.74717824828156,200.82640287802565,12.811839816346861,-297.2499042334309,88.66774410742855,1.1611876605439662,7.5027259851493895
3568.0,48.9670524597168,289.49413925039886,13.973059612435422,-289.7471328802738,289.49413925039886,289.7471328802738,200.82639508042058,12.81187215085767,-297.24985902838677,88.66774416997826,1.161187461577752,7.502726148112945
3576.0,49.0770263671875,289.4941535236455,13.973063496570063,-289.74709103904394,289.4941535236455,289.74709103904394,200.82640897536936,12.811876028554256,-297.24981820188736,88.6677445482761,1.1611874680158074,7.502727162843442
3584.0,49.1870002746582,289.4941604552952,13.973090053656769,-289.7470798004096,289.4941604552952,289.7470798004096,200.82641532245572,12.811902808068254,-297.24980764660074,88.66774513283947,1.1611872455885148,7.5027278461911315
3592.0,49.296966552734375,289.4941664463113,13.973123536378736,-289.7470529648581,289.4941664463113,289.7470529648581,200.82642042767597,12.811936195084508,-297.2497810614177,88.66774601863531,1.1611873412942284,7.502728096559604
3600.0,49.40694046020508,289.4941751240772,13.973150863812158,-289.747007430591,289.4941751240772,289.747007430591,200.82642840699594,12.811963604327644,-297.2497362711609,88.66774671708126,1.1611872594845138,7.502728840569869
3608.0,49.51691818237305,289.494192988828,13.973179152188024,-289.7470048405752,289.494192988828,289.7470048405752,200.82644568162198,12.811991827973195,-297.24973417687715,88.66774730720599,1.1611873242148292,7.502729336301982
3616.0,49.62689208984375,289.49417513622853,13.973198918133319,-289.74693857740283,289.49417513622853,289.74693857740283,200.8264272274905,12.812011719639656,-297.24966855745095,88.66774790873801,1.1611871984936624,7.502729980048098
3624.0,49.73686599731445,289.49419360004924,13.973231436476414,-289.7469294611127,289.49419360004924,289.7469294611127,200.8264448525605,12.812044370377013,-297.24965979294876,88.66774874748873,1.1611870660994015,7.5027303318360445
3632.0,49.84684371948242,289.4941969047055,13.973251363004119,-289.7468797274002,289.4941969047055,289.7468797274002,200.82644784536353,12.812064665946142,-297.2496105867518,88.667749059342,1.1611866970579765,7.502730859351622
3640.0,49.956817626953125,289.49419295483443,13.973278304072013,-289.74683069040873,289.49419295483443,289.74683069040873,200.82644349558404,12.812091914525064,-297.2495622907971,88.66774945925037,1.1611863895469483,7.50273160038838
3648.0,50.06679153442383,289.4941968295378,13.973309876696643,-289.7468013757309,289.4941968295378,289.7468013757309,200.8264468368937,12.812123340964739,-297.2495331037981,88.6677499926441,1.161186535731904,7.502731728067232
3656.0,50.1767692565918,289.49420679943535,13.973337792581836,-289.7467762299263,289.49420679943535,289.7467762299263,200.82645624923265,12.81215131445314,-297.24950862691765,88.66775055020273,1.1611864781286965,7.502732396991362
3664.0,50.286746978759766,289.494201312129,13.973362968752454,-289.7467189599105,289.494201312129,289.7467189599105,200.82645010694552,12.8121767796425,-297.24945172376573,88.66775120518352,1.1611861891099533,7.502732763855263
3672.0,50.396728515625,289.4942181716834,13.973395626604777,-289.74669250448784,289.4942181716834,289.74669250448784,200.82646612871656,12.8122097189482,-297.24942577336185,88.66775204296687,1.1611859076565771,7.502733268874
3680.0,50.5067024230957,289.4942229335909,13.973425252827186,-289.74665859717277,289.4942229335909,289.74665859717277,200.82647029945863,12.812239412851437,-297.2493924061822,88.66775263413228,1.161185839975749,7.502733809009456
3688.0,50.61668014526367,289.4941947106729,13.973445030997093,-289.74662298045973,289.4941947106729,289.74662298045973,200.82644324510264,12.812259227530467,-297.2493567434922,88.66775146557023,1.1611858034666263,7.502733763032516
3696.0,50.726654052734375,289.4940456033346,13.973460819481069,-289.74652347779556,289.4940456033346,289.74652347779556,200.82629868690165,12.812275214155067,-297.24925680097556,88.66774691643295,1.1611856053260023,7.502733323180003
3704.0,50.83662796020508,289.4938613545445,13.973396450571958,-289.74651081562666,289.4938613545445,289.74651081562666,200.82613449269147,12.81221117711495,-297.2492388000969,88.66772686185305,1.1611852734570078,7.502727984470255
3712.0,50.94660568237305,289.49405030119794,13.973349374326764,-289.74665597383006,289.49405030119794,289.74665597383006,200.82632993577766,12.812164250370998,-297.2493824785268,88.66772036542025,1.1611851239557662,7.502726504696742
3720.0,51.05656814575195,289.4941624326696,13.973364601025043,-289.74673727658296,289.4941624326696,289.74673727658296,200.8264338615697,12.812179462446219,-297.2494646932719,88.6677285710999,1.1611851385788245,7.502727416688899
3728.0,51.16654586791992,289.4941422426411,13.973364411645619,-289.74666295381735,289.4941422426411,289.74666295381735,200.82641082509755,12.812179474546479,-297.24939166974195,88.66773141754354,1.16118493709914,7.502728715924608
3736.0,51.276519775390625,289.49431148104094,13.973380205799307,-289.7467649048013,289.49431148104094,289.7467649048013,200.8265715521026,12.812195212932359,-297.24949537109705,88.66773992893836,1.1611849928669482,7.502730466295734
3744.0,51.38649368286133,289.49442379936636,13.973406363683834,-289.7468302394352,289.49442379936636,289.7468302394352,200.82666869100035,12.812221529691698,-297.2495630023332,88.66775510836601,1.1611848339921362,7.502732762898027
3752.0,51.4964714050293,289.4944706856405,13.973433335670762,-289.7468287067372,289.4944706856405,289.7468287067372,200.82670125521287,12.812249036376173,-297.24956379029874,88.66776943042764,1.1611842992945896,7.502735083561568
3760.0,51.6064453125,289.4944641507075,13.97345934069323,-289.7467941805185,289.4944641507075,289.7467941805185,200.8266852108024,12.812275123847733,-297.24953023161527,88.66777893990508,1.1611842168454967,7.502736051096747
3768.0,51.7164192199707,289.4943239252076,13.973451083752913,-289.7466921701109,289.4943239252076,289.7466921701109,200.82654470389056,12.812266824283196,-297.249428780675,88.66777922131706,1.1611842594697173,7.502736610564071
3776.0,51.82639694213867,289.49419140580585,13.97341376491071,-289.7466199976579,289.49419140580585,289.7466199976579,200.82641874145466,12.8122294935402,-297.24935582386047,88.66777266435122,1.1611842713705105,7.502735826202574
3784.0,51.936370849609375,289.4941312276609,13.973388043881847,-289.74659916613695,289.4941312276609,289.74659916613695,200.82636589290033,12.81220361465417,-297.2493345415792,88.66776533476057,1.1611844292276778,7.502735375442246
3792.0,52.04634475708008,289.4940919583776,13.973366039671925,-289.7466031505848,289.4940919583776,289.7466031505848,200.82633245838244,12.812181689834409,-297.2493379897152,88.66775949999519,1.1611843498375158,7.502734839130369
3800.0,52.15632247924805,289.4940761933442,13.973352553297973,-289.7465735904872,289.4940761933442,289.7465735904872,200.82632099411765,12.812168781522619,-297.2493080641224,88.66775519922656,1.1611837717753541,7.502734473635201
3808.0,52.26629638671875,289.4940873252845,13.973349358567692,-289.7466371683789,289.4940873252845,289.7466371683789,200.8263347969681,12.812165591961683,-297.24937133367075,88.66775252831641,1.1611837666060083,7.5027341652918444
3816.0,52.37627029418945,289.4940979947661,13.973338275544533,-289.7466423850868,289.4940979947661,289.7466423850868,200.82634653557696,12.812154279209329,-297.2493769258609,88.66775145918915,1.161183996335204,7.5027345407740995
3824.0,52.48624801635742,289.4941174634771,13.973330848531598,-289.74665769970017,289.4941174634771,289.74665769970017,200.8263655604975,12.81214690559343,-297.2493927462591,88.66775190297957,1.1611839429381678,7.502735046558957
3832.0,52.596221923828125,289.4941400876272,13.973327214270096,-289.74665547028025,289.4941400876272,289.74665547028025,200.82638744497248,12.812143715954328,-297.24939131136784,88.66775264265473,1.1611834983157685,7.502735841087599
3840.0,52.70619583129883,289.4941654471693,13.973313615432343,-289.7466757600867,289.4941654471693,289.7466757600867,200.82641108019305,12.812130038250391,-297.2494123382048,88.6677543669762,1.1611835771819514,7.502736578118139
3848.0,52.816165924072266,289.4941971801986,13.973301049331816,-289.74669634264455,289.4941971801986,289.74669634264455,200.82644071589698,12.812117889232669,-297.2494339200904,88.66775646430162,1.1611831600991476,7.502737577445821
3856.0,52.9261474609375,289.49425069496186,13.97330354548284,-289.7467166359981,289.49425069496186,289.7467166359981,200.8264901065786,12.812120270235269,-297.2494548076203,88.66776058838326,1.1611832752475717,7.5027381716221875
3864.0,53.03611755371094,289.4942616281536,13.973317976015148,-289.7467185307725,289.4942616281536,289.7467185307725,200.82649705032918,12.812134795681326,-297.24945769842736,88.66776457782441,1.161183180333822,7.502739167654855
3872.0,53.14609909057617,289.49427461843334,13.97331386802578,-289.74671593831954,289.49427461843334,289.74671593831954,200.82650604843636,12.812130822690797,-297.2494562214398,88.667768569997,1.1611830453349832,7.502740283120275
3880.0,53.25606918334961,289.49427085749096,13.973319197159165,-289.7466705306152,289.49427085749096,289.7466705306152,200.8264997717878,12.812136164639007,-297.2494115174236,88.66777108570317,1.1611830325201584,7.502740986808423
3888.0,53.36604690551758,289.494261304805,13.97332026871446,-289.7466690798869,289.494261304805,289.7466690798869,200.8264883178864,12.812137475275378,-297.24941050242785,88.66777298691858,1.1611827934390817,7.502741422540982
3896.0,53.47602462768555,289.49425722760463,13.973315192983593,-289.74664171035863,289.49425722760463,289.74664171035863,200.82648306833158,12.81213268583857,-297.24938333857665,88.66777415927302,1.161182507145023,7.502741628218033
3904.0,53.58599853515625,289.4942472505928,13.973321235296181,-289.74665128403257,289.4942472505928,289.74665128403257,200.82647295680474,12.812138716341245,-297.249393709322,88.66777429378811,1.161182518954936,7.502742425289441
3912.0,53.69597244262695,289.49422692519397,13.97332182602176,-289.74662808656956,289.49422692519397,289.74662808656956,200.82645297610594,12.812139316340092,-297.2493706153117,88.66777394908803,1.1611825096816677,7.502742528742175
3920.0,53.80595016479492,289.49422757805644,13.973316680854213,-289.746646426876,289.49422757805644,289.746646426876,200.82645308556275,12.812134234410344,-297.249389458542,88.66777449249372,1.1611824464438687,7.502743031665997
3928.0,53.915924072265625,289.4942142034591,13.973316628486229,-289.74659660190036,289.4942142034591,289.74659660190036,200.82644031319538,12.812134191475522,-297.24933970486654,88.66777389026372,1.161182437010707,7.5027431029661855
3936.0,54.02589797973633,289.49420377554156,13.973317878586657,-289.7465930052086,289.49420377554156,289.7465930052086,200.82643037421192,12.812135950910182,-297.2493366582683,88.66777340132967,1.1611819276764752,7.50274365305971
3944.0,54.1358757019043,289.49419441791656,13.973313437659622,-289.7465912115169,289.49419441791656,289.7465912115169,200.82642133585102,12.812131296416636,-297.24933525307085,88.66777308206551,1.1611821412429855,7.502744041553967
3952.0,54.245849609375,289.4941754000114,13.973320601122012,-289.7465373570225,289.4941754000114,289.7465373570225,200.82640287213798,12.812138511887326,-297.2492816620363,88.66777252787342,1.1611820892346856,7.50274430501381
3960.0,54.3558235168457,289.49418210509623,13.973323714742943,-289.74658013486265,289.49418210509623,289.74658013486265,200.82640987381842,12.812141883408342,-297.24932481790665,88.66777223127778,1.1611818313346003,7.502744683044021
3968.0,54.46580123901367,289.4941684895597,13.97331412967232,-289.74653238460513,289.4941684895597,289.74653238460513,200.82639679488452,12.81213238327986,-297.2492776996594,88.66777169467517,1.1611817463924599,7.502745315054266
3976.0,54.57577133178711,289.4941536195337,13.973323937380364,-289.7465138928704,289.4941536195337,289.7465138928704,200.82638216945554,12.8121424240136,-297.2492591618969,88.66777145007816,1.1611815133667633,7.502745269026466
3984.0,54.68574523925781,289.49416414631946,13.973314862530241,-289.74651605536747,289.49416414631946,289.74651605536747,200.82639268830715,12.81213343235143,-297.24926178968144,88.66777145801233,1.1611814301788108,7.502745734313972
3992.0,54.795719146728516,289.4941726402429,13.973324399563802,-289.74653343442816,289.4941726402429,289.74653343442816,200.8264010126901,12.812143293519178,-297.249279356027,88.66777162755278,1.1611811060446247,7.5027459215988515
4000.0,54.905696868896484,289.49417342380417,13.973321979014884,-289.7465037480677,289.49417342380417,289.7465037480677,200.82640170321588,12.812140682185303,-297.24925021651507,88.66777172058828,1.1611812968295805,7.502746468447331
4008.0,55.01567077636719,289.4941786886597,13.97332460763849,-289.74652594916336,289.4941786886597,289.74652594916336,200.82640688412093,12.812143675274813,-297.24927246668165,88.66777180453877,1.1611809323636777,7.502746517518286
4016.0,55.12564468383789,289.49416861204253,13.973324589827866,-289.74648977620234,289.49416861204253,289.74648977620234,200.8263966608951,12.812143665935038,-297.2492370506236,88.66777195114742,1.1611809238928288,7.502747274421257
4024.0,55.23562240600586,289.49417028785695,13.973332318900928,-289.7465096789173,289.49417028785695,289.7465096789173,200.82639820888636,12.81215138687514,-297.24925730719013,88.66777207897059,1.161180932025788,7.5027476282728465
4032.0,55.34559631347656,289.49417776658333,13.973332527920592,-289.7464998228626,289.49417776658333,289.7464998228626,200.82640546706543,12.81215182359311,-297.24924770161135,88.66777229951794,1.1611807043274815,7.502747878748757
4040.0,55.455570220947266,289.4941786111473,13.973333693428412,-289.74647633115677,289.4941786111473,289.74647633115677,200.82640582746143,12.812153108471982,-297.24922441175346,88.66777278368585,1.1611805849564298,7.502748080596682
4048.0,55.565547943115234,289.49417915095444,13.97333851730926,-289.7464656385739,289.49417915095444,289.7464656385739,200.8264060647282,12.812158243173442,-297.2492142412851,88.66777308622625,1.161180274135818,7.502748602711186
4056.0,55.67552185058594,289.49417186302907,13.97334475088156,-289.7464354854758,289.49417186302907,289.7464354854758,200.82639863193396,12.81216432535916,-297.24918454368196,88.6677732310951,1.1611804255224012,7.502749058206188
4064.0,55.78549575805664,289.49418690778685,13.973350192928269,-289.74646354566454,289.49418690778685,289.74646354566454,200.82641301999658,12.812170075444255,-297.249212688829,88.66777388779029,1.1611801174840135,7.502749143164483
4072.0,55.89547348022461,289.494176218653,13.973355413085173,-289.7464390132973,289.494176218653,289.7464390132973,200.8264021665484,12.812175180496865,-297.2491886003045,88.6677740521046,1.1611802325883076,7.5027495870071945
4080.0,56.00544738769531,289.49417993216207,13.973353476872864,-289.74643593491584,289.49417993216207,289.74643593491584,200.82640569322845,12.812173437886063,-297.2491856148343,88.66777423893359,1.1611800389868012,7.502749679918438
4088.0,56.115421295166016,289.4941658312896,13.973359630825936,-289.74641432225,289.4941658312896,289.74641432225,200.82639170151117,12.812179884606897,-297.2491647378599,88.66777412977845,1.1611797462190392,7.502750415609935
4096.0,56.225399017333984,289.49418349671055,13.973367747658727,-289.7464272726725,289.49418349671055,289.7464272726725,200.82640895247198,12.812187928191243,-297.2491780703179,88.66777454423854,1.1611798194674847,7.502750797645362
4104.0,56.33537673950195,289.49417079248303,13.973368414618912,-289.74637734083916,289.49417079248303,289.74637734083916,200.82639610790554,12.812188892322167,-297.2491285243007,88.66777468457748,1.1611795222967451,7.502751183461569
4112.0,56.44534683227539,289.49416445387186,13.973370753841207,-289.74637478688936,289.49416445387186,289.74637478688936,200.8263893433923,12.812191195689028,-297.24912636765475,88.66777511047957,1.1611795581521793,7.502751580765413
4120.0,56.55532455444336,289.49418214823015,13.973386637149925,-289.7463955110453,289.49418214823015,289.7463955110453,200.82640695655857,12.81220711521839,-297.24914733109705,88.66777519167155,1.161179521931535,7.502751820051749
4128.0,56.66529846191406,289.49417093832903,13.973381907714346,-289.746333644925,289.49417093832903,289.746333644925,200.8263950074845,12.812202542667233,-297.2490858697214,88.6677759308445,1.1611793650471132,7.50275222479641
4136.0,56.775272369384766,289.49418583912814,13.973397640916064,-289.74637952133406,289.49418583912814,289.74637952133406,200.8264095014735,12.812218507058962,-297.24913208589084,88.66777633765462,1.161179133857102,7.50275256455679
4144.0,56.885250091552734,289.4941796316258,13.973405333063019,-289.74632419288827,289.4941796316258,289.74632419288827,200.8264027747413,12.812225982030615,-297.24907716938037,88.66777685688447,1.1611793510324038,7.502752976492129
4152.0,56.99522399902344,289.49418638186523,13.973408361510282,-289.74633143088846,289.49418638186523,289.74633143088846,200.82640922781013,12.812229054619873,-297.2490846696851,88.66777715405509,1.1611793068904088,7.50275323879664
4160.0,57.10519790649414,289.4941780265232,13.973416086324672,-289.74630127265993,289.4941780265232,289.74630127265993,200.82640032370887,12.812236923977538,-297.2490549925835,88.66777770281428,1.1611791623471337,7.502753719923607
4168.0,57.21517562866211,289.49419739831194,13.973421312913748,-289.7463261392344,289.49419739831194,289.7463261392344,200.82641940708658,12.812242373447113,-297.24908016739596,88.66777799122535,1.1611789394666356,7.502754028161593
4176.0,57.32514953613281,289.4941918288987,13.973438605280554,-289.74627298417585,289.4941918288987,289.74627298417585,200.82641357864594,12.812259786751556,-297.24902703304474,88.66777825025275,1.1611788185289988,7.502754048868905
4184.0,57.435123443603516,289.4941937686713,13.973445682015083,-289.7462888999554,289.4941937686713,289.7462888999554,200.82641528475972,12.812266804184773,-297.2490435172707,88.6677784839116,1.1611788778303094,7.502754617315315
4192.0,57.545101165771484,289.49417775221104,13.973460193928625,-289.746232261908,289.49417775221104,289.746232261908,200.82639916398804,12.812281424871845,-297.24898689074666,88.667778588223,1.1611787690567805,7.5027546288386695
4200.0,57.65507888793945,289.4941852978478,13.97346152382177,-289.74622942779246,289.4941852978478,289.74622942779246,200.8264064941726,12.812282872835075,-297.2489844655995,88.66777880367519,1.1611786509866953,7.502755037807042
4208.0,57.76505661010742,289.49418300475344,13.973471821462235,-289.74620145845773,289.49418300475344,289.74620145845773,200.82640426749717,12.81229313951485,-297.24895686415914,88.66777873725626,1.1611786819473853,7.502755405701407
4216.0,57.875030517578125,289.4941837244471,13.973476216109395,-289.74620398275937,289.4941837244471,289.74620398275937,200.82640435730576,12.812297589053713,-297.2489595664057,88.66777936714132,1.1611786270556816,7.502755583646312
4224.0,57.98500442504883,289.49419283270464,13.97348850369789,-289.74620517113476,289.49419283270464,289.74620517113476,200.82641337594308,12.812309971714843,-297.24896092459545,88.66777945676156,1.1611785319830474,7.502755753460665
4232.0,58.0949821472168,289.49420255394404,13.973499004452469,-289.7461882221599,289.49420255394404,289.7461882221599,200.82642270552867,12.812320424007712,-297.24894400650203,88.66777984841536,1.1611785804447567,7.502755784342124
4240.0,58.2049560546875,289.4942008563895,13.973510671817408,-289.7461827302354,289.4942008563895,289.7461827302354,200.8264208953989,12.812332179327699,-297.2489388887664,88.66777996099063,1.161178492489709,7.502756158531032
4248.0,58.3149299621582,289.4942073783417,13.97351714699419,-289.7461716013324,289.4942073783417,289.7461716013324,200.82642695360585,12.81233884566183,-297.2489279364162,88.66778042473587,1.1611783013323596,7.502756335083777
4256.0,58.42490768432617,289.4942041421409,13.97353114904737,-289.74610945245604,289.4942041421409,289.74610945245604,200.82642370026804,12.812353128605583,-297.24886623711296,88.66778044187288,1.1611780204417865,7.502756784656935
4264.0,58.534881591796875,289.4942009670687,13.973550239351946,-289.74613297076866,289.4942009670687,289.74613297076866,200.8264199308521,12.812371852136227,-297.24888984133065,88.66778103621662,1.1611783872157186,7.502756870561974
4272.0,58.64485549926758,289.49421202209487,13.97356412165032,-289.7460972421223,289.49421202209487,289.7460972421223,200.82643091658747,12.812386104667837,-297.2488544143415,88.66778110550737,1.1611780169824826,7.502757172219212
4280.0,58.75483322143555,289.49420716132056,13.973576711246569,-289.7460883833056,289.49420716132056,289.7460883833056,200.82642568916532,12.8123987386636,-297.248845932985,88.66778147215524,1.1611779725829692,7.502757549679373
4288.0,58.86480712890625,289.49420709907366,13.973587379861145,-289.7460732820843,289.49420709907366,289.7460732820843,200.82642549567584,12.812409673937978,-297.248831108687,88.66778160339783,1.1611777059231674,7.502757826602718
4296.0,58.97478103637695,289.4942108170902,13.973602010679652,-289.7460543441254,289.4942108170902,289.7460543441254,200.82642906687994,12.812424499204026,-297.24881197944995,88.66778175021025,1.1611775114756266,7.502757635324556
4304.0,59.08475875854492,289.4942196771181,13.973607183694021,-289.7460413688533,289.4942196771181,289.7460413688533,200.82643716327374,12.812429540190927,-297.2487996055134,88.66778251384439,1.1611776435030947,7.5027582366600925
4312.0,59.194732666015625,289.49422163457626,13.973626158795987,-289.7460365818146,289.49422163457626,289.7460365818146,200.82643923388184,12.812448579748768,-297.24879484115377,88.66778240069442,1.1611775790472194,7.502758259339135
4320.0,59.30470657348633,289.49421894195325,13.973636203277845,-289.7460139367234,289.49421894195325,289.7460139367234,200.82643586645332,12.812458696305473,-297.2487726904384,88.6677830754999,1.161177506972372,7.502758753715007
4328.0,59.4146842956543,289.4942391281263,13.973661038767588,-289.7459865630227,289.4942391281263,289.7459865630227,200.82645562642628,12.812483776144884,-297.24874537260996,88.66778350170006,1.1611772626227044,7.5027588095872595
4336.0,59.524658203125,289.49422546610504,13.973669226152085,-289.74596669293203,289.49422546610504,289.74596669293203,200.82644165529138,12.812491798345992,-297.24872589885786,88.66778381081369,1.1611774278060931,7.502759205925816
4344.0,59.6346321105957,289.4942420182807,13.97368112604157,-289.7459610612147,289.4942420182807,289.7459610612147,200.8264578595307,12.812504102797597,-297.24872050730994,88.66778415875004,1.1611770232439724,7.502759446095244
4352.0,59.74460983276367,289.49424051361757,13.97369364222823,-289.7459310696864,289.49424051361757,289.7459310696864,200.82645654870765,12.812516649326193,-297.2486905584948,88.6677839649099,1.1611769929020372,7.502759488808422
4360.0,59.854583740234375,289.49424845004796,13.973713837988553,-289.7459231122958,289.49424845004796,289.7459231122958,200.8264643876439,12.812536951373083,-297.2486826679277,88.66778406240404,1.1611768866154701,7.50275955563189
4368.0,59.96455001831055,289.49425638573234,13.973731836058684,-289.7459037509096,289.49425638573234,289.7459037509096,200.82647203631842,12.812554883011073,-297.2486635212849,88.66778434941389,1.1611769530476117,7.502759770375366
4376.0,60.07452392578125,289.49424978735294,13.973744338349734,-289.74587875005733,289.49424978735294,289.74587875005733,200.8264657148309,12.812567510514477,-297.2486386315337,88.66778407252201,1.1611768278352574,7.502759881476397
4384.0,60.18449783325195,289.4942454890026,13.973758386992161,-289.74584998126033,289.4942454890026,289.74584998126033,200.8264610628148,12.812581727029203,-297.2486100149473,88.66778442618781,1.1611766599629583,7.502760033686979
4392.0,60.29447555541992,289.4942478877981,13.973771869239188,-289.7458230012773,289.4942478877981,289.7458230012773,200.8264632905709,12.812595294849997,-297.24858359120697,88.66778459722721,1.1611765743891915,7.502760589929675
4400.0,60.404449462890625,289.49423723031833,13.97379261639389,-289.7457925892513,289.49423723031833,289.7457925892513,200.82645260523637,12.812616177575475,-297.24855319236224,88.66778462508195,1.1611764388184156,7.502760603110943
4408.0,60.51442337036133,289.4942691954075,13.97380497857624,-289.74583334903434,289.4942691954075,289.74583334903434,200.82648448580585,12.812628273847816,-297.2485940047893,88.66778470960169,1.1611767047284243,7.502760655754955
4416.0,60.6244010925293,289.4942546011961,13.973826756828977,-289.74577022553444,289.4942546011961,289.74577022553444,200.82646944724695,12.812650178743226,-297.24853117539675,88.6677851539491,1.161176578085751,7.502760949862335
4424.0,60.734375,289.49423409717167,13.973836953869812,-289.7457279958789,289.49423409717167,289.7457279958789,200.82644915320702,12.812660657575746,-297.24848927438455,88.66778494396468,1.161176296294066,7.502761278505652
4432.0,60.8443489074707,289.4942574493045,13.973848770765759,-289.7457339667757,289.4942574493045,289.7457339667757,200.8264723660155,12.812672476031436,-297.24849556480444,88.66778508328896,1.1611762947343234,7.502761598028773
4440.0,60.95432662963867,289.49427529395706,13.973869963795144,-289.7457380193217,289.49427529395706,289.7457380193217,200.82649036655033,12.812693786431856,-297.2484998747935,88.66778492740673,1.1611761773632878,7.502761855471732
4448.0,61.064300537109375,289.49427638440034,13.973897409912125,-289.7457110064441,289.49427638440034,289.7457110064441,200.82649095957356,12.812721251471244,-297.2484726233247,88.66778542482675,1.161176158440881,7.502761616880626
4456.0,61.17427062988281,289.4942695680432,13.97390855489932,-289.7456798058379,289.4942695680432,289.7456798058379,200.82648428167073,12.81273256195043,-297.24844186286566,88.66778528637245,1.1611759929488894,7.502762057027802
4464.0,61.284244537353516,289.4942833282919,13.973920428620717,-289.7456687525357,289.4942833282919,289.7456687525357,200.82649754619092,12.812744353495937,-297.2484310369489,88.66778578210099,1.1611760751247804,7.502762284413151
4472.0,61.394222259521484,289.4942818939825,13.97394751584723,-289.7456441194346,289.4942818939825,289.7456441194346,200.82649600494784,12.812771477817925,-297.24840647886896,88.66778588903466,1.1611760380293052,7.502762359434392
4480.0,61.50419616699219,289.49427712500307,13.973968226280066,-289.7455739207692,289.49427712500307,289.7455739207692,200.8264909640288,12.812792154293412,-297.24833629646804,88.66778616097425,1.1611760719866542,7.502762375698875
4488.0,61.61417007446289,289.4942936948707,13.973982028524755,-289.74557699163483,289.4942936948707,289.74557699163483,200.8265071121687,12.81280638864034,-297.2483402256511,88.66778658270198,1.1611756398844157,7.502763234016246
4496.0,61.724151611328125,289.49430079349514,13.97401208792769,-289.74558201871076,289.49430079349514,289.74558201871076,200.8265139947845,12.812836374992543,-297.2483449229559,88.66778679871064,1.1611757129351474,7.502762904245117
4504.0,61.83412551879883,289.494307267557,13.974024441710446,-289.7455524756624,289.494307267557,289.7455524756624,200.82651994478653,12.812848696266263,-297.24831556206766,88.66778732277047,1.161175745444183,7.502763086405253
4512.0,61.9441032409668,289.4943069327545,13.974041867695142,-289.7455318271185,289.4943069327545,289.7455318271185,200.82651965509956,12.812866611706626,-297.2482950917385,88.66778727765497,1.1611752559885158,7.502763264620011
4520.0,62.0540771484375,289.4943198622303,13.974061617263843,-289.74552930962363,289.4943198622303,289.74552930962363,200.82653231029022,12.81288623800426,-297.2482929974934,88.66778755194012,1.161175379259582,7.502763687869802
4528.0,62.1640510559082,289.49432019783376,13.974086776808152,-289.74547504405035,289.49432019783376,289.74547504405035,200.82653275201613,12.812911486395985,-297.24823883024277,88.66778744581765,1.1611752904121673,7.502763786192396
4536.0,62.27402877807617,289.49432375908225,13.974104120785983,-289.74546791470954,289.49432375908225,289.74546791470954,200.82653597742046,12.812929097970802,-297.248231752626,88.66778778166176,1.161175022815181,7.502763837916483
4544.0,62.384002685546875,289.4943217177859,13.974126113543894,-289.74541837773023,289.4943217177859,289.74541837773023,200.82653382558215,12.812951083892,-297.2481822145656,88.66778789220376,1.1611750296518935,7.502763836835356
4552.0,62.49397659301758,289.49432920832635,13.974142492935643,-289.74541298931064,289.49432920832635,289.74541298931064,200.82654098044426,12.812967545929023,-297.24817698695165,88.66778822788206,1.1611749470066197,7.50276399764099
4560.0,62.60395431518555,289.4943308143024,13.974166221913402,-289.7453730432622,289.4943308143024,289.7453730432622,200.8265425976562,12.812991393887511,-297.24813719046665,88.66778821664614,1.1611748280258904,7.502764147204434
4568.0,62.71392822265625,289.4943414874886,13.974187843679106,-289.74536958809136,289.4943414874886,289.74536958809136,200.82655316801782,12.813013019682257,-297.248133871649,88.66778831947079,1.1611748239968485,7.5027642835576
4576.0,62.82390213012695,289.49433905507976,13.97421722103397,-289.74534344269574,289.49433905507976,289.74534344269574,200.82655064051957,12.813042279297578,-297.2481077278465,88.66778841456019,1.161174941736391,7.502764285150786
4584.0,62.93387985229492,289.494341638795,13.974235231892843,-289.7453207901694,289.494341638795,289.7453207901694,200.8265531078388,12.813060321786573,-297.2480852201743,88.66778853095617,1.1611749101062703,7.50276443000492
4592.0,63.043853759765625,289.49435283449344,13.974260644498038,-289.74530901963055,289.49435283449344,289.74530901963055,200.8265645194793,12.813085597517002,-297.24807380005745,88.66778831501414,1.161175046981036,7.5027647804269115
4600.0,63.15382766723633,289.49435931952553,13.974285709858886,-289.7452595996044,289.49435931952553,289.7452595996044,200.82657057018324,12.813111043914724,-297.24802437830147,88.66778874934231,1.1611746659441629,7.502764778697063
4608.0,63.2638053894043,289.49436951315994,13.974305825307125,-289.74527678345305,289.49436951315994,289.74527678345305,200.82658073316927,12.81313093001892,-297.24804161512844,88.66778877999067,1.1611748952882053,7.502764831675417
4616.0,63.373779296875,289.4943696315903,13.974319145738797,-289.7452302183203,289.4943696315903,289.7452302183203,200.82658095144558,12.813144455086766,-297.2479951744218,88.66778868014475,1.1611746906520306,7.502764956101565
4624.0,63.48374557495117,289.49436311411046,13.974340879187773,-289.74518609983994,289.49436311411046,289.74518609983994,200.82657458190675,12.813166251333532,-297.247951174551,88.66778853220373,1.1611746278542405,7.502765074711068
4632.0,63.593719482421875,289.4943777876567,13.974370107921393,-289.7451925675106,289.4943777876567,289.7451925675106,200.82658900948002,12.813195634880044,-297.2479578139767,88.66778877817664,1.1611744730413491,7.502765246466062
4640.0,63.70369338989258,289.49438435627513,13.97439122527168,-289.7451517244216,289.49438435627513,289.7451517244216,200.82659513756727,12.81321658349114,-297.2479169324748,88.66778921870787,1.1611746417805389,7.502765208053251
4648.0,63.81367492675781,289.4943887758618,13.974418871649632,-289.74511778219903,289.4943887758618,289.74511778219903,200.8265996731497,12.813244608980806,-297.2478830201643,88.6677891027121,1.1611742626688262,7.50276523796526
4656.0,63.923648834228516,289.49439577578613,13.974443030087118,-289.74508272116105,289.49439577578613,289.74508272116105,200.82660684432025,12.813268612469468,-297.2478483036044,88.66778893146588,1.1611744176176497,7.5027655824433985
4664.0,64.03362274169922,289.4943982920474,13.974465774053622,-289.74506426938717,289.4943982920474,289.74506426938717,200.82660886335944,12.813291537922577,-297.2478302187818,88.66778942868794,1.1611742361310444,7.502765949394643
4672.0,64.14360046386719,289.4944106976863,13.974490632232357,-289.7450783784898,289.4944106976863,289.7450783784898,200.8266211852117,12.813316165979344,-297.2478442245373,88.66778951247461,1.1611744662530121,7.502765846047502
4680.0,64.25357818603516,289.49433186653414,13.9745023080922,-289.74502815100755,289.49433186653414,289.74502815100755,200.8265453438444,12.813328096907203,-297.24779301947217,88.66778652268975,1.1611742111849974,7.502764868464652
4688.0,64.3635482788086,289.49432913341406,13.974509328482023,-289.7449713052894,289.49432913341406,289.7449713052894,200.82654493460018,12.813334926661275,-297.24773574435795,88.66778419881388,1.1611744018207482,7.502764439068553
4696.0,64.47352600097656,289.4943015342606,13.974525650042665,-289.7449748199191,289.4943015342606,289.7449748199191,200.82651937075377,12.813351223141321,-297.2477387829298,88.66778216350683,1.1611744269013435,7.502763963010693
4704.0,64.58350372314453,289.49410390797163,13.97449420259758,-289.74490057074405,289.49410390797163,289.74490057074405,200.8263317769857,12.813320010033639,-297.2476621015057,88.66777213098592,1.1611741925639407,7.502761530761614
4712.0,64.69347381591797,289.49404251476136,13.97441690521109,-289.74494039839317,289.49404251476136,289.74494039839317,200.82628902612365,12.813242797859411,-297.24769787414164,88.66775348863771,1.1611741073516786,7.502757475748464
4720.0,64.80345153808594,289.4941984531898,13.974386283276225,-289.74516168220396,289.4941984531898,289.74516168220396,200.8264487340929,12.81321207353556,-297.2479167325069,88.66774971909693,1.1611742097406648,7.502755050302962
4728.0,64.9134292602539,289.4944198097043,13.974409645136571,-289.7452202218449,289.4944198097043,289.7452202218449,200.82665888233302,12.813235366993,-297.2479770741061,88.6677609273713,1.1611742781435712,7.502756852261182
4736.0,65.02339935302734,289.4945710384298,13.974453612403051,-289.7452587856832,289.4945710384298,289.7452587856832,200.82679064633382,12.813279679747147,-297.2480191386224,88.66778039209596,1.1611739326559043,7.502760352939241
4744.0,65.13338470458984,289.49464480957715,13.974476742102246,-289.7452351496936,289.49464480957715,289.7452351496936,200.82684698375584,12.813302806295882,-297.2479977332804,88.66779782582132,1.1611739358063637,7.502762583586797
4752.0,65.24335479736328,289.49471846206154,13.97449351256683,-289.74528938728304,289.49471846206154,289.74528938728304,200.82690615596877,12.813319939725845,-297.24805424629665,88.66781230609278,1.161173572840985,7.502764859013638
4760.0,65.35333251953125,289.4947347499153,13.974506047464855,-289.7452986773739,289.4947347499153,289.7452986773739,200.8269114055506,12.813332288273228,-297.2480646235108,88.66782334436473,1.1611737591916267,7.502765946136904
4768.0,65.46331024169922,289.4947163212309,13.974514076688585,-289.7452584919247,289.4947163212309,289.7452584919247,200.8268874311496,12.81334005005722,-297.24802533277534,88.66782889008131,1.1611740266313646,7.502766840850629
4776.0,65.57328033447266,289.4946471083615,13.974529263027351,-289.74517134423684,289.4946471083615,289.74517134423684,200.8268168554324,12.813355468752437,-297.2479388902385,88.66783025292906,1.161173794274914,7.502767546001682
4784.0,65.68325805664062,289.49461333279305,13.974553791097895,-289.7451482348533,289.49461333279305,289.7451482348533,200.82678421095721,12.813379805158585,-297.24791564873203,88.66782912183584,1.1611739859393104,7.502767413878779
4792.0,65.7932357788086,289.4945678847582,13.974573960702477,-289.74506473634705,289.4945678847582,289.74506473634705,200.8267408659239,12.813400038089817,-297.24783281174024,88.66782701883429,1.1611739226126598,7.502768075393192
4800.0,65.90320587158203,289.4945487262206,13.97459698807252,-289.74505581355,289.4945487262206,289.74505581355,200.82672431775302,12.813423175087951,-297.2478233520461,88.66782440846762,1.1611738129845683,7.502767538496133
4808.0,66.01318359375,289.49452354989376,13.974622806346888,-289.74500824229955,289.49452354989376,289.74500824229955,200.82670146703623,12.81344887286502,-297.2477754938827,88.66782208285755,1.1611739334818676,7.502767251583155
4816.0,66.12316131591797,289.4945175978261,13.974631674753521,-289.74498601502137,289.4945175978261,289.74498601502137,200.82669796250008,12.813457863698245,-297.247753407896,88.66781963532597,1.161173811055276,7.502767392874684
4824.0,66.2331314086914,289.49452034499507,13.974659464353214,-289.74494212067293,289.49452034499507,289.74494212067293,200.8267016746723,12.813485633089808,-297.24770897046324,88.66781867032279,1.1611738312634063,7.502766849790291
4832.0,66.34310913085938,289.4945417160246,13.97469379009829,-289.7449669184128,289.4945417160246,289.7449669184128,200.82672394895872,12.81352000463283,-297.2477338502029,88.66781776706594,1.1611737854654596,7.502766931790145
4840.0,66.45308685302734,289.4945589586643,13.974716020952913,-289.74493152195976,289.4945589586643,289.74493152195976,200.8267418253512,12.813542250632334,-297.24769819843624,88.6678171333131,1.1611737703205787,7.502766676476476
4848.0,66.56305694580078,289.49450902652194,13.97473725324995,-289.7448916490819,289.49450902652194,289.7448916490819,200.8266936852054,12.813563511585631,-297.24765821064307,88.66781534131654,1.161173741664319,7.502766561561124
4856.0,66.67303466796875,289.49445392525865,13.974740368042296,-289.7448292093437,289.49445392525865,289.7448292093437,200.8266431928236,12.813566974734329,-297.24759493028967,88.66781073243502,1.1611733933079673,7.502765720945952
4864.0,66.78301239013672,289.49445765933575,13.974755421585668,-289.7448374896606,289.49445765933575,289.7448374896606,200.82665022951494,12.813581804608617,-297.2476027473044,88.66780742982081,1.1611736169770506,7.502765257643848
4872.0,66.89298248291016,289.4944730826387,13.974756162202421,-289.7448458028648,289.4944730826387,289.7448458028648,200.82666751811263,12.81358276677276,-297.2476105361582,88.66780556452608,1.1611733954296621,7.502764733293443
4880.0,67.00294494628906,289.49450229866875,13.974781866360873,-289.7448372578406,289.49450229866875,289.7448372578406,200.82669730134188,12.813608478139727,-297.247602245028,88.6678049973269,1.1611733882211457,7.502764987187447
4888.0,67.11292266845703,289.4945020136288,13.974800034166604,-289.744812887345,289.4945020136288,289.744812887345,200.82669673919276,12.813626866125386,-297.2475777840484,88.667805274436,1.161173168041218,7.502764896703383
4896.0,67.22289276123047,289.4945126327297,13.9748114040469,-289.7447662907902,289.4945126327297,289.7447662907902,200.82670687290064,12.813637952500134,-297.24753138978247,88.66780575982905,1.161173451546766,7.5027650989922705
4904.0,67.33287811279297,289.49455210254536,13.974831410160093,-289.7448080617244,289.49455210254536,289.7448080617244,200.8267457456918,12.813658109496178,-297.2475733997153,88.66780635685356,1.1611733006639149,7.502765337990851
4912.0,67.4428482055664,289.49455034204567,13.974850017870375,-289.744747750701,289.49455034204567,289.744747750701,200.82674300121684,12.81367693570596,-297.24751349149494,88.66780734082883,1.1611730821644155,7.502765740793983
4920.0,67.55282592773438,289.49458553211826,13.974866662391197,-289.7447999485203,289.49458553211826,289.7447999485203,200.82677754140298,12.813693848390486,-297.2475660519409,88.66780799071527,1.161172814000711,7.502766103420569
4928.0,67.66280364990234,289.49457993703584,13.974880752221102,-289.74472767563634,289.49457993703584,289.74472767563634,200.82677088644604,12.813707969761793,-297.24749382239077,88.66780905058981,1.1611727824593086,7.502766146754428
4936.0,67.77277374267578,289.4945899414835,13.974898509769607,-289.7447226457391,289.4945899414835,289.7447226457391,200.82678006223074,12.813725955862123,-297.2474890597058,88.66780987925279,1.161172553907484,7.502766413966711
4944.0,67.88275146484375,289.49460243910653,13.974923570145004,-289.7447036022061,289.49460243910653,289.7447036022061,200.82679188419849,12.813750698091075,-297.24747040101,88.66781055490802,1.1611728720539283,7.502766798803936
4952.0,67.99272918701172,289.4946108653361,13.974937539825769,-289.74469402566797,289.4946108653361,289.74469402566797,200.82679940977567,12.81376491731272,-297.2474610699599,88.66781145556041,1.1611726225130479,7.502767044291918
4960.0,68.10269927978516,289.4946083604141,13.974964400043964,-289.7446591066181,289.4946083604141,289.7446591066181,200.8267962430764,12.813791615899023,-297.2474261538603,88.66781211733772,1.1611727841449415,7.502767047242244
4968.0,68.21267700195312,289.49463142080845,13.974984274703361,-289.7446563848529,289.49463142080845,289.7446563848529,200.82681849241735,12.813811609890234,-297.2474236562248,88.66781292839113,1.1611726648131278,7.502767271371923
4976.0,68.3226547241211,289.4946218661715,13.974996177455727,-289.74462096166405,289.4946218661715,289.74462096166405,200.82680863679502,12.813823539411729,-297.2473883836834,88.66781322937648,1.1611726380439986,7.502767422019357
4984.0,68.43262481689453,289.49463468598486,13.97501313005758,-289.74460448183845,289.49463468598486,289.74460448183845,200.82682085274416,12.813840517234688,-297.2473721549092,88.66781383324071,1.1611726128228916,7.502767673070775
4992.0,68.5426025390625,289.4946288130818,13.975034105025854,-289.74458631962773,289.4946288130818,289.74458631962773,200.8268143100719,12.813861303534237,-297.24735410781125,88.6678145030099,1.1611728014916167,7.502767788183505
5000.0,68.65258026123047,289.49463134127427,13.975055570638853,-289.74452497878167,289.49463134127427,289.74452497878167,200.8268166623778,12.813882915698802,-297.2472931031808,88.66781467889643,1.1611726549400512,7.502768124399161
5008.0,68.7625503540039,289.4946127789408,13.97507605435261,-289.74448159364067,289.4946127789408,289.74448159364067,200.82679808002757,12.813903471226624,-297.24724983825683,88.66781469891322,1.1611725831259854,7.502768244616181
5016.0,68.87252807617188,289.49454985452496,13.975083945634449,-289.74448474092867,289.49454985452496,289.74448474092867,200.82673826074353,12.813911145313977,-297.24725245308593,88.66781159378147,1.1611728003204718,7.502767712157247
5024.0,68.98250579833984,289.4945151945951,13.975078743337052,-289.7444532999913,289.4945151945951,289.7444532999913,200.82670754595225,12.813906044027622,-297.24722054655854,88.66780764864288,1.1611726993094305,7.50276724656727
5032.0,69.09247589111328,289.49453005878695,13.975076367297312,-289.7445037690288,289.49453005878695,289.7445037690288,200.82672487512167,12.813903906892333,-297.24727033574743,88.6678051836653,1.1611724604049787,7.502766566718588
5040.0,69.20245361328125,289.49450900207677,13.97507645687201,-289.7444859065061,289.49450900207677,289.7444859065061,200.8267056740907,12.813904354029209,-297.2472521086032,88.66780332798605,1.1611721028428015,7.502766202097138
5048.0,69.31243133544922,289.4943702905696,13.975064419161887,-289.74439527106426,289.4943702905696,289.74439527106426,200.82657451546342,12.813891886864715,-297.24715999527973,88.66779577510617,1.1611725322971722,7.502764724215464
5056.0,69.42240142822266,289.494315150547,13.975012204718388,-289.74440998891777,289.494315150547,289.74440998891777,200.82653051221126,12.813839722024113,-297.24717267894243,88.6677846383357,1.1611724826942744,7.5027626900246425
5064.0,69.53237915039062,289.49435775917993,13.974982506624007,-289.7444849536471,289.49435775917993,289.7444849536471,200.82657824310127,12.813810162543184,-297.24724622413095,88.66777951607868,1.161172344080823,7.502761270483855
5072.0,69.6423568725586,289.49440167941214,13.974967294939168,-289.74453201580457,289.49440167941214,289.74453201580457,200.8266223730269,12.81379506653341,-297.24729334386114,88.66777930638523,1.161172228405757,7.50276132805655
5080.0,69.75232696533203,289.4944529094458,13.974959993183274,-289.74456810626657,289.4944529094458,289.74456810626657,200.82667173603645,12.813787627039037,-297.2473299202566,88.66778117340932,1.1611723661442372,7.502761813990034
5088.0,69.8623046875,289.4944907510823,13.974944895337579,-289.7445799007164,289.4944907510823,289.7445799007164,200.8267064389534,12.813772636840545,-297.2473419866985,88.66778431212892,1.161172258497034,7.502762085982084
5096.0,69.97228240966797,289.4946203919151,13.97494895120775,-289.7446658670045,289.4946203919151,289.7446658670045,200.82682833608231,12.813776829850308,-297.247429774029,88.66779205583278,1.161172121357442,7.502763907024459
5104.0,70.0822525024414,289.4946311098324,13.974940415380305,-289.74464172450945,289.4946311098324,289.74464172450945,200.82683060071747,12.813768467146113,-297.2474073076097,88.66780050911493,1.1611719482341911,7.5027655831002775
5112.0,70.19223022460938,289.49463196984925,13.974938466812453,-289.74467730327706,289.49463196984925,289.74467730327706,200.8268269320389,12.813766811113982,-297.24744338505036,88.66780503781033,1.161171655698471,7.502766081773281
5120.0,70.30220794677734,289.4946332185382,13.974934010665255,-289.74467738920987,289.4946332185382,289.74467738920987,200.82682508266134,12.813761932703947,-297.2474444352038,88.66780813587684,1.1611720779613073,7.502767045993959
5128.0,70.41217803955078,289.4946235455628,13.974921658655344,-289.7446611162145,289.4946235455628,289.7446611162145,200.82681338152196,12.813749426271396,-297.2474286687325,88.66781016404082,1.1611722323839473,7.5027675525179625
5136.0,70.52214813232422,289.4946171394164,13.974903538743668,-289.74467331678795,289.4946171394164,289.74467331678795,200.82680516213222,12.813731724736096,-297.24744119008903,88.6678119772842,1.161171814007572,7.502767873301096
5144.0,70.63212585449219,289.49461923317375,13.97489061596844,-289.7446843253499,289.49461923317375,289.7446843253499,200.82680601631057,12.813718854860134,-297.247452682298,88.6678132168632,1.1611717611083048,7.50276835694811
5152.0,70.74210357666016,289.4946367073736,13.974876514909306,-289.74470622626416,289.4946367073736,289.74470622626416,200.82682217541625,12.813704829358663,-297.2474748728277,88.66781453195733,1.1611716855506433,7.5027686465635455
5160.0,70.8520736694336,289.4946365806336,13.974873765996591,-289.7447093944061,289.4946365806336,289.7447093944061,200.82682008887963,12.813702340695073,-297.2474781832631,88.66781649175397,1.161171425301518,7.502768788857036
5168.0,70.96205139160156,289.4946349639063,13.974883209391793,-289.74471527708124,289.4946349639063,289.74471527708124,200.82681690733085,12.813711533172402,-297.24748481068764,88.66781805657547,1.161171676219391,7.5027695336064255
5176.0,71.07202911376953,289.4946311202924,13.97488478224958,-289.7447084328149,289.4946311202924,289.7447084328149,200.82681216101344,12.813713238311594,-297.2474784558025,88.667818959279,1.1611715439379857,7.502770022987601
5184.0,71.18199920654297,289.4946186483056,13.974873896304139,-289.7446957314867,289.4946186483056,289.7446957314867,200.8267992657772,12.813702514690421,-297.24746591204377,88.66781938252845,1.161171381613718,7.502770180557103
5192.0,71.29197692871094,289.4946136520442,13.974873497276006,-289.744689822295,289.4946136520442,289.744689822295,200.82679399228414,12.813702196240722,-297.24746001174196,88.66781965976008,1.1611713010352833,7.502770189446949
5200.0,71.4019546508789,289.4946030057407,13.97486988652641,-289.7446888301692,289.4946030057407,289.7446888301692,200.8267836381609,12.813698430856228,-297.2474593925348,88.66781936757985,1.161171455670182,7.50277056236558
5208.0,71.51192474365234,289.4945961870634,13.974864774095701,-289.74470761433105,289.4945961870634,289.74470761433105,200.8267767255901,12.813693585737534,-297.2474779771472,88.6678194614733,1.1611711883581677,7.50277036281615
5216.0,71.62190246582031,289.49459741961925,13.974860290615178,-289.7447248111748,289.49459741961925,289.7447248111748,200.8267785669025,12.81368898360244,-297.2474949156646,88.66781885271672,1.1611713070127383,7.5027701044898265
5224.0,71.73188018798828,289.49458746458976,13.974863524265858,-289.74472065765895,289.49458746458976,289.74472065765895,200.82676909730762,12.813692195759977,-297.2474908546454,88.66781836728215,1.1611713285058816,7.502770196986422
5232.0,71.84185028076172,289.4945756156438,13.974856402219544,-289.7447246843163,289.4945756156438,289.7447246843163,200.8267576925422,12.813685141384171,-297.2474950199839,88.66781792310157,1.1611712608353724,7.502770335667602
5240.0,71.95182800292969,289.49455935455956,13.974852753912081,-289.74468393150556,289.49455935455956,289.74468393150556,200.8267418404631,12.813681523340252,-297.24745408878573,88.66781751409644,1.1611712305718296,7.502770157280175
5248.0,72.06180572509766,289.4945626228928,13.97484188767247,-289.7447006613137,289.4945626228928,289.7447006613137,200.8267455704944,12.813670622088866,-297.24747082022975,88.66781705239836,1.1611712655836044,7.5027701589160785
5256.0,72.17178344726562,289.49457079732076,13.974845730124388,-289.74471916527034,289.49457079732076,289.74471916527034,200.82675396197817,12.813674540164161,-297.2474893500734,88.66781683534259,1.1611711899602266,7.502770184803083
5264.0,72.28175354003906,289.494549626032,13.974837174248826,-289.74470014581044,289.494549626032,289.74470014581044,200.82673314024575,12.813665995185747,-297.24747021557795,88.66781648578625,1.1611711790630785,7.502770069767482
5272.0,72.39173126220703,289.49455337752556,13.97483025644347,-289.74471266415395,289.49455337752556,289.74471266415395,200.82673712438896,12.813659000447675,-297.2474827125021,88.66781625313664,1.1611712559957947,7.502770048348161
5280.0,72.501708984375,289.49454721250765,13.974832767091696,-289.7446932502479,289.49454721250765,289.7446932502479,200.82673144487651,12.813661566700242,-297.2474631029489,88.66781576763114,1.161171200391454,7.502769852701039
5288.0,72.61168670654297,289.49454340181205,13.974827905279374,-289.74468975193827,289.49454340181205,289.74468975193827,200.8267273125426,12.81365673189631,-297.24745968205673,88.66781608926945,1.1611711733830639,7.502769930118472
5296.0,72.7216567993164,289.494559857808,13.9748265059493,-289.74473563886755,289.494559857808,289.74473563886755,200.82674381194903,12.813655324844884,-297.2475058967177,88.66781604585896,1.1611711811044163,7.502770257850152
5304.0,72.83163452148438,289.4945548406772,13.974827370904144,-289.74472039956567,289.4945548406772,289.74472039956567,200.82673921260198,12.813655952089018,-297.24749055518424,88.66781562807526,1.161171418815126,7.502770155618563
5312.0,72.94161224365234,289.4945543957562,13.974825988850258,-289.7447340756997,289.4945543957562,289.7447340756997,200.82673891707654,12.81365493746147,-297.24750431927527,88.66781547867969,1.1611710513887878,7.502770243575558
5320.0,73.05158233642578,289.49454360875535,13.974819023929518,-289.7447102237691,289.49454360875535,289.7447102237691,200.82672791997751,12.813647717957242,-297.2474804214108,88.66781568877782,1.1611713059722764,7.502770197641656
5328.0,73.16156005859375,289.4945472140497,13.974819248512999,-289.7447080964668,289.4945472140497,289.7447080964668,200.8267316503671,12.813647833688893,-297.2474784996708,88.66781556368264,1.1611714148241052,7.502770403204032
5336.0,73.27153778076172,289.4945420381794,13.974808356971037,-289.7447263431635,289.4945420381794,289.7447263431635,200.8267266479764,12.813637349699793,-297.2474964820382,88.66781539020302,1.1611710072712444,7.502770138874645
5344.0,73.38150787353516,289.49454243332207,13.97480744892433,-289.74472429116315,289.49454243332207,289.74472429116315,200.8267271607061,12.813636532290802,-297.2474947593206,88.66781527261597,1.1611709166335284,7.502770468157433
5352.0,73.49148559570312,289.4945473863579,13.974810669982462,-289.74472865263607,289.4945473863579,289.74472865263607,200.82673184044987,12.813639586058926,-297.2474990527513,88.66781554590806,1.161171083923536,7.502770400115249
5360.0,73.6014633178711,289.4945411665098,13.974805923456435,-289.744740874772,289.4945411665098,289.744740874772,200.826725414814,12.813634929568874,-297.24751131510095,88.66781575169578,1.161170993887561,7.502770440328952
5368.0,73.71143341064453,289.49453754819683,13.974799032176774,-289.744705050804,289.49453754819683,289.744705050804,200.82672187775057,12.813628383761316,-297.2474756140483,88.66781567044623,1.1611706484154585,7.502770563244322
5376.0,73.8214111328125,289.494547844246,13.974804346107366,-289.7447255524486,289.494547844246,289.7447255524486,200.8267321472082,12.81363341105121,-297.24749591420834,88.66781569703777,1.1611709350561554,7.502770361759776
5384.0,73.93138885498047,289.4945510096121,13.974795245636928,-289.74475040983737,289.4945510096121,289.74475040983737,200.82673524440023,12.813624358598762,-297.24752107304107,88.6678157652119,1.1611708870381658,7.502770663203712
5392.0,74.04134368896484,289.49455130884684,13.97479683949682,-289.74473924756654,289.49455130884684,289.74473924756654,200.82673557203395,12.813626072330251,-297.2475098480749,88.66781573681287,1.1611707671665688,7.502770600508395
5400.0,74.15132141113281,289.4945406057195,13.974798210962575,-289.7447379817556,289.4945406057195,289.7447379817556,200.82672486099952,12.813627176831472,-297.24750888935546,88.66781574472002,1.1611710341311028,7.502770907599874
5408.0,74.26129913330078,289.4945260667765,13.974788334054642,-289.7447198882765,289.4945260667765,289.7447198882765,200.82671042889302,12.813617313094696,-297.24749093275676,88.66781563788345,1.1611710209599462,7.502771044480269
5416.0,74.37127685546875,289.49452543602064,13.974789385548688,-289.74472403284744,289.49452543602064,289.74472403284744,200.8267094975826,12.813618403792743,-297.2474952416951,88.66781593843803,1.1611709817559444,7.502771208847641
5424.0,74.48125457763672,289.49454367086526,13.974781190412436,-289.74473482977476,289.49454367086526,289.74473482977476,200.82672746942202,12.813610357529411,-297.2475058460288,88.6678162014432,1.161170832883025,7.502771016254044
5432.0,74.59122467041016,289.49454569628614,13.97478775444288,-289.7447430690275,289.49454569628614,289.7447430690275,200.82672958358637,12.813616820166203,-297.2475143630577,88.66781611269977,1.1611709342766776,7.502771294030186
5440.0,74.70120239257812,289.49452974228336,13.974777149279944,-289.744713757997,289.49452974228336,289.744713757997,200.82671384227473,12.813606068761473,-297.24748521936215,88.66781590000866,1.1611710805184714,7.502771461365171
5448.0,74.8111801147461,289.4945393165175,13.974775716442077,-289.7447276631168,289.4945393165175,289.7447276631168,200.82672334360336,12.81360505700717,-297.24749895942455,88.66781597291414,1.161170659434907,7.502771296307756
5456.0,74.92115020751953,289.4945316395178,13.97477553613848,-289.7447256481541,289.4945316395178,289.7447256481541,200.82671545167764,12.813604968472104,-297.2474971652333,88.66781618784016,1.1611705676663764,7.5027715170792355
5464.0,75.0311279296875,289.49453500643233,13.974772917055937,-289.7447394106078,289.49453500643233,289.7447394106078,200.8267188516677,12.81360198328027,-297.2475110308494,88.66781615476465,1.1611709337756668,7.50277162024161
5472.0,75.14110565185547,289.494521265389,13.974778229736536,-289.74472611918685,289.494521265389,289.74472611918685,200.8267048755592,12.813607691316589,-297.2474978027378,88.6678163898298,1.161170538419947,7.502771683550964
5480.0,75.2510757446289,289.494539155178,13.974773043407184,-289.74474923383707,289.494539155178,289.74474923383707,200.82672268497276,12.81360235875894,-297.24752093261037,88.66781647020522,1.1611706846482441,7.5027716987733015
5488.0,75.36105346679688,289.4945223196146,13.974764782477612,-289.74473179805926,289.4945223196146,289.74473179805926,200.8267059367715,12.813594038804572,-297.2475036590077,88.66781638284311,1.1611707436730399,7.502771860948428
5496.0,75.47103118896484,289.49453748702274,13.97476121812024,-289.7447444691333,289.49453748702274,289.7447444691333,200.8267213080826,12.81359060639435,-297.2475162778183,88.66781617894017,1.1611706117258898,7.502771808685004
5504.0,75.58100128173828,289.49452758076245,13.974758334652021,-289.74473733457324,289.49452758076245,289.74473733457324,200.82671118025723,12.813587891684644,-297.24750922129124,88.66781640050522,1.1611704429673768,7.502771886717994
5512.0,75.69097900390625,289.49452697769925,13.97475910027965,-289.7447460713494,289.49452697769925,289.7447460713494,200.8267104889666,12.813588652471573,-297.2475178765974,88.66781648873265,1.161170447808077,7.502771805247985
5520.0,75.80095672607422,289.49454452269754,13.974760271183845,-289.7447776566755,289.49454452269754,289.7447776566755,200.82672796765152,12.813589978554758,-297.2475497187601,88.66781655504599,1.1611702926290874,7.502772062084617
5528.0,75.91092681884766,289.4945385805536,13.974760874545302,-289.7447650413456,289.4945385805536,289.7447650413456,200.82672191123223,12.813590417220801,-297.2475369943835,88.66781666932135,1.1611704573245003,7.502771953037893
5536.0,76.02090454101562,289.49452877589715,13.974756097305722,-289.7447493823709,289.49452877589715,289.7447493823709,200.82671225923656,12.813585930228648,-297.2475214231904,88.66781651666058,1.1611701670770742,7.5027720408194725
5544.0,76.1308822631836,289.49452292770667,13.974756047226139,-289.7447438087261,289.49452292770667,289.7447438087261,200.8267066634919,12.813585428670788,-297.2475158592492,88.66781626421478,1.1611706185553512,7.502772050523031
5552.0,76.24085235595703,289.4945139572578,13.974750015653369,-289.74473572329083,289.4945139572578,289.74473572329083,200.82669758393882,12.813579741132884,-297.2475080506391,88.667816373319,1.1611702745204848,7.502772327348271
5560.0,76.350830078125,289.49452033811446,13.974752964334206,-289.74474369570305,289.49452033811446,289.74474369570305,200.82670382056384,12.813582836538934,-297.24751569041376,88.66781651755062,1.1611701277952715,7.50277199471072
5568.0,76.46080780029297,289.49453496302044,13.9747488793942,-289.7447617941647,289.49453496302044,289.7447617941647,200.82671823716535,12.813578687469992,-297.2475340812824,88.66781672585509,1.1611701919242083,7.502772287117725
5576.0,76.5707778930664,289.49452309503266,13.974743424304824,-289.7447530508644,289.49452309503266,289.7447530508644,200.8267064709159,12.813573013289869,-297.24752500736923,88.66781662411675,1.1611704110149557,7.502771956504816
5584.0,76.68075561523438,289.4945131933064,13.974746571649181,-289.7447319410648,289.4945131933064,289.7447319410648,200.82669655007004,12.81357622795214,-297.2475043644513,88.6678166432363,1.1611703436970409,7.502772423386478
5592.0,76.79073333740234,289.49452550496756,13.974745165715992,-289.7447565518993,289.49452550496756,289.7447565518993,200.82670881016662,12.813575009910622,-297.24752911438424,88.66781669480092,1.1611701558053706,7.5027725624849495
5600.0,76.90070343017578,289.4945235647424,13.974743017547668,-289.74473483492693,289.4945235647424,289.74473483492693,200.82670682932584,12.813572791396242,-297.24750720616476,88.66781673541658,1.1611702261514267,7.502772371237821
5608.0,77.01068115234375,289.49451904056156,13.974734197476913,-289.744740587964,289.49451904056156,289.744740587964,200.82670235191705,12.813564134309217,-297.2475129835326,88.6678166886445,1.1611700631676953,7.502772395568616
5616.0,77.12065887451172,289.4945170942356,13.974732904285386,-289.74474357573115,289.4945170942356,289.74474357573115,200.8267002387511,12.813562891721872,-297.2475159787658,88.66781685548452,1.1611700125635132,7.502772403034658
5624.0,77.23062896728516,289.4945133536681,13.974739955835844,-289.7447375423336,289.4945133536681,289.7447375423336,200.82669658216471,12.813569747506257,-297.24751034794804,88.66781677150337,1.1611702083295867,7.5027728056143985
5632.0,77.34060668945312,289.4945217492624,13.974731805585566,-289.74474392866057,289.4945217492624,289.74474392866057,200.82670484129224,12.813561956676141,-297.2475165591625,88.66781690797018,1.1611698489094255,7.50277263050193
5640.0,77.4505844116211,289.4945291367602,13.974738785374688,-289.7447767766898,289.4945291367602,289.7447767766898,200.8267122101036,12.81356901274154,-297.247549356916,88.66781692665657,1.1611697726331478,7.502772580226242
5648.0,77.56055450439453,289.49453236730744,13.974736854858364,-289.7447793255351,289.49453236730744,289.7447793255351,200.82671549664207,12.81356676940863,-297.24755203593867,88.66781687066535,1.1611700854497329,7.502772710403601
5656.0,77.67052459716797,289.49451765841684,13.974733561212128,-289.7447448060216,289.49451765841684,289.7447448060216,200.82670102145295,12.813563604111025,-297.2475173148298,88.66781663696389,1.1611699571011034,7.502772508808224
5664.0,77.78050231933594,289.4945187574176,13.974728147437935,-289.74476464427477,289.4945187574176,289.74476464427477,200.826701628872,12.81355829906421,-297.247537467079,88.66781712854558,1.1611698483737243,7.502772822804207
5672.0,77.8904800415039,289.49451995757875,13.97473418651919,-289.7447627326318,289.49451995757875,289.7447627326318,200.82670270651616,12.813564364912034,-297.2475356824276,88.6678172510626,1.1611698216071549,7.5027729497958475
5680.0,78.00045013427734,289.49452397988586,13.974724818909948,-289.74475397966035,289.49452397988586,289.74475397966035,200.82670693225498,12.813555109276553,-297.2475272164909,88.66781704763088,1.1611697096333948,7.502773236830521
5688.0,78.11042785644531,289.49452649809984,13.974731053014116,-289.744751444863,289.49452649809984,289.744751444863,200.82670928720998,12.813561302839192,-297.24752445875004,88.66781721088984,1.161169750174924,7.502773013886987
5696.0,78.22040557861328,289.4945147525709,13.974726092074793,-289.7447587859851,289.4945147525709,289.7447587859851,200.8266975542822,12.813556095650739,-297.24753175480544,88.66781719828873,1.1611699964240536,7.502772968820363
5704.0,78.33037567138672,289.4945282597365,13.974728886269707,-289.74475752675943,289.4945282597365,289.74475752675943,200.8267108392082,12.813559379285742,-297.2475304088869,88.66781742052831,1.1611695069839651,7.50277288212747
5712.0,78.44035339355469,289.49451563887783,13.974726948173803,-289.74475239144004,289.49451563887783,289.74475239144004,200.82669800729667,12.813557464805445,-297.2475256287364,88.66781763158119,1.161169483368358,7.502773237296367
5720.0,78.55033111572266,289.49452749879646,13.974725812253396,-289.7447755511323,289.49452749879646,289.7447755511323,200.82670998382346,12.81355594800727,-297.2475489489657,88.667817514973,1.1611698642461263,7.502773397833373
5728.0,78.6603012084961,289.4944998524882,13.974721953245137,-289.7447380899991,289.4944998524882,289.7447380899991,200.82668247054488,12.813552468367448,-297.24751126280876,88.66781738194334,1.1611694848776892,7.502773172809668
5736.0,78.77027893066406,289.4945307813784,13.974731109642144,-289.7447826429229,289.4945307813784,289.7447826429229,200.82671302287878,12.813561335252768,-297.247555923414,88.66781775849961,1.1611697743893767,7.502773280491038
5744.0,78.88025665283203,289.49452434494424,13.974727108932505,-289.7447619408287,289.49452434494424,289.7447619408287,200.82670658130138,12.813557471581435,-297.2475350353999,88.66781776364286,1.1611696373510707,7.502773094571186
5752.0,78.99022674560547,289.49452156526377,13.974723316552073,-289.7447620913988,289.49452156526377,289.7447620913988,200.8267035291733,12.813553961416147,-297.2475352269573,88.66781803609047,1.1611693551359252,7.502773135558524
5760.0,79.10020446777344,289.49451976271394,13.974723428348023,-289.7447454152943,289.49451976271394,289.7447454152943,200.8267015768886,12.813553901972064,-297.24751877911126,88.66781818582535,1.161169526375959,7.502773363816949
5768.0,79.2101821899414,289.49452952846104,13.974728417137465,-289.74476457807015,289.49452952846104,289.74476457807015,200.82671118321622,12.813558804877859,-297.24753786904427,88.6678183452448,1.1611696122596058,7.5027732909741225
5776.0,79.32015228271484,289.4945257827725,13.974721583886536,-289.744766530159,289.4945257827725,289.744766530159,200.82670747652617,12.813551918612617,-297.2475398220224,88.66781830624635,1.1611696652739187,7.5027732918634165
5784.0,79.43013000488281,289.4945217171035,13.97472231886674,-289.7447759951617,289.4945217171035,289.7447759951617,200.8267033077402,12.813552721654766,-297.24754929064136,88.66781840936332,1.161169597211975,7.502773295479649
5792.0,79.54010772705078,289.4945183700852,13.974721065009659,-289.7447520524704,289.4945183700852,289.7447520524704,200.82669996697513,12.81355132414077,-297.2475255903074,88.66781840311008,1.161169740868889,7.502773537837026
5800.0,79.65007781982422,289.49452279950265,13.974727833734786,-289.74476689419356,289.49452279950265,289.74476689419356,200.82670425751505,12.813558314649026,-297.24754053081904,88.6678185419876,1.1611695190857603,7.5027736366254985
5808.0,79.76005554199219,289.4945096151987,13.974724991157531,-289.7447164520519,289.4945096151987,289.7447164520519,200.82669087627903,12.81355556627058,-297.2474898631543,88.66781873891964,1.1611694248869515,7.502773411102449
5816.0,79.87003326416016,289.4945244000945,13.974725599689917,-289.7447687866142,289.4945244000945,289.7447687866142,200.82670584581976,12.813556097572048,-297.2475425000115,88.66781855427477,1.1611695021178683,7.5027737133973
5824.0,79.9800033569336,289.4945185233174,13.97472754152864,-289.7447763796244,289.4945185233174,289.7447763796244,200.8266998797069,12.813557905657186,-297.2475500223078,88.6678186436105,1.1611696358714543,7.502773642683405
5832.0,80.08998107910156,289.4945223680782,13.974727535707993,-289.74476772955654,289.4945223680782,289.74476772955654,200.82670377966448,12.813558208575971,-297.247541384433,88.66781858841374,1.161169327132022,7.502773654876481
5840.0,80.19995880126953,289.49451785190286,13.974726901800048,-289.74473337006555,289.49451785190286,289.74473337006555,200.82669921458722,12.813557636640756,-297.2475067942271,88.66781863731566,1.1611692651592929,7.502773424161568
5848.0,80.30992889404297,289.4945114916785,13.974721567881502,-289.7447172544284,289.4945114916785,289.7447172544284,200.82669303760414,12.813552218712779,-297.24749091221497,88.66781845407436,1.1611693491687234,7.502773657786559
5856.0,80.41990661621094,289.49451370389386,13.974721387384031,-289.7447408092937,289.49451370389386,289.7447408092937,200.8266951736752,12.813551983508974,-297.2475147381973,88.66781853021865,1.161169403875057,7.502773928903622
5864.0,80.5298843383789,289.4945145685072,13.974727411232495,-289.74473279129535,289.4945145685072,289.74473279129535,200.82669610658647,12.81355785157092,-297.24750650205476,88.66781846192075,1.161169559661575,7.502773710759431
5872.0,80.63985443115234,289.4945342481489,13.974726987247823,-289.7447712916829,289.4945342481489,289.7447712916829,200.82671568548074,12.81355757017818,-297.2475449370178,88.66781856266817,1.1611694170696438,7.502773645334841
5880.0,80.74983215332031,289.4945167233568,13.97473154270634,-289.7447471917981,289.4945167233568,289.7447471917981,200.8266977893279,12.813562163371916,-297.24752104594705,88.66781893402887,1.1611693793344244,7.50277385414892
5888.0,80.85980987548828,289.494521387991,13.974727817611969,-289.74475424660153,289.494521387991,289.74475424660153,200.82670255600044,12.813558522402545,-297.2475281320228,88.66781883199059,1.1611692952094241,7.502773885421259
5896.0,80.96977996826172,289.4945152782436,13.974734676953686,-289.7447489607804,289.4945152782436,289.7447489607804,200.82669640994243,12.813565213830728,-297.24752287665405,88.66781886830118,1.1611694631229579,7.502773915873679
5904.0,81.07975006103516,289.49452019899377,13.974737643738267,-289.7447437745047,289.49452019899377,289.7447437745047,200.82670133080433,12.813568181224746,-297.24751776614676,88.66781886818941,1.1611694625135218,7.502773991642091
5912.0,81.18972778320312,289.49451249260875,13.974724392608323,-289.7447301348954,289.49451249260875,289.7447301348954,200.82669354737672,12.813555208957936,-297.2475040374669,88.66781894523201,1.1611691836503866,7.502773902571509
5920.0,81.2997055053711,289.4945241540023,13.974734297031054,-289.7447502803525,289.4945241540023,289.7447502803525,200.82670561840726,12.813564911539823,-297.24752446065577,88.66781853559506,1.161169385491231,7.502774180303252
5928.0,81.40967559814453,289.4945193190503,13.974729149490463,-289.74471746905044,289.4945193190503,289.74471746905044,200.82670008794054,12.813560012600428,-297.24749141716734,88.66781923110979,1.1611691368900345,7.502773948116904
5936.0,81.5196533203125,289.49452652189444,13.974731827107687,-289.7447386854012,289.49452652189444,289.7447386854012,200.82670749954562,12.81356300345157,-297.2475128674837,88.66781902234882,1.1611688236561175,7.502774182082469
5944.0,81.62963104248047,289.4945241561202,13.97473886579327,-289.7447276684146,289.4945241561202,289.7447276684146,200.82670497077694,12.813569875028763,-297.2475017338767,88.66781918534325,1.1611689907645069,7.502774065462077
5952.0,81.7396011352539,289.49451658537356,13.974740942185631,-289.7447242522426,289.49451658537356,289.7447242522426,200.8266973865138,12.813571852329238,-297.2474982525761,88.66781919885973,1.1611690898563936,7.50277400033357
5960.0,81.84957885742188,289.49451546362286,13.974738890942707,-289.74470814231586,289.49451546362286,289.74470814231586,200.82669642607578,12.813570086308843,-297.24748258783893,88.66781903754709,1.1611688046338635,7.5027744455230945
5968.0,81.95955657958984,289.4945197324024,13.974739290475313,-289.7447371272728,289.4945197324024,289.7447371272728,200.82670054752157,12.813570282683829,-297.2475113756619,88.66781918488084,1.161169007791484,7.502774248389091
5976.0,82.06952667236328,289.4945285079557,13.974736770592443,-289.7447305954205,289.4945285079557,289.7447305954205,200.82670933407115,12.813568019687821,-297.24750491193686,88.66781917388454,1.161168750904622,7.502774316516362
5984.0,82.17950439453125,289.49452564197435,13.974741725386115,-289.74470886284837,289.49452564197435,289.74470886284837,200.82670644191688,12.81357294593682,-297.2474833917184,88.66781920005745,1.1611687794492962,7.5027745288700345
5992.0,82.28948211669922,289.49452167535907,13.974744550264163,-289.7447170626079,289.49452167535907,289.7447170626079,200.826702462169,12.813575695563763,-297.24749137485344,88.66781921319006,1.1611688547003993,7.502774312245542
6000.0,82.39945220947266,289.4945170619628,13.974744644012931,-289.744724575257,289.4945170619628,289.744724575257,200.8266979283104,12.813575992714938,-297.2474990676885,88.66781913365242,1.1611686512979933,7.502774492431492
6008.0,82.50942993164062,289.4945304911454,13.974753186066785,-289.74471189826374,289.4945304911454,289.74471189826374,200.82671109601162,12.813584609919879,-297.24748632262697,88.66781939513379,1.1611685761469062,7.50277442436321
6016.0,82.6194076538086,289.4945158223041,13.974748458065875,-289.7446921001705,289.4945158223041,289.7446921001705,200.8266963507844,12.813579853650381,-297.2474665804344,88.66781947151968,1.1611686044154936,7.502774480263881
6024.0,82.72937774658203,289.4945292527338,13.974760578318461,-289.7447108463896,289.4945292527338,289.7447108463896,200.82670966250785,12.813591963204,-297.24748538407584,88.66781959022596,1.1611686151144607,7.50277453768625
6032.0,82.83935546875,289.4945173011732,13.974753733401444,-289.744713570377,289.4945173011732,289.744713570377,200.8266977320821,12.813585063688626,-297.2474881414638,88.6678195690911,1.1611686697128185,7.502774571086821
6040.0,82.94933319091797,289.49451199440546,13.974761607434864,-289.7446899709493,289.49451199440546,289.7446899709493,200.82669255346588,12.813592979347895,-297.24746456779565,88.66781944093957,1.161168628086969,7.5027745968463115
6048.0,83.0593032836914,289.49452935090414,13.974764755176848,-289.74471058409983,289.49452935090414,289.74471058409983,200.82670936544287,12.813596089606932,-297.2474852903265,88.6678199854613,1.1611686655699156,7.502774706226663
6056.0,83.16928100585938,289.494523927982,13.97476583559284,-289.74471088923065,289.494523927982,289.74471088923065,200.82670398675785,12.813597234993317,-297.2474853380709,88.66781994122418,1.1611686005995239,7.502774448840221
6064.0,83.27925872802734,289.49453311981244,13.974764384149392,-289.74472594847845,289.49453311981244,289.74472594847845,200.8267134402003,12.81359568901626,-297.24750052970785,88.66781967961214,1.1611686951331315,7.5027745812294135
6072.0,83.38922882080078,289.49452652555334,13.974767126631566,-289.7446916192162,289.49452652555334,289.7446916192162,200.82670681362305,12.81359830067032,-297.24746606290535,88.66781971193029,1.161168825961246,7.50277444368913
6080.0,83.49920654296875,289.49451901051725,13.974770431753411,-289.7446734370761,289.49451901051725,289.7446734370761,200.82669928392534,12.813601926141102,-297.2474482093366,88.6678197265919,1.1611685056123093,7.502774772260526
6088.0,83.60918426513672,289.4945320110624,13.974771562264888,-289.74468800984994,289.4945320110624,289.74468800984994,200.82671233846878,12.813603026377255,-297.2474628188741,88.66781967259362,1.161168535887633,7.502774809024167
6096.0,83.71915435791016,289.49451776792847,13.974780516454063,-289.7446463346736,289.49451776792847,289.7446463346736,200.82669803368123,12.813611870653347,-297.2474213104258,88.66781973424723,1.161168645800716,7.502774975752239
6104.0,83.82913208007812,289.49452441264236,13.974786926505528,-289.7446905687166,289.49452441264236,289.7446905687166,200.82670440559846,12.813618423901353,-297.2474652151243,88.6678200070439,1.1611685026041751,7.50277464640773
6112.0,83.9391098022461,289.4945199133714,13.97478137316786,-289.7446670023458,289.4945199133714,289.7446670023458,200.82670001840816,12.813612905558628,-297.2474419542687,88.66781989496326,1.1611684676092313,7.502774951922877
6120.0,84.04907989501953,289.49453266579076,13.974785787479714,-289.74466271405436,289.49453266579076,289.74466271405436,200.8267128793163,12.813617334716033,-297.2474379289985,88.66781978647444,1.1611684527636807,7.502775214944158
6128.0,84.1590576171875,289.4945280529892,13.97478808827162,-289.7446529675627,289.4945280529892,289.7446529675627,200.82670776055642,12.81361963900395,-297.24742796678584,88.6678202924328,1.1611684492676702,7.502774999223163
6136.0,84.26903533935547,289.49453968290334,13.974789903009047,-289.7446797648854,289.49453968290334,289.7446797648854,200.82671965905058,12.813621601324758,-297.24745511895384,88.66782002385278,1.1611683016842882,7.502775354068451
6144.0,84.3790054321289,289.4945361529965,13.974802768600352,-289.74465591286577,289.4945361529965,289.74465591286577,200.82671563569943,12.813634672963662,-297.2474307531013,88.66782051729709,1.1611680956366897,7.50277484023551
6152.0,84.48898315429688,289.49455233157505,13.97479672537745,-289.7446805123492,289.49455233157505,289.7446805123492,200.82673211864588,12.813628685636003,-297.2474557973577,88.66782021292917,1.1611680397414474,7.5027752850084894
6160.0,84.59894561767578,289.49454636341443,13.974799062932922,-289.74467558952244,289.49454636341443,289.74467558952244,200.82672622963014,12.813630990556238,-297.24745074578993,88.66782013378428,1.1611680723766842,7.502775156267486
6168.0,84.70892333984375,289.49453706058455,13.974803849117361,-289.7446481957279,289.49453706058455,289.7446481957279,200.82671671689857,12.813635644380184,-297.24742336001606,88.667820343686,1.1611682047371765,7.502775164288149
6176.0,84.81890106201172,289.494546996886,13.974814304348802,-289.74465047000393,289.494546996886,289.74465047000393,200.82672654766787,12.813646026280313,-297.24742577506504,88.66782044921811,1.161168278068489,7.502775305061128
6184.0,84.92887115478516,289.4945329357788,13.974816556704425,-289.7446227097036,289.4945329357788,289.7446227097036,200.82671248203172,12.81364827280382,-297.2473980002959,88.66782045374711,1.1611682839006061,7.5027752905922895
6192.0,85.03884887695312,289.4945503021545,13.974813784081364,-289.7446596133382,289.4945503021545,289.7446596133382,200.82672985507324,12.813645819975342,-297.2474348678267,88.66782044708125,1.1611679641060224,7.5027752544885615
6200.0,85.1488265991211,289.4945406579733,13.974820937666513,-289.74463668736377,289.4945406579733,289.74463668736377,200.82671999486303,12.813652841109928,-297.2474123119668,88.66782066311026,1.161168096556585,7.502775624603046
6208.0,85.25879669189453,289.4945340892618,13.974822599110205,-289.7446135856318,289.4945340892618,289.7446135856318,200.82671339877885,12.813654423494146,-297.2473889880358,88.66782069048294,1.1611681756160586,7.502775402404019
6216.0,85.3687744140625,289.49453380990235,13.974828324712517,-289.74459400283763,289.49453380990235,289.74459400283763,200.82671300590545,12.813660246498111,-297.24736928364626,88.66782080399688,1.1611680782144056,7.502775280808628
6224.0,85.47875213623047,289.4945476168465,13.974827762384972,-289.744600473094,289.4945476168465,289.744600473094,200.82672700023122,12.813659613038432,-297.24737589546453,88.66782061661524,1.1611681493465404,7.50277542237049
6232.0,85.5887222290039,289.4945406764497,13.974839393460092,-289.74460558595194,289.4945406764497,289.74460558595194,200.8267200039969,12.813671283894497,-297.2473808300311,88.66782067245276,1.1611681095655957,7.502775244079153
6240.0,85.69869995117188,289.4945519445104,13.97485070714028,-289.74461320004355,289.4945519445104,289.74461320004355,200.8267310624821,12.813682234374454,-297.2473884944783,88.66782088202831,1.1611684727658265,7.50277529443477
6248.0,85.80867767333984,289.4945479672226,13.974837244884304,-289.744615378405,289.4945479672226,289.744615378405,200.82672709388584,12.813668973442034,-297.24739086487966,88.66782087333678,1.1611682714422695,7.502775486474658
6256.0,85.91864776611328,289.49456451023116,13.97485720209234,-289.7446243663667,289.49456451023116,289.7446243663667,200.82674327780103,12.813688999087626,-297.24739980009133,88.66782123243014,1.1611682030047135,7.502775433724661
6264.0,86.02862548828125,289.4945562966708,13.974858372209326,-289.7446087317549,289.4945562966708,289.7446087317549,200.82673538678762,12.813690537799921,-297.2473842679799,88.66782090988315,1.1611678344094045,7.502775536224998
6272.0,86.13860321044922,289.49454807247696,13.9748654956172,-289.7445647786485,289.49454807247696,289.7445647786485,200.82672685768614,12.813697455818229,-297.24734046964704,88.66782121479083,1.1611680397989712,7.502775690998504
6280.0,86.24857330322266,289.4945611338138,13.974869929323756,-289.7446011678215,289.4945611338138,289.7446011678215,200.82673992755417,12.813701906981308,-297.24737673497873,88.66782120625965,1.1611680223424479,7.502775567157233
6288.0,86.35855102539062,289.49454610268106,13.974863664191792,-289.74456421619846,289.49454610268106,289.74456421619846,200.82672496943246,12.813695547311708,-297.24733971119224,88.66782113324862,1.1611681168800843,7.502775494993806
6296.0,86.4685287475586,289.4945461498255,13.974874070390115,-289.74456120123443,289.4945461498255,289.74456120123443,200.82672494552887,12.813706152061037,-297.247336604289,88.66782120429666,1.1611679183290775,7.502775403054585
6304.0,86.57849884033203,289.4945584773609,13.97488577105277,-289.7445612512733,289.4945584773609,289.7445612512733,200.82673718469226,12.81371752928809,-297.24733661082075,88.6678212926686,1.1611682417646811,7.502775359547478
6312.0,86.6884765625,289.4945507823726,13.974884237114376,-289.7445609297577,289.4945507823726,289.7445609297577,200.8267295008904,12.813716145205134,-297.24733637417893,88.6678212814822,1.161168091909241,7.502775444421236
6320.0,86.79845428466797,289.49455453847287,13.974890555492214,-289.7445409654363,289.49455453847287,289.7445409654363,200.8267333264514,12.813722535408997,-297.2473165441109,88.66782121202147,1.1611680200832168,7.502775578674623
6328.0,86.9084243774414,289.4945574722883,13.974891348217119,-289.7445531376647,289.4945574722883,289.7445531376647,200.82673578018952,12.813723299151782,-297.2473287294554,88.66782169209881,1.1611680490653367,7.5027755917906696
6336.0,87.01840209960938,289.49455358779613,13.974906656589786,-289.74454325882016,289.49455358779613,289.74454325882016,200.82673211014406,12.813738652718015,-297.24731859999554,88.66782147765207,1.1611680038717704,7.502775341175354
6344.0,87.12837982177734,289.49455882528093,13.974901063427774,-289.744550031448,289.49455882528093,289.744550031448,200.82673718403828,12.81373323310243,-297.2473257311676,88.66782164124263,1.1611678303253434,7.502775699719631
6352.0,87.23834991455078,289.49455525950805,13.974906671224135,-289.74453063161474,289.49455525950805,289.74453063161474,200.82673366920915,12.813738640033911,-297.24730630517774,88.6678215902989,1.1611680311902237,7.502775673563022
6360.0,87.34832763671875,289.49455395824936,13.97491506222589,-289.7445210846199,289.49455395824936,289.7445210846199,200.8267324247181,12.813747119377172,-297.24729689341564,88.66782153353125,1.1611679428487172,7.5027758087957
6368.0,87.45830535888672,289.49456398243206,13.974921762919855,-289.74453115947665,289.49456398243206,289.74453115947665,200.82674268028447,12.813753697108233,-297.24730695021003,88.66782130214762,1.1611680658116228,7.5027757907333985
6376.0,87.56827545166016,289.49455265935126,13.97492466949041,-289.7444932754074,289.49455265935126,289.7444932754074,200.8267312775306,12.813756664049889,-297.2472690096881,88.66782138182067,1.161168005440521,7.502775734280721
6384.0,87.67825317382812,289.4945740328343,13.97492940701267,-289.7445484830389,289.4945740328343,289.7445484830389,200.8267526500225,12.813761438083784,-297.2473242727374,88.66782138281181,1.1611679689288863,7.5027757896984895
6392.0,87.7882308959961,289.4945797617021,13.9749358571399,-289.74452841988153,289.4945797617021,289.74452841988153,200.82675849986694,12.813767806629427,-297.2473041398889,88.66782126183517,1.161168050510474,7.502775720007396
6400.0,87.89820098876953,289.49457360714797,13.974940165255573,-289.74453447877636,289.49457360714797,289.74453447877636,200.82675239528487,12.813772357310075,-297.24731015169357,88.66782121186309,1.161167807945498,7.5027756729172275
6408.0,88.0081787109375,289.4945601421956,13.974948732202282,-289.7445081431685,289.4945601421956,289.7445081431685,200.8267388436747,12.813780857696814,-297.24728400514226,88.66782129852093,1.1611678745054679,7.50277586197376
6416.0,88.1181411743164,289.49457248256306,13.974956383639958,-289.74452035099915,289.49457248256306,289.74452035099915,200.8267511121739,12.813788298355927,-297.24729612278736,88.66782137038918,1.1611680852840305,7.502775771788183
6424.0,88.22811889648438,289.4945740069512,13.974952682918117,-289.74449036741555,289.4945740069512,289.74449036741555,200.82675253332172,12.81378482255349,-297.2472659135037,88.66782147362946,1.1611678603646265,7.5027755460881735
6432.0,88.33809661865234,289.49457773198895,13.974963210592366,-289.74450744849014,289.49457773198895,289.74450744849014,200.82675612139587,12.813795366060585,-297.2472831005108,88.66782161059308,1.1611678445317803,7.502775652020656
6440.0,88.44806671142578,289.49457586342726,13.97497391802508,-289.74449142172966,289.49457586342726,289.74449142172966,200.8267545388309,12.813805688532355,-297.24726711294807,88.66782132459633,1.1611682294927252,7.502775691218428
6448.0,88.55804443359375,289.494572490845,13.974969468218077,-289.7444501318481,289.494572490845,289.7444501318481,200.82675094440128,12.813801634303177,-297.24722568779015,88.66782154644368,1.1611678339149005,7.502775555942023
6456.0,88.66802215576172,289.4945751444904,13.97498175154734,-289.7444660633628,289.4945751444904,289.7444660633628,200.82675340840098,12.813814119264636,-297.24724186339444,88.66782173608944,1.1611676322827034,7.502775800031646
6464.0,88.77799224853516,289.4945860160951,13.974982377907292,-289.7444749575075,289.4945860160951,289.7444749575075,200.82676416867577,12.813814775335302,-297.2472504337239,88.66782184741939,1.1611676025719895,7.502775476216332
6472.0,88.88796997070312,289.4945944344116,13.974992575951191,-289.7444658435107,289.4945944344116,289.7444658435107,200.82677280305228,12.813824723946261,-297.2472415192292,88.66782163135935,1.1611678520049296,7.502775675718489
6480.0,88.9979476928711,289.494565184148,13.974995225659445,-289.74442812523677,289.494565184148,289.74442812523677,200.82674329747442,12.813827401163422,-297.24720376160553,88.66782188667355,1.1611678244960224,7.502775636368771
6488.0,89.10791778564453,289.4945723488477,13.974999502549244,-289.74442086336813,289.4945723488477,289.74442086336813,200.8267503839612,12.813831662265834,-297.24719657676735,88.66782196488651,1.1611678402834098,7.502775713399227
6496.0,89.2178955078125,289.49458454452383,13.975009227041152,-289.7444377459508,289.49458454452383,289.7444377459508,200.8267627614253,12.81384163302008,-297.24721336450017,88.66782178309853,1.1611675940210713,7.502775618549389
6504.0,89.32787322998047,289.4945823275722,13.97502155641205,-289.74442405795844,289.4945823275722,289.74442405795844,200.82676020421658,12.813853726978698,-297.2471994267844,88.66782212335559,1.161167829433353,7.502775368825976
6512.0,89.4378433227539,289.49458701264876,13.97502986688525,-289.7444134041577,289.49458701264876,289.7444134041577,200.82676513530652,12.813861948828004,-297.2471892099528,88.66782187734225,1.161167918057247,7.502775805795121
6520.0,89.54782104492188,289.4946051142314,13.97502930468033,-289.7444507612223,289.4946051142314,289.7444507612223,200.8267828220449,12.813861591686592,-297.24722666538196,88.66782229218646,1.1611677129937377,7.502775904159638
6528.0,89.65779876708984,289.49460382215244,13.97503751090557,-289.74444356258374,289.49460382215244,289.74444356258374,200.82678133818965,12.813869778637056,-297.24721931485243,88.6678224839628,1.161167732268515,7.502775752268686
6536.0,89.76776885986328,289.4945863062545,13.975043168772894,-289.74441241004047,289.4945863062545,289.74441241004047,200.82676387753054,12.813875500727878,-297.24718834299415,88.66782242872398,1.1611676680450156,7.5027759329536785
6544.0,89.87774658203125,289.4946083929318,13.975057463976668,-289.7444136149143,289.4946083929318,289.7444136149143,200.82678585894172,12.813889644611468,-297.2471893563237,88.66782253399006,1.1611678193652004,7.502775741409405
6552.0,89.98772430419922,289.49458873247346,13.97505462179088,-289.74438777058737,289.49458873247346,289.74438777058737,200.82676609680396,12.813886689331486,-297.2471637049666,88.66782263566951,1.161167932459394,7.502775934379244
6560.0,90.09769439697266,289.4946119108123,13.975060622494965,-289.7444262260875,289.4946119108123,289.7444262260875,200.82678920277363,12.813892966744685,-297.24720205802487,88.66782270803867,1.1611676557502797,7.502775831937349
6568.0,90.20767211914062,289.4945976887735,13.975069701690245,-289.7443870006297,289.4945976887735,289.7443870006297,200.8267749067568,12.813901971132484,-297.2471627723043,88.66782278201674,1.1611677305577608,7.502775771674656
6576.0,90.3176498413086,289.49460554793956,13.975081137242057,-289.74436685000745,289.49460554793956,289.74436685000745,200.8267829451854,12.813913378495878,-297.24714282783816,88.66782260275416,1.1611677587461795,7.502775977830716
6584.0,90.42761993408203,289.4946189168725,13.975079847441393,-289.7443977803147,289.4946189168725,289.7443977803147,200.8267959706572,12.813912117742287,-297.2471736307823,88.66782294621531,1.1611677296991054,7.502775850467582
6592.0,90.53759765625,289.4946007111456,13.975088998080096,-289.7443362600411,289.4946007111456,289.7443362600411,200.82677752352294,12.813921169310136,-297.24711219044616,88.66782318762264,1.16116782876996,7.502775930405033
6600.0,90.6475830078125,289.4946143948888,13.975104043416941,-289.7443551455611,289.4946143948888,289.7443551455611,200.82679143128942,12.81393608829444,-297.24713117496185,88.6678229635994,1.161167955122501,7.502776029400749
6608.0,90.7575454711914,289.4946299535669,13.975104082494004,-289.7443884856159,289.4946299535669,289.7443884856159,200.8268066236252,12.813936290943172,-297.24716427104636,88.66782332994171,1.1611677915508327,7.502775785430455
6616.0,90.8675308227539,289.4946191231579,13.975112111887702,-289.744338553386,289.4946191231579,289.744338553386,200.82679565964807,12.813944349868912,-297.24711480038815,88.66782346350986,1.1611677620187901,7.502776247002146
6624.0,90.97750091552734,289.49460732363195,13.975119321993615,-289.7443286331016,289.49460732363195,289.7443286331016,200.8267839152922,12.813951628158911,-297.2471046527447,88.66782340833974,1.1611676938347042,7.502776019643118
6632.0,91.08748626708984,289.4946265572163,13.97512121834814,-289.7443477125744,289.4946265572163,289.7443477125744,200.82680299044114,12.81395369378506,-297.2471236040747,88.66782356677513,1.16116752456308,7.5027758915003595
6640.0,91.19744873046875,289.4946227731001,13.975129666056008,-289.74433045947484,289.4946227731001,289.74433045947484,200.8267991033793,12.81396185560051,-297.24710644896527,88.6678236697208,1.1611678104554972,7.502775989490424
6648.0,91.30743408203125,289.49462391102145,13.975146193452895,-289.74432797513697,289.49462391102145,289.74432797513697,200.82680038821366,12.813978524920271,-297.2471043876202,88.66782352280781,1.1611676685326238,7.502776412483229
6656.0,91.41739654541016,289.4946363271657,13.975145949666333,-289.7443224568969,289.4946363271657,289.7443224568969,200.82681257723954,12.81397837670249,-297.2470985411962,88.66782374992617,1.1611675729638424,7.5027760842993025
6664.0,91.52738189697266,289.49462344837013,13.975155870541984,-289.7442804514752,289.49462344837013,289.7442804514752,200.8267999535429,12.813988467332385,-297.2470566307176,88.66782349482722,1.1611674032095998,7.502776179242428
6672.0,91.63733673095703,289.49460979279286,13.975163856641432,-289.74425489745335,289.49460979279286,289.74425489745335,200.82678608658568,12.813996128452036,-297.247030921996,88.66782370620717,1.1611677281893957,7.50277602454263
6680.0,91.747314453125,289.4946242772715,13.97517237043788,-289.7442855431606,289.4946242772715,289.7442855431606,200.8268004789185,12.814004871970258,-297.24706191282127,88.66782379835301,1.1611674984676217,7.502776369660683
6688.0,91.85729217529297,289.4946239753212,13.975174998464983,-289.74426996689454,289.4946239753212,289.74426996689454,200.82680033294773,12.814007599423118,-297.247045995913,88.66782364237346,1.1611673990418652,7.502776029018481
6696.0,91.9672622680664,289.49463447206335,13.975193019237636,-289.74427745557944,289.49463447206335,289.74427745557944,200.826810755784,12.814025354363393,-297.24705425079935,88.66782371627937,1.1611676648742435,7.502776795219919
6704.0,92.07723999023438,289.49462017110034,13.975188961309856,-289.74424860424426,289.49462017110034,289.74424860424426,200.82679667746282,12.814021416357583,-297.24702496633046,88.66782349363748,1.1611675449522725,7.502776362086173
6712.0,92.18721771240234,289.4946298101475,13.975206626825837,-289.74425636727034,289.4946298101475,289.74425636727034,200.82680609818607,12.814039074068926,-297.2470328338141,88.66782371196145,1.1611675527569112,7.502776466543768
6720.0,92.29718780517578,289.49463362486046,13.975205279968561,-289.7442605125268,289.49463362486046,289.7442605125268,200.82680974355392,12.814037667578015,-297.2470370594517,88.66782388130653,1.1611676123905461,7.50277654692492
6728.0,92.40716552734375,289.49464358078774,13.97521525886298,-289.74422377897616,289.49464358078774,289.74422377897616,200.82681980064802,12.814047809369542,-297.2470002168416,88.66782378013973,1.161167449493437,7.502776437865439
6736.0,92.51714324951172,289.49465179150206,13.975226081911472,-289.744234437173,289.49465179150206,289.744234437173,200.82682787813783,12.81405884734099,-297.2470110018718,88.66782391336422,1.1611672345704829,7.5027765646987525
6744.0,92.62711334228516,289.4946471998525,13.975229465282355,-289.74421482142515,289.4946471998525,289.74421482142515,200.82682323801703,12.814062113994137,-297.24699131848604,88.66782396183548,1.1611673512882188,7.5027764970608715
6752.0,92.73709106445312,289.49465003847064,13.975242504821518,-289.744213447442,289.49465003847064,289.744213447442,200.8268258527006,12.814075081814439,-297.24698981030116,88.66782418577003,1.161167423007079,7.502776362859134
6760.0,92.8470687866211,289.49464738724714,13.9752527386205,-289.7442172043109,289.49464738724714,289.7442172043109,200.82682360254807,12.814085355379836,-297.2469937505276,88.66782378469904,1.161167383240663,7.502776546216719
6768.0,92.95703887939453,289.49464972151304,13.975269040763598,-289.74420286273704,289.49464972151304,289.74420286273704,200.82682552976462,12.814101760640675,-297.24697913791226,88.66782419174845,1.161167280122923,7.502776275175247
6776.0,93.0670166015625,289.4946465399521,13.975269569639863,-289.7441830777883,289.4946465399521,289.7441830777883,200.82682247615713,12.814102362596012,-297.24695932896157,88.66782406379495,1.1611672070438512,7.502776251173238
6784.0,93.17699432373047,289.49466025622706,13.975278501439863,-289.7441919401089,289.49466025622706,289.7441919401089,200.82683586484941,12.814111150838412,-297.24696841004993,88.66782439137765,1.1611673506014508,7.502776469941036
6792.0,93.2869644165039,289.4946630398944,13.975283377474147,-289.74416404422396,289.4946630398944,289.74416404422396,200.82683888411322,12.81411594521792,-297.2469406377193,88.6678241557812,1.161167432256228,7.502776593495337
6800.0,93.39694213867188,289.4946639237576,13.975294077458289,-289.74417417713425,289.4946639237576,289.74417417713425,200.82683994031368,12.814126668106997,-297.24695047703074,88.66782398344394,1.1611674093512914,7.502776299896482
6808.0,93.50691986083984,289.49465534136357,13.975304287719059,-289.7441296124376,289.49465534136357,289.7441296124376,200.8268310681749,12.8141370042109,-297.246906011477,88.66782427318867,1.1611672835081581,7.502776399039416
6816.0,93.61688995361328,289.4946732059941,13.97530999758022,-289.7441657150087,289.4946732059941,289.7441657150087,200.8268487894336,12.814142982139874,-297.2469421819579,88.66782441656049,1.1611670154403466,7.502776466949147
6824.0,93.72686767578125,289.49467698992805,13.975326218960602,-289.7441539389777,289.49467698992805,289.7441539389777,200.82685253945183,12.814158950515237,-297.24693017221557,88.66782445047622,1.1611672684453644,7.5027762332378565
6832.0,93.83684539794922,289.49468455465774,13.975329730742034,-289.74413726519805,289.49468455465774,289.74413726519805,200.82686011117963,12.814162259569018,-297.24691383910204,88.6678244434781,1.161167471173016,7.502776573904011
6840.0,93.94681549072266,289.4946831854893,13.975335427088883,-289.7441502727084,289.4946831854893,289.7441502727084,200.82685899343065,12.814168045960779,-297.2469268587845,88.66782419205863,1.161167381128104,7.502776586076074
6848.0,94.05679321289062,289.4946633412799,13.975348886993103,-289.74408824559316,289.4946633412799,289.74408824559316,200.82683872568813,12.814181718572808,-297.2468649702754,88.66782461559174,1.1611671684202953,7.502776724682246
6856.0,94.1667709350586,289.4946795388703,13.97535724619408,-289.7441062907447,289.4946795388703,289.7441062907447,200.82685531013573,12.814189959853197,-297.24688300824886,88.66782422873453,1.1611672863408824,7.502776717504144
6864.0,94.27674102783203,289.49468313562136,13.975361081650416,-289.7440942699795,289.49468313562136,289.7440942699795,200.82685868091625,12.814193953590765,-297.24687079637715,88.66782445470514,1.1611671280596507,7.502776526397682
6872.0,94.38671875,289.4946933985864,13.975376858417144,-289.74411058609235,289.4946933985864,289.74411058609235,200.82686878251897,12.814209854953816,-297.24688727276646,88.66782461606743,1.1611670034633281,7.502776686674128
6880.0,94.49669647216797,289.49469110114705,13.975378730539338,-289.74410152937224,289.49469110114705,289.74410152937224,200.82686648170636,12.814211624390012,-297.2468784308259,88.6678246194407,1.1611671061493265,7.502776901453693
6888.0,94.6066665649414,289.4946939696687,13.975388674292894,-289.7441052646781,289.4946939696687,289.7441052646781,200.82686930360666,12.814221465863454,-297.2468818970717,88.667824666062,1.1611672084294398,7.502776632393612
6896.0,94.71664428710938,289.49468909839493,13.975403151418115,-289.7440698779432,289.49468909839493,289.7440698779432,200.82686465028286,12.814236094480995,-297.246846467219,88.66782444811204,1.1611670569371206,7.502776589275761
6904.0,94.82662200927734,289.4946830113763,13.975415489685627,-289.7440301690829,289.4946830113763,289.7440301690829,200.8268580922207,12.814248150563945,-297.24680699718664,88.66782491915558,1.1611673391216826,7.502776828103713
6912.0,94.93659210205078,289.49469609600425,13.975419379019398,-289.7440349415796,289.49469609600425,289.7440349415796,200.82687124781222,12.814252180745212,-297.24681207008325,88.66782484819204,1.1611671982741854,7.502777128503634
6920.0,95.04656982421875,289.4946963075323,13.975428315780064,-289.74404261473575,289.4946963075323,289.74404261473575,200.82687156209812,12.814261489950956,-297.2468192364211,88.66782474543419,1.161166825829108,7.502776621685374
6928.0,95.15653228759766,289.49469283543084,13.975440175758473,-289.74402802349005,289.49469283543084,289.74402802349005,200.8268676250524,12.814273206533006,-297.2468046751951,88.66782521037847,1.1611669692254676,7.502776651705052
6936.0,95.26651763916016,289.4946937235155,13.975441637058214,-289.744011034623,289.4946937235155,289.744011034623,200.82686834527942,12.814274503109496,-297.2467878762344,88.66782537823613,1.1611671339487177,7.5027768416113965
6944.0,95.3764877319336,289.4946979037196,13.975456054081343,-289.74400019195775,289.4946979037196,289.74400019195775,200.82687238643834,12.814288920498925,-297.2467772001386,88.66782551728127,1.1611671335824187,7.502777008180811
6952.0,95.4864730834961,289.4947217237801,13.975470050281421,-289.7440315969364,289.4947217237801,289.7440315969364,200.82689609214373,12.814303080771616,-297.2468081446843,88.66782563163636,1.1611669695098055,7.502776547747896
6960.0,95.596435546875,289.4947162660221,13.975486281309244,-289.744001459164,289.4947162660221,289.744001459164,200.82689074749413,12.814319103287843,-297.24677828625937,88.66782551852796,1.161167178021401,7.502776827095381
6968.0,95.7064208984375,289.49471359133116,13.975492176952885,-289.74398797220584,289.49471359133116,289.74398797220584,200.8268877800861,12.814325138131126,-297.2467649086911,88.66782581124505,1.161167038821759,7.502776936485226
6976.0,95.8163833618164,289.49472735739846,13.975499594880537,-289.7439951551357,289.49472735739846,289.7439951551357,200.82690130461998,12.814332713166669,-297.24677206120117,88.66782605277851,1.1611668817138678,7.502776906065506
6984.0,95.9263687133789,289.49474064598536,13.975520165142735,-289.7439838226691,289.49474064598536,289.7439838226691,200.82691459785826,12.814353212786974,-297.24676053018095,88.6678260481271,1.1611669523557602,7.502776707511849
6992.0,96.03634643554688,289.4947315475327,13.975525616627749,-289.7439552807225,289.4947315475327,289.7439552807225,200.82690544516626,12.814358574967173,-297.24673202685125,88.66782610236643,1.1611670416605762,7.502776746128728
7000.0,96.14632415771484,289.49472575044445,13.975539836694859,-289.7439349994636,289.49472575044445,289.7439349994636,200.826899403335,12.814372842559326,-297.2467120021703,88.66782634710944,1.1611669941355327,7.502777002706676
7008.0,96.25629425048828,289.49473529275497,13.975542125638444,-289.74393501059546,289.49473529275497,289.74393501059546,200.8269091842577,12.81437525909244,-297.24671199617535,88.66782610849725,1.1611668665460044,7.502776985579914
7016.0,96.36627197265625,289.4947281030312,13.975553106860755,-289.74389902456517,289.4947281030312,289.74389902456517,200.8269020609464,12.814386167184548,-297.24667562467,88.66782604208484,1.1611669396762068,7.502776600104809
7024.0,96.47624969482422,289.494735580089,13.975563849683473,-289.74391508915676,289.494735580089,289.74391508915676,200.826909088194,12.814396709124063,-297.2466920461384,88.667826491895,1.1611671405594102,7.502776956981634
7032.0,96.58621978759766,289.49474864597573,13.975578099271809,-289.7439033197584,289.49474864597573,289.7439033197584,200.82692235989077,12.814411166552258,-297.2466798651934,88.66782628608497,1.161166932719551,7.5027765454350295
7040.0,96.69619750976562,289.4947480208965,13.975583012395711,-289.74389146724377,289.4947480208965,289.74389146724377,200.82692139608278,12.814416260567526,-297.2466683154152,88.66782662481374,1.1611667518281852,7.502776848171422
7048.0,96.8061752319336,289.49474880541806,13.975599677137065,-289.74386870626665,289.49474880541806,289.74386870626665,200.82692211796666,12.814432870707,-297.2466454980261,88.6678266874514,1.1611668064300655,7.502776791759455
7056.0,96.91614532470703,289.4947427707803,13.975604427590048,-289.7438568037946,289.4947427707803,289.7438568037946,200.82691631013498,12.814437896105872,-297.24663381266976,88.66782646064533,1.1611665314841755,7.502777008875185
7064.0,97.026123046875,289.4947392313952,13.975619497538016,-289.7438596351882,289.4947392313952,289.7438596351882,200.82691245364884,12.814452666114839,-297.24663648695395,88.6678267777464,1.1611668314231771,7.502776851765756
7072.0,97.13610076904297,289.49476099764206,13.975635738275646,-289.74385870563094,289.49476099764206,289.74385870563094,200.8269339804972,12.814468853548908,-297.2466355612105,88.6678270171449,1.1611668847267378,7.502776855579551
7080.0,97.2460708618164,289.4947611746858,13.975638402086673,-289.7438430046297,289.4947611746858,289.7438430046297,200.82693432614047,12.81447164727683,-297.2466197351504,88.66782684854527,1.1611667548098428,7.502776730520669
7088.0,97.35604858398438,289.49474850257894,13.975653927154687,-289.7437961817828,289.49474850257894,289.7437961817828,200.82692184152,12.814487195977822,-297.2465731785428,88.66782666105895,1.1611667311768645,7.502776996760009
7096.0,97.46602630615234,289.49475404215804,13.97567088929161,-289.74380309208925,289.49475404215804,289.74380309208925,200.82692728974524,12.814504157063697,-297.24657994206257,88.66782675241281,1.1611667322279136,7.502776849973305
7104.0,97.57599639892578,289.4947700000025,13.975680245441474,-289.74383509689414,289.4947700000025,289.74383509689414,200.82694290165324,12.814513537276103,-297.2466118328872,88.66782709834929,1.1611667081653714,7.502776735993034
7112.0,97.68597412109375,289.4947645252331,13.975693945768498,-289.7437788676359,289.4947645252331,289.7437788676359,200.8269378185123,12.814527244008172,-297.24655575929467,88.66782670672077,1.161166701760326,7.502776891658748
7120.0,97.79595184326172,289.4947608243964,13.975694788665676,-289.74379327759067,289.4947608243964,289.74379327759067,200.82693415371224,12.814527957259548,-297.2465698779082,88.66782667068414,1.1611668314061276,7.502776600317546
7128.0,97.90592193603516,289.49477635814014,13.9757142806423,-289.74377775233614,289.49477635814014,289.74377775233614,200.82694955393427,12.81454742649149,-297.246554703883,88.66782680420584,1.1611668541508102,7.502776951546888
7136.0,98.01589965820312,289.4947642055273,13.975731305370742,-289.7437494164981,289.4947642055273,289.7437494164981,200.82693752522175,12.814564619199295,-297.24652657628275,88.66782668030552,1.1611666861714465,7.502777159784664
7144.0,98.1258773803711,289.4947825478549,13.975740547723388,-289.74376436669775,289.4947825478549,289.74376436669775,200.82695552782707,12.814573505920416,-297.24654088627426,88.66782702002786,1.1611670418029725,7.502776519576528
7152.0,98.23584747314453,289.49477577921755,13.975744653258117,-289.7437256834769,289.49477577921755,289.7437256834769,200.8269486271168,12.814577688333124,-297.24650255542485,88.66782715210077,1.161166964924993,7.502776871947951
7160.0,98.3458251953125,289.49479584382277,13.975753147786394,-289.7437438428243,289.49479584382277,289.7437438428243,200.82696861966178,12.81458650139728,-297.24652067190755,88.66782722416099,1.1611666463891144,7.502776829083274
7168.0,98.45580291748047,289.49477351071897,13.97576905456393,-289.7436919406206,289.49477351071897,289.7436919406206,200.8269463356729,12.814602194996404,-297.2464690857111,88.66782717504609,1.1611668595675262,7.502777145090505
7176.0,98.5657730102539,289.4947808576345,13.975780553172998,-289.7436848183482,289.4947808576345,289.7436848183482,200.82695373754507,12.814613724655825,-297.2464618333126,88.66782712008946,1.1611668285171728,7.502777014964423
7184.0,98.67574310302734,289.4947954130054,13.975796171557674,-289.7436851495054,289.4947954130054,289.7436851495054,200.82696829215075,12.814629076292855,-297.2464622378858,88.66782712085467,1.161167095264819,7.50277708838043
7192.0,98.78571319580078,289.49479674646796,13.975804221812295,-289.74368280281607,289.49479674646796,289.74368280281607,200.826969477742,12.814637190164069,-297.24645971312395,88.66782726872594,1.161167031648226,7.502776910307876
7200.0,98.89569091796875,289.4948105742025,13.975817551720999,-289.74369269228305,289.4948105742025,289.74369269228305,200.82698329174832,12.814650819208762,-297.24646952125784,88.6678272824542,1.1611667325122372,7.502776828974799
7208.0,99.00566864013672,289.4948017027312,13.97583589263809,-289.74364965873997,289.4948017027312,289.74364965873997,200.826974514236,12.814669019592253,-297.2464266881266,88.66782718849517,1.1611668730458362,7.502777029386614
7216.0,99.11563873291016,289.4948170977923,13.975853484041275,-289.74365710079815,289.4948170977923,289.74365710079815,200.8269899261403,12.814686615351302,-297.2464340978581,88.66782717165202,1.161166868689973,7.5027769970600104
7224.0,99.22561645507812,289.49480483455335,13.975860840771253,-289.7436096090554,289.49480483455335,289.7436096090554,200.82697743686413,12.814693944524752,-297.2463867795823,88.66782739768921,1.1611668962465007,7.5027771705268655
7232.0,99.3355941772461,289.4948031538229,13.975869027497644,-289.74361025986855,289.4948031538229,289.74361025986855,200.82697562457918,12.814702252346862,-297.2463874679529,88.66782752924368,1.1611667751507824,7.502777208084378
7240.0,99.44556427001953,289.4948039396858,13.97587755947193,-289.743577954682,289.4948039396858,289.743577954682,200.82697643150863,12.814710898641705,-297.24635479673475,88.6678275081772,1.1611666608302258,7.502776842052754
7248.0,99.5555419921875,289.49481549570396,13.97589790963993,-289.7435733501254,289.49481549570396,289.7435733501254,200.82698748108538,12.814731104614898,-297.24635049163857,88.66782801461856,1.1611668050250312,7.502777141513171
7256.0,99.66551971435547,289.4948292745055,13.975911313060301,-289.74360539251995,289.4948292745055,289.74360539251995,200.82700129593553,12.814744490721653,-297.24638256764615,88.66782797856993,1.1611668223386484,7.502777175126223
7264.0,99.7754898071289,289.4948306207818,13.975925747999105,-289.7435938283612,289.4948306207818,289.7435938283612,200.8270025579167,12.814758916102154,-297.2463710243815,88.66782806286507,1.161166831896951,7.50277719602029
7272.0,99.88546752929688,289.4948450302904,13.975932258205429,-289.74360110224535,289.4948450302904,289.74360110224535,200.82701708136466,12.814765506067562,-297.2463781549598,88.66782794892572,1.1611667521378664,7.5027770527144675
7280.0,99.99544525146484,289.4948276663472,13.975938818430906,-289.74352670597244,289.4948276663472,289.74352670597244,200.82699990229395,12.814772187427502,-297.24630391785433,88.66782776405324,1.161166631003404,7.502777211881902
7288.0,100.10541534423828,289.494821788247,13.975968330516963,-289.74350631053625,289.494821788247,289.74350631053625,200.8269939791266,12.814801392946332,-297.24628347649457,88.66782780912041,1.1611669375706306,7.502777165958296
7296.0,100.21539306640625,289.4948352975585,13.97596817543073,-289.74350036082564,289.4948352975585,289.74350036082564,200.82700716633443,12.814801240220012,-297.24627730028266,88.66782813122407,1.1611669352107175,7.502776939457018
7304.0,100.32537078857422,289.49486460186745,13.975983317736395,-289.7435441420617,289.49486460186745,289.7435441420617,200.82703633635313,12.814816660816271,-297.24632127583715,88.66782826551433,1.1611666569201233,7.502777133775442
7312.0,100.43534088134766,289.4948453641159,13.976004407389416,-289.7435006985538,289.4948453641159,289.7435006985538,200.8270170791506,12.814837702465875,-297.24627756283917,88.66782828496528,1.1611667049235415,7.50277686428538
7320.0,100.54531860351562,289.49484180804836,13.976011430495097,-289.743478492509,289.49484180804836,289.743478492509,200.82701374472208,12.814844574269053,-297.2462556526437,88.6678280633263,1.1611668562260444,7.502777160134698
7328.0,100.6552963256836,289.49484244852164,13.976027552169429,-289.7434603033704,289.49484244852164,289.7434603033704,200.82701419964445,12.814860715832557,-297.2462374560373,88.6678282488772,1.1611668363368715,7.502777152666926
7336.0,100.76526641845703,289.4948533333026,13.97603953653178,-289.7434461473549,289.4948533333026,289.7434461473549,200.8270251572819,12.814872883819275,-297.2462230050159,88.66782817602073,1.161166652712506,7.5027768576610185
7344.0,100.87525177001953,289.49485821317637,13.976056329625342,-289.7434398773567,289.49485821317637,289.7434398773567,200.8270297982105,12.814889535621145,-297.2462170207456,88.66782841496587,1.1611667940041972,7.502777143388858
7352.0,100.98522186279297,289.4948648942716,13.976065644206736,-289.743447114161,289.4948648942716,289.743447114161,200.82703664386617,12.814898937528394,-297.24622415651527,88.66782825040542,1.1611667066783422,7.502777042354282
7360.0,101.09520721435547,289.49485106276086,13.976076733997184,-289.7433920883197,289.49485106276086,289.7433920883197,200.82702281951177,12.814910165897423,-297.24616913875747,88.6678282432491,1.1611665680997607,7.5027770504377855
7368.0,101.20516967773438,289.4948591723406,13.976096224005323,-289.7433893379995,289.4948591723406,289.7433893379995,200.82703102350396,12.814929604324186,-297.24616657218974,88.66782814883663,1.1611666196811363,7.502777234190276
7376.0,101.31515502929688,289.49487784148573,13.976108137631359,-289.7434258547691,289.49487784148573,289.7434258547691,200.82704952855312,12.814941562169302,-297.24620266829834,88.66782831293258,1.1611665754620564,7.502776813529245
7384.0,101.42511749267578,289.4948702730972,13.976121925142584,-289.74338636948914,289.4948702730972,289.74338636948914,200.8270419019817,12.814955075048381,-297.2461633468419,88.66782837111552,1.1611668500942027,7.50277697735277
7392.0,101.53510284423828,289.49488337938305,13.976136089994693,-289.74337932403415,289.49488337938305,289.74337932403415,200.8270546930856,12.814969393646095,-297.24615626076707,88.66782868629745,1.161166696348598,7.502776936732925
7400.0,101.64507293701172,289.49487622193396,13.976145895415698,-289.7433441475495,289.49487622193396,289.7433441475495,200.82704785413932,12.814979227920965,-297.2461210525416,88.66782836779467,1.161166667494733,7.502776904992054
7408.0,101.75505828857422,289.4948895178686,13.976163407071963,-289.74335261091386,289.4948895178686,289.74335261091386,200.8270609742832,12.814996611032235,-297.24612950391486,88.66782854358543,1.161166796039728,7.502776893000981
7416.0,101.86502075195312,289.4948844566215,13.976174867847982,-289.74332666666254,289.4948844566215,289.74332666666254,200.8270559423126,12.81500808158901,-297.24610376877155,88.6678285143089,1.1611667862589723,7.502777102108993
7424.0,101.97500610351562,289.49489490514486,13.97618780091679,-289.7433047266088,289.49489490514486,289.7433047266088,200.82706653378344,12.815021146069453,-297.2460819904692,88.66782837136142,1.161166654847337,7.502777263860391
7432.0,102.08496856689453,289.4948802745507,13.976205614925426,-289.7432654035327,289.4948802745507,289.7432654035327,200.82705187451626,12.81503891122686,-297.2460422254733,88.66782840003447,1.1611667036985658,7.502776821940564
7440.0,102.19493865966797,289.4948869443218,13.976213802529973,-289.74326957834467,289.4948869443218,289.74326957834467,200.82705844288768,12.815047129633104,-297.2460465163757,88.66782850143413,1.1611666728968686,7.502776938031076
7448.0,102.3049087524414,289.4949098679783,13.976232482369628,-289.74326440356214,289.4949098679783,289.74326440356214,200.82708126433317,12.815065805497017,-297.2460412140466,88.66782860364515,1.161166676872611,7.502776810484498
7456.0,102.41488647460938,289.4949113339824,13.976251664205316,-289.74327454888083,289.4949113339824,289.74327454888083,200.82708266241968,12.815085023245857,-297.24605137460134,88.66782867156272,1.1611666409594594,7.502776825720495
7464.0,102.52486419677734,289.49489828112456,13.976268245716994,-289.7432347260051,289.49489828112456,289.7432347260051,200.8270696404115,12.815101627091146,-297.24601187813323,88.66782864071305,1.161166618625849,7.5027771521281466
7472.0,102.63483428955078,289.4949075382568,13.97627773976008,-289.74322101090434,289.4949075382568,289.74322101090434,200.8270789951893,12.815111220810397,-297.2459982400686,88.6678285430675,1.161166518949683,7.502777229164252
7480.0,102.74481201171875,289.4949217426998,13.976289979263656,-289.74321952732583,289.4949217426998,289.74321952732583,200.8270928472788,12.815123283277115,-297.2459966977358,88.66782889542095,1.161166695986541,7.502777170409953
7488.0,102.85478973388672,289.4949215189978,13.976310581869052,-289.7432040182943,289.4949215189978,289.7432040182943,200.82709276604106,12.81514398724929,-297.2459812728499,88.6678287529567,1.161166594619763,7.502777254555632
7496.0,102.96475982666016,289.49491308062113,13.976319870923323,-289.7431655751111,289.49491308062113,289.7431655751111,200.82708432455956,12.815153016279966,-297.24594249534925,88.6678287560616,1.1611668546433567,7.502776920238144
7504.0,103.07473754882812,289.4949214277213,13.97633600254853,-289.743173424476,289.4949214277213,289.743173424476,200.82709269606187,12.815169383556526,-297.2459505076041,88.66782873165941,1.161166618992004,7.502777083128102
7512.0,103.1847152709961,289.49490865072136,13.976346289528601,-289.74311848107016,289.49490865072136,289.74311848107016,200.82708010967957,12.815179464509608,-297.245895408096,88.66782854104179,1.1611668250189933,7.502776927025838
7520.0,103.29468536376953,289.49493096564663,13.976362418894455,-289.74313640442455,289.49493096564663,289.74313640442455,200.8271021473722,12.81519573558205,-297.24591335161637,88.66782881827447,1.1611666833124055,7.502776947191805
7528.0,103.4046630859375,289.494928451327,13.976367492480463,-289.7431237591332,289.494928451327,289.7431237591332,200.82709963490322,12.815201076256203,-297.2459005285091,88.66782881642376,1.16116641622426,7.502776769375874
7536.0,103.51464080810547,289.4949437712298,13.976388471523117,-289.74311907512396,289.4949437712298,289.74311907512396,200.82711519877432,12.815221648033422,-297.2458960294994,88.66782857245553,1.1611668234896957,7.502776954375463
7544.0,103.6246109008789,289.4949440827544,13.976410261619687,-289.7431075236918,289.4949440827544,289.7431075236918,200.8271152995433,12.815243478696743,-297.24588424515,88.66782878321106,1.161166782922944,7.502776721458222
7552.0,103.73458862304688,289.4949464095765,13.976423262455826,-289.743115936715,289.4949464095765,289.743115936715,200.82711787820315,12.815256734232724,-297.24589299965044,88.66782853137337,1.1611665282231023,7.502777062935412
7560.0,103.84456634521484,289.4949422015777,13.976432728847598,-289.74305710963205,289.4949422015777,289.74305710963205,200.8271136163458,12.81526614802444,-297.2458341465877,88.6678285852319,1.1611665808231582,7.502777036955656
7568.0,103.95453643798828,289.49494561678557,13.976455630755893,-289.7430331602503,289.49494561678557,289.7430331602503,200.82711701698526,12.81528880695404,-297.24581003765536,88.66782859980032,1.161166823801853,7.5027768774050685
7576.0,104.06451416015625,289.49496129641113,13.976460579783062,-289.7430718017446,289.49496129641113,289.7430718017446,200.82713256200637,12.815293895111946,-297.24584879134136,88.66782873440474,1.161166684671116,7.502776989596796
7584.0,104.17449188232422,289.4949670762256,13.976483105859376,-289.74304241005825,289.4949670762256,289.74304241005825,200.82713807073713,12.815316583982288,-297.24581932240324,88.66782900548846,1.1611665218770888,7.502776912344981
7592.0,104.28446197509766,289.4949659430238,13.976497133536954,-289.74303641958136,289.4949659430238,289.74303641958136,200.82713704796367,12.815330462201068,-297.24581323487917,88.6678288950601,1.1611666713358861,7.502776815297825
7600.0,104.39443969726562,289.49495722347837,13.976506581823479,-289.7430014985991,289.49495722347837,289.7430014985991,200.82712827678705,12.81533990992974,-297.2457785239508,88.66782894669132,1.1611666718937386,7.502777025351673
7608.0,104.5044174194336,289.4949557906108,13.976523327053357,-289.74297511911914,289.4949557906108,289.74297511911914,200.8271268386455,12.815356817070892,-297.24575202821995,88.66782895196525,1.1611665099824648,7.502776909100788
7616.0,104.61438751220703,289.4949658260697,13.976542266557013,-289.74295694040615,289.4949658260697,289.74295694040615,200.82713665477272,12.815375769996669,-297.2457338227182,88.66782917129699,1.1611664965603445,7.502776882312066
7624.0,104.724365234375,289.49498150233785,13.9765527178491,-289.74296809100616,289.49498150233785,289.74296809100616,200.82715252528658,12.815386280867164,-297.2457450654383,88.66782897705124,1.1611664369819348,7.502776974432152
7632.0,104.83434295654297,289.49497998409566,13.97656775925569,-289.7429627823703,289.49497998409566,289.7429627823703,200.82715051479104,12.815401461355233,-297.245739511122,88.66782946930462,1.1611662979004578,7.502776728751712
7640.0,104.9443130493164,289.4949902177174,13.97657988374268,-289.74294254646253,289.4949902177174,289.74294254646253,200.82716098574423,12.815413464768415,-297.24571917931314,88.66782923197317,1.1611664189742648,7.50277663285063
7648.0,105.05429077148438,289.4949856456133,13.976598212115446,-289.7429164156392,289.4949856456133,289.7429164156392,200.82715636973603,12.815431383857602,-297.24569338146694,88.6678292758773,1.1611668282578442,7.502776965827742
7656.0,105.16426849365234,289.4949917319086,13.976613921040103,-289.742904939026,289.4949917319086,289.742904939026,200.82716228984086,12.815447467576075,-297.2456820316636,88.66782944206778,1.1611664534640287,7.502777092637579
7664.0,105.27423858642578,289.4949970084442,13.97663298890504,-289.74288474865045,289.4949970084442,289.74288474865045,200.82716777201597,12.815466616174067,-297.2456615342726,88.66782923642828,1.161166372730973,7.50277678562211
7672.0,105.38421630859375,289.49500381571255,13.976643044263845,-289.7429018612274,289.49500381571255,289.7429018612274,200.82717429423178,12.815476716848428,-297.245678460926,88.66782952148077,1.1611663274154171,7.502776599698631
7680.0,105.49419403076172,289.49500648890296,13.976652415706656,-289.7428654552531,289.49500648890296,289.7428654552531,200.82717705382132,12.815486165051517,-297.24564224213873,88.66782943508161,1.161166250655139,7.502776786885661
7688.0,105.60416412353516,289.4950157327095,13.976675090209527,-289.7428630615914,289.4950157327095,289.7428630615914,200.8271865934886,12.815508643666934,-297.2456397806577,88.6678291392209,1.1611664465425928,7.502776719066361
7696.0,105.7141342163086,289.4950042879834,13.976688635034185,-289.74282334962,289.4950042879834,289.74282334962,200.8271751118328,12.815521998374598,-297.2456002610008,88.66782917615066,1.161166636659587,7.502776911380792
7704.0,105.8240966796875,289.49502723308717,13.976705266367414,-289.7428211480659,289.49502723308717,289.7428211480659,200.8271979492931,12.815538920163679,-297.2455980267614,88.6678292837941,1.1611663462037356,7.502776878695496
7712.0,105.93408203125,289.4950184746931,13.976715773495913,-289.74279747722267,289.4950184746931,289.74279747722267,200.82718904817216,12.815549310749391,-297.2455744143283,88.66782942652097,1.1611664627465217,7.502776937105629
7720.0,106.0440444946289,289.4950206761348,13.9767392418737,-289.7427650873362,289.4950206761348,289.7427650873362,200.82719113179107,12.815572790118196,-297.2455422775173,88.66782954434375,1.1611664517555038,7.5027771901811136
7728.0,106.1540298461914,289.4950287525018,13.976748723942176,-289.74276674309044,289.4950287525018,289.74276674309044,200.82719913775023,12.815582232632055,-297.24554382236437,88.66782961475158,1.1611664913101212,7.5027770792739545
7736.0,106.26399993896484,289.4950182741567,13.976779545429443,-289.74273441095465,289.4950182741567,289.74273441095465,200.82718872528818,12.815612980346936,-297.24551125208643,88.66782954886853,1.1611665650825067,7.502776841131777
7744.0,106.37398529052734,289.49505844894514,13.97678346403659,-289.74280099896055,289.49505844894514,289.74280099896055,200.8272288366747,12.815616808051372,-297.2455778403454,88.66782961227047,1.1611666559852178,7.5027768413848435
7752.0,106.48394775390625,289.4950304744962,13.976807686873908,-289.742695097057,289.4950304744962,289.742695097057,200.8272007757667,12.815641282723723,-297.24547207773804,88.66782969872952,1.161166404150185,7.502776980681034
7760.0,106.59393310546875,289.4950335602754,13.97681437555064,-289.74269175382244,289.4950335602754,289.74269175382244,200.82720358348763,12.81564784409375,-297.2454690166651,88.66782997678777,1.1611665314568906,7.50277726284267
7768.0,106.70389556884766,289.49504324910464,13.976833925413343,-289.7427043887343,289.49504324910464,289.7427043887343,200.827213390523,12.815667195583005,-297.24548136341207,88.66782985858161,1.161166729830338,7.502776974677744
7776.0,106.81388092041016,289.49504419067944,13.976847512431622,-289.7426776861257,289.49504419067944,289.7426776861257,200.827214366647,12.815681106153473,-297.24545459771224,88.66782982403241,1.1611664062781486,7.502776911586505
7784.0,106.9238510131836,289.49505655745577,13.976857637806571,-289.74265273701513,289.49505655745577,289.74265273701513,200.82722639569153,12.815691297322829,-297.2454298593243,88.66783016176424,1.1611663404837422,7.502777122309151
7792.0,107.0338363647461,289.4950610416626,13.976879563560173,-289.7426600588597,289.4950610416626,289.7426600588597,200.8272308995535,12.815713107781,-297.2454371488343,88.6678301421091,1.1611664557791723,7.50277708997459
7800.0,107.143798828125,289.4950618747966,13.976901270891299,-289.74262087462654,289.4950618747966,289.74262087462654,200.8272317614754,12.815734817483017,-297.2453980181812,88.6678301133212,1.1611664534082813,7.502777143554702
7808.0,107.2537841796875,289.4950763597833,13.976912825416717,-289.74263179734936,289.4950763597833,289.74263179734936,200.82724661445926,12.81574631837615,-297.24540867337964,88.66782974532404,1.1611665070405675,7.502776876030264
7816.0,107.36376190185547,289.49506324225604,13.976926707277753,-289.7425732477163,289.49506324225604,289.7425732477163,200.82723307617408,12.815760349273734,-297.24535024638527,88.66783016608196,1.161166358004019,7.502776998668967
7824.0,107.4737319946289,289.4950748731703,13.976947583304355,-289.7425919018591,289.4950748731703,289.7425919018591,200.82724470450114,12.815781359988412,-297.24536890080947,88.66783016866921,1.1611662233159432,7.502776998950349
7832.0,107.58370971679688,289.495077165098,13.976959438515909,-289.74256390637856,289.495077165098,289.74256390637856,200.82724691122988,12.815793259028617,-297.2453407636384,88.66783025386809,1.1611661794872923,7.502776857259853
7840.0,107.69368743896484,289.4950681457423,13.976980841711098,-289.7425231805089,289.4950681457423,289.7425231805089,200.82723761558407,12.815814358497208,-297.24529983199193,88.66783053015826,1.16116648321389,7.502776651483007
7848.0,107.80365753173828,289.4950832152973,13.977000582377466,-289.74254042903016,289.4950832152973,289.74254042903016,200.8272528817444,12.815834001409991,-297.2453173027733,88.66783033355287,1.1611665809674747,7.502776873743116
7856.0,107.91363525390625,289.4950927191775,13.977009844952967,-289.742506949969,289.4950927191775,289.742506949969,200.82726226397793,12.81584371639744,-297.2452839732024,88.66783045519958,1.1611661285555268,7.502777023233346
7864.0,108.02361297607422,289.4950724696611,13.97703543239944,-289.742467346347,289.4950724696611,289.742467346347,200.82724208505468,12.815869045092944,-297.24524455583213,88.66783038460646,1.161166387306496,7.5027772094851635
7872.0,108.13358306884766,289.49510326241665,13.977044385119513,-289.7424676094541,289.49510326241665,289.7424676094541,200.8272727527626,12.815877937594344,-297.2452449330612,88.66783050965404,1.1611664475251686,7.502777323607109
7880.0,108.2435531616211,289.4951014515052,13.977065616780845,-289.7424677676957,289.4951014515052,289.7424677676957,200.8272708550155,12.815899292425158,-297.2452449671838,88.66783059648972,1.161166324355687,7.502777199488101
7888.0,108.3535385131836,289.4951029944494,13.977080452386875,-289.742446249537,289.4951029944494,289.742446249537,200.82727258477115,12.815914022079621,-297.24522353489766,88.66783040967823,1.1611664303072544,7.502777285360622
7896.0,108.4635009765625,289.4951161568268,13.977095174097418,-289.74245261227895,289.4951161568268,289.74245261227895,200.82728562840012,12.81592872532041,-297.2452298482708,88.66783052842665,1.1611664487770081,7.502777235991854
7904.0,108.573486328125,289.49512417890725,13.977115008542903,-289.7424306766459,289.49512417890725,289.7424306766459,200.82729325381513,12.8159487754825,-297.2452076815354,88.66783092509212,1.1611662330604027,7.502777004889516
7912.0,108.68346405029297,289.49512407328007,13.977127439632783,-289.74239867487483,289.49512407328007,289.74239867487483,200.82729290569887,12.815961017586595,-297.24517608224767,88.66783116758117,1.161166422046188,7.502777407372832
7920.0,108.7934341430664,289.4951351574479,13.977146171989274,-289.74240028741565,289.4951351574479,289.74240028741565,200.8273039234724,12.815979729696249,-297.2451773987362,88.6678312339755,1.161166442293025,7.5027771113205155
7928.0,108.90341186523438,289.4951270756035,13.97716231524202,-289.7423543576574,289.4951270756035,289.7423543576574,200.82729599206715,12.815995985785555,-297.24513154129284,88.66783108353633,1.1611663294564654,7.502777183635402
7936.0,109.01338958740234,289.49511950387443,13.977178266601006,-289.74233153549017,289.49511950387443,289.74233153549017,200.827288514043,12.81601193158053,-297.24510880592834,88.6678309898314,1.1611663350204768,7.50277727043817
7944.0,109.12335968017578,289.49514212858486,13.977197942215597,-289.74235329090624,289.49514212858486,289.74235329090624,200.82731091010663,12.816031365962733,-297.24513057131645,88.66783121847823,1.1611665762528638,7.502777280410196
7952.0,109.23333740234375,289.4951483534322,13.977215723017155,-289.7423218358413,289.4951483534322,289.7423218358413,200.827317035066,12.816049396334593,-297.24509909119115,88.66783131836624,1.1611663266825616,7.5027772553498515
7960.0,109.34329986572266,289.4951553412821,13.97723581500717,-289.74233119573614,289.4951553412821,289.74233119573614,200.8273242223223,12.816069596270925,-297.24510842727443,88.66783111895981,1.1611662187362448,7.502777231538303
7968.0,109.45328521728516,289.4951423095041,13.97724629257308,-289.7422451097551,289.4951423095041,289.7422451097551,200.8273109311181,12.81607995419865,-297.24502268005773,88.667831378386,1.1611663383744304,7.502777570302605
7976.0,109.5632553100586,289.4951549878915,13.977266825840879,-289.7422690615686,289.4951549878915,289.7422690615686,200.82732389598732,12.816100392842905,-297.2450463790916,88.66783109190419,1.1611664329979732,7.5027773175229875
7984.0,109.6732406616211,289.49517506909723,13.977297724382305,-289.74228131229,289.49517506909723,289.74228131229,200.82734402719973,12.816131286775107,-297.24505853727544,88.6678310418975,1.1611664376071982,7.502777224985461
7992.0,109.783203125,289.4951723061183,13.977301967002044,-289.7422559087624,289.4951723061183,289.7422559087624,200.82734099356742,12.816135671794752,-297.24503300685456,88.66783131255089,1.1611662952072912,7.502777098092142
8000.0,109.8931884765625,289.49516612588036,13.977320218773135,-289.7422372705963,289.49516612588036,289.7422372705963,200.82733467430108,12.816153892033212,-297.24501464580237,88.66783145157926,1.1611663267399237,7.502777375206069
8008.0,110.0031509399414,289.495161350855,13.977332244047894,-289.7421927283768,289.495161350855,289.7421927283768,200.8273301920563,12.816166020698246,-297.2449699602721,88.66783115879875,1.1611662233496478,7.5027772318953225
8016.0,110.1131362915039,289.4951690280007,13.977360147825445,-289.7421697014174,289.4951690280007,289.7421697014174,200.82733816262237,12.81619378123521,-297.24494677938844,88.66783086537832,1.1611663665902352,7.502777077971022
8024.0,110.22310638427734,289.4951712391987,13.977373220561674,-289.7421716510739,289.4951712391987,289.7421716510739,200.82733987579994,12.816206989035203,-297.244948924277,88.66783136339878,1.1611662315264706,7.502777273203165
8032.0,110.33309173583984,289.495190136709,13.977396061040524,-289.7421707577799,289.495190136709,289.7421707577799,200.82735910354518,12.816229681186684,-297.24494791674437,88.66783103316384,1.1611663798538405,7.502777158964502
8040.0,110.44305419921875,289.4951886080703,13.977411468207837,-289.742132723214,289.4951886080703,289.742132723214,200.82735750843744,12.816245381189207,-297.24491000719576,88.66783109963288,1.1611660870186302,7.502777283981732
8048.0,110.55303955078125,289.4951860438368,13.977426940076676,-289.7421346884587,289.4951860438368,289.7421346884587,200.8273547634449,12.816260680963923,-297.2449117726249,88.66783128039188,1.1611662591127523,7.502777084166198
8056.0,110.66300201416016,289.49520262878247,13.977446615708931,-289.7421179575564,289.49520262878247,289.7421179575564,200.8273715567165,12.816280363344525,-297.24489497032954,88.66783107206595,1.1611662523644064,7.502777012773169
8064.0,110.77298736572266,289.49519354090415,13.977462495981218,-289.7420764868239,289.49519354090415,289.7420764868239,200.82736215619394,12.81629620770573,-297.24485365602067,88.6678313847102,1.1611662882754885,7.502777169196737
8072.0,110.8829574584961,289.49520835608166,13.977477149027182,-289.7420657842433,289.49520835608166,289.7420657842433,200.82737697323034,12.816310765768337,-297.2448429236066,88.66783138285135,1.1611663832588448,7.5027771393632925
8080.0,110.9929428100586,289.49520883312533,13.977495490094611,-289.74205585055813,289.49520883312533,289.74205585055813,200.82737730482518,12.816329210344723,-297.24483299143856,88.66783152830016,1.1611662797498887,7.502777140880436
8088.0,111.1029052734375,289.4952261426637,13.977513960531805,-289.74206140659476,289.4952261426637,289.74206140659476,200.8273946814154,12.816347416435002,-297.2448386163854,88.66783146124831,1.1611665440968029,7.5027772097906364
8096.0,111.212890625,289.4952112849867,13.977531473247362,-289.74197081980526,289.4952112849867,289.74197081980526,200.82737981203434,12.816365248049102,-297.2447480940334,88.66783147295236,1.1611662251982597,7.502777274228176
8104.0,111.3228530883789,289.4952238385239,13.977550287349832,-289.74201765750945,289.4952238385239,289.74201765750945,200.82739249000642,12.816384028536667,-297.2447948270046,88.66783134851745,1.1611662588131644,7.5027771694951575
8112.0,111.4328384399414,289.4952314033035,13.977563930380132,-289.7419846416529,289.4952314033035,289.7419846416529,200.82739989012262,12.816397287135638,-297.2447617873317,88.66783151318086,1.1611666432444938,7.502777145678781
8120.0,111.54280853271484,289.4952357580475,13.977589301195554,-289.7419559939385,289.4952357580475,289.7419559939385,200.8274041261007,12.816422785100427,-297.2447332750993,88.66783163194678,1.1611665160951272,7.502777281160757
8128.0,111.65279388427734,289.4952306982134,13.977607728886557,-289.7419617742849,289.4952306982134,289.7419617742849,200.82739911630784,12.816441268235288,-297.24473896348957,88.66783158190552,1.1611664606512697,7.502777189204657
8136.0,111.76275634765625,289.4952391703586,13.977621851059546,-289.741914087399,289.4952391703586,289.741914087399,200.8274076684388,12.81645509516445,-297.2446912330922,88.6678315019198,1.1611667558950955,7.5027771456932655
8144.0,111.87274169921875,289.4952465881833,13.977637520998373,-289.74193281170085,289.4952465881833,289.74193281170085,200.82741495990985,12.816470945197501,-297.244710387728,88.66783162827346,1.1611665758008716,7.502777576027114
8152.0,111.98270416259766,289.4952464587797,13.977662152394586,-289.7419079179099,289.4952464587797,289.7419079179099,200.82741472817298,12.816495606139398,-297.2446850617918,88.66783173060674,1.1611665462551883,7.502777143881943
8160.0,112.09268951416016,289.4952512422593,13.97768613528231,-289.7418752837984,289.4952512422593,289.7418752837984,200.82741970917755,12.816519600133006,-297.2446526137264,88.6678315330818,1.1611665351493041,7.502777329927998
8168.0,112.2026596069336,289.4952657350043,13.977698021210758,-289.74188365825074,289.4952657350043,289.74188365825074,200.82743414734293,12.816531346750498,-297.2446606464084,88.66783158766134,1.1611666744602598,7.502776988157688
8176.0,112.3126449584961,289.49525310047466,13.977714965023425,-289.7418194280664,289.49525310047466,289.7418194280664,200.827421293018,12.816548632504494,-297.2445967802299,88.66783180745665,1.1611663325189312,7.502777352163559
8184.0,112.422607421875,289.4952604717019,13.977738973816868,-289.7418136604866,289.4952604717019,289.7418136604866,200.8274287811918,12.816572410648188,-297.2445909510534,88.6678316905101,1.1611665631686794,7.5027772905667725
8192.0,112.5325927734375,289.4952656798206,13.977754827521627,-289.74179464514026,289.4952656798206,289.74179464514026,200.82743412850715,12.816588437295218,-297.2445721964468,88.66783155131341,1.161166390226409,7.50277755130659
8200.0,112.642578125,289.49527099716965,13.977776819195984,-289.7417941544732,289.49527099716965,289.7417941544732,200.8274392842283,12.816610338459723,-297.24457155734456,88.66783171294136,1.1611664807362612,7.5027774028713665
8208.0,112.7525634765625,289.4952712822022,13.977787234181754,-289.74175640677174,289.4952712822022,289.74175640677174,200.82743980292196,12.81662075313913,-297.2445336753656,88.66783147928027,1.161166481042624,7.50277726859381
8216.0,112.8625259399414,289.49526567340337,13.977806745094636,-289.74172459628863,289.49526567340337,289.74172459628863,200.82743418551286,12.816640531004248,-297.24450200632685,88.66783148789051,1.1611662140903878,7.502777410038231
8224.0,112.97249603271484,289.4952944293085,13.977832007427669,-289.7417675624476,289.4952944293085,289.7417675624476,200.82746262205677,12.816665793231502,-297.24454503767305,88.6678318072517,1.1611662141961663,7.502777475225461
8232.0,113.08248138427734,289.49530833390514,13.97785095867397,-289.7417527179854,289.49530833390514,289.7417527179854,200.827476576452,12.816684653067547,-297.24453001177903,88.66783175745314,1.1611663056064234,7.502777293793628
8240.0,113.19244384765625,289.49529081591413,13.97786200683615,-289.7416744557662,289.49529081591413,289.7416744557662,200.82745896230065,12.816695718129177,-297.24445212205865,88.66783185361349,1.1611662887069727,7.502777666292452
8248.0,113.30242919921875,289.4953025568899,13.977880317887932,-289.74167721044626,289.4953025568899,289.74167721044626,200.82747076827502,12.81671432313503,-297.2444545956681,88.66783178861489,1.1611659947529027,7.502777385221872
8256.0,113.41239166259766,289.495307905955,13.977902654462714,-289.74165653725026,289.495307905955,289.74165653725026,200.82747599196,12.816736372464744,-297.2444340767634,88.66783191399497,1.1611662819979696,7.502777539513133
8264.0,113.52237701416016,289.495307589958,13.97792613776819,-289.7416467310663,289.495307589958,289.7416467310663,200.82747559897564,12.816759761214414,-297.24442401972726,88.66783199098235,1.1611663765537763,7.50277728866098
8272.0,113.6323471069336,289.4953178204386,13.977938171584448,-289.74163512239824,289.4953178204386,289.74163512239824,200.82748594511787,12.816771899332862,-297.2444127006082,88.66783187532072,1.1611662722515863,7.502777578209983
8280.0,113.7423324584961,289.49532449344474,13.97796426573861,-289.7416169756806,289.49532449344474,289.7416169756806,200.82749279197944,12.816798050603177,-297.2443942725321,88.6678317014653,1.1611662151354327,7.502777296851519
8288.0,113.852294921875,289.4953335863056,13.977973876720815,-289.74157681777734,289.4953335863056,289.74157681777734,200.82750146580446,12.816807789947278,-297.24435413219635,88.66783212050117,1.1611660867735374,7.5027773144189815
8296.0,113.9622802734375,289.49533023711365,13.977994578703921,-289.7415680119042,289.49533023711365,289.7415680119042,200.82749827043807,12.81682849062837,-297.2443454696395,88.66783196667555,1.1611660880755519,7.502777457735316
8304.0,114.0722427368164,289.49533742640926,13.978019855760065,-289.74157405698696,289.49533742640926,289.74157405698696,200.8275052018878,12.816853530114116,-297.24435115524,88.6678322245215,1.161166325645949,7.502777098253009
8312.0,114.1822280883789,289.4953373288402,13.978037124816359,-289.7415095650273,289.4953373288402,289.7415095650273,200.8275052852644,12.816870816348601,-297.2442867572447,88.6678320435758,1.1611663084677577,7.502777192217412
8320.0,114.29219818115234,289.4953505863252,13.97805060243382,-289.7415444373744,289.4953505863252,289.7415444373744,200.82751849453717,12.816884379744586,-297.2443218837742,88.667832091788,1.1611662226892339,7.502777446399811
8328.0,114.40218353271484,289.49535631301825,13.978073183493438,-289.7414981933897,289.49535631301825,289.7414981933897,200.8275242300264,12.816906790672732,-297.24427528772446,88.66783208299185,1.1611663928207054,7.502777094334753
8336.0,114.51214599609375,289.4953442951838,13.978093712563048,-289.7414540234849,289.4953442951838,289.7414540234849,200.82751236605156,12.816927468723513,-297.24423129023893,88.66783192913229,1.161166243839535,7.502777266754041
8344.0,114.62213134765625,289.49535385092537,13.978112750377468,-289.7414549421981,289.49535385092537,289.7414549421981,200.82752188712664,12.816946408598161,-297.24423232937806,88.66783196379873,1.1611663417793068,7.5027773871799255
8352.0,114.73209381103516,289.49536090066925,13.978133839433388,-289.74141328181196,289.49536090066925,289.74141328181196,200.82752893927494,12.816967509764602,-297.244190485481,88.66783196139431,1.1611663296687862,7.502777203669051
8360.0,114.84207916259766,289.4953650243047,13.978152795262316,-289.74141807138597,289.4953650243047,289.74141807138597,200.82753277105718,12.816986610941877,-297.2441953803653,88.66783225324752,1.1611661843204395,7.502777308979319
8368.0,114.9520492553711,289.4953869882403,13.978175026014284,-289.7414254926299,289.4953869882403,289.7414254926299,200.827554582937,12.8170087374804,-297.24420283503935,88.6678324053033,1.1611662885338845,7.502777342409434
8376.0,115.0620346069336,289.4953666576849,13.978186365171721,-289.7413732753847,289.4953666576849,289.7413732753847,200.8275343000815,12.817020052555046,-297.24415051857443,88.66783235760337,1.1611663126166754,7.502777243189691
8384.0,115.1719970703125,289.49537242261295,13.978209103518713,-289.74134951294604,289.49537242261295,289.74134951294604,200.82754008940492,12.817042835399535,-297.24412687047595,88.66783233320805,1.1611662681191781,7.502777357529929
8392.0,115.281982421875,289.49537629142947,13.978231684122774,-289.74132808068595,289.49537629142947,289.74132808068595,200.8275440291934,12.817065466048161,-297.2441054505012,88.66783226223606,1.1611662180746123,7.5027773698152345
8400.0,115.39196014404297,289.49539635543465,13.978255654054182,-289.74134035295464,289.49539635543465,289.74134035295464,200.8275642021134,12.817089192721987,-297.24411764035165,88.66783215332129,1.1611664613321953,7.502777287397006
8408.0,115.5019302368164,289.4953978315001,13.978268471269715,-289.74130041915765,289.4953978315001,289.74130041915765,200.82756525767934,12.817102285533672,-297.24407768338233,88.66783257382073,1.1611661857360431,7.502777264224697
8416.0,115.61190795898438,289.495401136,13.978298923634057,-289.7412929220932,289.495401136,289.7412929220932,200.82756864731041,12.817132670635893,-297.24407021529083,88.6678324886896,1.1611662529981643,7.502777293197639
8424.0,115.72188568115234,289.4953892767341,13.978308806821806,-289.7412241175473,289.4953892767341,289.7412241175473,200.8275570203977,12.81714250252,-297.2440015074315,88.6678322563364,1.1611663043018066,7.502777389884237
8432.0,115.83185577392578,289.49541841424923,13.978334780575555,-289.7412679327049,289.49541841424923,289.7412679327049,200.82758609755527,12.817168322981475,-297.2440449929826,88.66783231669399,1.1611664575940797,7.502777060277722
8440.0,115.94183349609375,289.49541808992893,13.97834725995118,-289.7412160860445,289.49541808992893,289.7412160860445,200.82758554148973,12.817180790131308,-297.2439935211072,88.6678325484392,1.1611664698198716,7.502777435062679
8448.0,116.05181121826172,289.49541739214374,13.97836545243318,-289.7412088763371,289.49541739214374,289.7412088763371,200.8275850955641,12.81719946111353,-297.243986337961,88.6678322965796,1.1611659913196508,7.502777461623886
8456.0,116.16178131103516,289.4954236491359,13.978389670648506,-289.7411789539405,289.4954236491359,289.7411789539405,200.82759123886422,12.817223324594405,-297.2439562052559,88.6678324102717,1.1611663460541006,7.502777251315422
8464.0,116.27175903320312,289.4954292115332,13.97840570259766,-289.74116063344894,289.4954292115332,289.74116063344894,200.82759664430097,12.817239374137134,-297.24393791772695,88.6678325672322,1.161166328460526,7.502777284278025
8472.0,116.3817367553711,289.49544469476564,13.978434221602358,-289.74116686490174,289.49544469476564,289.74116686490174,200.82761209718916,12.817267796940463,-297.24394405738394,88.66783259757649,1.1611664246618947,7.502777192482171
8480.0,116.49170684814453,289.4954509241994,13.978451384096338,-289.7411372610038,289.4954509241994,289.7411372610038,200.82761815597303,12.817284996487771,-297.24391486993136,88.66783276822636,1.1611663876085672,7.502777608927527
8488.0,116.6016845703125,289.49546738767094,13.978472056531185,-289.7411415422961,289.49546738767094,289.7411415422961,200.82763459275753,12.817305797736198,-297.2439190136462,88.6678327949134,1.161166258794987,7.502777471350125
8496.0,116.71166229248047,289.4954612983089,13.978495016560224,-289.74110933366126,289.4954612983089,289.74110933366126,200.8276284125541,12.817328720078873,-297.2438868513979,88.6678328857548,1.1611662964813512,7.502777517736682
8504.0,116.8216323852539,289.49546482844016,13.978512015171539,-289.74108476021473,289.49546482844016,289.74108476021473,200.82763188678416,12.817345700808449,-297.24386202334307,88.66783294165603,1.16116631436309,7.502777263128319
8512.0,116.93161010742188,289.4954700223046,13.978530519572649,-289.74107508445604,289.4954700223046,289.74107508445604,200.82763718299492,12.817363912595724,-297.24385252046216,88.66783283930965,1.1611666069769253,7.502777436006106
8520.0,117.04158782958984,289.49547158042344,13.978557118061197,-289.74103672761646,289.49547158042344,289.74103672761646,200.82763853792733,12.817390688572557,-297.24381407323443,88.66783304249608,1.16116642948864,7.502777345617993
8528.0,117.15155792236328,289.495479088035,13.978579409829562,-289.7410167840296,289.495479088035,289.7410167840296,200.82764598648723,12.817412847924688,-297.2437941738678,88.66783310154774,1.1611665619048743,7.502777389838151
8536.0,117.26153564453125,289.49547864145876,13.978594346320778,-289.74097856897555,289.49547864145876,289.74097856897555,200.8276453934261,12.81742805811053,-297.2437558590902,88.66783324803265,1.1611662882102483,7.502777290114661
8544.0,117.37151336669922,289.4954774886638,13.978624564312293,-289.7409720222275,289.4954774886638,289.7409720222275,200.82764427645205,12.817458116175246,-297.2437496630769,88.6678332122118,1.1611664481370472,7.5027776408494375
8552.0,117.48148345947266,289.49549720444634,13.978634255892512,-289.7409456619874,289.49549720444634,289.7409456619874,200.8276635534292,12.81746794293608,-297.2437233356807,88.66783365101713,1.161166312956432,7.50277767369332
8560.0,117.59146118164062,289.4954918554721,13.978657655683818,-289.74092092822156,289.4954918554721,289.74092092822156,200.827658506027,12.81749149046764,-297.24369844797127,88.6678333494451,1.1611661652161782,7.502777519749717
8568.0,117.7014389038086,289.4954882568767,13.978683431260398,-289.740881868222,289.4954882568767,289.740881868222,200.8276546027094,12.817517324136192,-297.24365936552203,88.66783365416725,1.161166107124206,7.502777497300034
8576.0,117.81140899658203,289.49551218847415,13.97870576189113,-289.74091233217354,289.49551218847415,289.74091233217354,200.82767841033962,12.817539594524971,-297.24368974131465,88.66783377813454,1.161166167366158,7.502777409141139
8584.0,117.92138671875,289.49551865042844,13.978721221464186,-289.7408797833615,289.49551865042844,289.7408797833615,200.82768534291483,12.817554853313137,-297.243657254145,88.6678333075136,1.161166368151049,7.502777470783471
8592.0,118.03136444091797,289.4955044249805,13.978742181850386,-289.74082429419923,289.4955044249805,289.74082429419923,200.82767099103194,12.817576134602021,-297.2436020139394,88.66783343394852,1.161166047248365,7.502777719740177
8600.0,118.1413345336914,289.49552000999097,13.978761037269596,-289.74082615070535,289.49552000999097,289.74082615070535,200.82768646586644,12.817594831912025,-297.2436039197481,88.66783354412453,1.1611662053575706,7.502777769042787
8608.0,118.25131225585938,289.49552251315845,13.97879066138903,-289.74078826494184,289.49552251315845,289.74078826494184,200.82768863248614,12.817624553357069,-297.2435659007107,88.66783388067232,1.1611661080319617,7.502777635768847
8616.0,118.36128997802734,289.49552426607397,13.978810390456415,-289.7407923994709,289.49552426607397,289.7407923994709,200.82769053305833,12.817644159631048,-297.24357020845537,88.66783373301561,1.1611662308253674,7.502777808984501
8624.0,118.47126007080078,289.4955407349536,13.978832751839914,-289.740777394671,289.4955407349536,289.740777394671,200.82770689176476,12.81766656275897,-297.24355496932037,88.66783384318884,1.1611661890809444,7.502777574649375
8632.0,118.58123779296875,289.49553297133195,13.978858975227745,-289.7407226359253,289.49553297133195,289.7407226359253,200.82769897002476,12.817692688293812,-297.2435002959911,88.6678340013072,1.1611662869339323,7.502777660065796
8640.0,118.69121551513672,289.4955387412823,13.978873798979443,-289.7406893533844,289.4955387412823,289.7406893533844,200.82770475388048,12.817707473106918,-297.24346700662056,88.66783398740182,1.161166325872525,7.502777653236137
8648.0,118.80118560791016,289.49555564013554,13.978907961680378,-289.74071417337547,289.49555564013554,289.74071417337547,200.8277216082564,12.817741554849958,-297.2434917583063,88.66783403187914,1.1611664068304197,7.502777584930829
8656.0,118.91116333007812,289.4955526648341,13.978914822447228,-289.7406684564914,289.4955526648341,289.7406684564914,200.82771857040095,12.817748523010565,-297.24344634172394,88.6678340944332,1.1611662994366636,7.502777885232543
8664.0,119.0211410522461,289.49557416623423,13.978944562646793,-289.7406904719616,289.49557416623423,289.7406904719616,200.82774001301826,12.817778261077127,-297.2434681664134,88.66783415321599,1.1611663015696667,7.502777694451776
8672.0,119.13111114501953,289.4955667262225,13.9789687913117,-289.74064126156446,289.4955667262225,289.74064126156446,200.82773231999778,12.817802500854237,-297.2434188292395,88.66783440622467,1.161166290457464,7.502777567675015
8680.0,119.2410888671875,289.4955707958487,13.978991193752556,-289.7406173150024,289.4955707958487,289.7406173150024,200.82773659125803,12.817824824800756,-297.2433950433779,88.66783420459066,1.1611663689518004,7.5027777283755235
8688.0,119.35106658935547,289.4955790470841,13.979014079938167,-289.7405957216323,289.4955790470841,289.7405957216323,200.82774480008732,12.817847694305014,-297.2433732858543,88.66783424699682,1.1611663856331536,7.502777564222001
8696.0,119.4610366821289,289.49560218725475,13.97903725011489,-289.74060436684346,289.49560218725475,289.74060436684346,200.827767639206,12.817871001177734,-297.2433821310594,88.66783454804875,1.1611662489371568,7.502777764215946
8704.0,119.57101440429688,289.49560952761124,13.979060613728034,-289.7405549728433,289.49560952761124,289.7405549728433,200.8277747949894,12.81789442032126,-297.24333247862234,88.66783473262183,1.1611661934067747,7.502777505779008
8712.0,119.68099212646484,289.49560364707236,13.979083717102188,-289.74051729212437,289.49560364707236,289.74051729212437,200.827768894857,12.817917460797668,-297.24329503687534,88.66783475221534,1.1611662563045204,7.502777744750951
8720.0,119.79096221923828,289.4956258383985,13.979098863178887,-289.74053089868573,289.4956258383985,289.74053089868573,200.82779064475815,12.817932547640886,-297.24330853656977,88.66783519364034,1.1611663155380008,7.502777637884012
8728.0,119.90093231201172,289.49562694154224,13.979129196478313,-289.7405053526619,289.49562694154224,289.7405053526619,200.82779206101472,12.817962846264368,-297.2432831008315,88.66783488052755,1.1611663502139447,7.502777748169617
8736.0,120.01089477539062,289.4956154991204,13.979154016230483,-289.7404584192236,289.4956154991204,289.7404584192236,200.82778059297425,12.817987830381563,-297.2432361995868,88.66783490614614,1.16116618584892,7.5027777803631786
