step,t_u_l,fx_solver,fy_solver,fz_solver,drag_solver,downforce_solver,pressure_fx_solver,pressure_fy_solver,pressure_fz_solver,viscous_fx_solver,viscous_fy_solver,viscous_fz_solver
8.0,0.08837711811065674,493.2813489266539,6.9354414075892326,-216.95335473843156,493.2813489266539,216.95335473843156,296.4534414203283,6.58164056145088,-238.5954810478461,196.8279075063256,0.35380084613835294,21.642126309414547
16.0,0.18378782272338867,414.4030980228564,6.461215431822672,-220.19733436618225,414.4030980228564,220.19733436618225,261.66903910696,6.005343303416131,-238.22353990812164,152.7340589158964,0.4558721284065408,18.02620554193939
24.0,0.2828352153301239,385.8096082955923,6.207796155865841,-236.0886435002647,385.8096082955923,236.0886435002647,254.0996807244269,5.642681858425338,-252.466343014307,131.70992757116537,0.5651142974405031,16.377699514042295
32.0,0.3844488561153412,357.92367153837006,5.788735148048174,-242.8067714032681,357.92367153837006,242.8067714032681,239.0886727634459,5.145059320419502,-257.6133825184224,118.83499877492414,0.6436758276286709,14.806611115154288
40.0,0.48757612705230713,341.7530725888883,5.518442417153695,-252.28977230737993,341.7530725888883,252.28977230737993,231.37905424883013,4.819681145570785,-265.5769034703719,110.37401834005817,0.6987612715829098,13.287131162991994
48.0,0.5921871662139893,331.09082073570744,5.311651856434929,-260.3313192574874,331.09082073570744,260.3313192574874,226.57660277041958,4.569753886799564,-272.22525311876143,104.51421796528786,0.7418979696353649,11.89393386127406
56.0,0.6978291869163513,323.2450165250675,5.08688386088191,-267.47300732514105,323.2450165250675,267.47300732514105,223.0231430100933,4.312722280412325,-278.1197598770612,100.22187351497425,0.7741615804695852,10.64675255192016
64.0,0.8042125105857849,316.23980432507585,4.9513798602542165,-271.8702312807838,316.23980432507585,271.8702312807838,219.33445146464368,4.151923475754614,-281.4219199503433,96.90535286043215,0.7994563844996019,9.55168866955949
72.0,0.9111599922180176,310.2942316498172,4.825702543442116,-274.95754660895255,310.2942316498172,274.95754660895255,216.05961045318392,4.006319095190215,-283.5594942357897,94.23462119663333,0.8193834482519009,8.601947626837166
80.0,1.0185457468032837,306.0418084796942,4.686498298245178,-277.66045748608934,306.0418084796942,277.66045748608934,213.95852237153412,3.8511132423749292,-285.44829064698524,92.08328610816012,0.8353850558702489,7.78783316089592
88.0,1.126340627670288,303.27996272496017,4.5944737459040335,-279.78811024940956,303.27996272496017,279.78811024940956,212.8914791117455,3.7465418624552393,-286.89407449000043,90.38848361321469,0.8479318834487943,7.105964240590886
96.0,1.2345125675201416,301.1947856294383,4.515795205807866,-281.3152051926864,301.1947856294383,281.3152051926864,212.12420662157692,3.657650726091035,-287.85855750421223,89.07057900786138,0.85814447971683,6.543352311525829
104.0,1.3430241346359253,298.8384366584741,4.430459182037178,-281.7371686617052,298.8384366584741,281.7371686617052,210.83044377884187,3.5647210717029187,-287.82145556168666,88.00799287963224,0.8657381103342592,6.084286899981441
112.0,1.4518362283706665,295.97723323196834,4.360910413638792,-280.9789859989811,295.97723323196834,280.9789859989811,208.88029364394254,3.490539806133533,-286.6927714490529,87.0969395880258,0.8703706075052593,5.713785450071754
120.0,1.5609102249145508,293.1289575087875,4.284666463487588,-279.5995334117405,293.1289575087875,279.5995334117405,206.83868648809147,3.4118737918581887,-285.0233664617009,86.29027102069603,0.8727926716293994,5.423833049960416
128.0,1.6702098846435547,291.0295622268559,4.199358206437141,-278.2986641031462,291.0295622268559,278.2986641031462,205.42616410969657,3.325857750557492,-283.5085048463573,85.60339811715932,0.8735004558796489,5.209840743211062
136.0,1.7796889543533325,289.7394511977586,4.130537680599012,-277.0927090539936,289.7394511977586,277.0927090539936,204.6766759031625,3.25786953388662,-282.1605454600315,85.06277529459615,0.872668146712392,5.067836406037932
144.0,1.8893018960952759,288.75964405781895,4.0654232923130875,-275.83303231170487,288.75964405781895,275.83303231170487,204.10494529598364,3.1946512872777277,-280.82141702489866,84.65469876183528,0.8707720050353598,4.988384713193819
152.0,1.9990034103393555,287.50885317190676,4.000714583257383,-274.2072256150859,287.50885317190676,274.2072256150859,203.18546923854194,3.1327758631233875,-279.1635743897281,84.32338393336482,0.8679387201339956,4.9563487746422314
160.0,2.1087634563446045,285.8570209314546,3.940305065283271,-272.16669290182216,285.8570209314546,272.16669290182216,201.84297778746426,3.075883707749547,-277.12430335922977,84.01404314399035,0.8644213575337241,4.957610457407608
168.0,2.2185678482055664,284.22433288950526,3.875955987605013,-270.1259763225901,284.22433288950526,270.1259763225901,200.51289150829524,3.0155627267919036,-275.1077832647394,83.71144138121002,0.8603932608131095,4.981806942149297
176.0,2.3284103870391846,283.09379471577495,3.8128222208268783,-268.44956256977497,283.09379471577495,268.44956256977497,199.6531275002365,2.956922503229467,-273.47343294069265,83.44066721553843,0.8558997175974112,5.023870370917675
184.0,2.4382786750793457,282.51838343086393,3.759299283686632,-267.1770699238749,282.51838343086393,267.1770699238749,199.2881478400549,2.9080870677344057,-272.25782825660804,83.23023559080903,0.851212215952226,5.080758332733111
192.0,2.548156499862671,282.12157107051576,3.711671359469049,-266.08584780337156,282.12157107051576,266.08584780337156,199.04420792654344,2.8652763830690864,-271.2332242912565,83.07736314397235,0.8463949763999628,5.147376487884902
200.0,2.658029317855835,281.48857849541474,3.667554148845805,-264.90402404784356,281.48857849541474,264.90402404784356,198.5397789657196,2.8260343644422337,-270.12049686235287,82.94879952969517,0.8415197844035716,5.216472814509296
208.0,2.7678916454315186,280.5482678640335,3.625693511181768,-263.58904598891223,280.5482678640335,263.58904598891223,197.73673191183707,2.7890301550715466,-268.8708072615185,82.81153595219645,0.8366633561102212,5.281761272606259
216.0,2.8777458667755127,279.60990595613225,3.582706704497175,-262.38058118699064,279.60990595613225,262.38058118699064,196.9485852637985,2.7508526863346527,-267.72092305652035,82.66132069233376,0.8318540181625225,5.340341869529695
224.0,2.9875991344451904,279.01674359350443,3.542017319306966,-261.5040189176615,279.01674359350443,261.5040189176615,196.49628297877635,2.714927459326045,-266.8969954279628,82.52046061472811,0.8270898599809209,5.392976510301295
232.0,3.0974485874176025,278.79749705945676,3.5075307400597993,-260.9596706438592,278.79749705945676,260.9596706438592,196.38572893181058,2.6850928661415896,-266.4011989512485,82.41176812764618,0.8224378739182099,5.441528307389264
240.0,3.2072913646698,278.67693272308287,3.477951074379014,-260.55317477920846,278.67693272308287,260.55317477920846,196.34177519116716,2.6599736762275037,-266.0389826715705,82.33515753191571,0.8179773981515106,5.4858078923620885
248.0,3.317120313644409,278.35922128698314,3.4513807291216105,-260.07045279695666,278.35922128698314,260.07045279695666,196.0908015823356,2.6376156009130054,-265.5942105307404,82.26841970464757,0.8137651282086054,5.523757733783735
256.0,3.426936388015747,277.80843493463226,3.425540340047684,-259.48399715190067,277.80843493463226,259.48399715190067,195.61854261157794,2.6157582625681126,-265.0375678702372,82.18989232305431,0.8097820774795712,5.553570718336489
264.0,3.5367448329925537,277.2534408480209,3.39917463947301,-258.9516005351465,277.2534408480209,258.9516005351465,195.15527816723676,2.5931686187287406,-264.5271542254524,82.09816268078414,0.8060060207442694,5.575553690305917
272.0,3.646552085876465,276.9338308384409,3.3746312090048702,-258.6250573951737,276.9338308384409,258.6250573951737,194.9230633154095,2.572196579950814,-264.21713342609996,82.01076752303139,0.802434629054056,5.592076030926224
280.0,3.756359338760376,276.8658970480651,3.3544689004623205,-258.500432636011,276.8658970480651,258.500432636011,194.92115627095768,2.5553538026074496,-264.1061183760474,81.94474077710743,0.7991150978548707,5.605685740036418
288.0,3.8661632537841797,276.84780064316897,3.3368149402087792,-258.42914486202386,276.84780064316897,258.42914486202386,194.94785595050485,2.540794088501211,-264.04647229947483,81.89994469266412,0.7960208517075684,5.617327437450966
296.0,3.9759607315063477,276.67276301632575,3.3208651687698856,-258.262904551046,276.67276301632575,258.262904551046,194.81229576897428,2.5276753040121593,-263.88908465844577,81.86046724735147,0.7931898647577262,5.626180107399762
304.0,4.085753440856934,276.32468432144015,3.304906738232182,-257.9906770374393,276.32468432144015,257.9906770374393,194.5133378686794,2.51431513913596,-263.62204764200925,81.81134645276074,0.790591599096222,5.6313706045699465
312.0,4.195545673370361,275.9714521463972,3.288443358100707,-257.7286281032521,275.9714521463972,257.7286281032521,194.21901603674678,2.5002446997939916,-263.3620061204638,81.75243610965043,0.7881986583067153,5.633378017211667
320.0,4.30534029006958,275.7832290880893,3.2729526992291067,-257.587891880373,275.7832290880893,257.587891880373,194.08646368708364,2.4869562826895715,-263.2219051707278,81.69676540100565,0.7859964165395352,5.634013290354815
328.0,4.415138244628906,275.76620334448984,3.259865713481748,-257.5652387880619,275.76620334448984,257.5652387880619,194.1098617406973,2.475860982689684,-263.200253287493,81.65634160379254,0.7840047307920641,5.6350144994311275
336.0,4.524938106536865,275.7738483521846,3.2489931673288903,-257.55471887611674,275.7738483521846,257.55471887611674,194.14326912507158,2.4667675641157762,-263.1915215288547,81.63057922711303,0.7822256032131141,5.636802652737986
344.0,4.634735584259033,275.6612395809541,3.2391733402628686,-257.45726810755303,275.6612395809541,257.45726810755303,194.0533458532792,2.458521757402775,-263.09580567946347,81.6078937276749,0.7806515828600935,5.638537571910461
352.0,4.744533061981201,275.42339996546184,3.22906664317924,-257.2720558482226,275.42339996546184,257.2720558482226,193.84560772929683,2.4498162857712797,-262.911408347416,81.57779223616504,0.7792503574079606,5.639352499193402
360.0,4.854330539703369,275.18445380591584,3.2185307907567697,-257.0883336531251,275.18445380591584,257.0883336531251,193.6438860513249,2.440536391561103,-262.72766625924993,81.54056775459097,0.7779943991956666,5.639332606124794
368.0,4.964132785797119,275.0641117346347,3.2086964589937335,-256.986024093595,275.0641117346347,256.986024093595,193.55838701880194,2.4318254347013974,-262.6255392396592,81.50572471583278,0.7768710242923362,5.6395151460641975
376.0,5.073938369750977,275.0634036011294,3.2004705642551463,-256.9634035188481,275.0634036011294,256.9634035188481,193.5817370892504,2.424590157317584,-262.6042437712078,81.48166651187896,0.7758804069375622,5.640840252359681
384.0,5.183745861053467,275.07533139356576,3.1938525060947702,-256.94445979073157,275.07533139356576,256.94445979073157,193.60770316768713,2.4188211652433043,-262.5877900544647,81.46762822587861,0.775031340851466,5.643330263733123
392.0,5.293552875518799,274.9979104159943,3.18787267859908,-256.8607039429215,274.9979104159943,256.8607039429215,193.54276407137084,2.41356780532364,-262.506860284705,81.45514634462342,0.7743048732754403,5.646156341783504
400.0,5.403360366821289,274.83252628368314,3.1816731646630556,-256.71669832168936,274.83252628368314,256.71669832168936,193.39562049496953,2.4079913768563097,-262.36521844856793,81.4369057887136,0.7736817878067457,5.648520126878569
408.0,5.513167858123779,274.66923428625137,3.1752091409027745,-256.57692218664397,274.66923428625137,256.57692218664397,193.25585793346227,2.4020725273179444,-262.227289666274,81.41337635278911,0.7731366135848299,5.650367479630026
416.0,5.6229777336120605,274.59294718585534,3.169208831735188,-256.4991361645576,274.59294718585534,256.4991361645576,193.20142481492806,2.396551919049294,-262.1514708503197,81.3915223709273,0.772656912685894,5.652334685762065
424.0,5.732788562774658,274.6003738070912,3.1643862438996897,-256.478762620832,274.6003738070912,256.478762620832,193.22315232511494,2.392138904059348,-262.1337627521552,81.37722148197628,0.7722473398403418,5.655000131323158
432.0,5.842601299285889,274.6135669796456,3.1606401777415556,-256.46113268324746,274.6135669796456,256.46113268324746,193.24389163923342,2.388729777546145,-262.11942378621416,81.36967534041219,0.7719104001954109,5.658291102966727
440.0,5.952413558959961,274.5615513214335,3.1573190942683373,-256.3984194756348,274.5615513214335,256.3984194756348,193.19878256602792,2.3856831171136337,-262.05998868931783,81.36276875540557,0.7716359771547039,5.661569213683018
448.0,6.062225818634033,274.4475253715828,3.153767171340915,-256.2952817459527,274.4475253715828,256.2952817459527,193.09613426855887,2.382356967389862,-261.9595336720779,81.35139110302393,0.7714102039510531,5.664251926125212
456.0,6.172037601470947,274.3378212594858,3.149980859319635,-256.1990360635694,274.3378212594858,256.1990360635694,193.00168989448986,2.3787624672353647,-261.86535739334795,81.33613136499592,0.7712183920842701,5.666321329778539
464.0,6.281850337982178,274.290916084761,3.146515782934076,-256.14900062500243,274.290916084761,256.14900062500243,192.96886532012044,2.3754600728246817,-261.81725085539034,81.32205076464058,0.7710557101093944,5.668250230387885
472.0,6.39166259765625,274.30292843168957,3.1438260083784906,-256.1408321096466,274.30292843168957,256.1408321096466,192.98965726643445,2.372902674230542,-261.81129178722426,81.31327116525509,0.7709233341479487,5.6704596775776395
480.0,6.501474857330322,274.3168145985842,3.1418477172971837,-256.13406542982744,274.3168145985842,256.13406542982744,193.00771992059657,2.3710247807592477,-261.8069713253945,81.3090946779876,0.7708229365379362,5.6729058955670775
488.0,6.611292362213135,274.28264297788337,3.140081768139529,-256.0950016598515,274.28264297788337,256.0950016598515,192.9775622677518,2.369332821321134,-261.7701528688863,81.30508071013158,0.7707489468183948,5.675151209034821
496.0,6.721105098724365,274.2051679329031,3.138072246687612,-256.0286121818802,274.2051679329031,256.0286121818802,192.9074773666777,2.36737952261179,-261.7054291652634,81.29769056622541,0.7706927240758219,5.676816983383241
504.0,6.8309173583984375,274.131888857184,3.1358248597599854,-255.96813402077052,274.131888857184,255.96813402077052,192.84438920916938,2.365181031083362,-261.6460717585314,81.28749964801463,0.7706438286766235,5.6779377377608595
512.0,6.94072961807251,274.1046567122851,3.133767242660837,-255.9417420718557,274.1046567122851,255.9417420718557,192.82644341190587,2.3631656847541613,-261.620629370838,81.27821330037918,0.7706015579066756,5.678887298982298
520.0,7.050547122955322,274.1181404445374,3.1322025616815097,-255.94423563728424,274.1181404445374,255.94423563728424,192.84543272889957,2.3616333972134638,-261.6242254995134,81.27270771563782,0.7705691644680457,5.679989862229137
528.0,7.160359859466553,274.1312744465562,3.131079798619605,-255.94645065290274,274.1312744465562,255.94645065290274,192.8609109054189,2.360530282103415,-261.62767690416246,81.27036354113727,0.77054951651619,5.681226251259727
536.0,7.270172119140625,274.1091285254895,3.130026348511521,-255.92471788706803,274.1091285254895,255.92471788706803,192.84114691232736,2.359487587982202,-261.6070190842821,81.26798161316214,0.770538760529319,5.682301197214091
544.0,7.379984378814697,274.05621203018165,3.1287594141576798,-255.8830755889399,274.05621203018165,255.8830755889399,192.79311525794597,2.35822773421342,-261.56604539766863,81.26309677223566,0.7705316799442596,5.682969808728725
552.0,7.489803314208984,274.00751910250403,3.127262324981853,-255.84623346670642,274.00751910250403,255.84623346670642,192.751276745695,2.3567397375057517,-261.52951650098095,81.25624235680903,0.770522587476101,5.683283034274529
560.0,7.599615573883057,273.9919401771357,3.1258961446503366,-255.83324778522413,273.9919401771357,255.83324778522413,192.7418392656722,2.3553841392190935,-261.5167721805914,81.25010091146348,0.7705120054312431,5.683524395367256
568.0,7.70943021774292,274.00483987143434,3.1248330458934843,-255.83998201522834,274.00483987143434,255.83998201522834,192.75815206919344,2.3543309613743366,-261.5239119560066,81.24668780224093,0.7705020845191479,5.683929940778266
576.0,7.819244861602783,274.01591263934085,3.124073318528874,-255.84484140107858,274.01591263934085,255.84484140107858,192.77044431736186,2.3535773403956934,-261.5293213982661,81.24546832197896,0.7704959781331806,5.684479997187543
584.0,7.9290618896484375,274.00117697531095,3.1233418156654933,-255.83178359676734,274.00117697531095,255.83178359676734,192.75706313247633,2.3528486416857444,-261.516745518641,81.24411384283462,0.7704931739797491,5.68496192187369
592.0,8.038874626159668,273.9645116416469,3.122416787775369,-255.80401293661475,273.9645116416469,255.80401293661475,192.72359550199212,2.3519283750893245,-261.48921793167904,81.24091613965476,0.7704884126860445,5.685204995064293
600.0,8.148686408996582,273.93192201266135,3.1213562725021813,-255.7800516926269,273.93192201266135,255.7800516926269,192.69557953013833,2.3508767312907097,-261.4653037202702,81.23634248252303,0.7704795412114718,5.68525202764328
608.0,8.258502006530762,273.9230768490677,3.1203773764947433,-255.77276012815727,273.9230768490677,255.77276012815727,192.69073937232272,2.349910205173358,-261.45806395561203,81.23233747674499,0.7704671713213858,5.685303827454751
616.0,8.36832332611084,273.9338424891573,3.119598966387079,-255.77876200051168,273.9338424891573,255.77876200051168,192.70356348476201,2.349145196761461,-261.46428142167844,81.23027900439527,0.7704537696256182,5.685519421166761
624.0,8.478140830993652,273.9424863699212,3.1190594866413637,-255.78261252114265,273.9424863699212,255.78261252114265,192.71274654557507,2.3486185262143406,-261.4684863135224,81.22973982434614,0.770440960427023,5.685873792379763
632.0,8.587958335876465,273.9321493538523,3.1185132939315046,-255.7730303336214,273.9321493538523,255.7730303336214,192.7031231203686,2.348082845494505,-261.45923567231256,81.22902623348375,0.7704304484369997,5.686205338691154
640.0,8.697775840759277,273.90661867205176,3.1178265212497713,-255.75328844846965,273.90661867205176,255.75328844846965,192.67965796534887,2.3474107807549096,-261.43967816084717,81.22696070670293,0.7704157404948615,5.686389712377529
648.0,8.807585716247559,273.88444524482213,3.1170704495604573,-255.73638457418912,273.88444524482213,255.73638457418912,192.66051976292468,2.346671170814,-261.4228403475552,81.22392548189748,0.7703992787464573,5.686455773366092
656.0,8.917403221130371,273.87946139954386,3.1163511172583327,-255.73153734321141,273.87946139954386,255.73153734321141,192.65813578143724,2.3459721788866053,-261.4180818011445,81.22132561810663,0.7703789383717274,5.686544457933122
664.0,9.027220726013184,273.88808998503777,3.115828066687997,-255.7358613597359,273.88808998503777,255.7358613597359,192.66796169636257,2.345470032603556,-261.42262373609276,81.22012828867518,0.7703580340844409,5.686762376356858
672.0,9.137038230895996,273.8943795138826,3.1154303740870257,-255.73811088997115,273.8943795138826,255.73811088997115,192.67443143642345,2.34509182442309,-261.4251875083527,81.21994807745915,0.7703385496639359,5.687076618381537
680.0,9.246848106384277,273.8872144768618,3.115069476698876,-255.73094981850195,273.8872144768618,255.73094981850195,192.66761298845853,2.3447501976759813,-261.41832341424646,81.21960148840328,0.770319279022895,5.687373595744492
688.0,9.35666561126709,273.8691459512472,3.1145719465162984,-255.71645431743113,273.8691459512472,255.71645431743113,192.6508993987938,2.344272617686068,-261.40401230862153,81.21824655245341,0.7702993288302302,5.687557991190392
696.0,9.466483116149902,273.8541181440457,3.114040928727975,-255.7046032741779,273.8541181440457,255.7046032741779,192.63789185537115,2.3437639071823284,-261.3922607021838,81.21622628867452,0.7702770215456467,5.687657428005897
704.0,9.576300621032715,273.85149314880323,3.1135498800580965,-255.70142270468156,273.85149314880323,255.70142270468156,192.63696410316982,2.3432957470359046,-261.38919003994425,81.21452904563344,0.7702541330221921,5.6877673352626905
712.0,9.686111450195312,273.8581319273536,3.11319460511597,-255.70462146697562,273.8581319273536,255.70462146697562,192.64429475989124,2.34296412317366,-261.3925842507874,81.21383716746234,0.77023048194231,5.687962783811806
720.0,9.795928955078125,273.8628984235602,3.1129372676661173,-255.70634681208747,273.8628984235602,255.70634681208747,192.64906805261182,2.342728608344685,-261.39456307051324,81.21383037094834,0.7702086593214321,5.688216258425758
728.0,9.905746459960938,273.8577165570892,3.1126899963581742,-255.70107184274144,273.8577165570892,255.70107184274144,192.64405240062896,2.3425012095307918,-261.3895163813976,81.21366415646021,0.7701887868273822,5.688444538656149
736.0,10.01556396484375,273.8450751814214,3.112365231381661,-255.6909061470261,273.8450751814214,255.6909061470261,192.63230980374772,2.3421975342948804,-261.3794903965524,81.21276537767369,0.7701676970867808,5.68858424952629
744.0,10.12537670135498,273.8350724473104,3.112006648455227,-255.68298821600945,273.8350724473104,255.68298821600945,192.62366652679822,2.341859891635358,-261.37164596834504,81.21140592051214,0.770146756819869,5.688657752335587
752.0,10.235194206237793,273.833782789839,3.111689018750968,-255.68126760823571,273.833782789839,255.68126760823571,192.6234910960112,2.3415636255501746,-261.3700003106291,81.21029169382781,0.7701253932007937,5.688732702393405
760.0,10.345011711120605,273.8389866993658,3.1114601700324034,-255.68390543941106,273.8389866993658,255.68390543941106,192.6290978944549,2.341355500963602,-261.372771885782,81.20988880491095,0.7701046690688018,5.688866446370963
768.0,10.454829216003418,273.84233272465667,3.111290337314275,-255.68520217844042,273.84233272465667,255.68520217844042,192.63238496937967,2.341204485386456,-261.37423526384106,81.20994775527697,0.7700858519278189,5.689033085400636
776.0,10.564641952514648,273.83875652176437,3.1111261345432943,-255.6816571072611,273.83875652176437,255.6816571072611,192.62888355695185,2.3410580876030678,-261.3708363105406,81.20987296481255,0.7700680469402268,5.689179203279496
784.0,10.674458503723145,273.83002906288465,3.110927224487851,-255.67483045301103,273.83002906288465,255.67483045301103,192.6207617318044,2.34087566130174,-261.3640881787393,81.20926733108024,0.7700515631861111,5.689257725728247
792.0,10.784271240234375,273.8234561438103,3.1106748132977824,-255.66973642949327,273.8234561438103,255.66973642949327,192.61510505490688,2.340639686153031,-261.3590272251521,81.20835108890344,0.7700351271447514,5.689290795658819
800.0,10.894083976745605,273.822868489116,3.1104965605587553,-255.66867099814772,273.822868489116,255.66867099814772,192.61524072486333,2.3404786515122096,-261.35800113655813,81.20762776425266,0.7700179090465455,5.689330138410426
808.0,11.00390338897705,273.8268367718637,3.1103431147472564,-255.67096734026705,273.8268367718637,255.67096734026705,192.6194329817752,2.34033953493588,-261.3603740944546,81.20740379008855,0.770003579811376,5.689406754187534
816.0,11.113716125488281,273.8292012834813,3.110255295462354,-255.67204361659338,273.8292012834813,255.67204361659338,192.6217231368915,2.3402653667390756,-261.36154987259147,81.20747814658984,0.7699899287232785,5.689506255998072
824.0,11.223528861999512,273.8266754342124,3.1101539542321115,-255.66956532347913,273.8266754342124,255.66956532347913,192.61923025723937,2.3401762283959116,-261.3591580892851,81.20744517697305,0.7699777258361999,5.6895927658059495
832.0,11.333340644836426,273.8204446964607,3.11003406038195,-255.664618880935,273.8204446964607,255.664618880935,192.6134065885704,2.3400679419999206,-261.3542516270629,81.20703810789028,0.7699661183820292,5.689632746127934
840.0,11.443169593811035,273.81625456725794,3.109853021386329,-255.66154400618376,273.81625456725794,255.66154400618376,192.60983200893077,2.3398976707411157,-261.3511898754692,81.20642255832719,0.7699553506452133,5.689645869285408
848.0,11.552982330322266,273.8160472771947,3.109734090477967,-255.66097457924988,273.8160472771947,255.66097457924988,192.61009581409297,2.339789642971206,-261.35063783060383,81.20595146310173,0.7699444475067609,5.68966325135394
856.0,11.662795066833496,273.81900019466553,3.109647995074713,-255.66256116769705,273.81900019466553,255.66256116769705,192.61316612940755,2.339712973942073,-261.35227702495104,81.20583406525799,0.7699350211326403,5.6897158572539945
864.0,11.77260684967041,273.82071691758847,3.1096030685692893,-255.66330408932865,273.82071691758847,255.66330408932865,192.6147974070147,2.3396764308970677,-261.353086299978,81.20591951057375,0.7699266376722216,5.689782210649335
872.0,11.88243579864502,273.81881262591935,3.1095303426736063,-255.66146343499915,273.81881262591935,255.66146343499915,192.6128983825675,2.3396114408220043,-261.3513054515147,81.20591424335188,0.7699189018516022,5.689842016515552
880.0,11.99224853515625,273.8145488466019,3.1094499964439883,-255.6579434424164,273.8145488466019,255.6579434424164,192.60890947014215,2.3395380552409066,-261.3478147794632,81.20563937645973,0.7699119412030817,5.689871337046787
888.0,12.10206127166748,273.8117593655618,3.109337344344305,-255.6558610278486,273.8117593655618,255.6558610278486,192.60652440490435,2.3394320791281604,-261.34574503986283,81.20523496065745,0.7699052652161447,5.689884012014221
896.0,12.211873054504395,273.811768833595,3.1092703043918553,-255.65535109823378,273.811768833595,255.65535109823378,192.60683636529626,2.3393718749601193,-261.3452543799677,81.20493246829875,0.7698984294317359,5.689903281733909
904.0,12.321703910827637,273.8137343762545,3.1092134202960313,-255.65635294664708,273.8137343762545,255.65635294664708,192.6088616337559,2.339320309463165,-261.3462993395226,81.20487274249857,0.7698931108328664,5.689946392875516
912.0,12.43151569366455,273.81494778036716,3.1091861081177705,-255.6569338165887,273.81494778036716,255.6569338165887,192.61000646244256,2.339298472079392,-261.346930292813,81.20494131792461,0.7698876360383786,5.689996476224304
920.0,12.541328430175781,273.81374555356354,3.1091539858702815,-255.6555976472796,273.81374555356354,255.6555976472796,192.60879257480508,2.339270605563149,-261.34564207300855,81.20495297875848,0.7698833803071328,5.690044425728949
928.0,12.651141166687012,273.810925744111,3.1090867431347218,-255.65314524995392,273.810925744111,255.65314524995392,192.60614325316578,2.339207512783983,-261.3432165274489,81.2047824909452,0.7698792303507389,5.690071277494954
936.0,12.760970115661621,273.8088428284084,3.109017201870717,-255.6515096595205,273.8088428284084,255.6515096595205,192.6043227309135,2.339142000910542,-261.34159753834757,81.20452009749486,0.769875200960175,5.690087878827053
944.0,12.870781898498535,273.80893456448587,3.1089787621259752,-255.65125180438068,273.80893456448587,255.65125180438068,192.60461540480713,2.339107085102712,-261.3413573991961,81.2043191596787,0.7698716770232632,5.690105594815445
952.0,12.980594635009766,273.81011973240214,3.1089381530215494,-255.65158145371774,273.81011973240214,255.65158145371774,192.6058454895304,2.339069897845726,-261.3417220459189,81.20427424287176,0.7698682551758234,5.690140592201169
960.0,13.090407371520996,273.8109514497667,3.1089271765956106,-255.65197597899004,273.8109514497667,255.65197597899004,192.60662709494903,2.339062043046519,-261.3421579546852,81.20432435481769,0.7698651335490918,5.690181975695173
968.0,13.200237274169922,273.8106768185817,3.108913838780701,-255.65139258614948,273.8106768185817,255.65139258614948,192.60631814448516,2.3390509068534,-261.34161266273435,81.20435867409658,0.7698629319273012,5.69022007658487
976.0,13.310050010681152,273.80873447549766,3.1088807987244564,-255.64956399459558,273.80873447549766,255.64956399459558,192.6044592487694,2.3390200459794968,-261.3398116755492,81.20427522672827,0.7698607527449595,5.690247680953597
984.0,13.419861793518066,273.8073429497159,3.1088296928722716,-255.64848172403057,273.8073429497159,255.64848172403057,192.60322857792042,2.338971178957114,-261.33874655500654,81.20411437179553,0.7698585139151579,5.690264830975958
992.0,13.529674530029297,273.80677751416164,3.108794498161747,-255.6477763089195,273.80677751416164,255.6477763089195,192.60281610442715,2.3389377063047014,-261.33805512458304,81.20396140973448,0.7698567918570458,5.69027881566354
1000.0,13.639503479003906,273.80747666456773,3.108789160458314,-255.6478956816187,273.80747666456773,255.6478956816187,192.60357117123806,2.338934539951553,-261.3381980874169,81.20390549332964,0.7698546205067613,5.690302405798197
1008.0,13.749316215515137,273.80828382157756,3.108778857848133,-255.6481390693979,273.80828382157756,255.6481390693979,192.60434984564432,2.3389264390150504,-261.3384749652985,81.20393397593327,0.7698524188330829,5.690335895900576
1016.0,13.85912799835205,273.808390746183,3.1087854087943603,-255.64797812598712,273.808390746183,255.64797812598712,192.60441255871893,2.3389338849874837,-261.33834380954664,81.20397818746406,0.7698515238068768,5.690365683559512
1024.0,13.968940734863281,273.8075537653334,3.108745627855339,-255.64711211560154,273.8075537653334,255.64711211560154,192.6035845741967,2.3388961070150627,-261.33750297798787,81.20396919113668,0.7698495208402767,5.690390862386325
1032.0,14.078774452209473,273.80644197356736,3.108723949345452,-255.64594429920268,273.80644197356736,255.64594429920268,192.60254683428357,2.3388757987040414,-261.33635552342207,81.2038951392838,0.7698481506414105,5.6904112242193765
1040.0,14.188591003417969,273.80575203001496,3.1087051144431066,-255.64540907526452,273.80575203001496,255.64540907526452,192.6019545003711,2.338857345410577,-261.3358309303168,81.20379752964384,0.7698477690325296,5.690421855052238
1048.0,14.298407554626465,273.80563379220973,3.108667824920032,-255.64509673555398,273.80563379220973,255.64509673555398,192.60191476723452,2.3388227494011224,-261.33553155371237,81.20371902497521,0.7698450755189095,5.6904348181584075
1056.0,14.408222198486328,273.805844442131,3.1086852924626966,-255.64492310129503,273.805844442131,255.64492310129503,192.6021592163804,2.3388407858547757,-261.3353751368072,81.2036852257506,0.7698445066079209,5.690452035512176
1064.0,14.518038749694824,273.8063331094005,3.108667121541095,-255.64489758492095,273.8063331094005,255.64489758492095,192.60262673098777,2.338822713707514,-261.33537539698017,81.2037063784127,0.7698444078335811,5.6904778120592185
1072.0,14.627856254577637,273.8063233994893,3.1086496525416214,-255.64474211969974,273.8063233994893,255.64474211969974,192.6025990239167,2.338808686174491,-261.3352405083358,81.20372437557262,0.7698409663671306,5.690498388636067
1080.0,14.737671852111816,273.80603112494407,3.108659522393199,-255.64428100008425,273.80603112494407,255.64428100008425,192.60229453347205,2.338817653117951,-261.3348006950015,81.20373659147202,0.769841869275248,5.690519694917249
1088.0,14.847488403320312,273.80577347784333,3.108615344882703,-255.64393504999072,273.80577347784333,255.64393504999072,192.60205578687055,2.338775393356533,-261.33447100586903,81.20371769097281,0.7698399515261702,5.690535955878309
1096.0,14.95730972290039,273.8052649846828,3.108619868149222,-255.6432684137415,273.8052649846828,255.6432684137415,192.60157490071953,2.3387813692168606,-261.33382241770715,81.20369008396332,0.769838498932361,5.6905540039656515
1104.0,15.067126274108887,273.80496584159505,3.108602153294459,-255.64297229170535,273.80496584159505,255.64297229170535,192.6013191388128,2.33876367671532,-261.3335375424243,81.20364670278225,0.7698384765791391,5.6905652507189695
1112.0,15.176941871643066,273.8046979998673,3.108576545409111,-255.64260705208852,273.8046979998673,255.64260705208852,192.6010914812251,2.338739690841014,-261.3331827011598,81.20360651864222,0.7698368545680969,5.690575649071251
1120.0,15.286758422851562,273.8047570704477,3.108585828528448,-255.64238922616008,273.8047570704477,255.64238922616008,192.60116237686213,2.3387501417800505,-261.33297937751195,81.20359469358556,0.7698356867483973,5.69059015135186
1128.0,15.396574974060059,273.8048294064445,3.108575211372022,-255.6421559003377,273.8048294064445,255.6421559003377,192.60123644765258,2.338739862890463,-261.3327623161859,81.20359295879194,0.7698353484815592,5.690606415848187
1136.0,15.506392478942871,273.80470583278236,3.108566084071125,-255.64183836538695,273.80470583278236,255.64183836538695,192.6011139569988,2.338732390279374,-261.33246185046175,81.20359187578359,0.7698336937917507,5.690623485074823
1144.0,15.6162109375,273.80479559492596,3.1085755373535866,-255.6417451250704,273.80479559492596,255.6417451250704,192.60119883264176,2.338742704086407,-261.33238407443577,81.20359676228418,0.7698328332671796,5.690638949365356
1152.0,15.726025581359863,273.80464972522213,3.1085638046374933,-255.64137262011505,273.80464972522213,255.64137262011505,192.60105082364606,2.338731564722204,-261.3320273277934,81.20359890157607,0.7698322399152895,5.690654707678361
1160.0,15.835844993591309,273.80458783360626,3.1085517303045647,-255.64113516207874,273.80458783360626,255.64113516207874,192.6009867215627,2.3387209287505284,-261.33180459237866,81.20360111204356,0.769830801554036,5.690669430299932
1168.0,15.945660591125488,273.80430116761414,3.108548894299063,-255.64074227344403,273.80430116761414,255.64074227344403,192.60070865446403,2.338718861449639,-261.33142553458646,81.20359251315011,0.7698300328494241,5.690683261142418
1176.0,16.055477142333984,273.8043127825712,3.108534560523155,-255.64058705642182,273.8043127825712,255.64058705642182,192.60073133890668,2.3387046039799926,-261.3312819973728,81.20358144366446,0.7698299565431626,5.690694940950967
1184.0,16.165292739868164,273.8042114261007,3.108536983345716,-255.64031847567728,273.8042114261007,255.64031847567728,192.60063264565758,2.3387084952273804,-261.3310266954872,81.20357878044315,0.7698284881183357,5.690708219809917
1192.0,16.275110244750977,273.8040087221859,3.1085347861713544,-255.63996096450083,273.8040087221859,255.63996096450083,192.600442472096,2.3387074378976953,-261.33068127831046,81.20356625008995,0.7698273482736588,5.69072031380964
1200.0,16.384925842285156,273.80395692815273,3.1085324017871985,-255.63979345068563,273.80395692815273,255.63979345068563,192.60039041195816,2.3387054132630998,-261.33052622699387,81.2035665161946,0.7698269885240985,5.690732776308245
1208.0,16.494741439819336,273.80375417654625,3.108509192067584,-255.6394488472077,273.80375417654625,255.6394488472077,192.60020330809783,2.3386835266972277,-261.3301924889551,81.20355086844839,0.7698256653703563,5.69074364174741
1216.0,16.60456085205078,273.80382383035976,3.108514446004912,-255.63936099537648,273.80382383035976,255.63936099537648,192.60027368106972,2.338689358419545,-261.3301159252254,81.20355014929007,0.7698250875853669,5.690754929848932
1224.0,16.714380264282227,273.80381989943567,3.1085130518312405,-255.63915726764574,273.80381989943567,255.63915726764574,192.6002674964168,2.3386886805230698,-261.32992459973866,81.20355240301888,0.7698243713081707,5.690767332092921
1232.0,16.82419776916504,273.8036188025505,3.108497760697086,-255.63881157263475,273.8036188025505,255.63881157263475,192.600071485701,2.3386742894772454,-261.329591130959,81.20354731684948,0.7698234712198406,5.690779558324248
1240.0,16.934017181396484,273.8036778084628,3.1085069805602177,-255.63868846973105,273.8036778084628,255.63868846973105,192.6001341549266,2.338684356222208,-261.3294784146824,81.20354365353619,0.7698226243380097,5.6907899449513595
1248.0,17.043834686279297,273.80361047494836,3.108509044095981,-255.63841315518704,273.80361047494836,255.63841315518704,192.6000603073009,2.3386869700689727,-261.32921564230054,81.20355016764745,0.7698220740270081,5.69080248711351
1256.0,17.153654098510742,273.80345502217796,3.108505306892667,-255.6381656704278,273.80345502217796,255.6381656704278,192.5999030578319,2.3386846715306695,-261.32898005805663,81.20355196434605,0.7698206353619972,5.690814387628828
1264.0,17.263471603393555,273.80333017798375,3.108501009231368,-255.6379213329255,273.80333017798375,255.6379213329255,192.59979023777456,2.338680476923899,-261.3287448717239,81.20353994020923,0.7698205323074687,5.69082353879843
1272.0,17.373289108276367,273.8033321023188,3.108486849746889,-255.637786465921,273.8033321023188,255.637786465921,192.59979262957862,2.338667049667835,-261.3286201565493,81.2035394727402,0.7698198000790542,5.690833690628256
1280.0,17.483108520507812,273.8032227847775,3.1084870795349104,-255.63754987276022,273.8032227847775,255.63754987276022,192.59968294117493,2.3386687509130497,-261.32839451875697,81.20353984360261,0.7698183286218605,5.690844645996739
1288.0,17.59291648864746,273.80307939864565,3.1084698832432536,-255.63730753090863,273.80307939864565,255.63730753090863,192.5995501350273,2.3386519363675684,-261.3281609560622,81.20352926361832,0.7698179468756852,5.690853425153588
1296.0,17.702735900878906,273.80307169208066,3.1084610789514864,-255.6371869784617,273.80307169208066,255.6371869784617,192.59954135585713,2.338643945329476,-261.3280501147908,81.20353033622355,0.7698171336220108,5.690863136329101
1304.0,17.81255340576172,273.80311528028426,3.108457381436493,-255.63707007600834,273.80311528028426,255.63707007600834,192.5995820737491,2.338641165628715,-261.3279429827347,81.20353320653516,0.7698162158077779,5.690872906726378
1312.0,17.92237091064453,273.8029742385138,3.10846200420175,-255.636771739581,273.8029742385138,255.636771739581,192.5994390539885,2.3386460201290302,-261.32765558465894,81.20353518452526,0.7698159840727197,5.690883845077937
1320.0,18.032188415527344,273.8030449706686,3.1084499122277442,-255.6366920825121,273.8030449706686,255.6366920825121,192.59950749946555,2.338634520735381,-261.3275852921308,81.20353747120308,0.7698153914923631,5.690893209618667
1328.0,18.14200782775879,273.802898341443,3.108448889586114,-255.6364217573321,273.802898341443,255.6364217573321,192.59935599725893,2.3386344037542925,-261.3273261780047,81.20354234418409,0.7698144858318214,5.690904420672579
1336.0,18.2518253326416,273.8028978916267,3.1084474135447753,-255.63629344210347,273.8028978916267,255.63629344210347,192.5993530228406,2.338633718812282,-261.3272075117284,81.20354486878611,0.7698136947324932,5.690914069624902
1344.0,18.361642837524414,273.8029832402472,3.108452842043827,-255.63618576674426,273.8029832402472,255.63618576674426,192.59943166552384,2.3386392453180394,-261.32710986448285,81.20355157472339,0.7698135967257875,5.690924097738588
1352.0,18.471450805664062,273.8027164334609,3.108450972863916,-255.63586523491233,273.8027164334609,255.63586523491233,192.5991646364157,2.3386387562356394,-261.326798808627,81.20355179704518,0.7698122166282764,5.690933573714682
1360.0,18.581270217895508,273.80267300184363,3.1084466112550233,-255.63571613631058,273.80267300184363,255.63571613631058,192.59912970886978,2.3386343675409194,-261.3266569063256,81.20354329297383,0.769812243714104,5.690940770015014
1368.0,18.69108772277832,273.8026742156337,3.1084357307556836,-255.63557341001857,273.8026742156337,255.63557341001857,192.59912932381997,2.338624229455197,-261.326522532237,81.20354489181375,0.7698115013004867,5.690949122218429
1376.0,18.800905227661133,273.80256258637166,3.108448317047953,-255.63536321628797,273.80256258637166,255.63536321628797,192.59901573432126,2.338637731544329,-261.3263219056438,81.20354685205038,0.7698105855036239,5.690958689355827
1384.0,18.910722732543945,273.8025692796811,3.1084283096568566,-255.6352162169774,273.8025692796811,255.6352162169774,192.59902422759765,2.338617556625435,-261.3261829935736,81.20354505208344,0.769810753031422,5.690966776596195
1392.0,19.020544052124023,273.8025503826135,3.1084249727334066,-255.6350872767532,273.8025503826135,255.6350872767532,192.5989996342475,2.3386153411372224,-261.3260629344803,81.20355074836601,0.7698096315961842,5.690975657727117
1400.0,19.130361557006836,273.80233804984465,3.1084295362562546,-255.63481736744657,273.80233804984465,255.63481736744657,192.59879150622663,2.338620097746591,-261.32580109187154,81.20354654361803,0.7698094385096639,5.690983724424955
1408.0,19.24017906188965,273.80245521281023,3.1084131892123907,-255.63478862135335,273.80245521281023,255.63478862135335,192.59890957626618,2.338604798603812,-261.3257796770396,81.20354563654405,0.7698083906085786,5.690991055686235
1416.0,19.34998893737793,273.8024566146453,3.1084365560787415,-255.63465193792692,273.8024566146453,255.63465193792692,192.598899891953,2.3386284340895434,-261.32565218208845,81.20355672269228,0.7698081219891979,5.691000244161524
1424.0,19.459806442260742,273.80220207563775,3.1084140195390155,-255.6343604185048,273.80220207563775,255.6343604185048,192.59864949545295,2.338606177457248,-261.32536851810437,81.20355258018478,0.7698078420817676,5.6910080995995695
1432.0,19.569623947143555,273.8022061267809,3.1084047273411217,-255.6342867242147,273.8022061267809,255.6342867242147,192.59865941091664,2.3385978636875397,-261.32530146574885,81.20354671586428,0.7698068636535818,5.691014741534172
1440.0,19.679441452026367,273.8023361076506,3.108400787971471,-255.63423694117083,273.8023361076506,255.63423694117083,192.59878271172923,2.3385940805244005,-261.32525973053157,81.20355339592138,0.76980670744707,5.691022789360735
1448.0,19.78925895690918,273.80241316326453,3.1084074657367737,-255.6341707871278,273.80241316326453,255.6341707871278,192.59884348731538,2.3386012120003943,-261.3252033378096,81.20356967594913,0.7698062537363795,5.691032550681829
1456.0,19.899078369140625,273.8022252275045,3.108404978922849,-255.63386724421994,273.8022252275045,255.63386724421994,192.5986522614041,2.3385991491284033,-261.32490810809344,81.20357296610037,0.7698058297944459,5.691040863873489
1464.0,20.008895874023438,273.80221849520444,3.1084108164033823,-255.63373185036033,273.80221849520444,255.63373185036033,192.59864290581567,2.3386054477741105,-261.32478095623384,81.2035755893888,0.7698053686292721,5.691049105873506
1472.0,20.11871337890625,273.8021675258052,3.108407629443719,-255.6335361763132,273.8021675258052,255.6335361763132,192.5985883046447,2.338602955207263,-261.32459377343105,81.20357922116051,0.7698046742364559,5.691057597117833
1480.0,20.228525161743164,273.8019597898291,3.1083941130650254,-255.6333396489851,273.8019597898291,255.6333396489851,192.59838431886638,2.338589870152213,-261.3244043424698,81.2035754709627,0.7698042429128125,5.691064693484687
1488.0,20.338342666625977,273.80199293371425,3.1083860304914577,-255.63325370956215,273.80199293371425,255.63325370956215,192.59842530977556,2.3385823071972855,-261.3243237705217,81.20356762393871,0.7698037232941719,5.69107006095953
1496.0,20.44816017150879,273.8021524814156,3.108394929981629,-255.6333097802513,273.8021524814156,255.6333097802513,192.59857345465954,2.3385918026408863,-261.32438734086776,81.20357902675605,0.7698031273407426,5.691077560616461
1504.0,20.5579776763916,273.8018769795565,3.108388924940347,-255.63295813136435,273.8018769795565,255.63295813136435,192.59829608587773,2.3385861459434576,-261.32404303069217,81.20358089367872,0.7698027789968898,5.691084899327829
1512.0,20.667795181274414,273.80206791624994,3.1083824902912536,-255.63299445693667,273.80206791624994,255.63299445693667,192.59848716129773,2.3385801648194593,-261.3240858475999,81.20358075495224,0.7698023254717941,5.691091390663254
1520.0,20.777612686157227,273.8019889508306,3.1083848052214993,-255.63278522060747,273.8019889508306,255.63278522060747,192.59839750427054,2.3385827237244277,-261.32388484823724,81.20359144656005,0.7698020814970719,5.691099627629772
1528.0,20.887432098388672,273.8019166651947,3.1083829743330402,-255.63260926336008,273.8019166651947,255.63260926336008,192.59832261208646,2.3385814255197066,-261.32371710565366,81.20359405310825,0.7698015488133336,5.69110784229357
1536.0,20.997249603271484,273.80178400080774,3.108385736394496,-255.63242728219083,273.80178400080774,255.63242728219083,192.59819122736656,2.338584897115556,-261.3235420794261,81.20359277344119,0.7698008392789397,5.6911147972352545
1544.0,21.1070613861084,273.80178062675,3.108379478247323,-255.6323197453295,273.80178062675,255.6323197453295,192.59818929315415,2.338578931479095,-261.3234407079868,81.20359133359585,0.7698005467682278,5.691120962657258
1552.0,21.21687889099121,273.80193419820637,3.1083770438536904,-255.63234726371246,273.80193419820637,255.63234726371246,192.5983322606209,2.3385768726679803,-261.32347633943624,81.20360193758547,0.7698001711857103,5.6911290757237705
1560.0,21.326696395874023,273.801761170758,3.1083678143701414,-255.63208894175344,273.801761170758,255.63208894175344,192.5981546583162,2.3385682647817365,-261.3232253373735,81.20360651244181,0.7697995495884047,5.691136395620067
1568.0,21.436508178710938,273.80160555765406,3.108366672080755,-255.63190419638073,273.80160555765406,255.63190419638073,192.59800475496735,2.338567604187047,-261.3230461723534,81.2036008026867,0.7697990678937081,5.691141975972651
1576.0,21.54631996154785,273.8015187689567,3.1083501517859338,-255.6317657793665,273.8015187689567,255.6317657793665,192.5979253203937,2.338551381275474,-261.3229126898525,81.20359344856305,0.7697987705104594,5.691146910486005
1584.0,21.65613555908203,273.80167088082226,3.1083519249696123,-255.6318252067529,273.80167088082226,255.6318252067529,192.5980736930042,2.338553493416429,-261.3229779582609,81.20359718781802,0.7697984315531832,5.691152751507999
1592.0,21.765947341918945,273.80178857772205,3.108353437251499,-255.6317733756779,273.80178857772205,255.6317733756779,192.59817674970657,2.3385553443329026,-261.3229335787986,81.20361182801545,0.7697980929185966,5.691160203120678
1600.0,21.875761032104492,273.8016978334053,3.1083668921830885,-255.63156560648642,273.8016978334053,255.63156560648642,192.5980762682088,2.338569161479407,-261.32273400730764,81.20362156519646,0.7697977307036814,5.691168400821216
1608.0,21.985595703125,273.80156262239495,3.1083559454704104,-255.6313974458404,273.80156262239495,255.6313974458404,192.59794043591,2.338558474697846,-261.3225719089402,81.20362218648495,0.7697974707725646,5.69117446309977
1616.0,22.095407485961914,273.80144831891187,3.1083472268740815,-255.63125690921404,273.80144831891187,255.63125690921404,192.59782989986485,2.3385501434459757,-261.3224370852524,81.20361841904702,0.7697970834281058,5.6911801760383405
1624.0,22.20522117614746,273.80138238835974,3.108326777686134,-255.63115043334014,273.80138238835974,255.63115043334014,192.59776893192418,2.338530095060615,-261.32233543003,81.20361345643558,0.7697966826255191,5.691184996689871
1632.0,22.315032958984375,273.8014478374794,3.1083181039150407,-255.6310994736719,273.8014478374794,255.6310994736719,192.59783193540576,2.338521677619956,-261.32229003104607,81.20361590207362,0.7697964262950845,5.691190557374163
1640.0,22.42484474182129,273.801499512017,3.10832066002836,-255.63105946147712,273.801499512017,255.63105946147712,192.59787412430194,2.3385242672653557,-261.322257036828,81.20362538771508,0.7697963927630045,5.6911975753508575
1648.0,22.534658432006836,273.8015730815768,3.1083272941800715,-255.6309748935453,273.8015730815768,255.6309748935453,192.59793628024073,2.3385312900926816,-261.3221798030807,81.20363680133609,0.7697960040873901,5.691204909535397
1656.0,22.64447021484375,273.80147302118957,3.108337554407706,-255.63082131598998,273.80147302118957,255.63082131598998,192.59782786155154,2.338541771734419,-261.32203327763614,81.20364515963803,0.7697957826732871,5.69121196164615
1664.0,22.754281997680664,273.80139839158545,3.1083293040555775,-255.63065566131857,273.80139839158545,255.63065566131857,192.5977542194934,2.33853377060067,-261.32187314694454,81.20364417209205,0.7697955334549076,5.691217485625967
1672.0,22.8641300201416,273.80129575300344,3.108318798125516,-255.63053920130196,273.80129575300344,255.63053920130196,192.59765267732558,2.338523843467608,-261.3217623400033,81.20364307567785,0.7697949546579079,5.691223138701374
1680.0,22.97394561767578,273.8011509779278,3.1083057287032547,-255.63035229842785,273.8011509779278,255.63035229842785,192.5975146137896,2.3385105571275266,-261.32158008013903,81.20363636413825,0.7697951715757281,5.691227781711174
1688.0,23.083757400512695,273.8012774035269,3.1082940458089365,-255.63042184848857,273.8012774035269,255.63042184848857,192.597640328032,2.3384995060882874,-261.32165424591074,81.20363707549492,0.7697945397206492,5.691232397422177
1696.0,23.193571090698242,273.8014258940171,3.1083040176057875,-255.6304320717911,273.8014258940171,255.6304320717911,192.59777709027856,2.3385096293059484,-261.32167069241643,81.20364880373852,0.7697943882998393,5.69123862062534
1704.0,23.303382873535156,273.8015149208786,3.1083121687048347,-255.63032983370027,273.8015149208786,255.63032983370027,192.59784988176898,2.3385178516654093,-261.32157573582833,81.20366503910961,0.7697943170394252,5.691245902128063
1712.0,23.41319465637207,273.801362878325,3.108317160869815,-255.6301644298702,273.801362878325,255.6301644298702,192.59768968086914,2.3385232265669416,-261.3214161785135,81.20367319745584,0.7697939343028732,5.691251748643321
1720.0,23.523008346557617,273.80123975380275,3.1083155001730676,-255.62996344395256,273.80123975380275,255.62996344395256,192.59756866860624,2.3385219467941694,-261.3212202123299,81.20367108519648,0.7697935533788984,5.691256768377327
1728.0,23.632822036743164,273.80113919566315,3.1083133342671543,-255.6298150124934,273.80113919566315,255.6298150124934,192.59747260172952,2.3385199871552933,-261.321076492728,81.20366659393363,0.7697933471118612,5.691261480234622
1736.0,23.7426700592041,273.80111056456155,3.108306184201779,-255.6297275146114,273.80111056456155,255.6297275146114,192.59744581903976,2.3385131439505713,-261.3209931462856,81.20366474552179,0.7697930402512074,5.691265631674206
1744.0,23.85248374938965,273.8010347541142,3.1082990519461107,-255.62966163509833,273.8010347541142,255.62966163509833,192.5973722859658,2.3385061103993516,-261.3209322518589,81.20366246814842,0.769792941546759,5.691270616760548
1752.0,23.962295532226562,273.80093386768175,3.108281135368215,-255.62950364023303,273.80093386768175,255.62950364023303,192.59727662724436,2.3384886469778006,-261.32077814343745,81.2036572404374,0.7697924883904144,5.691274503204438
1760.0,24.072107315063477,273.80105952568465,3.1082773447053484,-255.62955373935955,273.80105952568465,255.62955373935955,192.59739987488445,2.3384854498930565,-261.3208330371586,81.20365965080023,0.7697918948122919,5.691279297799043
1768.0,24.181921005249023,273.8011091967907,3.108285019253488,-255.62947503858513,273.8011091967907,255.62947503858513,192.5974398130926,2.338493235773315,-261.32075985511807,81.20366938369814,0.7697917834801733,5.69128481653295
1776.0,24.291732788085938,273.80114023532053,3.1082747660081598,-255.6293653195374,273.80114023532053,255.6293653195374,192.59746090096056,2.3384832311671593,-261.3206569186196,81.20367933436,0.7697915348410003,5.69129159908219
1784.0,24.40154457092285,273.80123169192575,3.108283493050521,-255.62938123838288,273.80123169192575,255.62938123838288,192.59753962983245,2.3384923326979665,-261.320678797293,81.20369206209332,0.7697911603525545,5.691297558910124
1792.0,24.5113582611084,273.8011174909062,3.108291678745089,-255.62920804145787,273.8011174909062,255.62920804145787,192.59741811628598,2.338500625037954,-261.3205107978216,81.20369937462024,0.7697910537071346,5.691302756363738
1800.0,24.621206283569336,273.80103695799994,3.108284716927499,-255.62910726532172,273.80103695799994,255.62910726532172,192.59733859835222,2.3384938470720877,-261.32041465651514,81.2036983596477,0.7697908698554115,5.691307391193424
1808.0,24.73101806640625,273.8012331110827,3.1082949939835167,-255.62916406162728,273.8012331110827,255.62916406162728,192.59752556691137,2.3385045799380633,-261.32047655310475,81.20370754417132,0.7697904140454532,5.691312491477465
1816.0,24.840829849243164,273.8011592063136,3.108298523206713,-255.6289791428881,273.8011592063136,255.6289791428881,192.5974417311142,2.338508132384889,-261.3202976195446,81.20371747519945,0.769790390821824,5.691318476656474
1824.0,24.95064353942871,273.80096315080687,3.108303404569271,-255.62875839960566,273.80096315080687,255.62875839960566,192.59724837776145,2.3385129503505993,-261.3200813670163,81.20371477304539,0.7697904542186713,5.691322967410653
1832.0,25.060457229614258,273.80082945615794,3.108297414116988,-255.62862692204055,273.80082945615794,255.62862692204055,192.59712369572784,2.3385074288640975,-261.319953231652,81.2037057604301,0.7697899852528907,5.691326309611441
1840.0,25.170270919799805,273.80087095177373,3.108292714738366,-255.62859454022836,273.80087095177373,255.62859454022836,192.5971701901542,2.3385031359471276,-261.3199236105125,81.2037007616195,0.7697895787912381,5.691329070284129
1848.0,25.28008270263672,273.8009066694818,3.1082871136046606,-255.62853090814434,273.8009066694818,255.62853090814434,192.5972022003943,2.338497745295132,-261.31986485871226,81.20370446908748,0.7697893683095287,5.691333950567936
1856.0,25.3898983001709,273.8008584172775,3.1082814837644,-255.62845179347792,273.8008584172775,255.62845179347792,192.59715032605664,2.3384927617148445,-261.3197906180898,81.20370809122085,0.7697887220495552,5.691338824611893
1864.0,25.499746322631836,273.8007789000511,3.1082701907926573,-255.6283265629071,273.8007789000511,255.6283265629071,192.5970714073269,2.3384818005140677,-261.3196703011893,81.20370749272422,0.7697883902785898,5.691343738282229
1872.0,25.60955810546875,273.80082573052005,3.1082746884491286,-255.6282881012191,273.80082573052005,255.6282881012191,192.59711645745858,2.338486853018195,-261.3196362714169,81.20370927306146,0.769787835430934,5.691348170197811
1880.0,25.719369888305664,273.80083659886503,3.1082639272836485,-255.62820692467753,273.80083659886503,255.62820692467753,192.59712126515262,2.3384761378218184,-261.3195600928995,81.20371533371242,0.7697877894618301,5.691353168221982
1888.0,25.82918357849121,273.80074982839596,3.1082678708116753,-255.62810737480015,273.80074982839596,255.62810737480015,192.59703197688265,2.3384801165470313,-261.3194654542396,81.20371785151333,0.7697877542646441,5.691358079439452
1896.0,25.938995361328125,273.8006758672864,3.108253735966545,-255.6279968146544,273.8006758672864,255.6279968146544,192.5969590046739,2.338466510809814,-261.3193587110964,81.20371686261245,0.7697872251567308,5.691361896442007
1904.0,26.04880714416504,273.80071589277776,3.1082466861099434,-255.6279865888024,273.80071589277776,255.6279865888024,192.59699803151557,2.3384597124186697,-261.3193534933778,81.2037178612622,0.7697869736912739,5.691366904575376
1912.0,26.158620834350586,273.80080393793594,3.1082436489168073,-255.62797689227574,273.80080393793594,255.62797689227574,192.5970786431031,2.338456852476256,-261.3193482714951,81.20372529483285,0.7697867964405514,5.69137137921933
1920.0,26.2684326171875,273.80079661344587,3.108252041225464,-255.62790310186261,273.80079661344587,255.62790310186261,192.59706185229294,2.338465293165228,-261.31927952071516,81.20373476115293,0.7697867480602361,5.691376418852538
1928.0,26.378280639648438,273.8007235207391,3.1082409962623094,-255.6277636506582,273.8007235207391,255.6277636506582,192.596984680964,2.3384544764023176,-261.3191448568795,81.20373883977508,0.7697865198599916,5.691381206221305
1936.0,26.48809242248535,273.8008263217971,3.10824509120882,-255.62779720804195,273.8008263217971,255.62779720804195,192.5970821612761,2.3384586879041396,-261.31918247904326,81.20374416052104,0.7697864033046804,5.691385271001295
1944.0,26.5979061126709,273.80080674056063,3.1082502655796924,-255.62771403461687,273.80080674056063,255.62771403461687,192.5970545470892,2.3384638731577474,-261.3191038835909,81.20375219347144,0.7697863924219452,5.69138984897403
1952.0,26.707717895507812,273.8006288118862,3.1082567980964386,-255.62749151369218,273.8006288118862,255.62749151369218,192.59687759219003,2.3384708486353003,-261.3188851976539,81.20375121969616,0.7697859494611383,5.691393683961733
1960.0,26.817533493041992,273.80055086392633,3.1082338164449177,-255.62741513152557,273.80055086392633,255.62741513152557,192.5968062354935,2.3384480003862107,-261.3188113992879,81.20374462843287,0.769785816058707,5.691396267762308
1968.0,26.927345275878906,273.80054138396986,3.1082345203532817,-255.62740668432514,273.80054138396986,255.62740668432514,192.5967992373611,2.33844886147464,-261.31880575604447,81.20374214660875,0.7697856588786416,5.691399071719333
1976.0,27.03715705871582,273.800528878749,3.1082321104673443,-255.6273478234445,273.800528878749,255.6273478234445,192.59678621106315,2.3384466377133135,-261.3187507675428,81.20374266768587,0.7697854727540308,5.6914029440983
1984.0,27.146970748901367,273.8004626907062,3.1082217019743403,-255.62725884537636,273.8004626907062,255.62725884537636,192.59672077990487,2.3384364933634187,-261.3186649024524,81.20374191080131,0.7697852086109218,5.69140605707603
1992.0,27.256818771362305,273.80039039114956,3.1082159707286783,-255.62715301694138,273.80039039114956,255.62715301694138,192.5966513951292,2.338431155405022,-261.31856162276813,81.2037389960204,0.7697848153236562,5.691408605826751
2000.0,27.36663246154785,273.80046694176554,3.1082011232263023,-255.6272079525102,273.80046694176554,255.6272079525102,192.59672614507437,2.3384163957688817,-261.3186203710002,81.20374079669119,0.7697847274574208,5.691412418489994
2008.0,27.4764461517334,273.80058961951744,3.108204475003374,-255.62721913632575,273.80058961951744,255.62721913632575,192.59683959361604,2.3384195826310026,-261.318635670654,81.20375002590139,0.7697848923723716,5.691416534328228
2016.0,27.586257934570312,273.80068173736163,3.108212753672447,-255.6272149912992,273.80068173736163,255.6272149912992,192.5969183904557,2.3384280587854303,-261.31863600940994,81.20376334690593,0.7697846948870171,5.691421018110718
2024.0,27.696069717407227,273.8006608756988,3.108216734872129,-255.62712380207017,273.8006608756988,255.62712380207017,192.59688673922815,2.3384320158073852,-261.3185492350622,81.2037741364706,0.769784719064744,5.691425432992045
2032.0,27.805883407592773,273.80061325616407,3.1082158225933254,-255.6270513157447,273.80061325616407,255.6270513157447,192.5968338404902,2.338431174425384,-261.3184802150525,81.20377941567389,0.7697846481679418,5.691428899307781
2040.0,27.915695190429688,273.80049778175095,3.108211478329215,-255.62685739247806,273.80049778175095,255.62685739247806,192.59671800529026,2.33842693863888,-261.31829010771025,81.20377977646069,0.7697845396903349,5.6914327152322075
2048.0,28.0255069732666,273.8003955621967,3.1082066664653984,-255.62679257828526,273.8003955621967,255.62679257828526,192.59661968271794,2.3384225165882375,-261.31822810872177,81.20377587947875,0.7697841498771609,5.69143553043652
2056.0,28.135358810424805,273.8003691580675,3.108195040594881,-255.62671522813207,273.8003691580675,255.62671522813207,192.59659670745447,2.3384110547463544,-261.31815344300514,81.203772450613,0.7697839858485267,5.69143821487307
2064.0,28.24517250061035,273.8004008276106,3.108191999858107,-255.6267156797428,273.8004008276106,255.6267156797428,192.59662693203887,2.3384083199224452,-261.31815710458744,81.20377389557169,0.7697836799356621,5.691441424844648
2072.0,28.354990005493164,273.8003479307206,3.1081943782884296,-255.62660702204442,273.8003479307206,255.62660702204442,192.59657272170426,2.338410622272331,-261.31805226650414,81.2037752090163,0.7697837560160985,5.6914452444597075
2080.0,28.464807510375977,273.8002552748275,3.108186962595914,-255.6265127071727,273.8002552748275,255.6265127071727,192.5964828660163,2.33840401919743,-261.31796115610507,81.20377240881123,0.7697829433984842,5.691448448932359
2088.0,28.57462501525879,273.80021652982884,3.1081840182319382,-255.62651962730988,273.80021652982884,255.62651962730988,192.5964481926132,2.3384007316797635,-261.3179701022355,81.20376833721565,0.7697832865521748,5.69145047492564
2096.0,28.6844425201416,273.80021417429793,3.1081644550373286,-255.62646995118433,273.80021417429793,255.62646995118433,192.59644766802288,2.3383812540000783,-261.3179230160879,81.20376650627506,0.7697832010372503,5.69145306490356
2104.0,28.794260025024414,273.80024807749794,3.108156920060517,-255.62646330175969,273.80024807749794,255.62646330175969,192.596478232802,2.3383739493611677,-261.31791934065575,81.20376984469596,0.7697829706993489,5.6914560388960505
2112.0,28.904075622558594,273.80020857339485,3.1081515329973977,-255.62639438631194,273.80020857339485,255.62639438631194,192.59643533698923,2.3383685053230896,-261.31785400039973,81.20377323640561,0.7697830276743083,5.691459614087799
2120.0,29.013893127441406,273.8003551886774,3.108150340630287,-255.62645502618935,273.8003551886774,255.62645502618935,192.5965747016086,2.3383677160327645,-261.31791841302163,81.2037804870688,0.7697826245975226,5.691463386832269
2128.0,29.123708724975586,273.8004597882375,3.1081620402990273,-255.62645674165057,273.8004597882375,255.62645674165057,192.59666460794733,2.3383794629498915,-261.31792429038626,81.2037951802902,0.7697825773491356,5.6914675487357
2136.0,29.2335262298584,273.80043720446156,3.1081569372957336,-255.62636470321033,273.80043720446156,255.62636470321033,192.59663028818818,2.338374188927733,-261.31783612799677,81.20380691627338,0.7697827483680006,5.691471424786445
2144.0,29.343345642089844,273.8003244053789,3.1081545772798993,-255.626267899663,273.8003244053789,255.626267899663,192.59651481376392,2.338372128815182,-261.31774231417415,81.20380959161497,0.7697824484647173,5.691474414511148
2152.0,29.453163146972656,273.8001841109359,3.108138787213482,-255.62614103313751,273.8001841109359,255.62614103313751,192.59637818676197,2.338356777109601,-261.31761802220444,81.20380592417393,0.7697820101038806,5.6914769890669135
2160.0,29.562978744506836,273.80006827569866,3.108132745805702,-255.62607111602736,273.80006827569866,255.62607111602736,192.5962687720393,2.3383506217365104,-261.3175499509428,81.20379950365933,0.7697821240691916,5.691478834915448
2168.0,29.67279815673828,273.80009254142055,3.108118564831548,-255.62606317256888,273.80009254142055,255.62606317256888,192.59629697342172,2.338336760398047,-261.31754437633776,81.20379556799885,0.7697818044335005,5.6914812037688804
2176.0,29.78261375427246,273.80012258765964,3.108111635947996,-255.62607532743516,273.80012258765964,255.62607532743516,192.59632483137761,2.338330065025846,-261.31755937726945,81.203797756282,0.76978157092215,5.69148404983428
2184.0,29.892431259155273,273.80010669858274,3.108109683264983,-255.62598955475235,273.80010669858274,255.62598955475235,192.5963063269833,2.338328690713112,-261.3174775812586,81.20380037159944,0.7697809925518713,5.691488026506228
2192.0,30.002248764038086,273.80013921490826,3.1081046667743157,-255.62597894963352,273.80013921490826,255.62597894963352,192.59633412402104,2.338323516287098,-261.31747036531686,81.20380509088723,0.7697811504872181,5.691491415683341
2200.0,30.1120662689209,273.80008300364506,3.108100808831818,-255.62589620606633,273.80008300364506,255.62589620606633,192.5962754918621,2.338319919473416,-261.3173910987704,81.20380751178298,0.7697808893584017,5.691494892704053
2208.0,30.22188377380371,273.8000988840907,3.1080956480244093,-255.6259057196145,273.8000988840907,255.6259057196145,192.59628931430814,2.338314871207716,-261.31740359169424,81.20380956978255,0.7697807768166931,5.691497872079744
2216.0,30.331701278686523,273.80010746228476,3.1080958068915256,-255.62586519125145,273.80010746228476,255.62586519125145,192.5962935589006,2.3383150488538123,-261.31736647264427,81.20381390338414,0.7697807580377136,5.69150128139281
2224.0,30.441518783569336,273.8000020081624,3.108082313712024,-255.6257472515072,273.8000020081624,255.6257472515072,192.59618724013475,2.338301819161782,-261.31725147043346,81.20381476802763,0.7697804945502418,5.691504218926273
2232.0,30.55133628845215,273.7999044529568,3.1080697962384094,-255.62568205701442,273.7999044529568,255.62568205701442,192.5960932556497,2.338289250815,-261.3171885707421,81.2038111973071,0.7697805454234095,5.6915065137276635
2240.0,30.66115379333496,273.79985335955644,3.108051559964747,-255.62567281604584,273.79985335955644,255.62567281604584,192.59604636535576,2.338271327267781,-261.31718082923567,81.20380699420069,0.769780232696966,5.6915080131898215
2248.0,30.770971298217773,273.7998534226022,3.108045299090178,-255.62567056333083,273.7998534226022,255.62567056333083,192.59604841796812,2.338265347746233,-261.3171804968644,81.20380500463409,0.7697799513439452,5.691509933533587
2256.0,30.880788803100586,273.8000638683037,3.1080405543435807,-255.62582464286365,273.8000638683037,255.62582464286365,192.5962513396198,2.3382607552010444,-261.3173371226832,81.20381252868393,0.7697797991425364,5.691512479819584
2264.0,30.9906063079834,273.8002894839789,3.1080423245885225,-255.62590022029346,273.8002894839789,255.62590022029346,192.59645718008375,2.3382626255523036,-261.31741627749904,81.2038323038951,0.7697796990362191,5.6915160572055665
2272.0,31.10042381286621,273.80026438948073,3.10806597293414,-255.62580080075307,273.80026438948073,255.62580080075307,192.59641570371923,2.3382861667985133,-261.3173204483595,81.20384868576153,0.7697798061356271,5.69151964760643
2280.0,31.210241317749023,273.80016835870333,3.1080685827387757,-255.62567626604698,273.80016835870333,255.62567626604698,192.59631333332135,2.338288798411805,-261.31719848767,81.20385502538201,0.7697797843269705,5.691522221623009
2288.0,31.320058822631836,273.80003056814724,3.1080645138083973,-255.62554556970224,273.80003056814724,255.62554556970224,192.59617682214827,2.3382847648886944,-261.317070497448,81.20385374599897,0.7697797489197031,5.6915249277457765
2296.0,31.42987632751465,273.79992509614965,3.10804861518188,-255.62545446750332,273.79992509614965,255.62545446750332,192.59607603151716,2.338269360878583,-261.3169810179839,81.20384906463248,0.7697792543032966,5.691526550480564
2304.0,31.539690017700195,273.7998465710945,3.1080459037620525,-255.62540298530035,273.7998465710945,255.62540298530035,192.5960034190656,2.338266555559274,-261.31693106705194,81.20384315202892,0.7697793482027784,5.691528081751587
2312.0,31.649507522583008,273.799781653572,3.108033589909729,-255.62533767658527,273.799781653572,255.62533767658527,192.59594414989,2.338254324900401,-261.31686763011237,81.20383750368198,0.7697792650093278,5.691529953527098
2320.0,31.759323120117188,273.7998026733077,3.108032632111085,-255.62535660217475,273.7998026733077,255.62535660217475,192.59596788907714,2.338253852343695,-261.31688800972495,81.20383478423055,0.7697787797673901,5.6915314075502055
2328.0,31.869140625,273.7998655348242,3.1080291251208543,-255.6253528693213,273.7998655348242,255.6253528693213,192.5960286842357,2.3382502196827963,-261.31688669814275,81.20383685058849,0.7697789054380577,5.691533828821457
2336.0,31.978958129882812,273.7999563437314,3.108040699587345,-255.625331475223,273.7999563437314,255.625331475223,192.59611388260987,2.338261668545265,-261.31686855286983,81.20384246112154,0.7697790310420798,5.691537077646842
2344.0,32.088775634765625,273.8000023329124,3.108041007449648,-255.62531540815942,273.8000023329124,255.62531540815942,192.59615209744697,2.33826254611478,-261.31685582337764,81.20385023546542,0.7697784613348679,5.691540415218213
2352.0,32.19859313964844,273.7999957157822,3.1080411421738168,-255.6252360147215,273.7999957157822,255.6252360147215,192.5961375375561,2.338262949225457,-261.31677955494064,81.2038581782261,0.7697781929483594,5.6915435402191275
2360.0,32.30841064453125,273.79998245352675,3.1080414483015355,-255.62520643829802,273.79998245352675,255.62520643829802,192.59612027201678,2.3382631299570664,-261.3167527758111,81.20386218150996,0.7697783183444691,5.6915463375130715
2368.0,32.41822814941406,273.7999052473278,3.108040919335151,-255.62511058937943,273.7999052473278,255.62511058937943,192.5960427344341,2.3382626188388844,-261.31665915082834,81.20386251289369,0.7697783004962668,5.691548561448904
2376.0,32.528045654296875,273.79984424059444,3.108035660736788,-255.6250492853429,273.79984424059444,255.6250492853429,192.59598254122955,2.3382570905006226,-261.3165997726393,81.20386169936492,0.7697785702361657,5.691550487296386
2384.0,32.63786315917969,273.79979335829296,3.10803568763424,-255.62497979125664,273.79979335829296,255.62497979125664,192.59593330219877,2.3382572967484,-261.3165326476392,81.2038600560942,0.7697783908858398,5.691552856382537
2392.0,32.747676849365234,273.79977092798663,3.1080263853795405,-255.62497938362387,273.79977092798663,255.62497938362387,192.595912124325,2.3382480308879843,-261.3165341371537,81.20385880366163,0.7697783544915564,5.691554753529862
2400.0,32.85749435424805,273.7997347806581,3.1080281931365024,-255.6248720113248,273.7997347806581,255.6248720113248,192.59587729601913,2.338250121611438,-261.3164285600212,81.20385748463903,0.769778071525064,5.691556548696408
2408.0,32.96731185913086,273.79973145244753,3.1080190708564532,-255.6248909419313,273.79973145244753,255.6248909419313,192.5958748840944,2.338241054969758,-261.3164495405483,81.20385656835316,0.7697780158866951,5.6915585986169965
2416.0,33.07712936401367,273.7997061193203,3.108020749320694,-255.6248361159974,273.7997061193203,255.6248361159974,192.59585042219518,2.338242919948583,-261.31639670951654,81.20385569712514,0.7697778293721111,5.69156059351914
2424.0,33.18695068359375,273.7997288056235,3.108006645071316,-255.62484249845053,273.7997288056235,255.62484249845053,192.59587285313594,2.3382289484848093,-261.31640485555454,81.20385595248756,0.7697776965865069,5.691562357104007
2432.0,33.29676818847656,273.79984775575696,3.1080138172766687,-255.62488156950593,273.79984775575696,255.62488156950593,192.5959849006222,2.3382359953441663,-261.3164465294686,81.20386285513474,0.7697778219325024,5.691564959962642
2440.0,33.406585693359375,273.7998808323174,3.1080186821322635,-255.62481776448544,273.7998808323174,255.62481776448544,192.5960091805735,2.3382410281466917,-261.31638566996105,81.20387165174388,0.7697776539855719,5.691567905475596
2448.0,33.51640319824219,273.79990699696674,3.108019878455798,-255.62480906168642,273.79990699696674,255.62480906168642,192.5960284594132,2.338242107884627,-261.316379442415,81.20387853755355,0.7697777705711708,5.691570380728552
2456.0,33.626220703125,273.79985624546305,3.1080304448414675,-255.62472697424892,273.79985624546305,255.62472697424892,192.59597389353112,2.3382528603186135,-261.31629961361136,81.2038823519319,0.769777584522854,5.6915726393624535
2464.0,33.73603820800781,273.7997990501011,3.108037563183979,-255.62465465267215,273.7997990501011,255.62465465267215,192.59591618195975,2.3382600084288954,-261.31622965680083,81.20388286814135,0.7697775547550836,5.691575004128692
2472.0,33.845855712890625,273.7997652231554,3.1080398862794403,-255.62461145541607,273.7997652231554,255.62461145541607,192.59588337787363,2.338262383688814,-261.31618834304675,81.20388184528178,0.7697775025906264,5.691576887630665
2480.0,33.95567321777344,273.7997645107286,3.1080270379285393,-255.62453033586604,273.7997645107286,255.62453033586604,192.59588265245526,2.338249783869662,-261.3161090420356,81.20388185827335,0.7697772540588774,5.691578706169527
2488.0,34.06549072265625,273.79958757746795,3.1080221382657642,-255.62449108345584,273.79958757746795,255.62449108345584,192.59571043084685,2.3382450967751085,-261.31607056063626,81.2038771466211,0.769777041490656,5.691579477180412
2496.0,34.17530822753906,273.79958861791545,3.1080109865899144,-255.6244262245098,273.79958861791545,255.6244262245098,192.5957193367451,2.338234027322487,-261.3160057850304,81.20386928117036,0.7697769592674275,5.691579560520629
2504.0,34.28512954711914,273.79973953214505,3.108018924336929,-255.6245584739253,273.79973953214505,255.6245584739253,192.59586593844318,2.338241629703334,-261.31613966636246,81.2038735937019,0.7697772946335952,5.691581192437148
2512.0,34.39494705200195,273.7997264027318,3.108018245025801,-255.6244506164353,273.7997264027318,255.6244506164353,192.59584734831793,2.338241312949892,-261.316034382402,81.20387905441385,0.7697769320759089,5.691583765966697
2520.0,34.504764556884766,273.79973621857215,3.108018418879399,-255.62442920747839,273.79973621857215,255.62442920747839,192.59585399472397,2.3382415901739457,-261.3160158475984,81.20388222384818,0.7697768287054534,5.6915866401200255
2528.0,34.61458206176758,273.799694421936,3.108013209267677,-255.62437196653258,273.799694421936,255.62437196653258,192.5958098123488,2.3382361769225937,-261.3159607979712,81.20388460958719,0.7697770323450834,5.691588831438582
2536.0,34.72439956665039,273.7996846781885,3.108012500213916,-255.62432202906248,273.7996846781885,255.62432202906248,192.59579847269137,2.3382359108059814,-261.3159130197742,81.20388620549713,0.7697765894079345,5.69159099071172
2544.0,34.8342170715332,273.7996928850937,3.1080123522565115,-255.62433948740937,273.7996928850937,255.62433948740937,192.59580489381648,2.3382355243444453,-261.3159328783581,81.20388799127721,0.7697768279120665,5.691593390948764
2552.0,34.944034576416016,273.799667604716,3.1080148795968574,-255.6242689468621,273.799667604716,255.6242689468621,192.59577823726735,2.338238259221657,-261.3158642959469,81.20388936744862,0.7697766203752001,5.691595349084779
2560.0,35.05385208129883,273.7996388167217,3.10800190587789,-255.62421004147419,273.7996388167217,255.62421004147419,192.5957488032236,2.338225479997423,-261.3158075106422,81.20389001349812,0.7697764258804667,5.691597469167991
2568.0,35.16366195678711,273.79960769093094,3.108001912401691,-255.624190078032,273.79960769093094,255.624190078032,192.59571766211985,2.3382254342868545,-261.3157891384302,81.20389002881107,0.7697764781148366,5.691599060398198
2576.0,35.27347946166992,273.79957309405876,3.107998862826804,-255.62414950449,273.79957309405876,255.62414950449,192.5956832630825,2.3382224881146714,-261.3157503741712,81.20388983097625,0.7697763747121329,5.691600869681219
2584.0,35.383296966552734,273.79957097602534,3.1079959450719024,-255.6241246594364,273.79957097602534,255.6241246594364,192.59568122544894,2.3382196920510485,-261.3157269862953,81.2038897505764,0.7697762530208536,5.6916023268588996
2592.0,35.49311447143555,273.7995494973686,3.108001037906832,-255.62410122329976,273.7995494973686,255.62410122329976,192.5956594172998,2.3382249992171715,-261.31570512911327,81.20389008006882,0.7697760386896606,5.691603905813508
2600.0,35.60293197631836,273.7995287057979,3.1079885213804834,-255.62405771307243,273.7995287057979,255.62405771307243,192.59563886671688,2.3382123610245253,-261.31566307563537,81.20388983908101,0.7697761603559579,5.691605362562926
2608.0,35.71274948120117,273.7995149931886,3.107976804730229,-255.62401783818427,273.7995149931886,255.62401783818427,192.59562535382057,2.3382008514088573,-261.31562470253033,81.20388963936803,0.7697759533213717,5.691606864346069
2616.0,35.822566986083984,273.79952361053313,3.107978739881247,-255.62403229127307,273.79952361053313,255.62403229127307,192.59563369161526,2.338203456682293,-261.3156403571202,81.2038899189179,0.7697752831989542,5.691608065847106
2624.0,35.9323844909668,273.79963657561746,3.10798444314321,-255.62410371394478,273.79963657561746,255.62410371394478,192.59574158126844,2.3382089236252024,-261.31571380929574,81.20389499434904,0.7697755195180078,5.69161009535096
2632.0,36.04220199584961,273.7996582792596,3.1079796382217384,-255.62405028336295,273.7996582792596,255.62405028336295,192.59575527565397,2.338204178149316,-261.31566264089804,81.20390300360557,0.7697754600724225,5.691612357535085
2640.0,36.15201950073242,273.7996177691857,3.107989338076067,-255.62396227746336,273.7996177691857,255.62396227746336,192.59571012819242,2.3382137982765236,-261.31557658858696,81.2039076409933,0.7697755397995434,5.691614311123601
2648.0,36.261837005615234,273.7995779805732,3.107989658271204,-255.62390382103416,273.7995779805732,255.62390382103416,192.59566894564512,2.338213953580471,-261.3155198700305,81.2039090349281,0.769775704690733,5.691616048996357
2656.0,36.37165451049805,273.79959377072646,3.107995784806982,-255.6239245580424,273.79959377072646,255.6239245580424,192.5956838436569,2.3382201987567144,-261.31554215747417,81.20390992706956,0.7697755860502675,5.691617599431774
2664.0,36.48147201538086,273.79956425891675,3.107983299284839,-255.62383035505007,273.79956425891675,255.62383035505007,192.59565415527186,2.3382080603602047,-261.31544995035927,81.20391010364489,0.7697752389246344,5.691619595309177
2672.0,36.59129333496094,273.7995363408924,3.108001243975443,-255.6237885364229,273.7995363408924,255.6237885364229,192.595625601363,2.3382262033407035,-261.31540955052685,81.20391073952943,0.7697750406347397,5.691621014103951
2680.0,36.70111083984375,273.7995381098646,3.10800074182945,-255.62376675829486,273.7995381098646,255.62376675829486,192.59562722467626,2.3382254447071134,-261.3153893138511,81.20391088518836,0.7697752971223364,5.6916225555562185
2688.0,36.81092834472656,273.79935756416546,3.1079784019036616,-255.6236990368174,273.79935756416546,255.6236990368174,192.59545272168887,2.338203338253029,-261.3153215305793,81.20390484247656,0.7697750636506322,5.691622493761894
2696.0,36.92073440551758,273.79944290138377,3.1079817255758444,-255.6237386403422,273.79944290138377,255.6237386403422,192.59554312948626,2.338206806625034,-261.31536080358563,81.20389977189751,0.7697749189508105,5.6916221632434345
2704.0,37.03055191040039,273.7995677724618,3.1079834499379446,-255.62381891364967,273.7995677724618,255.62381891364967,192.59566255250198,2.3382086013515746,-261.3154426620522,81.20390521995981,0.7697748485863698,5.691623748402527
2712.0,37.1403694152832,273.79958250445816,3.107985505807693,-255.6237346424059,273.79958250445816,255.6237346424059,192.5956704455523,2.338210536163898,-261.3153603408486,81.20391205890586,0.769774969643795,5.691625698442682
2720.0,37.250186920166016,273.79958003244,3.10799080692012,-255.62369850908462,273.79958003244,255.62369850908462,192.59566360267507,2.338215905975851,-261.3153263593605,81.20391642976493,0.7697749009442687,5.691627850275861
2728.0,37.36000442504883,273.7995663827552,3.1079981114365447,-255.62365181494002,273.7995663827552,255.62365181494002,192.59564714302928,2.338223553906939,-261.315281720648,81.20391923972593,0.7697745575296056,5.691629905707963
2736.0,37.46982192993164,273.7995584173498,3.1079965883041103,-255.6236079243315,273.7995584173498,255.6236079243315,192.59563676238997,2.3382218051345784,-261.3152395952871,81.2039216549598,0.7697747831695321,5.691631670955584
2744.0,37.57963943481445,273.7995625315581,3.1079957808445147,-255.62359650244295,273.7995625315581,255.62359650244295,192.59563901056492,2.3382211623801297,-261.315229568368,81.20392352099317,0.769774618464385,5.691633065925063
2752.0,37.689456939697266,273.799569055187,3.1079899118566354,-255.62355687913612,273.799569055187,255.62355687913612,192.5956439331483,2.338215332978279,-261.3151915077943,81.20392512203874,0.7697745788783565,5.691634628658168
2760.0,37.79927444458008,273.7994940012052,3.1080017361065586,-255.62349552211575,273.7994940012052,255.62349552211575,192.5955698504592,2.3382270262971545,-261.315131188614,81.20392415074598,0.7697747098094041,5.691635666498229
2768.0,37.90909194946289,273.7994962937405,3.108008639349083,-255.62349039149169,273.7994962937405,255.62349039149169,192.5955732656845,2.338233821646127,-261.3151275436268,81.20392302805602,0.7697748177029562,5.6916371521350815
2776.0,38.0189094543457,273.7995150867408,3.1080033923739276,-255.6234707267035,273.7995150867408,255.6234707267035,192.59559080027682,2.3382287316293433,-261.31510886150863,81.203924286464,0.7697746607445843,5.691638134805146
2784.0,38.12873077392578,273.79952723383747,3.1080052164137726,-255.62341761016137,273.79952723383747,255.62341761016137,192.5956009454942,2.3382302971268407,-261.3150575176204,81.20392628834324,0.7697749192869321,5.69163990745904
2792.0,38.238548278808594,273.7995084484503,3.108007385767227,-255.62337441640875,273.7995084484503,255.62337441640875,192.59558067617652,2.3382326503107853,-261.31501578205376,81.2039277722738,0.7697747354564417,5.691641365645012
2800.0,38.348365783691406,273.7995149015285,3.1080173156017663,-255.62333999871137,273.7995149015285,255.62333999871137,192.5955859459586,2.338242775343456,-261.3149826459554,81.20392895556989,0.7697745402583107,5.691642647244038
2808.0,38.45818328857422,273.79951433452607,3.1080230815374823,-255.62332027454585,273.79951433452607,255.62332027454585,192.59558457106095,2.3382485324175883,-261.31496449287044,81.20392976346511,0.769774549119894,5.691644218324594
2816.0,38.56800079345703,273.799511045938,3.108023018998163,-255.62329389257738,273.799511045938,255.62329389257738,192.59558020014703,2.3382486351716065,-261.3149393154242,81.20393084579096,0.7697743838265563,5.691645422846843
2824.0,38.67780685424805,273.79951234182687,3.1080265140458425,-255.62325911489563,273.79951234182687,255.62325911489563,192.59558110600247,2.3382518741733183,-261.3149058660443,81.2039312358244,0.7697746398725243,5.691646751148658
2832.0,38.78762435913086,273.79950644155895,3.1080362369478687,-255.6232322689277,273.79950644155895,255.6232322689277,192.59557425361396,2.338261795922094,-261.31488024602936,81.20393218794499,0.7697744410257745,5.691647977101672
2840.0,38.89744186401367,273.7994875634877,3.1080391025031897,-255.62317834784324,273.7994875634877,255.62317834784324,192.59555510028974,2.338264650200253,-261.3148279014545,81.20393246319793,0.7697744523029366,5.691649553611297
2848.0,39.007259368896484,273.7994878774083,3.1080457288863594,-255.62314724786935,273.7994878774083,255.62314724786935,192.5955551814082,2.3382714164338707,-261.31479761816627,81.20393269600007,0.7697743124524887,5.6916503702969115
2856.0,39.11708068847656,273.79948306288657,3.1080447216488967,-255.6231143653175,273.79948306288657,255.6231143653175,192.59555008020408,2.3382702799187323,-261.314766063341,81.20393298268246,0.7697744417301642,5.691651698023481
2864.0,39.226898193359375,273.79947505924827,3.10804223161682,-255.6230562082472,273.79947505924827,255.6230562082472,192.5955421284312,2.338267933824273,-261.3147091643938,81.2039329308171,0.7697742977925472,5.6916529561465765
2872.0,39.33671569824219,273.79948897044875,3.108046244709624,-255.62303868976358,273.79948897044875,255.62303868976358,192.5955552194708,2.338271797089516,-261.3146925454458,81.20393375097795,0.7697744476201083,5.6916538556821905
2880.0,39.446533203125,273.79949861075477,3.1080605043733187,-255.62301489663759,273.79949861075477,255.62301489663759,192.5955637515558,2.3382859598455528,-261.31466976149517,81.203934859199,0.769774544527766,5.691654864857579
2888.0,39.55635070800781,273.79948608197384,3.108058941850151,-255.6229568169727,273.79948608197384,255.6229568169727,192.59555019800666,2.3382848356807444,-261.3146129050489,81.20393588396719,0.7697741061694066,5.691656088076169
2896.0,39.666168212890625,273.7994969564854,3.108064647501373,-255.62293419019463,273.7994969564854,255.62293419019463,192.59555987044178,2.3382902953178832,-261.3145919945996,81.20393708604365,0.7697743521834899,5.691657804404968
2904.0,39.7759895324707,273.79949618397046,3.108067414511247,-255.62290673604437,273.79949618397046,255.62290673604437,192.59555818444687,2.3382929985973115,-261.3145654387758,81.20393799952359,0.7697744159139355,5.691658702731424
2912.0,39.885807037353516,273.79939639587775,3.108074155001119,-255.62286193435452,273.79939639587775,255.62286193435452,192.59546058404092,2.33830001250401,-261.31452119521674,81.20393581183683,0.7697741424971085,5.691659260862215
2920.0,39.99562072753906,273.7993019243,3.1080637622286296,-255.6228118390498,273.7993019243,255.6228118390498,192.59537462238325,2.338289632925563,-261.3144695460134,81.20392730191672,0.7697741293030664,5.691657706963606
2928.0,40.10544204711914,273.79943903290666,3.108055910809641,-255.62291363922603,273.79943903290666,255.62291363922603,192.59551202951755,2.3382820950881738,-261.31457163313127,81.20392700338913,0.7697738157214671,5.691657993905231
2936.0,40.21525955200195,273.7995113222871,3.108063378003737,-255.6229201367965,273.7995113222871,255.6229201367965,192.59557921143033,2.3382895752320363,-261.31457912710107,81.20393211085675,0.7697738027717012,5.691658990304564
2944.0,40.325077056884766,273.7995339842572,3.1080652245685676,-255.62285920694777,273.7995339842572,255.62285920694777,192.59559706058565,2.3382914243518926,-261.31452024103766,81.20393692367156,0.769773800216675,5.691661034089893
2952.0,40.43488693237305,273.79952883565613,3.1080667698460953,-255.622827086666,273.79952883565613,255.622827086666,192.5955886724252,2.338292953856463,-261.3144896403944,81.20394016323095,0.7697738159896319,5.6916625537284045
2960.0,40.54470443725586,273.79951189033045,3.1080742342677006,-255.6227587225674,273.79951189033045,255.6227587225674,192.59556925374872,2.3383003557032627,-261.3144225704829,81.20394263658173,0.7697738785644379,5.6916638479155095
2968.0,40.65452194213867,273.7995491424157,3.1080828111988237,-255.6227725865309,273.7995491424157,255.6227725865309,192.5956037084305,2.338308919147146,-261.3144378046097,81.20394543398518,0.7697738920516777,5.691665218078823
2976.0,40.764339447021484,273.7995449227336,3.108085333914921,-255.62276471731823,273.7995449227336,255.62276471731823,192.5955972147426,2.338311172277543,-261.31443093472575,81.20394770799099,0.7697741616373781,5.691666217407528
2984.0,40.8741569519043,273.79955539398543,3.1080813489198515,-255.62273756931455,273.79955539398543,255.62273756931455,192.59560552394,2.3383075899072185,-261.31440476911126,81.20394987004542,0.7697737590126332,5.6916671997967185
2992.0,40.98397445678711,273.7995276337584,3.108092122618147,-255.62270499144816,273.7995276337584,255.62270499144816,192.59557701436796,2.338318427772105,-261.31437370610905,81.2039506193904,0.7697736948460421,5.6916687146608815
3000.0,41.09379196166992,273.7995287601581,3.1080895825727746,-255.62270305832214,273.7995287601581,255.62270305832214,192.59557756578556,2.338315675026609,-261.3143730713252,81.20395119437256,0.7697739075461658,5.691670013003032
3008.0,41.203609466552734,273.79949925749423,3.1080995122875876,-255.6226114950017,273.79949925749423,255.6226114950017,192.59554749830284,2.3383259000859864,-261.31428235727464,81.20395175919138,0.7697736122016015,5.691670862272934
3016.0,41.31342697143555,273.7994660255798,3.1080913613779364,-255.62258042263923,273.7994660255798,255.62258042263923,192.5955137613937,2.3383175925851822,-261.3142525370563,81.20395226418611,0.7697737687927539,5.6916721144170594
3024.0,41.42324447631836,273.7993753957312,3.1080894513610264,-255.6225344206066,273.7993753957312,255.6225344206066,192.5954282504852,2.3383159500728734,-261.3142057657961,81.203947145246,0.769773501288153,5.6916713451894925
3032.0,41.53306198120117,273.7994605211418,3.108087487789686,-255.62261539435423,273.7994605211418,255.62261539435423,192.59551413617422,2.338313758411181,-261.31428749049473,81.20394638496757,0.769773729378505,5.6916720961405005
3040.0,41.642879486083984,273.799520609423,3.1080894286179728,-255.62260414887518,273.799520609423,255.62260414887518,192.59557067238646,2.3383155915510914,-261.3142771588755,81.20394993703655,0.7697738370668816,5.69167301000029
3048.0,41.7526969909668,273.7995405927726,3.1080978182302603,-255.6225670883023,273.7995405927726,255.6225670883023,192.59558692651052,2.3383242155988024,-261.314241609,81.20395366626207,0.7697736026314579,5.69167452069771
3056.0,41.86251449584961,273.7995502309567,3.108094518717934,-255.6225286975044,273.7995502309567,255.6225286975044,192.59559343294268,2.3383209846787376,-261.31420474195454,81.20395679801403,0.769773534039196,5.691676044450141
3064.0,41.97233200073242,273.7995540237666,3.1081117507713785,-255.62249068908955,273.7995540237666,255.62249068908955,192.5955948496986,2.3383382200148994,-261.3141678529864,81.20395917406796,0.769773530756479,5.691677163896839
3072.0,42.082149505615234,273.7995483780419,3.1081151001272573,-255.62245413814648,273.7995483780419,255.62245413814648,192.5955866958218,2.338341471933365,-261.31413234060994,81.20396168222011,0.7697736281938921,5.691678202463471
3080.0,42.191959381103516,273.7995695171154,3.108113335626454,-255.62244815023587,273.7995695171154,255.62244815023587,192.5956060802357,2.338339879945142,-261.31412767858035,81.20396343687968,0.7697734556813121,5.691679528344473
3088.0,42.30177688598633,273.7995736611448,3.108124334184031,-255.6223932434249,273.7995736611448,255.6223932434249,192.5956084376606,2.338350912438644,-261.3140736244201,81.20396522348423,0.7697734217453871,5.691680380995153
3096.0,42.41159439086914,273.79958434711335,3.108133805583007,-255.6223875436717,273.79958434711335,255.6223875436717,192.59561782728983,2.3383601617526337,-261.31406903847386,81.20396651982352,0.769773643830373,5.691681494802161
3104.0,42.52141189575195,273.79958544091994,3.108138462073534,-255.62235446837948,273.79958544091994,255.62235446837948,192.59561753842857,2.338365192841443,-261.31403728406616,81.20396790249136,0.7697732692320911,5.691682815686676
3112.0,42.631229400634766,273.7995774854195,3.1081445068006848,-255.6222874210512,273.7995774854195,255.6222874210512,192.5956088365187,2.3383709897916196,-261.3139710154955,81.20396864890081,0.7697735170090652,5.691683594444302
3120.0,42.74104690551758,273.7995737957482,3.1081521260946454,-255.6222458665328,273.7995737957482,255.6222458665328,192.5956043826812,2.3383785071175094,-261.31393049032073,81.20396941306703,0.7697736189771358,5.691684623787927
3128.0,42.850860595703125,273.7995640362626,3.1081583141099043,-255.62221655722846,273.7995640362626,255.62221655722846,192.59559385606644,2.338385117639951,-261.3139019642174,81.2039701801962,0.7697731964699535,5.691685406988933
3136.0,42.96067428588867,273.79956630443985,3.108171750268509,-255.6221824997187,273.79956630443985,255.6221824997187,192.59559608209736,2.3383987548111977,-261.3138688535846,81.20397022234246,0.7697729954573111,5.691686353865917
3144.0,43.07048416137695,273.7995654671878,3.108178391873231,-255.62215340280014,273.7995654671878,255.62215340280014,192.5955952983159,2.3384051106958252,-261.31384012319336,81.20397016887185,0.7697732811774056,5.691686720393216
3152.0,43.1802978515625,273.799566899506,3.1081777233342285,-255.6221255286821,273.799566899506,255.6221255286821,192.59559657873064,2.338404858353012,-261.3138132584567,81.20397032077534,0.7697728649812166,5.691687729774616
3160.0,43.29011154174805,273.79958151622856,3.108187449784201,-255.6221017293231,273.79958151622856,255.6221017293231,192.59561123387363,2.3384146517109077,-261.31378994090824,81.20397028235493,0.7697727980732936,5.691688211585129
3168.0,43.39992141723633,273.7995813113506,3.1081949871890884,-255.62208148566376,273.7995813113506,255.62208148566376,192.59561096101973,2.338422130819968,-261.3137709044586,81.2039703503309,0.7697728563691202,5.6916894187948195
3176.0,43.509735107421875,273.79955918983944,3.108200956762021,-255.622004909552,273.79955918983944,255.622004909552,192.59558890539313,2.338428130577122,-261.3136946857002,81.20397028444631,0.7697728261848988,5.691689776148226
3184.0,43.61954879760742,273.7995896983989,3.1082122617335637,-255.62198978362085,273.7995896983989,255.62198978362085,192.59561900445652,2.3384393542158217,-261.3136805869641,81.20397069394235,0.7697729075177422,5.691690803343258
3192.0,43.7293586730957,273.7995851853275,3.1082132328621848,-255.62195596342264,273.7995851853275,255.62195596342264,192.5956141387069,2.3384404644935577,-261.3136473037252,81.20397104662061,0.7697727683686268,5.691691340302551
3200.0,43.83917236328125,273.79960718474825,3.1082303988050164,-255.62191210305986,273.79960718474825,255.62191210305986,192.59563530467165,2.338457561828024,-261.3136044209574,81.20397188007661,0.7697728369769925,5.691692317897559
3208.0,43.94903564453125,273.79961655611476,3.1082281068473385,-255.6218870275693,273.79961655611476,255.6218870275693,192.59564415530502,2.338455199781295,-261.31358036743285,81.2039724008097,0.7697729070660435,5.6916933398635585
3216.0,44.0588493347168,273.79958991819177,3.1082424678018543,-255.62184343138256,273.79958991819177,255.62184343138256,192.59561747124633,2.338470099000429,-261.3135374045072,81.20397244694546,0.7697723688014255,5.691693973124649
3224.0,44.16865921020508,273.7994605844591,3.1082449264130525,-255.6217917988572,273.7994605844591,255.6217917988572,192.59549468565226,2.338472256807281,-261.313484234642,81.20396589880687,0.7697726696057714,5.691692435784767
3232.0,44.278472900390625,273.79943507263323,3.10823435685088,-255.62176889383852,273.79943507263323,255.62176889383852,192.59547565283847,2.3384616292348883,-261.3134603112621,81.20395941979476,0.7697727276159916,5.691691417423566
3240.0,44.38828659057617,273.79949315537726,3.1082361012917024,-255.6218365965926,273.79949315537726,255.6218365965926,192.5955347410936,2.338463419815252,-261.31352764037365,81.20395841428365,0.7697726814764505,5.691691043781047
3248.0,44.49809646606445,273.7995265949829,3.108245668819073,-255.6218121931975,273.7995265949829,255.6218121931975,192.59556689581,2.3384729234888613,-261.3135042536495,81.20395969917291,0.7697727453302121,5.691692060451995
3256.0,44.60791015625,273.79955300516656,3.1082371921880148,-255.62181479878134,273.79955300516656,255.62181479878134,192.59559142423367,2.33846493083614,-261.3135079322454,81.20396158093288,0.7697722613518749,5.691693133464056
3264.0,44.71772384643555,273.79957562029665,3.1082423400075565,-255.62176530091602,273.79957562029665,255.62176530091602,192.59561169843136,2.338469793979796,-261.3134593234579,81.20396392186531,0.7697725460277605,5.69169402254186
3272.0,44.82753372192383,273.7995897479216,3.1082425947673995,-255.62176545956365,273.7995897479216,255.62176545956365,192.59562322250326,2.338469853743395,-261.3134609778718,81.20396652541831,0.7697727410240047,5.691695518308142
3280.0,44.93735122680664,273.7996076847537,3.1082422391908713,-255.62174799428627,273.7996076847537,255.62174799428627,192.5956384162468,2.338470044592642,-261.31344456358266,81.20396926850694,0.769772194598229,5.691696569296404
3288.0,45.04716491699219,273.7996188076102,3.108252010713392,-255.6217237060552,273.7996188076102,255.6217237060552,192.59564718998286,2.3384795692971436,-261.3134213539095,81.20397161762736,0.7697724414162486,5.691697647854303
3296.0,45.156978607177734,273.7996213435662,3.108240740468303,-255.62171429834012,273.7996213435662,255.62171429834012,192.59564719058363,2.338468194839348,-261.3134128199029,81.20397415298257,0.769772545628955,5.691698521562796
3304.0,45.266788482666016,273.7996147041978,3.1082475109437593,-255.62168546230762,273.7996147041978,255.62168546230762,192.59563890194732,2.338474946433566,-261.3133852927639,81.20397580225048,0.7697725645101934,5.691699830456248
3312.0,45.37660217285156,273.79959125317976,3.1082421663409248,-255.62165468818722,273.79959125317976,255.62165468818722,192.59561415215376,2.338469710339783,-261.3133550409364,81.20397710102603,0.7697724560011416,5.691700352749185
3320.0,45.48641586303711,273.79959890610746,3.1082558806058884,-255.62161939692606,273.79959890610746,255.62161939692606,192.59562086591077,2.338483215383685,-261.31332035471036,81.20397804019672,0.769772665222203,5.691700957784281
3328.0,45.59622573852539,273.7996070172874,3.108256613877985,-255.6216616474117,273.7996070172874,255.6216616474117,192.59562840869904,2.3384840241239724,-261.3133637310311,81.20397860858837,0.7697725897540124,5.691702083619369
3336.0,45.706111907958984,273.79958292880826,3.108273621666822,-255.62160761143326,273.79958292880826,255.62160761143326,192.59560420045133,2.338501008099646,-261.31331030584,81.20397872835692,0.7697726135671763,5.691702694406735
3344.0,45.815921783447266,273.7995863484511,3.1082671927115957,-255.62159712944674,273.7995863484511,255.62159712944674,192.59560747000157,2.338494630273155,-261.3133006018669,81.20397887844952,0.7697725624384406,5.6917034724201585
3352.0,45.92573547363281,273.79957677011043,3.108259063766051,-255.62157707952943,273.79957677011043,255.62157707952943,192.59559780305156,2.3384864423399403,-261.3132808293186,81.20397896705884,0.7697726214261107,5.691703749789195
3360.0,46.035552978515625,273.7995646062869,3.1082645048721056,-255.62154033342014,273.7995646062869,255.62154033342014,192.5955856907018,2.338491816409874,-261.3132449846999,81.20397891558508,0.7697726884622318,5.691704651279752
3368.0,46.14536666870117,273.79957295521086,3.1082580710689096,-255.6215634023066,273.79957295521086,255.6215634023066,192.59559380765768,2.338485587388276,-261.3132688439909,81.20397914755317,0.7697724836806334,5.6917054416842845
3376.0,46.25517654418945,273.799570085668,3.108262756167513,-255.62151687913783,273.799570085668,255.62151687913783,192.59559083908374,2.338489982385357,-261.31322279004286,81.20397924658425,0.7697727737821558,5.691705910905016
3384.0,46.364990234375,273.7995658479223,3.10827456085299,-255.62150276580883,273.7995658479223,255.62150276580883,192.59558632669933,2.338501932389796,-261.31320977587575,81.20397952122293,0.769772628463194,5.691707010066928
3392.0,46.47480392456055,273.7995662264725,3.1082728901799994,-255.62147798753176,273.7995662264725,255.62147798753176,192.59558611377045,2.338500230141028,-261.31318539925456,81.20398011270204,0.7697726600389714,5.691707411722803
3400.0,46.58461380004883,273.79957559339994,3.1082764839736097,-255.62146042175533,273.79957559339994,255.62146042175533,192.5955950289345,2.3385038010030788,-261.31316862678085,81.20398056446543,0.7697726829705311,5.691708205025508
3408.0,46.694427490234375,273.7995817177739,3.108282493125401,-255.62146895736524,273.7995817177739,255.62146895736524,192.59560069352267,2.3385098417596373,-261.31317761277006,81.20398102425119,0.7697726513657634,5.691708655404824
3416.0,46.80424118041992,273.79956886781315,3.1082846082511493,-255.6214242201291,273.79956886781315,255.6214242201291,192.59558705945392,2.3385116835506556,-261.31313361910827,81.20398180835926,0.7697729247004934,5.691709398979171
3424.0,46.9140510559082,273.7995852009574,3.1082809481930767,-255.6214138109781,273.7995852009574,255.6214138109781,192.59560315295457,2.3385081256359848,-261.3131239425073,81.20398204800283,0.7697728225570919,5.691710131529151
3432.0,47.02386474609375,273.79957830273634,3.1082835164801477,-255.62139437614812,273.79957830273634,255.62139437614812,192.59559579009883,2.3385108792716593,-261.31310512603056,81.20398251263752,0.7697726372084881,5.69171074988245
3440.0,47.1336784362793,273.79957360399555,3.108292035181594,-255.6213803481977,273.79957360399555,255.6213803481977,192.59559041262736,2.3385196446394847,-261.3130913824621,81.2039831913682,0.7697723905421094,5.691711034264426
3448.0,47.24348831176758,273.79957431317484,3.108284330942361,-255.6213409068502,273.79957431317484,255.6213409068502,192.59559102007364,2.3385120411092397,-261.3130528389477,81.20398329310119,0.7697722898331214,5.691711932097508
3456.0,47.35330581665039,273.799584926069,3.1082903139680296,-255.62133156306186,273.799584926069,255.62133156306186,192.5956014180305,2.3385180076289234,-261.31304402965316,81.20398350803846,0.769772306339106,5.6917124665912855
3464.0,47.463191986083984,273.7995279335696,3.1082912023700686,-255.6213263982936,273.7995279335696,255.6213263982936,192.59554573687657,2.3385188143678133,-261.3130386938423,81.20398219669303,0.7697723880022551,5.6917122955487205
3472.0,47.573001861572266,273.79954660183273,3.1082951087573174,-255.62130301735533,273.79954660183273,255.62130301735533,192.5955653250922,2.338522742444376,-261.3130155520758,81.20398127674052,0.7697723663129414,5.6917125347204625
3480.0,47.68281936645508,273.7995517693514,3.1082879792027924,-255.62131755433762,273.7995517693514,255.62131755433762,192.59556984132445,2.3385154537465533,-261.31303056741683,81.20398192802699,0.7697725254562389,5.6917130130792
3488.0,47.792633056640625,273.7995315556258,3.1083040970511977,-255.62128973615447,273.7995315556258,255.62128973615447,192.59555026796517,2.338531693999076,-261.3130031942276,81.20398128766061,0.7697724030521214,5.691713458073116
3496.0,47.90244674682617,273.7995434421087,3.1082898732613735,-255.62126745379067,273.7995434421087,255.62126745379067,192.59556189563415,2.338517449968306,-261.312981790965,81.20398154647455,0.7697724232930672,5.691714337174343
3504.0,48.01225662231445,273.79959840053107,3.108304153590927,-255.6212720274903,273.79959840053107,255.6212720274903,192.5956147535569,2.3385316310392676,-261.3129867183143,81.20398364697415,0.7697725225516596,5.69171469082397
3512.0,48.1220703125,273.79967597239397,3.1083028193395013,-255.62128657659252,273.79967597239397,255.62128657659252,192.59568796905603,2.3385303617293167,-261.3130026876335,81.20398800333797,0.7697724576101843,5.691716111040982
3520.0,48.23188400268555,273.7997052496536,3.1083146250472593,-255.62129608557902,273.7997052496536,255.62129608557902,192.59571249654198,2.338542067549463,-261.3130127872088,81.20399275311158,0.7697725574977963,5.691716701629771
3528.0,48.34169387817383,273.7997027537005,3.108316548794881,-255.62123068076403,273.7997027537005,255.62123068076403,192.59570639962533,2.338544191018511,-261.3129484268807,81.20399635407519,0.76977235777637,5.6917177461167
3536.0,48.451507568359375,273.79971442180585,3.108331774808331,-255.6212370580709,273.79971442180585,255.6212370580709,192.5957152186567,2.33855908265557,-261.31295519567317,81.20399920314915,0.769772692152761,5.6917181376022565
3544.0,48.56132125854492,273.79972044484936,3.1083414471338644,-255.62119682328384,273.79972044484936,255.62119682328384,192.59571924676416,2.338568876752116,-261.31291554175664,81.2040011980852,0.7697725703817482,5.69171871847281
3552.0,48.6711311340332,273.79971948219327,3.1083396025701955,-255.62114263702549,273.79971948219327,255.62114263702549,192.59571691950228,2.3385670791879787,-261.3128619218589,81.20400256269102,0.7697725233822168,5.6917192848334
3560.0,48.78094482421875,273.79973499735365,3.108350385013148,-255.6211385338353,273.79973499735365,255.6211385338353,192.595731281582,2.338578065787063,-261.312858369434,81.20400371577166,0.769772319226085,5.691719835598727
3568.0,48.8907585144043,273.799744224131,3.108355347740905,-255.62113733567958,273.799744224131,255.62113733567958,192.59573968236376,2.3385827935812324,-261.3128575571342,81.20400454176723,0.7697725541596727,5.691720221454599
3576.0,49.00056838989258,273.79972732370754,3.108360288949516,-255.6210770857867,273.79972732370754,255.6210770857867,192.59572254899365,2.338587778445172,-261.31279810456493,81.2040047747139,0.769772510504344,5.691721018778229
3584.0,49.110382080078125,273.79972339901127,3.1083702348991853,-255.62104357590138,273.79972339901127,255.62104357590138,192.5957183041444,2.3385977682509833,-261.3127649618901,81.20400509486686,0.7697724666482022,5.691721385988691
3592.0,49.22026443481445,273.79973682471166,3.1083760701249634,-255.62101988330946,273.79973682471166,255.62101988330946,192.59573160072813,2.3386037086713647,-261.3127414303103,81.20400522398353,0.769772361453599,5.691721547000874
3600.0,49.330078125,273.799727646991,3.108388943112041,-255.62097531978344,273.799727646991,255.62097531978344,192.59572288384805,2.3386166131267743,-261.3126975588557,81.20400476314295,0.7697723299852668,5.691722239072256
3608.0,49.43989181518555,273.7997305999397,3.108402512698068,-255.62094608121,273.7997305999397,255.62094608121,192.5957259634713,2.3386298709652205,-261.31266881468514,81.20400463646844,0.7697726417328474,5.691722733475128
3616.0,49.54970169067383,273.799383383524,3.10840301578531,-255.6208289750953,273.799383383524,255.6208289750953,192.5953928046428,2.3386300479383952,-261.312548119166,81.20399057888118,0.769772967846915,5.691719144070736
3624.0,49.659515380859375,273.79939163660845,3.1083718765980457,-255.6209299548282,273.79939163660845,255.6209299548282,192.59541791490085,2.338599359166388,-261.3126454106415,81.2039737217076,0.7697725174316574,5.6917154558132985
3632.0,49.76932907104492,273.79969944362455,3.1083684128047118,-255.62111760187193,273.79969944362455,255.62111760187193,192.5957203918902,2.3385958174140034,-261.3128328853297,81.20397905173434,0.7697725953907084,5.69171528345779
3640.0,49.8791389465332,273.7998540335488,3.1083873326024833,-255.6211011998547,273.7998540335488,255.6211011998547,192.59585988094432,2.3386151427587385,-261.31281940223926,81.2039941526045,0.7697721898437448,5.691718202384552
3648.0,49.98895263671875,273.79993991786716,3.108390121394529,-255.6211131394472,273.79993991786716,255.6211131394472,192.595931313011,2.3386179981520527,-261.31283344950475,81.20400860485614,0.7697721232424761,5.691720310057559
3656.0,50.0987663269043,273.8000197596062,3.1084035376504717,-255.62113266640128,273.8000197596062,255.62113266640128,192.59599838034416,2.3386308501173803,-261.3128545352257,81.20402137926203,0.7697726875330912,5.691721868824441
3664.0,50.20858383178711,273.8000739507167,3.108403363390626,-255.62113872966736,273.8000739507167,255.62113872966736,192.5960406499169,2.338631159008778,-261.31286214016666,81.20403330079981,0.7697722043818478,5.691723410499299
3672.0,50.31839370727539,273.80006198788357,3.108418228872462,-255.6211090460084,273.80006198788357,255.6211090460084,192.5960215850906,2.3386458131476626,-261.31283375235046,81.20404040279296,0.7697724157247996,5.691724706342053
3680.0,50.42820739746094,273.8000031697113,3.1084241285997063,-255.6210179801062,273.8000031697113,255.6210179801062,192.59595963360766,2.3386515398182985,-261.3127432521514,81.20404353610364,0.7697725887814078,5.691725272045193
3688.0,50.538021087646484,273.7997305094352,3.108413664383103,-255.6209295347159,273.7997305094352,255.6209295347159,192.5956966126042,2.3386414203452395,-261.3126529078027,81.20403389683099,0.7697722440378634,5.691723373086807
3696.0,50.647830963134766,273.7997359767298,3.1084080419140188,-255.62088347846785,273.7997359767298,255.62088347846785,192.59571072275443,2.3386356005047575,-261.3126063636768,81.20402525397533,0.7697724414092613,5.69172288520897
3704.0,50.75764465332031,273.7998199298018,3.1084172220512,-255.6210017882868,273.7998199298018,255.6210017882868,192.59579584160673,2.3386447520106697,-261.3127248834836,81.20402408819507,0.7697724700405302,5.6917230951968065
3712.0,50.867462158203125,273.79981859030187,3.1084264806272137,-255.6209099723211,273.79981859030187,255.6209099723211,192.59579406918644,2.3386541687776905,-261.3126339758288,81.20402452111544,0.7697723118495232,5.69172400350773
3720.0,50.97734451293945,273.7998105767059,3.1084271057123436,-255.62089148690248,273.7998105767059,255.62089148690248,192.59578613400757,2.3386546769667276,-261.31261621516023,81.20402444269831,0.7697724287456158,5.691724728257748
3728.0,51.087158203125,273.7995875434377,3.108426435802823,-255.62080948698406,273.7995875434377,255.62080948698406,192.59556994915297,2.3386540771179303,-261.3125328733344,81.20401759428478,0.7697723586848928,5.691723386350372
3736.0,51.19697189331055,273.79945492707554,3.1084086217410145,-255.62072725628943,273.79945492707554,255.62072725628943,192.59545492259326,2.338636480280451,-261.31244780967086,81.2040000044823,0.7697721414605634,5.691720553381426
3744.0,51.30678176879883,273.7995531784553,3.108398806713809,-255.62089794035293,273.7995531784553,255.62089794035293,192.5955583219642,2.3386265525027192,-261.3126175369658,81.20399485649112,0.7697722542110899,5.691719596612838
3752.0,51.416595458984375,273.7996147740605,3.108398769542066,-255.62088864461165,273.7996147740605,255.62088864461165,192.5956192929442,2.338626828531296,-261.31260835734827,81.20399548111628,0.7697719410107697,5.691719712736609
3760.0,51.52640914916992,273.79966542949785,3.108390614805537,-255.62092536652025,273.79966542949785,255.62092536652025,192.59566698176567,2.3386184929665124,-261.3126464295086,81.2039984477322,0.769772121839025,5.6917210629883535
3768.0,51.6362190246582,273.79972340644116,3.1083837002719497,-255.62096476425464,273.79972340644116,255.62096476425464,192.59571989180003,2.338611528254437,-261.3126869733528,81.20400351464113,0.7697721720175126,5.691722209098161
3776.0,51.74603271484375,273.7997738418094,3.1083733567259664,-255.62097325246452,273.7997738418094,255.62097325246452,192.59576363523027,2.3386010755672557,-261.3126972330409,81.20401020657911,0.7697722811587107,5.691723980576397
3784.0,51.8558464050293,273.7998222882874,3.1083706768943253,-255.62100102038875,273.7998222882874,255.62100102038875,192.59580505162677,2.338598133858755,-261.3127260194512,81.20401723666059,0.7697725430355704,5.691724999062455
3792.0,51.96565628051758,273.79984731371786,3.1083694373864126,-255.62106679193565,273.79984731371786,255.62106679193565,192.59582372143825,2.338597077792332,-261.3127931366431,81.20402359227961,0.7697723595940804,5.691726344707455
3800.0,52.075469970703125,273.79985058870255,3.1083571354037325,-255.6210548050629,273.79985058870255,255.6210548050629,192.5958217850878,2.338584674800046,-261.3127822127787,81.20402880361478,0.7697724606036862,5.691727407715801
3808.0,52.18528366088867,273.799829555158,3.10834243164168,-255.62107039076193,273.799829555158,255.62107039076193,192.5957971727193,2.3385700460581593,-261.3127983944724,81.2040323824387,0.7697723855835206,5.6917280037104625
3816.0,52.29509353637695,273.7998258261173,3.108346630754504,-255.62109022812342,273.7998258261173,255.62109022812342,192.59579080589054,2.3385743246284934,-261.312819045896,81.20403502022671,0.7697723061260102,5.691728817772578
3824.0,52.4049072265625,273.79982994527063,3.108336765983789,-255.62106666853808,273.79982994527063,255.62106666853808,192.595791954722,2.338564403487354,-261.312796326589,81.20403799054861,0.7697723624964348,5.691729658050938
3832.0,52.51472091674805,273.79986326730904,3.108331014729934,-255.62112913885977,273.79986326730904,255.62112913885977,192.59582250296285,2.3385585698870424,-261.312859640124,81.20404076434617,0.7697724448428915,5.691730501264194
3840.0,52.62453079223633,273.8000239660515,3.1083369375671968,-255.62119216553563,273.8000239660515,255.62119216553563,192.5959740199346,2.3385644416793223,-261.31292390255396,81.2040499461169,0.7697724958878742,5.6917317370183245
3848.0,52.73442077636719,273.80005745395584,3.108359671489846,-255.6211613772135,273.80005745395584,255.6211613772135,192.5959959662464,2.3385871592968726,-261.3128949987598,81.20406148770945,0.7697725121929737,5.691733621546307
3856.0,52.844234466552734,273.80003726632714,3.1083517460572523,-255.62113168716385,273.80003726632714,255.62113168716385,192.59596866785773,2.33857963682151,-261.31286623822047,81.20406859846942,0.7697721092357421,5.6917345510566255
3864.0,52.954044342041016,273.8000132368786,3.1083692913445518,-255.621082429021,273.8000132368786,255.621082429021,192.59594181613994,2.3385972853238957,-261.31281808801333,81.20407142073864,0.7697720060206563,5.69173565899233
3872.0,53.06385803222656,273.80000437570175,3.108379155144631,-255.62104744080833,273.80000437570175,255.62104744080833,192.59593239654046,2.3386068915170926,-261.3127836597332,81.20407197916128,0.7697722636275386,5.691736218924895
3880.0,53.17367172241211,273.79969217932523,3.1083669040789,-255.62090747659462,273.79969217932523,255.62090747659462,192.59562887212124,2.3385943284711916,-261.3126428922962,81.204063307204,0.7697725756077085,5.691735415701567
3888.0,53.283477783203125,273.7995076420295,3.108355380316927,-255.62084668643178,273.7995076420295,255.62084668643178,192.595466638377,2.338583104450071,-261.3125784094675,81.20404100365249,0.7697722758668559,5.6917317230357165
3896.0,53.39329528808594,273.7995138233928,3.1083456319010994,-255.62093139250297,273.7995138233928,255.62093139250297,192.5954861863282,2.3385732185417076,-261.3126610572291,81.20402763706458,0.769772413359392,5.6917296647261235
3904.0,53.503108978271484,273.7994916303128,3.108328947043041,-255.62089801534256,273.7994916303128,255.62089801534256,192.59546988519028,2.3385565513703366,-261.31262662220917,81.2040217451225,0.7697723956727045,5.691728606866595
3912.0,53.6129264831543,273.79953906624803,3.108330376909753,-255.6209131581147,273.79953906624803,255.6209131581147,192.59551875577105,2.338558066596381,-261.31264191759806,81.20402031047695,0.7697723103133716,5.691728759483377
3920.0,53.72273635864258,273.7996052663833,3.1083338340668387,-255.6210101923717,273.7996052663833,255.6210101923717,192.59558372349994,2.338561648337564,-261.3127397865606,81.20402154288334,0.769772185729275,5.691729594188887
3928.0,53.83254623413086,273.79965221732346,3.1083252059760027,-255.621009390489,273.79965221732346,255.621009390489,192.59562757719556,2.338553215264477,-261.3127399316406,81.20402464012787,0.7697719907115257,5.691730541151575
3936.0,53.94236373901367,273.79970939362323,3.1083131353061813,-255.6210654221596,273.79970939362323,255.6210654221596,192.59568037497496,2.3385410163372993,-261.31279713120057,81.20402901864827,0.769772118968882,5.691731709040976
3944.0,54.05217361450195,273.79975513378076,3.108314170820984,-255.6211015066969,273.79975513378076,255.6211015066969,192.59572161721186,2.33854188199158,-261.3128341161329,81.20403351656887,0.7697722888294039,5.691732609435961
3952.0,54.1619873046875,273.79975520239554,3.1083047256192375,-255.6210979107161,273.79975520239554,255.6210979107161,192.59571705488594,2.338532518452372,-261.3128317231507,81.2040381475096,0.7697722071668656,5.691733812434585
3960.0,54.27180099487305,273.7997866163749,3.1083004372052976,-255.62112255677098,273.7997866163749,255.62112255677098,192.59574398781172,2.3385282014735695,-261.3128572712159,81.20404262856317,0.769772235731728,5.691734714444884
3968.0,54.38161087036133,273.7997667872051,3.108287600321151,-255.6211022924859,273.7997667872051,255.6211022924859,192.59572061998443,2.33851551484534,-261.31283774243883,81.20404616722067,0.7697720854758112,5.691735449952942
3976.0,54.49149703979492,273.79976773110036,3.1082906202047136,-255.6211380017354,273.79976773110036,255.6211380017354,192.595718695404,2.3385187996882983,-261.31287436526003,81.20404903569633,0.7697718205164155,5.691736363524628
3984.0,54.6013069152832,273.7997430483452,3.1082877909989897,-255.62111542358366,273.7997430483452,255.62111542358366,192.59569224934762,2.3385157564981816,-261.31285248170116,81.20405079899759,0.7697720345008079,5.691737058117493
3992.0,54.71112060546875,273.7997365168598,3.108284765724238,-255.62113337706154,273.7997365168598,255.62113337706154,192.59568442569133,2.3385128590351,-261.31287081813275,81.20405209116849,0.769771906689138,5.691737441071212
4000.0,54.8209342956543,273.7997147102186,3.108272834962124,-255.6211123644253,273.7997147102186,255.6211123644253,192.59566182592403,2.3385008116424575,-261.3128502066121,81.20405288429457,0.7697720233196663,5.691737842186782
4008.0,54.93074417114258,273.79968424015044,3.108262992190903,-255.6210887167918,273.79968424015044,255.6210887167918,192.5956315359462,2.3384906921863404,-261.312827035504,81.2040527042042,0.7697723000045626,5.6917383187121775
4016.0,55.040557861328125,273.79966190561265,3.108250604700606,-255.62108428450776,273.79966190561265,255.62108428450776,192.59560946091722,2.3384786123857197,-261.3128230630916,81.20405244469545,0.7697719923148862,5.69173877858388
4024.0,55.15037155151367,273.799656943266,3.1082558213355185,-255.62112555328488,273.799656943266,255.62112555328488,192.59560474818707,2.3384836914974216,-261.3128645912953,81.2040521950789,0.7697721298380966,5.691739038010418
4032.0,55.26018142700195,273.7996379828099,3.1082511850511647,-255.62112413776504,273.7996379828099,255.62112413776504,192.59558614537835,2.3384789479770673,-261.3128633387113,81.20405183743152,0.7697722370740971,5.691739200946257
4040.0,55.3699951171875,273.7996247766164,3.108248165182327,-255.6211119888055,273.7996247766164,255.6211119888055,192.59557292825372,2.33847600721948,-261.31285163642906,81.2040518483627,0.7697721579628469,5.691739647623563
4048.0,55.47980880737305,273.79960897531294,3.108250442675075,-255.6211096274848,273.79960897531294,255.6211096274848,192.59555726039437,2.338478406097641,-261.3128495832766,81.20405171491856,0.7697720365774341,5.691739955791812
4056.0,55.58961868286133,273.79960443164947,3.1082342570153614,-255.62112579127944,273.79960443164947,255.62112579127944,192.59555278812394,2.3384622034252427,-261.312866197318,81.20405164352552,0.7697720535901185,5.691740406038548
4064.0,55.699432373046875,273.79959822352214,3.108231986631613,-255.62109307013037,273.79959822352214,255.62109307013037,192.59554673289725,2.338459882285364,-261.31283402607954,81.20405149062492,0.7697721043462487,5.691740955949165
4072.0,55.80924606323242,273.7995994940368,3.1082285991789815,-255.62113775560178,273.7995994940368,255.62113775560178,192.59554767604953,2.3384566455403357,-261.3128790553209,81.20405181798725,0.769771953638646,5.691741299719095
4080.0,55.9190559387207,273.7995993367099,3.1082171150353552,-255.62115518136915,273.7995993367099,255.62115518136915,192.59554760734204,2.338445248427734,-261.3128969814706,81.20405172936783,0.769771866607621,5.691741800101465
4088.0,56.02886962890625,273.7995908147856,3.1082243439007415,-255.62112334568394,273.7995908147856,255.62112334568394,192.59553867491596,2.3384520476454465,-261.31286545485835,81.20405213986965,0.7697722962552953,5.691742109174427
4096.0,56.1386833190918,273.7995909793454,3.1082206870524045,-255.62115314540105,273.7995909793454,255.62115314540105,192.59553856064045,2.3384486973393908,-261.31289554511216,81.20405241870495,0.7697719897130137,5.6917423997111065
4104.0,56.24857711791992,273.79958447129957,3.1082195213924355,-255.62112331202215,273.79958447129957,255.62112331202215,192.59553195895109,2.3384474533416353,-261.31286622063,81.20405251234847,0.7697720680508002,5.691742908607824
4112.0,56.3583869934082,273.7995742381924,3.1082145135176535,-255.62109543169223,273.7995742381924,255.62109543169223,192.5955211153658,2.3384428809345583,-261.312838453033,81.2040531228266,0.7697716325830954,5.691743021340783
4120.0,56.46821212768555,273.7995713768667,3.108214403029526,-255.62112280124018,273.7995713768667,255.62112280124018,192.5955178198793,2.3384429248040215,-261.31286610258,81.20405355698743,0.7697714782255045,5.691743301339853
4128.0,56.57802200317383,273.79956737175246,3.1082041203621156,-255.62115194690813,273.79956737175246,255.62115194690813,192.59551355863502,2.3384325382871713,-261.31289578809094,81.20405381311747,0.769771582074944,5.691743841182806
4136.0,56.68784713745117,273.7995522985789,3.108202477227967,-255.6211073872035,273.7995522985789,255.6211073872035,192.59549838370134,2.3384308493474397,-261.3128516819127,81.2040539148775,0.7697716278805271,5.6917442947092365
4144.0,56.79765701293945,273.799562106814,3.108198175297794,-255.62114140860078,273.799562106814,255.62114140860078,192.59550810571045,2.3384265511073568,-261.3128862383659,81.20405400110356,0.7697716241904371,5.691744829765087
4152.0,56.9074821472168,273.79956896034093,3.108194275682457,-255.62115831462899,273.79956896034093,255.62115831462899,192.59551442769703,2.3384225459062513,-261.312902952105,81.20405453264388,0.7697717297762057,5.6917446374760114
4160.0,57.01729202270508,273.79956591554514,3.1081928205937412,-255.62115273521727,273.79956591554514,255.62115273521727,192.59551105098802,2.3384212789689665,-261.3128978940549,81.2040548645571,0.7697715416247746,5.6917451588376515
4168.0,57.12711715698242,273.799558402276,3.108201359537705,-255.62118659165927,273.799558402276,255.62118659165927,192.59550326922238,2.3384294157855887,-261.31293216618684,81.20405513305359,0.7697719437521164,5.691745574527577
4176.0,57.2369270324707,273.7995660960389,3.1081880542338545,-255.62118733980537,273.7995660960389,255.62118733980537,192.59551047851193,2.338416515044656,-261.31293294380964,81.20405561752696,0.7697715391891986,5.691745604004266
4184.0,57.34675216674805,273.79954742115325,3.1081876350799567,-255.6211191273025,273.79954742115325,255.6211191273025,192.59549160706126,2.338415934410699,-261.31286516823627,81.20405581409197,0.7697717006692577,5.69174604093377
4192.0,57.45656204223633,273.7995400800477,3.10818212582965,-255.6211418335892,273.7995400800477,255.6211418335892,192.5954839673698,2.338410597640772,-261.3128885048179,81.20405611267788,0.7697715281888782,5.691746671228704
4200.0,57.56637954711914,273.7995343061864,3.108179609061752,-255.6211586970335,273.7995343061864,255.6211586970335,192.59547768447888,2.338407851349806,-261.3129052958561,81.20405662170754,0.7697717577119458,5.6917465988226175
4208.0,57.67619705200195,273.7995554128421,3.1081839820470676,-255.6211744043539,273.7995554128421,255.6211744043539,192.59549842626257,2.3384123411050077,-261.31292169394413,81.20405698657953,0.7697716409420599,5.691747289590246
4216.0,57.7860107421875,273.7995282560325,3.10818156770837,-255.6211407473581,273.7995282560325,255.6211407473581,192.59547100806796,2.338409542104294,-261.31288785399533,81.20405724796453,0.7697720256040763,5.691747106637221
4224.0,57.89583206176758,273.79952749362315,3.108176634741139,-255.62113576939322,273.79952749362315,255.62113576939322,192.59546970940482,2.338405060252773,-261.3128833402294,81.2040577842183,0.7697715744883662,5.691747570836178
4232.0,58.005645751953125,273.7995296284538,3.108174666425907,-255.621175156517,273.7995296284538,255.621175156517,192.59547163571148,2.3384029056854594,-261.3129231213706,81.20405799274229,0.7697717607404475,5.691747964853599
4240.0,58.1154670715332,273.79952192592214,3.1081648581486947,-255.62114016111497,273.79952192592214,255.62114016111497,192.59546398945687,2.338393133114432,-261.3128883039872,81.20405793646523,0.7697717250342626,5.691748142872271
4248.0,58.22528076171875,273.7995163644716,3.1081771113006464,-255.62112886729037,273.7995163644716,255.62112886729037,192.59545789936178,2.338405450975536,-261.312877282154,81.2040584651098,0.7697716603251106,5.691748414863598
4256.0,58.33509826660156,273.7995337579219,3.1081648198554204,-255.62116310009,273.7995337579219,255.62116310009,192.595474999234,2.3383929744951857,-261.31291177857685,81.2040587586879,0.7697718453602347,5.691748678486844
4264.0,58.444915771484375,273.7995262411745,3.1081668202133024,-255.62115488630445,273.7995262411745,255.62115488630445,192.59546723939602,2.338394958164151,-261.3129038964246,81.20405900177845,0.7697718620491514,5.691749010120121
4272.0,58.55473327636719,273.79950581691855,3.1081647706491538,-255.62113876841687,273.79950581691855,255.62113876841687,192.59544710272252,2.3383929746049463,-261.31288813720704,81.20405871419601,0.7697717960442074,5.691749368790164
4280.0,58.66455078125,273.7995218387707,3.108170637342455,-255.6211706482132,273.7995218387707,255.6211706482132,192.59546257120076,2.338398782753373,-261.3129201994184,81.20405926756996,0.7697718545890821,5.6917495512052
4288.0,58.77437210083008,273.79949884235464,3.108162700341004,-255.62113499657085,273.79949884235464,255.62113499657085,192.5954394552165,2.338391177543393,-261.3128849099468,81.2040593871381,0.7697715227976112,5.6917499133759435
4296.0,58.884185791015625,273.79951613736057,3.108162190609457,-255.62114113336466,273.79951613736057,255.62114113336466,192.5954567300405,2.338390560783926,-261.3128910787031,81.20405940732006,0.769771629825531,5.691749945338435
4304.0,58.9940071105957,273.7995149628906,3.108166456883219,-255.62114669562186,273.7995149628906,255.62114669562186,192.5954556765735,2.3383950680211645,-261.31289684892965,81.20405928631712,0.7697713888620543,5.6917501533077886
4312.0,59.103824615478516,273.7995149573445,3.1081657809290313,-255.62114680358775,273.7995149573445,255.62114680358775,192.59545552867704,2.338393994378775,-261.31289717597684,81.2040594286675,0.7697717865502567,5.691750372389084
4320.0,59.21363830566406,273.7995065850353,3.108169947309584,-255.621141922482,273.7995065850353,255.621141922482,192.59544687164478,2.338398072466518,-261.31289277786254,81.20405971339054,0.7697718748430662,5.691750855380537
4328.0,59.32345962524414,273.799495554781,3.1081620909962355,-255.62112047126328,273.799495554781,255.62112047126328,192.59543564937363,2.338390471157138,-261.3128711716995,81.20405990540736,0.7697716198390971,5.691750700436209
4336.0,59.43327713012695,273.79948739728866,3.1081588266823763,-255.6211114515043,273.79948739728866,255.6211114515043,192.5954272571,2.338387105578975,-261.31286258749105,81.20406014018866,0.7697717211034012,5.691751135986745
4344.0,59.543094635009766,273.79948791611577,3.1081748089163437,-255.62111728381015,273.79948791611577,255.62111728381015,192.5954279185323,2.3384028764151417,-261.3128684552265,81.20405999758347,0.769771932501202,5.69175117141638
4352.0,59.65291213989258,273.7994866704038,3.1081625676564326,-255.62112689876918,273.7994866704038,255.62112689876918,192.59542672187547,2.338390599740032,-261.31287832123724,81.20405994852831,0.7697719679164008,5.69175142246805
4360.0,59.76272964477539,273.79948178462075,3.108156312797121,-255.6211354946875,273.79948178462075,255.6211354946875,192.59542173140545,2.3383843708725833,-261.31288696533693,81.20406005321533,0.7697719419245375,5.691751470649415
4368.0,59.87254333496094,273.79947123134957,3.1081568243756488,-255.62110551378032,273.79947123134957,255.62110551378032,192.5954113148582,2.338384947773737,-261.3128571281919,81.20405991649139,0.7697718766019122,5.691751614411602
4376.0,59.98236083984375,273.7994933343231,3.108161054031579,-255.62112012807694,273.7994933343231,255.62112012807694,192.5954332842788,2.338389121059128,-261.31287184796025,81.20406005004429,0.7697719329724513,5.691751719883316
4384.0,60.09217834472656,273.79947446300224,3.108152992590129,-255.6211035081485,273.79947446300224,255.6211035081485,192.59541456186136,2.3383809534810966,-261.3128555939676,81.2040599011409,0.7697720391090324,5.691752085819086
4392.0,60.201995849609375,273.7994804573648,3.108155270405799,-255.62110276208088,273.7994804573648,255.62110276208088,192.5954203375574,2.3383833717746243,-261.312855119626,81.20406011980735,0.7697718986311746,5.691752357545136
4400.0,60.31181335449219,273.79948142821945,3.108159736362567,-255.6211038387219,273.79948142821945,255.6211038387219,192.5954215812633,2.338387827135485,-261.31285654554677,81.20405984695614,0.769771909227082,5.691752706824872
4408.0,60.421630859375,273.79946235799923,3.1081526758723204,-255.62106068710048,273.79946235799923,255.62106068710048,192.59540219047017,2.338380812778879,-261.3128136292079,81.20406016752906,0.7697718630934411,5.691752942107398
4416.0,60.53144836425781,273.7994793756428,3.108159736827644,-255.62110203441662,273.7994793756428,255.62110203441662,192.5954189504137,2.338387898751172,-261.3128547204348,81.20406042522916,0.769771838076472,5.6917526860181855
4424.0,60.641265869140625,273.79949728209704,3.1081613629975515,-255.62111616836074,273.79949728209704,255.62111616836074,192.59543679237166,2.338389530438567,-261.3128693197207,81.2040604897254,0.7697718325589844,5.691753151359922
4432.0,60.75108337402344,273.79947683468515,3.1081497337019237,-255.62109381905722,273.79947683468515,255.62109381905722,192.59541573731377,2.33837785489334,-261.31284712808787,81.20406109737141,0.7697718788085837,5.691753309030658
4440.0,60.86090087890625,273.7994907647083,3.1081641117939593,-255.62110393304323,273.7994907647083,255.62110393304323,192.59542945021568,2.3383924087933523,-261.312857360652,81.20406131449263,0.769771703000607,5.691753427608784
4448.0,60.97071838378906,273.79948537167274,3.108162723669254,-255.6210880664519,273.79948537167274,255.6210880664519,192.59542350541756,2.338391004776409,-261.31284193570065,81.20406186625519,0.7697717188928448,5.691753869248746
4456.0,61.080535888671875,273.7994907279249,3.108155601920377,-255.62109106271774,273.7994907279249,255.62109106271774,192.5954284701497,2.338383921019129,-261.3128449577586,81.2040622577752,0.7697716809012483,5.691753895040875
4464.0,61.19035339355469,273.7994877266872,3.1081597428644883,-255.62107477121475,273.7994877266872,255.62107477121475,192.59542484844656,2.3383881577942587,-261.3128290722305,81.20406287824059,0.7697715850702296,5.691754301015738
4472.0,61.3001708984375,273.79949262467755,3.1081596577025907,-255.621067404729,273.79949262467755,255.621067404729,192.59542918193137,2.3383881230287002,-261.31282218706565,81.20406344274619,0.7697715346738907,5.691754782336668
4480.0,61.40998840332031,273.7994984994367,3.108167874652721,-255.62107964839345,273.7994984994367,255.62107964839345,192.59543484177107,2.338396225589445,-261.31283438170266,81.20406365766567,0.7697716490632762,5.691754733309204
4488.0,61.519805908203125,273.79948855146813,3.1081595673701194,-255.62104649175268,273.79948855146813,255.62104649175268,192.5954246645765,2.338387760070266,-261.3128012238454,81.20406388689162,0.7697718072998538,5.691754732092708
4496.0,61.62962341308594,273.79947733964025,3.1081652980323655,-255.62102478954057,273.79947733964025,255.62102478954057,192.5954133756016,2.3383934085291824,-261.312779787973,81.20406396403868,0.7697718895031829,5.691754998432424
4504.0,61.73944091796875,273.7995028315477,3.108166389860572,-255.62108180324006,273.7995028315477,255.62108180324006,192.5954384588818,2.3383945294458783,-261.3128365502205,81.20406437266593,0.7697718604146935,5.691754746980432
4512.0,61.84925842285156,273.7994793285,3.1081608208973295,-255.6210301202343,273.7994793285,255.6210301202343,192.5954149647522,2.3383893248343024,-261.31278545378746,81.2040643637478,0.7697714960630271,5.691755333553155
4520.0,61.959075927734375,273.79949873844464,3.108164151007465,-255.62104799084167,273.79949873844464,255.62104799084167,192.5954340533485,2.3383925500587748,-261.31280347013666,81.20406468509611,0.7697716009486903,5.691755479294996
4528.0,62.06889343261719,273.7994948526356,3.108168564368201,-255.6210502289852,273.7994948526356,255.6210502289852,192.595429956293,2.3383966216624743,-261.31280599703484,81.20406489634257,0.7697719427057266,5.691755768049632
4536.0,62.1787109375,273.7994963064739,3.1081831113763254,-255.62103873736672,273.7994963064739,255.62103873736672,192.5954313238898,2.3384112729773676,-261.312794401129,81.20406498258406,0.769771838398958,5.691755663762275
4544.0,62.28852844238281,273.7995023141775,3.1081652211943105,-255.62103078137727,273.7995023141775,255.62103078137727,192.59543749732947,2.3383934654524374,-261.3127868238302,81.20406481684805,0.7697717557418728,5.691756042452939
4552.0,62.398345947265625,273.7995042418012,3.108172650907806,-255.6210149037071,273.7995042418012,255.6210149037071,192.59543924727836,2.338401198069074,-261.3127711106957,81.20406499452281,0.7697714528387318,5.691756206988585
4560.0,62.50816345214844,273.79950688912584,3.1081818031189226,-255.62101758890208,273.79950688912584,255.62101758890208,192.59544155980356,2.338409859898621,-261.31277394239754,81.20406532932225,0.7697719432203016,5.691756353495462
4568.0,62.61798095703125,273.7995012728466,3.1081671969061846,-255.62102340019334,273.7995012728466,255.62102340019334,192.59543565387702,2.3383952310412623,-261.3127796329651,81.2040656189696,0.7697719658649222,5.691756232771751
4576.0,62.72779846191406,273.7994977464191,3.1081795513616663,-255.62098641769603,273.7994977464191,255.62098641769603,192.59543193045806,2.338407853872647,-261.3127429525544,81.204065815961,0.7697716974890194,5.691756534858383
4584.0,62.837615966796875,273.79950565980107,3.1081826510551407,-255.62100184651754,273.79950565980107,255.62100184651754,192.5954396906199,2.338410954724647,-261.3127584262625,81.20406596918114,0.7697716963304939,5.691756579744973
4592.0,62.94743347167969,273.79950837460325,3.1081821478301253,-255.62098552054712,273.79950837460325,255.62098552054712,192.59544236643325,2.3384102270416878,-261.31274215940607,81.20406600817002,0.7697719207884373,5.691756638858939
4600.0,63.0572509765625,273.7995099231713,3.108179497072845,-255.62098756426883,273.7995099231713,255.62098756426883,192.59544418582976,2.3384079625774965,-261.31274429927885,81.20406573734151,0.7697715344953482,5.691756735010021
4608.0,63.16706466674805,273.79949542468876,3.108186031390759,-255.6209460959447,273.79949542468876,255.6209460959447,192.59542928205713,2.3384140883993125,-261.3127031634426,81.2040661426316,0.7697719429914469,5.691757067497904
4616.0,63.276885986328125,273.79952335703894,3.1081930478028004,-255.62096160447166,273.79952335703894,255.62096160447166,192.5954572053423,2.338421041863048,-261.31271879861913,81.20406615169662,0.7697720059397524,5.691757194147462
4624.0,63.38669967651367,273.79952331647974,3.108197306894132,-255.62096661608757,273.79952331647974,255.62096661608757,192.59545706469524,2.3384253401189476,-261.31272354570365,81.2040662517845,0.7697719667751843,5.691756929616091
4632.0,63.496517181396484,273.7995118303485,3.1081966176565623,-255.62094573529066,273.7995118303485,255.62094573529066,192.595445812526,2.3384246045950103,-261.3127031581154,81.20406601782246,0.769772013061552,5.691757422824752
4640.0,63.6063346862793,273.7995126690879,3.1082000437804957,-255.62094144963754,273.7995126690879,255.62094144963754,192.59544680258963,2.338428097526237,-261.3126986453057,81.20406586649827,0.7697719462542589,5.691757195668188
4648.0,63.71615219116211,273.7995185541403,3.1081944946998745,-255.62090829553665,273.7995185541403,255.62090829553665,192.59545249631267,2.3384224804229925,-261.3126656993782,81.20406605782765,0.769772014276882,5.691757403841557
4656.0,63.82596969604492,273.7995147122983,3.10820541370017,-255.62090557990624,273.7995147122983,255.62090557990624,192.5954485503404,2.33843324696127,-261.31266354301323,81.20406616195788,0.7697721667388999,5.691757963106999
4664.0,63.935787200927734,273.7995316054433,3.1082036288281385,-255.620927631347,273.7995316054433,255.620927631347,192.59546531261293,2.338431537822364,-261.3126853118961,81.20406629283036,0.7697720910057746,5.691757680549081
4672.0,64.04560089111328,273.79952522040224,3.108205429455318,-255.62089275937282,273.79952522040224,255.62089275937282,192.5954587313484,2.3384333975744656,-261.3126506758073,81.20406648905386,0.7697720318808523,5.691757916434466
4680.0,64.1554183959961,273.79953810846297,3.108212256641384,-255.62089087517032,273.79953810846297,255.62089087517032,192.5954711044222,2.3384402248713676,-261.3126492475641,81.2040670040408,0.7697720317700165,5.6917583723937595
4688.0,64.2652359008789,273.79954243466733,3.1082167701294856,-255.6208985195906,273.79954243466733,255.6208985195906,192.5954750940619,2.338444584082107,-261.31265676607086,81.20406734060542,0.7697721860473785,5.6917582464802425
4696.0,64.37505340576172,273.7995511617438,3.1082133387539628,-255.6208896569581,273.7995511617438,255.6208896569581,192.59548365754685,2.3384413059120286,-261.3126481041832,81.20406750419694,0.7697720328419344,5.691758447225125
4704.0,64.48487091064453,273.7995424085161,3.1082169272138547,-255.62086604815636,273.7995424085161,255.62086604815636,192.59547461915614,2.338444910147197,-261.3126244744199,81.20406778936001,0.7697720170666573,5.691758426263573
4712.0,64.59468841552734,273.79956119282195,3.108223958294796,-255.62084674577102,273.79956119282195,255.62084674577102,192.59549325073093,2.3384517431979894,-261.31260546855884,81.20406794209103,0.7697722150968069,5.691758722787833
4720.0,64.70450592041016,273.7995576201246,3.1082236359236735,-255.62083193767722,273.7995576201246,255.62083193767722,192.59548930400837,2.3384516344896817,-261.3125908587745,81.20406831611618,0.7697720014339917,5.691758921097301
4728.0,64.8143310546875,273.7995606866362,3.108234046268459,-255.62081997408066,273.7995606866362,255.62081997408066,192.5954921255469,2.3384618092052873,-261.31257889726027,81.2040685610893,0.7697722370631717,5.691758923179593
4736.0,64.92414093017578,273.79957502170663,3.1082349659458437,-255.62085099034383,273.79957502170663,255.62085099034383,192.59550612014604,2.3384627726132505,-261.31260994883417,81.2040689015606,0.769772193332593,5.691758958490327
4744.0,65.0339584350586,273.799389449806,3.1082267166405417,-255.62081038823553,273.799389449806,255.62081038823553,192.59532731162838,2.3384544127600244,-261.3125680063223,81.20406213817762,0.7697723038805173,5.6917576180867755
4752.0,65.1437759399414,273.7992936199454,3.108205443400213,-255.6207817225815,273.7992936199454,255.6207817225815,192.59524202737214,2.338433392903933,-261.3125365611175,81.20405159257322,0.7697720504962797,5.691754838535996
4760.0,65.25359344482422,273.7993248851956,3.108201241215064,-255.6208627515281,273.7993248851956,255.6208627515281,192.59527978319755,2.338429192171631,-261.3126160405694,81.20404510199802,0.769772049043433,5.691753289041328
4768.0,65.36341094970703,273.7993320597251,3.1081928212767522,-255.62089070729593,273.7993320597251,255.62089070729593,192.59528856099857,2.3384209139513765,-261.31264363674575,81.2040434987265,0.7697719073253759,5.691752929449814
4776.0,65.47322845458984,273.7993378418125,3.1081883838033706,-255.62088139574357,273.7993378418125,255.62088139574357,192.59529487124715,2.338416502578665,-261.31263429866954,81.20404297056534,0.7697718812247054,5.69175290292598
4784.0,65.58304595947266,273.7993585431326,3.1081791886186996,-255.620905726249,273.7993585431326,255.620905726249,192.59531486090214,2.338407552117335,-261.3126589008965,81.20404368223049,0.7697716365013645,5.691753174647519
4792.0,65.69286346435547,273.799368891925,3.10818543395549,-255.62093190395822,273.799368891925,255.62093190395822,192.59532410929887,2.338413581136749,-261.31268508004916,81.20404478262613,0.7697718528187409,5.69175317609094
4800.0,65.80268096923828,273.7993931026134,3.1081750059604705,-255.6209538436533,273.7993931026134,255.6209538436533,192.59534674955788,2.33840328693812,-261.3127074832521,81.20404635305555,0.7697717190223503,5.691753639598791
4808.0,65.9124984741211,273.7994100180702,3.108166007536531,-255.6209714648887,273.7994100180702,255.6209714648887,192.5953619534627,2.338394410659426,-261.3127254271715,81.20404806460749,0.7697715968771053,5.6917539622827675
4816.0,66.0223159790039,273.79940649557784,3.1081592231469948,-255.620973195786,273.79940649557784,255.620973195786,192.59535670123995,2.3383874568006995,-261.3127278327969,81.20404979433789,0.7697717663462955,5.691754637010886
4824.0,66.13213348388672,273.7994170800458,3.1081530682933804,-255.62098881892896,273.7994170800458,255.62098881892896,192.59536524301598,2.338381338469963,-261.31274370724117,81.20405183702987,0.7697717298234172,5.691754888312216
4832.0,66.24195098876953,273.79944369838984,3.1081534531396264,-255.62102916785494,273.79944369838984,255.62102916785494,192.59539014063,2.338381597835861,-261.3127846600059,81.2040535577598,0.7697718553037656,5.6917554921509605
4840.0,66.35176849365234,273.7994254097032,3.1081495825571506,-255.62101035002598,273.7994254097032,255.62101035002598,192.59537039534112,2.338377870023078,-261.3127661561522,81.20405501436208,0.7697717125340726,5.691755806126189
4848.0,66.46158599853516,273.7994221727356,3.1081438997347908,-255.62102208000076,273.7994221727356,255.62102208000076,192.5953660891893,2.338372117749251,-261.3127782540306,81.20405608354628,0.7697717819855401,5.691756174029858
4856.0,66.57140350341797,273.79942996060436,3.108125906337144,-255.62106998871127,273.79942996060436,255.62106998871127,192.59537259009923,2.338354006686463,-261.3128267468544,81.20405737050513,0.7697718996506806,5.691756758143132
4864.0,66.68122100830078,273.7994146687141,3.108123851274344,-255.62104174748214,273.7994146687141,255.62104174748214,192.59535638455267,2.3383520968289915,-261.31279846193087,81.20405828416142,0.7697717544453524,5.691756714448724
4872.0,66.7910385131836,273.7994039086951,3.108126961526809,-255.6210615156946,273.7994039086951,255.6210615156946,192.595345075173,2.338355048293846,-261.312818505233,81.20405883352215,0.7697719132329626,5.691756989538388
4880.0,66.9008560180664,273.7994021035246,3.108120949821741,-255.62107006097037,273.7994021035246,255.62107006097037,192.5953422714834,2.3383491515152866,-261.3128272641394,81.20405983204117,0.769771798306454,5.69175720316904
4888.0,67.01067352294922,273.79938544381065,3.1081197109757412,-255.62108357731466,273.79938544381065,255.62108357731466,192.59532521496607,2.338347627651668,-261.3128410660836,81.2040602288446,0.7697720833240731,5.691757488768942
4896.0,67.12049102783203,273.79937609009687,3.108103504939369,-255.62109175648666,273.79937609009687,255.62109175648666,192.59531574823075,2.338331275199832,-261.31284957381365,81.20406034186612,0.7697722297395369,5.691757817326999
4904.0,67.23030853271484,273.79937902089193,3.1081086011587375,-255.62111236836014,273.79937902089193,255.62111236836014,192.595318468195,2.3383364899735,-261.3128701951211,81.20406055269697,0.7697721111852378,5.691757826760947
4912.0,67.34012603759766,273.79934574606466,3.1080986463431683,-255.6210967908768,273.79934574606466,255.6210967908768,192.59528487637374,2.338326509859646,-261.3128547933513,81.20406086969092,0.7697721364835224,5.691758002474474
4920.0,67.44994354248047,273.7993458640109,3.1080920039406266,-255.6210956354208,273.7993458640109,255.6210956354208,192.59528482349725,2.338319912556579,-261.3128535114412,81.20406104051366,0.7697720913840476,5.691757876020381
4928.0,67.55976104736328,273.79934158429,3.1080821086595365,-255.62111694537583,273.79934158429,255.62111694537583,192.59528074070369,2.338310050180551,-261.31287476508106,81.2040608435863,0.7697720584789853,5.691757819705231
4936.0,67.6695785522461,273.79935263974204,3.108075724647585,-255.62116677835715,273.79935263974204,255.62116677835715,192.59529156864147,2.338303498589977,-261.31292483497197,81.20406107110057,0.7697722260576079,5.691758056614817
4944.0,67.7793960571289,273.7993252890709,3.1080768200099085,-255.62115671271238,273.7993252890709,255.62115671271238,192.59526388551427,2.3383047478805277,-261.3129150357834,81.20406140355661,0.769772072129381,5.691758323071029
4952.0,67.88921356201172,273.7993102179224,3.108071062678965,-255.621138619156,273.7993102179224,255.621138619156,192.59524886761764,2.338298953730208,-261.312896929586,81.2040613503048,0.7697721089487568,5.6917583104299885
4960.0,67.99903106689453,273.79931990951786,3.1080666365805967,-255.62117176236322,273.79931990951786,255.62117176236322,192.59525847019754,2.338294354386867,-261.3129305684723,81.20406143932034,0.7697722821937298,5.6917588061091084
4968.0,68.10884857177734,273.79930714579217,3.10806379332862,-255.62117462219385,273.79930714579217,255.62117462219385,192.59524564163735,2.3382918136094277,-261.31293312138007,81.20406150415482,0.7697719797191924,5.691758499186232
4976.0,68.21866607666016,273.79930435780415,3.108052692630615,-255.6211956517643,273.79930435780415,255.6211956517643,192.59524244756463,2.3382805088038214,-261.3129542739666,81.20406191023952,0.7697721838267932,5.691758622202311
4984.0,68.32848358154297,273.79929652922976,3.108062578069072,-255.62122058930117,273.79929652922976,255.62122058930117,192.59523448680758,2.338290266210552,-261.31297927013725,81.20406204242217,0.76977231185852,5.691758680836067
4992.0,68.43830108642578,273.7993031147479,3.108047795291559,-255.62120825962802,273.7993031147479,255.62120825962802,192.59524109335712,2.338275720600854,-261.3129673964622,81.20406202139074,0.7697720746907049,5.6917591368342
5000.0,68.5481185913086,273.79928379068195,3.1080438485241695,-255.62124364286723,273.79928379068195,255.62124364286723,192.59522154327118,2.338271814331143,-261.3130026701398,81.20406224741076,0.7697720341930261,5.6917590272725445
5008.0,68.6579360961914,273.7992875503418,3.1080342089053845,-255.62126558263517,273.7992875503418,255.62126558263517,192.5952253103419,2.3382623208977655,-261.31302457731005,81.20406223999987,0.7697718880076192,5.691758994674881
5016.0,68.76775360107422,273.79927796402217,3.1080345057340137,-255.62122997317505,273.79927796402217,255.62122997317505,192.5952151690268,2.3382624899839723,-261.3129892011318,81.20406279499537,0.7697720157500416,5.691759227956757
5024.0,68.87757110595703,273.7992681099757,3.108023776751402,-255.6212284735053,273.7992681099757,255.6212284735053,192.5952052571668,2.3382517554785736,-261.31298776063807,81.20406285280887,0.7697720212728285,5.691759287132751
5032.0,68.98738861083984,273.7992757336108,3.1080256992785413,-255.62126342838496,273.7992757336108,255.62126342838496,192.5952126374442,2.338253619475818,-261.3130229634209,81.20406309616658,0.769772079802723,5.691759535035931
5040.0,69.09720611572266,273.79928382327967,3.1080226316184563,-255.62129476042185,273.79928382327967,255.62129476042185,192.59522041455338,2.338250735863808,-261.3130541899279,81.2040634087263,0.7697718957546482,5.6917594295060905
5048.0,69.20702362060547,273.79926548853166,3.1080102459982397,-255.62128290828863,273.79926548853166,255.62128290828863,192.59520181143762,2.338238170205194,-261.3130425293739,81.20406367709406,0.7697720757930457,5.691759621085254
5056.0,69.31684112548828,273.7992641294734,3.1080126850689163,-255.62128627371425,273.7992641294734,255.62128627371425,192.5952004625402,2.3382404941706274,-261.31304622731096,81.2040636669332,0.7697721908982889,5.6917599535967085
5064.0,69.4266586303711,273.7992609871905,3.1080098033982138,-255.6213069658001,273.7992609871905,255.6213069658001,192.5951968655519,2.3382376005967984,-261.3130670957937,81.20406412163858,0.7697722028014153,5.691760129993604
5072.0,69.5364761352539,273.7992589587801,3.1080035454001447,-255.62130310419445,273.7992589587801,255.62130310419445,192.59519469646642,2.338231629140964,-261.3130633270863,81.20406426231366,0.7697719162591803,5.691760222891846
5080.0,69.64629364013672,273.79923603217543,3.108002374328657,-255.621320429373,273.79923603217543,255.621320429373,192.59517155249526,2.3382302435344755,-261.3130806116325,81.20406447968017,0.7697721307941812,5.691760182259477
5088.0,69.75611114501953,273.79922947619036,3.107994540640272,-255.62130184968672,273.79922947619036,255.62130184968672,192.59516460556966,2.338222300773666,-261.31306211786614,81.20406487062073,0.7697722398666058,5.691760268179418
5096.0,69.86593627929688,273.7992322143832,3.1079859441020994,-255.62129980376287,273.7992322143832,255.62129980376287,192.5951670893077,2.338213708704885,-261.3130605296543,81.20406512507554,0.7697722353972143,5.691760725891448
5104.0,69.97574615478516,273.79923166098547,3.107984802188284,-255.6213525706583,273.79923166098547,255.6213525706583,192.59516644026365,2.33821249915981,-261.3131132133924,81.20406522072183,0.769772303028474,5.691760642734081
5112.0,70.0855712890625,273.79923191991577,3.1079821246049395,-255.62136459500377,273.79923191991577,255.62136459500377,192.59516648700344,2.33820960608715,-261.3131252815141,81.20406543291232,0.7697725185177897,5.691760686510333
5120.0,70.19538116455078,273.79922297243536,3.1079823721034363,-255.62136437588921,273.79922297243536,255.62136437588921,192.59515728523007,2.3382101379389266,-261.31312497208523,81.20406568720529,0.7697722341645097,5.691760596196008
5128.0,70.30520629882812,273.7992244328476,3.1079736080200098,-255.62138537643796,273.7992244328476,255.62138537643796,192.5951583823485,2.3382015851028712,-261.31314613475286,81.20406605049908,0.7697720229171385,5.6917607583149135
5136.0,70.41500854492188,273.79921668591436,3.107973667809004,-255.62134879768917,273.79921668591436,255.62134879768917,192.59515045135635,2.3382011317490545,-261.3131097535067,81.20406623455801,0.7697725360599492,5.691760955817539
5144.0,70.52482604980469,273.79922389938247,3.107960444714503,-255.62138037433652,273.79922389938247,255.62138037433652,192.5951574774208,2.338187930633699,-261.3131413029779,81.20406642196166,0.769772514080804,5.691760928641361
5152.0,70.6346435546875,273.79920045074255,3.107961087957763,-255.62137308830276,273.79920045074255,255.62137308830276,192.59513332294483,2.338188952440338,-261.3131339767276,81.20406712779771,0.769772135517425,5.691760888424865
5160.0,70.74446105957031,273.79921732220186,3.107963304234243,-255.62139975142176,273.79921732220186,255.62139975142176,192.5951501477504,2.3381909016808087,-261.3131611218497,81.20406717445145,0.7697724025534345,5.691761370427935
5168.0,70.85427856445312,273.7992061732,3.1079588071045454,-255.62140828311414,273.7992061732,255.62140828311414,192.59513897638482,2.3381868400959456,-261.31316960897516,81.20406719681516,0.7697719670085998,5.691761325861027
5176.0,70.9640884399414,273.79920243279497,3.1079503988063277,-255.6214166788269,273.79920243279497,255.6214166788269,192.59513493027305,2.33817826360611,-261.3131780365091,81.20406750252192,0.7697721352002178,5.691761357682205
5184.0,71.07391357421875,273.79917439205883,3.1079471981022833,-255.62139462062578,273.79917439205883,255.62139462062578,192.59510679992212,2.338174940212139,-261.31315616103467,81.20406759213671,0.7697722578901443,5.691761540408894
5192.0,71.18372344970703,273.799181601045,3.107943980212224,-255.62140122022754,273.799181601045,255.62140122022754,192.59511389077434,2.3381718981898945,-261.3131629890031,81.20406771027068,0.7697720820223297,5.69176176877556
5200.0,71.29354858398438,273.79919149584924,3.107947538077376,-255.62144802837977,273.79919149584924,255.62144802837977,192.59512356032468,2.3381753346111434,-261.31320956993966,81.20406793552456,0.7697722034662322,5.691761541559896
5208.0,71.40335845947266,273.799186920816,3.1079392247670845,-255.62145940410892,273.799186920816,255.62145940410892,192.59511909576503,2.338166972447307,-261.3132211770007,81.20406782505098,0.7697722523197776,5.691761772891769
5216.0,71.51318359375,273.79916659718265,3.1079355159888213,-255.6214242471953,273.79916659718265,255.6214242471953,192.59509858930855,2.3381634225852572,-261.31318596871347,81.20406800787407,0.7697720934035641,5.691761721518167
5224.0,71.62300109863281,273.7991795710024,3.1079398617412055,-255.62147595162705,273.7991795710024,255.62147595162705,192.5951112704421,2.3381674883207206,-261.31323790385215,81.20406830056034,0.7697723734204851,5.691761952225101
5232.0,71.73281860351562,273.7991709215707,3.107935816472061,-255.62145811759652,273.7991709215707,255.62145811759652,192.5951024177366,2.3381635707046144,-261.3132200502424,81.20406850383411,0.7697722457674467,5.6917619326459015
5240.0,71.84263610839844,273.7991660971035,3.1079307429904177,-255.62146981904112,273.7991660971035,255.62146981904112,192.59509738297845,2.338158426352229,-261.3132319456219,81.20406871412506,0.7697723166381887,5.691762126580779
5248.0,71.95245361328125,273.79917609859876,3.107930101658375,-255.62146335159693,273.79917609859876,255.62146335159693,192.59510692910362,2.3381576829903477,-261.31322580920164,81.20406916949517,0.7697724186680275,5.691762457604716
5256.0,72.0622787475586,273.7991611565541,3.107918502697168,-255.6214630037106,273.7991611565541,255.6214630037106,192.59509210183,2.338146269914971,-261.3132254165286,81.20406905472406,0.7697722327821972,5.691762412818006
5264.0,72.17208862304688,273.79916886749584,3.107916663543551,-255.62149132845653,273.79916886749584,255.62149132845653,192.59509924483154,2.338144440514538,-261.31325376332177,81.20406962266429,0.7697722230290134,5.691762434865238
5272.0,72.28190612792969,273.7991640811422,3.107916504437438,-255.62147067048892,273.7991640811422,255.62147067048892,192.59509410240014,2.338144308124895,-261.3132332289256,81.20406997874201,0.7697721963125426,5.691762558436661
5280.0,72.3917236328125,273.79916294277416,3.107919287432172,-255.62149316121807,273.79916294277416,255.62149316121807,192.59509268821338,2.3381469735633975,-261.31325544875597,81.20407025456076,0.7697723138687746,5.691762287537907
5288.0,72.50154876708984,273.7991421394536,3.1079145057404816,-255.62147272411,273.7991421394536,255.62147272411,192.59507162446096,2.3381421204412063,-261.3132354317526,81.2040705149926,0.769772385299275,5.691762707642613
5296.0,72.61135864257812,273.79915096434064,3.107922312728727,-255.62148195001748,273.79915096434064,255.62148195001748,192.5950803294024,2.3381501158319513,-261.31324484588816,81.20407063493825,0.7697721968967759,5.691762895870692
5304.0,72.72118377685547,273.7991489665244,3.107911906022781,-255.62149865862796,273.7991489665244,255.62149865862796,192.59507799893296,2.338139799000104,-261.31326147188537,81.2040709675914,0.7697721070226773,5.691762813257421
5312.0,72.83099365234375,273.79915609953616,3.1079065248349966,-255.62149725717498,273.79915609953616,255.62149725717498,192.59508495581133,2.338134088514598,-261.3132604874338,81.2040711437248,0.7697724363203988,5.691763230258841
5320.0,72.9408187866211,273.7990864203505,3.1079082353733276,-255.6214896293499,273.7990864203505,255.6214896293499,192.59501670120125,2.338135790121734,-261.3132523378028,81.20406971914923,0.7697724452515935,5.691762708452899
5328.0,73.05062866210938,273.7990856224102,3.107904210208445,-255.6215056239094,273.7990856224102,255.6215056239094,192.59501801800337,2.3381320714348903,-261.3132677786289,81.20406760440679,0.7697721387735543,5.691762154719534
5336.0,73.16045379638672,273.7991335810354,3.107896311512779,-255.62152956075874,273.7991335810354,255.62152956075874,192.59506529909387,2.338124109187665,-261.31329193115454,81.20406828194153,0.7697722023251141,5.691762370395786
5344.0,73.27027130126953,273.7991625671698,3.1078949517798,-255.6215174315767,273.7991625671698,255.6215174315767,192.59509204167347,2.338122628451384,-261.3132800972324,81.20407052549635,0.7697723233284157,5.691762665655693
5352.0,73.38008880615234,273.7992051775588,3.1078969912730092,-255.62155089719616,273.7992051775588,255.62155089719616,192.59513180980463,2.338124766814089,-261.31331442145705,81.20407336775419,0.76977222445892,5.691763524260894
5360.0,73.48990631103516,273.7992286788401,3.107895279990694,-255.62157197573515,273.7992286788401,255.62157197573515,192.5951531177977,2.338123033496393,-261.3133353925351,81.20407556104242,0.7697722464943006,5.691763416799981
5368.0,73.59972381591797,273.79923784367986,3.107907779557813,-255.62157254484043,273.79923784367986,255.62157254484043,192.59516029031843,2.338135532444436,-261.3133365281065,81.2040775533614,0.7697722471133768,5.691763983266073
5376.0,73.70954132080078,273.79924531920756,3.1079107042546266,-255.6215540296626,273.79924531920756,255.6215540296626,192.59516562905338,2.338138336565245,-261.31331820904575,81.20407969015417,0.7697723676893817,5.691764179383144
5384.0,73.8193588256836,273.7992563386607,3.107912382094055,-255.6215560134538,273.7992563386607,255.6215560134538,192.59517470113323,2.3381400422292127,-261.31332040257723,81.20408163752748,0.769772339864842,5.691764389123419
5392.0,73.92916107177734,273.7992674662247,3.107907762668349,-255.62156612095615,273.7992674662247,255.62156612095615,192.59518417667292,2.338135770350522,-261.3133306672957,81.20408328955179,0.769771992317827,5.691764546339547
5400.0,74.03897857666016,273.7992804409538,3.1079159344472576,-255.62156480769744,273.7992804409538,255.62156480769744,192.5951960814415,2.3381435170947396,-261.31332943528525,81.20408435951228,0.7697724173525178,5.69176462758783
5408.0,74.14879608154297,273.79927870925604,3.1079193978502797,-255.62155161457477,273.79927870925604,255.62155161457477,192.59519276499321,2.3381471364537507,-261.31331629503256,81.20408594426283,0.7697722613965292,5.691764680457796
5416.0,74.25861358642578,273.7992746773374,3.1079206223321245,-255.6215536015493,273.7992746773374,255.6215536015493,192.59518842403787,2.338148398638677,-261.31331849234584,81.20408625329952,0.7697722236934472,5.691764890796549
5424.0,74.3684310913086,273.799269962921,3.107930450359003,-255.62151327363097,273.799269962921,255.62151327363097,192.59518330941646,2.3381581239735674,-261.3132780582239,81.20408665350453,0.7697723263854355,5.691764784592929
5432.0,74.4782485961914,273.7992722736983,3.1079349875246107,-255.62149214928894,273.7992722736983,255.62149214928894,192.5951855540968,2.338162672734448,-261.31325687192606,81.2040867196015,0.7697723147901627,5.691764722637111
5440.0,74.58806610107422,273.7992766510742,3.107937319531633,-255.6215155930993,273.7992766510742,255.6215155930993,192.5951894233668,2.338164929694348,-261.31328031861324,81.20408722770739,0.769772389837285,5.691764725513935
5448.0,74.69788360595703,273.7991818356328,3.107932416729322,-255.62146266311345,273.7991818356328,255.62146266311345,192.59509769758117,2.3381600846994037,-261.313226922529,81.2040841380516,0.7697723320299183,5.691764259415546
5456.0,74.80770111083984,273.79910381091867,3.107923827010419,-255.62142419992207,273.79910381091867,255.62142419992207,192.59502492087196,2.338151427583365,-261.313187630455,81.20407889004669,0.7697723994270536,5.691763430532914
5464.0,74.91751861572266,273.7990678121761,3.10792867923153,-255.6214400673197,273.7990678121761,255.6214400673197,192.5949935615771,2.3381564821577903,-261.3132026541864,81.20407425059896,0.7697721970737395,5.691762586866714
5472.0,75.02733612060547,273.799049323066,3.1079199959608514,-255.62144103753673,273.799049323066,255.62144103753673,192.59497848046522,2.3381477768583214,-261.3132030708841,81.20407084260083,0.76977221910253,5.691762033347334
5480.0,75.13715362548828,273.7990642960702,3.1079144210184593,-255.6214642769209,273.7990642960702,255.6214642769209,192.59499575384626,2.3381420483498423,-261.31322577037963,81.20406854222394,0.7697723726686168,5.691761493458724
5488.0,75.2469711303711,273.79905825500174,3.10792152189849,-255.62147829110427,273.79905825500174,255.62147829110427,192.59499143994762,2.3381489220349105,-261.3132394541449,81.20406681505412,0.7697725998635796,5.691761163040612
5496.0,75.3567886352539,273.7990658833883,3.1079077630970913,-255.6215013199094,273.7990658833883,255.6215013199094,192.59499964913405,2.338135246175871,-261.31326216021034,81.20406623425427,0.7697725169212204,5.691760840300919
5504.0,75.46660614013672,273.79907835522573,3.1079132752130736,-255.62149758741936,273.79907835522573,255.62149758741936,192.59501270559116,2.3381408098150422,-261.313258549505,81.20406564963457,0.7697724653980316,5.691760962085665
5512.0,75.57642364501953,273.79908151984483,3.107913862370882,-255.62148778947963,273.79908151984483,255.62148778947963,192.5950157617178,2.3381411350898094,-261.31324856949374,81.20406575812704,0.7697727272810726,5.691760780014096
5520.0,75.68624114990234,273.7990912664385,3.107911082883153,-255.62149163196395,273.7990912664385,255.62149163196395,192.59502486003578,2.3381384501989393,-261.31325250686234,81.20406640640269,0.7697726326842136,5.691760874898382
5528.0,75.79605865478516,273.7990941335302,3.107912815802592,-255.6214736099822,273.7990941335302,255.6214736099822,192.59502735101339,2.3381403013382576,-261.31323497140585,81.20406678251682,0.7697725144643344,5.691761361423652
5536.0,75.90587615966797,273.7991095690726,3.1079048260658366,-255.62149159591968,273.7991095690726,255.62149159591968,192.5950422010977,2.3381323558681677,-261.31325286021024,81.20406736797487,0.7697724701976687,5.691761264290568
5544.0,76.01569366455078,273.79911239442424,3.1079125047225906,-255.62151727963746,273.79911239442424,255.62151727963746,192.59504441492686,2.338140077285933,-261.31327852610747,81.2040679794974,0.7697724274366577,5.691761246469999
5552.0,76.1255111694336,273.7991326715052,3.1079034644358994,-255.6215241084206,273.7991326715052,255.6215241084206,192.5950638850583,2.338131090600127,-261.31328548158484,81.20406878644692,0.7697723738357722,5.691761373164228
5560.0,76.2353286743164,273.7991199285709,3.107912422333679,-255.6214895689818,273.7991199285709,255.6214895689818,192.59505024420847,2.3381401438440372,-261.31325124275054,81.20406968436242,0.7697722784896419,5.69176167376874
5568.0,76.34515380859375,273.79914321394835,3.1079060434358983,-255.62151675183802,273.79914321394835,255.62151675183802,192.59507297084568,2.3381338626574775,-261.3132787270993,81.20407024310269,0.7697721807784208,5.691761975261288
5576.0,76.45496368408203,273.7991280184924,3.10790464103453,-255.62151675670088,273.7991280184924,255.62151675670088,192.59505700425046,2.3381324035313886,-261.313278877279,81.20407101424198,0.7697722375031415,5.691762120578112
5584.0,76.56478881835938,273.79913178706516,3.1079093412529106,-255.62152120960613,273.79913178706516,255.62152120960613,192.59506040831354,2.338137051283879,-261.31328330006255,81.20407137875162,0.7697722899690316,5.691762090456416
5592.0,76.67459869384766,273.79913022392236,3.107908297516895,-255.6215075471881,273.79913022392236,255.6215075471881,192.59505843776725,2.338135786288355,-261.31326962157146,81.20407178615514,0.7697725112285398,5.691762074383389
5600.0,76.784423828125,273.7991358253288,3.107902376772157,-255.6215227623427,273.7991358253288,255.6215227623427,192.59506360739408,2.3381297731204866,-261.31328515646805,81.2040722179347,0.7697726036516706,5.691762394125353
5608.0,76.89423370361328,273.7991359293172,3.1078982554693244,-255.6215112685403,273.7991359293172,255.6215112685403,192.59506305460317,2.3381258974395336,-261.3132738400057,81.20407287471402,0.769772358029791,5.691762571465416
5616.0,77.00405883789062,273.79913795008287,3.1079002567652925,-255.62149567504062,273.79913795008287,255.62149567504062,192.5950644671567,2.338127962362129,-261.3132586249081,81.20407348292616,0.7697722944031635,5.691762949867471
5624.0,77.1138687133789,273.79915436633877,3.1079053625303326,-255.6215463233275,273.79915436633877,255.6215463233275,192.59508047970695,2.3381330921102474,-261.3133090929171,81.20407388663182,0.7697722704200849,5.6917627695896105
5632.0,77.22369384765625,273.79911993811794,3.1079004669088364,-255.62149944095927,273.79911993811794,255.62149944095927,192.59504579438197,2.3381280206200983,-261.31326231350994,81.20407414373595,0.7697724462887381,5.6917628725506795
5640.0,77.33350372314453,273.79914161352303,3.107893685340522,-255.6215356885575,273.79914161352303,255.6215356885575,192.59506761844338,2.3381214487971924,-261.31329864591163,81.20407399507965,0.7697722365433293,5.6917629573541415
5648.0,77.44331359863281,273.79913751884595,3.107900116295858,-255.62153350123467,273.79913751884595,255.62153350123467,192.59506324705333,2.338127923291052,-261.3132967666132,81.20407427179262,0.7697721930048063,5.691763265378501
5656.0,77.55313110351562,273.7991433266903,3.107899484463458,-255.62152337619756,273.7991433266903,255.62152337619756,192.59506888998564,2.3381271965647348,-261.3132864934635,81.20407443670463,0.7697722878987232,5.691763117265969
5664.0,77.66294860839844,273.79914277276583,3.107899487541892,-255.62153021746278,273.79914277276583,255.62153021746278,192.5950679737507,2.33812719396625,-261.31329338215306,81.20407479901513,0.7697722935756419,5.691763164690285
5672.0,77.77276611328125,273.7991417635018,3.107899354809801,-255.62153390491943,273.7991417635018,255.62153390491943,192.59506680697496,2.338127065426222,-261.31329718731337,81.20407495652682,0.769772289383579,5.691763282393948
5680.0,77.88258361816406,273.7991472050792,3.1078997122481917,-255.62155204626222,273.7991472050792,255.62155204626222,192.5950722524948,2.338127399815152,-261.3133154866195,81.20407495258439,0.7697723124330396,5.6917634403572706
5688.0,77.99240112304688,273.79912533783363,3.107892797968993,-255.62151337489064,273.79912533783363,255.62151337489064,192.59504998385842,2.3381205179095303,-261.31327683336787,81.20407535397523,0.7697722800594629,5.691763458477238
5696.0,78.10221862792969,273.7991438419373,3.107895693316564,-255.6215319206915,273.7991438419373,255.6215319206915,192.59506854567758,2.3381234108669253,-261.3132955454219,81.20407529625973,0.7697722824496385,5.691763624730401
5704.0,78.2120361328125,273.79913109951735,3.107895023446189,-255.62152449810606,273.79913109951735,255.62152449810606,192.59505558389637,2.338122824585862,-261.3132879214103,81.20407551562099,0.7697721988603268,5.691763423304229
5712.0,78.32186126708984,273.7991460577971,3.1078879000256165,-255.6215346050288,273.7991460577971,255.6215346050288,192.59507041463752,2.3381157593131205,-261.3132980804081,81.2040756431596,0.769772140712496,5.691763475379312
5720.0,78.43167114257812,273.7991306368476,3.1078977151624496,-255.62153183100793,273.7991306368476,255.62153183100793,192.59505500419112,2.338125477516697,-261.3132955091684,81.20407563265647,0.7697722376457528,5.691763678160491
5728.0,78.54149627685547,273.7991320509568,3.107896607526139,-255.62151176388318,273.7991320509568,255.62151176388318,192.59505615455092,2.3381243609693043,-261.31327561804835,81.2040758964059,0.7697722465568346,5.691763854165169
5736.0,78.65130615234375,273.7991244657949,3.107898704978757,-255.62151522070073,273.7991244657949,255.62151522070073,192.59504853493996,2.3381262187770586,-261.3132792219655,81.20407593085488,0.7697724862016986,5.691764001264778
5744.0,78.7611312866211,273.7991134569385,3.1078919369322806,-255.62149602090003,273.7991134569385,255.62149602090003,192.59503740221805,2.3381195615751325,-261.3132601090769,81.20407605472047,0.7697723753571482,5.691764088176891
5752.0,78.87094116210938,273.7991228127097,3.107893564836233,-255.62151245869921,273.7991228127097,255.62151245869921,192.59504658961373,2.3381210225874685,-261.31327681154846,81.204076223096,0.7697725422487647,5.691764352849255
5760.0,78.98076629638672,273.79912949154004,3.1078965623604384,-255.62154177495466,273.79912949154004,255.62154177495466,192.59505337254825,2.338124091207206,-261.3133058548889,81.2040761189918,0.7697724711532326,5.691764079934202
5768.0,79.090576171875,273.79913554829824,3.1078920376383374,-255.6215275450953,273.79913554829824,255.6215275450953,192.59505895725047,2.3381197692602065,-261.3132919184501,81.20407659104777,0.7697722683781307,5.691764373354789
5776.0,79.20040130615234,273.7991235905659,3.1078941712457357,-255.62149544132973,273.7991235905659,255.62149544132973,192.59504695402794,2.3381217432532786,-261.31325963094264,81.20407663653795,0.7697724279924569,5.69176418961292
5784.0,79.31021118164062,273.79913273034924,3.1078912560459457,-255.6215127856186,273.79913273034924,255.6215127856186,192.59505608619818,2.3381189062935213,-261.31327694073684,81.20407664415106,0.7697723497524247,5.691764155118262
5792.0,79.42003631591797,273.79914148213965,3.107902414992565,-255.62153235129952,273.79914148213965,255.62153235129952,192.5950646208834,2.338130002154684,-261.3132966928664,81.20407686125624,0.7697724128378811,5.691764341566868
5800.0,79.52984619140625,273.7991349746458,3.1078833701463227,-255.62152406858633,273.7991349746458,255.62152406858633,192.59505791953424,2.338111052363499,-261.31328832829206,81.20407705511158,0.7697723177828235,5.691764259705739
5808.0,79.6396713256836,273.7991417595738,3.107889361506475,-255.6215434995011,273.7991417595738,255.6215434995011,192.59506456142415,2.33811708713302,-261.3133079686513,81.20407719814966,0.7697722743734552,5.691764469150231
5816.0,79.74948120117188,273.7991459280401,3.1078988967042136,-255.62153422740906,273.7991459280401,255.62153422740906,192.5950687856114,2.338126532138555,-261.3132986425335,81.2040771424287,0.7697723645656585,5.691764415124435
5824.0,79.85930633544922,273.7991513749139,3.1078990135908313,-255.62153333424797,273.7991513749139,255.62153333424797,192.59507433091184,2.3381269135577587,-261.31329786262404,81.20407704400205,0.7697721000330728,5.691764528376081
5832.0,79.9691162109375,273.79909366773387,3.1078945128238216,-255.62152136923717,273.79909366773387,255.62152136923717,192.59501721096177,2.338122238543882,-261.31328578603313,81.20407645677209,0.7697722742799396,5.691764416795971
5840.0,80.07894134521484,273.79895888268015,3.1078901298887,-255.6214723860609,273.79895888268015,255.6214723860609,192.59488920185385,2.3381177637017623,-261.31323561902366,81.20406968082631,0.769772366186938,5.691763232962759
5848.0,80.18875885009766,273.79888134580494,3.1078760890720427,-255.62142685228136,273.79888134580494,255.62142685228136,192.59481966361565,2.3381035102390255,-261.3131885767032,81.20406168218929,0.7697725788330172,5.691761724421855
5856.0,80.29857635498047,273.798908262926,3.1078630305229873,-255.62153556632225,273.798908262926,255.62153556632225,192.59485163719785,2.3380908566191754,-261.3132959089012,81.20405662572813,0.7697721739038119,5.691760342578938
5864.0,80.40839385986328,273.7988892724444,3.107852207093887,-255.62150264105705,273.7988892724444,255.62150264105705,192.59483467256197,2.3380798040807536,-261.3132626405624,81.20405459988244,0.7697724030131339,5.6917599995053525
5872.0,80.5182113647461,273.7989222612855,3.107849434315787,-255.6215738376816,273.7989222612855,255.6215738376816,192.59486824388873,2.3380771541667027,-261.31333362882134,81.2040540173968,0.7697722801490845,5.6917597911397255
5880.0,80.6280288696289,273.7989149156806,3.107841758818541,-255.6215544116685,273.7989149156806,255.6215544116685,192.59486005086336,2.338069613907222,-261.3133142020123,81.20405486481721,0.7697721449113191,5.691759790343795
5888.0,80.73784637451172,273.7989392152615,3.107836046015759,-255.62159397468176,273.7989392152615,255.62159397468176,192.5948835513939,2.3380637138890705,-261.31335412853787,81.2040556638676,0.7697723321266885,5.691760153856098
5896.0,80.84766387939453,273.79896705422686,3.1078319865164152,-255.62163570708728,273.79896705422686,255.62163570708728,192.59491005358734,2.338059581544959,-261.3133957009535,81.20405700063952,0.7697724049714563,5.691759993866201
5904.0,80.95746612548828,273.7989791137961,3.107814893581752,-255.62165530653596,273.7989791137961,255.62165530653596,192.59492057176345,2.3380426955438764,-261.3134156496069,81.20405854203267,0.7697721980378756,5.691760343070932
5912.0,81.0672836303711,273.7989799162632,3.1078216091549438,-255.62166461458523,273.7989799162632,255.62166461458523,192.5949198636796,2.338049423879834,-261.3134257017131,81.20406005258357,0.7697721852751096,5.6917610871278566
5920.0,81.1771011352539,273.79899114810246,3.1078164483018504,-255.62166641633007,273.79899114810246,255.62166641633007,192.59492878784891,2.3380442598243065,-261.3134277679699,81.20406236025357,0.7697721884775441,5.691761351639858
5928.0,81.28691864013672,273.7990096323977,3.1078057012958356,-255.62169987998095,273.7990096323977,255.62169987998095,192.59494569351835,2.338033670857151,-261.31346148047487,81.20406393887937,0.7697720304386846,5.691761600493905
5936.0,81.39673614501953,273.7990147062702,3.1078015016458904,-255.62172974976482,273.7990147062702,255.62172974976482,192.59494927233897,2.338029499151927,-261.3134916316082,81.20406543393128,0.7697720024939636,5.691761881843362
5944.0,81.50655364990234,273.79900926475693,3.1078027768283745,-255.62170941995188,273.79900926475693,255.62170941995188,192.5949421962268,2.33803082005701,-261.3134716667006,81.2040670685301,0.7697719567713646,5.69176224674872
5952.0,81.61637115478516,273.7990081364009,3.1077908165959993,-255.62173645167064,273.7990081364009,255.62173645167064,192.594939933509,2.3380184761961695,-261.3134989302187,81.20406820289192,0.7697723403998298,5.69176247854806
5960.0,81.72618865966797,273.79901803676205,3.1077863847183878,-255.62177349981363,273.79901803676205,255.62177349981363,192.594948464683,2.338014108821492,-261.31353629389986,81.20406957207902,0.7697722758968955,5.691762794086225
5968.0,81.83600616455078,273.7990157436773,3.107790386946818,-255.62177857873826,273.7990157436773,255.62177857873826,192.59494521108505,2.3380181992882285,-261.31354161572597,81.20407053259225,0.7697721876585899,5.691763036987695
5976.0,81.9458236694336,273.7989944084936,3.1077810328139144,-255.6217566736871,273.7989944084936,255.6217566736871,192.5949228158324,2.3380089433708315,-261.3135199525561,81.20407159266122,0.7697720894430826,5.691763278868994
5984.0,82.0556411743164,273.79899139417796,3.1077654369347947,-255.6217823514372,273.79899139417796,255.6217823514372,192.59491922201724,2.3379933222658242,-261.3135459659048,81.2040721721607,0.7697721146689704,5.6917636144676
5992.0,82.16545867919922,273.7989781905352,3.1077611880005573,-255.62176774091202,273.7989781905352,255.62176774091202,192.5949055019611,2.3379891071169223,-261.313531433996,81.2040726885741,0.769772080883635,5.691763693083969
6000.0,82.27527618408203,273.7989771009671,3.10776680717361,-255.62179764715546,273.7989771009671,255.62179764715546,192.5949037271107,2.3379947231640403,-261.3135615441388,81.20407337385637,0.7697720840095696,5.691763896983327
6008.0,82.38509368896484,273.79897445944687,3.1077596328438,-255.62181050862443,273.79897445944687,255.62181050862443,192.59490104612092,2.337987639778307,-261.31357436693025,81.20407341332597,0.7697719930654932,5.6917638583058086
6016.0,82.49491119384766,273.7989748981508,3.107753138087688,-255.6218162601202,273.7989748981508,255.6218162601202,192.59490099022065,2.3379808506106374,-261.31358024183675,81.20407390793014,0.7697722874770507,5.691763981716549
6024.0,82.60472869873047,273.79896207115587,3.1077538363746022,-255.6218171335887,273.79896207115587,255.6218171335887,192.5948878757992,2.337981756995946,-261.31358110174517,81.20407419535667,0.7697720793786564,5.691763968156456
6032.0,82.71454620361328,273.7989631555673,3.1077526272273204,-255.62184807540862,273.7989631555673,255.62184807540862,192.59488891861722,2.3379805376422444,-261.31361223056706,81.2040742369501,0.7697720895850759,5.6917641551584435
6040.0,82.8243637084961,273.7989473135822,3.107752561073123,-255.62182204719485,273.7989473135822,255.62182204719485,192.59487293799037,2.337980299316082,-261.31358627092885,81.20407437559177,0.769772261757041,5.691764223733992
6048.0,82.9341812133789,273.7989543996472,3.1077400588345103,-255.6218445191796,273.7989543996472,255.6218445191796,192.59488003882893,2.3379679125050874,-261.31360867753403,81.20407436081825,0.7697721463294231,5.691764158354442
6056.0,83.04399871826172,273.79896497183336,3.1077453780815842,-255.62187349752932,273.79896497183336,255.62187349752932,192.59489032446956,2.33797324218596,-261.3136378845223,81.2040746473638,0.769772135895624,5.691764386992963
6064.0,83.15381622314453,273.79894725728275,3.1077298531427644,-255.62185390711977,273.79894725728275,255.62185390711977,192.59487218779105,2.337957542795377,-261.31361826789004,81.20407506949168,0.7697723103473877,5.691764360770266
6072.0,83.26363372802734,273.79894328907636,3.1077343860290556,-255.62189077269255,273.79894328907636,255.62189077269255,192.59486787497747,2.337962247029415,-261.3136550371719,81.20407541409891,0.7697721389996406,5.691764264479332
6080.0,83.37345123291016,273.79894289622945,3.1077241934325563,-255.62188791148586,273.79894289622945,255.62188791148586,192.59486731168366,2.3379520139230126,-261.3136520675124,81.2040755845458,0.7697721795095436,5.691764156026562
6088.0,83.48326873779297,273.7989371373385,3.10772398044943,-255.62190471565464,273.7989371373385,255.62190471565464,192.59486153507595,2.3379516410181242,-261.3136691039532,81.20407560226252,0.7697723394313059,5.691764388298559
6096.0,83.59308624267578,273.79893809910334,3.107718912207256,-255.62191453957155,273.79893809910334,255.62191453957155,192.59486244068069,2.3379467416217654,-261.31367881013796,81.20407565842265,0.7697721705854907,5.691764270566398
6104.0,83.7029037475586,273.7989341034727,3.1077150174659316,-255.62192637902209,273.7989341034727,255.62192637902209,192.59485821001834,2.337942646016382,-261.3136910308323,81.20407589345432,0.7697723714495497,5.691764651810189
6112.0,83.8127212524414,273.7989232126123,3.107715204141894,-255.6219140603955,273.7989232126123,255.6219140603955,192.5948468594206,2.3379428533919993,-261.3136788222754,81.20407635319171,0.7697723507498946,5.691764761879884
6120.0,83.92254638671875,273.79890218100275,3.107715346195983,-255.6218951486665,273.79890218100275,255.6218951486665,192.59482590462886,2.337942927073584,-261.3136601434488,81.20407627637387,0.7697724191223991,5.69176499478232
6128.0,84.03235626220703,273.79893622248665,3.107713025053639,-255.62195817759755,273.79893622248665,255.62195817759755,192.59485964876342,2.3379403649413844,-261.3137230745126,81.20407657372321,0.7697726601122548,5.691764896915064
6136.0,84.14218139648438,273.7989256883046,3.1077041333828985,-255.62195959463946,273.7989256883046,255.62195959463946,192.59484910323732,2.3379319091247885,-261.31372444581314,81.2040765850673,0.76977222425811,5.691764851173683
6144.0,84.25199127197266,273.7989259209974,3.1077029565672305,-255.62196839812057,273.7989259209974,255.62196839812057,192.5948491020038,2.3379306931226522,-261.3137330049599,81.20407681899363,0.7697722634445785,5.691764606839323
6152.0,84.36181640625,273.7989167725689,3.1077014038886195,-255.62198015738258,273.7989167725689,255.62198015738258,192.59483924554146,2.3379289316675598,-261.3137451809813,81.20407752702738,0.7697724722210597,5.691765023598725
6160.0,84.47161865234375,273.7989148707106,3.107701983587985,-255.6219615320649,273.7989148707106,255.6219615320649,192.59483722283136,2.3379293394343534,-261.3137266436757,81.20407764787922,0.7697726441536314,5.691765111610795
6168.0,84.58143615722656,273.79890898138035,3.1076983071596302,-255.62196918856418,273.79890898138035,255.62196918856418,192.59483085036203,2.337925964679012,-261.31373421651165,81.2040781310183,0.7697723424806182,5.69176502794748
6176.0,84.69125366210938,273.7989131296534,3.1076979926174486,-255.62195564556092,273.7989131296534,255.62195564556092,192.59483485519957,2.3379256715776218,-261.31372093779726,81.2040782744538,0.7697723210398266,5.691765292236347
6184.0,84.80107116699219,273.79890750631165,3.10768697737341,-255.62198019911398,273.79890750631165,255.62198019911398,192.5948286052763,2.3379145419845115,-261.3137454599584,81.20407890103536,0.7697724353888986,5.6917652608444245
6192.0,84.910888671875,273.7989128039639,3.1076869887846628,-255.622003219616,273.7989128039639,255.622003219616,192.5948338737097,2.337914337132161,-261.3137684825756,81.20407893025423,0.7697726516525019,5.6917652629595885
6200.0,85.02071380615234,273.7988958900702,3.1076872097913126,-255.62197848290845,273.7988958900702,255.62197848290845,192.59481694959942,2.3379149446928955,-261.31374409717336,81.20407894047074,0.7697722650984171,5.691765614264909
6208.0,85.13052368164062,273.79889950124937,3.1076884541247165,-255.6219841328258,273.79889950124937,255.6219841328258,192.59482022499157,2.3379160679470465,-261.31374948175926,81.20407927625779,0.76977238617767,5.691765348933464
6216.0,85.24034881591797,273.7988758078178,3.107681032137556,-255.6219794268982,273.7988758078178,255.6219794268982,192.5947964122699,2.337908827187978,-261.3137445741772,81.20407939554794,0.7697722049495779,5.6917651472789785
6224.0,85.35015869140625,273.7989087885561,3.1076745891386826,-255.62203746378256,273.7989087885561,255.62203746378256,192.594829240158,2.3379020028883053,-261.31380280614917,81.20407954839811,0.7697725862503773,5.691765342366611
6232.0,85.45996856689453,273.7988923316998,3.1076780193131883,-255.62200878998337,273.7988923316998,255.62200878998337,192.59481313848437,2.3379056565561998,-261.3137740396544,81.2040791932154,0.7697723627569883,5.6917652496710165
6240.0,85.56979370117188,273.7988885954046,3.107673865734208,-255.62198235090344,273.7988885954046,255.62198235090344,192.5948089336132,2.337901592612241,-261.31374786955166,81.20407966179143,0.7697722731219669,5.69176551864822
6248.0,85.67959594726562,273.7990709287018,3.1076831098991384,-255.6220976015441,273.7990709287018,255.6220976015441,192.5949853072927,2.3379107714154315,-261.3138634185356,81.2040856214091,0.769772338483707,5.691765816991506
6256.0,85.78942108154297,273.79916901456954,3.107699407650553,-255.62210757412754,273.79916901456954,255.62210757412754,192.5950717546017,2.3379271600560996,-261.3138755061982,81.20409725996782,0.7697722475944535,5.691767932070652
6264.0,85.89923095703125,273.79918412661897,3.1077124128570626,-255.62209080025124,273.79918412661897,255.62209080025124,192.59507886628802,2.3379401043164414,-261.3138598354527,81.20410526033096,0.7697723085406212,5.6917690352014745
6272.0,86.00904083251953,273.79915174013803,3.107720175511799,-255.62204338227977,273.79915174013803,255.62204338227977,192.59504292339244,2.337948026179395,-261.3138134339022,81.2041088167456,0.7697721493324039,5.691770051622455
6280.0,86.11885833740234,273.7991378709751,3.107722022977615,-255.62199600178465,273.7991378709751,255.62199600178465,192.59502795659887,2.3379498781572248,-261.313766398344,81.20410991437618,0.76977214482039,5.69177039655936
6288.0,86.22866821289062,273.7991179748691,3.107731320061243,-255.62197812062215,273.7991179748691,255.62197812062215,192.59500814891913,2.3379587594978997,-261.31374826316943,81.20410982594996,0.7697725605633434,5.69177014254727
6296.0,86.3384780883789,273.79909933118364,3.1077305459822893,-255.62197083274907,273.79909933118364,255.62197083274907,192.59499046519642,2.3379582126948106,-261.3137411751718,81.20410886598722,0.7697723332874786,5.691770342422741
6304.0,86.44829559326172,273.7990825547022,3.1077309860332436,-255.62195609248096,273.7990825547022,255.62195609248096,192.59497542105214,2.337958622857471,-261.3137257399797,81.20410713365007,0.7697723631757727,5.69176964749875
6312.0,86.55810546875,273.7990436446254,3.107747175298366,-255.6218880888942,273.7990436446254,255.6218880888942,192.59493858203768,2.3379748968123577,-261.31365742392796,81.2041050625877,0.7697722784860084,5.6917693350337775
6320.0,86.66791534423828,273.79902821264614,3.107756571210757,-255.62185609901962,273.79902821264614,255.62185609901962,192.5949252622055,2.337984354922893,-261.31362518728025,81.20410295044064,0.769772216287864,5.691769088260628
6328.0,86.7777328491211,273.7990360810287,3.107769019407347,-255.6218620488051,273.7990360810287,255.6218620488051,192.59493518151604,2.3379967261981442,-261.3136306726627,81.2041008995127,0.7697722932092026,5.691768623857618
6336.0,86.88754272460938,273.7990414540644,3.1077708331039195,-255.62184185574242,273.7990414540644,255.62184185574242,192.59494212430968,2.33799844381047,-261.31360987906277,81.20409932975477,0.7697723892934496,5.6917680233203445
6344.0,86.99735260009766,273.79904113292196,3.1077775687069957,-255.62182240153717,273.79904113292196,255.62182240153717,192.59494313646022,2.3380053650199453,-261.31359022777895,81.20409799646175,0.7697722036870505,5.691767826241775
6352.0,87.10717010498047,273.7990357219328,3.1077884198683092,-255.62180339694623,273.7990357219328,255.62180339694623,192.59493884949492,2.338016046880877,-261.31357130798,81.20409687243784,0.7697723729874324,5.691767911033775
6360.0,87.21697998046875,273.7990545245831,3.1077950499372577,-255.62179737742656,273.7990545245831,255.62179737742656,192.59495842162335,2.33802265704059,-261.3135646392823,81.20409610295975,0.7697723928966678,5.691767261855723
6368.0,87.32678985595703,273.7990496199258,3.107806040387107,-255.62174348428638,273.7990496199258,255.62174348428638,192.5949543221657,2.3380337781080596,-261.3135110202843,81.20409529776012,0.7697722622790475,5.6917675359979025
6376.0,87.43660736083984,273.7990691594472,3.107804872281082,-255.62175444041102,273.7990691594472,255.62175444041102,192.59497456562093,2.338032608101783,-261.3135218265563,81.20409459382624,0.769772264179299,5.691767386145289
6384.0,87.54641723632812,273.7990910336595,3.1078205957946636,-255.62172898662212,273.7990910336595,255.62172898662212,192.59499639821365,2.3380483619903143,-261.3134960531471,81.20409463544587,0.7697722338043496,5.691767066524994
6392.0,87.6562271118164,273.79910706739724,3.1078294000132605,-255.6217289802976,273.79910706739724,255.6217289802976,192.59501274301928,2.3380571813765503,-261.313496176819,81.20409432437798,0.7697722186367102,5.6917671965213845
6400.0,87.76604461669922,273.79911175779944,3.1078362078759296,-255.62170827373592,273.79911175779944,255.62170827373592,192.5950174069432,2.3380638056251954,-261.3134754250168,81.2040943508562,0.7697724022507342,5.691767151280889
6408.0,87.8758544921875,273.79912392998057,3.1078427728241484,-255.62167768776345,273.79912392998057,255.62167768776345,192.59502931549972,2.338070620980801,-261.3134448580816,81.20409461448084,0.7697721518433476,5.691767170318158
6416.0,87.98577117919922,273.79914562389837,3.1078449978255946,-255.6216694454317,273.79914562389837,255.6216694454317,192.59505111181517,2.3380726966020235,-261.31343667597235,81.2040945120832,0.7697723012235709,5.691767230540656
6424.0,88.0955810546875,273.799150548091,3.107855000003263,-255.62163919529908,273.799150548091,255.62163919529908,192.5950557904436,2.3380826249559465,-261.3134065336618,81.20409475764738,0.7697723750473162,5.691767338362711
6432.0,88.20539093017578,273.79916478424116,3.1078675132258233,-255.62163322215022,273.79916478424116,255.62163322215022,192.59506985136983,2.33809527563709,-261.31340046355933,81.2040949328713,0.7697722375887333,5.691767241409121
6440.0,88.3152084350586,273.7991689863773,3.1078716663681223,-255.62160058933796,273.7991689863773,255.62160058933796,192.59507368419878,2.338099283906066,-261.3133678626659,81.20409530217852,0.7697723824620564,5.691767273327961
6448.0,88.42501831054688,273.7991798472085,3.10788122923112,-255.62158228279168,273.7991798472085,255.62158228279168,192.5950844189004,2.338108932396471,-261.31334976473715,81.20409542830811,0.7697722968346492,5.691767481945478
6456.0,88.53482818603516,273.7991948141829,3.107891898039155,-255.62156303554062,273.7991948141829,255.62156303554062,192.5950990651844,2.338119547741184,-261.3133305181864,81.20409574899847,0.7697723502979712,5.691767482645767
6464.0,88.64464569091797,273.79918448408193,3.107895870047907,-255.62153456864468,273.79918448408193,255.62153456864468,192.5950884460669,2.3381236195620443,-261.31330189713145,81.20409603801505,0.7697722504858628,5.6917673284867725
6472.0,88.75445556640625,273.7992150894689,3.107907509475008,-255.62150387558964,273.7992150894689,255.62150387558964,192.595119157142,2.338135287351619,-261.3132711732133,81.20409593232688,0.7697722221233891,5.691767297623667
6480.0,88.86426544189453,273.7992321133969,3.1079154236015203,-255.62150609068885,273.7992321133969,255.62150609068885,192.59513592282025,2.3381430322410983,-261.3132736039434,81.20409619057662,0.7697723913604217,5.6917675132545344
6488.0,88.97409057617188,273.7992519284521,3.1079190792473805,-255.62151080319376,273.7992519284521,255.62151080319376,192.59515597304403,2.3381467293920704,-261.3132782881726,81.20409595540812,0.7697723498553102,5.691767484978863
6496.0,89.08389282226562,273.79926003312113,3.107929046659417,-255.6214934825228,273.79926003312113,255.6214934825228,192.59516375668196,2.338156733001859,-261.3132609136058,81.20409627643916,0.769772313657558,5.691767431083004
6504.0,89.1937026977539,273.7992679493868,3.107938009456931,-255.62146017963664,273.7992679493868,255.62146017963664,192.59517169620932,2.338165489295098,-261.3132277917704,81.20409625317747,0.7697725201618335,5.691767612133722
6512.0,89.30352020263672,273.7992728567912,3.1079433303207384,-255.62142498560198,273.7992728567912,255.62142498560198,192.5951764975142,2.338170893999051,-261.31319298853504,81.20409635927703,0.7697724363216873,5.691768002933055
6520.0,89.413330078125,273.7992790815609,3.107956360775731,-255.6213960799637,273.7992790815609,255.6213960799637,192.5951824932204,2.338184026418039,-261.31316390143917,81.20409658834048,0.7697723343576919,5.691767821475478
6528.0,89.52313995361328,273.7993003729936,3.1079650778818184,-255.6214171624194,273.7993003729936,255.6214171624194,192.5952039841133,2.338192720774319,-261.31318498129593,81.2040963888803,0.769772357107499,5.691767818876533
6536.0,89.6329574584961,273.79930196138406,3.1079734384356765,-255.62136557793667,273.79930196138406,255.62136557793667,192.5952057274671,2.3382010419224915,-261.31313347586564,81.20409623391697,0.7697723965131849,5.6917678979289565
6544.0,89.74276733398438,273.7993279202145,3.1079781708141687,-255.6213880696876,273.7993279202145,255.6213880696876,192.5952314032686,2.338205875909942,-261.31315581685783,81.20409651694594,0.7697722949042265,5.691767747170216
6552.0,89.85257720947266,273.7993168602559,3.10798493042286,-255.62134945033876,273.7993168602559,255.62134945033876,192.5952202282889,2.3382126256817517,-261.3131170509854,81.20409663196699,0.7697723047411085,5.691767600646642
6560.0,89.96240234375,273.7993193576068,3.1079929116064022,-255.62132202909575,273.7993193576068,255.62132202909575,192.59522306337578,2.338220502349599,-261.3130899488717,81.204096294231,0.7697724092568032,5.691767919775982
6568.0,90.07220458984375,273.7993371541664,3.1080090675113423,-255.62129378945664,273.7993371541664,255.62129378945664,192.5952407768733,2.338236714026749,-261.313061691775,81.20409637729308,0.7697723534845933,5.691767902318327
6576.0,90.1820297241211,273.7993345283461,3.108011079595502,-255.62126995139832,273.7993345283461,255.62126995139832,192.59523834386948,2.338239091907865,-261.3130378441382,81.20409618447661,0.7697719876876372,5.691767892739883
6584.0,90.29183197021484,273.79934593957694,3.1080230721595443,-255.62124439196924,273.79934593957694,255.62124439196924,192.59524973134663,2.3382508940997377,-261.31301227293056,81.20409620823034,0.7697721780598068,5.6917678809613275
6592.0,90.40164947509766,273.79937177909386,3.1080252426732624,-255.62126081696084,273.79937177909386,255.62126081696084,192.59527582020206,2.33825285760916,-261.31302874764265,81.2040959588918,0.7697723850641023,5.691767930681795
6600.0,90.5114517211914,273.79937238101775,3.1080275873668484,-255.62122188650514,273.79937238101775,255.62122188650514,192.59527608292433,2.3382552292665206,-261.3129895156069,81.20409629809342,0.7697723581003275,5.691767629101747
6608.0,90.62127685546875,273.79937678125816,3.1080370753725246,-255.6212103122433,273.79937678125816,255.6212103122433,192.59528074025653,2.338264822256441,-261.3129781212583,81.20409604100162,0.769772253116084,5.691767809015019
6616.0,90.7310791015625,273.79939104550556,3.1080527925854886,-255.621197640702,273.79939104550556,255.621197640702,192.59529494771783,2.338280567136537,-261.3129653053635,81.20409609778771,0.7697722254489519,5.691767664661498
6624.0,90.84090423583984,273.7993869976899,3.108058218782616,-255.62112756398813,273.7993869976899,255.62112756398813,192.59529067723543,2.3382857486993243,-261.3128953668861,81.20409632045448,0.7697724700832915,5.691767802897969
6632.0,90.9507064819336,273.79940187082354,3.1080677782004766,-255.62112010854912,273.79940187082354,255.62112010854912,192.59530558700254,2.3382954753203524,-261.3128877092505,81.204096283821,0.7697723028801244,5.69176760070137
6640.0,91.0605239868164,273.79941885616637,3.1080733234252924,-255.62112150227728,273.79941885616637,255.62112150227728,192.59532258199758,2.3383009616887787,-261.312889132447,81.20409627416878,0.7697723617365138,5.691767630169762
6648.0,91.17032623291016,273.7994265974232,3.108073909845685,-255.6211094825813,273.7994265974232,255.6211094825813,192.59533049101591,2.3383015676393577,-261.31287732197785,81.20409610640728,0.7697723422063274,5.691767839396565
6656.0,91.2801513671875,273.79943126979913,3.1080903168008422,-255.621057452314,273.79943126979913,255.621057452314,192.59533499466653,2.338317875484083,-261.3128252017923,81.20409627513257,0.7697724413167595,5.69176774947829
6664.0,91.38995361328125,273.7994450900853,3.108097116536128,-255.62105242766776,273.7994450900853,255.62105242766776,192.5953489165849,2.3383246243777305,-261.3128202583526,81.20409617350043,0.7697724921583977,5.691767830684816
6672.0,91.49991607666016,273.79947271223915,3.108110772096516,-255.62107121750873,273.79947271223915,255.62107121750873,192.59537653332913,2.338338284666029,-261.3128390353843,81.20409617891,0.7697724874304868,5.6917678178755615
6680.0,91.6097412109375,273.7994722033742,3.108117021148292,-255.62102351604713,273.7994722033742,255.62102351604713,192.59537584276455,2.338344354182704,-261.3127910149504,81.20409636060963,0.7697726669655882,5.69176749890326
6688.0,91.71954345703125,273.7994916362147,3.108117719792844,-255.62101666567884,273.7994916362147,255.62101666567884,192.5953949073826,2.338345005082587,-261.3127843340864,81.2040967288321,0.7697727147102569,5.691767668407589
6696.0,91.8293685913086,273.7995101466194,3.1081257555856237,-255.62101126839588,273.7995101466194,255.62101126839588,192.59541385285064,2.3383533924524444,-261.3127790056085,81.20409629376879,0.7697723631331792,5.691767737212624
6704.0,91.93917083740234,273.7994965328593,3.1081432553991153,-255.6209492871608,273.7994965328593,255.6209492871608,192.5953999849477,2.338370756914372,-261.31271708644994,81.2040965479116,0.7697724984847432,5.691767799289137
6712.0,92.04898834228516,273.7995196841337,3.108147117017772,-255.62093588805593,273.7995196841337,255.62093588805593,192.5954232712022,2.338374706837313,-261.31270378053745,81.20409641293152,0.769772410180459,5.691767892481522
6720.0,92.1587905883789,273.7995260662485,3.1081612905402354,-255.6209372763652,273.7995260662485,255.6209372763652,192.5954297360292,2.3383888424039223,-261.3127050798412,81.2040963302193,0.7697724481363131,5.691767803475983
6728.0,92.26860809326172,273.7995448690564,3.1081691044847517,-255.62093542007275,273.7995448690564,255.62093542007275,192.59544830260023,2.3383963563582992,-261.3127031377934,81.20409656645614,0.7697727481264522,5.691767717720625
6736.0,92.37841796875,273.79956221259874,3.1081707824228144,-255.6209110625824,273.79956221259874,255.6209110625824,192.59546559151573,2.3383981976796355,-261.3126787286504,81.20409662108301,0.7697725847431789,5.69176766606798
6744.0,92.48822784423828,273.7995550247375,3.1081829434115846,-255.62085382081563,273.7995550247375,255.62085382081563,192.59545866946678,2.338410312491098,-261.3126215874539,81.20409635527074,0.7697726309204869,5.69176776663828
6752.0,92.5980453491211,273.7995640966999,3.1081958758425783,-255.62085901196468,273.7995640966999,255.62085901196468,192.5954674043973,2.338423213917938,-261.31262688136934,81.20409669230261,0.7697726619246399,5.691767869404653
6760.0,92.70785522460938,273.7995848027929,3.108202212514416,-255.620851972699,273.7995848027929,255.620851972699,192.59548823558586,2.3384294913296393,-261.3126197524481,81.20409656720699,0.7697727211847767,5.691767779749085
6768.0,92.81766510009766,273.7995863209541,3.1081995234713258,-255.6208161704583,273.7995863209541,255.6208161704583,192.59548973814523,2.3384269385448126,-261.31258401355734,81.20409658280889,0.7697725849265129,5.691767843099035
6776.0,92.92748260498047,273.79959204067836,3.108213618726018,-255.62077358948125,273.79959204067836,255.62077358948125,192.59549536235082,2.3384410561974374,-261.31254146648257,81.20409667832756,0.7697725625285807,5.691767877001325
6784.0,93.03729248046875,273.7996014721606,3.1082262501758704,-255.62075981052186,273.7996014721606,255.62075981052186,192.59550463802097,2.3384534016280707,-261.31252755871003,81.20409683413959,0.7697728485477997,5.691767748188164
6792.0,93.14710235595703,273.7996253774353,3.108232684554218,-255.62077265487815,273.7996253774353,255.62077265487815,192.59552876134433,2.3384600653999392,-261.3125405220986,81.20409661609094,0.7697726191542786,5.691767867220433
6800.0,93.25691986083984,273.7996341231993,3.1082348760828307,-255.62074689231216,273.7996341231993,255.62074689231216,192.59553758197097,2.3384621000448726,-261.3125147238002,81.20409654122832,0.7697727760379578,5.6917678314880344
6808.0,93.36672973632812,273.7996384591394,3.1082572848740533,-255.62069877029802,273.7996384591394,255.62069877029802,192.5955417620193,2.33848455305501,-261.3124665124277,81.20409669712006,0.7697727318190433,5.691767742129684
6816.0,93.4765396118164,273.7996580043488,3.108263397955625,-255.6206961973939,273.7996580043488,255.6206961973939,192.59556120954082,2.338490511319021,-261.31246396735884,81.204096794808,0.769772886636604,5.6917677699649545
6824.0,93.58635711669922,273.7996506072228,3.108266591771481,-255.62067268846607,273.7996506072228,255.62067268846607,192.59555352338384,2.338493976293064,-261.3124406409254,81.20409708383897,0.7697726154784175,5.69176795245933
6832.0,93.6961669921875,273.799669784843,3.1082746768088563,-255.6206480474625,273.799669784843,255.6206480474625,192.59557289889366,2.33850190667812,-261.3124162978005,81.20409688594935,0.7697727701307362,5.691768250337993
6840.0,93.80597686767578,273.79969571620273,3.1082902928529554,-255.62066132004534,273.79969571620273,255.62066132004534,192.5955984948654,2.338517561041769,-261.3124291580487,81.20409722133734,0.7697727318111867,5.691767838003365
6848.0,93.9157943725586,273.7996892584011,3.1082952807877904,-255.62062674873187,273.7996892584011,255.62062674873187,192.5955919708922,2.338522509118827,-261.312394863651,81.20409728750889,0.7697727716689633,5.691768114919103
6856.0,94.02560424804688,273.7997114256966,3.108300962734037,-255.62061334407053,273.7997114256966,255.62061334407053,192.59561432136755,2.338528195708582,-261.31238128449377,81.20409710432904,0.7697727670254555,5.691767940423247
6864.0,94.13541412353516,273.79969882722605,3.1083035847620435,-255.6205657895904,273.79969882722605,255.6205657895904,192.5956015430008,2.3385307641395454,-261.3123339374043,81.20409728422521,0.7697728206224981,5.691768147813882
6872.0,94.24523162841797,273.7997108011989,3.108322493351135,-255.62053531092647,273.7997108011989,255.62053531092647,192.59561371327976,2.3385498119911334,-261.3123034855976,81.20409708791912,0.7697726813600014,5.691768174671152
6880.0,94.35504150390625,273.7997213876878,3.108329721087287,-255.62049189707594,273.7997213876878,255.62049189707594,192.59562400063209,2.338556923026136,-261.3122600156148,81.20409738705567,0.7697727980611513,5.69176811853888
6888.0,94.46485137939453,273.7997479869233,3.108332120564598,-255.620513126285,273.7997479869233,255.620513126285,192.59565067535306,2.3385591870664264,-261.3122814089172,81.20409731157024,0.769772933498172,5.691768282632211
6896.0,94.57466888427734,273.79976241574957,3.1083382219766165,-255.62050593818063,273.79976241574957,255.62050593818063,192.595665245655,2.3385654023661,-261.31227432573576,81.20409717009458,0.7697728196105162,5.6917683875551415
6904.0,94.68447875976562,273.79976667610606,3.108346409464112,-255.62048149578737,273.79976667610606,255.62048149578737,192.59566937050408,2.3385734984915154,-261.3122497008901,81.20409730560196,0.7697729109725966,5.691768205102726
6912.0,94.79430389404297,273.79976069170453,3.1083583967683195,-255.62042692255685,273.79976069170453,255.62042692255685,192.5956633840156,2.3385856099731237,-261.31219530613754,81.20409730768894,0.7697727867951956,5.691768383580693
6920.0,94.90410614013672,273.7997755729226,3.108376574062893,-255.62043433419743,273.7997755729226,255.62043433419743,192.59567819487353,2.338603715126592,-261.3122023654897,81.20409737804908,0.7697728589363011,5.691768031292295
6928.0,95.01407623291016,273.79977731885236,3.1083711044340623,-255.6203671108926,273.79977731885236,255.6203671108926,192.59567970594568,2.3385983644313524,-261.31213522228546,81.20409761290666,0.7697727400027099,5.691768111392852
6936.0,95.1238784790039,273.7998064704939,3.1083910680827485,-255.62037008706605,273.7998064704939,255.62037008706605,192.59570888887652,2.3386182803041273,-261.31213835647014,81.20409758161735,0.7697727877786209,5.6917682694041005
6944.0,95.23369598388672,273.7998230798117,3.108394259267836,-255.62036738512612,273.7998230798117,255.62036738512612,192.595725845166,2.3386214305898427,-261.3121356071302,81.2040972346457,0.7697728286779937,5.691768222004061
6952.0,95.343505859375,273.79982411193765,3.108406225682198,-255.62033817482913,273.79982411193765,255.62033817482913,192.5957267583817,2.3386335032786882,-261.31210659288377,81.20409735355597,0.7697727224035094,5.691768418054643
6960.0,95.45333099365234,273.79982422194956,3.1084151767388706,-255.6202749396724,273.79982422194956,255.6202749396724,192.59572695936032,2.3386423579000066,-261.3120433415377,81.20409726258923,0.7697728188388642,5.691768401865251
6968.0,95.5631332397461,273.7998405750601,3.108418059467759,-255.62028834320833,273.7998405750601,255.62028834320833,192.59574315002592,2.3386453066487896,-261.312056696237,81.2040974250342,0.7697727528189697,5.6917683530286585
6976.0,95.6729507446289,273.799846433288,3.1084311918580663,-255.62024827335657,273.799846433288,255.62024827335657,192.59574894987804,2.3386582177729753,-261.312016970121,81.20409748340995,0.7697729740850909,5.691768696764446
6984.0,95.78275299072266,273.79987266326594,3.108441327863064,-255.6202706953188,273.79987266326594,255.6202706953188,192.5957751787454,2.3386682606509703,-261.3120390988158,81.20409748452053,0.7697730672120937,5.691768403496985
6992.0,95.892578125,273.79989083594296,3.1084437798380904,-255.62025907760275,273.79989083594296,255.62025907760275,192.59579316058216,2.3386710258305468,-261.31202725592965,81.20409767536083,0.7697727540075434,5.6917681783268925
7000.0,96.00238037109375,273.79988427888344,3.1084617559733667,-255.62018714165362,273.79988427888344,255.62018714165362,192.59578652386023,2.3386889131877986,-261.3119553114178,81.20409775502321,0.7697728427855679,5.691768169764206
7008.0,96.1122055053711,273.7998914080967,3.1084593578236683,-255.62018255840934,273.7998914080967,255.62018255840934,192.59579363241645,2.338686397596656,-261.3119509994637,81.20409777568025,0.7697729602270122,5.691768441054352
7016.0,96.22200775146484,273.7999172096507,3.108485194841249,-255.62016876552306,273.7999172096507,255.62016876552306,192.5958193859716,2.3387123987338123,-261.31193689910486,81.2040978236791,0.7697727961074363,5.691768133581815
7024.0,96.33182525634766,273.7999159614998,3.108481691651578,-255.6201252688934,273.7999159614998,255.6201252688934,192.59581823543573,2.3387089177739893,-261.3118935453839,81.20409772606402,0.769772773877589,5.691768276490498
7032.0,96.4416275024414,273.79992496532714,3.108495810519268,-255.62012415349108,273.79992496532714,255.62012415349108,192.59582716222008,2.3387228904225807,-261.31189255051396,81.20409780310709,0.7697729200966874,5.6917683970228765
7040.0,96.55145263671875,273.7999440088221,3.108506234090271,-255.620093571792,273.7999440088221,255.620093571792,192.59584622139045,2.3387330769877797,-261.3118618494905,81.20409778743162,0.7697731571024915,5.691768277698516
7048.0,96.6612548828125,273.7999597973917,3.1085055370799077,-255.62008846083543,273.7999597973917,255.62008846083543,192.59586217317806,2.338732838199644,-261.31185660625897,81.2040976242136,0.7697726988802633,5.691768145423538
7056.0,96.77108001708984,273.7999709882032,3.1085177986748183,-255.6200618216294,273.7999709882032,255.6200618216294,192.59587327245708,2.338745039013916,-261.31183004913987,81.20409771574614,0.7697727596609023,5.691768227510476
7064.0,96.8808822631836,273.7999761364298,3.1085320331846047,-255.62003858043468,273.7999761364298,255.62003858043468,192.59587877705033,2.3387588687360314,-261.3118070499549,81.20409735937949,0.7697731644485732,5.6917684695202215
7072.0,96.9906997680664,273.79996971811204,3.1085363565944046,-255.62000833876616,273.79996971811204,255.62000833876616,192.59587186236692,2.3387635140858793,-261.31177652815734,81.2040978557451,0.7697728425085253,5.691768189391171
7080.0,97.10050201416016,273.80000376172217,3.1085437046379294,-255.6200098058576,273.80000376172217,255.6200098058576,192.59590599391265,2.33877091795782,-261.3117781586574,81.20409776780951,0.769772786680109,5.691768352799793
7088.0,97.2103271484375,273.80001049421014,3.1085472921537245,-255.61998753818744,273.80001049421014,255.61998753818744,192.59591264933186,2.33877444097392,-261.31175610453,81.2040978448783,0.7697728511798045,5.691768566342532
7096.0,97.32012939453125,273.8000288213481,3.108568991750152,-255.619975433684,273.8000288213481,255.619975433684,192.59593103369485,2.338796226152924,-261.3117438052582,81.20409778765325,0.7697727655972282,5.691768371574159
7104.0,97.4299545288086,273.80002583492904,3.10858027002734,-255.61994416706517,273.80002583492904,255.61994416706517,192.59592808067163,2.33880748023799,-261.311712549393,81.20409775425743,0.7697727897893498,5.6917683823278225
7112.0,97.53975677490234,273.8000368048214,3.108574879646675,-255.6198917264419,273.8000368048214,255.6198917264419,192.59593900530976,2.338801946718808,-261.3116600262148,81.20409779951163,0.7697729329278671,5.691768299772884
7120.0,97.64957427978516,273.8000758549056,3.108598206050025,-255.6199314415297,273.8000758549056,255.6199314415297,192.59597789432766,2.3388254056275817,-261.3116999242539,81.2040979605779,0.7697728004224433,5.691768482724196
7128.0,97.7593765258789,273.8000605653765,3.1085998264215533,-255.6198726756682,273.8000605653765,255.6198726756682,192.5959625743466,2.338826786031792,-261.311641188353,81.20409799102987,0.7697730403897611,5.691768512684806
7136.0,97.86920166015625,273.8000792766761,3.1086132597789735,-255.61987528590268,273.8000792766761,255.61987528590268,192.59598140526793,2.338840479697312,-261.3116436309065,81.20409787140817,0.7697727800816614,5.691768345003798
7144.0,97.97900390625,273.8000786825173,3.1086199292562373,-255.61981394298522,273.8000786825173,255.61981394298522,192.59598064166016,2.3388471948444853,-261.3115822596757,81.20409804085713,0.769772734411752,5.69176831669046
7152.0,98.08882904052734,273.8001021452254,3.1086299046721386,-255.61980767002595,273.8001021452254,255.61980767002595,192.59600430116464,2.3388570327181872,-261.3115761684843,81.20409784406077,0.7697728719539514,5.691768498458336
7160.0,98.1986312866211,273.8001083948207,3.108634507359622,-255.61979205438539,273.8001083948207,255.61979205438539,192.59601041632655,2.3388618442999465,-261.31156050459407,81.20409797849418,0.769772663059676,5.691768450208672
7168.0,98.3084487915039,273.8001222820913,3.108646216696421,-255.61977351253896,273.8001222820913,255.61977351253896,192.59602421786664,2.3388735614182297,-261.3115418337966,81.20409806422467,0.7697726552781914,5.691768321257618
7176.0,98.41825103759766,273.80013314730655,3.108661563572646,-255.61973678350193,273.80013314730655,255.61973678350193,192.59603513935136,2.3388886452880904,-261.3115053769792,81.20409800795521,0.7697729182845556,5.6917685934772715
7184.0,98.5282211303711,273.80014556802524,3.1086623992634523,-255.6197388992431,273.80014556802524,255.6197388992431,192.59604726077146,2.3388896004628617,-261.31150712794084,81.20409830725377,0.7697727988005905,5.691768228697741
7192.0,98.6380386352539,273.800155959771,3.1086780355689516,-255.61971319719683,273.800155959771,255.61971319719683,192.59605788439762,2.3389051909100864,-261.31148184553524,81.2040980753734,0.7697728446588654,5.6917686483384
7200.0,98.74784088134766,273.8001696084495,3.108677447303352,-255.6196732939791,273.8001696084495,255.6196732939791,192.59607120094043,2.338904562623347,-261.3114417818216,81.20409840750906,0.7697728846800049,5.691768487842494
7208.0,98.857666015625,273.80017938866274,3.108690385517745,-255.61966795637508,273.80017938866274,255.61966795637508,192.59608109586264,2.338917496644524,-261.3114363315459,81.20409829280013,0.7697728888732207,5.69176837517083
7216.0,98.96746826171875,273.80019537106705,3.10870728968165,-255.6196240624763,273.80019537106705,255.6196240624763,192.59609687783558,2.3389345418664056,-261.3113926994278,81.2040984932315,0.7697727478152447,5.691768636951522
7224.0,99.0772933959961,273.80020811175586,3.108712796773875,-255.61962547784955,273.80020811175586,255.61962547784955,192.5961095184873,2.3389399055033295,-261.3113942174856,81.20409859326853,0.7697728912705455,5.6917687396360375
7232.0,99.18709564208984,273.80020506946556,3.10871472771884,-255.6195741932076,273.80020506946556,255.6195741932076,192.5961066236976,2.33894213970889,-261.3113427752993,81.20409844576795,0.76977258800995,5.69176858209169
7240.0,99.29691314697266,273.8002284071873,3.108716429872694,-255.61956797220685,273.8002284071873,255.61956797220685,192.59612998954753,2.3389436916069393,-261.311336270787,81.20409841763978,0.7697727382657547,5.691768298580184
7248.0,99.4067153930664,273.8002276742503,3.108739989407664,-255.6195349277094,273.8002276742503,255.6195349277094,192.59612903037066,2.338967110704785,-261.3113034837289,81.20409864387963,0.7697728787028792,5.691768556019522
7256.0,99.51654052734375,273.8002436182884,3.1087418111008214,-255.61952241095105,273.8002436182884,255.61952241095105,192.5961448354463,2.338968806787547,-261.31129095008396,81.20409878284207,0.7697730043132744,5.6917685391329185
7264.0,99.6263427734375,273.80025662184494,3.1087575459067347,-255.61951530737528,273.80025662184494,255.61951530737528,192.5961579224357,2.338984872171714,-261.3112834752819,81.20409869940926,0.7697726737350208,5.691768167906635
7272.0,99.73616790771484,273.8002543330625,3.108768081155643,-255.61947073195134,273.8002543330625,255.61947073195134,192.5961557108643,2.3389951387393397,-261.3112393263495,81.20409862219822,0.7697729424163033,5.691768594398159
7280.0,99.8459701538086,273.80027754508563,3.1087746199643265,-255.61945383772687,273.80027754508563,255.61945383772687,192.59617867808396,2.339001819087643,-261.31122233510985,81.20409886700168,0.7697728008766835,5.69176849738299
7288.0,99.9557876586914,273.80030046605634,3.1087883142489234,-255.61945047149305,273.80030046605634,255.61945047149305,192.59620158272566,2.3390154898060813,-261.31121889120175,81.20409888333072,0.7697728244428419,5.691768419708707
7296.0,100.06558990478516,273.80030761381454,3.108788210134758,-255.61940974821016,273.80030761381454,255.61940974821016,192.59620864082052,2.339015399686963,-261.3111780595854,81.204098972994,0.7697728104477952,5.691768311375258
7304.0,100.1754150390625,273.80032005924977,3.1088103504958076,-255.61938279506387,273.80032005924977,255.61938279506387,192.59622100713182,2.3390375270743298,-261.31115142238303,81.20409905211793,0.7697728234214776,5.691768627319153
7312.0,100.28521728515625,273.80033062645725,3.1088128617283655,-255.61936622393128,273.80033062645725,255.61936622393128,192.59623165649532,2.3390401254534035,-261.31113492799557,81.2040989699619,0.769772736274962,5.691768704064289
7320.0,100.3950424194336,273.80033098354124,3.108824263796445,-255.61934458809125,273.80033098354124,255.61934458809125,192.59623182276363,2.3390514822000097,-261.3111132288406,81.20409916077759,0.7697727815964353,5.691768640749366
7328.0,100.50485229492188,273.80035212749476,3.1088363869650975,-255.61933502850562,273.80035212749476,255.61933502850562,192.59625300331834,2.339063791329467,-261.31110358960996,81.2040991241764,0.76977259563563,5.691768561104351
7336.0,100.61466217041016,273.80035623905974,3.108850468895019,-255.61930109697562,273.80035623905974,255.61930109697562,192.59625716548695,2.339077680768851,-261.3110693715024,81.20409907357276,0.7697727881261678,5.691768274526791
7344.0,100.72447967529297,273.80037245088124,3.1088673132918645,-255.61928722349327,273.80037245088124,255.61928722349327,192.59627347512298,2.339094459896159,-261.3110559865956,81.20409897575824,0.7697728533957053,5.691768763102316
7352.0,100.83428955078125,273.8003983089089,3.1088631083333906,-255.61927206596232,273.8003983089089,255.61927206596232,192.5962990374615,2.339090436797923,-261.3110407091449,81.20409927144736,0.7697726715354676,5.691768643182574
7360.0,100.94409942626953,273.8003844883974,3.1088729292716692,-255.61920549422032,273.8003844883974,255.61920549422032,192.59628503725048,2.339100228042645,-261.3109744481436,81.20409945114692,0.7697727012290245,5.691768953923274
7368.0,101.05391693115234,273.80041186209144,3.1088843898502487,-255.6192173306024,273.80041186209144,255.6192173306024,192.59631269043496,2.3391114173698826,-261.31098609354143,81.20409917165651,0.7697729724803664,5.691768762939029
7376.0,101.16372680664062,273.80041230223435,3.1088918377220494,-255.61918259829196,273.80041230223435,255.61918259829196,192.59631307725476,2.3391190029249134,-261.31095101158184,81.20409922497961,0.769772834797136,5.691768413289872
7384.0,101.2735366821289,273.80044010919727,3.1089036196292383,-255.61918827540705,273.80044010919727,255.61918827540705,192.59634064463688,2.3391308011534657,-261.31095693949004,81.2040994645604,0.7697728184757726,5.691768664082998
7392.0,101.38333892822266,273.80044421110176,3.108914137785864,-255.61913209538926,273.80044421110176,255.61913209538926,192.5963448561808,2.339141360203543,-261.3109007244262,81.204099354921,0.7697727775823209,5.691768629036927
7400.0,101.4931640625,273.80046331810337,3.1089182204230177,-255.61912480322195,273.80046331810337,255.61912480322195,192.596363915136,2.3391453693271673,-261.31089335892324,81.20409940296736,0.7697728510958504,5.691768555701298
7408.0,101.60296630859375,273.80046210448324,3.1089336400560326,-255.6190739582111,273.80046210448324,255.6190739582111,192.59636250943726,2.339160665895483,-261.31084288009583,81.20409959504602,0.7697729741605499,5.691768921884755
7416.0,101.7127914428711,273.8004672781797,3.108942487940886,-255.61905771782773,273.8004672781797,255.61905771782773,192.59636769788074,2.3391696026416846,-261.3108264269685,81.20409958029899,0.769772885299201,5.691768709140785
7424.0,101.82260131835938,273.80049193881484,3.1089491388738972,-255.6190403448991,273.80049193881484,255.6190403448991,192.59639259027625,2.339176408636797,-261.31080910202564,81.20409934853856,0.7697727302371002,5.691768757126535
7432.0,101.93241119384766,273.8005114806897,3.1089542547382862,-255.61904258560588,273.8005114806897,255.61904258560588,192.59641196885764,2.3391815227332873,-261.31081152966755,81.20409951183204,0.7697727320049987,5.691768944061669
7440.0,102.0423812866211,273.8005109496744,3.1089622879832186,-255.61901054245024,273.8005109496744,255.61901054245024,192.59641133010666,2.339189767518838,-261.3107792692522,81.2040996195677,0.7697725204643806,5.691768726801934
7448.0,102.15218353271484,273.80053215476346,3.1089681982699915,-255.61899498921755,273.80053215476346,255.61899498921755,192.59643278211243,2.3391952930528968,-261.3107636824451,81.20409937265104,0.769772905217095,5.691768693227538
7456.0,102.26200103759766,273.8005423421098,3.108990969935478,-255.61895847131586,273.8005423421098,255.61895847131586,192.5964426796317,2.3392182619490764,-261.31072712459473,81.2040996624781,0.7697727079864018,5.691768653278874
7464.0,102.3718032836914,273.8005539875087,3.108991360394485,-255.6189371298399,273.8005539875087,255.6189371298399,192.59645458850062,2.339218581633172,-261.3107058714563,81.20409939900804,0.7697727787613129,5.6917687416164195
7472.0,102.48162841796875,273.8005610101778,3.109008347169559,-255.61889990383094,273.8005610101778,255.61889990383094,192.59646125401048,2.3392354570982974,-261.3106688841474,81.2040997561673,0.7697728900712617,5.691768980316452
7480.0,102.5914306640625,273.8005762447072,3.1090126336824437,-255.6188812519221,273.8005762447072,255.6188812519221,192.59647665526268,2.3392396936654274,-261.31065008279427,81.20409958944452,0.7697729400170163,5.69176883087219
7488.0,102.70124053955078,273.80059052538047,3.1090328146012016,-255.61887171309564,273.80059052538047,255.61887171309564,192.59649087537838,2.339260097829573,-261.3106406022125,81.20409965000209,0.7697727167716286,5.691768889116863
7496.0,102.8110580444336,273.8006190115229,3.109027758536026,-255.61888417147043,273.8006190115229,255.61888417147043,192.59651965369966,2.339254993441275,-261.31065300661965,81.20409935782322,0.769772765094751,5.691768835149223
7504.0,102.92086791992188,273.8006113977016,3.1090456579922394,-255.61881754352737,273.8006113977016,255.61881754352737,192.5965117551151,2.3392727409197,-261.31058658750686,81.20409964258647,0.7697729170725396,5.691769043979482
7512.0,103.03067779541016,273.80061532096823,3.1090546265680254,-255.61878368977727,273.80061532096823,255.61878368977727,192.59651588116742,2.3392816904365454,-261.3105525634466,81.20409943980081,0.76977293613148,5.691768873669332
7520.0,103.14049530029297,273.8006337845767,3.1090631456896514,-255.6187793365377,273.8006337845767,255.6187793365377,192.59653426025568,2.3392902545070955,-261.3105481701657,81.20409952432098,0.7697728911825557,5.691768833628016
7528.0,103.25030517578125,273.80063037839216,3.1090745735656857,-255.6187199551823,273.80063037839216,255.6187199551823,192.59653072923567,2.3393017340675093,-261.3104887190638,81.20409964915646,0.7697728394981764,5.691768763881507
7536.0,103.36011505126953,273.8006695215248,3.1090858118888964,-255.61875797129363,273.8006695215248,255.61875797129363,192.59656990641645,2.339312853540295,-261.3105268156818,81.20409961510838,0.7697729583486015,5.691768844388163
7544.0,103.46993255615234,273.8006804222904,3.1090925902692543,-255.6187188169505,273.8006804222904,255.6187188169505,192.59658050891926,2.3393197444596185,-261.3104875568755,81.20409991337115,0.7697728458096358,5.691768739925024
7552.0,103.57974243164062,273.8006618475496,3.1091001861732295,-255.61867799383617,273.8006618475496,255.61867799383617,192.59656242420868,2.3393274851617902,-261.31044712001705,81.20409942334089,0.7697727010114395,5.691769126180862
7560.0,103.6895523071289,273.8005510193875,3.1091025579126415,-255.6186214250514,273.8005510193875,255.6186214250514,192.59645621358644,2.339329705040398,-261.3103894364381,81.2040948058011,0.7697728528722434,5.691768011386666
7568.0,103.79936981201172,273.8005080636662,3.10910631247158,-255.6185862345582,273.8005080636662,255.6185862345582,192.5964194495076,2.3393335958561514,-261.310352816775,81.20408861415861,0.7697727166154285,5.691766582216779
7576.0,103.90918731689453,273.8005200919539,3.109103850937694,-255.618639513135,273.8005200919539,255.618639513135,192.59643613030917,2.339331176733236,-261.31040497904104,81.2040839616447,0.7697726742044575,5.691765465906037
7584.0,104.01898956298828,273.800503622832,3.109103157833669,-255.6185795221527,273.800503622832,255.6185795221527,192.59642216393104,2.339330247425982,-261.3103445149554,81.20408145890099,0.7697729104076869,5.691764992802694
7592.0,104.12881469726562,273.80053243945883,3.1091146793933637,-255.61862120019438,273.80053243945883,255.61862120019438,192.5964525360776,2.3393420493790154,-261.3103859343746,81.20407990338126,0.7697726300143486,5.6917647341802216
7600.0,104.23861694335938,273.80053650102167,3.1091179741213555,-255.61857817060894,273.80053650102167,255.61857817060894,192.59645743634084,2.339345534760557,-261.31034256767686,81.20407906468083,0.7697724393607988,5.691764397067928
7608.0,104.34844207763672,273.80053950217456,3.109114193014748,-255.61857590658536,273.80053950217456,255.61857590658536,192.5964610983162,2.3393414970929975,-261.31034061416574,81.20407840385835,0.7697726959217503,5.69176470758037
7616.0,104.45824432373047,273.8005869664005,3.109127204720879,-255.61859663062987,273.8005869664005,255.61859663062987,192.5965082868571,2.339354506253256,-261.31036106530934,81.20407867954336,0.769772698467623,5.6917644346794685
7624.0,104.56806182861328,273.80059614384294,3.109125021425666,-255.61859182125812,273.80059614384294,255.61859182125812,192.59651665609812,2.339352284374851,-261.310355973869,81.20407948774482,0.7697727370508147,5.691764152610856
7632.0,104.67786407470703,273.8006020541911,3.1091319170522307,-255.6185447414443,273.8006020541911,255.6185447414443,192.5965219906551,2.339359114161084,-261.31030926700805,81.20408006353597,0.7697728028911466,5.691764525563729
7640.0,104.78768920898438,273.80062341317836,3.1091382952628503,-255.61855457660715,273.80062341317836,255.61855457660715,192.59654276945622,2.3393656171395283,-261.31031931516463,81.20408064372215,0.7697726781233218,5.691764738557494
7648.0,104.89749145507812,273.80065707341873,3.1091401653092525,-255.6185737219888,273.80065707341873,255.6185737219888,192.5965755923189,2.33936755202623,-261.3103384882504,81.20408148109982,0.7697726132830227,5.691764766261599
7656.0,105.0073013305664,273.80064783636965,3.1091444932727184,-255.61853208581738,273.80064783636965,255.61853208581738,192.59656560199147,2.339371796356583,-261.31029704099853,81.20408223437815,0.7697726969161354,5.691764955181165
7664.0,105.11711883544922,273.8006597237893,3.1091499371094153,-255.61852052504724,273.8006597237893,255.61852052504724,192.5965766487802,2.3393771546955597,-261.31028582160394,81.2040830750091,0.7697727824138556,5.691765296556698
7672.0,105.2269287109375,273.80067188642704,3.1091532739272445,-255.6185441786985,273.80067188642704,255.6185441786985,192.59658796407302,2.3393803652756673,-261.31030935441294,81.20408392235399,0.7697729086515774,5.691765175714437
7680.0,105.33673858642578,273.8006878754317,3.1091593943881373,-255.61853216038392,273.8006878754317,255.61853216038392,192.59660346014292,2.33938633931787,-261.3102974069383,81.20408441528879,0.7697730550702673,5.6917652465543656
7688.0,105.4465560913086,273.80068309914975,3.1091617115708754,-255.61849795074477,273.80068309914975,255.61849795074477,192.5965980169642,2.3393890117515164,-261.3102634437756,81.20408508218554,0.769772699819359,5.691765493030868
7696.0,105.5565185546875,273.8006894226454,3.10916181562612,-255.6184923497997,273.8006894226454,255.6184923497997,192.59660412936543,2.3393891924494534,-261.3102578923227,81.20408529327999,0.7697726231766662,5.69176554252296
7704.0,105.66632843017578,273.80069694332667,3.1091696797170307,-255.61849915514102,273.80069694332667,255.61849915514102,192.59661124852386,2.3393969481860473,-261.31026483905225,81.2040856948028,0.7697727315309837,5.691765683911221
7712.0,105.7761459350586,273.8007239117358,3.109167711537646,-255.61850335578214,273.8007239117358,255.61850335578214,192.59663774771894,2.3393951280787078,-261.3102687549276,81.20408616401687,0.769772583458938,5.691765399145472
7720.0,105.88595581054688,273.8007176795501,3.1091805449806458,-255.61849214506435,273.8007176795501,255.61849214506435,192.5966313815269,2.33940777835329,-261.3102578340063,81.20408629802321,0.7697727666273557,5.691765688941931
7728.0,105.99576568603516,273.80070816914144,3.1091837246940583,-255.61844280143163,273.80070816914144,255.61844280143163,192.59662171289688,2.339410960635135,-261.3102085954444,81.20408645624457,0.7697727640589234,5.691765794012792
7736.0,106.10558319091797,273.80071809493955,3.1091823127073113,-255.61846026328013,273.80071809493955,255.61846026328013,192.59663140608927,2.339409624941942,-261.31022594224874,81.20408668885028,0.7697726877653692,5.6917656789686095
7744.0,106.21539306640625,273.80073317472534,3.109185139761224,-255.6184389552295,273.80073317472534,255.6184389552295,192.5966465028987,2.339412679712415,-261.3102048280975,81.20408667182664,0.7697724600488087,5.691765872867998
7752.0,106.32520294189453,273.800736665918,3.1091911021760215,-255.61844871867436,273.800736665918,255.61844871867436,192.5966500656752,2.33941847687221,-261.3102147526049,81.20408660024283,0.7697726253038117,5.691766033930557
7760.0,106.43502044677734,273.80073833048004,3.109206361366243,-255.61842278908335,273.80073833048004,255.61842278908335,192.59665157097686,2.3394338659571603,-261.31018881289975,81.20408675950316,0.769772495409083,5.691766023816408
7768.0,106.54483032226562,273.80073475404953,3.1092133583083754,-255.61840547266667,273.80073475404953,255.61840547266667,192.59664805055155,2.3394406690964997,-261.3101716451514,81.20408670349798,0.7697726892118759,5.691766172484736
7776.0,106.6546401977539,273.80074023385737,3.109207487636895,-255.61839583709454,273.80074023385737,255.61839583709454,192.59665363154406,2.339434990805197,-261.31016176603276,81.2040866023133,0.7697724968316981,5.691765928938219
7784.0,106.76445770263672,273.8007403084682,3.109209181428003,-255.61837550834056,273.8007403084682,255.61837550834056,192.59665356682018,2.339436727303131,-261.3101414964514,81.20408674164806,0.769772454124872,5.691765988110859
7792.0,106.874267578125,273.8007510404817,3.109209164650255,-255.61839794675166,273.8007510404817,255.61839794675166,192.5966643246935,2.339436602428925,-261.31016416837315,81.20408671578818,0.7697725622213303,5.691766221621501
7800.0,106.98407745361328,273.80075078894595,3.1092188094936217,-255.61837308934375,273.80075078894595,255.61837308934375,192.5966637609461,2.3394464177205236,-261.31013929549005,81.20408702799985,0.7697723917730983,5.691766206146295
7808.0,107.0938949584961,273.8007713603836,3.109219482858018,-255.618368301038,273.8007713603836,255.618368301038,192.59668460487876,2.3394471223878317,-261.3101343170258,81.20408675550483,0.769772360470186,5.6917660159878185
7816.0,107.20370483398438,273.8007618888226,3.109227260904601,-255.6183545436741,273.8007618888226,255.6183545436741,192.5966750495361,2.339454660027296,-261.3101206721719,81.20408683928652,0.7697726008773054,5.691766128497783
7824.0,107.31351470947266,273.80076695323817,3.109231035791291,-255.6183475955682,273.80076695323817,255.6183475955682,192.59668008552637,2.339458544811605,-261.3101136442028,81.2040868677118,0.7697724909796861,5.6917660486345625
7832.0,107.42333221435547,273.80077671301507,3.1092389117920636,-255.61834652731088,273.80077671301507,255.61834652731088,192.59668976613258,2.339466334520816,-261.3101127358058,81.20408694688247,0.7697725772712474,5.691766208494897
7840.0,107.53314208984375,273.80078174343066,3.1092361583494963,-255.61834301250167,273.80078174343066,255.61834301250167,192.59669457095617,2.339463620835651,-261.3101090265028,81.20408717247449,0.7697725375138451,5.691766014001141
7848.0,107.64295196533203,273.80078396881675,3.109232737453415,-255.6183205498,273.80078396881675,255.6183205498,192.59669705325447,2.3394601603707224,-261.3100866351061,81.20408691556229,0.7697725770826926,5.691766085306073
7856.0,107.75276947021484,273.8007931180475,3.109252776194139,-255.61830911731278,273.8007931180475,255.61830911731278,192.59670621616092,2.3394801096686884,-261.31007543295175,81.20408690188661,0.7697726665254505,5.691766315638979
7864.0,107.86257934570312,273.800790363455,3.109248852966287,-255.61830517104252,273.800790363455,255.61830517104252,192.59670331849986,2.3394761722006177,-261.31007147592095,81.20408704495514,0.7697726807656691,5.691766304878441
7872.0,107.9723892211914,273.80079467226284,3.109248414970878,-255.61827502423188,273.80079467226284,255.61827502423188,192.59670754529165,2.339476101596463,-261.31004103090777,81.2040871269712,0.7697723133744152,5.691766006675898
7880.0,108.08220672607422,273.80079689530896,3.109254479463247,-255.61826207906853,273.80079689530896,255.61826207906853,192.59670966579924,2.3394819007765153,-261.3100281011916,81.20408722950975,0.7697725786867313,5.691766022123085
7888.0,108.19202423095703,273.80080444088844,3.1092569393420693,-255.61824392008526,273.80080444088844,255.61824392008526,192.5967172073842,2.3394844099310124,-261.3100099167875,81.20408723350424,0.7697725294110569,5.6917659967022605
7896.0,108.30182647705078,273.8008126324241,3.1092617777647282,-255.61825311008485,273.8008126324241,255.61825311008485,192.596725434232,2.3394890636355306,-261.3100192077376,81.20408719819207,0.7697727141291975,5.691766097652726
7904.0,108.41165161132812,273.8008205471022,3.1092698776301755,-255.61824598844166,273.8008205471022,255.61824598844166,192.59673323970196,2.339497423798608,-261.3100120812772,81.20408730740026,0.7697724538315676,5.691766092835536
7912.0,108.52145385742188,273.8008222432435,3.109267109577826,-255.6182431065595,273.8008222432435,255.6182431065595,192.59673500189103,2.3394947831802755,-261.31000916171774,81.20408724135248,0.7697723263975504,5.691766055158233
7920.0,108.63127899169922,273.80081735917827,3.109283765730213,-255.6182140875845,273.80081735917827,255.6182140875845,192.59672983454604,2.339511432056587,-261.30998028009924,81.2040875246322,0.7697723336736262,5.6917661925147325
7928.0,108.74108123779297,273.80083730105935,3.1092825828850623,-255.61821391547483,273.80083730105935,255.61821391547483,192.59674980453244,2.3395099919947695,-261.3099801870589,81.20408749652688,0.769772590890293,5.691766271584078
7936.0,108.85089874267578,273.80084955256734,3.109285558601881,-255.61821938258154,273.80084955256734,255.61821938258154,192.59676234889608,2.339513039992166,-261.3099855596896,81.20408720367125,0.7697725186097146,5.691766177108074
7944.0,108.96070098876953,273.8008590226838,3.1092946864943984,-255.61821250120016,273.8008590226838,255.61821250120016,192.59677145794188,2.3395226074331634,-261.3099784451482,81.20408756474195,0.7697720790612348,5.69176594394804
7952.0,109.07067108154297,273.8008601894461,3.1092951025706803,-255.61820785638383,273.8008601894461,255.61820785638383,192.59677294937387,2.3395226409192587,-261.3099740919187,81.20408724007223,0.7697724616514219,5.6917662355348915
7960.0,109.18048095703125,273.8008469012286,3.109297185085846,-255.61816928707697,273.8008469012286,255.61816928707697,192.5967593113611,2.3395247761463147,-261.30993555789547,81.20408758986756,0.769772408939531,5.691766270818517
7968.0,109.29029083251953,273.80086250249633,3.109299512858489,-255.61814673967842,273.80086250249633,255.61814673967842,192.5967751260621,2.3395273159097525,-261.30991336549874,81.20408737643419,0.7697721969487368,5.691766625820313
7976.0,109.40010833740234,273.80087413081895,3.109308165372008,-255.61818288968632,273.80087413081895,255.61818288968632,192.59678641720396,2.3395357777377943,-261.3099492423728,81.204087713615,0.769772387634214,5.6917663526864715
7984.0,109.50991821289062,273.8008709510443,3.109310081247046,-255.61814202253908,273.8008709510443,255.61814202253908,192.59678318298074,2.339537349745427,-261.3099083427471,81.20408776806357,0.7697727315016196,5.691766320208052
7992.0,109.6197280883789,273.8008711350492,3.109315072980209,-255.61813857516827,273.8008711350492,255.61813857516827,192.59678338765514,2.3395425173905804,-261.309905004827,81.20408774739403,0.7697725555896286,5.691766429658724
8000.0,109.72954559326172,273.80088156474466,3.10931828279615,-255.61812412465503,273.80088156474466,255.61812412465503,192.59679395795425,2.339545846726328,-261.30989055001083,81.20408760679041,0.7697724360698222,5.691766425355809
8008.0,109.83935546875,273.8008893844113,3.109323690164769,-255.6181267267463,273.8008893844113,255.6181267267463,192.59680156418878,2.3395511819268653,-261.30989297505715,81.20408782022248,0.7697725082379039,5.69176624831083
8016.0,109.94916534423828,273.8008859260858,3.109321133686964,-255.61811089799636,273.8008859260858,255.61811089799636,192.59679807054854,2.339548603836503,-261.309877405725,81.2040878555373,0.7697725298504612,5.691766507728644
8024.0,110.0589828491211,273.80089108254117,3.1093331609514987,-255.61809665241475,273.80089108254117,255.61809665241475,192.59680321083653,2.339560643183072,-261.30986305136435,81.20408787170464,0.7697725177684263,5.691766398949611
8032.0,110.1688003540039,273.8009081882214,3.109328744893887,-255.6180837458632,273.8009081882214,255.6180837458632,192.59682033616764,2.339556292426692,-261.3098503222145,81.20408785205376,0.769772452467195,5.691766576351306
8040.0,110.27860260009766,273.8009023012705,3.109341244547397,-255.61806725171496,273.8009023012705,255.61806725171496,192.5968143505535,2.3395688248410442,-261.30983373196796,81.20408795071702,0.7697724197063529,5.691766480252989
8048.0,110.38842010498047,273.80092312777924,3.109341141916834,-255.6180840785483,273.80092312777924,255.6180840785483,192.59683551993834,2.3395685169220855,-261.3098505246045,81.20408760784093,0.7697726249947485,5.691766446056201
8056.0,110.49822998046875,273.80092298866157,3.109346783417993,-255.61809138000302,273.80092298866157,255.61809138000302,192.5968352810053,2.339574277384672,-261.3098579696165,81.2040877076563,0.7697725060333209,5.69176658961346
8064.0,110.6080551147461,273.800919754077,3.1093516237947196,-255.61802584431936,273.800919754077,255.61802584431936,192.59683192039176,2.3395791432354844,-261.3097921985233,81.2040878336852,0.7697724805592352,5.691766354203965
8072.0,110.71785736083984,273.80092624406245,3.109358083152797,-255.6180370064511,273.80092624406245,255.6180370064511,192.59683823044776,2.3395854144913932,-261.30980363111604,81.20408801361471,0.7697726686614039,5.691766624664947
8080.0,110.82766723632812,273.800935572087,3.1093694805689585,-255.61804531187894,273.800935572087,255.61804531187894,192.59684741629215,2.3395969081115577,-261.3098118357331,81.20408815579484,0.7697725724574007,5.691766523854175
8088.0,110.9374771118164,273.80093662351726,3.109363040532844,-255.61800085546062,273.80093662351726,255.61800085546062,192.5968485004597,2.3395903242606653,-261.3097674301826,81.20408812305753,0.7697727162721784,5.6917665747219885
8096.0,111.04729461669922,273.8009406961712,3.1093664272026875,-255.61801479346138,273.8009406961712,255.61801479346138,192.5968526304502,2.33959386394234,-261.30978163856037,81.20408806572104,0.7697725632603474,5.691766845098982
8104.0,111.1571044921875,273.80094078252347,3.109370846951744,-255.61796870498597,273.80094078252347,255.61796870498597,192.59685267195482,2.3395982212594166,-261.3097351906528,81.20408811056865,0.7697726256923274,5.691766485666861
8112.0,111.26692962646484,273.8009526912672,3.1093736820815305,-255.61797618398293,273.8009526912672,255.61797618398293,192.5968645337879,2.339601006624389,-261.3097430003539,81.20408815747928,0.7697726754571415,5.691766816370949
8120.0,111.3767318725586,273.80095454917983,3.1093744676008512,-255.617970320803,273.80095454917983,255.617970320803,192.59686635802967,2.339602035262304,-261.3097367354994,81.20408819115016,0.7697724323385471,5.691766414696403
8128.0,111.4865493774414,273.8009458728815,3.1093788625174135,-255.61793193702835,273.8009458728815,255.61793193702835,192.59685735833213,2.339606142268307,-261.3096987944889,81.2040885145494,0.7697727202491063,5.691766857460545
8136.0,111.59635162353516,273.8009609969657,3.109385665225778,-255.61794814474226,273.8009609969657,255.61794814474226,192.59687259180868,2.3396132569663024,-261.30971465332175,81.20408840515708,0.7697724082594757,5.691766508579503
8144.0,111.7061767578125,273.80098336411874,3.1093983281099438,-255.61797007098866,273.80098336411874,255.61797007098866,192.59689477400576,2.3396257723450473,-261.3097365404003,81.20408859011299,0.7697725557648964,5.691766469411645
8152.0,111.81597900390625,273.8009754481231,3.109396941602623,-255.61792642312776,273.8009754481231,255.61792642312776,192.59688678571007,2.3396240506388697,-261.30969311506715,81.20408866241301,0.7697728909637529,5.6917666919394065
8160.0,111.9258041381836,273.800987615418,3.109392708098678,-255.6179380664147,273.800987615418,255.6179380664147,192.5968991340706,2.339620224344135,-261.3097047390274,81.20408848134741,0.7697724837545434,5.691766672612701
8168.0,112.03560638427734,273.8009924722656,3.1094094276261903,-255.61794119445426,273.8009924722656,255.61794119445426,192.5969037424819,2.339636666855104,-261.30970791439233,81.20408872978368,0.7697727607710863,5.691766719938077
8176.0,112.14542388916016,273.8009967540755,3.109413479308495,-255.6179150271102,273.8009967540755,255.6179150271102,192.59690818755996,2.3396406718578686,-261.30968150762027,81.20408856651557,0.7697728074506263,5.691766480510081
8184.0,112.2552261352539,273.8010031312802,3.109416361084299,-255.6178943456571,273.8010031312802,255.6178943456571,192.5969145610479,2.3396437945398882,-261.30966107386104,81.20408857023229,0.7697725665444104,5.6917667282039375
8192.0,112.36505126953125,273.80101741937005,3.109421345291313,-255.61790082496356,273.80101741937005,255.61790082496356,192.59692887509993,2.3396486508807595,-261.30966739784355,81.20408854427012,0.7697726944105536,5.691766572880011
8200.0,112.47501373291016,273.80102113202383,3.10942498044278,-255.61789316147798,273.80102113202383,255.61789316147798,192.5969323132252,2.339652470416916,-261.30965984532565,81.20408881879865,0.7697725100258637,5.6917666838476695
8208.0,112.5848388671875,273.8010199653223,3.1094202807145797,-255.61787458754387,273.8010199653223,255.61787458754387,192.59693131292713,2.339647741597492,-261.3096411710877,81.20408865239521,0.7697725391170875,5.691766583543865
8216.0,112.69466400146484,273.8010179394283,3.1094273756537767,-255.6178775586216,273.8010179394283,255.6178775586216,192.59692908260524,2.339654995963474,-261.30964446962656,81.20408885682303,0.7697723796903031,5.6917669110049705
8224.0,112.8044662475586,273.8010294369109,3.109438995936559,-255.61786745677355,273.8010294369109,255.61786745677355,192.59694083146871,2.339666141481154,-261.3096343753104,81.2040886054422,0.7697728544554046,5.691766918536831
8232.0,112.9142837524414,273.80101780986297,3.1094338739869816,-255.61782552747056,273.80101780986297,255.61782552747056,192.5969287370648,2.33966111704879,-261.3095922067495,81.20408907279821,0.7697727569381914,5.6917666792789685
8240.0,113.02410888671875,273.80103564362,3.1094440755730712,-255.61783302581097,273.80103564362,255.61783302581097,192.59694679278277,2.3396717537288625,-261.30959982847855,81.20408885083727,0.769772321844209,5.6917668026675825
8248.0,113.1339340209961,273.8010513720043,3.1094492886554166,-255.61784340672023,273.8010513720043,255.61784340672023,192.59696249482278,2.33967685007826,-261.3096101438447,81.20408887718153,0.7697724385771563,5.691766737124457
8256.0,113.24373626708984,273.8010508385904,3.1094551677190534,-255.61780250737826,273.8010508385904,255.61780250737826,192.59696207441075,2.339682625733527,-261.3095690736616,81.20408876417969,0.7697725419855266,5.691766566283312
8264.0,113.35355377197266,273.80104656698967,3.109453097210778,-255.6177876467075,273.80104656698967,255.6177876467075,192.59695761422125,2.339680461502972,-261.30955454168486,81.20408895276843,0.7697726357078061,5.691766894977353
8272.0,113.46337890625,273.80107724523884,3.109468433165895,-255.6178089880212,273.80107724523884,255.6178089880212,192.59698822984876,2.3396960544417733,-261.3095757681269,81.20408901539005,0.7697723787241215,5.691766780105673
8280.0,113.57318115234375,273.8010618485662,3.1094603527215154,-255.61777764987076,273.8010618485662,255.61777764987076,192.59697283288153,2.3396880225899275,-261.30954449932335,81.20408901568467,0.7697723301315882,5.691766849452587
8288.0,113.6830062866211,273.8010785783407,3.109467844091923,-255.61776375463697,273.8010785783407,255.61776375463697,192.5969893325791,2.339695510132749,-261.30953053696203,81.20408924576162,0.769772333959174,5.691766782325054
8296.0,113.7928237915039,273.80108030064616,3.109469801749767,-255.6177783074527,273.80108030064616,255.6177783074527,192.59699122031668,2.339697099334818,-261.3095451572872,81.20408908032948,0.7697727024149492,5.691766849834462
8304.0,113.90264892578125,273.80107537886846,3.1094794237069423,-255.6177277099598,273.80107537886846,255.6177277099598,192.59698631233667,2.3397069454320465,-261.3094945278915,81.20408906653178,0.7697724782748958,5.691766817931705
8312.0,114.01245880126953,273.80109021547383,3.1094799920292338,-255.617732113591,273.80109021547383,255.617732113591,192.59700106130626,2.339707835690788,-261.3094989405664,81.20408915416758,0.7697721563384459,5.691766826975428
8320.0,114.12227630615234,273.8011010198902,3.109485790171695,-255.6177596536609,273.8011010198902,255.6177596536609,192.59701192751527,2.339713156463258,-261.3095265526937,81.20408909237491,0.769772633708437,5.691766899032779
8328.0,114.23209381103516,273.8010963219806,3.109492566665478,-255.61770242305337,273.8010963219806,255.61770242305337,192.59700710297284,2.3397201281603786,-261.30946902407806,81.20408921900776,0.7697724385050995,5.6917666010246855
8336.0,114.3419189453125,273.80109819478326,3.109494386211599,-255.61769878058286,273.80109819478326,255.61769878058286,192.59700909342158,2.33972197217279,-261.30946598032324,81.20408910136169,0.7697724140388087,5.691767199740383
8344.0,114.45172882080078,273.8011174169454,3.1095021168909547,-255.6177264357292,273.8011174169454,255.6177264357292,192.59702840068059,2.3397298374784152,-261.30949317052915,81.20408901626479,0.7697722794125397,5.691766734799958
8352.0,114.5615463256836,273.8010960516847,3.109508421310709,-255.61765873832798,273.8010960516847,255.61765873832798,192.5970065631417,2.3397359245834215,-261.3094255918272,81.20408948854299,0.7697724967272876,5.691766853499239
8360.0,114.6713638305664,273.8011139853156,3.109520776961957,-255.61765643607322,273.8011139853156,255.61765643607322,192.59702508626722,2.3397484292561166,-261.3094232315607,81.20408889904843,0.7697723477058402,5.6917667954874815
8368.0,114.78118896484375,273.80112324642505,3.109515212432882,-255.61766556493498,273.80112324642505,255.61766556493498,192.5970343775577,2.3397427089255913,-261.3094324856703,81.20408886886737,0.7697725035072909,5.691766920735305
8376.0,114.89099884033203,273.80113864875807,3.1095153505846493,-255.61766519630845,273.80113864875807,255.61766519630845,192.59704923427734,2.3397430250098616,-261.30943194642236,81.20408941448076,0.7697723255747877,5.691766750113922
8384.0,115.00081634521484,273.8011452600133,3.1095196944127235,-255.61766600304065,273.8011452600133,255.61766600304065,192.59705607935905,2.3397470179441413,-261.30943298532634,81.20408918065425,0.7697726764685824,5.6917669822856745
8392.0,115.11063385009766,273.8011503857414,3.1095248551129364,-255.61766494471664,273.8011503857414,255.61766494471664,192.59706102529302,2.3397522950492626,-261.3094321764875,81.20408936044838,0.769772560063674,5.69176723177088
8400.0,115.220458984375,273.80114210518826,3.109528152715752,-255.61764612807318,273.80114210518826,255.61764612807318,192.59705265823638,2.3397556778363424,-261.309412972277,81.20408944695187,0.7697724748794097,5.691766844203846
8408.0,115.33026123046875,273.8011563180287,3.109530340042417,-255.61762372787302,273.8011563180287,255.61762372787302,192.5970666700784,2.3397579645357154,-261.30939073515583,81.20408964795027,0.7697723755067012,5.6917670072827935
8416.0,115.4400863647461,273.8011607209095,3.1095371488388284,-255.61759902148992,273.8011607209095,255.61759902148992,192.5970711589288,2.3397648338450785,-261.309365815173,81.20408956198065,0.7697723149937499,5.691766793683078
8424.0,115.54989624023438,273.8011618066229,3.1095524949827187,-255.61758474891087,273.8011618066229,255.61758474891087,192.59707226854562,2.33977991673859,-261.309351637137,81.20408953807726,0.7697725782441285,5.691766888226152
8432.0,115.65972137451172,273.80118129666585,3.1095548811595988,-255.61758519961626,273.80118129666585,255.61758519961626,192.59709162839826,2.339782199469627,-261.30935194990457,81.20408966826756,0.7697726816899715,5.691766750288317
8440.0,115.76953125,273.80117879816646,3.109554030719023,-255.6175639989637,273.80117879816646,255.6175639989637,192.5970892902272,2.339781552413035,-261.3093306843766,81.20408950793927,0.7697724783059878,5.691766685412908
8448.0,115.87935638427734,273.80118639562977,3.1095591587166047,-255.61755805634317,273.80118639562977,255.61755805634317,192.5970964976477,2.3397865871084758,-261.30932477213884,81.20408989798207,0.769772571608129,5.691766715795662
8456.0,115.98916625976562,273.8011809322957,3.1095651763092373,-255.6175467188473,273.8011809322957,255.6175467188473,192.59709121967649,2.3397927440676103,-261.3093136289444,81.20408971261924,0.7697724322416268,5.691766910097069
8464.0,116.0989761352539,273.80119196972464,3.1095616623847127,-255.61754054057016,273.80119196972464,255.61754054057016,192.59710221009328,2.3397890796732197,-261.3093073971464,81.20408975963137,0.769772582711493,5.691766856576264
8472.0,116.20880126953125,273.80119312995294,3.109570920961191,-255.61751863284138,273.80119312995294,255.61751863284138,192.5971034493984,2.339798261900946,-261.30928551419663,81.20408968055455,0.7697726590602452,5.691766881355259
8480.0,116.3186264038086,273.801213098797,3.1095843466820057,-255.6175315072661,273.801213098797,255.6175315072661,192.59712317746727,2.339811769886662,-261.30929818716527,81.20408992132971,0.7697725767953434,5.691766679899151
8488.0,116.42843627929688,273.80120894056665,3.1095797066414668,-255.61749188966826,273.80120894056665,255.61749188966826,192.59711905418035,2.3398070727755447,-261.309258786716,81.20408988638633,0.7697726338659221,5.691766897047742
8496.0,116.53824615478516,273.8012181011624,3.109585924727744,-255.61751326762771,273.8012181011624,255.61751326762771,192.59712829670963,2.339813338623495,-261.3092801630768,81.20408980445279,0.7697725861042493,5.6917668954490495
8504.0,116.6480712890625,273.80121892681626,3.109590542348486,-255.61747719191035,273.80121892681626,255.61747719191035,192.59712894717566,2.339817886172158,-261.30924411667127,81.2040899796406,0.7697726561763278,5.691766924760908
8512.0,116.75789642333984,273.8012173408302,3.1095990841414953,-255.6174656263385,273.8012173408302,255.6174656263385,192.59712763867637,2.3398266871877156,-261.3092326055831,81.20408970215381,0.7697723969537797,5.691766979244582
8520.0,116.86770629882812,273.8012322411871,3.1096080265069928,-255.61743682540978,273.8012322411871,255.61743682540978,192.59714256232326,2.3398354956735385,-261.30920385026974,81.20408967886384,0.769772530833454,5.6917670248599475
8528.0,116.9775161743164,273.80122960636663,3.109594225632682,-255.61745014591247,273.80122960636663,255.61745014591247,192.5971398503857,2.339821462869813,-261.3092170199876,81.20408975598096,0.769772762762869,5.6917668740751495
8536.0,117.08734130859375,273.8012331880354,3.109604772462078,-255.61743749113376,273.8012331880354,255.61743749113376,192.59714332612253,2.3398319428667858,-261.3092046075728,81.20408986191286,0.7697728295952921,5.691767116439017
8544.0,117.1971664428711,273.80125267506935,3.1096172426000033,-255.61743014941482,273.80125267506935,255.61743014941482,192.5971626944097,2.3398446020732635,-261.30919720249983,81.20408998065963,0.7697726405267398,5.691767053085002
8552.0,117.30697631835938,273.80125745741213,3.10960802485289,-255.61741778086872,273.80125745741213,255.61741778086872,192.5971676308518,2.3398355559807964,-261.30918503673206,81.20408982656035,0.7697724688720937,5.691767255863351
8560.0,117.41678619384766,273.80126854876323,3.109614918419677,-255.61742697240805,273.80126854876323,255.61742697240805,192.59717880136517,2.3398423150721284,-261.3091939761787,81.20408974739807,0.7697726033475483,5.691767003770618
8568.0,117.526611328125,273.8012648501062,3.109627689237999,-255.61738574235224,273.8012648501062,255.61738574235224,192.59717518565333,2.3398549753619298,-261.3091526457569,81.20408966445285,0.7697727138760688,5.691766903404661
8576.0,117.63643646240234,273.80127205383576,3.1096307746933207,-255.6173614721777,273.80127205383576,255.6173614721777,192.59718223091988,2.3398578396026104,-261.3091285369018,81.20408982291586,0.7697729350907103,5.691767064724143
8584.0,117.74625396728516,273.80128320559515,3.1096359700843763,-255.61739829769584,273.80128320559515,255.61739829769584,192.5971930214092,2.3398632209237618,-261.30916535676846,81.20409018418593,0.7697727491606143,5.69176705907261
8592.0,117.8560562133789,273.8012891544407,3.1096516150172233,-255.6173779518775,273.8012891544407,255.6173779518775,192.59719924955732,2.339878917893277,-261.3091447840073,81.2040899048834,0.7697726971239462,5.691766832129794
8600.0,117.96588134765625,273.80130113669316,3.109647110052935,-255.61738049491575,273.80130113669316,255.61738049491575,192.59721098206032,2.3398742978970977,-261.3091474614915,81.20409015463285,0.7697728121558374,5.691766966575724
8608.0,118.0757064819336,273.8012810597674,3.109645753138474,-255.61731275199236,273.8012810597674,255.61731275199236,192.59719113977297,2.3398731898687966,-261.3090798620771,81.20408991999444,0.7697725632696772,5.6917671100847524
8616.0,118.1855239868164,273.80129680820954,3.1096557085768506,-255.61732639171916,273.80129680820954,255.61732639171916,192.59720666002767,2.339883315548615,-261.3090936276786,81.20409014818188,0.7697723930282352,5.69176723595943
8624.0,118.29534149169922,273.80129519625257,3.1096602682244683,-255.61729974798746,273.80129519625257,255.61729974798746,192.59720532577666,2.3398874806105483,-261.30906694187445,81.20408987047591,0.76977278761392,5.691767193886987
8632.0,118.4051513671875,273.80129520902904,3.109663622351002,-255.61727270094502,273.80129520902904,255.61727270094502,192.5972051073134,2.339890956682553,-261.3090400657916,81.20409010171562,0.7697726656684492,5.691767364846564
8640.0,118.51497650146484,273.8013391802286,3.109668125285535,-255.6173234399832,273.8013391802286,255.6173234399832,192.59724894757403,2.3398954936871927,-261.30909064317024,81.20409023265456,0.7697726315983424,5.691767203187024
8648.0,118.62479400634766,273.8013111580793,3.1096762803888254,-255.61723068329917,273.8013111580793,255.61723068329917,192.5972210122904,2.339903629364578,-261.3089979220148,81.20409014578888,0.7697726510242473,5.691767238715616
8656.0,118.73461151123047,273.80131239701734,3.10967577607105,-255.61723391384385,273.80131239701734,255.61723391384385,192.59722221781604,2.339903096326445,-261.3090012242326,81.20409017920133,0.7697726797446047,5.6917673103887285
8664.0,118.84442138671875,273.80133905942563,3.109676464770445,-255.61725981270035,273.80133905942563,255.61725981270035,192.59724889416412,2.339903871987751,-261.30902703094233,81.2040901652615,0.7697725927826942,5.6917672182419885
8672.0,118.9542465209961,273.8013225540679,3.1096919145940163,-255.6172089172201,273.8013225540679,255.6172089172201,192.59723248933972,2.3399194257047315,-261.3089759674074,81.20409006472818,0.7697724888892845,5.69176705018729
8680.0,119.0640640258789,273.80134579514856,3.109697358994877,-255.61726384640676,273.80134579514856,255.61726384640676,192.59725567294112,2.3399247227240476,-261.30903114304084,81.20409012220745,0.7697726362708293,5.691767296634087
8688.0,119.17388153076172,273.8013635667231,3.1096972391471533,-255.61724518299616,273.8013635667231,255.61724518299616,192.5972736230038,2.3399246895050805,-261.3090125007848,81.20408994371935,0.7697725496420731,5.691767317788631
8696.0,119.28369903564453,273.8013582345428,3.1097051447905812,-255.61721562421712,273.8013582345428,255.61721562421712,192.59726817808854,2.3399326966958647,-261.30898279605134,81.2040900564543,0.7697724480947168,5.691767171834205
8704.0,119.39351654052734,273.80135783549497,3.109704296846186,-255.6171811276833,273.80135783549497,255.6171811276833,192.5972678809997,2.3399316644683195,-261.30894832232383,81.20408995449523,0.7697726323778666,5.691767194640535
8712.0,119.50333404541016,273.8013825061163,3.1097118285617475,-255.61719217536282,273.8013825061163,255.61719217536282,192.59729240920782,2.3399391297623313,-261.30895942334325,81.20409009690846,0.7697726987994162,5.691767247980431
8720.0,119.61315155029297,273.80139481050526,3.109717079985124,-255.61719932374456,273.80139481050526,255.61719932374456,192.59730414428748,2.339944444592386,-261.3089664965257,81.20409066621781,0.7697726353927379,5.691767172781175
8728.0,119.72296142578125,273.8013898903265,3.1097232313515,-255.617161415219,273.8013898903265,255.617161415219,192.59729917626842,2.339950571297024,-261.3089285254511,81.20409071405808,0.7697726600544761,5.691767110232124
8736.0,119.83277130126953,273.80140457253697,3.109716697435095,-255.61716221162177,273.80140457253697,255.61716221162177,192.5973140736036,2.33994415922154,-261.3089295764321,81.20409049893335,0.7697725382135552,5.691767364810322
8744.0,119.94258880615234,273.80140021726356,3.1097308703466737,-255.61714475794625,273.80140021726356,255.61714475794625,192.59730984947262,2.339958332654562,-261.3089120208928,81.20409036779094,0.7697725376921121,5.691767262946579
8749.0,120.01123046875,273.801405690916,3.109733851016357,-255.61714419138647,273.801405690916,255.61714419138647,192.5973149952269,2.339961216027941,-261.3089114511768,81.20409069568912,0.7697726349884157,5.691767259790346
