step,t_u_l,fx_solver,fy_solver,fz_solver,drag_solver,downforce_solver,pressure_fx_solver,pressure_fy_solver,pressure_fz_solver,viscous_fx_solver,viscous_fy_solver,viscous_fz_solver
8.0,0.08764233440160751,477.4949369950215,21.71202968531587,-213.74848431655366,477.4949369950215,213.74848431655366,284.97409423650777,23.39053352675502,-236.80959560837027,192.5208427585137,-1.6785038414391522,23.061111291816623
16.0,0.1833222657442093,393.22699013957396,19.037485734114675,-202.2027709610161,393.22699013957396,202.2027709610161,244.61210431468731,20.261407823728547,-221.75579857640628,148.61488582488664,-1.22392208961387,19.553027615390164
24.0,0.28238561749458313,363.6155668278279,18.020353565520562,-213.75201615279624,363.6155668278279,213.75201615279624,235.89724143456712,18.91692328114034,-231.53419049853176,127.71832539326076,-0.8965697156197763,17.782174345735516
32.0,0.3839200735092163,335.5042125553765,16.58198970763148,-217.19389669716006,335.5042125553765,217.19389669716006,220.4340347619709,17.21844409536974,-233.32436734476588,115.0701777934056,-0.6364543877382616,16.130470647605826
40.0,0.4869016110897064,318.81052617404566,16.091747531520394,-224.08938074673785,318.81052617404566,224.08938074673785,212.06139341203658,16.534720254912486,-238.6069150631579,106.74913276200908,-0.44297272339209215,14.517534316420058
48.0,0.5912021398544312,307.8829201790114,15.88024008075594,-230.02690042797332,307.8829201790114,230.02690042797332,206.88949925258703,16.184428195033846,-243.08186531308507,100.99342092642438,-0.30418811427790615,13.054964885111765
56.0,0.6965218186378479,300.3470862198124,15.538578415895541,-235.762726649727,300.3470862198124,235.762726649727,203.53794042905383,15.740041301125105,-247.52539286937605,96.80914579075856,-0.20146288522956368,11.762666219649043
64.0,0.8026149868965149,294.2252662322389,15.522149547940263,-239.30311918161684,294.2252662322389,239.30311918161684,200.58721086127275,15.643726864473866,-249.95125617637385,93.63805537096613,-0.12157731653360315,10.648136994757014
72.0,0.9094478487968445,288.7162390577696,15.504252996388583,-241.37227208087776,288.7162390577696,241.37227208087776,197.60538353516768,15.562593496723995,-251.0661132975448,91.11085552260191,-0.058340500335411605,9.693841216667035
80.0,1.0168863534927368,284.4012098377548,15.342037051033229,-243.09566625411935,284.4012098377548,243.09566625411935,195.34587226932385,15.349240258811687,-251.97107051893767,89.05533756843093,-0.007203207778458065,8.875404264818316
88.0,1.1247496604919434,281.1621803264251,15.322879876358224,-244.13050860347255,281.1621803264251,244.13050860347255,193.77018355820303,15.288686098502378,-252.31740789138314,87.39199676822204,0.03419377785584565,8.186899287910578
96.0,1.2330087423324585,278.87224958226204,15.297582142978305,-244.99579812360008,278.87224958226204,244.99579812360008,192.79477431198686,15.229389668007467,-252.61384556672922,86.07747527027522,0.06819247497083758,7.6180474431291305
104.0,1.3416204452514648,276.87349558187924,15.216364463046745,-245.31577294780223,276.87349558187924,245.31577294780223,191.8385319804178,15.119383126677015,-252.47190897537598,85.03496360146143,0.09698133636973072,7.1561360275737576
112.0,1.4505314826965332,274.68046798527797,15.210254950342513,-244.73728576806212,274.68046798527797,244.73728576806212,190.50371722789038,15.08867710608472,-251.52487007442477,84.17675075738758,0.12157784425779283,6.78758430636264
120.0,1.559699535369873,272.28113720517314,15.159429542553553,-243.49011963727676,272.28113720517314,243.49011963727676,188.84911038519328,15.016097050732327,-249.9905696711904,83.43202681997987,0.14333249182122554,6.500450033913647
128.0,1.6690832376480103,270.1740883485726,15.050741925191772,-242.1222912762713,270.1740883485726,242.1222912762713,187.39205645962664,14.887861789743322,-248.4072437947693,82.78203188894597,0.16288013544845104,6.284952518497999
136.0,1.7786415815353394,268.63937117444164,14.980225072350255,-240.79108670873782,268.63937117444164,240.79108670873782,186.39750824529085,14.799819214087574,-246.92693638106272,82.24186292915076,0.18040585826268174,6.135849672324889
144.0,1.8883317708969116,267.60293383028704,14.899549013883414,-239.62160515833222,267.60293383028704,239.62160515833222,185.784165872581,14.7033671478347,-245.66758770990458,81.81876795770606,0.19618186604871535,6.0459825515723615
152.0,1.998109221458435,266.6794688493012,14.809404600701924,-238.3873662984798,266.6794688493012,238.3873662984798,185.1916306978373,14.599172973764047,-244.39090459333272,81.48783815146393,0.210231626937877,6.003538294852923
160.0,2.1079390048980713,265.5379013383182,14.739968149422982,-236.85142794861758,265.5379013383182,236.85142794861758,184.33325084984693,14.517082988547815,-242.8471902461061,81.20465048847124,0.2228851608751672,5.9957622974885
168.0,2.217801332473755,264.2380528514841,14.645405494932493,-235.19075831828724,264.2380528514841,235.19075831828724,183.30174978481375,14.411004273984613,-241.20132934979983,80.93630306667038,0.23440122094788096,6.010571031512592
176.0,2.3276875019073486,263.100593895602,14.532977835237851,-233.6784869114938,263.100593895602,233.6784869114938,182.41784216506719,14.288368279418698,-239.71910311913308,80.68275173053483,0.2446095558191539,6.040616207639291
184.0,2.4375903606414795,262.3462596994085,14.43600808246413,-232.47353077835655,262.3462596994085,232.47353077835655,181.88141129279006,14.1827516954415,-238.55602773568862,80.46484840661847,0.2532563870226312,6.082496957332071
192.0,2.5474987030029297,261.90425023856244,14.343568950130532,-231.55542977775147,261.90425023856244,231.55542977775147,181.60887485007405,14.083231785760027,-237.68858281382379,80.29537538848842,0.2603371643705046,6.133153036072321
200.0,2.657399892807007,261.49147342376756,14.260430368625055,-230.7099992321052,261.49147342376756,230.7099992321052,181.32865744016073,13.994425106917198,-236.8979537850311,80.16281598360683,0.266005261707857,6.187954552925913
208.0,2.7672860622406006,260.8902804647665,14.187487062207992,-229.77323956776888,260.8902804647665,229.77323956776888,180.8494584374488,13.916806001827688,-236.01477844830998,80.04082202731767,0.2706810603803058,6.241538880541112
216.0,2.8771560192108154,260.15646282679063,14.105980633416467,-228.81999409781847,260.15646282679063,228.81999409781847,180.24495973069332,13.83137937037144,-235.10980889818595,79.9115030960973,0.2746012630450263,6.28981480036747
224.0,2.987014055252075,259.52108092024633,14.021591419856701,-228.0196176547966,259.52108092024633,228.0196176547966,179.74158254051304,13.743839484331968,-234.3513833550139,79.77949837973328,0.27775193552473265,6.331765700217291
232.0,3.0968639850616455,259.1434725081516,13.946933338090616,-227.47394716033352,259.1434725081516,227.47394716033352,179.4804403323153,13.66688734683299,-233.84280099033842,79.66303217583632,0.2800459912576274,6.368853830004898
240.0,3.2067043781280518,258.9655061968138,13.881564872448621,-227.13185938070993,258.9655061968138,227.13185938070993,179.3922248037474,13.600037156537642,-233.53412956833967,79.57328139306638,0.281527715910979,6.402270187629748
248.0,3.3165314197540283,258.7815485217138,13.827185292847288,-226.82302269633286,258.7815485217138,226.82302269633286,179.27829470499034,13.544799353550331,-233.25463048503588,79.50325381672343,0.2823859392969563,6.4316077887030305
256.0,3.4263439178466797,258.4462395176067,13.778754853182472,-226.43494507564372,258.4462395176067,226.43494507564372,179.01090575130138,13.495853086089827,-232.89036603744043,79.43533376630532,0.28290176709264436,6.455420961796694
264.0,3.5361435413360596,258.0072932201602,13.727026014313452,-226.0110138172708,258.0072932201602,226.0110138172708,178.64881600010722,13.44377735053649,-232.48388968519708,79.35847722005298,0.2832486637769618,6.472875867926287
272.0,3.6459360122680664,257.6329489365547,13.674637981694117,-225.67122831488442,257.6329489365547,225.67122831488442,178.3554938702408,13.391229219813372,-232.15616879918284,79.27745506631392,0.2834087618807448,6.484940484298409
280.0,3.7557249069213867,257.43452615531515,13.627609140543694,-225.48657721192603,257.43452615531515,225.48657721192603,178.22848991674041,13.344292722242033,-231.98037258245768,79.20603623857474,0.283316418301661,6.493795370531641
288.0,3.8655107021331787,257.3650386223246,13.587791734068848,-225.41153609260547,257.3650386223246,225.41153609260547,178.21270281697852,13.304815457926956,-231.91264078074067,79.15233580534613,0.28297627614189036,6.501104688135191
296.0,3.9752914905548096,257.276782056915,13.554944568982839,-225.32588236623306,257.276782056915,225.32588236623306,178.16550387717277,13.272440258164442,-231.8329921726459,79.11127817974224,0.2825043108183962,6.507109806412846
304.0,4.085065841674805,257.0721414188845,13.5244668188789,-225.15735272452952,257.0721414188845,225.15735272452952,178.0016549521588,13.24239917440748,-231.6684397684341,79.0704864667257,0.28206764447141897,6.511087043904583
312.0,4.194836139678955,256.79042522511395,13.49147843533709,-224.9404652159853,256.79042522511395,224.9404652159853,177.76779646931692,13.20975511711393,-231.45310195857965,79.02262875579703,0.28172331822315844,6.512636742594328
320.0,4.304605007171631,256.55500082863296,13.456888301090203,-224.76513935629686,256.55500082863296,224.76513935629686,177.58338425086046,13.17542799721023,-231.27765575588967,78.9716165777725,0.2814603038799728,6.512516399592824
328.0,4.414377689361572,256.44231481405484,13.425114486391955,-224.68402386599033,256.44231481405484,224.68402386599033,177.51486074228043,13.143927439606975,-231.19619972828997,78.92745407177438,0.2811870467849795,6.512175862299651
336.0,4.52415132522583,256.41451541428927,13.398325022680998,-224.6620525571784,256.41451541428927,224.6620525571784,177.5188429295292,13.117458842943591,-231.17466792700372,78.89567248476008,0.2808661797374068,6.51261536982531
344.0,4.633923053741455,256.36638395892123,13.376029175746458,-224.61796954911617,256.36638395892123,224.61796954911617,177.49410206066318,13.095464866595366,-231.13168912311014,78.87228189825802,0.2805643091510923,6.513719573993976
352.0,4.743693828582764,256.2314050046598,13.354608459920637,-224.5044328472852,256.2314050046598,224.5044328472852,177.38303488728408,13.07422957575979,-231.01914854328578,78.84837011737572,0.28037888416084655,6.514715696000601
360.0,4.853463649749756,256.04263265567,13.33120458383646,-224.35225663494438,256.04263265567,224.35225663494438,177.22366002534955,13.050875756962089,-230.86733079787504,78.81897263032045,0.28032882687437155,6.515074162930667
368.0,4.963234901428223,255.8882098095208,13.306978946275514,-224.22805625088313,255.8882098095208,224.22805625088313,177.10098604950988,13.026617041615834,-230.7431862596595,78.78722376001089,0.2803619046596788,6.51513000877636
376.0,5.073009014129639,255.82132783497795,13.284715880739013,-224.16956427268255,255.82132783497795,224.16956427268255,177.0610370359044,13.0043164826223,-230.68524479437107,78.76029079907354,0.2803993981167121,6.515680521688521
384.0,5.1827850341796875,255.81217785893688,13.266176099053524,-224.15067188940122,255.81217785893688,224.15067188940122,177.07028468518658,12.985761993942038,-230.6678814237904,78.7418931737503,0.28041410511148523,6.517209534389171
392.0,5.292562007904053,255.78473598412137,13.250849522707512,-224.113379267531,255.78473598412137,224.113379267531,177.05579057811218,12.970407449881666,-230.63281947494676,78.72894540600919,0.28044207282584654,6.519440207415741
400.0,5.402338027954102,255.69413301106601,13.236049004425835,-224.0271433998454,255.69413301106601,224.0271433998454,176.97906995613818,12.955510999524247,-230.54880118822874,78.71506305492784,0.2805380049015884,6.5216577883833615
408.0,5.512115001678467,255.56670145137088,13.22003313405784,-223.91562470737964,255.56670145137088,223.91562470737964,176.86978637465575,12.93931752240115,-230.4390304373929,78.69691507671513,0.2807156116566878,6.5234057300132475
416.0,5.621891498565674,255.46560108842985,13.203632513110453,-223.8270940379101,255.46560108842985,223.8270940379101,176.78864527467155,12.922702334112659,-230.35194873364384,78.6769558137583,0.28093017899779493,6.524854695733742
424.0,5.731662750244141,255.42732538130886,13.188787236318696,-223.78712164349568,255.42732538130886,223.78712164349568,176.7669777159831,12.90765925216574,-230.31365028667778,78.66034766532576,0.28112798415295526,6.526528643182103
432.0,5.841439723968506,255.42796081306074,13.17682276046719,-223.7749941742212,255.42796081306074,223.7749941742212,176.77837216726246,12.895534861010262,-230.30371059809215,78.64958864579829,0.28128789945692745,6.528716423870945
440.0,5.951216220855713,255.41309967211117,13.167250956169482,-223.7492778273463,255.41309967211117,223.7492778273463,176.77076453104746,12.885811885371826,-230.28046541790178,78.6423351410637,0.2814390707976555,6.531187590555474
448.0,6.060993194580078,255.35242337560078,13.1579670044189,-223.68933993520454,255.35242337560078,223.68933993520454,176.7183962243755,12.876344553898864,-230.2227588860565,78.63402715122527,0.2816224505200351,6.533418950851962
456.0,6.17077112197876,255.26645488488455,13.147888771062394,-223.61341730780072,255.26645488488455,223.61341730780072,176.64399512857688,12.86604343700837,-230.14852578211645,78.62245975630768,0.28184533405402323,6.535108474315733
464.0,6.280548095703125,255.2006586746399,13.137603495480743,-223.55586519909,255.2006586746399,223.55586519909,176.59109991625968,12.855525990937839,-230.09227767758998,78.6095587583802,0.2820775045429045,6.536412478499987
472.0,6.39032506942749,255.17995964500255,13.128442874354985,-223.53393688942162,255.17995964500255,223.53393688942162,176.5809259804694,12.846162304992497,-230.07166476434145,78.59903366453317,0.2822805693624879,6.5377278749198275
480.0,6.500101566314697,255.18531882558193,13.121351678601842,-223.5310220403385,255.18531882558193,223.5310220403385,176.5927462427491,12.838908635183277,-230.070295778002,78.59257258283286,0.2824430434185652,6.539273737663484
488.0,6.609879016876221,255.17788655392343,13.115784048875831,-223.51766507440365,255.17788655392343,223.51766507440365,176.58950564292502,12.833196226852472,-230.05855647927973,78.58838091099841,0.2825878220233591,6.540891404876067
496.0,6.719655990600586,255.13710351436893,13.110349340810933,-223.47986470441305,255.13710351436893,223.47986470441305,176.55387964522208,12.827603928584614,-230.0220981747376,78.58322386914685,0.2827454122263191,6.54223347032457
504.0,6.829432964324951,255.0792176937232,13.10416734781168,-223.4314353506352,255.0792176937232,223.4314353506352,176.50357957648532,12.821244925062713,-229.97455137177056,78.57563811723787,0.2829224227489675,6.543116021135351
512.0,6.939209461212158,255.03689788977374,13.097765694520875,-223.3970807822993,255.03689788977374,223.3970807822993,176.46977091672636,12.814666909968379,-229.94076615651383,78.5671269730474,0.2830987845524966,6.543685374214537
520.0,7.048984527587891,255.02654940229414,13.092122829118178,-223.38773184527253,255.02654940229414,223.38773184527253,176.46619549285313,12.808872961730833,-229.93198049557742,78.560353909441,0.2832498673873465,6.544248650304899
528.0,7.158761501312256,255.0337165372239,13.087818181274567,-223.3910838627692,255.0337165372239,223.3910838627692,176.47728132330198,12.804451261447655,-229.9360531033724,78.55643521392193,0.2833669198269133,6.544969240603192
536.0,7.268537998199463,255.0304602125891,13.08451231967858,-223.38565873251733,255.0304602125891,223.38565873251733,176.47644428846417,12.801041500703661,-229.93140016050643,78.55401592412495,0.28347081897491844,6.5457414279890935
544.0,7.378314971923828,255.0029929781802,13.081155852380778,-223.36230278688197,255.0029929781802,223.36230278688197,176.45221092149978,12.797573656928272,-229.90862840883227,78.55078205668042,0.2835821954525066,6.546325621950303
552.0,7.4880900382995605,254.96385884556486,13.077129768078702,-223.33155698675728,254.96385884556486,223.33155698675728,176.41808476010038,12.79342401379119,-229.87816559890635,78.54577408546447,0.28370575428751277,6.546608612149079
560.0,7.597866535186768,254.936681219285,13.072952104742908,-223.31113200845223,254.936681219285,223.31113200845223,176.39652495132913,12.789124365505886,-229.8578430173572,78.54015626795588,0.2838277392370223,6.546711008904954
568.0,7.707643508911133,254.9321614112735,13.069231600108136,-223.30804697275946,254.9321614112735,223.30804697275946,176.39634364424074,12.785302405588611,-229.85490328879763,78.53581776703277,0.2839291945195237,6.546856316038161
576.0,7.817420482635498,254.93944358885787,13.06643286454322,-223.31316599665126,254.93944358885787,223.31316599665126,176.40593888810065,12.782425302144869,-229.86032407900782,78.53350470075722,0.2840075623983509,6.547158082356552
584.0,7.927194595336914,254.93812337952608,13.064338098037327,-223.31080550889254,254.93812337952608,223.31080550889254,176.40594713885395,12.780261637971321,-229.8583362528117,78.53217624067213,0.2840764600660055,6.547530743919163
592.0,8.036971092224121,254.9194077095579,13.062079046770368,-223.29542807004685,254.9194077095579,223.29542807004685,176.38922404164964,12.777927471170676,-229.84323080081316,78.53018366790826,0.28415157559969195,6.547802730766293
600.0,8.146748542785645,254.89269376016676,13.059368475352379,-223.27475422605747,254.89269376016676,223.27475422605747,176.36579262949454,12.775133325778139,-229.82265010929996,78.52690113067221,0.2842351495742408,6.547895883242494
608.0,8.256525039672852,254.87515745987517,13.056512979357379,-223.2617379966529,254.87515745987517,223.2617379966529,176.35194375368894,12.772196079014101,-229.8096371246132,78.52321370618623,0.2843169003432777,6.547899127960308
616.0,8.366299629211426,254.87371606216055,13.054007173629332,-223.26079891332515,254.87371606216055,223.26079891332515,176.3532432927624,12.769624323426957,-229.8087672471109,78.52047276939817,0.2843828502023751,6.547968333785735
624.0,8.47607707977295,254.87990676401049,13.052197611961496,-223.26496636872756,254.87990676401049,223.26496636872756,176.36074149853465,12.767764545825841,-229.81314103848985,78.51916526547583,0.284433066135656,6.548174669762299
632.0,8.585853576660156,254.87955463922756,13.050777331074883,-223.26353875212604,254.87955463922756,223.26353875212604,176.3610698175665,12.766301485403645,-229.8119848890471,78.51848482166108,0.2844758456712393,6.548446136921053
640.0,8.695630073547363,254.8665798172158,13.049314756854258,-223.25248308086586,254.8665798172158,223.25248308086586,176.34929918908097,12.76479194629938,-229.80114037094523,78.51728062813484,0.2845228105548765,6.548657290079382
648.0,8.80540657043457,254.84816688001746,13.047456142700062,-223.2378244755829,254.84816688001746,223.2378244755829,176.33303955172863,12.762879808845039,-229.78657438911415,78.51512732828884,0.28457633385502357,6.54874991353124
656.0,8.915183067321777,254.83676134432278,13.045497685810535,-223.22904119353274,254.83676134432278,223.22904119353274,176.3240464345506,12.760871347523423,-229.77783181124735,78.51271490977216,0.28462633828711104,6.548790617714625
664.0,9.0249605178833,254.83685762905833,13.043888650852793,-223.22881056698796,254.83685762905833,223.22881056698796,176.32586193679032,12.759223060921641,-229.77769611833293,78.510995692268,0.28466558993115143,6.548885551344964
672.0,9.134737014770508,254.84201365350893,13.042718935422371,-223.2319290411402,254.84201365350893,223.2319290411402,176.33173513135142,12.758025496603508,-229.78100925602186,78.5102785221575,0.2846934388188638,6.549080214881654
680.0,9.244514465332031,254.84168354973497,13.041814058351969,-223.23044229261973,254.84168354973497,223.23044229261973,176.33172802325686,12.757098312779188,-229.7797576699708,78.50995552647811,0.28471574557278134,6.549315377351057
688.0,9.354290962219238,254.83259315556964,13.040856874650366,-223.22243298471264,254.83259315556964,223.22243298471264,176.32337865002927,12.756115187617624,-229.77193301931555,78.50921450554037,0.2847416870327415,6.549500034602911
696.0,9.464068412780762,254.8201566588831,13.039709364341135,-223.21225525623896,254.8201566588831,223.21225525623896,176.31235311870734,12.754936996774411,-229.7618535943771,78.50780354017576,0.28477236756672475,6.549598338138152
704.0,9.573844909667969,254.8125891477679,13.038376923672732,-223.20621213158327,254.8125891477679,223.20621213158327,176.3063789228397,12.753576714180518,-229.75586745117872,78.5062102249282,0.28480020949221385,6.5496553195954395
712.0,9.683621406555176,254.81340211284643,13.037362129281671,-223.20638896302944,254.81340211284643,223.20638896302944,176.30827342698194,12.75254168062149,-229.75613741462942,78.50512868586449,0.2848204486601815,6.549748451599978
720.0,9.7933988571167,254.81722655327968,13.036653405908815,-223.2086186350781,254.81722655327968,223.2086186350781,176.3124877967267,12.751820356780485,-229.75852414166442,78.50473875655295,0.28483304912833096,6.549905506586315
728.0,9.903175354003906,254.81731094525793,13.03609617362314,-223.20770805872962,254.81731094525793,223.20770805872962,176.31271025483284,12.751253239796574,-229.75779175704562,78.50460069042508,0.28484293382656634,6.550083698316006
736.0,10.012951850891113,254.81098984309475,13.035537845616478,-223.20208142618742,254.81098984309475,223.20208142618742,176.30684682930433,12.750682525723704,-229.75230053012396,78.50414301379041,0.2848553198927737,6.550219103936547
744.0,10.122730255126953,254.80223107268915,13.034787179185114,-223.1948292027643,254.80223107268915,223.1948292027643,176.29903531703343,12.74991603844613,-229.74511646154787,78.50319575565571,0.284871140738984,6.550287258783554
752.0,10.23250675201416,254.7976242424923,13.033951298503453,-223.19127077630253,254.7976242424923,223.19127077630253,176.29547619872682,12.749065534641979,-229.741596223472,78.50214804376549,0.28488576386147413,6.550325447169451
760.0,10.342284202575684,254.79851211836174,13.033316006616094,-223.1916227168934,254.79851211836174,223.1916227168934,176.2970543956564,12.748421041573211,-229.742009114509,78.50145772270534,0.2848949650428816,6.550386397615601
768.0,10.45206069946289,254.80137230661015,13.032829370087688,-223.19339747452992,254.80137230661015,223.19339747452992,176.30011958564603,12.747929933804366,-229.74388786628998,78.50125272096412,0.2848994362833219,6.550490391760075
776.0,10.561837196350098,254.80162604248363,13.032545529598357,-223.19291281403764,254.80162604248363,223.19291281403764,176.3004202633893,12.74764341829059,-229.74351812091425,78.50120577909435,0.28490211130776655,6.550605306876591
784.0,10.671614646911621,254.7970860467441,13.032201691882202,-223.1889592864701,254.7970860467441,223.1889592864701,176.2961629677862,12.747293370058062,-229.739648489994,78.50092307895792,0.28490832182414105,6.550689203523916
792.0,10.78139591217041,254.79131376606207,13.03166437982372,-223.18424945458517,254.79131376606207,223.18424945458517,176.2910277995001,12.74674784817417,-229.7349731223936,78.50028596656196,0.28491653164954944,6.550723667808434
800.0,10.891178131103516,254.7882189857151,13.031135863002332,-223.18189038402343,254.7882189857151,223.18189038402343,176.2886260040585,12.746211559932814,-229.7326294342625,78.49959298165659,0.28492430306951877,6.550739050239055
808.0,11.00094985961914,254.7890421300848,13.030722735733544,-223.18223156071673,254.7890421300848,223.18223156071673,176.28989166591475,12.745793266627324,-229.73300401756833,78.49915046417003,0.2849294691062205,6.5507724568515915
816.0,11.110732078552246,254.79141473368213,13.030441768012546,-223.18384918602578,254.79141473368213,223.18384918602578,176.29235598199398,12.745511626275572,-229.73468915205456,78.49905875168815,0.28493014173697384,6.550839966028777
824.0,11.220513343811035,254.79148109417812,13.030323758808496,-223.18327553691532,254.79148109417812,223.18327553691532,176.29242019641117,12.745392719007267,-229.73418767930104,78.49906089776695,0.28493103980122947,6.550912142385734
832.0,11.33029556274414,254.78825361422417,13.030032997172754,-223.1806153056863,254.78825361422417,223.1806153056863,176.28937334010783,12.745098753740756,-229.7315800170809,78.49888027411636,0.28493424343199747,6.550964711394585
840.0,11.440058708190918,254.78442572313566,13.02968173073213,-223.17737160348454,254.78442572313566,223.17737160348454,176.28596865176368,12.744742184822321,-229.72835707067816,78.49845707137197,0.28493954590980985,6.5509854671936125
848.0,11.549839973449707,254.7822713549629,13.029339558988747,-223.17563867601234,254.7822713549629,223.17563867601234,176.2842750924023,12.744395570001732,-229.7266333097575,78.49799626256058,0.2849439889870151,6.550994633745151
856.0,11.659622192382812,254.78325510402811,13.029081630348752,-223.1762479408627,254.78325510402811,223.1762479408627,176.28552697768595,12.744134534939404,-229.72726737630092,78.49772812634217,0.28494709540934915,6.551019435438196
864.0,11.769404411315918,254.78483902080498,13.028911444025336,-223.17720855197123,254.78483902080498,223.17720855197123,176.287147554913,12.743963692547151,-229.72827707858215,78.49769146589199,0.2849477514781862,6.551068526610931
872.0,11.879166603088379,254.7849411698514,13.028882119941606,-223.17682610491116,254.7849411698514,223.17682610491116,176.2872275611381,12.743934157419293,-229.72794600947117,78.4977136087133,0.28494796252231236,6.551119904560003
880.0,11.988948822021484,254.7827188073452,13.028655056100892,-223.17492750578273,254.7827188073452,223.17492750578273,176.2851161425089,12.743703720775565,-229.7260864304203,78.49760266483628,0.28495133532532524,6.551158924637569
888.0,12.09873104095459,254.78002688489727,13.028422132781753,-223.1725487671978,254.78002688489727,223.1725487671978,176.28269845035618,12.74346789167977,-229.72372829807148,78.49732843454109,0.2849542411019814,6.5511795308736565
896.0,12.208512306213379,254.77867519046944,13.02817046811143,-223.17150566068,254.77867519046944,223.17150566068,176.28165255229212,12.743212433066308,-229.7226939300466,78.49702263817733,0.28495803504512107,6.551188269366591
904.0,12.318275451660156,254.7793123860505,13.02800893701037,-223.17171108233987,254.7793123860505,223.17171108233987,176.28246374629254,12.743048384298158,-229.72292145990994,78.49684863975794,0.2849605527122123,6.5512103775700625
912.0,12.428057670593262,254.78040726144985,13.027940669834052,-223.1723057404873,254.78040726144985,223.1723057404873,176.2835679295979,12.742979856308011,-229.7235566410622,78.49683933185194,0.2849608135260411,6.551250900574908
920.0,12.53783893585205,254.78060496756063,13.027911294553384,-223.1721772908533,254.78060496756063,223.1721772908533,176.2837393087642,12.742949065488967,-229.72346853436093,78.49686565879642,0.28496222906441737,6.551291243507628
928.0,12.647621154785156,254.77927462953193,13.02778162723807,-223.17090483830626,254.77927462953193,223.17090483830626,176.28245690137695,12.742817470607516,-229.72222959533286,78.496817728155,0.28496415663055386,6.551324757026606
936.0,12.757384300231934,254.77752517653943,13.02763364417337,-223.169228601909,254.77752517653943,223.169228601909,176.28087236383533,12.742667103941416,-229.72057599714145,78.49665281270411,0.2849665402319541,6.551347395232456
944.0,12.867165565490723,254.77642942306542,13.027444763773069,-223.1684008771883,254.77642942306542,223.1684008771883,176.27997514921836,12.742475204625311,-229.71975924180967,78.49645427384706,0.2849695591477581,6.551358364621354
952.0,12.976947784423828,254.77648699796202,13.027342006457289,-223.16817934780318,254.77648699796202,223.16817934780318,176.28016769629104,12.74237050497564,-229.71955542265775,78.496319301671,0.2849715014816505,6.551376074854566
960.0,13.086730003356934,254.77729852156168,13.02729273428294,-223.16848376871647,254.77729852156168,223.16848376871647,176.2810028460612,12.74232083075757,-229.719890131078,78.49629567550048,0.28497190352536883,6.551406362361515
968.0,13.196492195129395,254.77763721032977,13.02732401331852,-223.16856330627638,254.77763721032977,223.16856330627638,176.2813086597251,12.742351556782095,-229.7200036655294,78.49632855060466,0.28497245653642533,6.551440359253004
976.0,13.3062744140625,254.77721920756852,13.027203273736962,-223.1680315568701,254.77721920756852,223.1680315568701,176.2808968540923,12.74222944464115,-229.71949974379447,78.49632235347622,0.28497382909581237,6.551468186924378
984.0,13.416056632995605,254.77604480291907,13.027124910180218,-223.16678504130613,254.77604480291907,223.16678504130613,176.2797864860737,12.742149770068615,-229.71827805733744,78.49625831684537,0.28497514011160385,6.5514930160313245
992.0,13.525837898254395,254.7752137597535,13.027017587272104,-223.16613099591,254.7752137597535,223.16613099591,176.2790680766841,12.742040678576522,-229.71763917032578,78.49614568306941,0.2849769086955818,6.551508174415771
1000.0,13.635601043701172,254.7748099298068,13.02689544625195,-223.16568010470704,254.7748099298068,223.16568010470704,176.2787766729632,12.741917151875327,-229.71719858353853,78.49603325684359,0.2849782943766237,6.551518478831484
1008.0,13.745383262634277,254.77502253025136,13.026905065270133,-223.16554901540295,254.77502253025136,223.16554901540295,176.27903931198512,12.741925608960404,-229.7170866242284,78.49598321826625,0.28497945630972943,6.551537608825434
1016.0,13.855164527893066,254.77525081804737,13.026862312513263,-223.1654443406824,254.77525081804737,223.1654443406824,176.27927586885403,12.741882321897272,-229.7170069649426,78.49597494919334,0.28497999061599133,6.5515626242602165
1024.0,13.964946746826172,254.77558981560117,13.02689211110014,-223.16556559397873,254.77558981560117,223.16556559397873,176.27959399659815,12.741912033652005,-229.71715383042198,78.495995819003,0.28498007744813636,6.5515882364432585
1032.0,14.07470703125,254.7751542934993,13.026862782031932,-223.16500827942306,254.7751542934993,223.16500827942306,176.27915650299252,12.741881125994105,-229.71661691225253,78.49599779050678,0.2849816560378273,6.551608632829479
1040.0,14.184483528137207,254.77459126022387,13.026756273561135,-223.1643855223725,254.77459126022387,223.1643855223725,176.2786234321604,12.741774951256053,-229.71601473341562,78.49596782806347,0.2849813223050819,6.551629211043109
1048.0,14.29426097869873,254.77421231907957,13.026700487591363,-223.1640030864194,254.77421231907957,223.1640030864194,176.27830030747594,12.74171846841195,-229.71564688928115,78.49591201160362,0.2849820191794139,6.55164380286174
1056.0,14.404037475585938,254.77383159637853,13.02662955485971,-223.1636002240614,254.77383159637853,223.1636002240614,176.27797647805798,12.741645487149377,-229.7152554664124,78.49585511832055,0.2849840677103339,6.551655242350987
1064.0,14.513813972473145,254.773752818991,13.026602275252948,-223.16338427851642,254.773752818991,223.16338427851642,176.2779391156158,12.741619598677993,-229.71505114460626,78.4958137033752,0.2849826765749559,6.5516668660898345
1072.0,14.623592376708984,254.77383709045228,13.026614128241068,-223.1631555947643,254.77383709045228,223.1631555947643,176.27804114965383,12.741629740247134,-229.7148403418799,78.49579594079843,0.2849843879939331,6.551684747115596
1080.0,14.733368873596191,254.77384237230424,13.02659054480476,-223.1629708708486,254.77384237230424,223.1629708708486,176.2780477533036,12.741606940006392,-229.71467388133863,78.49579461900063,0.28498360479836826,6.551703010490018
1088.0,14.843147277832031,254.7738217890086,13.026592660469733,-223.16272090741586,254.7738217890086,223.16272090741586,176.27802436862856,12.741609787738042,-229.71444283649888,78.49579742038004,0.2849828727316903,6.551721929083008
1096.0,14.952923774719238,254.77378039300197,13.026609568840081,-223.16255743548095,254.77378039300197,223.16255743548095,176.277980836355,12.741625850072154,-229.71429653965015,78.49579955664696,0.28498371876792783,6.551739104169197
1104.0,15.062701225280762,254.7736437322788,13.026546560215213,-223.1622699478938,254.7736437322788,223.1622699478938,176.27785467344276,12.741562842284882,-229.7140246296378,78.49578905883602,0.2849837179303307,6.5517546817439944
1112.0,15.172480583190918,254.773378865606,13.026514719102328,-223.161858531937,254.773378865606,223.161858531937,176.2776002893746,12.74153137072566,-229.71362926622095,78.49577857623139,0.2849833483766684,6.5517707342839415
1120.0,15.282257080078125,254.77314754523832,13.026490175260925,-223.16158354987155,254.77314754523832,223.16158354987155,176.277389133928,12.741506077744514,-229.713367198192,78.4957584113103,0.2849840975164111,6.551783648320452
1128.0,15.392033576965332,254.77307637100975,13.02644736888163,-223.16141379866772,254.77307637100975,223.16141379866772,176.27733345386793,12.741463798299758,-229.7132100228777,78.49574291714183,0.28498357058187285,6.551796224209958
1136.0,15.501811027526855,254.77302320301976,13.026421655509298,-223.16123949388037,254.77302320301976,223.16123949388037,176.27729667529354,12.741438281386525,-229.71304743814636,78.4957265277262,0.28498337412277275,6.551807944265976
1144.0,15.611587524414062,254.77287315476363,13.026374167463253,-223.16095615460935,254.77287315476363,223.16095615460935,176.27716015003475,12.741390821130603,-229.7127762614988,78.49571300472888,0.28498334633265054,6.5518201068894335
1152.0,15.721366882324219,254.7728336762717,13.02638058253118,-223.16076004588047,254.7728336762717,223.16076004588047,176.2771240502947,12.741398170978295,-229.71259404895034,78.49570962597699,0.28498241155288584,6.551834003069869
1160.0,15.83114242553711,254.77274179015345,13.026356254269375,-223.16053856215967,254.77274179015345,223.16053856215967,176.2770371216007,12.741374023491625,-229.71238594995023,78.49570466855275,0.28498223077774965,6.551847387790559
1168.0,15.94092082977295,254.77272316249926,13.026347024077307,-223.1603556937267,254.77272316249926,223.1603556937267,176.27701917939655,12.741365262341782,-229.71221672980067,78.49570398310271,0.28498176173552503,6.551861036073976
1176.0,16.050697326660156,254.7726207922565,13.02634099936951,-223.1601137742354,254.7726207922565,223.1601137742354,176.2769206082499,12.741359687584975,-229.71198782335375,78.49570018400661,0.2849813117845348,6.551874049118348
1184.0,16.16047477722168,254.7725187844269,13.02630928196238,-223.15992474444565,254.7725187844269,223.15992474444565,176.27682218476104,12.741328530772133,-229.7118112030754,78.49569659966585,0.2849807511902478,6.551886458629744
1192.0,16.27025032043457,254.77243988798935,13.026281248497547,-223.15972232565412,254.77243988798935,223.15972232565412,176.27675030364702,12.741301228656317,-229.71162069613325,78.49568958434233,0.28498001984123,6.55189837047914
1200.0,16.380029678344727,254.7723515843677,13.026275237779693,-223.15954665919236,254.7723515843677,223.15954665919236,176.27666438502047,12.741295471665754,-229.71145705384495,78.49568719934723,0.2849797661139384,6.551910394652599
1208.0,16.48980712890625,254.7723879382762,13.02628387768091,-223.1594098754505,254.7723879382762,223.1594098754505,176.2766989334662,12.741304767652032,-229.71133239392861,78.49568900481,0.28497911002887877,6.551922518478115
1216.0,16.599584579467773,254.77226299049966,13.026278469266536,-223.15917889611245,254.77226299049966,223.15917889611245,176.27657698987773,12.741299891006298,-229.71111366340608,78.49568600062193,0.2849785782602381,6.551934767293625
1224.0,16.709360122680664,254.77208480647533,13.026227929248211,-223.15894604218542,254.77208480647533,223.15894604218542,176.27641068676945,12.741249461418938,-229.71089072753017,78.49567411970587,0.2849784678292737,6.551944685344756
1232.0,16.81913948059082,254.77224547171878,13.026223763952542,-223.1589232917378,254.77224547171878,223.1589232917378,176.27657340763955,12.741246153156695,-229.7108780247461,78.49567206407923,0.28497761079584727,6.551954733008314
1240.0,16.92891502380371,254.77206632931808,13.026249170713918,-223.15860324962057,254.77206632931808,223.15860324962057,176.2763875054702,12.741271973827802,-229.71057074042767,78.49567882384785,0.284977196886115,6.551967490807101
1248.0,17.038692474365234,254.77205463654124,13.026239291525146,-223.15847768495541,254.77205463654124,223.15847768495541,176.27637908798522,12.741262913124796,-229.71045585297242,78.49567554855602,0.28497637840035006,6.55197816801701
1256.0,17.148469924926758,254.77186491166037,13.026219544473065,-223.15819481556724,254.77186491166037,223.15819481556724,176.27619567355913,12.741243298784653,-229.71018325332278,78.49566923810124,0.2849762456884126,6.551988437755544
1264.0,17.25824546813965,254.77184337430467,13.026188710639584,-223.15807259594808,254.77184337430467,223.15807259594808,176.2761811295793,12.741213217230856,-229.7100702075947,78.49566224472537,0.2849754934087292,6.551997611646614
1272.0,17.368024826049805,254.77175525539474,13.026173175853724,-223.15789673204733,254.77175525539474,223.15789673204733,176.2760954916777,12.741198230229276,-229.70990451919778,78.49565976371706,0.28497494562444814,6.552007787150453
1280.0,17.477800369262695,254.77184529079847,13.026176481877819,-223.15785444466428,254.77184529079847,223.15785444466428,176.27618213245296,12.74120261191617,-229.70987284570234,78.49566315834551,0.2849738699616484,6.5520184010380635
1288.0,17.58757972717285,254.77167546317565,13.026165314669417,-223.15757174217538,254.77167546317565,223.15757174217538,176.27601307771832,12.741192040703673,-229.7096006952121,78.49566238545734,0.2849732739657429,6.552028953036707
1296.0,17.697357177734375,254.771663855005,13.026149176639343,-223.15745137372477,254.771663855005,223.15745137372477,176.27600234755087,12.741176460910161,-229.70949026004513,78.49566150745412,0.28497271572918326,6.552038886320368
1304.0,17.8071346282959,254.77163524854672,13.026138062137505,-223.1572992197001,254.77163524854672,223.1572992197001,176.27597242013616,12.741166104958689,-229.7093482913749,78.49566282841056,0.28497195717881585,6.552049071674803
1312.0,17.91691017150879,254.77152583809848,13.026129253985335,-223.15711577487895,254.77152583809848,223.15711577487895,176.27586601506977,12.74115796278184,-229.7091745804906,78.49565982302872,0.2849712912034952,6.552058805611658
1320.0,18.026687622070312,254.7715337953677,13.026105941977102,-223.15699734129413,254.7715337953677,223.15699734129413,176.2758745777375,12.741135579683178,-229.7090656219895,78.49565921763019,0.28497036229392414,6.552068280695368
1328.0,18.136465072631836,254.77149000824528,13.026127737390848,-223.1568844149039,254.77149000824528,223.1568844149039,176.27582503352022,12.741158189936609,-229.70896258776193,78.49566497472506,0.2849695474542382,6.552078172858012
1336.0,18.246240615844727,254.77127555163463,13.026071207006709,-223.15661538025952,254.77127555163463,223.15661538025952,176.27562066543487,12.741102270986207,-229.70870140596188,78.49565488619974,0.2849689360205021,6.5520860257023426
1344.0,18.35601806640625,254.77140599137925,13.026056098283432,-223.15665978173627,254.77140599137925,223.15665978173627,176.2757516296605,12.741087365053467,-229.70875404438607,78.49565436171875,0.2849687332299644,6.552094262649817
1352.0,18.46579933166504,254.7713394313737,13.026049875445581,-223.15646432614727,254.7713394313737,223.15646432614727,176.27567784765444,12.741082772372895,-229.70856845108696,78.49566158371925,0.2849671030726868,6.552104124939699
1360.0,18.57557487487793,254.77128444426714,13.02603420170477,-223.15630253169513,254.77128444426714,223.15630253169513,176.27562358441608,12.741067555841182,-229.7084160258965,78.49566085985106,0.2849666458635869,6.552113494201365
1368.0,18.685352325439453,254.77125127475813,13.026033814968887,-223.15617980235518,254.77125127475813,223.15617980235518,176.27558704288856,12.741067395253689,-229.70830221900783,78.49566423186958,0.2849664197151984,6.5521224166526455
1376.0,18.795129776000977,254.77108782992283,13.025975673997332,-223.15597883911659,254.77108782992283,223.15597883911659,176.2754291249234,12.741010877352819,-229.70810985030133,78.49565870499944,0.2849647966445126,6.552131011184738
1384.0,18.9049072265625,254.7712887175646,13.025982224094461,-223.15606746998552,254.7712887175646,223.15606746998552,176.27562584832094,12.741017934028818,-229.70820632622994,78.49566286924366,0.2849642900656435,6.552138856244428
1392.0,19.014684677124023,254.7711788508438,13.025983391139675,-223.15584057672913,254.7711788508438,223.15584057672913,176.27550617447605,12.741020320642221,-229.70798948536537,78.49567267636775,0.2849630704974553,6.552148908636228
1400.0,19.124460220336914,254.7710332756211,13.025964168661087,-223.15564600347375,254.7710332756211,223.15564600347375,176.27536231735667,12.741001768150099,-229.7078035369152,78.49567095826444,0.2849624005109872,6.5521575334414495
1408.0,19.234237670898438,254.77093795002048,13.025910967976044,-223.15550633266102,254.77093795002048,223.15550633266102,176.27527607315608,12.740949329323932,-229.7076699441771,78.49566187686442,0.2849616386521112,6.552163611516072
1416.0,19.344017028808594,254.77112963034457,13.025920259085602,-223.1555680399452,254.77112963034457,223.1555680399452,176.27545958128383,12.740959568128282,-229.7077401609681,78.49567004906075,0.2849606909573206,6.552172121022892
1424.0,19.453794479370117,254.77095403597465,13.02590573115347,-223.15531047166647,254.77095403597465,223.15531047166647,176.27527948685753,12.740945695706378,-229.70749167524073,78.49567454911713,0.2849600354470918,6.552181203574259
1432.0,19.563570022583008,254.7708688240815,13.025875650236445,-223.15517383656086,254.7708688240815,223.15517383656086,176.27519818662506,12.740916395643694,-229.70736297393535,78.49567063745644,0.28495925459275107,6.55218913737449
1440.0,19.67334747314453,254.77092442000253,13.025844762805272,-223.15514823435973,254.77092442000253,223.15514823435973,176.27525295407318,12.74088636709939,-229.70734521971804,78.49567146592935,0.28495839570588144,6.552196985358314
1448.0,19.783124923706055,254.77098806770869,13.025862922598575,-223.15507662972615,254.77098806770869,223.15507662972615,176.27530658662891,12.740905257265297,-229.70728277114773,78.49568148107979,0.28495766533327815,6.552206141421591
1456.0,19.892902374267578,254.77098302176054,13.025888036889679,-223.15496734154334,254.77098302176054,223.15496734154334,176.2752905113732,12.740931835952491,-229.70718273027086,78.49569251038733,0.284956200937188,6.552215388727516
1464.0,20.0026798248291,254.77071447722668,13.025853214715273,-223.15469049644383,254.77071447722668,223.15469049644383,176.2750268768524,12.740897879901748,-229.70691236278327,78.49568760037428,0.28495533481352364,6.5522218663394245
1472.0,20.112457275390625,254.7706023969796,13.025777699171167,-223.1545896816305,254.7706023969796,223.1545896816305,176.274929012276,12.740822856663733,-229.70681661068508,78.4956733847036,0.28495484250743397,6.552226929054581
1480.0,20.222238540649414,254.77079359436198,13.025744098462322,-223.15471400949409,254.77079359436198,223.15471400949409,176.2751190028681,12.740790533366187,-229.7069467841779,78.49567459149388,0.28495356509613456,6.552232774683802
1488.0,20.332014083862305,254.7708221791197,13.025779897184979,-223.15459773918505,254.7708221791197,223.15459773918505,176.27513300538112,12.740826562346577,-229.7068391006086,78.49568917373858,0.284953334838403,6.552241361423554
1496.0,20.441791534423828,254.77058942314736,13.025739419565268,-223.15433411040337,254.77058942314736,223.15433411040337,176.2749016182046,12.740787013475092,-229.70658364303986,78.49568780494275,0.2849524060901758,6.552249532636488
1504.0,20.55156898498535,254.77071091897974,13.025715970190523,-223.1543799174138,254.77071091897974,223.1543799174138,176.27502106813728,12.740764780911217,-229.70663604086548,78.49568985084247,0.28495118927930685,6.5522561234516985
1512.0,20.661344528198242,254.77062520474928,13.02570503263753,-223.1541921214013,254.77062520474928,223.1541921214013,176.27492923353478,12.740754872147033,-229.70645704745965,78.4956959712145,0.28495016049049715,6.5522649260583385
1520.0,20.771121978759766,254.77059102434424,13.025682649640487,-223.15410033194735,254.77059102434424,223.15410033194735,176.27489319542042,12.740733280849511,-229.70637281131505,78.49569782892382,0.28494936879097477,6.552272479367687
1528.0,20.88089942932129,254.77057152483417,13.02564795973659,-223.1539983826543,254.77057152483417,223.1539983826543,176.27487101164806,12.740699631519037,-229.70627850065176,78.4957005131861,0.28494832821755267,6.552280117997469
1536.0,20.99067497253418,254.7705772991183,13.025649824548765,-223.1539355542047,254.7705772991183,223.1539355542047,176.274872091827,12.740702659418291,-229.70622385723908,78.49570520729128,0.28494716513047447,6.552288303034363
1544.0,21.10045623779297,254.77046685257983,13.025630739904827,-223.15378036741626,254.77046685257983,223.15378036741626,176.27476113590967,12.740684128838913,-229.70607528276565,78.49570571667016,0.2849466110659131,6.552294915349391
1552.0,21.210233688354492,254.77041933038979,13.025588679864633,-223.15366628014164,254.77041933038979,223.15366628014164,176.27471641726146,12.74064324960792,-229.70596736183163,78.49570291312833,0.2849454302567125,6.552301081689992
1560.0,21.320011138916016,254.77056779802837,13.02560653733499,-223.15371401408254,254.77056779802837,223.15371401408254,176.2748565535082,12.740661659749797,-229.70602232196427,78.4957112445202,0.2849448775851924,6.552308307881717
1568.0,21.42978858947754,254.7706510081966,13.02564282373696,-223.15363766932325,254.7706510081966,223.15363766932325,176.2749260149592,12.740699026912601,-229.70595399099693,78.49572499323742,0.28494379682435955,6.5523163216736915
1576.0,21.539573669433594,254.77054536620702,13.025667576248646,-223.15346913606626,254.77054536620702,223.15346913606626,176.2748114187251,12.740724699056575,-229.70579310143907,78.49573394748191,0.284942877192071,6.552323965372803
1584.0,21.649354934692383,254.77032718325222,13.025650842078399,-223.15319880702836,254.77032718325222,223.15319880702836,176.27459735003137,12.740709052948564,-229.7055279413855,78.49572983322086,0.28494178912983514,6.552329134357132
1592.0,21.759138107299805,254.77024678019512,13.025593441774621,-223.15313652984239,254.77024678019512,223.15313652984239,176.2745276152139,12.74065257829542,-229.70547024265187,78.49571916498121,0.2849408634792012,6.552333712809487
1600.0,21.868919372558594,254.77019784356787,13.025559643300355,-223.1530806891379,254.77019784356787,223.1530806891379,176.2744856092179,12.740619602398649,-229.7054182931994,78.49571223434998,0.2849400409017062,6.552337604061471
1608.0,21.97867774963379,254.7702254308112,13.025529759569746,-223.15304000323218,254.7702254308112,223.15304000323218,176.27451458602235,12.740591096159308,-229.70538294732552,78.49571084478885,0.28493866341043717,6.552342944093343
1616.0,22.08846092224121,254.77038948483545,13.025541737112315,-223.15306530132113,254.77038948483545,223.15306530132113,176.27466881337023,12.740603975164365,-229.70541500023012,78.49572067146524,0.28493776194794895,6.552349698908978
1624.0,22.1982421875,254.77043870317993,13.025587162076878,-223.15296302235305,254.77043870317993,223.15296302235305,176.27470219185074,12.740650327821722,-229.70532073809125,78.49573651132918,0.2849368342551548,6.5523577157381965
1632.0,22.30802345275879,254.77041864773412,13.025609025774967,-223.15285743912557,254.77041864773412,223.15285743912557,176.27467152810232,12.740673286701643,-229.7052221539211,78.4957471196318,0.28493573907332426,6.55236471479555
1640.0,22.41780662536621,254.77023245186604,13.025596424105533,-223.1526729691753,254.77023245186604,223.1526729691753,176.2744864464457,12.740661364493713,-229.70504289221415,78.49574600542033,0.28493505961181986,6.552369923038828
1648.0,22.527587890625,254.77011334738154,13.025539500622791,-223.15253617504777,254.77011334738154,223.15253617504777,176.274374674338,12.740605512291813,-229.70491133255456,78.49573867304353,0.28493398833097805,6.552375157506788
1656.0,22.63736915588379,254.77002252211318,13.025488093035564,-223.15247013095802,254.77002252211318,223.15247013095802,176.27429174597418,12.740555313428365,-229.70484934779805,78.495730776139,0.2849327796072001,6.552379216840016
1664.0,22.74715232849121,254.77005277886195,13.02542186595145,-223.15247315212508,254.77005277886195,223.15247315212508,176.2743253126644,12.740489794135593,-229.70485754578493,78.49572746619756,0.2849320718158581,6.552384393659851
1672.0,22.856897354125977,254.77010520761553,13.025415150316373,-223.1524720176142,254.77010520761553,223.1524720176142,176.27437181496936,12.74048409229395,-229.70486206289036,78.49573339264617,0.2849310580224218,6.5523900452761605
1680.0,22.9666805267334,254.77010997613928,13.025402900025465,-223.15237047339116,254.77010997613928,223.15237047339116,176.27436936326416,12.740472632010363,-229.70476820745995,78.49574061287512,0.28493026801510357,6.552397734068794
1688.0,23.076461791992188,254.77024266873985,13.025407885318671,-223.15239063515457,254.77024266873985,223.15239063515457,176.27449075398658,12.740478433224252,-229.70479532030967,78.49575191475327,0.2849294520944192,6.552404685155103
1696.0,23.186243057250977,254.77031244593775,13.025431793356994,-223.15237909621172,254.77031244593775,223.15237909621172,176.27454569070926,12.740503544517916,-229.70479052517237,78.49576675522849,0.2849282488390785,6.552411428960665
1704.0,23.2960262298584,254.77028181384003,13.025456463934523,-223.15225123649114,254.77028181384003,223.15225123649114,176.2745046315178,12.740528704903376,-229.70466884086386,78.49577718232223,0.2849277590311474,6.552417604372731
1712.0,23.405807495117188,254.77028616685652,13.025457988573027,-223.15216071619085,254.77028616685652,223.15216071619085,176.27450210275038,12.740531330626862,-229.70458464534585,78.49578406410613,0.284926657946166,6.5524239291550055
1720.0,23.515588760375977,254.77027781602607,13.025499205562278,-223.1520560800426,254.77027781602607,223.1520560800426,176.27448484971535,12.74057322515106,-229.70448592122867,78.49579296631073,0.28492598041121786,6.552429841186067
1728.0,23.6253719329834,254.77005125511596,13.025504143226875,-223.15181904159013,254.77005125511596,223.15181904159013,176.2742612566406,12.74057897477903,-229.70425440411444,78.49578999847535,0.28492516844784577,6.552435362524319
1736.0,23.735116958618164,254.76988260959152,13.025461049715092,-223.1516418875097,254.76988260959152,223.1516418875097,176.2741058784415,12.740536663643564,-229.7040803767024,78.49577673115002,0.28492438607152915,6.5524384891927046
1744.0,23.844900131225586,254.77000111191236,13.0254424361774,-223.1516888787121,254.77000111191236,223.1516888787121,176.2742292585697,12.740519288776156,-229.70413062547757,78.49577185334266,0.2849231474012446,6.552441746765495
1752.0,23.954681396484375,254.7699754402702,13.025459172942067,-223.1515864033961,254.7699754402702,223.1515864033961,176.27419840856015,12.740536914412116,-229.7040342861068,78.49577703171005,0.284922258529952,6.552447882710721
1760.0,24.064462661743164,254.76980636245884,13.025430603252227,-223.1514142070512,254.76980636245884,223.1514142070512,176.27403531539835,12.740509269496595,-229.7038660341634,78.4957710470605,0.28492133375563133,6.552451827112211
1768.0,24.174245834350586,254.76986541273666,13.025386458146283,-223.15141883820453,254.76986541273666,223.15141883820453,176.2740962309357,12.7404665607982,-229.70387549494734,78.49576918180097,0.2849198973480829,6.552456656742813
1776.0,24.284029006958008,254.76988785555207,13.025380597696063,-223.15142853892584,254.76988785555207,223.15142853892584,176.27411306267544,12.740461431131326,-229.70389044827732,78.49577479287663,0.2849191665647375,6.552461909351476
1784.0,24.39381217956543,254.76979460757957,13.025339154291306,-223.15125938966528,254.76979460757957,223.15125938966528,176.27401775994736,12.740421229155224,-229.70372742806654,78.49577684763221,0.28491792513608205,6.552468038401267
1792.0,24.50359344482422,254.76979907554426,13.025288701110018,-223.15125963072487,254.76979907554426,223.15125963072487,176.27402296452806,12.740371988399087,-229.7037329433495,78.49577611101621,0.2849167127109311,6.552473312624645
1800.0,24.61333656311035,254.7700217693407,13.02529378423896,-223.15138554077004,254.7700217693407,223.15138554077004,176.2742339389231,12.7403778864288,-229.70386424692566,78.49578783041761,0.2849158978101598,6.552478706155638
1808.0,24.723119735717773,254.77015706247613,13.025337469311363,-223.15137595920027,254.77015706247613,223.15137595920027,176.27434816480405,12.7404229171193,-229.703861169567,78.49580889767208,0.2849145521920624,6.552485210366751
1816.0,24.832901000976562,254.77008520410715,13.025370581874725,-223.1512530923019,254.77008520410715,223.1512530923019,176.27426241337085,12.740456829632869,-229.70374329286972,78.49582279073628,0.28491375224185544,6.552490200567799
1824.0,24.94268226623535,254.7700682400951,13.025390540190653,-223.15114192637483,254.7700682400951,223.15114192637483,176.27423873256578,12.740477565493045,-229.70363734050017,78.49582950752934,0.2849129746976087,6.552495414125329
1832.0,25.052465438842773,254.76998019626825,13.025407682995024,-223.15098234818024,254.76998019626825,223.15098234818024,176.2741475708594,12.740495459191598,-229.70348278697844,78.49583262540885,0.28491222380342496,6.5525004387982015
1840.0,25.162246704101562,254.76986544443065,13.025402026668843,-223.15081135242897,254.76986544443065,223.15081135242897,176.274035969809,12.740490652351571,-229.7033168987057,78.49582947462164,0.28491137431727154,6.552505546276747
1848.0,25.27202796936035,254.7697898566446,13.025397345112117,-223.15072429636717,254.7697898566446,223.15072429636717,176.2739664984684,12.74048689432691,-229.7032338761944,78.49582335817617,0.28491045078520694,6.552509579827211
1856.0,25.381811141967773,254.76966167275037,13.025379753601083,-223.15060293841745,254.76966167275037,223.15060293841745,176.27384601299977,12.740470313001076,-229.70311516672967,78.49581565975059,0.2849094406000061,6.552512228312219
1864.0,25.49155616760254,254.7696054716375,13.0253483188726,-223.15050755207125,254.7696054716375,223.15050755207125,176.2737986091974,12.740439257825297,-229.70302298906597,78.4958068624401,0.28490906104730307,6.552515436994721
1872.0,25.60133934020996,254.7696689389187,13.025333496654321,-223.15055800440868,254.7696689389187,223.15055800440868,176.27386441077562,12.740425677698223,-229.70307623148375,78.49580452814307,0.28490781895609807,6.552518227075064
1880.0,25.71112060546875,254.76969214983592,13.025330220642871,-223.15047576979725,254.76969214983592,223.15047576979725,176.27388442022675,12.74042289371232,-229.70299864124758,78.49580772960918,0.28490732693054976,6.55252287145032
1888.0,25.820905685424805,254.7697843817847,13.025348486229234,-223.15047018394824,254.7697843817847,223.15047018394824,176.2739681741203,12.740442203625602,-229.70299874236522,78.49581620766439,0.2849062826036328,6.55252855841699
1896.0,25.930686950683594,254.76979328238974,13.025367551855712,-223.1503865391596,254.76979328238974,223.1503865391596,176.27396778231963,12.740462341504038,-229.70292071131013,78.4958255000701,0.2849052103516745,6.552534172150523
1904.0,26.040468215942383,254.76973409875137,13.02536351030383,-223.15026349107254,254.76973409875137,223.15026349107254,176.27390274941754,12.740458912678942,-229.70280299677592,78.49583134933383,0.2849045976248883,6.552539505703379
1912.0,26.150251388549805,254.7696733262407,13.025344264817798,-223.15023127318375,254.7696733262407,223.15023127318375,176.27384141035532,12.740440374906706,-229.70277460995638,78.49583191588539,0.2849038899110923,6.552543336772629
1920.0,26.260032653808594,254.76958472317588,13.025301349886519,-223.1501057562551,254.76958472317588,223.1501057562551,176.27375551806637,12.740398523855562,-229.70265357316637,78.49582920510952,0.2849028260309563,6.552547816911268
1928.0,26.369775772094727,254.76954689402066,13.025261987937483,-223.15007352541383,254.76954689402066,223.15007352541383,176.27372053333056,12.740360095945224,-229.70262494894777,78.49582636069012,0.2849018919922588,6.552551423533944
1936.0,26.47955894470215,254.76963094520318,13.025244362976917,-223.15010647043687,254.76963094520318,223.15010647043687,176.27380108831605,12.740343906991319,-229.70266203776302,78.49582985688714,0.28490045598559854,6.552555567326139
1944.0,26.589340209960938,254.76966461575284,13.025252337952868,-223.15008479679116,254.76966461575284,223.15008479679116,176.27382733665837,12.740352355928682,-229.70264500025706,78.49583727909447,0.2848999820241849,6.552560203465896
1952.0,26.699121475219727,254.7696070028931,13.025259772459162,-223.14995674906865,254.7696070028931,223.14995674906865,176.2737648807294,12.740360562895269,-229.70252175675768,78.49584212216372,0.2848992095638927,6.552565007689026
1960.0,26.80890464782715,254.76950445478502,13.025231353776292,-223.14986235451008,254.76950445478502,223.14986235451008,176.27366333009837,12.740333149010787,-229.70243141128572,78.49584112468666,0.2848982047655042,6.552569056775642
1968.0,26.918685913085938,254.7694249331847,13.025194256688872,-223.14979737831246,254.7694249331847,223.14979737831246,176.27358880674052,12.740296957510633,-229.7023695856989,78.49583612644417,0.28489729917823814,6.5525722073864525
1976.0,27.028467178344727,254.76937408072433,13.025146279803977,-223.14976409190666,254.76937408072433,223.14976409190666,176.2735425959509,12.740249808780462,-229.70233901332574,78.49583148477345,0.28489647102351423,6.552574921419071
1984.0,27.13825035095215,254.7694346514687,13.025097672308629,-223.14979451055228,254.7694346514687,223.14979451055228,176.27360344891045,12.740202094846566,-229.70237276206365,78.49583120255826,0.28489557746206184,6.552578251511354
1992.0,27.247995376586914,254.76949032898162,13.025086747447078,-223.14981779626103,254.76949032898162,223.14981779626103,176.27365333360962,12.740191988109487,-229.7023999028823,78.495836995372,0.284894759337591,6.5525821066212515
2000.0,27.357778549194336,254.7695651936419,13.025089934690138,-223.14979600716856,254.7695651936419,223.14979600716856,176.27371904533132,12.740196199943925,-229.70238267920828,78.49584614831059,0.2848937347462126,6.552586672039709
2008.0,27.467559814453125,254.76974585791822,13.025130266439579,-223.1498951805978,254.76974585791822,223.1498951805978,176.27388335022317,12.740237331396727,-229.70248642479692,78.49586250769505,0.28489293504285174,6.5525912441991165
2016.0,27.577341079711914,254.7697334928158,13.025187602448714,-223.14978105406496,254.7697334928158,223.14978105406496,176.27385643409167,12.740295523743624,-229.70237658893313,78.49587705872412,0.2848920787050888,6.552595534868182
2024.0,27.687124252319336,254.76961418296867,13.02519448234883,-223.14963321609468,254.76961418296867,223.14963321609468,176.27373300434905,12.740303448580796,-229.7022322941742,78.49588117861963,0.2848910337680328,6.5525990780795
2032.0,27.796905517578125,254.76946159726748,13.025176477869143,-223.1494682499363,254.76946159726748,223.1494682499363,176.2735846872024,12.740286205462168,-229.702070353251,78.49587691006506,0.2848902724069755,6.552602103314719
2040.0,27.906686782836914,254.769363198113,13.025137332466626,-223.14935200203942,254.769363198113,223.14935200203942,176.27349404270495,12.740247911734471,-229.7019570593428,78.49586915540804,0.2848894207321546,6.552605057303374
2048.0,28.016469955444336,254.76936295303432,13.025116785246112,-223.149370083747,254.76936295303432,223.149370083747,176.27349810102024,12.740228520135375,-229.70197775828262,78.49586485201408,0.2848882651107374,6.552607674535627
2056.0,28.126220703125,254.76934550014988,13.02510494203123,-223.14929722390187,254.76934550014988,223.14929722390187,176.27348365395162,12.740217452500321,-229.7019075641497,78.49586184619825,0.28488748953090903,6.552610340247839
2064.0,28.235998153686523,254.76940189727802,13.025124971974925,-223.14928942706874,254.76940189727802,223.14928942706874,176.27353702317814,12.740237947215023,-229.701903518175,78.49586487409988,0.284887024759902,6.552614091106239
2072.0,28.345773696899414,254.76938248445276,13.025138863470726,-223.14919171356158,254.76938248445276,223.14919171356158,176.27351440724615,12.74025280235664,-229.70180994845006,78.4958680772066,0.28488606111408643,6.552618234888473
2080.0,28.455551147460938,254.76938631030396,13.025146702688518,-223.14913744138164,254.76938631030396,223.14913744138164,176.27351532831776,12.74026156061224,-229.70175949764524,78.4958709819862,0.28488514207627924,6.552622056263594
2088.0,28.56532859802246,254.76936722170785,13.02515791123006,-223.1490772023895,254.76936722170785,223.1490772023895,176.27349471060933,12.740273339802245,-229.70170302931655,78.49587251109854,0.28488457142781565,6.55262582692707
2096.0,28.67510414123535,254.76928282318462,13.025136261297195,-223.14897529353348,254.76928282318462,223.14897529353348,176.27341138991298,12.74025260982144,-229.70160444595325,78.49587143327165,0.28488365147575534,6.552629152419769
2104.0,28.784881591796875,254.76921828891557,13.02510263553147,-223.14891886248546,254.76921828891557,223.14891886248546,176.2733503314327,12.740219538733886,-229.70155060360742,78.49586795748286,0.2848830967975835,6.552631741121943
2112.0,28.8946590423584,254.76919630270342,13.025066417129826,-223.14890628288774,254.76919630270342,223.14890628288774,176.27333142253974,12.740184618862562,-229.70154056599398,78.49586488016368,0.2848817982672647,6.552634283106231
2120.0,29.00443458557129,254.76917629763318,13.025025949061847,-223.14889419947679,254.76917629763318,223.14889419947679,176.273313081564,12.740144787064162,-229.70153092053948,78.49586321606917,0.284881161997685,6.552636721062687
2128.0,29.114212036132812,254.76923642808495,13.025014950225373,-223.14892177774124,254.76923642808495,223.14892177774124,176.2733709623791,12.740134818687093,-229.7015616548382,78.49586546570586,0.2848801315382792,6.55263987709696
2136.0,29.223989486694336,254.76935450649265,13.025016225946953,-223.14897460662002,254.76935450649265,223.14897460662002,176.2734802019862,12.74013691976685,-229.7016177719554,78.49587430450646,0.28487930618010227,6.552643165335386
2144.0,29.333765029907227,254.7694642400471,13.025062673929597,-223.14896451596002,254.7694642400471,223.14896451596002,176.27357585134115,12.740184197393969,-229.70161192962874,78.49588838870595,0.28487847653562826,6.552647413668724
2152.0,29.44354248046875,254.76947783675726,13.02509571030785,-223.1489028744024,254.76947783675726,223.1489028744024,176.27357728691035,12.740217683820122,-229.7015538477292,78.49590054984691,0.2848780264877284,6.552650973326784
2160.0,29.553319931030273,254.76945198268828,13.025129686604291,-223.14879969638795,254.76945198268828,223.14879969638795,176.27354412832048,12.74025258325766,-229.70145418840167,78.49590785436779,0.2848771033466302,6.552654492013711
2168.0,29.66309928894043,254.76935640266962,13.025129793263197,-223.14868346016058,254.76935640266962,223.14868346016058,176.27344670172099,12.740253121036135,-229.70134112898518,78.49590970094863,0.2848766722270626,6.552657668824592
2176.0,29.77287483215332,254.7692443720166,13.025114334155809,-223.14855837898077,254.7692443720166,223.14855837898077,176.2733385182446,12.740238308051477,-229.70121869317938,78.495905853772,0.28487602610433216,6.552660314198617
2184.0,29.882659912109375,254.76915163176932,13.025088016677241,-223.14851205994182,254.76915163176932,223.14851205994182,176.2732531078555,12.740212643231718,-229.70117443377416,78.49589852391381,0.2848753734455225,6.552662373832331
2192.0,29.9924373626709,254.76908019268143,13.025057618428987,-223.1484372812729,254.76908019268143,223.1484372812729,176.27318902188847,12.740183101519815,-229.701100992818,78.49589117079296,0.2848745169091722,6.552663711545122
2200.0,30.10221290588379,254.7691197906088,13.025046469974276,-223.14845652541243,254.7691197906088,223.14845652541243,176.27323136469036,12.740172726884818,-229.70112227039522,78.49588842591845,0.2848737430894581,6.552665744982804
2208.0,30.211990356445312,254.76909926303136,13.025013752689224,-223.14842953881336,254.76909926303136,223.14842953881336,176.27321236384194,12.740140967780828,-229.70109767690064,78.49588689918943,0.2848727849083956,6.552668138087297
2216.0,30.321767807006836,254.7690587521303,13.024998259467669,-223.148394780495,254.7690587521303,223.148394780495,176.27317372930148,12.74012604978483,-229.70106537455624,78.49588502282882,0.2848722096828391,6.552670594061231
2224.0,30.431543350219727,254.76902724300868,13.024954286502327,-223.14835912785335,254.76902724300868,223.14835912785335,176.27314343904817,12.740082773603408,-229.70103218909105,78.49588380396051,0.2848715128989192,6.552673061237696
2232.0,30.541322708129883,254.76903796018763,13.024908739646033,-223.14837736711746,254.76903796018763,223.14837736711746,176.2731541639231,12.740038352905092,-229.70105328960963,78.49588379626455,0.2848703867409408,6.5526759224921625
2240.0,30.651100158691406,254.7691039600862,13.024878840330663,-223.14842173105666,254.7691039600862,223.14842173105666,176.2732159891417,12.740008979662129,-229.70110050147804,78.4958879709445,0.2848698606685338,6.552678770421375
2248.0,30.76087760925293,254.76914700863153,13.024866225791827,-223.14843723995702,254.76914700863153,223.14843723995702,176.27325140031394,12.73999746275863,-229.7011193990029,78.4958956083176,0.2848687630331965,6.552682159045872
2256.0,30.87065315246582,254.76907067735593,13.024842951123826,-223.14836144282486,254.76907067735593,223.14836144282486,176.27317099569825,12.739974684569441,-229.70104683547981,78.49589968165768,0.2848682665543847,6.552685392654938
2264.0,30.980430603027344,254.76909940133868,13.024795545156845,-223.14840633860425,254.76909940133868,223.14840633860425,176.27319793983128,12.739928040422441,-229.70109449607128,78.49590146150742,0.2848675047344047,6.552688157467028
2272.0,31.090208053588867,254.76918565877097,13.02478463896617,-223.14845722183676,254.76918565877097,223.14845722183676,176.27327681095096,12.739918052124079,-229.70114832687733,78.49590884782,0.28486658684209054,6.552691105040579
2280.0,31.199983596801758,254.76924000374984,13.024796623682793,-223.14844614949135,254.76924000374984,223.14844614949135,176.2733212207923,12.739930601339651,-229.70114092755313,78.49591878295755,0.28486602234314207,6.552694778061785
2288.0,31.30976104736328,254.76922167001888,13.024800156830068,-223.148410204447,254.76922167001888,223.148410204447,176.2732952848068,12.739934860129306,-229.70110790241802,78.49592638521207,0.2848652967007621,6.552697697971011
2296.0,31.419540405273438,254.7691268166387,13.024786055350711,-223.1482897565805,254.7691268166387,223.1482897565805,176.27319803275148,12.739921309078099,-229.70099006828406,78.49592878388722,0.28486474627261194,6.552700311703541
2304.0,31.52931785583496,254.76904459511618,13.024755997880145,-223.14822858977425,254.76904459511618,223.14822858977425,176.2731187325941,12.739892272169055,-229.70093164913868,78.49592586252209,0.2848637257110913,6.552703059364418
2312.0,31.639101028442383,254.76896965244157,13.024721036059955,-223.1481782934688,254.76896965244157,223.1481782934688,176.27304804112987,12.739857640130747,-229.70088318276356,78.4959216113117,0.2848633959292064,6.55270488929477
2320.0,31.748876571655273,254.76891617604434,13.02468628538649,-223.14816555329895,254.76891617604434,223.14816555329895,176.2729991304546,12.739823746019843,-229.70087197025276,78.49591704558976,0.2848625393666482,6.552706416953816
2328.0,31.85865592956543,254.76891839179785,13.02464920047479,-223.14816480410383,254.76891839179785,223.14816480410383,176.27300439628638,12.739787681650506,-229.70087289082298,78.49591399551147,0.28486151882428423,6.552708086719161
2336.0,31.96843147277832,254.76901346793517,13.024638875458304,-223.14822640904777,254.76901346793517,223.14822640904777,176.27309645395857,12.739777969342407,-229.70093718092733,78.49591701397661,0.2848609061158971,6.552710771879553
2344.0,32.078208923339844,254.76899383871475,13.024635065183425,-223.14816591989018,254.76899383871475,223.14816591989018,176.2730721917211,12.739774748232144,-229.70087957982247,78.49592164699365,0.2848603169512822,6.552713659932307
2352.0,32.187984466552734,254.76894130994322,13.024623765583005,-223.14812259389288,254.76894130994322,223.14812259389288,176.27301740200585,12.73976418226993,-229.7008389690673,78.49592390793737,0.28485958331307426,6.552716375174408
2360.0,32.29776382446289,254.76892454114096,13.024597737830598,-223.148093946545,254.76892454114096,223.148093946545,176.27300132934508,12.73973900667891,-229.70081302087428,78.49592321179588,0.2848587311516888,6.552719074329287
2368.0,32.40753936767578,254.76898472838676,13.024592162824465,-223.1480880802992,254.76898472838676,223.1480880802992,176.27305763631887,12.73973364281363,-229.70080969659074,78.49592709206789,0.284858520010836,6.5527216162915485
2376.0,32.51731491088867,254.7689756950121,13.024585873054942,-223.14806367595645,254.7689756950121,223.14806367595645,176.27304409085667,12.739727750289486,-229.70078797910034,78.49593160415544,0.28485812276545674,6.552724303143881
2384.0,32.62709426879883,254.76891049646497,13.024571537029539,-223.14800532711106,254.76891049646497,223.14800532711106,176.27297808268446,12.739714225888232,-229.7007322797646,78.4959324137805,0.2848573111413071,6.552726952653537
2392.0,32.73686981201172,254.76885318368974,13.024536604794779,-223.14799275122456,254.76885318368974,223.14799275122456,176.27292324063808,12.739680099063264,-229.70072138939284,78.49592994305166,0.28485650573151533,6.552728638168287
2400.0,32.846649169921875,254.76881588736592,13.024499121694397,-223.14796621276903,254.76881588736592,223.14796621276903,176.27288882793823,12.739643153483826,-229.700696477139,78.49592705942769,0.2848559682105716,6.552730264369956
2408.0,32.956424713134766,254.76879144733766,13.02446230627628,-223.1479459124388,254.76879144733766,223.1479459124388,176.2728663392417,12.739607073168205,-229.7006779608809,78.49592510809597,0.28485523310807626,6.55273204844211
2416.0,33.06620407104492,254.76884277443662,13.024423557598118,-223.14801078332823,254.76884277443662,223.14801078332823,176.27291625195917,12.739569052835696,-229.7007451399323,78.49592652247746,0.2848545047624218,6.5527343566040726
2424.0,33.17597961425781,254.76889384178105,13.024418158519294,-223.1480390806768,254.76889384178105,223.1480390806768,176.2729625616571,12.739564136731534,-229.70077551582278,78.49593128012394,0.28485402178775976,6.552736435145994
2432.0,33.2857551574707,254.76889709642862,13.024421222004749,-223.1479924849356,254.76889709642862,223.1479924849356,176.2729607202442,12.739568232441975,-229.70073177223338,78.4959363761844,0.2848529895627734,6.552739287297786
2440.0,33.395538330078125,254.76887872962817,13.024402810195335,-223.14793774697765,254.76887872962817,223.14793774697765,176.2729379679153,12.739550277215875,-229.70067993512936,78.49594076171284,0.28485253297946045,6.552742188151717
2448.0,33.505313873291016,254.76891825211194,13.024401529883843,-223.14796871766544,254.76891825211194,223.14796871766544,176.27297306712882,12.739549700901316,-229.70071339603203,78.49594518498313,0.28485182898252637,6.552744678366608
2456.0,33.61509323120117,254.76891331316858,13.02440631777933,-223.1479085055894,254.76891331316858,223.1479085055894,176.27296336615314,12.739555083802948,-229.7006557373695,78.49594994701545,0.2848512339763838,6.552747231780074
2464.0,33.72487258911133,254.7688778576186,13.024421667238949,-223.14786605750123,254.7688778576186,223.14786605750123,176.27292564354474,12.739570935389972,-229.7006155126565,78.49595221407387,0.28485073184897614,6.552749455155267
2472.0,33.834651947021484,254.7688388946606,13.024393744131029,-223.14783115096435,254.7688388946606,223.14783115096435,176.2728869650608,12.739543926356367,-229.70058254481052,78.49595192959981,0.28484981777466123,6.552751393846156
2480.0,33.944427490234375,254.76886092994653,13.02439055859773,-223.14781242575006,254.76886092994653,223.14781242575006,176.27290770386202,12.739541236314675,-229.70056547874955,78.49595322608451,0.28484932228305393,6.5527530529994795
2488.0,34.054203033447266,254.76891146586982,13.024418006128341,-223.14781535529158,254.76891146586982,223.14781535529158,176.2729542518404,12.73956924884278,-229.70057066688832,78.49595721402943,0.2848487572855607,6.55275531159674
2496.0,34.16398239135742,254.7688488314041,13.02442307224794,-223.14771434587044,254.7688488314041,223.14771434587044,176.2728894439827,12.739574851315474,-229.70047185770113,78.49595938742141,0.28484822093246587,6.552757511830695
2504.0,34.27375793457031,254.76878057561896,13.02442043520365,-223.14765883175167,254.76878057561896,223.14765883175167,176.27282311309693,12.739573008666023,-229.70041784368124,78.49595746252203,0.28484742653762796,6.552759011929559
2512.0,34.3835334777832,254.76871443334795,13.024396049835298,-223.14760429583683,254.76871443334795,223.14760429583683,176.2727617677086,12.73954897665244,-229.7003640608205,78.49595266563935,0.2848470731828585,6.552759764983689
2520.0,34.49331283569336,254.76869321001658,13.024378637846299,-223.1476012618964,254.76869321001658,223.1476012618964,176.27274461172058,12.73953229337156,-229.70036214302522,78.49594859829598,0.284846344474738,6.552760881128819
2528.0,34.60308837890625,254.7686848781089,13.024346003349962,-223.14760822061365,254.7686848781089,223.14760822061365,176.27273900294642,12.739500770636887,-229.70037007109985,78.49594587516246,0.2848452327130735,6.552761850486193
2536.0,34.71286392211914,254.76870264079318,13.02433327145736,-223.14761925346508,254.76870264079318,223.14761925346508,176.27275735414355,12.739488159562836,-229.70038243514523,78.49594528664963,0.28484511189452455,6.552763181680138
2544.0,34.8226432800293,254.76875395317253,13.024342824952285,-223.14761243757658,254.76875395317253,223.14761243757658,176.2728061459266,12.739498316665916,-229.7003775174947,78.49594780724593,0.28484450828636865,6.552765079918126
2552.0,34.93241882324219,254.76881031521987,13.024346301206089,-223.1476105518602,254.76881031521987,223.1476105518602,176.27285641082105,12.739502650865077,-229.70037795409206,78.49595390439883,0.2848436503410121,6.552767402231858
2560.0,35.04219436645508,254.76885245523283,13.02436361743101,-223.14761886151595,254.76885245523283,223.14761886151595,176.2728906402469,12.739520401991976,-229.70038858436283,78.49596181498592,0.284843215439035,6.552769722846866
2568.0,35.151981353759766,254.76881995499792,13.024378146923047,-223.14754557462174,254.76881995499792,223.14754557462174,176.27285451882403,12.739535369156282,-229.70031759441844,78.49596543617388,0.2848427777667637,6.552772019796678
2576.0,35.26176071166992,254.76876187402476,13.02437346020361,-223.14748224558065,254.76876187402476,223.14748224558065,176.2727954811735,12.739531434848583,-229.70025602179166,78.49596639285127,0.2848420253550259,6.552773776211
2584.0,35.37153625488281,254.76871866731364,13.024355821388024,-223.14745307876422,254.76871866731364,223.14745307876422,176.27275352714213,12.739514421493949,-229.70022853262148,78.4959651401715,0.28484139989407575,6.552775453857256
2592.0,35.4813117980957,254.76868673305614,13.0243467331232,-223.14741749679098,254.76868673305614,223.14741749679098,176.27272340475784,12.739505716376652,-229.70019391644706,78.49596332829829,0.28484101674654916,6.552776419656093
2600.0,35.59109115600586,254.76864881593565,13.02432260595104,-223.14738976114145,254.76864881593565,223.14738976114145,176.27268818232338,12.739482521643207,-229.70016791182985,78.49596063361226,0.28484008430783225,6.552778150688397
2608.0,35.70086669921875,254.76864206519775,13.024306894484909,-223.14739909221956,254.76864206519775,223.14739909221956,176.27268327089973,12.739467126435002,-229.7001780369294,78.49595879429802,0.2848397680499066,6.552778944709838
2616.0,35.81064224243164,254.76861650545936,13.024275373415332,-223.1473755825317,254.76861650545936,223.1473755825317,176.27265961384444,12.739436265749665,-229.70015582679224,78.49595689161492,0.28483910766566556,6.552780244260518
2624.0,35.9204216003418,254.76858934642075,13.024251449063517,-223.1473585917083,254.76858934642075,223.1473585917083,176.2726340193968,12.73941278117686,-229.70013996488365,78.49595532702395,0.2848386678866577,6.55278137317536
2632.0,36.03019714355469,254.76856146760463,13.02422615522999,-223.1473571313318,254.76856146760463,223.1473571313318,176.27260728805246,12.739388110803496,-229.70013985314256,78.49595417955216,0.28483804442649374,6.55278272181075
2640.0,36.13997268676758,254.76856584670008,13.02419480209937,-223.14736077871092,254.76856584670008,223.14736077871092,176.27261259636842,12.739357630987989,-229.70014487711683,78.49595325033167,0.28483717111138107,6.552784098405898
2648.0,36.249752044677734,254.76855186515735,13.024152070926174,-223.14735326935892,254.76855186515735,223.14735326935892,176.2725983485431,12.739315553411776,-229.70013864022891,78.49595351661422,0.284836517514397,6.5527853708699855
2656.0,36.359527587890625,254.76857478151538,13.024140476002398,-223.14737899233768,254.76857478151538,223.14737899233768,176.2726199906587,12.739304360927033,-229.70016620976926,78.49595479085669,0.28483611507536466,6.552787217431579
2664.0,36.469303131103516,254.76866360054072,13.024127017554232,-223.14743614939223,254.76866360054072,223.14743614939223,176.27270308508008,12.739291503878825,-229.70022491614557,78.49596051546064,0.2848355136754068,6.552788766753341
2672.0,36.57908248901367,254.76877664724222,13.024152074667857,-223.14749016964498,254.76877664724222,223.14749016964498,176.27280536552857,12.739317109238325,-229.70028134686572,78.49597128171365,0.28483496542953146,6.55279117722073
2680.0,36.68886184692383,254.76879185063558,13.024173684061301,-223.14744937644844,254.76879185063558,223.14744937644844,176.2728108615367,12.73933912484133,-229.7002426457969,78.4959809890989,0.28483455921997125,6.552793269348445
2688.0,36.79863739013672,254.76874317517448,13.024174721502261,-223.14739262353407,254.76874317517448,223.14739262353407,176.2727578181603,12.739340702928892,-229.70018790046214,78.49598535701418,0.2848340185733682,6.552795276928057
2696.0,36.90842056274414,254.7686785414317,13.024174179111363,-223.14730978213183,254.7686785414317,223.14730978213183,176.2726926635056,12.73934087719621,-229.70010666910125,78.4959858779261,0.28483330191515366,6.552796886969425
2704.0,37.0181999206543,254.76868529410507,13.024159145051053,-223.1473031654117,254.76868529410507,223.1473031654117,176.2726992534462,12.739326255367612,-229.70010162292633,78.49598604065886,0.28483288968344134,6.552798457514617
2712.0,37.12797927856445,254.768710441084,13.024173963378324,-223.1472871816768,254.768710441084,223.1472871816768,176.27272221902638,12.739341382689897,-229.70008729983346,78.49598822205763,0.284832580688426,6.552800118156663
2720.0,37.23775863647461,254.76869937877484,13.024185610153147,-223.1472617475197,254.76869937877484,223.1472617475197,176.2727085716399,12.73935383983919,-229.70006375504107,78.49599080713493,0.2848317703139567,6.552802007521375
2728.0,37.3475341796875,254.76864121722863,13.024181777703314,-223.14717983886524,254.76864121722863,223.14717983886524,176.27265082799605,12.739350462171238,-229.69998310433095,78.49599038923259,0.2848313155320752,6.552803265465712
2736.0,37.45730972290039,254.76857627034056,13.024190033997751,-223.14713578912557,254.76857627034056,223.14713578912557,176.27258826836683,12.739359408090102,-229.69994038187556,78.49598800197373,0.28483062590764785,6.552804592750007
2744.0,37.56708908081055,254.76854610109913,13.024169641074462,-223.14709881664908,254.76854610109913,223.14709881664908,176.27256109917096,12.739339731502834,-229.69990403968052,78.49598500192818,0.2848299095716271,6.552805223031446
2752.0,37.67686462402344,254.76853166973754,13.024158550760301,-223.14709355920994,254.76853166973754,223.14709355920994,176.272549468324,12.739329014956262,-229.69989981270504,78.49598220141354,0.28482953580403914,6.5528062534951115
2760.0,37.78664016723633,254.76851381794899,13.024154324412612,-223.1470581646755,254.76851381794899,223.1470581646755,176.27253307975005,12.739325676596508,-229.69986524885093,78.49598073819895,0.2848286478161035,6.552807084175417
2768.0,37.896419525146484,254.76850485386933,13.024136682187404,-223.14705226675522,254.76850485386933,223.14705226675522,176.2725251017256,12.739308358095085,-229.69986046052475,78.49597975214374,0.2848283240923193,6.552808193769516
2776.0,38.006195068359375,254.7685197049598,13.02413318872164,-223.14707010661573,254.7685197049598,223.14707010661573,176.27254083182706,12.739305169640913,-229.69987927427607,78.49597887313274,0.2848280190807273,6.552809167660345
2784.0,38.115970611572266,254.76850055817383,13.0241162281498,-223.14705139329826,254.76850055817383,223.14705139329826,176.2725215907158,12.739288992296874,-229.69986177598992,78.49597896745803,0.28482723585292646,6.552810382691667
2792.0,38.22574996948242,254.76848325350693,13.024100678078595,-223.14700783350415,254.76848325350693,223.14700783350415,176.27250457311862,12.739273976466482,-229.69981950124324,78.4959786803883,0.28482670161211354,6.552811667739101
2800.0,38.33552551269531,254.76848519541545,13.024086281945946,-223.14703293245327,254.76848519541545,223.14703293245327,176.27250647770308,12.739259994177845,-229.69984606621713,78.49597871771239,0.2848262877681016,6.55281313376385
2808.0,38.44530487060547,254.76848274546654,13.024059766887468,-223.14703684242545,254.76848274546654,223.14703684242545,176.27250350921548,12.739234140028799,-229.6998513496003,78.49597923625106,0.28482562685866997,6.552814507174839
2816.0,38.55508041381836,254.7685044412805,13.024049784776176,-223.1470334967639,254.7685044412805,223.1470334967639,176.27252405073722,12.739224921571267,-229.69984941013735,78.49598039054328,0.2848248632049093,6.552815913373444
2824.0,38.66486740112305,254.7686084163841,13.024052058946399,-223.14710694682793,254.7686084163841,223.14710694682793,176.27262248973915,12.739227417398048,-229.69992448187327,78.49598592664493,0.28482464154835174,6.55281753504533
2832.0,38.77464294433594,254.76865737208922,13.02406764666036,-223.14708910812456,254.76865737208922,223.14708910812456,176.27266305614035,12.739243609994816,-229.69990851971792,78.49599431594888,0.2848240366655448,6.552819411593367
2840.0,38.88441848754883,254.76864877257034,13.024080859331098,-223.14704795180444,254.76864877257034,223.14704795180444,176.27264911947802,12.73925751838047,-229.6998692385524,78.49599965309233,0.28482334095062845,6.5528212867479585
2848.0,38.994197845458984,254.76866283222455,13.0240995412789,-223.1470289385953,254.76866283222455,223.1470289385953,176.2726589522172,12.739276271759394,-229.6998514656069,78.49600388000735,0.284823269519507,6.552822527011619
2856.0,39.103973388671875,254.76862889937343,13.024102901710059,-223.14696793242044,254.76862889937343,223.14696793242044,176.27262273572887,12.739280070728142,-229.69979189800017,78.49600616364454,0.2848228309819163,6.552823965579737
2864.0,39.213748931884766,254.768507317179,13.024093187679414,-223.14690292577708,254.768507317179,223.14690292577708,176.2725034021944,12.739270636051657,-229.69972734727367,78.4960039149846,0.2848225516277574,6.552824421496569
2872.0,39.32352828979492,254.76846125989698,13.02406932161413,-223.14685282677033,254.76846125989698,223.14685282677033,176.27246142455186,12.739247541441756,-229.69967844596076,78.49599983534513,0.28482178017237336,6.552825619190419
2880.0,39.43330383300781,254.76847077977993,13.024051272546785,-223.1468852617409,254.76847077977993,223.1468852617409,176.27247303169148,12.739229784380512,-229.69971135908006,78.49599774808846,0.2848214881662732,6.552826097339172
2888.0,39.5430793762207,254.76843929417458,13.024034381804507,-223.14684481614668,254.76843929417458,223.14684481614668,176.2724430307519,12.739213638783017,-229.69967204123438,78.49599626342268,0.28482074302148996,6.5528272250876896
2896.0,39.65285873413086,254.76844413298357,13.024019833139715,-223.14687119472674,254.76844413298357,223.14687119472674,176.27244901129274,12.739199540230777,-229.6996992849353,78.49599512169084,0.2848202929089383,6.552828090208537
2904.0,39.76263427734375,254.76841617158135,13.024008548865329,-223.14683167526132,254.76841617158135,223.14683167526132,176.27242226270994,12.739188720271535,-229.6996607104053,78.49599390887141,0.2848198285937933,6.552829035143986
2912.0,39.87240982055664,254.76843197601505,13.023997417868197,-223.14687377813524,254.76843197601505,223.14687377813524,176.27243803692676,12.739177892404802,-229.69970372177352,78.49599393908831,0.2848195254633943,6.552829943638264
2920.0,39.9821891784668,254.76841430451643,13.023980795385574,-223.14681365985456,254.76841430451643,223.14681365985456,176.27242002214948,12.739162188274555,-229.69964475807427,78.49599428236695,0.28481860711101836,6.552831098219721
2928.0,40.09196853637695,254.76843301660426,13.023967239558832,-223.14685027593126,254.76843301660426,223.14685027593126,176.2724382398061,12.739148642247,-229.6996822156386,78.49599477679816,0.2848185973118307,6.552831939707337
2936.0,40.20174789428711,254.76844335394105,13.023950143962207,-223.14685010348762,254.76844335394105,223.14685010348762,176.27244750703682,12.739132098218228,-229.69968346333104,78.49599584690422,0.2848180457439793,6.552833359843415
2944.0,40.3115234375,254.76842835452732,13.023940834785211,-223.1468351851408,254.76842835452732,223.1468351851408,176.27243162410318,12.739123247234012,-229.6996698056004,78.49599673042414,0.2848175875512,6.552834620459616
2952.0,40.42131042480469,254.768428277849,13.023928120842745,-223.14683267912633,254.768428277849,223.14683267912633,176.27243052746417,12.7391111864819,-229.69966835353017,78.49599775038483,0.2848169343608453,6.552835674403843
2960.0,40.53108596801758,254.76841916538675,13.023909932241164,-223.14681960540844,254.76841916538675,223.14681960540844,176.27242050525928,12.739093522985158,-229.6996569075513,78.49599866012747,0.2848164092560066,6.552837302142838
2968.0,40.640865325927734,254.76852921597907,13.023919662553695,-223.14689015929443,254.76852921597907,223.14689015929443,176.27252605535244,12.7391035031503,-229.69972859200502,78.49600316062663,0.28481615940339466,6.55283843271058
2976.0,40.750640869140625,254.768617336324,13.023946677882662,-223.14691580987932,254.768617336324,223.14691580987932,176.27260458416941,12.739130872854826,-229.69975621356676,78.4960127521546,0.284815805027836,6.552840403687444
2984.0,40.860416412353516,254.7686056179801,13.02397238485657,-223.14685715572665,254.7686056179801,223.14685715572665,176.27258558951485,12.73915707657725,-229.69969914204566,78.49602002846527,0.2848153082793199,6.552841986319007
2992.0,40.97019577026367,254.7685817557271,13.023982577774664,-223.14680930442302,254.7685817557271,223.14680930442302,176.27255815233264,12.739167771094039,-229.6996524728129,78.49602360339448,0.28481480668062487,6.552843168389864
3000.0,41.07997131347656,254.76852762798617,13.024009479298597,-223.1467294713761,254.76852762798617,223.1467294713761,176.27250375445996,12.739194850975743,-229.69957354028674,78.49602387352621,0.28481462832285454,6.55284406891064
3008.0,41.18974685668945,254.76847352022918,13.023992474314248,-223.14670330264966,254.76847352022918,223.14670330264966,176.27245147802873,12.739178245449043,-229.6995479854852,78.49602204220045,0.28481422886520447,6.552844682835534
3016.0,41.29952621459961,254.76842268324518,13.02399393838974,-223.1466501043422,254.76842268324518,223.1466501043422,176.27240221598856,12.739180117666795,-229.69949587880853,78.49602046725661,0.2848138207229458,6.552845774466322
3024.0,41.4093017578125,254.76826410288535,13.02394654651955,-223.14659792604945,254.76826410288535,223.14659792604945,176.2722540512963,12.739133083486628,-229.69944195098788,78.49601005158905,0.28481346303292154,6.552844024938426
3032.0,41.51907730102539,254.76825097982612,13.023901643993437,-223.14665841079824,254.76825097982612,223.14665841079824,176.27225015247922,12.73908849228819,-229.69950117851744,78.4960008273469,0.28481315170524635,6.552842767719186
3040.0,41.62885665893555,254.76829420544084,13.023863068623337,-223.1467541955231,254.76829420544084,223.1467541955231,176.27229608506872,12.739050321916904,-229.69959710605426,78.49599812037214,0.28481274670643275,6.552842910531147
3048.0,41.73863220214844,254.76838625417219,13.023839933727379,-223.14678111604408,254.76838625417219,223.14678111604408,176.2723858518188,12.739027860434406,-229.69962483976585,78.49600040235339,0.28481207329297176,6.552843723721763
3056.0,41.84840774536133,254.76856135421005,13.023864950577837,-223.14687214759883,254.76856135421005,223.14687214759883,176.27255033806347,12.739053264065873,-229.69971812923478,78.49601101614658,0.2848116865119632,6.552845981635959
3064.0,41.958187103271484,254.7686163636144,13.023901024924363,-223.14684843640674,254.7686163636144,223.14684843640674,176.27259245102124,12.7390893569016,-229.69969695169797,78.49602391259315,0.2848116680227637,6.552848515291238
3072.0,42.067962646484375,254.76862301183903,13.02392473711567,-223.1467843477264,254.76862301183903,223.1467843477264,176.27259041379185,12.739113724488885,-229.6996351815792,78.49603259804718,0.28481101262678665,6.552850833852795
3080.0,42.17775344848633,254.76863087510912,13.023934667930424,-223.1468177793916,254.76863087510912,223.1468177793916,176.27259223350723,12.739124059089857,-229.6996693063603,78.4960386416019,0.2848106088405671,6.552851526968706
3088.0,42.28752899169922,254.76860573395516,13.023930920012587,-223.1467619192787,254.76860573395516,223.1467619192787,176.2725634773675,12.739120362676127,-229.69961496327105,78.49604225658764,0.28481055733645944,6.552853043992343
3096.0,42.39730453491211,254.76859809223518,13.023938286171445,-223.14675909251002,254.76859809223518,223.14675909251002,176.27255452616637,12.739128384809286,-229.69961317971723,78.4960435660688,0.2848099013621588,6.552854087207217
3104.0,42.507083892822266,254.76855523535755,13.023943819026401,-223.14669021823352,254.76855523535755,223.14669021823352,176.27251148736363,12.739134050811325,-229.69954557797755,78.49604374799394,0.28480976821507653,6.552855359744024
3112.0,42.616859436035156,254.7685346301127,13.023942528385003,-223.14665525583544,254.7685346301127,223.14665525583544,176.27249139690218,12.739133060534451,-229.69951145619456,78.49604323321051,0.2848094678505513,6.552856200359124
3120.0,42.72663879394531,254.76850528863065,13.023949783425502,-223.14660913967685,254.76850528863065,223.14660913967685,176.27246333588363,12.739140548641881,-229.69946608002002,78.49604195274702,0.2848092347836215,6.55285694034317
3128.0,42.836421966552734,254.76848613115305,13.02396386579966,-223.14659334754822,254.76848613115305,223.14659334754822,176.272445671356,12.739155064501382,-229.69945139310664,78.49604045979706,0.2848088012982779,6.552858045558425
3136.0,42.946197509765625,254.76847392760845,13.023970959082444,-223.14655783625702,254.76847392760845,223.14655783625702,176.2724347105571,12.739162483516433,-229.69941638699606,78.49603921705138,0.2848084755660114,6.552858550739039
3144.0,43.05598068237305,254.7684458019768,13.02398643114219,-223.14650039462128,254.7684458019768,223.14650039462128,176.2724076820549,12.739178454613732,-229.6993598824899,78.4960381199219,0.28480797652845746,6.552859487868588
3152.0,43.165767669677734,254.7684580275665,13.023993854951765,-223.14649262270632,254.7684580275665,223.14649262270632,176.27242003666208,12.739186178754705,-229.69935288619297,78.49603799090443,0.28480767619705993,6.552860263486659
3160.0,43.27554702758789,254.76845913296057,13.024007302251775,-223.14646562196597,254.76845913296057,223.14646562196597,176.27242114242486,12.73919999509915,-229.69932673063875,78.49603799053571,0.2848073071526236,6.55286110867277
3168.0,43.38533020019531,254.76846421417412,13.024014862290619,-223.14644287333414,254.76846421417412,223.14644287333414,176.27242551678881,12.73920783279656,-229.69930487033815,78.49603869738529,0.2848070294940599,6.552861997004012
3176.0,43.495113372802734,254.76849144762656,13.024032702603234,-223.14644720890033,254.76849144762656,223.14644720890033,176.27245188828743,12.739225839388473,-229.69931001371702,78.49603955933911,0.28480686321476156,6.552862804816696
3184.0,43.60489273071289,254.7684934907207,13.024055331257387,-223.14640046625507,254.7684934907207,223.14640046625507,176.27245315899822,12.739248917410725,-229.69926415899974,78.49604033172248,0.28480641384666194,6.552863692744676
3192.0,43.71467590332031,254.76850163077032,13.024079876417224,-223.14637413136936,254.76850163077032,223.14637413136936,176.27246022797812,12.73927389430836,-229.69923889993547,78.4960414027922,0.28480598210886354,6.552864768566109
3200.0,43.824459075927734,254.768495431374,13.024083836521605,-223.1463400853328,254.768495431374,223.1463400853328,176.27245266328924,12.739278111327312,-229.6992059075175,78.49604276808475,0.28480572519429304,6.552865822184689
3208.0,43.9341926574707,254.76851560219097,13.024111060355118,-223.1463195449323,254.76851560219097,223.1463195449323,176.2724716223819,12.739305588337375,-229.69918636429892,78.4960439798091,0.2848054720177431,6.552866819366609
3216.0,44.043975830078125,254.7685105759699,13.024133384667001,-223.1462649193083,254.7685105759699,223.1462649193083,176.27246567530693,12.739328297548155,-229.69913277987877,78.496044900663,0.2848050871188459,6.552867860570483
3224.0,44.15375900268555,254.76851677665522,13.024155921145264,-223.14624517896624,254.76851677665522,223.14624517896624,176.27247093736878,12.739351256959509,-229.69911388201962,78.49604583928644,0.2848046641857547,6.552868703053367
3232.0,44.2635383605957,254.768513715463,13.02417626856094,-223.14621887028215,254.768513715463,223.14621887028215,176.2724666975016,12.739371804115166,-229.69908849077933,78.49604701796139,0.2848044644457741,6.552869620497166
3240.0,44.373321533203125,254.76851401824132,13.024187385991798,-223.14616251476062,254.76851401824132,223.14616251476062,176.27246578288788,12.739383146759362,-229.69903310958355,78.49604823535344,0.2848042392324359,6.552870594822923
3248.0,44.48310470581055,254.7685301565259,13.024217215449974,-223.14613785018955,254.7685301565259,223.14613785018955,176.27248118998742,12.739413639446893,-229.69900927806694,78.4960489665385,0.2848035760030818,6.552871427877401
3256.0,44.5928840637207,254.7685059539162,13.024249217975775,-223.14608848340058,254.7685059539162,223.14608848340058,176.27245681086455,12.739445455952332,-229.69896063846616,78.49604914305164,0.2848037620234436,6.5528721550655735
3264.0,44.702667236328125,254.76849646567064,13.024265882014785,-223.1460278674421,254.76849646567064,223.1460278674421,176.27244681122824,12.739462906252438,-229.69890089721878,78.49604965444239,0.2848029757623469,6.552873029776686
3272.0,44.81245040893555,254.7685133574507,13.024280081570843,-223.14602362931373,254.7685133574507,223.14602362931373,176.27246365661966,12.739477565372876,-229.69889748509132,78.49604970083104,0.2848025161979666,6.5528738557775865
3280.0,44.9222297668457,254.76849991850307,13.02430556156282,-223.14596903113878,254.76849991850307,223.14596903113878,176.27245037371463,12.73950303003661,-229.698843449857,78.49604954478843,0.28480253152620794,6.552874418718246
3288.0,45.032012939453125,254.76851036026483,13.024324414104388,-223.1459422227519,254.76851036026483,223.1459422227519,176.27246063558948,12.739522483001757,-229.69881755938752,78.49604972467534,0.2848019311026304,6.552875336635621
3296.0,45.14179611206055,254.76851102622211,13.024358610473563,-223.14589996135052,254.76851102622211,223.14589996135052,176.2724610354713,12.739557117336531,-229.69877580537187,78.4960499907508,0.2848014931370306,6.552875844021349
3304.0,45.2515754699707,254.76851289630184,13.024385766729798,-223.14587265471334,254.76851289630184,223.14587265471334,176.27246238179737,12.739584504138023,-229.698749272891,78.49605051450449,0.28480126259177574,6.552876618177661
3312.0,45.361358642578125,254.76850387873637,13.024398777669035,-223.14580836315884,254.76850387873637,223.14580836315884,176.27245304346826,12.739597749208897,-229.69868584524426,78.49605083526811,0.2848010284601368,6.552877482085407
3320.0,45.47114181518555,254.76851524788853,13.024424035086124,-223.14579887395786,254.76851524788853,223.14579887395786,176.27246440696445,12.739623338920595,-229.69867718797136,78.49605084092408,0.2848006961655303,6.5528783140135065
3328.0,45.5809211730957,254.76852294370823,13.024453939234018,-223.14576016268816,254.76852294370823,223.14576016268816,176.27247191914162,12.739653563994478,-229.69863905209434,78.49605102456661,0.28480037523954005,6.552878889406186
3336.0,45.69063186645508,254.76851928981165,13.024488446116397,-223.145733318569,254.76851928981165,223.145733318569,176.2724683234988,12.739688378473442,-229.69861298992726,78.49605096631285,0.2848000676429545,6.552879671358252
3344.0,45.8004150390625,254.76851203639362,13.024505520998135,-223.14568633657277,254.76851203639362,223.14568633657277,176.27246083623285,12.739705738694408,-229.69856644018157,78.49605120016076,0.2847997823037267,6.552880103608801
3352.0,45.91019821166992,254.7685062461836,13.024539653840108,-223.14562806573593,254.7685062461836,223.14562806573593,176.27245503819813,12.739740039861497,-229.69850882700132,78.49605120798546,0.2847996139786111,6.552880761265384
3360.0,46.01997756958008,254.76850966325202,13.024552570540232,-223.14560753105704,254.76850966325202,223.14560753105704,176.2724583885111,12.739753609789041,-229.69848896690604,78.4960512747409,0.28479896075119093,6.552881435849011
3368.0,46.1297607421875,254.76851322535111,13.024587725606686,-223.14556225561915,254.76851322535111,223.14556225561915,176.27246176721994,12.739788939640341,-229.69844425527302,78.49605145813119,0.28479878596634434,6.552881999653852
3376.0,46.23954391479492,254.76851885548547,13.024615755254185,-223.14552249322568,254.76851885548547,223.14552249322568,176.27246710797436,12.739817153967017,-229.69840517404808,78.4960517475111,0.28479860128716794,6.552882680822393
3384.0,46.34932327270508,254.7685229485246,13.024640316658981,-223.1454828574687,254.7685229485246,223.1454828574687,176.27247100398753,12.739842174725261,-229.69836643554726,78.49605194453709,0.2847981419337198,6.552883578078562
3392.0,46.4591064453125,254.76848182514914,13.024668130484894,-223.14542592472176,254.76848182514914,223.14542592472176,176.2724303061624,12.739870375353803,-229.69830955071626,78.49605151898675,0.28479775513109207,6.552883625994492
3400.0,46.56888961791992,254.76837009830552,13.024652671011829,-223.14538999925236,254.76837009830552,223.14538999925236,176.2723251041901,12.73985522888012,-229.698271952339,78.49604499411544,0.28479744213170743,6.552881953086652
3408.0,46.67866897583008,254.768352298872,13.024633802618192,-223.14543536027384,254.768352298872,223.14543536027384,176.2723151012706,12.739836825194235,-229.69831574387075,78.49603719760138,0.2847969774239574,6.552880383596926
3416.0,46.7884521484375,254.76840593159636,13.024620586600873,-223.14546963362113,254.76840593159636,223.14546963362113,176.27237044854002,12.739823697983304,-229.69834955833085,78.49603548305633,0.28479688861756847,6.5528799247097265
3424.0,46.89823532104492,254.76845299748024,13.024619718516435,-223.14546383652453,254.76845299748024,223.14546383652453,176.27241599103036,12.739823080125014,-229.6983446885214,78.49603700644988,0.28479663839142155,6.552880851996871
3432.0,47.00801467895508,254.76846250385805,13.02462847284616,-223.1454367399318,254.76846250385805,223.1454367399318,176.27242297043378,12.739832136979835,-229.69831871875522,78.49603953342427,0.28479633586632414,6.552881978823411
3440.0,47.1177978515625,254.76851514989332,13.02463662989656,-223.14547049961783,254.76851514989332,223.14547049961783,176.27247277092428,12.73984054292294,-229.69835332961048,78.49604237896904,0.2847960869736208,6.552882829992668
3448.0,47.22758102416992,254.7685254069335,13.024639750270033,-223.14543654929227,254.7685254069335,223.14543654929227,176.27247979228625,12.739844237690312,-229.69832068678085,78.49604561464724,0.2847955125797217,6.552884137488574
3456.0,47.33736038208008,254.7685479007647,13.024653032731708,-223.14543291292188,254.7685479007647,223.14543291292188,176.27249889069105,12.739857785373434,-229.69831801518362,78.49604901007365,0.28479524735827333,6.5528851022617385
3464.0,47.447078704833984,254.76855135055496,13.024659243322763,-223.14542365902693,254.76855135055496,223.14542365902693,176.2724991412294,12.739864026945614,-229.69831033110702,78.49605220932555,0.28479521637714855,6.5528866720800805
3472.0,47.55685806274414,254.76857636332323,13.024669113667018,-223.1454208963926,254.76857636332323,223.1454208963926,176.2725216267217,12.739874263602989,-229.6983082310872,78.49605473660154,0.28479485006402916,6.552887334694601
3480.0,47.66664123535156,254.76856829327426,13.02468193889949,-223.14539596117166,254.76856829327426,223.14539596117166,176.27251114517276,12.739887354948683,-229.6982838426879,78.4960571481015,0.28479458395080837,6.552887881516256
3488.0,47.776424407958984,254.76857578377064,13.024679861481882,-223.14538110107284,254.76857578377064,223.14538110107284,176.27251698234755,12.739885518970258,-229.69827002638945,78.49605880142309,0.2847943425116237,6.552888925316601
3496.0,47.88620376586914,254.7685623625016,13.024698411290615,-223.14534965951418,254.7685623625016,223.14534965951418,176.27250213516012,12.73990432505991,-229.69823899650171,78.49606022734149,0.2847940862307037,6.552889336987542
3504.0,47.99598693847656,254.76855544984312,13.024697095290664,-223.14535140789317,254.76855544984312,223.14535140789317,176.27249490419683,12.739903546894428,-229.69824130477812,78.49606054564629,0.28479354839623605,6.552889896884942
3512.0,48.105770111083984,254.76854394908625,13.024705235111261,-223.14531228937818,254.76854394908625,223.14531228937818,176.2724832232421,12.739911956716355,-229.6982028662164,78.49606072584416,0.2847932783949054,6.552890576838214
3520.0,48.21554946899414,254.7685085348907,13.024713655095413,-223.14529484163836,254.7685085348907,223.14529484163836,176.27244796160994,12.739920802595236,-229.69818590135503,78.49606057328079,0.2847928525001766,6.552891059716673
3528.0,48.32533264160156,254.76834642138058,13.024667190563509,-223.14525700553673,254.76834642138058,223.14525700553673,176.2722938475373,12.739874448033845,-229.6981460871264,78.49605257384329,0.2847927425296648,6.552889081589644
3536.0,48.435115814208984,254.76840072877067,13.02463231928778,-223.14532525666618,254.76840072877067,223.14532525666618,176.27235466039417,12.73984004403315,-229.69821305043843,78.4960460683765,0.284792275254631,6.552887793772251
3544.0,48.54490280151367,254.76855672722766,13.024640394801233,-223.14541079825997,254.76855672722766,223.14541079825997,176.27250451558206,12.739848360087656,-229.698299585595,78.4960522116456,0.2847920347135773,6.552888787335025
3552.0,48.65468215942383,254.76862326887982,13.024671103795015,-223.1453837964253,254.76862326887982,223.1453837964253,176.27256293211266,12.739879247606613,-229.69827468877736,78.49606033676716,0.2847918561884013,6.55289089235205
3560.0,48.76446533203125,254.76863978061996,13.024692877403616,-223.14537779377554,254.76863978061996,223.14537779377554,176.27257340655643,12.73990144964961,-229.69827004750678,78.49606637406353,0.2847914277540058,6.552892253731257
3568.0,48.87424850463867,254.7686377089581,13.024708636832676,-223.14532018565123,254.7686377089581,223.14532018565123,176.27256711444585,12.739917509643249,-229.69821365235453,78.49607059451225,0.2847911271894277,6.5528934667033045
3576.0,48.98402786254883,254.76864665687827,13.024738296081193,-223.14530717653284,254.76864665687827,223.14530717653284,176.27257290556778,12.73994765944809,-229.69820120110631,78.4960737513105,0.2847906366331032,6.5528940245734635
3584.0,49.09381103515625,254.76864288381205,13.02475850222319,-223.14526380473598,254.76864288381205,223.14526380473598,176.27256664023272,12.739968110443952,-229.69815857327322,78.49607624357932,0.28479039177923804,6.552894768537229
3592.0,49.20351791381836,254.76865399992917,13.024776426432803,-223.14528296614048,254.76865399992917,223.14528296614048,176.2725754376203,12.739986396252785,-229.6981784051755,78.49607856230887,0.28479003018001725,6.552895439035022
3600.0,49.313297271728516,254.76865526398896,13.024800373295978,-223.1452137486417,254.76865526398896,223.1452137486417,176.2725751603209,12.740010227934075,-229.69811000615192,78.49608010366805,0.2847901453619035,6.552896257510216
3608.0,49.42308044433594,254.76853990151687,13.024795299647835,-223.14515943081793,254.76853990151687,223.14515943081793,176.2724619216682,12.74000552193433,-229.6980555718884,78.49607797984868,0.2847897777135038,6.552896141070466
3616.0,49.53286361694336,254.7684559736006,13.024780046572808,-223.14510128895105,254.7684559736006,223.14510128895105,176.27238454948616,12.739990374404837,-229.69799664747433,78.49607142411443,0.2847896721679706,6.552895358523266
3624.0,49.642642974853516,254.76844213976898,13.024755601990485,-223.14514017381373,254.76844213976898,223.14514017381373,176.27237474385782,12.739966152255018,-229.69803497479296,78.49606739591115,0.28478944973546705,6.552894800979245
3632.0,49.75242614746094,254.7684396079339,13.024751256489468,-223.14511647505725,254.7684396079339,223.14511647505725,176.27237507466177,12.739961949546624,-229.69801132853274,78.49606453327215,0.284789306942844,6.552894853475495
3640.0,49.86220932006836,254.7684592584166,13.024749504485843,-223.14517129642675,254.7684592584166,223.14517129642675,176.2723955803172,12.739960572859328,-229.69806649263055,78.4960636780994,0.2847889316265162,6.552895196203782
3648.0,49.971988677978516,254.76846044074466,13.024760570606489,-223.1451377220959,254.76846044074466,223.1451377220959,176.27239698153707,12.739971865927659,-229.69803341915303,78.49606345920758,0.2847887046788302,6.55289569705711
3656.0,50.08177185058594,254.76847057886118,13.024758191476327,-223.1451231145361,254.76847057886118,223.1451231145361,176.2724068692104,12.739969759003944,-229.69801972686102,78.49606370965076,0.28478843247238306,6.552896612324936
3664.0,50.19155502319336,254.76848245022325,13.024753928835612,-223.14513657723938,254.76848245022325,223.14513657723938,176.2724180960296,12.739965542795744,-229.69803379634976,78.49606435419363,0.28478838603986745,6.552897219110365
3672.0,50.301334381103516,254.7684897813081,13.024751013242053,-223.14511232134356,254.7684897813081,223.14511232134356,176.27242473139057,12.739963138684743,-229.69801026087694,78.49606504991752,0.2847878745573107,6.552897939533392
3680.0,50.41111755371094,254.76851724069064,13.024760441969942,-223.14515374925935,254.76851724069064,223.14515374925935,176.27245073084453,12.739972744479132,-229.69805226286886,78.4960665098461,0.2847876974908101,6.552898513609493
3688.0,50.52090072631836,254.7685192684358,13.02473746595971,-223.14512852664092,254.7685192684358,223.14512852664092,176.27245179169535,12.739949937535696,-229.69802747336857,78.49606747674045,0.28478752842401356,6.552898946727655
3696.0,50.63068771362305,254.7685382617311,13.02475530994813,-223.14512861604013,254.7685382617311,223.14512861604013,176.27246970293973,12.739968343520559,-229.69802834866795,78.49606855879136,0.28478696642757173,6.552899732627831
3704.0,50.7404670715332,254.7685336441032,13.024756638812534,-223.14510125013626,254.7685336441032,223.14510125013626,176.27246378441296,12.739969429692506,-229.69800154843585,78.49606985969024,0.28478720912002675,6.552900298299603
3712.0,50.850250244140625,254.76853310520127,13.024756366494271,-223.14507956142288,254.76853310520127,223.14507956142288,176.2724618486341,12.739969379896989,-229.69798070597307,78.49607125656718,0.2847869865972825,6.552901144550193
3720.0,50.9599609375,254.7685353595598,13.024769229587637,-223.14506374083533,254.7685353595598,223.14506374083533,176.27246309626102,12.739982540257072,-229.69796502590287,78.49607226329877,0.2847866893305646,6.55290128506754
3728.0,51.06974411010742,254.7685382377304,13.024767746744683,-223.14506208342164,254.7685382377304,223.14506208342164,176.2724649333389,12.73998140310772,-229.6979640878315,78.49607330439152,0.28478634363696287,6.552902004409869
3736.0,51.17952346801758,254.7685460044428,13.024774122702459,-223.1450795185645,254.7685460044428,223.1450795185645,176.27247200554484,12.739987928021549,-229.69798226424075,78.49607399889797,0.2847861946809096,6.55290274567624
3744.0,51.289306640625,254.76853993996713,13.024772214005882,-223.14504214172604,254.76853993996713,223.14504214172604,176.27246530441136,12.739986161357534,-229.69794516074955,78.49607463555579,0.2847860526483479,6.552903019023503
3752.0,51.39908981323242,254.7685396596271,13.024780839193145,-223.1450553979746,254.7685396596271,223.1450553979746,176.27246459619224,12.739994925137063,-229.69795907323584,78.49607506343487,0.2847859140560809,6.552903675261236
3760.0,51.50886917114258,254.7685187036318,13.02479395516935,-223.14500776965318,254.7685187036318,223.14500776965318,176.27244316471706,12.740008302407713,-229.69791179816298,78.49607553891474,0.2847856527616388,6.552904028509797
3768.0,51.61865234375,254.76854184485154,13.024795737893164,-223.1450242517058,254.76854184485154,223.1450242517058,176.27246601204064,12.740010498314458,-229.6979289333228,78.49607583281089,0.28478523957870694,6.55290468161702
3776.0,51.72843551635742,254.7685174668502,13.024802875995489,-223.14498679883778,254.7685174668502,223.14498679883778,176.2724417718851,12.740017515969553,-229.69789165337485,78.4960756949651,0.2847853600259356,6.552904854537074
3784.0,51.83821487426758,254.76850935810842,13.024800201261733,-223.14496042845812,254.76850935810842,223.14496042845812,176.27243335209045,12.740015022855001,-229.6978659703476,78.49607600601797,0.2847851784067328,6.552905541889475
3792.0,51.947998046875,254.76851158207998,13.024804334361619,-223.14496521425949,254.76851158207998,223.14496521425949,176.2724352357646,12.740019438783742,-229.6978711741925,78.49607634631539,0.284784895577876,6.55290595993301
3800.0,52.05778121948242,254.7685127744556,13.024806652666037,-223.144952454299,254.7685127744556,223.144952454299,176.27243624580854,12.740021743135056,-229.69785861876196,78.49607652864705,0.2847849095309809,6.552906164462967
3808.0,52.16756820678711,254.76850078070066,13.024812563874299,-223.14492915786502,254.76850078070066,223.14492915786502,176.27242445249973,12.740027898530055,-229.69783597008905,78.49607632820093,0.2847846653442434,6.552906812224018
3816.0,52.277347564697266,254.7685106172406,13.024826061069323,-223.14492714549948,254.7685106172406,223.14492714549948,176.27243420914738,12.740041820923517,-229.69783439221445,78.49607640809322,0.28478424014580606,6.552907246714962
3824.0,52.38713073730469,254.768508294828,13.024831293173849,-223.14491632833818,254.768508294828,223.14491632833818,176.2724315679015,12.740047379084555,-229.69782375698904,78.49607672692649,0.2847839140892936,6.552907428650842
3832.0,52.49691390991211,254.76851360973598,13.024834858229626,-223.1448983892339,254.76851360973598,223.1448983892339,176.27243669523045,12.74005132821497,-229.69780616815277,78.49607691450552,0.28478353001465706,6.552907778918869
3840.0,52.606693267822266,254.7685015026961,13.024836807691887,-223.1448745607891,254.7685015026961,223.1448745607891,176.2724242920666,12.74005327450305,-229.69778281272016,78.4960772106295,0.2847835331888371,6.552908251931059
3848.0,52.71640396118164,254.76851241920207,13.024844395734304,-223.14487310278923,254.76851241920207,223.14487310278923,176.2724347864388,12.740061275270413,-229.6977817117414,78.49607763276329,0.28478312046389,6.552908608952183
3856.0,52.82618713378906,254.76851686511478,13.0248588810288,-223.1448601541391,254.76851686511478,223.1448601541391,176.2724391060575,12.740075974935102,-229.69776914070232,78.49607775905727,0.28478290609369816,6.552908986563208
3864.0,52.935970306396484,254.768503972386,13.024873798879065,-223.14481883081146,254.768503972386,223.14481883081146,176.27242542973013,12.740090763240795,-229.6977281887385,78.49607854265585,0.2847830356382697,6.552909357927044
3872.0,53.04574966430664,254.7685116071459,13.024880349532038,-223.14483725357147,254.7685116071459,223.14483725357147,176.27243286944002,12.74009791325897,-229.6977470860919,78.49607873770587,0.28478243627306954,6.5529098325204505
3880.0,53.15553283691406,254.76850683337838,13.02488227455937,-223.1448196419714,254.76850683337838,223.1448196419714,176.2724279868712,12.740100298478003,-229.6977297210583,78.49607884650717,0.28478197608136835,6.552910079086905
3888.0,53.265316009521484,254.76851114910284,13.024897717522101,-223.14479980121487,254.76851114910284,223.14479980121487,176.27243212185948,12.74011552762652,-229.6977102727739,78.49607902724334,0.28478218989558224,6.552910471559023
3896.0,53.37509536743164,254.76851821920098,13.0249049847026,-223.1447972164721,254.76851821920098,223.1447972164721,176.27243871175932,12.740123131980447,-229.69770827275025,78.49607950744165,0.2847818527221526,6.5529110562781465
3904.0,53.48487854003906,254.76852404639234,13.024916245902471,-223.1447947036297,254.76852404639234,223.1447947036297,176.2724440872967,12.740134303477182,-229.6977061534186,78.49607995909565,0.2847819424252891,6.552911449788885
3912.0,53.594661712646484,254.76852272670848,13.024925754350576,-223.14477058791874,254.76852272670848,223.14477058791874,176.2724423142154,12.740144205922824,-229.6976821632291,78.49608041249309,0.2847815484277523,6.552911575310352
3920.0,53.70444107055664,254.76851282147703,13.024931762786364,-223.1447235108418,254.76851282147703,223.1447235108418,176.27243219757827,12.74015030419638,-229.69763550215959,78.49608062389878,0.28478145858998394,6.552911991317799
3928.0,53.81422424316406,254.76853107915278,13.024943484932386,-223.14474870709498,254.76853107915278,223.14474870709498,176.2724498353995,12.740162461419562,-229.6976611393341,78.49608124375328,0.2847810235128252,6.5529124322391095
3936.0,53.924007415771484,254.76851426143696,13.024958519801922,-223.14468627328313,254.76851426143696,223.14468627328313,176.27243251363697,12.74017759645385,-229.6975992450801,78.49608174779999,0.28478092334807137,6.552912971796999
3944.0,54.03378677368164,254.76851862799825,13.024961697167672,-223.14468785778882,254.76851862799825,223.14468785778882,176.27243651576777,12.740180976125416,-229.69760122698938,78.49608211223048,0.2847807210422557,6.552913369200555
3952.0,54.14356994628906,254.76853489726463,13.024974190210589,-223.14469830291245,254.76853489726463,223.14469830291245,176.2724528210238,12.740193911942686,-229.69761218619846,78.49608207624084,0.284780278267903,6.552913883286006
3960.0,54.253353118896484,254.7685308519378,13.024987570028093,-223.14465098239933,254.7685308519378,223.14465098239933,176.27244804486426,12.740207359762666,-229.69756495360235,78.49608280707355,0.2847802102654282,6.552913971203029
3968.0,54.36313247680664,254.76851896460906,13.025001249223827,-223.144617885422,254.76851896460906,223.144617885422,176.27243615506222,12.740220786443885,-229.69753214256306,78.49608280954683,0.28478046277994284,6.552914257141055
3976.0,54.47285079956055,254.76852756920812,13.025013538570898,-223.1446226521536,254.76852756920812,223.1446226521536,176.27244385620895,12.74023355252227,-229.69753734489024,78.49608371299918,0.284779986048628,6.55291469273663
3984.0,54.5826301574707,254.76853182142582,13.0250333624465,-223.1446259799614,254.76853182142582,223.1446259799614,176.27244801057304,12.740253543386459,-229.69754075605684,78.49608381085278,0.28477981906004235,6.552914776095449
3992.0,54.692413330078125,254.76851670673466,13.02504042678393,-223.14456166468977,254.76851670673466,223.14456166468977,176.27243253383077,12.74026087839938,-229.69747675992477,78.49608417290389,0.284779548384551,6.552915095234992
4000.0,54.80219650268555,254.76853220195727,13.025058330964121,-223.14456485148338,254.76853220195727,223.14456485148338,176.27244802420364,12.740278791731878,-229.69748028190446,78.49608417775363,0.2847795392322441,6.552915430421078
4008.0,54.9119758605957,254.76854147188303,13.025071310072184,-223.14455868505053,254.76854147188303,223.14455868505053,176.2724571005732,12.74029202405448,-229.69747449348864,78.49608437130982,0.2847792860177041,6.552915808438126
4016.0,55.021759033203125,254.76853257944435,13.025082617358493,-223.14453533817857,254.76853257944435,223.14453533817857,176.27244887314373,12.740303801976022,-229.69745150306636,78.49608370630064,0.28477881538247063,6.552916164887785
4024.0,55.13154220581055,254.76854505953975,13.025095642643695,-223.14453353075305,254.76854505953975,223.14453353075305,176.27246106850637,12.740316499529891,-229.6974498209708,78.49608399103336,0.28477914311380426,6.5529162902177625
4032.0,55.2413215637207,254.76854684781446,13.025104133088343,-223.14449685760124,254.76854684781446,223.14449685760124,176.27246247139468,12.740325456275153,-229.6974133099638,78.49608437641979,0.2847786768131897,6.552916452362561
4040.0,55.351104736328125,254.76853803133065,13.025119697005396,-223.14447494756806,254.76853803133065,223.14447494756806,176.2724536195778,12.740341244939353,-229.697391755551,78.49608441175285,0.284778452066043,6.552916807982939
4048.0,55.46088790893555,254.76854775584803,13.025134432907002,-223.14446523882947,254.76854775584803,223.14446523882947,176.2724626001924,12.740355990696322,-229.6973822089324,78.49608515565562,0.2847784422106798,6.552916970102916
4056.0,55.5706672668457,254.7685511671014,13.025156434420836,-223.14442763915594,254.7685511671014,223.14442763915594,176.2724655463657,12.740378306455717,-229.69734504507858,78.4960856207357,0.2847781279651196,6.552917405922643
4064.0,55.680450439453125,254.76856731958833,13.025170556928085,-223.14442724080368,254.76856731958833,223.14442724080368,176.27248146086666,12.74039242604889,-229.69734482899005,78.49608585872168,0.28477813087919523,6.55291758818637
4072.0,55.79023361206055,254.7685661089894,13.025195753965955,-223.14442583994838,254.7685661089894,223.14442583994838,176.27247970239603,12.740417926044564,-229.697343556656,78.49608640659338,0.28477782792139017,6.552917716707608
4080.0,55.9000129699707,254.76857095699003,13.025204065298773,-223.14439761603145,254.76857095699003,223.14439761603145,176.27248452912698,12.740426211461259,-229.6973156238158,78.49608642786305,0.2847778538375145,6.552918007784353
4088.0,56.009796142578125,254.76857281819738,13.025225310548043,-223.14436775280404,254.76857281819738,223.14436775280404,176.27248626314855,12.740448171504825,-229.69728608836778,78.49608655504883,0.28477713904321833,6.552918335563728
4096.0,56.11957931518555,254.76856559817216,13.025240986708138,-223.1443280588745,254.76856559817216,223.1443280588745,176.27247874375792,12.740463674857356,-229.6972466629583,78.49608685441424,0.2847773118507817,6.5529186040838034
4104.0,56.22927474975586,254.76858018063302,13.025263027851711,-223.14432428012933,254.76858018063302,223.14432428012933,176.27249308130132,12.74048573427999,-229.69724329631333,78.49608709933172,0.2847772935717221,6.552919016184012
4112.0,56.33906936645508,254.76857022153598,13.025273304267564,-223.1442935851338,254.76857022153598,223.1442935851338,176.27248284452233,12.74049640487263,-229.69721284940948,78.49608737701365,0.284776899394934,6.552919264275684
4120.0,56.4488410949707,254.76858479084535,13.025299094376699,-223.14427846692848,254.76858479084535,223.14427846692848,176.27249697817433,12.740522176547445,-229.69719792052487,78.49608781267104,0.2847769178292543,6.552919453596379
4128.0,56.558624267578125,254.76858103755234,13.025310696849166,-223.14424151842502,254.76858103755234,223.14424151842502,176.272492897239,12.740534122994374,-229.6971613057519,78.49608814031332,0.2847765738547916,6.552919787326886
4136.0,56.66839599609375,254.76859096833937,13.0253371414661,-223.14424229268258,254.76859096833937,223.14424229268258,176.27250282505156,12.740560738748538,-229.69716239879705,78.4960881432878,0.28477640271756144,6.552920106114467
4144.0,56.77817916870117,254.76858824837552,13.02535487336656,-223.14419655799182,254.76858824837552,223.14419655799182,176.27249976767516,12.740578686817766,-229.6971169174028,78.49608848070035,0.2847761865487941,6.552920359410982
4152.0,56.8879508972168,254.7685977376481,13.025382702848244,-223.14417596809153,254.7685977376481,223.14417596809153,176.27250898325292,12.740606567734883,-229.6970967701717,78.49608875439517,0.2847761351133622,6.552920802080177
4160.0,56.99773025512695,254.76859924929727,13.025401271206587,-223.14416302352623,254.76859924929727,223.14416302352623,176.27251006193956,12.74062519008535,-229.69708377250615,78.49608918735771,0.2847760811212363,6.552920748979901
4168.0,57.10750198364258,254.768606558023,13.025422941243445,-223.14413802325714,254.768606558023,223.14413802325714,176.27251704832813,12.740647027685291,-229.69705911779943,78.49608950969488,0.2847759135581538,6.552921094542285
4176.0,57.21728515625,254.76861001260482,13.025447611274192,-223.1441167293003,254.76861001260482,223.1441167293003,176.27251987046168,12.740671849629527,-229.69703818006985,78.49609014214315,0.2847757616446662,6.552921450769571
4184.0,57.327056884765625,254.7686103593264,13.025465205742378,-223.1440746611509,254.7686103593264,223.1440746611509,176.27251997741314,12.740689426438188,-229.6969965480642,78.49609038191326,0.2847757793041903,6.552921886913288
4192.0,57.43684005737305,254.76861735675755,13.025486777466023,-223.14406363172577,254.76861735675755,223.14406363172577,176.27252639099427,12.740711109243438,-229.69698562074498,78.49609096576329,0.2847756682225846,6.5529219890192145
4200.0,57.54661178588867,254.76861530508498,13.025510308330064,-223.14401328493847,254.76861530508498,223.14401328493847,176.27252429190884,12.740735063900631,-229.69693542020164,78.49609101317614,0.2847752444294329,6.5529221352631755
4208.0,57.65639114379883,254.76862645278757,13.025535555387151,-223.1440168498551,254.76862645278757,223.1440168498551,176.27253509275286,12.74076031309967,-229.6969391891163,78.49609136003471,0.28477524228748097,6.552922339261215
4216.0,57.76616287231445,254.7686443669119,13.025559485025319,-223.1439995713208,254.7686443669119,223.1439995713208,176.27255257468516,12.740784394887399,-229.69692230647632,78.49609179222674,0.28477509013792,6.552922735155542
4224.0,57.875946044921875,254.76863751575436,13.02559314497474,-223.1439569527676,254.76863751575436,223.1439569527676,176.27254551424255,12.740818176600627,-229.69687958275938,78.49609200151181,0.2847749683741134,6.552922629991756
4232.0,57.985721588134766,254.7686380208504,13.025619972539854,-223.14391393727354,254.7686380208504,223.14391393727354,176.27254598855507,12.740845322654152,-229.69683675708336,78.49609203229532,0.2847746498857018,6.552922819809809
4240.0,58.09550094604492,254.7686362761461,13.02563329977636,-223.1438868182013,254.7686362761461,223.1438868182013,176.27254376529885,12.740858657519945,-229.69680971518258,78.49609251084726,0.28477464225641436,6.5529228969812685
4248.0,58.20527267456055,254.76865310071287,13.025663522649806,-223.14386417158738,254.76865310071287,223.14386417158738,176.27256026243896,12.740889127320893,-229.6967871988999,78.49609283827391,0.2847743953289137,6.552923027312525
4256.0,58.3150520324707,254.7686567069125,13.025698556774147,-223.14383150958267,254.7686567069125,223.14383150958267,176.2725634907062,12.740924606043228,-229.69675492617017,78.4960932162063,0.28477395073091927,6.552923416587492
4264.0,58.42482376098633,254.7686625278895,13.025725751181447,-223.143800533523,254.7686625278895,223.143800533523,176.27256917129472,12.740951765407381,-229.69672400310236,78.49609335659477,0.2847739857740659,6.5529234695793654
4272.0,58.53460693359375,254.7686645823677,13.025745007975509,-223.1437542176121,254.7686645823677,223.1437542176121,176.2725708168787,12.74097126196222,-229.69667812538677,78.49609376548902,0.2847737460132884,6.552923907774664
4280.0,58.64438247680664,254.7686872274829,13.025775098507923,-223.14377644830586,254.7686872274829,223.14377644830586,176.2725931762622,12.741001218649732,-229.69670030932753,78.4960940512207,0.28477387985819114,6.552923861021657
4288.0,58.7541618347168,254.76867497571064,13.025802023639026,-223.14371140014774,254.76867497571064,223.14371140014774,176.27258077073898,12.741028438800019,-229.6966354612637,78.49609420497166,0.28477358483900694,6.552924061115958
4296.0,58.86393737792969,254.7686864257351,13.025828619997696,-223.1436807670531,254.7686864257351,223.1436807670531,176.27259186623365,12.74105549607509,-229.69660514540422,78.49609455950144,0.2847731239226077,6.552924378351121
4304.0,58.97371292114258,254.76865431071653,13.025862046335046,-223.14365468293596,254.76865431071653,223.14365468293596,176.27256035232864,12.741088997289747,-229.6965788698679,78.49609395838789,0.284773049045298,6.552924186931927
4312.0,59.083492279052734,254.76854984594632,13.025864891187055,-223.14356833721274,254.76854984594632,223.14356833721274,176.2724615044433,12.741091891072017,-229.69649118192277,78.49608834150303,0.28477300011503726,6.5529228447100385
4320.0,59.193267822265625,254.76855663440858,13.025854309617031,-223.14360223394064,254.76855663440858,223.14360223394064,176.2724728188052,12.741081394744581,-229.6965238746565,78.49608381560338,0.2847729148724496,6.5529216407158595
4328.0,59.30305099487305,254.76856374608758,13.025856304090482,-223.14359823741324,254.76856374608758,223.14359823741324,176.27248208732317,12.74108393181274,-229.6965191262167,78.49608165876441,0.2847723722777413,6.552920888803468
4336.0,59.41282272338867,254.76858725241615,13.025864642017062,-223.1435783225949,254.76858725241615,223.1435783225949,176.27250575626232,12.741092309617155,-229.6964994723487,78.49608149615383,0.28477233239990785,6.552921149753816
4344.0,59.52260208129883,254.76862170419247,13.025882962488222,-223.14360779654962,254.76862170419247,223.14360779654962,176.2725394586759,12.741110738314148,-229.69652902965856,78.49608224551656,0.28477222417407244,6.552921233108947
4352.0,59.63237380981445,254.76862974685514,13.025902622628784,-223.1435631396739,254.76862974685514,223.1435631396739,176.27254625298426,12.74113085504547,-229.69648480804452,78.49608349387087,0.2847717675833148,6.552921668370628
4360.0,59.742156982421875,254.76866516569544,13.025918266383785,-223.14356770345438,254.76866516569544,223.14356770345438,176.27258020878082,12.741146506393527,-229.69649006706624,78.49608495691461,0.28477175999025883,6.552922363611858
4368.0,59.85194778442383,254.7686778151703,13.025940273604276,-223.14352937012845,254.7686778151703,223.14352937012845,176.27259164612047,12.741168877193326,-229.69645210407683,78.49608616904983,0.28477139641094906,6.552922733948375
4376.0,59.961727142333984,254.76869874201353,13.025954134921554,-223.14352895358368,254.76869874201353,223.14352895358368,176.27261084862369,12.741182698430631,-229.69645266446594,78.49608789338984,0.2847714364909226,6.552923710882263
4384.0,60.071502685546875,254.76871520669266,13.025986719060711,-223.14351270046836,254.76871520669266,223.14351270046836,176.2726251844024,12.74121516864016,-229.69643659858428,78.49609002229028,0.28477155042055147,6.5529238981159255
4392.0,60.1812858581543,254.7687225900385,13.025995163704396,-223.14349470463378,254.7687225900385,223.14349470463378,176.2726307740506,12.741223691562983,-229.6964190076407,78.49609181598788,0.2847714721414132,6.552924303006931
4400.0,60.29105758666992,254.76874609204702,13.026022716406176,-223.1434970613329,254.76874609204702,223.1434970613329,176.2726527066967,12.74125165302427,-229.6964215152372,78.49609338535032,0.2847710633819065,6.552924453904291
4408.0,60.40083694458008,254.76874666172247,13.026048411849334,-223.14347794321887,254.76874666172247,223.14347794321887,176.27265180408872,12.741277527739262,-229.6964028954062,78.49609485763375,0.28477088411007223,6.552924952187329
4416.0,60.5106086730957,254.76875659996062,13.026057569028014,-223.14343631216533,254.76875659996062,223.14343631216533,176.27266088692886,12.741286860341733,-229.69636153196842,78.49609571303178,0.2847707086862816,6.55292521980309
4424.0,60.620391845703125,254.76874509159612,13.026089372146982,-223.14339822255678,254.76874509159612,223.14339822255678,176.27264858101645,12.74131892365374,-229.696324015803,78.49609651057966,0.28477044849324296,6.552925793246198
4432.0,60.73016357421875,254.76876249484417,13.026113348101076,-223.14339725335935,254.76876249484417,223.14339725335935,176.27266527668456,12.741342794799365,-229.6963232783529,78.4960972181596,0.2847705533017102,6.552926024993563
4440.0,60.83994674682617,254.76875517061129,13.026132526942478,-223.14336593796963,254.76875517061129,223.14336593796963,176.27265696804483,12.74136222292502,-229.6962924338527,78.49609820256646,0.28477030401745784,6.5529264958830655
4448.0,60.9497184753418,254.7687701939562,13.026159529612306,-223.14332815412104,254.7687701939562,223.14332815412104,176.27267146574474,12.741389258762055,-229.69625485206168,78.49609872821145,0.2847702708502502,6.552926697940654
4456.0,61.05949783325195,254.7686837059166,13.026166411058815,-223.14329098737397,254.7686837059166,223.14329098737397,176.2725873269405,12.741396205272888,-229.69621693432916,78.4960963789761,0.2847702057859274,6.552925946955185
4464.0,61.16927719116211,254.76856371829464,13.026133998873284,-223.14324687389023,254.76856371829464,223.14324687389023,176.2724758411467,12.741363818518309,-229.69617057300283,78.49608787714794,0.28477018035497537,6.552923699112604
4472.0,61.279052734375,254.76855800644068,13.026112691105325,-223.1432806647357,254.76855800644068,223.1432806647357,176.27247618139654,12.741342375659016,-229.69620337555898,78.49608182504414,0.28477031544630904,6.552922710823269
4480.0,61.38882827758789,254.7685712389257,13.026094620929587,-223.14329181697212,254.7685712389257,223.14329181697212,176.27249149500017,12.741324740731827,-229.69621355192626,78.49607974392552,0.2847698801977607,6.552921734954148
4488.0,61.49860763549805,254.7685996457788,13.026096522710395,-223.14334724950479,254.7685996457788,223.14334724950479,176.27252088171963,12.7413267407121,-229.69626913660235,78.49607876405918,0.28476978199829395,6.552921887097575
4496.0,61.60838317871094,254.76860511093608,13.026080330400475,-223.14332256138712,254.76860511093608,223.14332256138712,176.2725263993953,12.741310686807527,-229.69624492568417,78.49607871154078,0.2847696435929481,6.552922364297046
4504.0,61.71815872192383,254.76863447838036,13.026083152607157,-223.14334835218008,254.76863447838036,223.14334835218008,176.2725544746447,12.741313735836728,-229.69627082824832,78.49608000373567,0.2847694167704278,6.55292247606824
4512.0,61.827938079833984,254.7686635438718,13.026082091325344,-223.14336128116048,254.7686635438718,223.14336128116048,176.2725817689493,12.741312560832327,-229.69628444074243,78.49608177492252,0.2847695304930169,6.552923159581955
4520.0,61.937713623046875,254.76869897523807,13.026085016475427,-223.14334159608734,254.76869897523807,223.14334159608734,176.27261410823405,12.741315903445738,-229.6962651757808,78.49608486700401,0.2847691130296903,6.55292357969348
4528.0,62.0474967956543,254.7687538428593,13.026101303211561,-223.1433886944481,254.7687538428593,223.1433886944481,176.2726648573548,12.7413324298589,-229.69631315062878,78.49608898550449,0.28476887335266055,6.552924456180684
4536.0,62.15726852416992,254.76877642743418,13.02611133525145,-223.14337802032045,254.76877642743418,223.14337802032045,176.27268346842774,12.74134233592581,-229.696303287671,78.49609295900643,0.28476899932564015,6.552925267350532
4544.0,62.26704788208008,254.76880922491546,13.026125514103907,-223.1433964655641,254.76880922491546,223.1433964655641,176.2727123294014,12.741356554725073,-229.69632235470263,78.49609689551404,0.28476895937883295,6.552925889138522
4552.0,62.3768196105957,254.76880578516662,13.026129761903263,-223.14337484882128,254.76880578516662,223.14337484882128,176.27270611347086,12.741361116794604,-229.69630165797372,78.49609967169576,0.2847686451086604,6.552926809152428
4560.0,62.486602783203125,254.76880684205636,13.026133716305266,-223.14336864466742,254.76880684205636,223.14336864466742,176.27270499553362,12.741364903328119,-229.69629583001654,78.49610184652275,0.2847688129771462,6.55292718534911
4568.0,62.59637451171875,254.76878710808236,13.02614637231236,-223.1433292802894,254.76878710808236,223.1433292802894,176.27268441077948,12.741377841462098,-229.69625634013192,78.49610269730289,0.2847685308502612,6.552927059842523
4576.0,62.70615768432617,254.76878813476128,13.026148006311573,-223.14332103187238,254.76878813476128,223.14332103187238,176.27268452088347,12.741379636695036,-229.69624877423752,78.49610361387782,0.2847683696165362,6.552927742365142
4584.0,62.8159294128418,254.76878041897692,13.026163912803508,-223.1433088795283,254.76878041897692,223.1433088795283,176.27267632366411,12.741395349872542,-229.69623654918945,78.49610409531279,0.2847685629309651,6.552927669661147
4592.0,62.92570877075195,254.7687744601144,13.026167450091803,-223.1432974682626,254.7687744601144,223.1432974682626,176.27267053630845,12.741399144001132,-229.69622539719268,78.49610392380593,0.2847683060906707,6.552927928930078
4600.0,63.03548049926758,254.7687547754047,13.026173976720823,-223.1432701212315,254.7687547754047,223.1432701212315,176.272650833997,12.74140558714343,-229.69619810419607,78.49610394140768,0.2847683895773936,6.552927982964571
4608.0,63.145263671875,254.76876049467157,13.026177028240545,-223.14328444301418,254.76876049467157,223.14328444301418,176.27265672279,12.741408722472254,-229.69621251138014,78.49610377188156,0.2847683057682908,6.552928068365953
4616.0,63.25503921508789,254.76876128777565,13.026185707569491,-223.1432844590908,254.76876128777565,223.1432844590908,176.27265800755734,12.741417846094162,-229.69621262588552,78.4961032802183,0.28476786147532884,6.552928166794719
4624.0,63.364837646484375,254.76867765151403,13.026192588195089,-223.14323321033035,254.76867765151403,223.14323321033035,176.27257623041015,12.741424619831527,-229.69616106542267,78.49610142110387,0.28476796836356266,6.552927855092326
4632.0,63.474613189697266,254.76866920538907,13.026167097837691,-223.1432548324519,254.76866920538907,223.1432548324519,176.272573286025,12.741399323073363,-229.6961811388128,78.49609591936408,0.2847677747643278,6.5529263063609005
4640.0,63.58439254760742,254.7687313271769,13.026173462687524,-223.1432571909634,254.7687313271769,223.1432571909634,176.27263525544726,12.741405869317404,-229.69618365399884,78.49609607172965,0.2847675933701197,6.552926463035458
4648.0,63.69416809082031,254.7687926759611,13.026199270401257,-223.14327823025513,254.7687926759611,223.14327823025513,176.2726929792217,12.741431656294463,-229.6962057689504,78.49609969673942,0.2847676141067952,6.552927538695248
4656.0,63.8039436340332,254.76880569328566,13.026216596708807,-223.1432436786041,254.76880569328566,223.1432436786041,176.27270293245718,12.741449309344867,-229.69617168685352,78.49610276082848,0.28476728736393975,6.552928008249404
4664.0,63.91372299194336,254.76882189784612,13.026244240067388,-223.14321972491655,254.76882189784612,223.14321972491655,176.27271647140296,12.741476850313838,-229.69614865147264,78.49610542644315,0.28476738975355076,6.55292892655609
4672.0,64.02349853515625,254.76884334984953,13.026265075157676,-223.14322663718812,254.76884334984953,223.14322663718812,176.27273583526144,12.741497835815018,-229.69615575187387,78.49610751458809,0.2847672393426577,6.5529291146857584
4680.0,64.1332778930664,254.76884242293718,13.026284455679761,-223.14318846736833,254.76884242293718,223.14318846736833,176.27273325301758,12.741517395734355,-229.69611813938897,78.4961091699196,0.28476705994540463,6.552929672020641
4688.0,64.24304962158203,254.76885288474585,13.026305847616927,-223.14318034518485,254.76885288474585,223.14318034518485,176.27274166351523,12.741538870368434,-229.6961103692703,78.49611122123063,0.2847669772484931,6.552930024085436
4696.0,64.35282897949219,254.7688771257024,13.02631623482812,-223.14319320647104,254.7688771257024,223.14319320647104,176.27276508530872,12.741549451156036,-229.696123415248,78.49611204039368,0.28476678367208397,6.552930208776951
4704.0,64.46260833740234,254.7688691256172,13.02635009962464,-223.14314252565705,254.7688691256172,223.14314252565705,176.2727558340543,12.741583170529596,-229.69607304725324,78.49611329156289,0.284766929095043,6.552930521596192
4712.0,64.57238006591797,254.76889038332848,13.02637385179293,-223.1431507237083,254.76889038332848,223.1431507237083,176.2727757848494,12.74160698535556,-229.69608147398247,78.4961145984791,0.2847668664373715,6.5529307502741965
4720.0,64.68215942382812,254.7688802734259,13.026394685011068,-223.14309166048116,254.7688802734259,223.14309166048116,176.27276495094299,12.741628114198049,-229.69602234541316,78.49611532248294,0.2847665708130189,6.552930684931992
4728.0,64.79193878173828,254.76888077000305,13.026421866862131,-223.14306470454676,254.76888077000305,223.14306470454676,176.27276539894055,12.741655246532698,-229.6959957724688,78.4961153710625,0.2847666203294339,6.552931067922022
4736.0,64.9017105102539,254.76889344892362,13.026441176620741,-223.1430642623743,254.76889344892362,223.1430642623743,176.27277759398,12.74167468092477,-229.69599513479292,78.49611585494361,0.2847664956959708,6.55293087241861
4744.0,65.01148986816406,254.76887484906968,13.026458803921154,-223.14299088771554,254.76887484906968,223.14299088771554,176.2727588404336,12.741692268102863,-229.6959219177236,78.4961160086361,0.28476653581829003,6.552931030008079
4752.0,65.12126922607422,254.76861823736732,13.02645097317058,-223.142917563891,254.76861823736732,223.142917563891,176.27251060983008,12.741684459657868,-229.69584684011693,78.49610762753723,0.28476651351271176,6.552929276225925
4760.0,65.23104095458984,254.76851084546968,13.026367426929907,-223.14291278780118,254.76851084546968,223.14291278780118,176.2724230251389,12.741600799149213,-229.69583812107726,78.49608782033079,0.28476662778069484,6.5529253332760895
4768.0,65.3408203125,254.76857665509345,13.026307053930323,-223.14304426848028,254.76857665509345,223.14304426848028,176.27249631394406,12.74154052536389,-229.69596784642715,78.49608034114938,0.2847665285664327,6.552923577946881
4776.0,65.45059967041016,254.7686181925364,13.026285260794717,-223.14311907627717,254.7686181925364,223.14311907627717,176.27253869635365,12.741519078730484,-229.69604192618476,78.49607949618273,0.2847661820642329,6.552922849907576
4784.0,65.56037139892578,254.76863578997538,13.026262018793943,-223.14312758309282,254.76863578997538,223.14312758309282,176.27255514586452,12.74149570875827,-229.6960509789671,78.49608064411086,0.284766310035673,6.552923395874264
4792.0,65.67015075683594,254.7686621037495,13.026245478709944,-223.14316185149747,254.7686621037495,223.14316185149747,176.27257948234296,12.741479316609833,-229.69608575837998,78.49608262140654,0.28476616210011096,6.552923906882512
4800.0,65.7799301147461,254.76872015252633,13.026220130002953,-223.1432341029733,254.76872015252633,223.1432341029733,176.27263413898328,12.741454101704427,-229.69615857964067,78.49608601354304,0.28476602829852604,6.552924476667368
4808.0,65.88970184326172,254.768742486779,13.026184346347724,-223.1432598822814,254.768742486779,223.1432598822814,176.2726527305777,12.74141860894188,-229.69618524335613,78.49608975620129,0.28476573740584454,6.552925361074715
4816.0,65.9994888305664,254.7687596668564,13.026157769776875,-223.14327561115923,254.7687596668564,223.14327561115923,176.27266574511793,12.741392227661592,-229.69620198894472,78.49609392173848,0.28476554211528216,6.552926377785486
4824.0,66.10926055908203,254.7687761624946,13.026135839959483,-223.1433096661247,254.7687761624946,223.1433096661247,176.27267815718199,12.74137006012516,-229.69623680540724,78.49609800531259,0.28476577983432305,6.552927139282525
4832.0,66.21903991699219,254.76878627194012,13.026101244147593,-223.14335324416655,254.76878627194012,223.14335324416655,176.27268477726992,12.741335513975898,-229.69628085889607,78.4961014946702,0.28476573017169615,6.552927614729516
4840.0,66.32881164550781,254.76877649887834,13.026075820176738,-223.14336643916354,254.76877649887834,223.14336643916354,176.27267222582776,12.741310226712116,-229.69629492770164,78.49610427305058,0.28476559346462116,6.55292848853811
4848.0,66.43859100341797,254.76877338791707,13.02604780605526,-223.14339016339548,254.76877338791707,223.14339016339548,176.2726672854779,12.741282403120284,-229.69631926500415,78.49610610243916,0.2847654029349753,6.552929101608658
4856.0,66.54837036132812,254.76876937998617,13.0260122877993,-223.14341864621633,254.76876937998617,223.14341864621633,176.27266217021094,12.741246886351682,-229.6963476723303,78.49610720977522,0.28476540144761797,6.552929026113944
4864.0,66.65814971923828,254.76875268634092,13.025984418751904,-223.1434597016242,254.76875268634092,223.1434597016242,176.27264493620004,12.741219272890525,-229.69638897722044,78.49610775014088,0.28476514586137736,6.552929275596217
4872.0,66.7679214477539,254.768727473137,13.02595698229123,-223.14344275783174,254.768727473137,223.14344275783174,176.27261942100614,12.741191882848167,-229.69637206794613,78.49610805213085,0.28476509944306416,6.552929310114399
4880.0,66.87771606445312,254.76872824548963,13.025925329698602,-223.1434988874932,254.76872824548963,223.1434988874932,176.27262027597044,12.741160166134527,-229.6964285741576,78.4961079695192,0.2847651635640749,6.552929686664424
4888.0,66.98749542236328,254.7686981328199,13.025892538257478,-223.14352358420976,254.7686981328199,223.14352358420976,176.2725901842899,12.74112748739253,-229.69645325694304,78.49610794853001,0.2847650508649484,6.5529296727332715
4896.0,67.0972671508789,254.76869646597277,13.025868365892322,-223.14356263759686,254.76869646597277,223.14356263759686,176.27258913631618,12.741103407131103,-229.69649243097555,78.49610732965657,0.28476495876121977,6.552929793378699
4904.0,67.2070541381836,254.76867242382866,13.025825656385104,-223.14356328085836,254.76867242382866,223.14356328085836,176.2725652903461,12.74106085743222,-229.69649300502425,78.49610713348254,0.284764798952883,6.552929724165896
4912.0,67.31682586669922,254.76864845054678,13.025797197788956,-223.1435758001732,254.76864845054678,223.1435758001732,176.27254185930323,12.741032387093469,-229.69650568305508,78.49610659124355,0.2847648106954863,6.552929882881873
4920.0,67.42660522460938,254.7686529532395,13.025773590263743,-223.1436297826966,254.7686529532395,223.1436297826966,176.27254690401583,12.7410086674459,-229.6965594545926,78.49610604922367,0.28476492281784305,6.552929671896019
4928.0,67.53638458251953,254.76865894704636,13.025735578413956,-223.143675486789,254.76865894704636,223.143675486789,176.27255341909984,12.74097093416038,-229.69660518529622,78.49610552794653,0.2847646442535763,6.552929698507242
4936.0,67.64615631103516,254.76863399860676,13.02571012418113,-223.1436822929506,254.76863399860676,223.1436822929506,176.27252886412154,12.740945409510182,-229.69661208237056,78.49610513448522,0.2847647146709469,6.552929789419991
4944.0,67.75594329833984,254.76862752750037,13.025681646325795,-223.14370807858813,254.76862752750037,223.14370807858813,176.2725219455731,12.74091707423214,-229.69663816009935,78.49610558192728,0.2847645720936547,6.55293008151121
4952.0,67.86571502685547,254.76862234885937,13.025653432268566,-223.1437259937589,254.76862234885937,223.1437259937589,176.2725169541675,12.740889085481353,-229.6966562425621,78.49610539469187,0.2847643467872132,6.552930248803224
4960.0,67.97549438476562,254.76862832489954,13.025622030988625,-223.14377972412683,254.76862832489954,223.14377972412683,176.27252291948167,12.740857728581899,-229.6967099551245,78.49610540541786,0.2847643024067259,6.552930230997669
4968.0,68.08526611328125,254.76862557318378,13.025591780560376,-223.143822877388,254.76862557318378,223.143822877388,176.27252027891632,12.74082746973319,-229.6967533611555,78.49610529426747,0.28476431082718534,6.552930483767484
4976.0,68.1950454711914,254.7686211828547,13.025564512290517,-223.14385786664516,254.7686211828547,223.14385786664516,176.27251588882785,12.740800178018404,-229.696788363048,78.49610529402685,0.2847643342721131,6.552930496402828
4984.0,68.30481719970703,254.76861847717316,13.02552802506214,-223.1438775476194,254.76861847717316,223.1438775476194,176.2725130244972,12.740763656977622,-229.69680817790058,78.49610545267598,0.284764368084518,6.552930630281179
4992.0,68.41460418701172,254.76858222019928,13.025498758259188,-223.14385048141008,254.76858222019928,223.14385048141008,176.27247656195985,12.74073436592808,-229.69678143911062,78.49610565823943,0.28476439233110673,6.552930957700549
5000.0,68.52437591552734,254.76859757103605,13.025466480778798,-223.14392226097695,254.76859757103605,223.14392226097695,176.27249205945816,12.740702264691624,-229.6968532484391,78.4961055115779,0.2847642160871744,6.552930987462175
5008.0,68.6341552734375,254.768587095707,13.025441714810832,-223.14392314048177,254.768587095707,223.14392314048177,176.27248130879255,12.740677478616268,-229.6968540183841,78.49610578691446,0.28476423619456304,6.552930877902335
5016.0,68.74392700195312,254.7685762465136,13.025413925135288,-223.14394821913277,254.7685762465136,223.14394821913277,176.27247054665384,12.740649835060506,-229.69687954619468,78.49610569985975,0.28476409007478276,6.552931327061925
5024.0,68.85370635986328,254.76856928041857,13.02537790477429,-223.1439813337285,254.76856928041857,223.1439813337285,176.27246348718342,12.740614133997974,-229.69691275934176,78.49610579323516,0.2847637707763151,6.552931425613252
5032.0,68.9634780883789,254.76855971187777,13.02535527789317,-223.14398487897813,254.76855971187777,223.14398487897813,176.27245346017668,12.740591574697103,-229.69691623094113,78.4961062517011,0.28476370319606703,6.552931351963004
5040.0,69.0732650756836,254.7685730404076,13.02532792785287,-223.14404668051446,254.7685730404076,223.14404668051446,176.2724664379101,12.740563996577034,-229.69697796282355,78.49610660249749,0.28476393127583677,6.5529312823091
5048.0,69.18303680419922,254.76857322740884,13.025306309601008,-223.14406864147233,254.76857322740884,223.14406864147233,176.27246622120538,12.740542499498787,-229.69699999550275,78.49610700620346,0.28476381010222207,6.552931354030427
5056.0,69.29281616210938,254.7685628226443,13.025261727952618,-223.14409495547608,254.7685628226443,223.14409495547608,176.27245541822475,12.740498337254138,-229.69702666832978,78.49610740441955,0.2847633906984801,6.552931712853702
5064.0,69.402587890625,254.7685585639236,13.025248153042014,-223.14411580417686,254.7685585639236,223.14411580417686,176.27245104545685,12.740484720693278,-229.69704762321817,78.49610751846674,0.28476343234873713,6.552931819041293
5072.0,69.51236724853516,254.76854981805894,13.025215889435216,-223.14413559371724,254.76854981805894,223.14413559371724,176.27244248880265,12.74045243336693,-229.69706747344355,78.4961073292563,0.2847634560682879,6.552931879726321
5080.0,69.62213897705078,254.7685597463539,13.025186060094834,-223.1441825608833,254.7685597463539,223.1441825608833,176.27245208086947,12.740423027796318,-229.69711467688538,78.49610766548444,0.28476303229851574,6.55293211600206
5088.0,69.73192596435547,254.76853891126183,13.025168360260269,-223.14419728286452,254.76853891126183,223.14419728286452,176.27243095790624,12.740404979379527,-229.69712928014698,78.49610795335558,0.2847633808807424,6.552931997282459
5096.0,69.8416976928711,254.76853117016515,13.025127364240351,-223.14421290103263,254.76853117016515,223.14421290103263,176.27242327193972,12.740364129533283,-229.6971452634001,78.49610789822543,0.284763234707067,6.552932362367465
5104.0,69.95147705078125,254.76853627697585,13.025111647997317,-223.14424923450176,254.76853627697585,223.14424923450176,176.2724279297402,12.740348820014713,-229.6971814311094,78.49610834723566,0.2847628279826031,6.552932196607664
5112.0,70.0612564086914,254.76860741521125,13.025089640816354,-223.14431214265758,254.76860741521125,223.14431214265758,176.2724977203888,12.74032660796847,-229.69724481144098,78.49610969482245,0.2847630328478852,6.552932668783394
5120.0,70.17102813720703,254.76878231864762,13.025114388218064,-223.14439677356006,254.76878231864762,223.14439677356006,176.27266096559205,12.740351664938357,-229.6973309369895,78.49612135305557,0.28476272327970786,6.552934163429434
5128.0,70.28080749511719,254.76876343607972,13.025145384300274,-223.14437410534686,254.76876343607972,223.14437410534686,176.27263278410993,12.740382891820934,-229.6973096376596,78.49613065196979,0.28476249247933927,6.552935532312744
5136.0,70.3906021118164,254.7686774882861,13.02514408845503,-223.14432904041627,254.7686774882861,223.14432904041627,176.27254595832662,12.740381491470863,-229.69726461459433,78.49613152995948,0.2847625969841663,6.55293557417807
5144.0,70.50037384033203,254.7686857118176,13.025128143689352,-223.14434637208416,254.7686857118176,223.14434637208416,176.27255423064088,12.740365747805733,-229.69728203237983,78.49613148117672,0.2847623958836203,6.552935660295686
5152.0,70.61016082763672,254.76869974327082,13.025135717034578,-223.14433068178832,254.76869974327082,223.14433068178832,176.27256711176005,12.740373354975453,-229.6972665320561,78.49613263151076,0.2847623620591242,6.552935850267766
5160.0,70.71993255615234,254.76871393120356,13.025147681966615,-223.14432393217305,254.76871393120356,223.14432393217305,176.272580120221,12.740385277315605,-229.69726018049226,78.49613381098257,0.28476240465101066,6.552936248319219
5168.0,70.8297119140625,254.76869728887914,13.025156478693269,-223.14428905123285,254.76869728887914,223.14428905123285,176.2725624833978,12.740393943971391,-229.69722583100645,78.49613480548135,0.2847625347218776,6.5529367797735905
5176.0,70.93948364257812,254.7686986600494,13.025172787256846,-223.14430036320724,254.7686986600494,223.14430036320724,176.2725632460574,12.740410784892083,-229.6972369586287,78.49613541399202,0.28476200236476235,6.55293659542148
5184.0,71.04926300048828,254.76869015583603,13.02518699370351,-223.14425656452892,254.76869015583603,223.14425656452892,176.27255508248874,12.740424730833162,-229.69719351368786,78.49613507334729,0.2847622628703488,6.552936949158958
5192.0,71.1590347290039,254.76869184409952,13.025197519815144,-223.14425729873494,254.76869184409952,223.14425729873494,176.2725565913822,12.740435461097182,-229.69719401529375,78.49613525271732,0.28476205871796356,6.552936716558795
5200.0,71.2688217163086,254.76868817339783,13.025226006280091,-223.14423869487123,254.76868817339783,223.14423869487123,176.27255307282053,12.740463834283307,-229.69717546329983,78.49613510057732,0.2847621719967841,6.552936768428595
5208.0,71.37859344482422,254.7686785527741,13.025239819946185,-223.1441915349073,254.7686785527741,223.1441915349073,176.27254357757414,12.740477789193765,-229.6971284492858,78.49613497519996,0.28476203075241946,6.55293691437852
5216.0,71.48837280273438,254.76868417472744,13.02526255962979,-223.1441650797046,254.76868417472744,223.1441650797046,176.2725493796863,12.740500403938627,-229.69710221205784,78.49613479504114,0.28476215569116237,6.552937132353236
5224.0,71.59815216064453,254.76869042740046,13.025279269411271,-223.14417697046733,254.76869042740046,223.14417697046733,176.27255566044957,12.740517398790104,-229.69711390228622,78.49613476695089,0.2847618706211672,6.552936931818893
5232.0,71.70792388916016,254.76868944265075,13.02530034722055,-223.14415036059336,254.76868944265075,223.14415036059336,176.2725547356074,12.740538550698687,-229.69708723014057,78.49613470704335,0.28476179652186273,6.552936869547198
5240.0,71.81770324707031,254.76869297622267,13.025325084411794,-223.14413180389863,254.76869297622267,223.14413180389863,176.27255834056743,12.740563221343308,-229.69706891014766,78.49613463565524,0.28476186306848517,6.5529371062490345
5248.0,71.92748260498047,254.76868755856577,13.02533956851351,-223.14410560479445,254.76868755856577,223.14410560479445,176.27255300910144,12.740577777030206,-229.6970430627418,78.49613454946433,0.2847617914833056,6.552937457947363
5256.0,72.0372543334961,254.7686952880977,13.025368810157408,-223.14406650286222,254.7686952880977,223.14406650286222,176.27256060804598,12.740607022520205,-229.69700357005343,78.49613468005171,0.2847617876372035,6.552937067191198
5264.0,72.14703369140625,254.76870225825246,13.025383588821166,-223.1440495347411,254.76870225825246,223.1440495347411,176.272567571796,12.74062191972714,-229.69698671941728,78.49613468645646,0.284761669094026,6.552937184676184
5272.0,72.2568130493164,254.76870447207153,13.025407668140069,-223.14403026693014,254.76870447207153,223.14403026693014,176.27256948313902,12.740645973500104,-229.69696740269256,78.4961349889325,0.2847616946399647,6.552937135762406
5280.0,72.36658477783203,254.76872436517462,13.02543554518829,-223.1440004697036,254.76872436517462,223.1440004697036,176.27258905090142,12.740673986594196,-229.6969375547268,78.4961353142732,0.2847615585940959,6.5529370850232
5288.0,72.47637176513672,254.76873310308605,13.025456289755649,-223.1439878708129,254.76873310308605,223.1439878708129,176.27259753688702,12.740694654619084,-229.6969252237922,78.49613556619902,0.28476163513656516,6.552937352979296
5296.0,72.58614349365234,254.76873924072385,13.025480896076457,-223.14396441441718,254.76873924072385,223.14396441441718,176.2726035854448,12.74071932160594,-229.69690174310892,78.49613565527902,0.28476157447051653,6.552937328691748
5304.0,72.6959228515625,254.76874454643462,13.025518318306165,-223.1439404412098,254.76874454643462,223.1439404412098,176.27260804685392,12.740756713189189,-229.6968777485726,78.49613649958071,0.28476160511697746,6.552937307362804
5312.0,72.80569458007812,254.76875230578193,13.025545822189706,-223.1439121292061,254.76875230578193,223.1439121292061,176.27261574613397,12.740784472588773,-229.69684983546745,78.49613655964797,0.28476134960093313,6.552937706261348
5320.0,72.91547393798828,254.76871862150279,13.025558712051675,-223.14388544960184,254.76871862150279,223.14388544960184,176.27258309052925,12.74079756263292,-229.69682276779457,78.49613553097355,0.28476114941875386,6.5529373181927415
5328.0,73.0252456665039,254.76867104567924,13.025575038160499,-223.143835925075,254.76867104567924,223.143835925075,176.27253837968135,12.740813792944849,-229.69677263520668,78.49613266599789,0.28476124521565005,6.552936710131688
5336.0,73.1350326538086,254.76865774691805,13.025574441212816,-223.14382118319807,254.76865774691805,223.14382118319807,176.27252751033407,12.740813283782884,-229.6967572260757,78.49613023658397,0.28476115742993224,6.552936042877634
5344.0,73.24480438232422,254.76864513704146,13.025585445667053,-223.14380953076116,254.76864513704146,223.14380953076116,176.2725168743772,12.740824346091939,-229.69674526534538,78.49612826266426,0.284761099575114,6.552935734584228
5352.0,73.35458374023438,254.76864767249873,13.02560412029669,-223.14380616652974,254.76864767249873,223.14380616652974,176.27252039801596,12.740842998687711,-229.6967416585649,78.49612727448277,0.2847611216089785,6.5529354920351395
5360.0,73.46435546875,254.76867225534627,13.025614437766155,-223.14382256157262,254.76867225534627,223.14382256157262,176.2725461190285,12.740853264768774,-229.69675751898825,78.49612613631777,0.28476117299738135,6.552934957415628
5368.0,73.57413482666016,254.7686737599225,13.02563191204903,-223.14380197146147,254.7686737599225,223.14380197146147,176.2725480632108,12.74087074253806,-229.6967370144179,78.49612569671172,0.28476116951096975,6.552935042956433
5376.0,73.68390655517578,254.76867093778776,13.025640530119485,-223.14376238592433,254.76867093778776,223.14376238592433,176.27254549422167,12.740879574763664,-229.69669708804108,78.49612544356609,0.28476095535582147,6.552934702116735
5384.0,73.79369354248047,254.76866999437556,13.025659835775688,-223.1437502095234,254.76866999437556,223.1437502095234,176.27254470090946,12.740898823997053,-229.69668513135576,78.49612529346608,0.284761011778635,6.552934921832364
5392.0,73.90348815917969,254.76865247677176,13.025667671925198,-223.14373763451556,254.76865247677176,223.14373763451556,176.2725278274888,12.740906686560445,-229.69667260275244,78.49612464928295,0.28476098536475414,6.552934968236897
5400.0,74.01326751708984,254.76853481669394,13.025649011247094,-223.14368922567218,254.76853481669394,223.14368922567218,176.27241645999217,12.740887957563539,-229.6966229868688,78.49611835670179,0.2847610536835554,6.552933761196613
5408.0,74.123046875,254.76849248241268,13.025611339548043,-223.14368066907147,254.76849248241268,223.14368066907147,176.27238197505093,12.74085049872657,-229.69661268932947,78.49611050736176,0.28476084082147324,6.552932020257991
5416.0,74.23281860351562,254.76852380329848,13.02559302604926,-223.14375211563166,254.76852380329848,223.14375211563166,176.27241757909326,12.740832266010685,-229.6966836403354,78.49610622420523,0.2847607600385742,6.552931524703746
5424.0,74.34259796142578,254.7685417264014,13.025588017941235,-223.1437600470057,254.7685417264014,223.1437600470057,176.27243608600514,12.740827119347912,-229.69669115342964,78.49610564039624,0.2847608985933223,6.552931106423914
5432.0,74.4523696899414,254.7685647438544,13.0255749661262,-223.14377330434607,254.7685647438544,223.14377330434607,176.27245843218918,12.740814369908733,-229.69670492185656,78.49610631166522,0.2847605962174664,6.552931617510488
5440.0,74.5621566772461,254.7685922841721,13.025574874296506,-223.14378396282433,254.7685922841721,223.14378396282433,176.27248457215686,12.740814141297294,-229.6967156710606,78.49610771201525,0.2847607329992119,6.55293170823627
5448.0,74.67192840576172,254.76862626066603,13.025565707402212,-223.143815915829,254.76862626066603,223.143815915829,176.2725166520512,12.74080536889615,-229.69674809204992,78.49610960861483,0.2847603385060622,6.552932176220909
5456.0,74.78170776367188,254.76864560101058,13.025565938313505,-223.14384160511347,254.76864560101058,223.14384160511347,176.2725337427193,12.740805819379334,-229.69677382382258,78.49611185829129,0.28476011893417175,6.55293221870911
5464.0,74.8914794921875,254.7686728314598,13.025560098594367,-223.14385079103695,254.7686728314598,223.14385079103695,176.27255833869063,12.740799860095436,-229.6967835866885,78.4961144927692,0.2847602384989316,6.552932795651541
5472.0,75.00125885009766,254.76870137965471,13.025552072435282,-223.14387111145297,254.76870137965471,223.14387111145297,176.2725841625282,12.74079187024252,-229.69680458760894,78.4961172171265,0.2847602021927629,6.552933476155962
5480.0,75.11103057861328,254.76870207132384,13.025552779846766,-223.14385834515696,254.76870207132384,223.14385834515696,176.27258257245833,12.740792440257241,-229.69679236012183,78.49611949886551,0.28476033958952396,6.552934014964884
5488.0,75.22081756591797,254.7687175018383,13.025550576510021,-223.14387899823,254.7687175018383,223.14387899823,176.2725955198319,12.74079051958201,-229.69681351196186,78.49612198200639,0.2847600569280102,6.552934513731861
5496.0,75.3305892944336,254.76872311482944,13.025543901381734,-223.1438605889537,254.76872311482944,223.1438605889537,176.2725989324674,12.74078400911323,-229.69679528598243,78.49612418236205,0.28475989226850285,6.552934697028751
5504.0,75.44036865234375,254.76872930967005,13.025546839100269,-223.14387866221833,254.76872930967005,223.14387866221833,176.2726035032922,12.740787075938798,-229.6968140169278,78.49612580637783,0.2847597631614702,6.5529353547094615
5512.0,75.55014038085938,254.76872310409087,13.025541325914997,-223.1438720469026,254.76872310409087,223.1438720469026,176.27259616563697,12.740781415625197,-229.69680769692303,78.4961269384539,0.28475991028979974,6.552935650020435
5520.0,75.65991973876953,254.7687274936922,13.025536073973596,-223.14387617405268,254.7687274936922,223.14387617405268,176.2725991366849,12.740776235657638,-229.69681187032836,78.49612835700732,0.28475983831595775,6.552935696275678
5528.0,75.76969146728516,254.76872731204068,13.0255395860414,-223.14387597562478,254.76872731204068,223.14387597562478,176.27259834902426,12.740779899035049,-229.69681189226827,78.49612896301642,0.2847596870063507,6.552935916643497
5536.0,75.87947845458984,254.76871770566686,13.02553594714367,-223.14387213635683,254.76871770566686,223.14387213635683,176.27258840239523,12.74077626213382,-229.69680843054084,78.49612930327163,0.2847596850098495,6.552936294184
5544.0,75.98925018310547,254.76871610308433,13.025539758152423,-223.14386375661974,254.76871610308433,223.14386375661974,176.27258616607548,12.740779967316502,-229.69680031267444,78.49612993700883,0.2847597908359205,6.552936556054696
5552.0,76.09902954101562,254.76871156584306,13.02553324876787,-223.14386468978955,254.76871156584306,223.14386468978955,176.27258120094876,12.740773541692207,-229.6968013359897,78.4961303648943,0.28475970707566267,6.552936646200141
5560.0,76.20880889892578,254.7687051117361,13.025535513966302,-223.14387918840205,254.7687051117361,223.14387918840205,176.27257481657054,12.740775999427983,-229.69681617356363,78.49613029516557,0.2847595145383188,6.552936985161574
5568.0,76.3185806274414,254.76871688827623,13.02553968925011,-223.1438802246252,254.76871688827623,223.1438802246252,176.27258628277653,12.740780426485248,-229.6968168910088,78.4961306054997,0.28475926276486074,6.55293666638361
5576.0,76.4283676147461,254.76869533530223,13.025544650799857,-223.1438391116575,254.76869533530223,223.1438391116575,176.27256481179649,12.740785180722598,-229.69677622705603,78.49613052350574,0.28475947007725866,6.552937115398526
5584.0,76.53813934326172,254.76870620224685,13.025537272150782,-223.14386082660891,254.76870620224685,223.14386082660891,176.27257590395547,12.740778133867266,-229.69679765097737,78.49613029829136,0.28475913828351507,6.552936824368462
5592.0,76.64791870117188,254.76870326054532,13.025540511983506,-223.14384015367102,254.76870326054532,223.14384015367102,176.27257296001937,12.740781209587015,-229.69677715975206,78.49613030052595,0.28475930239649117,6.5529370060810415
5600.0,76.7576904296875,254.7686943379257,13.025547039596535,-223.1438384362912,254.7686943379257,223.1438384362912,176.2725639445354,12.740787873064633,-229.69677545008432,78.4961303933903,0.28475916653190136,6.552937013793119
5608.0,76.86746978759766,254.76870574728198,13.025550603877777,-223.14385770548506,254.76870574728198,223.14385770548506,176.27257541223122,12.740791286304855,-229.69679469895692,78.49613033505076,0.2847593175729224,6.5529369934718655
5616.0,76.97724151611328,254.76870033475527,13.025539969018716,-223.14384123548894,254.76870033475527,223.14384123548894,176.27257022241733,12.740780887669262,-229.69677854984144,78.49613011233794,0.28475908134945493,6.552937314352494
5624.0,77.08702850341797,254.76868860426316,13.025553303169264,-223.1438236577617,254.76868860426316,223.1438236577617,176.27255832044432,12.74079393642542,-229.696760860805,78.49613028381886,0.28475936674384306,6.552937203043319
5632.0,77.1968002319336,254.76871167166797,13.02555696423753,-223.1438486714205,254.76871167166797,223.1438486714205,176.27258122537063,12.740797898486065,-229.69678608253466,78.49613044629734,0.2847590657514658,6.552937411114155
5640.0,77.30657958984375,254.76870381960862,13.025558608584452,-223.1438341733081,254.76870381960862,223.1438341733081,176.27257309077802,12.740799338148648,-229.69677170148265,78.4961307288306,0.2847592704358042,6.55293752817455
5648.0,77.41637420654297,254.7687089409559,13.02556561737649,-223.1438244873652,254.7687089409559,223.1438244873652,176.27257776746393,12.740806407068206,-229.69676204431715,78.49613117349197,0.28475921030828477,6.552937556951941
5656.0,77.52615356445312,254.76871249599327,13.025568937796173,-223.14383945541576,254.76871249599327,223.14383945541576,176.27258098353158,12.740809910147348,-229.6967770474251,78.4961315124617,0.28475902764882477,6.552937592009328
5664.0,77.63592529296875,254.76871788326662,13.025580624938058,-223.14381791803342,254.76871788326662,223.14381791803342,176.27258596469602,12.740821525401387,-229.69675558093675,78.4961319185706,0.284759099536672,6.552937662903332
5672.0,77.7457046508789,254.7687229276836,13.025581391146506,-223.1438110633279,254.7687229276836,223.1438110633279,176.2725906619459,12.74082209028002,-229.69674912425177,78.49613226573769,0.28475930086648615,6.552938060923868
5680.0,77.85547637939453,254.76874256790205,13.025593736466696,-223.1438339879232,254.76874256790205,223.1438339879232,176.27260968904727,12.740834631626413,-229.69677180541254,78.4961328788548,0.28475910484028333,6.552937817489365
5688.0,77.96526336669922,254.7687459265806,13.02560366913609,-223.1438088535888,254.7687459265806,223.1438088535888,176.27261257684933,12.740844514377114,-229.6967468624045,78.4961333497313,0.2847591547589765,6.552938008815689
5696.0,78.07503509521484,254.76874526381033,13.025618493195662,-223.1437926441232,254.76874526381033,223.1437926441232,176.2726113251697,12.740859159550455,-229.6967306481811,78.49613393864065,0.28475933364520767,6.552938004057879
5704.0,78.184814453125,254.76871628550398,13.025615278850527,-223.14377317218757,254.76871628550398,223.14377317218757,176.2725825175235,12.740856205415199,-229.6967114153002,78.4961337679805,0.2847590734353278,6.5529382431126475
5712.0,78.29458618164062,254.76859519344288,13.025591303896956,-223.14373425669942,254.76859519344288,223.14373425669942,176.27246642335587,12.740832266143244,-229.69667142121403,78.49612877008701,0.2847590377537115,6.552937164514628
5720.0,78.40436553955078,254.76853956897457,13.02556441401632,-223.14374454041723,254.76853956897457,223.14374454041723,176.2724177131376,12.740805333507538,-229.69668059780435,78.49612185583698,0.28475908050878074,6.552936057387122
5728.0,78.5141372680664,254.7685158202293,13.025522923123699,-223.14377776206408,254.7685158202293,223.14377776206408,176.27239904494073,12.740763943812754,-229.69671234597644,78.49611677528857,0.2847589793109453,6.552934583912366
5736.0,78.6239242553711,254.76851157548924,13.025496939079018,-223.14379289228341,254.76851157548924,223.14379289228341,176.27239809596543,12.740737846276678,-229.6967266844888,78.49611347952381,0.28475909280233935,6.552933792205385
5744.0,78.73369598388672,254.76852473906735,13.025478893012547,-223.1438454976573,254.76852473906735,223.1438454976573,176.27241290563364,12.740719882378322,-229.69677916734014,78.49611183343372,0.28475901063422615,6.552933669682842
5752.0,78.84347534179688,254.76853139833935,13.025459271081983,-223.14386870342244,254.76853139833935,223.14386870342244,176.27242035924672,12.740700626546603,-229.69680225827383,78.49611103909263,0.28475864453537936,6.552933554851402
5760.0,78.9532470703125,254.76853768324003,13.025445791198948,-223.1438896638479,254.76853768324003,223.1438896638479,176.27242700483248,12.740687098617308,-229.69682314976149,78.49611067840755,0.284758692581641,6.5529334859135915
5768.0,79.06302642822266,254.7685417617332,13.025420226086316,-223.14392526502584,254.7685417617332,223.14392526502584,176.27243091375777,12.74066161722632,-229.69685908115008,78.49611084797542,0.2847586088599967,6.552933816124245
5776.0,79.17279815673828,254.76855117428693,13.025402776352884,-223.14393044491902,254.76855117428693,223.14393044491902,176.27243942342744,12.740644253828712,-229.6968644127833,78.49611175085947,0.28475852252417155,6.552933967864266
5784.0,79.28258514404297,254.76857036173823,13.025371026796156,-223.14397264063328,254.76857036173823,223.14397264063328,176.27245810876704,12.740612626709398,-229.69690663128281,78.4961122529712,0.284758400086758,6.552933990649533
5792.0,79.3923568725586,254.7685682985937,13.025369378519667,-223.14396468655596,254.7685682985937,223.14396468655596,176.2724549541127,12.740611050684974,-229.6968986790937,78.49611334448099,0.2847583278346937,6.552933992537742
5800.0,79.50213623046875,254.76856970363508,13.02534636787638,-223.14398825977258,254.76856970363508,223.14398825977258,176.2724554419749,12.740588038963235,-229.69692263619896,78.49611426166017,0.2847583289131461,6.552934376426373
5808.0,79.61190795898438,254.76858229796494,13.02533420494395,-223.14402765226922,254.76858229796494,223.14402765226922,176.27246725128947,12.740575885046411,-229.69696220804707,78.49611504667548,0.2847583198975392,6.552934555777842
5816.0,79.72168731689453,254.76857879304606,13.025315981169541,-223.14402405184964,254.76857879304606,223.14402405184964,176.27246260492439,12.740557766916169,-229.69695885644975,78.49611618812166,0.2847582142533729,6.552934804600101
5824.0,79.83145904541016,254.7685951735806,13.02529861323081,-223.14407314716317,254.7685951735806,223.14407314716317,176.2724783544224,12.74054046467754,-229.69700822719068,78.4961168191582,0.28475814855326975,6.552935080027508
5832.0,79.94124603271484,254.76858379193436,13.025277007858,-223.14407455204392,254.76858379193436,223.14407455204392,176.27246628851805,12.740518937564644,-229.69700975154632,78.49611750341633,0.28475807029335476,6.5529351995024
5840.0,80.05101776123047,254.7685864334252,13.025261133086172,-223.1440994082486,254.7685864334252,223.1440994082486,176.2724684783597,12.740502985698729,-229.69703509108803,78.4961179550655,0.2847581473874432,6.552935682839438
5848.0,80.16079711914062,254.76858779408974,13.025243113561228,-223.14412117516497,254.76858779408974,223.14412117516497,176.27246909084343,12.740485038796951,-229.69705670454232,78.49611870324631,0.28475807476427617,6.552935529377352
5856.0,80.27057647705078,254.76856904605015,13.025222580900198,-223.14411358548665,254.76856904605015,223.14411358548665,176.27244980945633,12.740464761366614,-229.69704931009915,78.49611923659381,0.2847578195335845,6.552935724612485
5864.0,80.3803482055664,254.7685739033047,13.025197965784216,-223.14414765421034,254.7685739033047,223.14414765421034,176.27245429100446,12.740440442620615,-229.69708364627382,78.49611961230025,0.28475752316360037,6.552935992063494
5872.0,80.4901351928711,254.76857588654914,13.025178339958657,-223.1441805179803,254.76857588654914,223.1441805179803,176.2724562641433,12.740420635227938,-229.69711640889795,78.49611962240584,0.28475770473071815,6.552935890917673
5880.0,80.59990692138672,254.76856745131096,13.025167824467474,-223.14419080333266,254.76856745131096,223.14419080333266,176.27244753761846,12.740409954376712,-229.69712660832397,78.49611991369251,0.2847578700907616,6.552935804991314
5888.0,80.70968627929688,254.768564974793,13.02514429269451,-223.14421403574948,254.768564974793,223.14421403574948,176.27244503970354,12.740386484117874,-229.697150030903,78.49611993508947,0.28475780857663535,6.552935995153528
5896.0,80.8194580078125,254.7685598222997,13.025127881594646,-223.1442190998773,254.7685598222997,223.1442190998773,176.2724397221513,12.740370010329894,-229.69715529427882,78.4961201001484,0.28475787126475227,6.552936194401534
5904.0,80.92926025390625,254.76855600565062,13.02510737829987,-223.14424898323884,254.76855600565062,223.14424898323884,176.27243572314444,12.740349878669672,-229.69718500884218,78.4961202825062,0.28475749963019714,6.552936025603353
5912.0,81.03903198242188,254.7685506959832,13.025084593469199,-223.14424234010306,254.7685506959832,223.14424234010306,176.27243038463132,12.740326818065437,-229.69717852072745,78.49612031135187,0.28475777540376157,6.552936180624376
5920.0,81.14881134033203,254.76854109632308,13.02506553396248,-223.14427056664803,254.76854109632308,223.14427056664803,176.27242102682362,12.740308011672012,-229.69720668039014,78.49612006949945,0.2847575222904686,6.552936113742105
5928.0,81.25858306884766,254.7685410924393,13.025053939884828,-223.14429949794948,254.7685410924393,223.14429949794948,176.27242094122278,12.74029637518025,-229.69723570366088,78.49612015121653,0.28475756470457725,6.552936205711404
5936.0,81.36837005615234,254.76852879177025,13.025022942318655,-223.14430779237475,254.76852879177025,223.14430779237475,176.27240876297003,12.74026534266947,-229.69724409312943,78.49612002880022,0.284757599649184,6.552936300754686
5944.0,81.47814178466797,254.76852439341613,13.025008360766163,-223.14431186801812,254.76852439341613,223.14431186801812,176.27240425035302,12.74025090915977,-229.69724818200496,78.49612014306311,0.284757451606394,6.552936313986844
5952.0,81.58792114257812,254.76852428901782,13.024988160326252,-223.14435801786323,254.76852428901782,223.14435801786323,176.27240409873409,12.740230432173847,-229.697294223606,78.49612019028373,0.2847577281524054,6.552936205742787
5960.0,81.69769287109375,254.76851948620703,13.02496707750138,-223.14436388228083,254.76851948620703,223.14436388228083,176.27239926646462,12.740209718397455,-229.69730027803433,78.49612021974242,0.28475735910392386,6.552936395753516
5968.0,81.8074722290039,254.76851135781098,13.024953323962775,-223.14437310560496,254.76851135781098,223.14437310560496,176.27239113980426,12.740195901695465,-229.69730946620297,78.49612021800672,0.28475742226730993,6.552936360598007
5976.0,81.91724395751953,254.76852101508032,13.02492615937797,-223.14438737866573,254.76852101508032,223.14438737866573,176.27240062010875,12.740168858932565,-229.6973238669721,78.49612039497157,0.28475730044540537,6.552936488306397
5984.0,82.02703094482422,254.76854813306932,13.024918852909822,-223.14442353328022,254.76854813306932,223.14442353328022,176.27242692119808,12.740161576350594,-229.6973602932956,78.49612121187123,0.28475727655922745,6.552936760015369
5992.0,82.13680267333984,254.76856058321738,13.02491754943869,-223.1444459778203,254.76856058321738,223.1444459778203,176.27243764271927,12.740160292029364,-229.6973829581736,78.49612294049811,0.28475725740932667,6.552936980353278
6000.0,82.24658203125,254.76856218586636,13.024902117020043,-223.14444553181644,254.76856218586636,223.14444553181644,176.2724378954481,12.740144870921991,-229.69738297129902,78.49612429041828,0.28475724609805075,6.552937439482566
6008.0,82.35636138916016,254.76856698101273,13.024885192014773,-223.14446096804292,254.76856698101273,223.14446096804292,176.27244121226923,12.74012792094532,-229.697398720814,78.4961257687435,0.28475727106945437,6.552937752771063
6016.0,82.46613311767578,254.76856410199292,13.024876833444054,-223.14445905602074,254.76856410199292,223.14445905602074,176.2724370621155,12.74011976612433,-229.697396836129,78.49612703987742,0.2847570673197244,6.552937780108278
6024.0,82.57591247558594,254.76856853390868,13.024874303640102,-223.1444978448074,254.76856853390868,223.1444978448074,176.27244098901912,12.740117186337322,-229.69743600296826,78.49612754488956,0.2847571173027803,6.55293815816087
6032.0,82.6856918334961,254.7685579802246,13.024866835961891,-223.14448843656382,254.7685579802246,223.14448843656382,176.27242992672925,12.74010984141432,-229.69742675342627,78.49612805349537,0.2847569945475703,6.552938316862463
6040.0,82.79546356201172,254.76855900581597,13.024851071331746,-223.14451531685947,254.76855900581597,223.14451531685947,176.2724302028755,12.740094097355318,-229.6974533964941,78.49612880294046,0.2847569739764291,6.5529380796346235
6048.0,82.90524291992188,254.76856460401993,13.024839707933095,-223.1445155513447,254.76856460401993,223.1445155513447,176.27243570827312,12.740083119292475,-229.6974541780865,78.4961288957468,0.2847565886406209,6.552938626741803
6056.0,83.01502227783203,254.76859920745872,13.024832616376472,-223.144544097126,254.76859920745872,223.144544097126,176.27246919243487,12.740075965816057,-229.6974828741431,78.49613001502385,0.28475665056041377,6.552938777017107
6064.0,83.12479400634766,254.7686386277155,13.024839739122804,-223.14456408870248,254.7686386277155,223.14456408870248,176.27250493264404,12.74008309124235,-229.69750345639252,78.49613369507145,0.28475664788045263,6.5529393676900565
6072.0,83.23458099365234,254.76865803880025,13.024853396535821,-223.1445656177716,254.76865803880025,223.1445656177716,176.2725207658498,12.740097134842921,-229.69750573155102,78.49613727295045,0.28475626169290047,6.552940113779415
6080.0,83.34435272216797,254.76865395136429,13.024857707481324,-223.14453455226771,254.76865395136429,223.14453455226771,176.2725141535395,12.740101405363468,-229.69747544025606,78.49613979782478,0.28475630211785585,6.55294088798834
6088.0,83.45413208007812,254.768649196142,13.024859614455076,-223.1445213506167,254.768649196142,223.1445213506167,176.27250825235382,12.740103391238216,-229.69746238560052,78.4961409437882,0.2847562232168599,6.552941034983813
6096.0,83.56390380859375,254.76864034514816,13.024862360697881,-223.14453830172835,254.76864034514816,223.14453830172835,176.2724984252335,12.740106327654638,-229.6974794646874,78.49614191991466,0.28475603304324304,6.552941162959058
6104.0,83.6736831665039,254.76863217172595,13.024865831578913,-223.14452695911456,254.76863217172595,223.14452695911456,176.27248976177324,12.740109766653285,-229.69746828612887,78.49614240995271,0.28475606492562777,6.552941327014312
6112.0,83.78345489501953,254.7686123927925,13.024868412357142,-223.1444980757839,254.7686123927925,223.1444980757839,176.27247021864562,12.740112439499223,-229.69743926574208,78.49614217414688,0.28475597285791876,6.552941189958183
6120.0,83.89324188232422,254.7686072978651,13.024874823230423,-223.1445100504254,254.7686072978651,223.1445100504254,176.27246556270703,12.740118808303059,-229.6974513745449,78.49614173515806,0.2847560149273649,6.552941324119509
6128.0,84.00301361083984,254.7685851591593,13.024880798534097,-223.1444900741766,254.7685851591593,223.1444900741766,176.27244386319046,12.740124548847174,-229.69743130174678,78.49614129596884,0.28475624968692337,6.552941227570195
6136.0,84.11279296875,254.76857764985684,13.02487378027633,-223.14446621482722,254.76857764985684,223.14446621482722,176.27243679697034,12.74011754673921,-229.6974074069648,78.4961408528865,0.284756233537121,6.552941192137592
6144.0,84.22256469726562,254.7685881652224,13.024886445616568,-223.1444890446276,254.7685881652224,223.1444890446276,176.27244820983708,12.740130288770324,-229.6974300366912,78.49613995538533,0.28475615684624467,6.552940992063599
6152.0,84.33234405517578,254.76857253891455,13.024888647711814,-223.14447556766342,254.76857253891455,223.14447556766342,176.27243342252837,12.740132372152395,-229.69741626111903,78.49613911638619,0.28475627555941907,6.552940693455603
6160.0,84.44214630126953,254.76855738644724,13.024894014867082,-223.14445299502094,254.76855738644724,223.14445299502094,176.27241875881927,12.740137629698488,-229.69739401071524,78.49613862762797,0.28475638516859325,6.552941015694313
6168.0,84.55191802978516,254.76857217614702,13.024896126795474,-223.1444625611323,254.76857217614702,223.1444625611323,176.27243436458085,12.740140187557008,-229.6974033830943,78.49613781156617,0.2847559392384653,6.552940821962013
6176.0,84.66169738769531,254.76855885068542,13.02489952654533,-223.14445812060677,254.76855885068542,223.14445812060677,176.27242171317417,12.740143391051669,-229.69739868000863,78.49613713751125,0.28475613549365963,6.552940559401859
6184.0,84.77147674560547,254.76856509034224,13.024899150976406,-223.1444846915605,254.76856509034224,223.1444846915605,176.27242846600714,12.740143170269102,-229.6974252745624,78.4961366243351,0.28475598070730346,6.552940583001885
6192.0,84.8812484741211,254.76856524114828,13.024902228512357,-223.1444708825991,254.76856524114828,223.1444708825991,176.27242877948686,12.740145987577808,-229.69741133655918,78.49613646166141,0.284756240934549,6.552940453960082
6200.0,84.99102783203125,254.7685490889114,13.024911843446908,-223.14443577479628,254.7685490889114,223.14443577479628,176.2724130496113,12.740155764483454,-229.69737616557677,78.49613603930011,0.28475607896345423,6.552940390780484
6208.0,85.1008071899414,254.76856153779303,13.024908348207225,-223.14443791378662,254.76856153779303,223.14443791378662,176.27242566065956,12.740152329506078,-229.69737834072563,78.49613587713347,0.2847560187011471,6.552940426939015
6216.0,85.21057891845703,254.76857143093147,13.024911575294471,-223.14447240067702,254.76857143093147,223.14447240067702,176.27243591219553,12.740155516592768,-229.69741255955245,78.49613551873594,0.2847560587017033,6.552940158875417
6224.0,85.32036590576172,254.76855338864488,13.024916258180228,-223.1444190282599,254.76855338864488,223.1444190282599,176.27241785740216,12.740160060391354,-229.69735916633255,78.49613553124271,0.2847561977888753,6.552940138072636
6232.0,85.43014526367188,254.7685600843139,13.02491569222661,-223.14442282532306,254.7685600843139,223.14442282532306,176.27242438137569,12.740159632040607,-229.69736284269433,78.4961357029382,0.28475606018600264,6.552940017371257
6240.0,85.5399169921875,254.76857211664583,13.024926967969925,-223.14444945778212,254.76857211664583,223.14444945778212,176.27243654492003,12.740170948604138,-229.6973896278281,78.4961355717258,0.28475601936578787,6.552940170045995
6248.0,85.64969635009766,254.7685619564255,13.024921665886195,-223.1444136993123,254.7685619564255,223.1444136993123,176.2724264359216,12.740165578871704,-229.6973540664061,78.49613552050388,0.2847560870144914,6.552940367093784
6256.0,85.75948333740234,254.76856096938133,13.02492480432839,-223.1444103985688,254.76856096938133,223.1444103985688,176.272425576627,12.740168675597477,-229.6973507065378,78.49613539275433,0.28475612873091105,6.552940307969019
6264.0,85.8692626953125,254.76856963824088,13.024932421465225,-223.14441097695743,254.76856963824088,223.14441097695743,176.2724340661618,12.740176373567284,-229.6973513370976,78.4961355720791,0.28475604789794184,6.552940360140147
6272.0,85.97904205322266,254.76857827074593,13.024942364185181,-223.1444180747711,254.76857827074593,223.1444180747711,176.27244256587497,12.740186376931252,-229.6973584157865,78.49613570487098,0.28475598725392937,6.552940341015415
6280.0,86.08882904052734,254.76856886324222,13.024945754267993,-223.14440598452626,254.76856886324222,223.14440598452626,176.27243307270112,12.740189634377591,-229.69734638346952,78.4961357905411,0.28475611989040184,6.552940398943253
6288.0,86.1986083984375,254.76857558405703,13.02495218812853,-223.1444108309255,254.76857558405703,223.1444108309255,176.27243967721085,12.740196184831111,-229.69735138807448,78.49613590684619,0.28475600329741857,6.552940557148993
6296.0,86.30838775634766,254.76858473699087,13.024957339389578,-223.14442413554093,254.76858473699087,223.14442413554093,176.27244915751274,12.740201248367036,-229.69736455681897,78.49613557947812,0.2847560910225422,6.552940421278031
6304.0,86.41817474365234,254.76857739329554,13.024957977167363,-223.1443986357641,254.76857739329554,223.1443986357641,176.27244173106482,12.740201920129994,-229.69733904388931,78.49613566223073,0.28475605703736795,6.552940408125206
6312.0,86.5279541015625,254.76858665065117,13.024950743657174,-223.14441080409108,254.76858665065117,223.14441080409108,176.2724509099747,12.7401947176691,-229.69735126050608,78.49613574067646,0.28475602598807415,6.5529404564150155
6320.0,86.63773345947266,254.76857364627378,13.024960368854648,-223.14437632362387,254.76857364627378,223.14437632362387,176.2724375354719,12.740204450762112,-229.6973167237669,78.49613611080187,0.2847559180925363,6.552940400143022
6328.0,86.74752044677734,254.76857350358833,13.024961411684167,-223.1443925538298,254.76857350358833,223.1443925538298,176.27243773137752,12.7402056009435,-229.69733311091596,78.4961357722108,0.28475581074066536,6.5529405570861625
6336.0,86.8572998046875,254.7685767942412,13.024973904308482,-223.14439200671387,254.7685767942412,223.14439200671387,176.27244075567583,12.740218024910565,-229.69733238235057,78.49613603856535,0.28475587939791636,6.552940375636697
6344.0,86.96707916259766,254.7685948488562,13.024979005843845,-223.144388919528,254.7685948488562,223.144388919528,176.27245872873138,12.740223089029644,-229.69732941182804,78.49613612012482,0.28475591681420065,6.5529404923000385
6352.0,87.07686614990234,254.76858432500057,13.024974934697534,-223.14438402341798,254.76858432500057,223.14438402341798,176.2724483837775,12.74021946929365,-229.69732431095827,78.49613594122309,0.28475546540388263,6.552940287540281
6360.0,87.1866455078125,254.76858721727007,13.024988527636966,-223.14437212097553,254.76858721727007,223.14437212097553,176.2724515331402,12.740232682191095,-229.6973126975522,78.49613568412987,0.2847558454458703,6.552940576576667
6368.0,87.29642486572266,254.76859247406094,13.024986413998901,-223.14437684639478,254.76859247406094,223.14437684639478,176.27245658012274,12.740230641812435,-229.69731712510418,78.4961358939382,0.28475577218646597,6.5529402787094035
6376.0,87.40621185302734,254.76858551669073,13.024993630914746,-223.14435553963474,254.76858551669073,223.14435553963474,176.27244959312299,12.74023790947466,-229.69729568636066,78.49613592356773,0.284755721440086,6.552940146725907
6384.0,87.5159912109375,254.7685927345013,13.024994079422932,-223.1443599976046,254.7685927345013,223.1443599976046,176.2724566433289,12.740238515614,-229.69730050909632,78.49613609117242,0.2847555638089325,6.552940511491735
6392.0,87.62577056884766,254.76859236436346,13.024997983266537,-223.1443638612549,254.76859236436346,223.1443638612549,176.27245642900027,12.740242347411698,-229.69730412677137,78.49613593536318,0.28475563585484,6.552940265516469
6400.0,87.73555755615234,254.76859164858132,13.02500947385729,-223.14435388102348,254.76859164858132,223.14435388102348,176.27245594989114,12.740253994345252,-229.69729412300424,78.4961356986902,0.2847554795120377,6.552940241980775
6408.0,87.8453369140625,254.7685942821794,13.02501938545071,-223.14436578095828,254.7685942821794,223.14436578095828,176.27245840117214,12.740263873380783,-229.69730611510084,78.49613588100726,0.284755512069927,6.552940334142553
6416.0,87.95502471923828,254.7685905132983,13.025020001320355,-223.14433991338234,254.7685905132983,223.14433991338234,176.27245441926604,12.740264405646643,-229.69728023434448,78.49613609403227,0.28475559567371134,6.552940320962148
6424.0,88.06481170654297,254.76859146940433,13.025021423801908,-223.1443404540712,254.76859146940433,223.1443404540712,176.27245543907935,12.74026610870628,-229.69728086529534,78.49613603032498,0.28475531509562835,6.5529404112241405
6432.0,88.17459106445312,254.76859467240217,13.02503398198178,-223.1443235267655,254.76859467240217,223.1443235267655,176.27245834180394,12.740278364156822,-229.69726391575128,78.49613633059822,0.2847556178249584,6.552940388985775
6440.0,88.28437042236328,254.7685876198861,13.025034829316132,-223.1443322631732,254.7685876198861,223.1443322631732,176.27245131015235,12.740279381147374,-229.69727283461503,78.49613630973374,0.2847554481687582,6.552940571441828
6448.0,88.39415740966797,254.76859795196447,13.025034776980021,-223.14432070916942,254.76859795196447,223.14432070916942,176.27246177940043,12.74027936953921,-229.69726091853624,78.49613617256405,0.2847554074408114,6.5529402093668185
6456.0,88.50393676757812,254.76859630347673,13.025042041573858,-223.1443265878854,254.76859630347673,223.1443265878854,176.27246007928483,12.74028688479852,-229.69726692587,78.4961362241919,0.2847551567753377,6.552940337984618
6464.0,88.61371612548828,254.76858877901628,13.02504569870066,-223.1443038440683,254.76858877901628,223.1443038440683,176.27245284796578,12.740290394613892,-229.69724436060656,78.49613593105052,0.2847553040867683,6.552940516538244
6472.0,88.72350311279297,254.76858467754082,13.025045399566292,-223.14429075962195,254.76858467754082,223.14429075962195,176.27244842339428,12.740290087035802,-229.69723123145945,78.49613625414653,0.28475531253048825,6.552940471837501
6480.0,88.83328247070312,254.7685799767538,13.025053986167014,-223.1442888867301,254.7685799767538,223.1442888867301,176.2724440101776,12.740298944040987,-229.69722933664022,78.4961359665762,0.28475504212602765,6.552940449910124
6488.0,88.94306182861328,254.76859096116257,13.02505193824712,-223.1442944897321,254.76859096116257,223.1442944897321,176.2724546020133,12.74029667519737,-229.6972349381298,78.49613635914926,0.28475526304974963,6.5529404483977185
6496.0,89.05284881591797,254.76859114934462,13.025063332407349,-223.14427020691014,254.76859114934462,223.14427020691014,176.27245520735428,12.740307989631656,-229.6972107610171,78.49613594199033,0.2847553427756919,6.552940554106952
6504.0,89.16262817382812,254.76860467650334,13.025066606821678,-223.14430172944648,254.76860467650334,223.14430172944648,176.27246870369513,12.740311528149547,-229.69724229155972,78.49613597280822,0.28475507867213024,6.552940562113239
6512.0,89.27240753173828,254.76860593355335,13.025076832932697,-223.14428260373433,254.76860593355335,223.14428260373433,176.27246988030635,12.740321798972143,-229.6972232472723,78.496136053247,0.28475503396055357,6.5529406435379585
6520.0,89.38219451904297,254.76859980464994,13.025084066443757,-223.14426973535365,254.76859980464994,223.14426973535365,176.27246346129147,12.740328974506879,-229.69721043988727,78.49613634335847,0.28475509193687776,6.552940704533631
6528.0,89.49197387695312,254.76860110769178,13.02508533770558,-223.14426370049262,254.76860110769178,223.14426370049262,176.27246504717007,12.74033014648863,-229.69720401002252,78.4961360605217,0.2847551912169499,6.552940309529905
6536.0,89.60175323486328,254.76860013187874,13.025092597008882,-223.14426632680653,254.76860013187874,223.14426632680653,176.27246423297612,12.740337216862638,-229.6972070545114,78.49613589890262,0.28475538014624346,6.552940727704874
6544.0,89.71154022216797,254.7686077636793,13.025096830252652,-223.14425970077087,254.7686077636793,223.14425970077087,176.2724714609479,12.740341762336453,-229.6972001764133,78.49613630273139,0.284755067916199,6.552940475642444
6552.0,89.82131958007812,254.7685998204801,13.025094481721156,-223.1442677192946,254.7685998204801,223.1442677192946,176.27246351266353,12.740339476505692,-229.69720826606687,78.49613630781656,0.2847550052154646,6.552940546772277
6560.0,89.93109893798828,254.7686005355305,13.025101475533999,-223.14424573483433,254.7686005355305,223.14424573483433,176.27246410565738,12.740346227023661,-229.69718646334758,78.49613642987313,0.2847552485103382,6.552940728513237
6568.0,90.04088592529297,254.768601747376,13.025113132089839,-223.1442429071434,254.768601747376,223.1442429071434,176.27246555807523,12.740358151047229,-229.69718373408102,78.49613618930078,0.2847549810426111,6.552940826937623
6576.0,90.15066528320312,254.76862276547072,13.02512037101927,-223.14426679823947,254.76862276547072,223.14426679823947,176.2724865612407,12.740365523717836,-229.69720746082493,78.49613620423003,0.28475484730143297,6.552940662585448
6584.0,90.26044464111328,254.7686068138238,13.025119575454706,-223.1442222647875,254.7686068138238,223.1442222647875,176.27247050182393,12.740364479418055,-229.69716287396778,78.49613631199986,0.2847550960366516,6.5529406091803075
6592.0,90.37023162841797,254.76861437551247,13.025131997998452,-223.14422137331795,254.76861437551247,223.14422137331795,176.27247807946347,12.740376957733284,-229.6971619457047,78.496136296049,0.28475504026516774,6.55294057238674
6600.0,90.48001098632812,254.76860620669527,13.025130179734115,-223.14422030751675,254.76860620669527,223.14422030751675,176.27247011068746,12.740375346280736,-229.69716079223528,78.4961360960078,0.2847548334533787,6.5529404847185235
6608.0,90.58979034423828,254.76861894819336,13.025148356685529,-223.14422390409794,254.76861894819336,223.14422390409794,176.2724828098971,12.740393365887066,-229.6971643544321,78.49613613829627,0.2847549907984628,6.552940450334161
6616.0,90.69957733154297,254.76861304187796,13.025146061994047,-223.1442000303447,254.76861304187796,223.1442000303447,176.27247689322533,12.740391019325138,-229.6971404987527,78.49613614865262,0.28475504266890805,6.5529404684079875
6624.0,90.80935668945312,254.76862374190358,13.025148771207807,-223.1442102861601,254.76862374190358,223.1442102861601,176.27248738646364,12.740393853942216,-229.69715093084915,78.49613635543994,0.28475491726559143,6.552940644689039
6632.0,90.91913604736328,254.768620352591,13.025160261422087,-223.14420357066643,254.768620352591,223.14420357066643,176.2724842419214,12.740405367908501,-229.697144319962,78.4961361106696,0.2847548935135862,6.5529407492955665
6640.0,91.02892303466797,254.76861843776038,13.025156209562036,-223.14418188731275,254.76861843776038,223.14418188731275,176.27248237976627,12.740401416187158,-229.6971224708558,78.49613605799411,0.28475479337487775,6.552940583543032
6648.0,91.13870239257812,254.76862459114471,13.025175871139604,-223.14420709268512,254.76862459114471,223.14420709268512,176.27248840403973,12.740421024295792,-229.69714784938247,78.49613618710497,0.2847548468438128,6.552940756697361
6656.0,91.24848175048828,254.76862783311842,13.025175570839421,-223.14418871648115,254.76862783311842,223.14418871648115,176.27249153764984,12.740420519701026,-229.69712936455346,78.49613629546857,0.28475505113839583,6.552940648072321
6664.0,91.35826873779297,254.76861213257166,13.025175644993247,-223.1441640648769,254.76861213257166,223.1441640648769,176.2724759146519,12.740420924217837,-229.69710472881394,78.49613621791978,0.28475472077541086,6.552940663937052
6672.0,91.4679183959961,254.76861442655928,13.025179430675507,-223.1441642307452,254.76861442655928,223.1441642307452,176.27247808731212,12.740424493229034,-229.69710494027714,78.49613633924717,0.2847549374464742,6.552940709531947
6680.0,91.57769775390625,254.76861862445972,13.025189369997815,-223.14416489889317,254.76861862445972,223.14416489889317,176.27248242053628,12.740434691417455,-229.69710545423848,78.49613620392344,0.2847546785803594,6.552940555345307
6688.0,91.6874771118164,254.76861408455676,13.02519840597163,-223.14414390994946,254.76861408455676,223.14414390994946,176.27247771550103,12.74044364721235,-229.69708446459603,78.49613636905573,0.284754758759278,6.552940554646569
6696.0,91.7972640991211,254.7686248479868,13.02520238557595,-223.1441614817874,254.7686248479868,223.1441614817874,176.2724885673573,12.740447943710683,-229.69710206826142,78.49613628062953,0.284754441865267,6.552940586474017
6704.0,91.90704345703125,254.76862291271033,13.025204551285219,-223.14414818766232,254.76862291271033,223.14414818766232,176.2724863098112,12.740450128740157,-229.6970887318659,78.49613660289913,0.2847544225450611,6.55294054420359
6712.0,92.0168228149414,254.76863333010436,13.025214795766045,-223.14415476881598,254.76863333010436,223.14415476881598,176.27249697407458,12.740460037743022,-229.697095410272,78.49613635602978,0.2847547580230234,6.552940641456015
6720.0,92.1266098022461,254.76863490382337,13.025221938913022,-223.14414562509265,254.76863490382337,223.14414562509265,176.27249879030416,12.740467359764555,-229.69708612532355,78.49613611351921,0.28475457914846736,6.552940500230916
6728.0,92.23638916015625,254.7686230872643,13.025228301146868,-223.14411720593785,254.7686230872643,223.14411720593785,176.2724867709266,12.740473773955475,-229.69705773840806,78.49613631633771,0.2847545271913914,6.552940532470203
6736.0,92.3461685180664,254.76863764843097,13.025232128393352,-223.14412947479383,254.76863764843097,223.14412947479383,176.27250123327528,12.740477485017243,-229.69706982473292,78.49613641515569,0.28475464337610923,6.552940349939087
6744.0,92.4559555053711,254.76862868021834,13.02523566408044,-223.14410436101826,254.76862868021834,223.14410436101826,176.2724922626571,12.740480859414479,-229.69704494728944,78.49613641756125,0.2847548046659618,6.552940586271184
6752.0,92.56573486328125,254.76861520184957,13.025243377565165,-223.14406989782208,254.76861520184957,223.14406989782208,176.27247888734374,12.740488899127659,-229.69701032775828,78.49613631450583,0.2847544784375069,6.552940429936197
6760.0,92.6755142211914,254.7686262154403,13.0252520403918,-223.14407483388007,254.7686262154403,223.14407483388007,176.27248985957928,12.740497317542491,-229.69701554960687,78.496136355861,0.2847547228493088,6.552940715726801
6768.0,92.7853012084961,254.76863335857527,13.025256726512524,-223.14408638901136,254.76863335857527,223.14408638901136,176.27249699777738,12.740502001013148,-229.69702699706772,78.49613636079789,0.2847547254993752,6.552940608056371
6776.0,92.89508056640625,254.7686403123336,13.025256200297488,-223.14410514960937,254.7686403123336,223.14410514960937,176.2725039246443,12.740501743753757,-229.69704561225632,78.49613638768929,0.28475445654373077,6.552940462646944
6784.0,93.0048599243164,254.76864420119344,13.025268632641756,-223.14410186407477,254.76864420119344,223.14410186407477,176.27250768298325,12.74051420602936,-229.69704257919673,78.49613651821019,0.284754426612396,6.5529407151219505
6792.0,93.1146469116211,254.7686294265592,13.025270777559802,-223.144073296398,254.7686294265592,223.144073296398,176.27249275924078,12.740516226778796,-229.69701401303848,78.4961366673184,0.2847545507810061,6.552940716640471
6800.0,93.22442626953125,254.76863245107177,13.025273850550267,-223.1440557753274,254.76863245107177,223.1440557753274,176.27249608813833,12.74051925063483,-229.69699661357856,78.49613636293344,0.28475459991543683,6.552940838251174
6808.0,93.3342056274414,254.76864260777563,13.025294164925306,-223.14405127516403,254.76864260777563,223.14405127516403,176.27250614344848,12.740539707135639,-229.69699163609624,78.49613646432717,0.284754457789667,6.5529403609322125
6816.0,93.4439926147461,254.7686462814932,13.025295241268502,-223.14405579064226,254.7686462814932,223.14405579064226,176.27250990156705,12.740540712827936,-229.6969963199055,78.49613637992617,0.2847545284405646,6.552940529263249
6824.0,93.55377197265625,254.7686407403053,13.025298665531924,-223.1440511952772,254.7686407403053,223.1440511952772,176.27250430847945,12.740544224095316,-229.69699201137925,78.49613643182585,0.28475444143660766,6.552940816102053
6832.0,93.6635513305664,254.76864143289532,13.025304100480515,-223.14403931200044,254.76864143289532,223.14403931200044,176.27250504300773,12.740549983865577,-229.69698005958352,78.4961363898876,0.2847541166149372,6.552940747583082
6840.0,93.7733383178711,254.76863959887825,13.0253136268433,-223.1440065386842,254.76863959887825,223.1440065386842,176.2725031541185,12.740559314755075,-229.69694762566775,78.49613644475974,0.28475431208822544,6.552941086983538
6848.0,93.88311767578125,254.7686474155748,13.025320822189851,-223.14403004422712,254.7686474155748,223.14403004422712,176.2725109198156,12.740566446332167,-229.69697085104735,78.4961364957592,0.2847543758576845,6.552940806820218
6856.0,93.9928970336914,254.7686422817391,13.02531730439844,-223.14402444634368,254.7686422817391,223.14402444634368,176.2725059823002,12.740563082862677,-229.69696530874722,78.49613629943889,0.2847542215357639,6.552940862403535
6864.0,94.1026840209961,254.76863707109686,13.025335752397647,-223.14398997697663,254.76863707109686,223.14398997697663,176.27250080365837,12.740581139526258,-229.69693099521095,78.4961362674385,0.2847546128713887,6.552941018234328
6872.0,94.21246337890625,254.76865335292374,13.025338716342759,-223.1440090727167,254.76865335292374,223.1440090727167,176.27251681751312,12.740584215070355,-229.6969498631465,78.49613653541061,0.284754501272404,6.552940790429811
6880.0,94.3222427368164,254.76865312730234,13.025345497000895,-223.14400415018693,254.76865312730234,223.14400415018693,176.27251637849247,12.740591054958797,-229.69694501583132,78.49613674880987,0.284754442042098,6.552940865644388
6888.0,94.4320297241211,254.76864540025878,13.02535164328235,-223.14398354713165,254.76864540025878,223.14398354713165,176.27250852991958,12.740597267778323,-229.69692422618607,78.49613687033921,0.2847543755040274,6.552940679054403
6896.0,94.54180908203125,254.7686539506616,13.025359949756817,-223.14399417644256,254.7686539506616,223.14399417644256,176.2725173284507,12.740605538207685,-229.69693475461423,78.49613662221087,0.2847544115491325,6.552940578171668
6904.0,94.6515884399414,254.76864866753704,13.025370804115118,-223.14396391414834,254.76864866753704,223.14396391414834,176.27251212347446,12.740616428153345,-229.69690467666265,78.49613654406257,0.28475437596177366,6.552940762514307
6912.0,94.7613754272461,254.76865430547747,13.025370833164963,-223.14396559775477,254.76865430547747,223.14396559775477,176.27251782669165,12.740616402406173,-229.6969063251742,78.49613647878583,0.2847544307587908,6.552940727419429
6920.0,94.87115478515625,254.76865305165518,13.02537790888593,-223.14398549833135,254.76865305165518,223.14398549833135,176.27251644458642,12.740623093125148,-229.6969262339365,78.49613660706876,0.28475481576078243,6.552940735605148
6928.0,94.98079681396484,254.7686541431969,13.025384655015525,-223.14395305707654,254.7686541431969,223.14395305707654,176.272517500503,12.740630244930937,-229.69689372581732,78.49613664269391,0.28475441008458713,6.552940668740771
6936.0,95.090576171875,254.76864593512772,13.025392775423509,-223.14394171910547,254.76864593512772,223.14394171910547,176.27250902155617,12.740638390783456,-229.69688230325121,78.49613691357155,0.2847543846400531,6.552940584145745
6944.0,95.20035552978516,254.76866503230818,13.02539203950125,-223.14394596879254,254.76866503230818,223.14394596879254,176.27252843449247,12.740637780676899,-229.69688650030668,78.4961365978157,0.2847542588243517,6.552940531514146
6952.0,95.31014251708984,254.76865869776879,13.025412291880997,-223.14394013955433,254.76865869776879,223.14394013955433,176.27252218735188,12.740658072348051,-229.69688063803198,78.49613651041689,0.2847542195329451,6.552940498477653
6960.0,95.419921875,254.76865813927594,13.025410701901402,-223.14391695684256,254.76865813927594,223.14391695684256,176.27252154269735,12.740656425202099,-229.69685747731774,78.4961365965786,0.284754276699303,6.552940520475184
6968.0,95.52970123291016,254.76864701435676,13.025423417370451,-223.14390862215907,254.76864701435676,223.14390862215907,176.27251055459965,12.740669321760347,-229.69684942227394,78.4961364597571,0.2847540956101047,6.552940800114867
6976.0,95.63948822021484,254.7686654055973,13.025428438875752,-223.14392240623457,254.7686654055973,223.14392240623457,176.27252860696848,12.740674140432724,-229.69686313304697,78.49613679862883,0.284754298443028,6.552940726812418
6984.0,95.749267578125,254.76866166730022,13.02543304538254,-223.14389878022362,254.76866166730022,223.14389878022362,176.27252511844625,12.740678706351012,-229.69683970936381,78.49613654885397,0.2847543390315277,6.5529409291401866
6992.0,95.85904693603516,254.76867855755182,13.025437779999876,-223.14392792082876,254.76867855755182,223.14392792082876,176.2725420355975,12.74068356034572,-229.69686851634856,78.49613652195433,0.28475421965415615,6.552940595519807
7000.0,95.96883392333984,254.76865534675738,13.025449942194406,-223.1438932945123,254.76865534675738,223.1438932945123,176.27251900340542,12.740695883921678,-229.6968339653571,78.49613634335196,0.2847540582727275,6.552940670844785
7008.0,96.07861328125,254.76866767421242,13.025454456918936,-223.1438782948118,254.76866767421242,223.1438782948118,176.2725309560036,12.740700241918283,-229.6968189250816,78.49613671820882,0.2847542150006528,6.552940630269799
7016.0,96.18839263916016,254.76866920437186,13.025460098771989,-223.14388762017566,254.76866920437186,223.14388762017566,176.27253258407353,12.740705948934442,-229.6968281089834,78.49613662029833,0.2847541498375459,6.552940488807732
7024.0,96.29817962646484,254.76866107450942,13.025460222708258,-223.14385842852664,254.76866107450942,223.14385842852664,176.2725246781534,12.740706218154761,-229.69679917171942,78.49613639635604,0.28475400455349664,6.552940743192766
7032.0,96.407958984375,254.76867233005578,13.025469858311585,-223.14386703386157,254.76867233005578,223.14386703386157,176.27253565647686,12.740715647216028,-229.69680763935804,78.49613667357893,0.28475421109555565,6.552940605496479
7040.0,96.51773834228516,254.76867517108442,13.025483697015105,-223.1438735500402,254.76867517108442,223.1438735500402,176.27253838312782,12.740729695937734,-229.69681417616027,78.4961367879566,0.2847540010773715,6.552940626120073
7048.0,96.62752532958984,254.768682295268,13.025489596453703,-223.14387865474822,254.768682295268,223.14387865474822,176.27254578716804,12.740735532663585,-229.69681933612463,78.49613650809997,0.2847540637901167,6.552940681376406
7056.0,96.7373046875,254.76866725963933,13.025497413946193,-223.14384005381407,254.76866725963933,223.14384005381407,176.27253053928072,12.740743147602378,-229.69678077217705,78.4961367203586,0.2847542663438136,6.5529407183629615
7064.0,96.84708404541016,254.76868000931512,13.025498806979744,-223.1438473724375,254.76868000931512,223.1438473724375,176.27254335093016,12.740744631397963,-229.69678790083302,78.49613665838494,0.2847541755817815,6.5529405283955136
7072.0,96.95687103271484,254.7686955012174,13.025513154467612,-223.14387422634672,254.7686955012174,223.14387422634672,176.2725588386979,12.740758992385125,-229.69681480117762,78.4961366625195,0.2847541620824874,6.552940574830902
7080.0,97.066650390625,254.76867470654733,13.025512654864718,-223.1438074671357,254.76867470654733,223.1438074671357,176.27253805121654,12.740758519393315,-229.69674823612934,78.49613665533079,0.28475413547140205,6.552940768993648
7088.0,97.17644500732422,254.7686778427762,13.02552274513403,-223.14381768753947,254.7686778427762,223.14381768753947,176.27254133279953,12.740768512894778,-229.69675866225106,78.49613650997668,0.28475423223925134,6.552940974711592
7096.0,97.28622436523438,254.7686832863428,13.025523744029167,-223.1438354764972,254.7686832863428,223.1438354764972,176.27254676521798,12.74077001100092,-229.69677613467482,78.49613652112481,0.2847537330282468,6.552940658177616
7104.0,97.39600372314453,254.76867678922946,13.02553677842834,-223.1437751138744,254.76867678922946,223.1437751138744,176.27254028561742,12.740782475351935,-229.69671597004054,78.49613650361202,0.2847543030764039,6.552940856166148
7112.0,97.50579071044922,254.76867499248544,13.025543258639399,-223.1437782029974,254.76867499248544,223.1437782029974,176.27253852523307,12.740789214575063,-229.69671905927564,78.49613646725237,0.28475404406433613,6.552940856278239
7120.0,97.61557006835938,254.7686737169732,13.025551957555807,-223.14378601381264,254.7686737169732,223.14378601381264,176.2725373499569,12.74079789785539,-229.69672646539163,78.4961363670163,0.2847540597004161,6.552940451578979
7128.0,97.72534942626953,254.7686807536755,13.025551696876008,-223.14378790255714,254.7686807536755,223.14378790255714,176.27254405558782,12.740797760838873,-229.69672874169893,78.4961366980877,0.2847539360371334,6.552940839141805
7136.0,97.83513641357422,254.76869789460997,13.025559940415487,-223.14380612040176,254.76869789460997,223.14380612040176,176.27256117692068,12.74080607833794,-229.69674626886217,78.4961367176893,0.2847538620775465,6.552940148460415
7144.0,97.94491577148438,254.76869404563433,13.0255726117,-223.14377434522697,254.76869404563433,223.14377434522697,176.2725573878147,12.740818661980331,-229.69671493133995,78.49613665781965,0.28475394971966894,6.5529405861129755
7152.0,98.05469512939453,254.76868939820775,13.025572681567413,-223.14376534197623,254.76868939820775,223.14376534197623,176.27255285610508,12.740818458241066,-229.69670627134857,78.49613654210269,0.28475422332634714,6.552940929372345
7160.0,98.16448211669922,254.76869638971667,13.025579450916116,-223.1437686081236,254.76869638971667,223.1437686081236,176.27255976298784,12.740825449204763,-229.69670916603096,78.49613662672883,0.28475400171135146,6.552940557907375
7168.0,98.27426147460938,254.76868835160388,13.02559415515837,-223.1437277176617,254.76868835160388,223.1437277176617,176.2725519512479,12.74084039262381,-229.69666857255208,78.496136400356,0.28475376253455975,6.552940854890368
7176.0,98.38404083251953,254.76868738984876,13.025597601536926,-223.14373888550006,254.76868738984876,223.14373888550006,176.27255098388537,12.740843442497477,-229.69667961857476,78.4961364059634,0.2847541590394487,6.552940733074701
7184.0,98.49369049072266,254.76869155390725,13.025599968368125,-223.143750089776,254.76869155390725,223.143750089776,176.27255470364594,12.740846003030596,-229.69669062025355,78.49613685026131,0.2847539653375297,6.552940530477538
7192.0,98.60347747802734,254.7687037385348,13.025612377449171,-223.14373777488478,254.7687037385348,223.14373777488478,176.2725671629414,12.740858526449937,-229.69667831382887,78.4961365755934,0.28475385099923445,6.552940538944098
7200.0,98.7132568359375,254.76870634532895,13.025624634147075,-223.1437456200382,254.76870634532895,223.1437456200382,176.27256968609433,12.740870729771597,-229.69668611974922,78.49613665923462,0.2847539043754779,6.552940499711009
7208.0,98.82303619384766,254.7687004916429,13.025629475864696,-223.14371243384346,254.7687004916429,223.14371243384346,176.27256401173338,12.740875636546047,-229.69665321465885,78.49613647990952,0.2847538393186486,6.55294078081539
7216.0,98.93282318115234,254.76869614285516,13.025629542794986,-223.14369980087244,254.76869614285516,223.14369980087244,176.27255930269706,12.740875585951823,-229.69664052574058,78.4961368401581,0.2847539568431632,6.552940724868144
7224.0,99.0426025390625,254.7687049638399,13.025642551366527,-223.14369911248204,254.7687049638399,223.14369911248204,176.27256848991473,12.740888605033161,-229.69663961808985,78.49613647392516,0.2847539463333666,6.552940505607802
7232.0,99.15238189697266,254.76870522846704,13.025649606493154,-223.14370316458147,254.76870522846704,223.14370316458147,176.27256866709587,12.740895817555508,-229.6966438702776,78.49613656137117,0.28475378893764614,6.552940705696125
7240.0,99.26216888427734,254.76871446663196,13.025657321424884,-223.14368433096945,254.76871446663196,223.14368433096945,176.2725780535625,12.740903626535339,-229.69662497373358,78.49613641306945,0.28475369488954483,6.552940642764129
7248.0,99.3719482421875,254.76871125273712,13.02566186389449,-223.14370171546446,254.76871125273712,223.14370171546446,176.27257479198738,12.740908146106289,-229.6966422608256,78.49613646074974,0.2847537177882007,6.552940545361139
7256.0,99.48172760009766,254.76871630291294,13.02567137504381,-223.14367980571492,254.76871630291294,223.14367980571492,176.2725794839151,12.740917614881548,-229.6966205401857,78.49613681899783,0.2847537601622627,6.552940734470782
7264.0,99.59151458740234,254.76872715228365,13.025675490984094,-223.14370316929566,254.76872715228365,223.14370316929566,176.27259056879802,12.740921582783482,-229.69664389479732,78.49613658348561,0.28475390820061186,6.552940725501654
7272.0,99.7012939453125,254.76870987210938,13.025680152462858,-223.1436608989847,254.76870987210938,223.1436608989847,176.2725731849256,12.740926321666857,-229.69660174965725,78.49613668718379,0.2847538307960016,6.552940850672538
7280.0,99.81107330322266,254.76871819097943,13.02568895172762,-223.14366008072432,254.76871819097943,223.14366008072432,176.27258159130054,12.740935084087148,-229.69660096135053,78.49613659967889,0.2847538676404713,6.552940880626219
7288.0,99.92086029052734,254.76871175495896,13.025691671993178,-223.1436454685192,254.76871175495896,223.1436454685192,176.27257511222334,12.740937755233523,-229.6965861377537,78.49613664273562,0.2847539167596551,6.552940669234522
7296.0,100.0306396484375,254.76872164688098,13.025697560624149,-223.14363257140133,254.76872164688098,223.14363257140133,176.27258511547842,12.740943658761019,-229.6965733685143,78.49613653140257,0.2847539018631302,6.552940797112965
7304.0,100.14041900634766,254.7687284850984,13.025714758922108,-223.14364156138836,254.7687284850984,223.14364156138836,176.27259164224662,12.740961090816775,-229.6965823699426,78.49613684285177,0.28475366810533354,6.552940808554233
7312.0,100.25020599365234,254.76872837249246,13.025722913749885,-223.14363223512973,254.76872837249246,223.14363223512973,176.2725915532804,12.74096932989693,-229.69657300713254,78.49613681921207,0.2847535838529529,6.552940772002813
7320.0,100.3599853515625,254.76872486725958,13.025722546215395,-223.14363254223724,254.76872486725958,223.14363254223724,176.27258827489788,12.740968856863908,-229.69657308500427,78.4961365923617,0.28475368935148726,6.552940542767025
7328.0,100.46976470947266,254.76872837935304,13.025730394109964,-223.14360696957982,254.76872837935304,223.14360696957982,176.27259177380577,12.740976789396603,-229.69654754194272,78.49613660554726,0.284753604713361,6.552940572362891
7336.0,100.57955169677734,254.76872421612777,13.025743668919084,-223.14360081069105,254.76872421612777,223.14360081069105,176.2725873700318,12.74099002174717,-229.69654152068577,78.49613684609596,0.2847536471719154,6.552940709994724
7344.0,100.6893310546875,254.7687302143739,13.025746992822427,-223.1435867734738,254.7687302143739,223.1435867734738,176.27259326247372,12.740993457074985,-229.69652746558725,78.49613695190018,0.28475353574744133,6.552940692113458
7352.0,100.79911041259766,254.76873750663992,13.025762687192366,-223.14359450563876,254.76873750663992,223.14359450563876,176.2726003945607,12.741009111265733,-229.69653526181673,78.49613711207923,0.2847535759266333,6.552940756177961
7360.0,100.90889739990234,254.76873826908104,13.025766718772342,-223.1435933989724,254.76873826908104,223.1435933989724,176.27260135100735,12.741013309226222,-229.69653413116782,78.49613691807369,0.28475340954612083,6.5529407321954185
7368.0,101.0186767578125,254.76873327324697,13.025776771394725,-223.14356587142802,254.76873327324697,223.14356587142802,176.2725960475819,12.741023351067557,-229.6965068547395,78.49613722566505,0.2847534203271662,6.5529409833114745
7376.0,101.12845611572266,254.76873366012396,13.025779380577056,-223.14355269663218,254.76873366012396,223.14355269663218,176.27259630441995,12.741025983280455,-229.69649371481162,78.49613735570401,0.2847533972966021,6.552941018179428
7384.0,101.23824310302734,254.76875140115027,13.025790052684982,-223.14357975046198,254.76875140115027,223.14357975046198,176.27261398623045,12.741036623514054,-229.69652067978592,78.49613741491982,0.2847534291709284,6.552940929323951
7392.0,101.3480224609375,254.76873689706926,13.025789092232037,-223.1435422278826,254.76873689706926,223.1435422278826,176.27259952961717,12.741035627474105,-229.69648321969393,78.49613736745209,0.2847534647579324,6.5529409918113295
7400.0,101.45780181884766,254.76873519856332,13.025803097631087,-223.14353152734535,254.76873519856332,223.14353152734535,176.27259780139806,12.741049505873722,-229.6964726928504,78.49613739716526,0.28475359175736425,6.552941165505057
7408.0,101.56758880615234,254.76873476458843,13.025809057659814,-223.14351537701805,254.76873476458843,223.14351537701805,176.27259760395293,12.741055517297355,-229.69645657111835,78.49613716063548,0.28475354036245903,6.552941194100293
7416.0,101.6773681640625,254.76873345268226,13.02581257195828,-223.14352502695237,254.76873345268226,223.14352502695237,176.27259625911844,12.741059205132219,-229.6964661438662,78.49613719356381,0.28475336682606045,6.552941116913816
7424.0,101.78714752197266,254.76875070830093,13.025832586964881,-223.14354420831194,254.76875070830093,223.14354420831194,176.27261333705482,12.741078962039639,-229.6964852068134,78.4961373712461,0.2847536249252425,6.552940998501478
7432.0,101.89693450927734,254.76875233326865,13.025833628368904,-223.14350921078446,254.76875233326865,223.14350921078446,176.27261505710698,12.741080035308414,-229.69645028200918,78.49613727616168,0.2847535930604894,6.552941071224733
7440.0,102.0065689086914,254.76874537758272,13.02584697967779,-223.14349818704443,254.76874537758272,223.14349818704443,176.27260790912047,12.741093516055738,-229.6964391129113,78.49613746846227,0.28475346362205123,6.552940925866869
7448.0,102.1163558959961,254.76875860154394,13.02585654989129,-223.14351126386615,254.76875860154394,223.14351126386615,176.2726212872335,12.741102949690173,-229.69645228270534,78.49613731431042,0.28475360020111795,6.552941018839188
7456.0,102.22613525390625,254.76876104454846,13.025857258798686,-223.14350077783965,254.76876104454846,223.14350077783965,176.27262366532216,12.74110378347234,-229.6964418606542,78.4961373792263,0.2847534753263461,6.5529410828145505
7464.0,102.3359146118164,254.76873966739436,13.025864155900498,-223.14345115675346,254.76873966739436,223.14345115675346,176.27260241985914,12.74111073597885,-229.6963922816442,78.4961372475352,0.2847534199216475,6.5529411248907445
7472.0,102.4457015991211,254.76875149229008,13.025875436463458,-223.14345504682527,254.76875149229008,223.14345504682527,176.27261383856768,12.741122032303961,-229.6963959415709,78.4961376537224,0.2847534041594977,6.552940894745637
7480.0,102.55548095703125,254.76876347663057,13.025880458105336,-223.14348977832387,254.76876347663057,223.14348977832387,176.27262573213278,12.741126997716943,-229.69643078603394,78.49613774449779,0.2847534603883921,6.552941007710064
7488.0,102.6652603149414,254.76875040851417,13.02588435515079,-223.14345148545542,254.76875040851417,223.14345148545542,176.27261268766205,12.741130974177448,-229.69639261537506,78.49613772085212,0.284753380973342,6.552941129919642
7496.0,102.7750473022461,254.7687551199869,13.025898644996406,-223.14344543790966,254.7687551199869,223.14344543790966,176.27261763962616,12.741145297901195,-229.69638629130867,78.49613748036076,0.2847533470952115,6.5529408533990114
7504.0,102.88482666015625,254.76875937718066,13.025913477383224,-223.143443969641,254.76875937718066,223.143443969641,176.2726217481088,12.741160154946552,-229.69638479723722,78.49613762907185,0.28475332243667184,6.552940827596231
7512.0,102.9946060180664,254.76874761332923,13.025915755551601,-223.1434123568596,254.76874761332923,223.1434123568596,176.2726101697453,12.741162571077663,-229.69635316883125,78.49613744358393,0.28475318447393905,6.552940811971645
7520.0,103.1043930053711,254.76875767513047,13.025926848545392,-223.1434244187292,254.76875767513047,223.1434244187292,176.27262037770214,12.741173866496915,-229.6963653112547,78.49613729742833,0.2847529820484773,6.552940892525488
7528.0,103.21417236328125,254.7687671108686,13.025935185785874,-223.1434088474689,254.7687671108686,223.1434088474689,176.2726297924462,12.741181917946104,-229.6963497737121,78.4961373184224,0.28475326783976973,6.552940926243181
7536.0,103.3239517211914,254.76876009863778,13.025941110695628,-223.14338180833363,254.76876009863778,223.14338180833363,176.27262262959476,12.741187680864297,-229.6963225947701,78.49613746904302,0.2847534298313317,6.552940786436473
7544.0,103.4337387084961,254.7687640486379,13.025950890529042,-223.14339161176224,254.7687640486379,223.14339161176224,176.27262637644722,12.74119767276846,-229.6963324911375,78.49613767219068,0.28475321776058315,6.552940879375266
7552.0,103.54351806640625,254.7687575458366,13.025957546394757,-223.1433693907553,254.7687575458366,223.1433693907553,176.27262016541795,12.741203984172948,-229.6963104134834,78.49613738041863,0.2847535622218085,6.552941022728092
7560.0,103.6532974243164,254.76876980738012,13.025962069756673,-223.14337532106777,254.76876980738012,223.14337532106777,176.27263239761103,12.741209087305485,-229.69631629339042,78.49613740976909,0.2847529824511885,6.552940972322656
7568.0,103.7630844116211,254.7687704202415,13.025977122585317,-223.1433750777473,254.7687704202415,223.1433750777473,176.27263261526574,12.741223983226627,-229.69631591707972,78.49613780497577,0.28475313935868973,6.552940839332408
7576.0,103.87286376953125,254.76877088302615,13.0259826416986,-223.1433654371814,254.76877088302615,223.1433654371814,176.27263328281919,12.741229308399445,-229.69630654682499,78.49613760020698,0.28475333329915653,6.5529411096435854
7584.0,103.9826431274414,254.7687807264638,13.025983435180393,-223.1433491396977,254.7687807264638,223.1433491396977,176.2726431406613,12.74123015102645,-229.69629000473986,78.4961375858025,0.2847532841539433,6.5529408650421725
7592.0,104.0924301147461,254.76877254521676,13.025998040469023,-223.14333201356553,254.76877254521676,223.14333201356553,176.27263450613688,12.741245152045504,-229.69627316031116,78.49613803907988,0.284752888423518,6.552941146745626
7600.0,104.20220947265625,254.7687810283598,13.026008870112152,-223.1433469964583,254.7687810283598,223.1433469964583,176.27264310789087,12.741255696645844,-229.69628795326255,78.49613792046894,0.2847531734663078,6.552940956804255
7608.0,104.3119888305664,254.76877319183907,13.026009875171933,-223.14332485170266,254.76877319183907,223.14332485170266,176.2726354012059,12.741256835824275,-229.69626561930463,78.49613779063318,0.28475303934765783,6.552940767601958
7616.0,104.4217758178711,254.76878510051273,13.026011909164378,-223.1433379967875,254.76878510051273,223.1433379967875,176.27264765813453,12.74125871854914,-229.69627897545098,78.49613744237818,0.28475319061523763,6.552940978663476
7624.0,104.53155517578125,254.76877563927067,13.026030512539954,-223.14329767109314,254.76877563927067,223.14329767109314,176.27263801668238,12.741277431297299,-229.69623865145508,78.4961376225883,0.28475308124265464,6.5529409803619405
7632.0,104.6413345336914,254.76878008299164,13.026039672789441,-223.14330189511682,254.76878008299164,223.14330189511682,176.27264247210124,12.741286338277394,-229.69624304920114,78.4961376108904,0.28475333451204765,6.552941154084328
7640.0,104.7511215209961,254.76879603210708,13.026045478967703,-223.14332854697696,254.76879603210708,223.14332854697696,176.27265874801878,12.741292558008286,-229.69626930152603,78.49613728408829,0.28475292095941596,6.552940754549075
7648.0,104.86090087890625,254.7687799738899,13.02606068730967,-223.1432856870413,254.7687799738899,223.1432856870413,176.27264268108877,12.741307347705506,-229.69622648888884,78.49613729280114,0.28475333960416416,6.552940801847543
7656.0,104.9706802368164,254.76878877919125,13.026061957936307,-223.14328600213764,254.76878877919125,223.14328600213764,176.27265115635757,12.741308701124737,-229.69622693081044,78.49613762283369,0.2847532568115705,6.552940928672788
7664.0,105.0804672241211,254.7687714405298,13.026066467834541,-223.14324119384696,254.7687714405298,223.14324119384696,176.2726340634855,12.741313458496325,-229.6961821543369,78.49613737704429,0.28475300933821623,6.552940960489924
7672.0,105.19024658203125,254.76878121658024,13.026080069353819,-223.14325487586032,254.76878121658024,223.14325487586032,176.27264385524023,12.74132707017269,-229.6961959257917,78.49613736133999,0.2847529991811286,6.552941049931389
7680.0,105.3000259399414,254.7687964927935,13.026085721286545,-223.14326387192074,254.7687964927935,223.14326387192074,176.27265893636078,12.741332606144784,-229.69620465019753,78.49613755643271,0.2847531151417604,6.5529407782767795
7688.0,105.4098129272461,254.76879886175152,13.026103556611563,-223.14325340890707,254.76879886175152,223.14325340890707,176.27266137750811,12.741350209572985,-229.69619427205134,78.49613748424342,0.2847533470385768,6.552940863144267
7696.0,105.51947021484375,254.76880488076526,13.026103870007002,-223.14325340297123,254.76880488076526,223.14325340297123,176.2726673569846,12.74135064329629,-229.69619404869866,78.49613752378065,0.28475322671071224,6.552940645727423
7704.0,105.6292495727539,254.768785332998,13.02611270965518,-223.14321476776018,254.768785332998,223.14321476776018,176.2726478722102,12.741359555724884,-229.6961556836724,78.4961374607878,0.28475315393029543,6.552940915912224
7712.0,105.7390365600586,254.76879520292027,13.02611568163158,-223.14323195083708,254.76879520292027,223.14323195083708,176.2726577485759,12.741362630699012,-229.6961727237631,78.49613745434436,0.2847530509325682,6.552940772926046
7720.0,105.84881591796875,254.7687949421732,13.026132181734063,-223.14320918168187,254.7687949421732,223.14320918168187,176.27265740748413,12.74137901605472,-229.69615017743058,78.49613753468907,0.2847531656793425,6.5529409957487035
7728.0,105.9585952758789,254.76880529446493,13.026139227667514,-223.14321758303961,254.76880529446493,223.14321758303961,176.27266809875215,12.741386266317292,-229.69615835895817,78.49613719571279,0.28475296135022177,6.55294077591855
7736.0,106.0683822631836,254.76879995811416,13.026147534741696,-223.1431842196355,254.76879995811416,223.1431842196355,176.27266257348765,12.741394490448485,-229.69612509381915,78.49613738462651,0.2847530442932107,6.552940874183651
7744.0,106.17816162109375,254.76880749960827,13.026153852335533,-223.14318578403072,254.76880749960827,223.14318578403072,176.2726699164119,12.741400425078591,-229.6961266262739,78.49613758319639,0.2847534272569403,6.5529408422431805
7752.0,106.2879409790039,254.76880742520012,13.0261625521668,-223.14318250690923,254.76880742520012,223.14318250690923,176.27266974629143,12.741409508553641,-229.69612318057364,78.49613767890871,0.28475304361315956,6.552940673664395
7760.0,106.3977279663086,254.7687973643558,13.026178408807018,-223.1431677905931,254.7687973643558,223.1431677905931,176.2726597423131,12.741425397423296,-229.69610858533284,78.49613762204271,0.2847530113837231,6.552940794739731
7768.0,106.50750732421875,254.76881411153258,13.026178165546709,-223.14318317783588,254.76881411153258,223.14318317783588,176.27267677833262,12.74142496199742,-229.69612403154332,78.49613733319995,0.28475320354928835,6.552940853707451
7776.0,106.6172866821289,254.768810203839,13.026187207644382,-223.14314922095235,254.768810203839,223.14314922095235,176.2726729751637,12.741434351757714,-229.6960901054207,78.49613722867531,0.28475285588666743,6.552940884468342
7784.0,106.7270736694336,254.76881774620466,13.026203320224809,-223.14315520266095,254.76881774620466,223.14315520266095,176.2726803015882,12.741450193134234,-229.69609599145488,78.49613744461645,0.2847531270905752,6.552940788793926
7792.0,106.83685302734375,254.7688263940322,13.02620224554676,-223.14315641983112,254.7688263940322,223.14315641983112,176.2726887856272,12.741449277625275,-229.6960972912696,78.49613760840501,0.2847529679214835,6.552940871438506
7800.0,106.9466323852539,254.7688141830685,13.026219486938327,-223.14312889147064,254.7688141830685,223.14312889147064,176.27267632087353,12.741466229179233,-229.69606975795955,78.49613786219498,0.2847532577590952,6.552940866488922
7808.0,107.0564193725586,254.76882668425952,13.026225876904219,-223.14313483265389,254.76882668425952,223.14313483265389,176.27268912325934,12.741472569403395,-229.69607564228022,78.49613756100018,0.2847533075008233,6.552940809626349
7816.0,107.16619873046875,254.76881382745296,13.026228872050057,-223.1431035329417,254.76881382745296,223.1431035329417,176.27267641496567,12.741475896100361,-229.69604430011415,78.4961374124873,0.28475297594969495,6.552940767172455
7824.0,107.2759780883789,254.76881337413468,13.026248595301517,-223.1430814293852,254.76881337413468,223.1430814293852,176.2726757047172,12.741495631583664,-229.69602205152717,78.4961376694175,0.28475296371785275,6.552940622141971
7832.0,107.3857650756836,254.76882096703923,13.026252777822346,-223.14308606117615,254.76882096703923,223.14308606117615,176.27268301593773,12.7414997220611,-229.6960269157015,78.49613795110149,0.284753055761247,6.552940854525357
7840.0,107.49554443359375,254.76881930359835,13.026260910366418,-223.14307406268574,254.76881930359835,223.14307406268574,176.27268150301836,12.741507928122846,-229.69601512361476,78.49613780057999,0.28475298224357104,6.552941060929026
7848.0,107.6053237915039,254.76882523889154,13.02627044262415,-223.1430644994643,254.76882523889154,223.1430644994643,176.27268775229277,12.741517504828867,-229.6960055605546,78.49613748659877,0.2847529377952829,6.552941061090307
7856.0,107.7151107788086,254.76881938428704,13.026287455763482,-223.14304444825683,254.76881938428704,223.14304444825683,176.27268176440091,12.741534551168208,-229.69598554718425,78.49613761988614,0.2847529045952739,6.55294109892743
7864.0,107.82489013671875,254.76883229494652,13.02628253676681,-223.1430663704349,254.76883229494652,223.1430663704349,176.27269432111726,12.741529596665636,-229.69600743474345,78.49613797382926,0.2847529401011748,6.552941064308542
7872.0,107.9346694946289,254.76884627323136,13.026293474335946,-223.1430629972397,254.76884627323136,223.1430629972397,176.27270836810507,12.741540533551731,-229.6960039167103,78.4961379051263,0.2847529407842142,6.552940919470609
7880.0,108.0444564819336,254.76883346448142,13.026308401366533,-223.14302782993326,254.76883346448142,223.14302782993326,176.2726953807707,12.741555525115793,-229.69596872079086,78.49613808371072,0.28475287625074097,6.552940890857613
7888.0,108.15423583984375,254.7688427389025,13.02631796813883,-223.14303919275807,254.7688427389025,223.14303919275807,176.27270443046206,12.741565013216505,-229.69598020483676,78.49613830844042,0.28475295492232533,6.552941012078698
7896.0,108.2640151977539,254.76884128037153,13.026324844420266,-223.14299136434153,254.76884128037153,223.14299136434153,176.2727031708319,12.741572031061626,-229.69593227375952,78.49613810953963,0.28475281335863967,6.552940909418009
7904.0,108.3738021850586,254.76885129268885,13.02634036620732,-223.1430194614222,254.76885129268885,223.1430194614222,176.27271321791488,12.741587251115764,-229.69596029489387,78.49613807477395,0.28475311509155654,6.552940833471658
7912.0,108.48358154296875,254.76884301943468,13.026353079262575,-223.14299243878074,254.76884301943468,223.14299243878074,176.2727049942589,12.741600092914982,-229.69593349773032,78.49613802517578,0.2847529863475926,6.552941058949575
7920.0,108.5933609008789,254.76884998006378,13.026357955516835,-223.1429954726528,254.76884998006378,223.1429954726528,176.27271161436133,12.741604913021806,-229.69593631128865,78.49613836570245,0.28475304249502864,6.552940838635823
7928.0,108.7031478881836,254.7688490940306,13.026360552355722,-223.14298440596397,254.7688490940306,223.14298440596397,176.27271073671767,12.741607563415045,-229.69592532469943,78.49613835731294,0.28475298894067747,6.552940918735464
7936.0,108.81292724609375,254.7688514629687,13.0263761199345,-223.14297510545623,254.7688514629687,223.14297510545623,176.27271324378012,12.74162294504802,-229.69591594671337,78.4961382191886,0.2847531748864802,6.55294084125714
7944.0,108.9227066040039,254.76885465797253,13.026383176651487,-223.142953161919,254.76885465797253,223.142953161919,176.27271624820892,12.741630304500148,-229.69589403306065,78.4961384097636,0.2847528721513384,6.552940871141654
7952.0,109.0323486328125,254.76886083640724,13.026406631905834,-223.142967104596,254.76886083640724,223.142967104596,176.2727227402905,12.741653687025376,-229.6959082852381,78.49613809611674,0.2847529448804571,6.55294118064209
7960.0,109.14212799072266,254.768858522799,13.026401615645435,-223.14293761528012,254.768858522799,223.14293761528012,176.27272031717905,12.7416486316354,-229.69587859724714,78.49613820561996,0.2847529840100358,6.552940981967019
7968.0,109.25191497802734,254.76885613693662,13.026406448316617,-223.14292755328913,254.76885613693662,223.14292755328913,176.2727176928643,12.74165356980498,-229.6958685390564,78.49613844407233,0.2847528785116382,6.55294098576727
7976.0,109.3616943359375,254.76887219504715,13.026422663381386,-223.14296020250615,254.76887219504715,223.14296020250615,176.2727337444037,12.74166969500018,-229.69590113877712,78.49613845064346,0.284752968381206,6.552940936270977
7984.0,109.47147369384766,254.76885706808008,13.026428138146947,-223.14291701257144,254.76885706808008,223.14291701257144,176.27271890682692,12.741675264018536,-229.69585783524772,78.49613816125316,0.28475287412841066,6.5529408226762795
7992.0,109.58126068115234,254.76886031185944,13.026440567411875,-223.14290474936814,254.76886031185944,223.14290474936814,176.27272187195763,12.741687284151364,-229.69584557703328,78.4961384399018,0.28475328326051086,6.552940827665127
8000.0,109.6910400390625,254.76886808333964,13.026447998593799,-223.1428782485362,254.76886808333964,223.1428782485362,176.27272954315583,12.741695083351285,-229.6958194321707,78.49613854018381,0.28475291524251434,6.55294118363453
8008.0,109.80081939697266,254.7688578173957,13.026460894239454,-223.14286154919552,254.7688578173957,223.14286154919552,176.27271920268828,12.741708113735424,-229.69580245748438,78.49613861470743,0.2847527805040304,6.5529409082888606
8016.0,109.91060638427734,254.76886177678156,13.026469957202702,-223.14287449536369,254.76886177678156,223.14287449536369,176.27272312076735,12.741717158239021,-229.69581543939802,78.49613865601421,0.2847527989636802,6.552940944034323
8024.0,110.0203857421875,254.76888115958246,13.02649225869431,-223.1428828846487,254.76888115958246,223.1428828846487,176.27274292604636,12.741739391776573,-229.69582386955267,78.4961382335361,0.2847528669177368,6.552940984903941
8032.0,110.13016510009766,254.76887222922954,13.026493434069097,-223.14287019500853,254.76887222922954,223.14287019500853,176.272733932167,12.74174044691122,-229.69581109185884,78.49613829706254,0.2847529871578778,6.552940896850302
8040.0,110.23995208740234,254.76887728744225,13.026502678142574,-223.14283914047581,254.76887728744225,223.14283914047581,176.27273899523533,12.741749897466057,-229.69578003230356,78.49613829220694,0.2847527806765173,6.552940891827733
8048.0,110.3497314453125,254.76887684773214,13.02651133487693,-223.1428348903763,254.76887684773214,223.1428348903763,176.27273836868505,12.741758441140256,-229.69577580444104,78.49613847904709,0.28475289373667456,6.552940914064736
8056.0,110.45951080322266,254.7688704600346,13.026522898180461,-223.1428216746902,254.7688704600346,223.1428216746902,176.27273205740863,12.741769850081564,-229.695762602122,78.49613840262597,0.2847530480988971,6.552940927431804
8064.0,110.56929779052734,254.76889645571003,13.026528707805692,-223.14282159837327,254.76889645571003,223.14282159837327,176.27275802720933,12.741775581058413,-229.69576262085536,78.4961384285007,0.28475312674728004,6.552941022482093
8072.0,110.6790771484375,254.76889503106293,13.02653928702024,-223.142824658155,254.76889503106293,223.142824658155,176.27275652768884,12.741786386981707,-229.69576587508524,78.49613850337408,0.28475290003853315,6.552941216930238
8080.0,110.78885650634766,254.76888965541306,13.026553207196764,-223.14278976606573,254.76888965541306,223.14278976606573,176.27275105171822,12.741800389946057,-229.69573074974954,78.49613860369485,0.2847528172507068,6.552940983683818
8088.0,110.89864349365234,254.76889566178664,13.026562074700601,-223.142810158589,254.76889566178664,223.142810158589,176.2727569946828,12.741808821203753,-229.69575108567625,78.49613866710386,0.2847532534968482,6.552940927087252
8096.0,111.0084228515625,254.76888892210096,13.02656825644255,-223.1427840443998,254.76888892210096,223.1427840443998,176.27274998969835,12.7418153544012,-229.69572512090582,78.4961389324026,0.28475290204134884,6.552941076506007
8104.0,111.11820220947266,254.76889633999423,13.02657882938183,-223.1427670475552,254.76889633999423,223.1427670475552,176.2727574498179,12.741825654587405,-229.69570807977436,78.49613889017633,0.28475317479442497,6.552941032219168
8112.0,111.22798919677734,254.7689048660165,13.026592179508022,-223.14276855369064,254.7689048660165,223.14276855369064,176.27276645589245,12.741839365922392,-229.69570966851805,78.49613841012405,0.2847528135856292,6.5529411148273935
8120.0,111.3377685546875,254.768894789835,13.026595700169011,-223.1427506325483,254.768894789835,223.1427506325483,176.27275633374728,12.741842749943789,-229.69569185094986,78.49613845608772,0.2847529502252213,6.552941218401536
8128.0,111.44754791259766,254.7688979999005,13.02660740465475,-223.142716243664,254.7688979999005,223.142716243664,176.27275938499898,12.741854647735934,-229.69565724936973,78.49613861490153,0.2847527569188162,6.552941005705708
8136.0,111.55733489990234,254.7689052124569,13.026623512731016,-223.14273812758222,254.7689052124569,223.14273812758222,176.27276674027812,12.741870764573846,-229.69567923127974,78.49613847217877,0.2847527481571692,6.552941103697525
8144.0,111.6671142578125,254.76889566573672,13.026638943116216,-223.14270707343687,254.76889566573672,223.14270707343687,176.27275690636907,12.741886094550935,-229.6956480999104,78.49613875936765,0.2847528485652817,6.55294102647353
8152.0,111.77689361572266,254.76889462734448,13.026642752243761,-223.14269359501964,254.76889462734448,223.14269359501964,176.2727561698382,12.741890081673674,-229.69563465979462,78.49613845750629,0.284752670570088,6.55294106477497
8160.0,111.88668060302734,254.7689006041692,13.026650269676052,-223.14270836008563,254.7689006041692,223.14270836008563,176.27276188690746,12.741897538502215,-229.6956494307618,78.49613871726174,0.2847527311738367,6.552941070676163
8168.0,111.9964599609375,254.76890664531734,13.026662031633911,-223.14268143094054,254.76890664531734,223.14268143094054,176.27276785290968,12.741909287227042,-229.69562262426004,78.49613879240766,0.28475274440686915,6.552941193319492
8176.0,112.10623931884766,254.76891634344176,13.026686731634458,-223.14268556539912,254.76891634344176,223.14268556539912,176.27277748960265,12.741933713007725,-229.69562674412853,78.49613885383911,0.2847530186267324,6.552941178729405
8184.0,112.21602630615234,254.76891438978532,13.026685550300488,-223.1426748354834,254.76891438978532,223.1426748354834,176.27277573526302,12.741932920240242,-229.69561592290825,78.49613865452231,0.2847526300602463,6.552941087424829
8192.0,112.3258056640625,254.76892083712298,13.026695003451344,-223.14265436927124,254.76892083712298,223.14265436927124,176.2727820957054,12.741942160701921,-229.69559550800744,78.49613874141758,0.28475284274942236,6.5529411387362
8200.0,112.4354019165039,254.76892244841855,13.026709262347378,-223.14264933186192,254.76892244841855,223.14264933186192,176.2727836440471,12.741956363674898,-229.69559037810183,78.49613880437145,0.2847528986724801,6.552941046239919
8208.0,112.5451889038086,254.76892564226716,13.0267193684283,-223.14263027764503,254.76892564226716,223.14263027764503,176.2727867165168,12.74196661507319,-229.69557151679487,78.49613892575036,0.2847527533551082,6.552941239149858
8216.0,112.65499114990234,254.76892181892973,13.026731880621142,-223.14261247538892,254.76892181892973,223.14261247538892,176.27278271962328,12.741978912040011,-229.69555352769936,78.49613909930645,0.28475296858113097,6.552941052310439
8224.0,112.7647933959961,254.7689421058733,13.026737989218166,-223.142626360181,254.7689421058733,223.142626360181,176.2728031517625,12.741984757650766,-229.6955675274369,78.4961389541108,0.2847532315674002,6.552941167255903
8232.0,112.87457275390625,254.76893003084518,13.02674294211187,-223.1426092785775,254.76893003084518,223.1426092785775,176.27279079347258,12.741990043447299,-229.69555028667477,78.4961392373726,0.28475289866457043,6.5529410080972665
8240.0,112.98433685302734,254.76893131865134,13.026761298785864,-223.1425844563255,254.76893131865134,223.1425844563255,176.27279212971752,12.742008425568152,-229.6955254348735,78.49613918893382,0.28475287321771336,6.552940978547998
8248.0,113.0941162109375,254.76893980787497,13.026778362964786,-223.14259204895944,254.76893980787497,223.14259204895944,176.27280024068128,12.742025634230693,-229.69553301273137,78.49613956719371,0.28475272873409274,6.5529409637719365
8256.0,113.20389556884766,254.7689359939397,13.026777556921125,-223.142565915567,254.7689359939397,223.142565915567,176.2727965628668,12.742024860118825,-229.69550698472682,78.4961394310729,0.28475269680230086,6.552941069159816
8264.0,113.31368255615234,254.76893556440984,13.026799461394162,-223.14257352661045,254.76893556440984,223.14257352661045,176.27279645770884,12.74204655329425,-229.69551475335126,78.49613910670101,0.2847529080999127,6.552941226740817
8272.0,113.4234390258789,254.76895105266055,13.026808055159817,-223.14255750595086,254.76895105266055,223.14255750595086,176.27281192204453,12.742055344916427,-229.69549855431018,78.49613913061604,0.28475271024339044,6.552941048359305
8280.0,113.5332260131836,254.76893469451403,13.02681451838014,-223.14252918627858,254.76893469451403,223.14252918627858,176.272795618524,12.74206190921274,-229.69547039453488,78.49613907599004,0.28475260916740064,6.552941208256293
8288.0,113.64300537109375,254.7689537970205,13.02682261179648,-223.1425477816971,254.7689537970205,223.1425477816971,176.27281472047437,12.742070091009001,-229.69548871303436,78.49613907654611,0.2847525207874786,6.552940931337277
8296.0,113.7527847290039,254.76893967887227,13.02683751497873,-223.14249568231105,254.76893967887227,223.14249568231105,176.27280051857966,12.742084625602565,-229.69543692169103,78.49613916029261,0.28475288937616394,6.552941239379969
8304.0,113.862548828125,254.76893888150778,13.026852225354002,-223.142502010198,254.76893888150778,223.142502010198,176.2727993990049,12.742099387669104,-229.69544316037042,78.49613948250288,0.284752837684898,6.552941150172424
8312.0,113.97232818603516,254.76894100322403,13.026860426693556,-223.14246522914164,254.76894100322403,223.14246522914164,176.27280150845976,12.74210763696323,-229.6954064096994,78.49613949476428,0.2847527897303266,6.552941180557752
8320.0,114.08211517333984,254.76895143172842,13.026882063601848,-223.14247945960187,254.76895143172842,223.14247945960187,176.27281194465115,12.74212921765525,-229.6954208529682,78.49613948707727,0.2847528459465969,6.55294139336633
8328.0,114.19189453125,254.7689567573564,13.026880085956602,-223.1424663226096,254.7689567573564,223.1424663226096,176.27281710371813,12.742127357324254,-229.69540734048402,78.49613965363827,0.28475272863234746,6.552941017874412
8336.0,114.3016586303711,254.76895745213704,13.02690217417855,-223.14245808258352,254.76895745213704,223.14245808258352,176.27281799987415,12.742149199835183,-229.69539938409784,78.49613945226288,0.28475297434336744,6.552941301514323
8344.0,114.41143798828125,254.76895101131925,13.026913099072932,-223.14243876115367,254.76895101131925,223.14243876115367,176.27281129262613,12.742159784350067,-229.69538014720274,78.49613971869313,0.2847533147228649,6.5529413860490635
8352.0,114.5212173461914,254.76897697059243,13.026918699120618,-223.14247482403505,254.76897697059243,223.14247482403505,176.27283746177488,12.742165976862623,-229.69541598456075,78.49613950881755,0.28475272225799575,6.5529411605257195
8360.0,114.6310043334961,254.76896711769982,13.026932363930763,-223.14242510002916,254.76896711769982,223.14242510002916,176.2728275565284,12.74217954198366,-229.69536616606186,78.49613956117142,0.28475282194710294,6.552941066032712
8368.0,114.74076080322266,254.76897756277046,13.026948328942355,-223.14243659632393,254.76897756277046,223.14243659632393,176.27283787998329,12.74219548517516,-229.6953775870751,78.49613968278717,0.28475284376719534,6.552940990751142
8376.0,114.85054779052734,254.76896242735177,13.026952716470426,-223.1423857123111,254.76896242735177,223.1423857123111,176.27282263733846,12.742200084340595,-229.69532700778097,78.4961397900133,0.28475263212983126,6.55294129546987
8384.0,114.9603271484375,254.76896587545087,13.026962632738474,-223.1423616939519,254.76896587545087,223.1423616939519,176.27282662629204,12.74220972494879,-229.69530289310399,78.49613924915883,0.28475290778968443,6.552941199152078
8392.0,115.07010650634766,254.7689705713046,13.02697182829301,-223.142368473004,254.7689705713046,223.142368473004,176.272831146663,12.742219017527702,-229.6953098126863,78.4961394246416,0.2847528107653092,6.552941339682286
8400.0,115.17987060546875,254.76897954897555,13.02698063087321,-223.14236185365047,254.76897954897555,223.14236185365047,176.272840187778,12.742227992371282,-229.6953029027497,78.49613936119755,0.2847526385019279,6.552941049099227
8408.0,115.2896499633789,254.768981059563,13.027002029043802,-223.14236068464294,254.768981059563,223.14236068464294,176.27284153996925,12.742249256555507,-229.69530178434647,78.49613951959375,0.2847527724882948,6.552941099703534
8416.0,115.3994369506836,254.76897816483458,13.027007879759028,-223.14235592562258,254.76897816483458,223.14235592562258,176.2728386008647,12.742255198567587,-229.69529714228034,78.49613956396988,0.2847526811914398,6.5529412166577625
8424.0,115.50921630859375,254.76898486967838,13.027021494095688,-223.14234188164886,254.76898486967838,223.14234188164886,176.2728453463668,12.742268949656019,-229.69528316626418,78.49613952331157,0.28475254443966946,6.552941284615315
8432.0,115.61898040771484,254.7689997991955,13.027035999786685,-223.14235566508924,254.7689997991955,223.14235566508924,176.27286024617644,12.742283336643194,-229.69529678830634,78.49613955301906,0.2847526631434909,6.552941123217083
8440.0,115.728759765625,254.76899289257918,13.027046098006924,-223.1423151978933,254.76899289257918,223.1423151978933,176.2728533828782,12.742293264958047,-229.69525601581037,78.49613950970098,0.284752833048878,6.552940817917075
8448.0,115.83853912353516,254.7689968350609,13.027055875626605,-223.14231782287837,254.7689968350609,223.14231782287837,176.27285731605508,12.742303127710095,-229.69525881601763,78.49613951900582,0.2847527479165106,6.552940993139251
8456.0,115.94832611083984,254.76899272010647,13.027069464029378,-223.14231372403978,254.76899272010647,223.14231372403978,176.272853250176,12.742316750809657,-229.69525494781936,78.49613946993045,0.2847527132197203,6.552941223779593
8464.0,116.05809783935547,254.7689995973777,13.027077585827572,-223.1423052897093,254.7689995973777,223.1423052897093,176.2728599795046,12.742324997317263,-229.69524636238515,78.4961396178731,0.28475258851030816,6.552941072675855
8472.0,116.1678695678711,254.76899529463475,13.027094370231607,-223.14228483171976,254.76899529463475,223.14228483171976,176.27285544145843,12.742341658039258,-229.6952258129034,78.49613985317633,0.2847527121923483,6.552940981183651
8480.0,116.27764892578125,254.76900475090957,13.027103984471395,-223.14225152125812,254.76900475090957,223.14225152125812,176.272865182644,12.742351377195792,-229.6951924681607,78.49613956826555,0.2847526072756037,6.552940946902606
8488.0,116.3874282836914,254.76899671898605,13.02711315960093,-223.14225204349577,254.76899671898605,223.14225204349577,176.27285699742882,12.74236068363307,-229.6951929900863,78.49613972155723,0.28475247596786035,6.55294094659053
8496.0,116.4971923828125,254.76901267828356,13.027126319978867,-223.14224935129008,254.76901267828356,223.14224935129008,176.2728733151413,12.7423736811911,-229.69519028910872,78.49613936314225,0.28475263878776635,6.55294093781865
8504.0,116.60697174072266,254.76902149134358,13.027138087307096,-223.14223656051882,254.76902149134358,223.14223656051882,176.27288185720568,12.742385340515611,-229.69517757008077,78.4961396341379,0.2847527467914852,6.552941009561936
8512.0,116.71675872802734,254.76901294945915,13.027152531189639,-223.1422147893308,254.76901294945915,223.1422147893308,176.27287330544436,12.742399653638575,-229.6951557730219,78.49613964401479,0.28475287755106304,6.552940983691099
8520.0,116.8265380859375,254.76900585949195,13.027159075808171,-223.14219867525546,254.76900585949195,223.14219867525546,176.2728662825262,12.742406622183793,-229.69513981577313,78.49613957696576,0.28475245362437906,6.552941140517682
8528.0,116.9363021850586,254.76901438934357,13.027173666794615,-223.14220096268448,254.76901438934357,223.14220096268448,176.2728748839337,12.742420944345369,-229.69514205973812,78.49613950540987,0.2847527224492463,6.552941097053635
8536.0,117.04608154296875,254.7690283536981,13.027182079099308,-223.1421936978512,254.7690283536981,223.1421936978512,176.27288875062345,12.742429500057863,-229.69513474345916,78.49613960307465,0.284752579041446,6.552941045607945
8544.0,117.1558609008789,254.76901522300793,13.027201120292808,-223.14215661321427,254.76901522300793,223.14215661321427,176.2728754416252,12.742448479199073,-229.6950979809683,78.49613978138274,0.28475264109373466,6.552941367754052
8552.0,117.2656478881836,254.76902824965498,13.02721481682354,-223.1421626594782,254.76902824965498,223.1421626594782,176.27288858033228,12.742462099250403,-229.69510376477479,78.49613966932269,0.2847527175731357,6.55294110529659
8560.0,117.37541961669922,254.76903173718978,13.027220450410653,-223.14215943784467,254.76903173718978,223.14215943784467,176.27289194779922,12.742467714518723,-229.69510057166542,78.49613978939057,0.2847527358919302,6.552941133820765
8568.0,117.48519134521484,254.76901986114885,13.027233595318918,-223.14212177215794,254.76901986114885,223.14212177215794,176.27288039468536,12.742481242459503,-229.69506278751732,78.49613946646349,0.2847523528594156,6.5529410153593695
8576.0,117.594970703125,254.76903716179794,13.02724786140481,-223.14212913180359,254.76903716179794,223.14212913180359,176.27289725503158,12.74249518916444,-229.69507018535623,78.49613990676637,0.2847526722403684,6.552941053552653
8584.0,117.70475006103516,254.7690334539302,13.027259946044044,-223.14211913599928,254.7690334539302,223.14211913599928,176.27289375612798,12.742507343151246,-229.69506009828058,78.4961396978022,0.2847526028927976,6.552940962281305
8592.0,117.81452178955078,254.76902781586708,13.027269818927957,-223.14207063725223,254.76902781586708,223.14207063725223,176.27288795325467,12.74251706374029,-229.695011519528,78.49613986261241,0.28475275518766585,6.552940882275774
8600.0,117.9242935180664,254.76903426095458,13.027274518369996,-223.1420776592451,254.76903426095458,223.1420776592451,176.2728946438644,12.742521686333967,-229.6950187317527,78.4961396170902,0.28475283203602775,6.552941072507589
8608.0,118.0340805053711,254.76903403501646,13.027293631735844,-223.14204832524814,254.76903403501646,223.14204832524814,176.27289412502387,12.742540988549573,-229.69498950527685,78.49613990999259,0.2847526431862706,6.5529411800286965
8616.0,118.14385986328125,254.7690451393081,13.027309789357602,-223.14205518704452,254.7690451393081,223.14205518704452,176.27290538949913,12.74255703922152,-229.69499621525557,78.49613974980898,0.28475275013608137,6.552941028211041
8624.0,118.25363159179688,254.76904514537097,13.0273168048353,-223.14204353261715,254.76904514537097,223.14204353261715,176.27290525298903,12.742564109358549,-229.69498457608753,78.49613989238195,0.28475269547675097,6.55294104347038
8632.0,118.3634033203125,254.76905221745494,13.027326276440743,-223.1420235890212,254.76905221745494,223.1420235890212,176.27291225093245,12.74257390486108,-229.69496455857944,78.49613996652249,0.2847523715796618,6.552940969558261
8640.0,118.47318267822266,254.769044630676,13.027342280025103,-223.1420394728298,254.769044630676,223.1420394728298,176.27290482369327,12.742589811805523,-229.6949803372341,78.49613980698274,0.2847524682195801,6.552940864404324
8648.0,118.58296966552734,254.76905278859857,13.027351601184106,-223.14200773818922,254.76905278859857,223.14200773818922,176.27291295514198,12.742598887546912,-229.69494879564925,78.4961398334566,0.28475271363719434,6.552941057460025
8656.0,118.6927490234375,254.76904635125595,13.02736268977318,-223.1420007020248,254.76904635125595,223.1420007020248,176.2729066500436,12.74261003379289,-229.69494192381063,78.49613970121233,0.2847526559802893,6.552941221785836
8664.0,118.8025131225586,254.76904564344292,13.027378738926975,-223.14196829286405,254.76904564344292,223.14196829286405,176.27290607577146,12.742626077409716,-229.69490950520682,78.49613956767146,0.28475266151725975,6.552941212342779
8672.0,118.91229248046875,254.76905592876787,13.027395097325062,-223.1419714207941,254.76905592876787,223.1419714207941,176.2729161602791,12.742642508126014,-229.69491237178642,78.49613976848877,0.2847525891990488,6.552940950992317
8680.0,119.0220718383789,254.7690544344083,13.02740598666282,-223.1419460342912,254.7690544344083,223.1419460342912,176.27291446608228,12.742653569794673,-229.69488702996966,78.496139968326,0.2847524168681477,6.552940995678469
8688.0,119.1318588256836,254.76905421753452,13.027419431285995,-223.14194080942906,254.76905421753452,223.14194080942906,176.2729143185269,12.742666855343007,-229.69488196677707,78.49613989900763,0.284752575942989,6.552941157348002
8696.0,119.24163055419922,254.76905907760886,13.027426473363677,-223.1419363184632,254.76905907760886,223.1419363184632,176.27291938849567,12.7426738569321,-229.69487708588372,78.49613968911319,0.28475261643157745,6.552940767420536
8704.0,119.35140228271484,254.76906575887807,13.027440887743312,-223.1419282997008,254.76906575887807,223.1419282997008,176.2729257629998,12.742688482222977,-229.69486899966404,78.4961399958783,0.2847524055203352,6.552940699963244
8712.0,119.461181640625,254.76905659935,13.027448227804937,-223.14190404295533,254.76905659935,223.14190404295533,176.27291700704956,12.742695578667139,-229.69484496548793,78.49613959230042,0.2847526491377992,6.552940922532608
8720.0,119.57096099853516,254.76906791436386,13.027469382324348,-223.14188793065617,254.76906791436386,223.14188793065617,176.2729284705528,12.742716735750239,-229.69482885349186,78.49613944381105,0.28475264657410815,6.552940922835683
8728.0,119.6807632446289,254.76906466027395,13.027483129361828,-223.1418727919782,254.76906466027395,223.1418727919782,176.27292499117135,12.742730538676796,-229.6948137279303,78.4961396691026,0.284752590685033,6.552940935952105
8736.0,119.79055786132812,254.76908279321106,13.02749220747267,-223.1418856439195,254.76908279321106,223.1418856439195,176.2729432402922,12.74273961186438,-229.69482661105178,78.49613955291886,0.28475259560829125,6.552940967132287
8744.0,119.90033721923828,254.76906826232243,13.02750008208648,-223.14184525419066,254.76906826232243,223.14184525419066,176.27292864351378,12.74274791894814,-229.69478612977178,78.49613961880866,0.28475216313833984,6.552940875581125
8752.0,120.0101089477539,254.76908195511396,13.027512029209975,-223.14185248098298,254.76908195511396,223.14185248098298,176.272942242037,12.742759546868367,-229.69479358987974,78.49613971307696,0.28475248234160766,6.552941108896761
