step,t_u_l,fx_solver,fy_solver,fz_solver,drag_solver,downforce_solver,pressure_fx_solver,pressure_fy_solver,pressure_fz_solver,viscous_fx_solver,viscous_fy_solver,viscous_fz_solver
8.0,0.09008993953466415,540.9404862828892,15.924813847153642,-277.1320550314963,540.9404862828892,277.1320550314963,324.9886474142843,15.43809088729191,-302.90995179683097,215.95183886860485,0.4867229598617322,25.777896765334667
16.0,0.18656452000141144,447.12177158712007,15.13411904678447,-266.85756603303537,447.12177158712007,266.85756603303537,279.7301743750151,14.459492575823251,-288.60733336878786,167.39159721210498,0.6746264709612184,21.74976733575251
24.0,0.2860400378704071,415.6373753678219,14.577012037685247,-283.1409549550788,415.6373753678219,283.1409549550788,271.3948655029534,13.723418255405054,-302.74502052787057,144.2425098648685,0.8535937822801927,19.604065572791715
32.0,0.38819992542266846,381.6743020620604,14.17736724278409,-286.8188686242764,381.6743020620604,286.8188686242764,251.3862861985488,13.178664928253994,-304.5058037622322,130.28801586351165,0.9987023145300951,17.686935137955814
40.0,0.49184098839759827,363.3007685679788,13.880628844318691,-296.3985467078083,363.3007685679788,296.3985467078083,242.32669628377846,12.77086948091786,-312.27788210026915,120.97407228420039,1.1097593634008314,15.879335392460835
48.0,0.59674471616745,351.4772359770026,13.782138657873494,-304.42797278696594,351.4772359770026,304.42797278696594,237.0478851642303,12.59001671988523,-318.68742207919166,114.42935081277224,1.1921219379882628,14.259449292225742
56.0,0.7026867866516113,343.51290400296773,13.546594265932582,-312.2377845043522,343.51290400296773,312.2377845043522,233.87578370605624,12.292758051819774,-325.0795411938955,109.63712029691146,1.2538362141128074,12.841756689543345
64.0,0.8093233108520508,337.1837787516016,13.467442730600489,-317.673820540781,337.1837787516016,317.673820540781,231.18048856312282,12.16651127334478,-329.28901416180383,106.00329018847881,1.3009314572557082,11.61519362102284
72.0,0.9166077971458435,331.1898611057285,13.449503697532062,-320.7910639694996,331.1898611057285,320.7910639694996,228.06802369803995,12.112257165709961,-331.35350193292754,103.12183740768853,1.3372465318221007,10.562437963427978
80.0,1.024471402168274,326.2072686005339,13.307448465783015,-323.169941206346,326.2072686005339,323.169941206346,225.43693929954148,11.942050351196142,-332.82852016490665,100.77032930099244,1.365398114586873,9.658578958560657
88.0,1.1327259540557861,322.2805501866252,13.225471241713105,-324.5412603889405,322.2805501866252,324.5412603889405,223.43000484410143,11.837812164974668,-333.4369555173292,98.85054534252379,1.3876590767384367,8.895695128388706
96.0,1.241324782371521,319.5512125662736,13.170742778849792,-325.6292613958909,319.5512125662736,325.6292613958909,222.224727237074,11.765447856393706,-333.8954074237185,97.3264853291996,1.405294922456087,8.266146027827562
104.0,1.3502459526062012,317.3645718198553,13.068011565339736,-326.1410657420712,317.3645718198553,326.1410657420712,221.22879200441537,11.648736858650215,-333.8972538823078,96.13577981543997,1.4192747066895204,7.756188140236577
112.0,1.4594388008117676,315.04688376185334,13.009501913742177,-325.62834893752085,315.04688376185334,325.62834893752085,219.86797698246062,11.580370730651069,-332.9792787534424,95.17890677939273,1.4291311830911093,7.350929815921533
120.0,1.5688376426696777,312.33285596170055,12.939863355517549,-324.0658296172579,312.33285596170055,324.0658296172579,217.97315627991773,11.503670755462977,-331.10174425051156,94.35969968178281,1.4361926000545706,7.035914633253652
128.0,1.6784030199050903,309.73158944848683,12.819521764750892,-322.1396254849964,309.73158944848683,322.1396254849964,216.09455640705522,11.378657006632173,-328.93868511084327,93.63703304143161,1.4408647581187193,6.79905962584691
136.0,1.7881059646606445,307.7143031039736,12.714346150963804,-320.20911127071713,307.7143031039736,320.20911127071713,214.69069661461182,11.27103425869608,-326.84267856870804,93.02360648936174,1.4433118922677242,6.633567297990933
144.0,1.8979120254516602,306.37615437392014,12.612936190748762,-318.5268939167608,306.37615437392014,318.5268939167608,213.8364119668189,11.168861949048342,-325.05989897346535,92.53974240710122,1.4440742417004198,6.533005056704541
152.0,2.007788896560669,305.3447193250448,12.506195283030152,-316.92161005262216,305.3447193250448,316.92161005262216,213.17296375359723,11.062602171310393,-323.4076319935445,92.1717555714476,1.4435931117197591,6.486021940922324
160.0,2.117708921432495,304.1262518439272,12.419047795315398,-315.0148184090464,304.1262518439272,315.0148184090464,212.25466546835895,10.976824137000799,-321.493410116016,91.87158637556826,1.4422236583145995,6.478591706969578
168.0,2.227654457092285,302.62685732396585,12.325373401405992,-312.8585211619993,302.62685732396585,312.8585211619993,211.03610633053023,10.885269319208996,-319.3550912544145,91.59075099343563,1.440104082196996,6.496570092415206
176.0,2.3376190662384033,301.1715911009448,12.217035521178722,-310.77505246362796,301.1715911009448,310.77505246362796,209.85580706184788,10.779744574707655,-317.3053979823352,91.31578403909693,1.437290946471068,6.5303455187072625
184.0,2.4476003646850586,300.11591479464204,12.117910586613188,-309.0490859980943,300.11591479464204,309.0490859980943,209.0477954690635,10.68406245720949,-315.6248026053389,91.06811932557855,1.433848129403697,6.5757166072445745
192.0,2.557591676712036,299.51161856405304,12.026915862983476,-307.75383451900757,299.51161856405304,307.75383451900757,208.63977320339217,10.596876123339065,-314.3841394022911,90.87184536066088,1.4300397396444104,6.63030488328353
200.0,2.6675832271575928,299.0733077093457,11.945702119777494,-306.6722075077066,299.0733077093457,306.6722075077066,208.34857261818706,10.519626835526815,-313.3624127801609,90.72473509115869,1.4260752842506796,6.690205272454319
208.0,2.7775657176971436,298.46462381367303,11.877641154059367,-305.52724969672073,298.46462381367303,305.52724969672073,207.86611691908087,10.455533674443014,-312.27698209012755,90.59850689459213,1.4221074796163529,6.7497323934068065
216.0,2.88753604888916,297.6328609741792,11.808794896679078,-304.3045721121377,297.6328609741792,304.3045721121377,207.16801752077058,10.390625824928325,-311.10817149856234,90.46484345340863,1.4181690717507545,6.8035993864246365
224.0,2.9974968433380127,296.81552394837814,11.736723153525139,-303.1961085953059,296.81552394837814,303.1961085953059,206.4955117173506,10.322580423583384,-310.04581488533694,90.32001223102753,1.414142729941755,6.84970629003109
232.0,3.107452392578125,296.2688700332642,11.670598204969444,-302.3863729081036,296.2688700332642,302.3863729081036,206.08522755999343,10.260505146370733,-309.2758072380156,90.18364247327075,1.4100930585987115,6.8894343299119845
240.0,3.217402458190918,296.02095512383823,11.612639618772416,-301.8892472443245,296.02095512383823,301.8892472443245,205.94545236032525,10.20649066329161,-308.8140582351984,90.07550276351299,1.4061489554808055,6.9248109908738895
248.0,3.3273441791534424,295.8594258857046,11.564840321815293,-301.51875989640274,295.8594258857046,301.51875989640274,205.8639895334905,10.162413659803804,-308.47505509699135,89.99543635221409,1.40242666201149,6.956295200588613
256.0,3.4372730255126953,295.5509314624421,11.524951982766213,-301.0777839409781,295.5509314624421,301.0777839409781,205.62647048515072,10.1260128712175,-308.06020401064933,89.92446097729143,1.3989391115487144,6.98242006967118
264.0,3.547189950942993,295.06827322120114,11.484696687147304,-300.5479530002425,295.06827322120114,300.5479530002425,205.22414628532567,10.089051703131856,-307.54959839722466,89.84412693587548,1.3956449840154477,7.001645396982127
272.0,3.6570990085601807,294.5860864517514,11.442737034289586,-300.06327479217435,294.5860864517514,300.06327479217435,204.83253685215485,10.050249454285524,-307.0776105575361,89.75354959959651,1.392487580004061,7.0143357653617775
280.0,3.7670047283172607,294.2884058644602,11.403257931253734,-299.7570176145424,294.2884058644602,299.7570176145424,204.62056177819358,10.013777955725732,-306.77981454052247,89.66784408626661,1.3894799755280007,7.022796925980066
288.0,3.876908302307129,294.1889711210397,11.369092048004426,-299.62935658620677,294.1889711210397,299.62935658620677,204.58757091472722,9.98241684665501,-306.65879430394506,89.60140020631249,1.3866752013494166,7.029437717738314
296.0,3.986807107925415,294.1318863596198,11.341362387714943,-299.5448255293381,294.1318863596198,299.5448255293381,204.57803193323386,9.957239985640207,-306.57995503213124,89.5538544263859,1.3841224020747354,7.035129502793175
304.0,4.096700668334961,293.956258462755,11.317233076020496,-299.3714960731365,293.956258462755,299.3714960731365,204.44465362531687,9.93540215786876,-306.410673148967,89.51160483743811,1.3818309181517359,7.039177075830549
312.0,4.206589221954346,293.6497418182937,11.291878361543615,-299.1024587186433,293.6497418182937,299.1024587186433,204.18781334789506,9.912124183219987,-306.1431548365983,89.46192847039865,1.3797541783236285,7.0406961179549965
320.0,4.3164753913879395,293.3418505557237,11.264631729518861,-298.8407002252153,293.3418505557237,298.8407002252153,203.937059273013,9.886783811674631,-305.8807132868725,89.40479128271068,1.3778479178442298,7.040013061657172
328.0,4.42636251449585,293.1630192549955,11.23826001775652,-298.68535835422404,293.1630192549955,298.68535835422404,203.8117500076087,9.86216582809353,-305.7240283630514,89.3512692473868,1.3760941896629895,7.038670008827369
336.0,4.536251544952393,293.1183717303647,11.21534397969537,-298.6345086910389,293.1183717303647,298.6345086910389,203.80695217463278,9.840836158096165,-305.67268309751546,89.3114195557319,1.374507821599205,7.038174406476574
344.0,4.646140098571777,293.09480548233364,11.196769829864774,-298.59445093356265,293.09480548233364,298.59445093356265,203.81026733266242,9.823646435323795,-305.63328459057044,89.28453814967119,1.373123394540979,7.038833657007771
352.0,4.756026744842529,292.98020240831215,11.18016611113096,-298.4767965114417,292.98020240831215,298.4767965114417,203.71956295896905,9.808227066649348,-305.51663016692083,89.26063944934307,1.3719390444816117,7.039833655479132
360.0,4.865912914276123,292.7716379023645,11.1625704653586,-298.2842754122304,292.7716379023645,298.2842754122304,203.5408042104662,9.791661284381778,-305.32452726141645,89.23083369189827,1.3709091809768228,7.040251849186052
368.0,4.975799083709717,292.56450109057175,11.14364550611459,-298.0947200387126,292.56450109057175,298.0947200387126,203.36902890583468,9.773656201730066,-305.13480837226723,89.1954721847371,1.3699893043845233,7.040088333554628
376.0,5.085686206817627,292.4508442750248,11.125314833510906,-297.9805511512441,292.4508442750248,297.9805511512441,203.28822129950305,9.756150111326571,-305.0207262880381,89.16262297552177,1.3691647221843342,7.0401751367940175
384.0,5.195575714111328,292.4306320200204,11.109645125717712,-297.9385698406092,292.4306320200204,297.9385698406092,203.29134393980257,9.741194251736957,-304.9799185264513,89.13928808021782,1.3684508739807557,7.041348685842104
392.0,5.305466175079346,292.4210298553199,11.097097666215962,-297.90133338467143,292.4210298553199,297.90133338467143,203.296403490339,9.729237525021716,-304.94493919519164,89.12462636498088,1.3678601411942464,7.043605810520216
400.0,5.415355205535889,292.3440928295654,11.085918196775193,-297.80855059340075,292.3440928295654,297.80855059340075,203.23270368008252,9.718532829635418,-304.85472269064417,89.1113891494829,1.3673853671397753,7.0461720972434
408.0,5.525243759155273,292.20109940627685,11.074148078233772,-297.6650410626023,292.20109940627685,297.6650410626023,203.1077110543102,9.707149724333814,-304.71332060982854,89.09338835196664,1.3669983538999588,7.048279547226229
416.0,5.635132312774658,292.0619716899737,11.061541785295212,-297.5280246650506,292.0619716899737,297.5280246650506,202.99079480112323,9.694875704413896,-304.5778796773808,89.07117688885049,1.3666660808813167,7.049855012330155
424.0,5.745020389556885,291.99090188000514,11.049544253594318,-297.4478530687542,291.99090188000514,297.4478530687542,202.94024283708328,9.68316550119792,-304.49931375075823,89.05065904292186,1.366378752396399,7.051460682003998
432.0,5.85491418838501,291.98507195850885,11.039575790833648,-297.42007896997455,291.98507195850885,297.42007896997455,202.94835359385752,9.673431000135805,-304.47371190425963,89.03671836465134,1.3661447906978428,7.053632934285058
440.0,5.964807987213135,291.98396465764915,11.03193876242661,-297.3952589643678,291.98396465764915,297.3952589643678,202.95541012055088,9.665967170420132,-304.4515834522398,89.0285545370983,1.3659715920064772,7.05632448787195
448.0,6.0746989250183105,291.93315390814666,11.025218077011928,-297.3313383366274,291.93315390814666,297.3313383366274,202.91224673702234,9.65936394756132,-304.3903025733225,89.02090717112435,1.3658541294506064,7.058964236695079
456.0,6.184586048126221,291.8360863522673,11.018077000008596,-297.23336060342353,291.8360863522673,297.23336060342353,202.82655228114012,9.652305750656353,-304.2943871445335,89.00953407112715,1.3657712493522434,7.0610265411100075
464.0,6.294475078582764,291.74345048777764,11.010326449698427,-297.1427807234688,291.74345048777764,297.1427807234688,202.74841676446897,9.64462076486648,-304.20527574094933,88.9950337233087,1.365705684831947,7.06249501748055
472.0,6.404365062713623,291.7007662776092,11.003005363070613,-297.094900508898,291.7007662776092,297.094900508898,202.71901765947888,9.637354891733763,-304.15870492871716,88.98174861813033,1.3656504713368518,7.063804419819173
480.0,6.514258861541748,291.7029330597409,10.997146830606212,-297.0835599263462,291.7029330597409,297.0835599263462,202.72985134113298,9.631533282505863,-304.1489153013833,88.97308171860789,1.3656135481003489,7.065355375037084
488.0,6.624152660369873,291.70661666585886,10.992773256113882,-297.073631488026,291.70661666585886,297.073631488026,202.7383007323711,9.62717070951954,-304.1407567384508,88.96831593348777,1.3656025465943418,7.067125250424769
496.0,6.734041213989258,291.67372221090096,10.988993136141492,-297.0352702337999,291.67372221090096,297.0352702337999,202.71005010182256,9.623377180744068,-304.10399878693386,88.96367210907839,1.3656159553974225,7.068728553133976
504.0,6.843929767608643,291.6081313675151,10.984778904246527,-296.9730256046027,291.6081313675151,296.9730256046027,202.6519212987371,9.619140375549078,-304.0428519003492,88.956210068778,1.3656385286974497,7.06982629574653
512.0,6.9538187980651855,291.54721034217835,10.979976119006789,-296.9173495514979,291.54721034217835,296.9173495514979,202.600692372576,9.614317375947934,-303.9877977010059,88.94651796960238,1.3656587430588554,7.070448149507984
520.0,7.063711166381836,291.52213053520154,10.97546849931537,-296.89191338761066,291.52213053520154,296.89191338761066,202.5843652522479,9.609794954440698,-303.9628532289311,88.93776528295363,1.3656735448746726,7.070939841320473
528.0,7.173599720001221,291.52850307360177,10.97190864962868,-296.8920326949413,291.52850307360177,296.8920326949413,202.5961848791129,9.606217866927617,-303.9636334126718,88.93231819448883,1.365690782701063,7.071600717730528
536.0,7.283488750457764,291.53399174975186,10.969288462024426,-296.891043401333,291.53399174975186,296.891043401333,202.60443921709782,9.603571296764876,-303.96346458921573,88.92955253265407,1.3657171652595508,7.07242118788277
544.0,7.393377304077148,291.512637545429,10.96698430690901,-296.86887045974174,291.512637545429,296.86887045974174,202.58590847644524,9.601232100200471,-303.94200354201485,88.92672906898375,1.3657522067085393,7.073133082273109
552.0,7.503272533416748,291.46810480324774,10.964263051562728,-296.8293374108613,291.46810480324774,296.8293374108613,202.5462859841152,9.598476323326974,-303.90284829800754,88.92181881913254,1.3657867282357534,7.073510887146277
560.0,7.613161087036133,291.42798150841566,10.961071121433319,-296.79489060985526,291.42798150841566,296.79489060985526,202.5126254089908,9.595257888905644,-303.8684874365,88.91535609942483,1.3658132325276753,7.073596826644741
568.0,7.723049640655518,291.4134538411836,10.95806134621328,-296.7815107274785,291.4134538411836,296.7815107274785,202.5038168358958,9.592229669837495,-303.8551578351072,88.9096370052878,1.3658316763757845,7.07364710762866
576.0,7.8329386711120605,291.4208762461542,10.955672745267126,-296.78547012123494,291.4208762461542,296.78547012123494,202.51457964466704,9.589826227697664,-303.8593442183986,88.90629660148716,1.3658465175694618,7.073874097163661
584.0,7.942830562591553,291.42639444287033,10.953954753143107,-296.7872270718711,291.42639444287033,296.7872270718711,202.52159195375637,9.588089066165102,-303.86148567056904,88.90480248911396,1.3658656869780046,7.074258598697979
592.0,8.052719116210938,291.41194598065783,10.952380438550804,-296.77284311565717,291.41194598065783,296.77284311565717,202.50878139821847,9.586493935910235,-303.8474473443715,88.90316458243935,1.3658865026405698,7.074604228714339
600.0,8.16260814666748,291.3814127450677,10.950488752162453,-296.74614240239686,291.3814127450677,296.74614240239686,202.4814237905112,9.584583903466957,-303.8208944262285,88.89998895455645,1.365904848695497,7.074752023831637
608.0,8.272496223449707,291.3545966373656,10.94827298004621,-296.7232336690836,291.3545966373656,296.7232336690836,202.45886878374176,9.582358346615592,-303.79796856057555,88.89572785362382,1.3659146334306185,7.07473489149199
616.0,8.3823881149292,291.34628388230414,10.946173996896734,-296.71530093241284,291.34628388230414,296.71530093241284,202.45423990117266,9.580256962272019,-303.7900351426909,88.89204398113148,1.3659170346247147,7.074734210278048
624.0,8.492277145385742,291.3531244474405,10.94453930713217,-296.7191631370253,291.3531244474405,296.7191631370253,202.46306478632687,9.578623060826795,-303.79405439312586,88.89005966111365,1.3659162463053751,7.074891256100573
632.0,8.602166175842285,291.3576987220588,10.943389560239773,-296.7205070377653,291.3576987220588,296.7205070377653,202.46836390817083,9.57747267621851,-303.79568855574644,88.88933481388793,1.3659168840212628,7.075181517981128
640.0,8.712054252624512,291.34753239924424,10.942298843118998,-296.70989017657365,291.34753239924424,296.70989017657365,202.45910543775432,9.57637992290432,-303.7853453521237,88.88842696148994,1.365918920214679,7.075455175550086
648.0,8.82194709777832,291.32631893794616,10.940963110652074,-296.69091644033705,291.32631893794616,296.69091644033705,202.43994325762802,9.57504498671419,-303.7665124609488,88.88637568031815,1.3659181239378846,7.075596020611701
656.0,8.931836128234863,291.3084684568752,10.939452074667491,-296.6750748707658,291.3084684568752,296.6750748707658,202.42489332715013,9.573540770320875,-303.75070670051144,88.88357512972502,1.3659113043466158,7.075631829745629
664.0,9.04172420501709,291.30368043945015,10.938024228233228,-296.66977674275284,291.30368043945015,296.66977674275284,202.42247150833933,9.572124582746182,-303.74546598904647,88.88120893111082,1.3658996454870458,7.075689246293596
672.0,9.151613235473633,291.30938213226597,10.93692587333124,-296.67278426173436,291.30938213226597,296.67278426173436,202.42932873993743,9.571040064573891,-303.7486451491603,88.88005339232853,1.3658858087573489,7.075860887425958
680.0,9.261506080627441,291.3129407788594,10.93620548073443,-296.67353140969294,291.3129407788594,296.67353140969294,202.4332004948501,9.57033147109045,-303.7496525873724,88.8797402840093,1.3658740096439805,7.076121177679478
688.0,9.371395111083984,291.3057142937238,10.93550409929618,-296.6656962570762,291.3057142937238,296.6656962570762,202.4264763848861,9.56964013359597,-303.7420579974956,88.8792379088377,1.3658639657002098,7.076361740419355
696.0,9.481284141540527,291.29084211125814,10.934584679242192,-296.6521265076243,291.29084211125814,296.6521265076243,202.4129546285878,9.56873245486066,-303.72862465265786,88.87788748267032,1.3658522243815314,7.076498145033567
704.0,9.591172218322754,291.27901992177203,10.933568213040505,-296.6413602027602,291.27901992177203,296.6413602027602,202.40299992557158,9.567731145278163,-303.717916843676,88.87601999620044,1.3658370677623433,7.0765566409157845
712.0,9.701066017150879,291.2765343148227,10.932654934147727,-296.6381846941799,291.2765343148227,296.6381846941799,202.40203541975688,9.566835751593635,-303.7148112642768,88.87449889506578,1.3658191825540937,7.076626570096917
720.0,9.810955047607422,291.2812480265044,10.931943940258964,-296.64071364820626,291.2812480265044,296.64071364820626,202.40741710882176,9.566142697531413,-303.7174876537821,88.87383091768262,1.3658012427275512,7.076774005575837
728.0,9.920844078063965,291.28358420280256,10.931510494968768,-296.64105661015196,291.28358420280256,296.64105661015196,202.40986724787678,9.565724969796783,-303.7180295277061,88.87371695492581,1.3657855251719846,7.076972917554126
736.0,10.030732154846191,291.27873081476366,10.931049674736672,-296.6357485437349,291.27873081476366,296.6357485437349,202.40530795558072,9.565278328859373,-303.7128953575666,88.87342285918297,1.3657713458772984,7.077146813831705
744.0,10.140625953674316,291.26837691641185,10.930488282693098,-296.62627980522774,291.26837691641185,296.62627980522774,202.3958534852091,9.564731092100882,-303.7035209168606,88.87252343120275,1.3657571905922161,7.077241111632855
752.0,10.25051498413086,291.2604867833087,10.929831571745787,-296.61908831901184,291.2604867833087,296.61908831901184,202.38920618093695,9.564089897676105,-303.69636731889983,88.87128060237174,1.3657416740696822,7.07727899988799
760.0,10.360404014587402,291.2593973872865,10.929201101602407,-296.61751822195896,291.2593973872865,296.61751822195896,202.38911164054952,9.563476877053132,-303.6948417218605,88.87028574673704,1.3657242245492758,7.07732349990152
768.0,10.470292091369629,291.2630748562166,10.928765997799648,-296.61964440326096,291.2630748562166,296.61964440326096,202.39317109785713,9.563057814522828,-303.69706323178605,88.86990375835946,1.3657081832768199,7.0774188285251105
776.0,10.580185890197754,291.26480555720804,10.928494834920985,-296.6201030527743,291.26480555720804,296.6201030527743,202.3949265400535,9.562800329376575,-303.6976486934443,88.86987901715453,1.3656945055444099,7.0775456406699835
784.0,10.690075874328613,291.26144714308447,10.92823653368595,-296.6165021246109,291.26144714308447,296.6165021246109,202.3917239476139,9.562554874856222,-303.6941580054637,88.86972319547056,1.3656816588297294,7.077655880852755
792.0,10.799969673156738,291.25416551778676,10.927892345069086,-296.60985830853,291.25416551778676,296.60985830853,202.3850505637795,9.562221738435447,-303.6875626656004,88.8691149540073,1.3656706066336382,7.0777043570703775
800.0,10.909863471984863,291.2491200583571,10.927417471158515,-296.6055484631884,291.2491200583571,296.6055484631884,202.38083947530146,9.561759624317434,-303.68326480692434,88.86828058305566,1.3656578468410818,7.077716343735895
808.0,11.019749641418457,291.2486430415238,10.92704649339777,-296.60461852442984,291.2486430415238,296.60461852442984,202.38100967112734,9.561400794610165,-303.68235235600264,88.86763337039646,1.3656456987876047,7.077733831572824
816.0,11.129643440246582,291.2514797285401,10.926766570697517,-296.6062863678955,291.2514797285401,296.6062863678955,202.384055552378,9.561132883145772,-303.6840803553656,88.86742417616212,1.3656336875517445,7.077793987470097
824.0,11.239537239074707,291.25287729702677,10.926615511108972,-296.6068001112668,291.25287729702677,296.6068001112668,202.38543261332407,9.560990868252613,-303.68467280319334,88.86744468370269,1.365624642856359,7.077872691926554
832.0,11.349431037902832,291.2503102636411,10.926430985765833,-296.6041051444468,291.2503102636411,296.6041051444468,202.3829472904519,9.560814974474903,-303.68204664840925,88.8673629731892,1.3656160112909301,7.077941503962468
840.0,11.459309577941895,291.24564258407094,10.92625078364842,-296.5997227937651,291.24564258407094,296.5997227937651,202.37867989921185,9.560642288742367,-303.6776936324304,88.86696268485909,1.365608494906053,7.0779708386653
848.0,11.56920337677002,291.24191706117733,10.925915733901688,-296.5964579777138,291.24191706117733,296.5964579777138,202.37550793213558,9.560315607709448,-303.67443468044246,88.86640912904176,1.3656001261922395,7.077976702728694
856.0,11.679097175598145,291.2419493149277,10.925692995107958,-296.59604258823117,291.2419493149277,296.59604258823117,202.37595799465265,9.560101090683547,-303.67403161536737,88.86599132027504,1.3655919044244116,7.077989027136212
864.0,11.78899097442627,291.2437072944032,10.925503854501331,-296.5969444418599,291.2437072944032,296.5969444418599,202.37783937230535,9.559919388524897,-303.67497693730917,88.86586792209783,1.365584465976435,7.078032495449296
872.0,11.898869514465332,291.244959958291,10.925429868860423,-296.59759926343094,291.244959958291,296.59759926343094,202.37904886815696,9.559850729539422,-303.67568756659114,88.86591109013408,1.3655791393210022,7.078088303160214
880.0,12.008763313293457,291.2433811276643,10.92532524359677,-296.5957976667887,291.2433811276643,296.5957976667887,202.37749413336493,9.559751709193797,-303.6739383162036,88.86588699429933,1.3655735344029738,7.078140649414895
888.0,12.118657112121582,291.2399870069329,10.925153296206172,-296.59244069842765,291.2399870069329,296.59244069842765,202.37435968152283,9.559583633852096,-303.6706064551273,88.86562732541003,1.3655696623540756,7.078165756699636
896.0,12.228550910949707,291.23755153400265,10.924936002423015,-296.59035686109223,291.23755153400265,296.59035686109223,202.37227971921146,9.559371392509979,-303.6685328861758,88.86527181479117,1.365564609913036,7.07817602508359
904.0,12.33842945098877,291.23740322965307,10.924796656524514,-296.5897965208945,291.23740322965307,296.5897965208945,202.3724137691844,9.559236895074356,-303.6679858911138,88.86498946046865,1.3655597614501578,7.078189370219341
912.0,12.448323249816895,291.2388368717832,10.92468187124594,-296.5904828198608,291.2388368717832,296.5904828198608,202.3739193634566,9.559126233443422,-303.6687084274489,88.86491750832658,1.365555637802519,7.078225607588083
920.0,12.55821704864502,291.2396220234287,10.924663887206977,-296.5907947819535,291.2396220234287,296.5907947819535,202.37465948658246,9.559111954302892,-303.6690653674614,88.86496253684624,1.3655519329040846,7.0782705855079335
928.0,12.668110847473145,291.23875200374505,10.924575412199983,-296.58966845515664,291.23875200374505,296.58966845515664,202.37378870846732,9.559024976042256,-303.6679813468949,88.86496329527776,1.365550436157728,7.078312891738294
936.0,12.77799129486084,291.2365767249466,10.924478167308868,-296.5873477233391,291.2365767249466,296.5873477233391,202.37175704273716,9.558930328537306,-303.6656881216374,88.86481968220944,1.3655478387715623,7.078340398298285
944.0,12.887885093688965,291.23494847697316,10.924343605381795,-296.5858780883154,291.23494847697316,296.5858780883154,202.3703520777815,9.55879853469053,-303.6642327005681,88.86459639919164,1.365545070691265,7.078354612252745
952.0,12.99777889251709,291.2344468060716,10.924238304507954,-296.5851048782851,291.2344468060716,296.5851048782851,202.37004761003766,9.558695820628692,-303.66347243100086,88.86439919603394,1.365542483879261,7.078367552715766
960.0,13.107672691345215,291.2351846922588,10.924175400207107,-296.58522702307636,291.2351846922588,296.58522702307636,202.37085227475274,9.558635486413776,-303.66362225177204,88.86433241750608,1.3655399137933304,7.078395228695669
968.0,13.217552185058594,291.23590140952393,10.924168227856173,-296.58553293260206,291.23590140952393,296.58553293260206,202.3715455286726,9.558630788176185,-303.66396483878106,88.86435588085132,1.3655374396799886,7.078431906178977
976.0,13.327445983886719,291.23581406804055,10.924155788073636,-296.58508519874425,291.23581406804055,296.58508519874425,202.37142755270713,9.55861907538418,-303.6635501247298,88.8643865153334,1.3655367126894546,7.078464925985558
984.0,13.437339782714844,291.2345462695448,10.924058770220377,-296.58369938424556,291.2345462695448,296.58369938424556,202.37021139418476,9.558522989402125,-303.6621909499002,88.86433487536007,1.365535780818253,7.078491565654634
992.0,13.547233581542969,291.23337697635907,10.92394688406228,-296.58251148895044,291.23337697635907,296.58251148895044,202.3691652148092,9.558412637741917,-303.6610212611897,88.86421176154991,1.3655342463203635,7.078509772239261
1000.0,13.657112121582031,291.23262541901164,10.923870351598026,-296.5817547044702,291.23262541901164,296.5817547044702,202.36855107939974,9.558337336984799,-303.6602739412827,88.8640743396119,1.3655330146132267,7.078519236812483
1008.0,13.767005920410156,291.2328301600643,10.923837476457013,-296.5814847276156,291.2328301600643,296.5814847276156,202.36883792852166,9.558306289723681,-303.66002057257475,88.8639922315426,1.3655311867333313,7.078535844959145
1016.0,13.876899719238281,291.2331650467869,10.923812609567623,-296.5814365415232,291.2331650467869,296.5814365415232,202.36918139430878,9.558283170319672,-303.65999826573864,88.86398365247811,1.3655294392479513,7.078561724215407
1024.0,13.986793518066406,291.23356078998444,10.923819735002219,-296.5814288339741,291.23356078998444,296.5814288339741,202.3695515734605,9.558291268126752,-303.6600194767186,88.86400921652393,1.365528466875467,7.078590642744547
1032.0,14.09666919708252,291.23315191483255,10.923802709708303,-296.5808933157114,291.23315191483255,296.5808933157114,202.36913250576168,9.558274730143442,-303.65950638651356,88.86401940907086,1.3655279795648618,7.078613070802132
1040.0,14.206558227539062,291.2326502341848,10.92371912777633,-296.5800752032373,291.2326502341848,296.5800752032373,202.36865928893354,9.558191612897517,-303.6587101443817,88.86399094525129,1.365527514878813,7.078634941144425
1048.0,14.316447257995605,291.23198361370555,10.923675342891972,-296.5793634263044,291.23198361370555,296.5793634263044,202.36805280554825,9.55815016203407,-303.6580151127357,88.86393080815729,1.3655251808579019,7.078651686431315
1056.0,14.426335334777832,291.2314878133143,10.9236192396264,-296.5787965199208,291.2314878133143,296.5787965199208,202.3676274764982,9.558093705308567,-303.6574594859707,88.86386033681612,1.365525534317833,7.078662966049939
1064.0,14.536224365234375,291.2314233596482,10.923562608339768,-296.57856102822615,291.2314233596482,296.57856102822615,202.3676233627401,9.558039399611221,-303.6572334849952,88.86379999690811,1.3655232087285465,7.078672456769016
1072.0,14.646113395690918,291.2314538932345,10.92359171023065,-296.57814286300874,291.2314538932345,296.57814286300874,202.36766831145505,9.558069441297691,-303.6568336522496,88.8637855817795,1.365522268932958,7.07869078924083
1080.0,14.756001472473145,291.2315054727935,10.92356047705139,-296.5779221493363,291.2315054727935,296.5779221493363,202.36772100016532,9.558038809868673,-303.65663444809593,88.86378447262823,1.3655216671827177,7.078712298759617
1088.0,14.865890502929688,291.2314975886138,10.923550813069594,-296.57766808638075,291.2314975886138,296.57766808638075,202.3677055713667,9.55803072853771,-303.65639913129013,88.86379201724708,1.3655200845318838,7.07873104490938
1096.0,14.975791931152344,291.2314173709083,10.923531916722375,-296.5773933901526,291.2314173709083,296.5773933901526,202.3676251944255,9.558012148314988,-303.65614214897437,88.8637921764828,1.365519768407386,7.078748758821726
1104.0,15.085680961608887,291.2312276859302,10.923524416717175,-296.5769672613532,291.2312276859302,296.5769672613532,202.36743449560532,9.558005280867523,-303.6557335669653,88.86379319032486,1.3655191358496532,7.078766305612064
1112.0,15.195569038391113,291.2310264032624,10.923505516509179,-296.57652518454705,291.2310264032624,296.57652518454705,202.3672431551633,9.557987920768108,-303.65530856842497,88.86378324809908,1.3655175957410712,7.078783383877929
1120.0,15.305458068847656,291.23065084076217,10.923460703427708,-296.57607086189637,291.23065084076217,296.57607086189637,202.36689718979767,9.557943277816316,-303.65486698051734,88.8637536509645,1.3655174256113924,7.078796118620996
1128.0,15.4153470993042,291.23062435794526,10.923431772680113,-296.57587027255533,291.23062435794526,296.57587027255533,202.36689049786202,9.557915673039437,-303.6546780536904,88.86373386008326,1.3655160996406752,7.078807781135084
1136.0,15.525238037109375,291.2304505074744,10.92341782452125,-296.5754820554403,291.2304505074744,296.5754820554403,202.36673379655878,9.557903148486211,-303.65430308938596,88.86371671091561,1.3655146760350385,7.078821033945643
1144.0,15.635127067565918,291.2303008908693,10.923396098875088,-296.5751724429141,291.2303008908693,296.5751724429141,202.3665985453969,9.55788144786115,-303.65400619844587,88.86370234547239,1.3655146510139398,7.0788337555317895
1152.0,15.745015144348145,291.2302658957127,10.923387136885992,-296.5748757081381,291.2302658957127,296.5748757081381,202.36657017805646,9.557874023759128,-303.6537233555117,88.86369571765621,1.3655131131268647,7.0788476473736175
1160.0,15.854911804199219,291.2303167300813,10.92337807721324,-296.5746574581424,291.2303167300813,296.5746574581424,202.366623693308,9.557866254771609,-303.653519010037,88.8636930367733,1.365511822441631,7.078861551894616
1168.0,15.964800834655762,291.23013110960403,10.923385867694728,-296.5742882622608,291.23013110960403,296.5742882622608,202.36643788775135,9.557874369606425,-303.653165274373,88.86369322185271,1.3655114980883027,7.078877012112228
1176.0,16.074689865112305,291.2300264405036,10.923380386842458,-296.5739589342675,291.2300264405036,296.5739589342675,202.36633240620756,9.557870370507588,-303.6528499180613,88.863694034296,1.3655100163348706,7.078890983793784
1184.0,16.184579849243164,291.2297768636845,10.92333681137283,-296.5735867371653,291.2297768636845,296.5735867371653,202.3661018580931,9.557827651282446,-303.6524887119226,88.86367500559138,1.3655091600903824,7.07890197475732
1192.0,16.29446792602539,291.2298941365133,10.923310337636586,-296.5735125185793,291.2298941365133,296.5735125185793,202.3662219515724,9.557802012460575,-303.6524252637854,88.86367218494087,1.3655083251760103,7.07891274520606
1200.0,16.40435791015625,291.2298323204403,10.923331473176345,-296.57322794404405,291.2298323204403,296.57322794404405,202.36615249219366,9.557824422092214,-303.6521556614661,88.86367982824666,1.3655070510841312,7.078927717422087
1208.0,16.514245986938477,291.2295605258562,10.923318045053998,-296.57279790133305,291.2295605258562,296.57279790133305,202.3658853059018,9.557811459731322,-303.6517380853689,88.86367521995439,1.365506585322675,7.078940184035846
1216.0,16.624135971069336,291.22962799930286,10.923307184701605,-296.5726822012828,291.22962799930286,296.5726822012828,202.36595755184302,9.557801656901905,-303.6516338103261,88.86367044745982,1.3655055277997004,7.078951609043278
1224.0,16.734033584594727,291.2294168254235,10.923300113035454,-296.57227811740364,291.2294168254235,296.57227811740364,202.36575169299002,9.557795943741667,-303.6512411631185,88.86366513243352,1.365504169293788,7.078963045714889
1232.0,16.843923568725586,291.22936757574877,10.923273905820558,-296.5720403353737,291.22936757574877,296.5720403353737,202.3657088899155,9.557770467868753,-303.6510146435611,88.86365868583326,1.365503437951804,7.0789743081873935
1240.0,16.953811645507812,291.229373722316,10.923290540305302,-296.57184362921095,291.229373722316,296.57184362921095,202.36570900113088,9.557787906539536,-303.6508303302737,88.86366472118509,1.3655026337657659,7.078986701062773
1248.0,17.06369972229004,291.2291731243748,10.923286848323961,-296.5714841389609,291.2291731243748,296.5714841389609,202.3655109221612,9.557784782245111,-303.6504827172865,88.86366220221365,1.3655020660788506,7.078998578325571
1256.0,17.1735897064209,291.22906321439234,10.923261629861154,-296.57124375056617,291.22906321439234,296.57124375056617,202.36541117641673,9.557760438340456,-303.650251979985,88.86365203797561,1.3655011915206976,7.079008229418822
1264.0,17.283479690551758,291.2289604655581,10.923239761088473,-296.57100760041357,291.2289604655581,296.57100760041357,202.36531304668733,9.557739339040726,-303.650025463259,88.86364741887073,1.3655004220477471,7.079017862845419
1272.0,17.393369674682617,291.2291429105028,10.923248731341118,-296.5710118295153,291.2291429105028,296.5710118295153,202.3654930317642,9.55774893836507,-303.65003974534693,88.86364987873861,1.3654997929760482,7.079027915831631
1280.0,17.503257751464844,291.2289010488129,10.923245228279646,-296.5705695102783,291.2289010488129,296.5705695102783,202.36524818005586,9.557746377846774,-303.64960928336967,88.86365286875704,1.3654988504328716,7.079039773091382
1288.0,17.613157272338867,291.2288231800531,10.923213647215697,-296.57036520294884,291.2288231800531,296.57036520294884,202.36517785158645,9.557715605719206,-303.6494148422011,88.86364532846665,1.3654980414964895,7.079049639252261
1296.0,17.723045349121094,291.22886864983855,10.923227704113833,-296.57024267459116,291.22886864983855,296.57024267459116,202.3652180598848,9.557730504177028,-303.6493027153657,88.86365058995378,1.365497199936804,7.079060040774537
1304.0,17.83293342590332,291.2286786271088,10.923207599263671,-296.5699343363438,291.2286786271088,296.5699343363438,202.36502884618795,9.55771134605689,-303.6490054470313,88.86364978092085,1.365496253206782,7.079071110687516
1312.0,17.942825317382812,291.2286966670635,10.923180126208534,-296.56978789779043,291.2286966670635,296.56978789779043,202.3650552666577,9.557684318407045,-303.648867171535,88.86364140040581,1.3654958078014892,7.0790792737446
1320.0,18.05271339416504,291.22876249659976,10.923191021620017,-296.56966697146504,291.22876249659976,296.56966697146504,202.36510669707252,9.557696440506271,-303.6487573395376,88.86365579952727,1.3654945811137456,7.079090368072557
1328.0,18.1626033782959,291.2285626639271,10.923179738368027,-296.56935345844664,291.2285626639271,296.56935345844664,202.3649088185354,9.557685858411194,-303.6484538567373,88.86365384539171,1.3654938799568326,7.079100398290701
1336.0,18.272491455078125,291.2284331049517,10.923159567232531,-296.5691135385625,291.2284331049517,296.5691135385625,202.36478428815354,9.55766643350139,-303.648222985616,88.86364881679816,1.3654931337311411,7.0791094470534786
1344.0,18.38237953186035,291.22833554759217,10.923109872334342,-296.56891070681155,291.22833554759217,296.56891070681155,202.36469643237052,9.557617759800644,-303.6480272969841,88.86363911522166,1.3654921125336976,7.079116590172557
1352.0,18.492279052734375,291.2284324000465,10.923105571218922,-296.5688367562961,291.2284324000465,296.5688367562961,202.36479056676,9.557614156850432,-303.64796259775994,88.86364183328648,1.3654914143684902,7.079125841463834
1360.0,18.6021671295166,291.2284944733416,10.92312367757657,-296.5687152996142,291.2284944733416,296.5687152996142,202.36483679938152,9.557633063378956,-303.6478521801782,88.86365767396009,1.365490614197613,7.079136880563957
1368.0,18.71205711364746,291.2283433004344,10.923123425939,-296.56841354473636,291.2283433004344,296.56841354473636,202.364679272911,9.557633541807022,-303.64756122064216,88.86366402752338,1.3654898841319794,7.079147675905773
1376.0,18.82194709777832,291.22823034625304,10.9230992901638,-296.5681982718233,291.22823034625304,296.5681982718233,202.36456886298956,9.557610139975928,-303.64735463226486,88.86366148326348,1.3654891501878712,7.079156360441563
1384.0,18.931835174560547,291.22822285169605,10.923087599701914,-296.56806458242744,291.22822285169605,296.56806458242744,202.36456040652578,9.55759936897814,-303.6472299332541,88.86366244517023,1.3654882307237728,7.07916535082663
1392.0,19.041723251342773,291.2282024337082,10.923077764499947,-296.56783510640196,291.2282024337082,296.56783510640196,202.3645390212913,9.557590170802195,-303.6470096767772,88.86366341241688,1.3654875936977515,7.07917457037527
1400.0,19.151613235473633,291.2281987920852,10.92309655176313,-296.5677631657157,291.2281987920852,296.5677631657157,202.36452488156394,9.557609224749534,-303.64694763093297,88.86367391052127,1.3654873270135974,7.079184465217279
1408.0,19.261503219604492,291.22795312679546,10.92307541293909,-296.5673534519814,291.22795312679546,296.5673534519814,202.3642844499258,9.557589277364961,-303.64654626369736,88.86366867686962,1.3654861355741288,7.07919281171601
1416.0,19.371402740478516,291.2279795611811,10.923048909971062,-296.5673011141579,291.2279795611811,296.5673011141579,202.36431689074251,9.557563140816558,-303.6465007222437,88.8636626704386,1.3654857691545037,7.079199608085759
1424.0,19.481290817260742,291.2282017422277,10.923064174088879,-296.5673324604815,291.2282017422277,296.5673324604815,202.36452567520638,9.557579507268041,-303.6465409217508,88.86367606702137,1.3654846668208362,7.079208461269254
1432.0,19.5911808013916,291.2279835629217,10.923079513230292,-296.5669873954894,291.2279835629217,296.5669873954894,202.36430033041367,9.557595109488688,-303.646205502263,88.86368323250801,1.3654844037416036,7.079218106773603
1440.0,19.701068878173828,291.2278057208992,10.92305549878618,-296.5667144951315,291.2278057208992,296.5667144951315,202.36413074818108,9.55757192071521,-303.6459396388096,88.8636749727181,1.3654835780709704,7.0792251436780695
1448.0,19.810956954956055,291.227941921755,10.923039102718123,-296.56671858199155,291.227941921755,296.56671858199155,202.364265397938,9.557555981136503,-303.6459513123467,88.863676523817,1.36548312158162,7.079232730355159
1456.0,19.920846939086914,291.22794509620655,10.923051338248788,-296.5665595700702,291.22794509620655,296.5665595700702,202.36425655679824,9.557569605285419,-303.64580176314837,88.86368853940832,1.3654817329633686,7.079242193078186
1464.0,20.030736923217773,291.2276376413968,10.923044352668331,-296.56617013143136,291.2276376413968,296.56617013143136,202.36395243454427,9.557562801884872,-303.6454199795377,88.86368520685254,1.365481550783459,7.079249848106288
1472.0,20.140625,291.2277256285092,10.923009497625161,-296.566156018056,291.2277256285092,296.566156018056,202.36404833311022,9.557528704592794,-303.64541178928937,88.86367729539896,1.3654807930323671,7.079255771233353
1480.0,20.250524520874023,291.2277430609697,10.923010802531298,-296.56601965213156,291.2277430609697,296.56601965213156,202.3640580345526,9.557530732014431,-303.6452838965092,88.86368502641713,1.365480070516866,7.079264244377661
1488.0,20.360414505004883,291.22759351495995,10.922993054397148,-296.5657465119854,291.22759351495995,296.5657465119854,202.36390527275577,9.55751384893879,-303.64501946859514,88.86368824220419,1.365479205458358,7.079272956609718
1496.0,20.47030258178711,291.22754684022357,10.922973457254088,-296.56564681432246,291.22754684022357,296.56564681432246,202.36386014137577,9.55749505161542,-303.6449270082383,88.86368669884777,1.3654784056386675,7.079280193915877
1504.0,20.580190658569336,291.2274844310276,10.922939621375658,-296.56549274550645,291.2274844310276,296.56549274550645,202.363798214619,9.557461803732238,-303.64478047127676,88.86368621640864,1.3654778176434206,7.079287725770332
1512.0,20.690080642700195,291.22742535266536,10.922912307396896,-296.5653280508669,291.22742535266536,296.5653280508669,202.3637409767274,9.557435187011725,-303.64462259957844,88.86368437593799,1.3654771203851697,7.079294548711499
1520.0,20.799970626831055,291.2275022626926,10.922888793042256,-296.56529391505205,291.2275022626926,296.56529391505205,202.36381169403907,9.557412638069781,-303.64459645269966,88.86369056865354,1.365476154972475,7.079302537647613
1528.0,20.90985870361328,291.2276212555758,10.922904988669185,-296.56526790701656,291.2276212555758,296.56526790701656,202.36391651626684,9.557429450608248,-303.64457944426914,88.86370473930897,1.365475538060937,7.079311537252568
1536.0,21.019746780395508,291.2275595249467,10.922916988705737,-296.56507379258557,291.2275595249467,296.56507379258557,202.3638402532113,9.557441905074,-303.6443942599461,88.86371927173539,1.3654750836317366,7.079320467360578
1544.0,21.129648208618164,291.22749426277835,10.922914267743801,-296.5649132447224,291.22749426277835,296.5649132447224,202.36377116365554,9.557439961097998,-303.6442407141701,88.86372309912282,1.3654743066458033,7.079327469447741
1552.0,21.23953628540039,291.22747998547334,10.922929652369202,-296.5647697502017,291.22747998547334,296.5647697502017,202.36375095152877,9.557455942692874,-303.64410495979814,88.8637290339446,1.3654737096763285,7.079335209596426
1560.0,21.34942626953125,291.2272226854641,10.922900844104607,-296.5644892695013,291.2272226854641,296.5644892695013,202.36349909960018,9.557427603589266,-303.64383072894793,88.86372358586388,1.3654732405153398,7.079341459446638
1568.0,21.459320068359375,291.2272107594679,10.922854833785234,-296.5643775606047,291.2272107594679,296.5643775606047,202.36349738019976,9.557382485896245,-303.6437229780254,88.86371337926815,1.3654723478889892,7.079345417420638
1576.0,21.5692138671875,291.2274080643858,10.922865137593103,-296.5644489392739,291.2274080643858,296.5644489392739,202.36368716260722,9.55739353655763,-303.64380090042613,88.86372090177859,1.3654716010354733,7.079351961152237
1584.0,21.679107666015625,291.22731410382085,10.922874584912481,-296.5642081415508,291.22731410382085,296.5642081415508,202.36358301545133,9.557403563266362,-303.6435686079518,88.86373108836953,1.3654710216461188,7.0793604664009715
1592.0,21.78900146484375,291.2271899885234,10.922866551386957,-296.56397808663104,291.2271899885234,296.56397808663104,202.36345735992808,9.55739596130926,-303.6433454950451,88.86373262859527,1.365470590077697,7.0793674084140195
1600.0,21.898895263671875,291.22703144941835,10.922845516482557,-296.56380984555614,291.22703144941835,296.56380984555614,202.36330494171114,9.557375591104769,-303.64318262445744,88.86372650770721,1.3654699253777882,7.079372778901298
1608.0,22.008773803710938,291.2269285987913,10.92279367787056,-296.5636712395188,291.2269285987913,296.5636712395188,202.3632121797234,9.557324159118306,-303.64304819015956,88.86371641906788,1.3654695187522545,7.0793769506407935
1616.0,22.118667602539062,291.22702269461115,10.922740641908266,-296.5637250988319,291.22702269461115,296.5637250988319,202.3633066402726,9.557271876383972,-303.6431069610572,88.86371605433857,1.3654687655242936,7.0793818622252465
1624.0,22.228561401367188,291.22715593765776,10.922739132261572,-296.5637504273557,291.22715593765776,296.5637504273557,202.36342841876885,9.557271075571926,-303.64313931735524,88.86372751888892,1.365468056689646,7.079388889999509
1632.0,22.338455200195312,291.22724499535235,10.922755111764252,-296.56364763215026,291.22724499535235,296.56364763215026,202.36350028261805,9.55728741293841,-303.6430454071128,88.86374471273432,1.3654676988258423,7.079397774962567
1640.0,22.448348999023438,291.2273237667842,10.922774237460434,-296.56359735001524,291.2273237667842,296.56359735001524,202.36356086515332,9.557306798539011,-303.6430025815673,88.86376290163088,1.3654674389214227,7.07940523155209
1648.0,22.558242797851562,291.2273066183176,10.922791584686285,-296.56347406238257,291.2273066183176,296.56347406238257,202.36352942035623,9.557324958929694,-303.6428862907951,88.86377719796135,1.365466625756591,7.079412228412517
1656.0,22.668136596679688,291.2272088864374,10.922810157578297,-296.56329052648647,291.2272088864374,296.56329052648647,202.3634242764915,9.55734404682551,-303.64270943350607,88.8637846099459,1.3654661107527875,7.079418907019604
1664.0,22.778030395507812,291.22694992076106,10.92278785917873,-296.56303274757056,291.22694992076106,296.56303274757056,202.36317190663164,9.55732171295758,-303.64245686740145,88.86377801412945,1.3654661462211504,7.079424119830915
1672.0,22.887893676757812,291.22678489973174,10.922732550604934,-296.5628242558261,291.22678489973174,296.5628242558261,202.36302288285867,9.557266728207932,-303.6422513472057,88.86376201687307,1.3654658223970029,7.079427091379577
1680.0,22.997787475585938,291.22690498528107,10.922705293992895,-296.5629083421252,291.22690498528107,296.5629083421252,202.36314744083094,9.557240176652234,-303.64233889456364,88.86375754445014,1.3654651173406611,7.079430552438442
1688.0,23.107681274414062,291.22701750401177,10.922725684450368,-296.5628197929857,291.22701750401177,296.5628197929857,202.36325028380756,9.55726166811702,-303.6422575809739,88.86376722020424,1.3654640163333478,7.0794377879881765
1696.0,23.217575073242188,291.2270927878478,10.922761639298628,-296.56268425522967,291.2270927878478,296.56268425522967,202.36330985450707,9.557298193873814,-303.6421299177413,88.86378293334079,1.3654634454248131,7.079445662511595
1704.0,23.327468872070312,291.2269795689802,10.922785594670689,-296.5624843950381,291.2269795689802,296.5624843950381,202.36318828016852,9.557322645336246,-303.64193715425745,88.86379128881168,1.365462949334444,7.079452759219326
1712.0,23.437362670898438,291.22684461639983,10.922770826467584,-296.56227459366744,291.22684461639983,296.56227459366744,202.36305454562734,9.557308250691573,-303.64173307493854,88.86379007077252,1.365462575776011,7.079458481271131
1720.0,23.547256469726562,291.2267449299219,10.922738889588215,-296.56213374613895,291.2267449299219,296.56213374613895,202.36295877844782,9.557276990576423,-303.6415974132311,88.86378615147405,1.3654618990117928,7.0794636670921465
1728.0,23.657150268554688,291.2267437487352,10.922717144787455,-296.5620830427573,291.2267437487352,296.5620830427573,202.3629609973186,9.557255669973735,-303.64155170451903,88.86378275141661,1.3654614748137213,7.079468661761724
1736.0,23.76701545715332,291.2268664371204,10.92271340540996,-296.56209517846247,291.2268664371204,296.56209517846247,202.3630755576049,9.557252607090724,-303.6415699982813,88.86379087951552,1.365460798319236,7.079474819818836
1744.0,23.876909255981445,291.2267562733955,10.92271592111314,-296.561881619502,291.2267562733955,296.561881619502,202.3629584405027,9.557255436014461,-303.64136316282816,88.86379783289279,1.3654604850986787,7.079481543326127
1752.0,23.98680305480957,291.226587477213,10.922679950795693,-296.5616900969233,291.226587477213,296.5616900969233,202.36279409003566,9.557220289683482,-303.6411763126182,88.86379338717734,1.3654596611122123,7.079486215694873
1760.0,24.096696853637695,291.22667574546483,10.922657942287007,-296.561703006125,291.22667574546483,296.561703006125,202.36288478404083,9.557199095173043,-303.6411940785517,88.86379096142403,1.3654588471139628,7.07949107242664
1768.0,24.20659065246582,291.22682475376973,10.922664454987785,-296.5617520083804,291.22682475376973,296.5617520083804,202.36302115479359,9.557205571023106,-303.64124896978666,88.86380359897618,1.3654588839646786,7.079496961406293
1776.0,24.316484451293945,291.22674069944344,10.922673686040131,-296.56151662035705,291.22674069944344,296.56151662035705,202.36292604051184,9.557215790897269,-303.6410207289702,88.86381465893159,1.365457895142863,7.07950410861317
1784.0,24.42637825012207,291.22657631129607,10.922665591876127,-296.5613198157903,291.22657631129607,296.5613198157903,202.36276214837568,9.55720790268834,-303.6408293888459,88.86381416292042,1.3654576891877874,7.07950957305561
1792.0,24.536272048950195,291.2265453264622,10.922633312691648,-296.56124349142766,291.2265453264622,296.56124349142766,202.36273568344475,9.557176518232954,-303.64075716506443,88.86380964301745,1.365456794458694,7.079513673636767
1800.0,24.64613914489746,291.22660329554355,10.922621359147774,-296.5612330210853,291.22660329554355,296.5612330210853,202.3627886954949,9.557165007277636,-303.64075214214415,88.86381460004864,1.365456351870138,7.079519121058854
1808.0,24.756032943725586,291.2265058643144,10.922614246350488,-296.5610642885487,291.2265058643144,296.5610642885487,202.3626877938525,9.55715828481378,-303.6405889346589,88.86381807046189,1.3654559615367075,7.079524646110181
1816.0,24.86592674255371,291.2264200186327,10.922584591330693,-296.56092241735627,291.2264200186327,296.56092241735627,202.36260626710725,9.557128981496614,-303.64045185617755,88.86381375152547,1.3654556098340787,7.079529438821263
1824.0,24.975820541381836,291.22656236850946,10.922578456246276,-296.5610108957587,291.22656236850946,296.5610108957587,202.36274354786954,9.557123275803686,-303.6405453585586,88.8638188206399,1.3654551804425903,7.079534462799848
1832.0,25.08571434020996,291.2265131529257,10.922575185978147,-296.56085365122055,291.2265131529257,296.56085365122055,202.36268447698995,9.557120712802819,-303.6403936920183,88.86382867593571,1.365454473175327,7.079540040797719
1840.0,25.195608139038086,291.2263789669314,10.922556765653653,-296.5606605451389,291.2263789669314,296.5606605451389,202.3625503008748,9.557102695577147,-303.6402054238517,88.86382866605662,1.3654540700765065,7.079544878712775
1848.0,25.30550193786621,291.2263461437459,10.922532787475618,-296.5606069590972,291.2263461437459,296.5606069590972,202.36252077252826,9.557078823605961,-303.6401564672769,88.86382537121762,1.3654539638696572,7.079549508179695
1856.0,25.415395736694336,291.2264026831276,10.922520562871773,-296.56057181058975,291.2264026831276,296.56057181058975,202.36257384585076,9.557067636520689,-303.64012585162766,88.86382883727687,1.3654529263510846,7.079554041037934
1864.0,25.52526092529297,291.2264020663016,10.922517696752442,-296.56047276005927,291.2264020663016,296.56047276005927,202.3625671075257,9.557065065750567,-303.64003249909126,88.86383495877593,1.3654526310018744,7.079559739031981
1872.0,25.635154724121094,291.22630566258755,10.922508772364365,-296.5603527993265,291.22630566258755,296.5603527993265,202.3624681240238,9.557056407427403,-303.63991722046615,88.86383753856376,1.3654523649369619,7.079564421139647
1880.0,25.74504852294922,291.22616798358786,10.922470050939374,-296.5602035934748,291.22616798358786,296.5602035934748,202.3623357091081,9.557018091707324,-303.63977148614345,88.86383227447973,1.3654519592320509,7.079567892668666
1888.0,25.854942321777344,291.2261415098729,10.922424982051714,-296.56019259711036,291.2261415098729,296.56019259711036,202.36231485765867,9.556973483509141,-303.6397638120827,88.86382665221423,1.3654514985425723,7.079571214972367
1896.0,25.96483612060547,291.2261409998108,10.922390545312261,-296.56019612341845,291.2261409998108,296.56019612341845,202.36231505011676,9.556939834642824,-303.63977050922506,88.86382594969405,1.3654507106694378,7.079574385806609
1904.0,26.074729919433594,291.2262314036369,10.922369834952264,-296.5601675837279,291.2262314036369,296.5601675837279,202.3624007346708,9.55691952303277,-303.6397464416329,88.8638306689661,1.3654503119194938,7.079578857905003
1912.0,26.18462371826172,291.226353740421,10.922369288812282,-296.56023985425963,291.226353740421,296.56023985425963,202.36250988094798,9.556919377282494,-303.63982382064705,88.86384385947304,1.3654499115297887,7.079583966387398
1920.0,26.294517517089844,291.226349526465,10.922377934158803,-296.56011239112945,291.226349526465,296.56011239112945,202.36249361483033,9.556928398820872,-303.63970192580246,88.86385591163469,1.3654495353379295,7.079589534673013
1928.0,26.404382705688477,291.2263456277799,10.922378583397158,-296.560040702338,291.2263456277799,296.560040702338,202.36247993795018,9.556929569276884,-303.6396350607579,88.86386568982974,1.3654490141202742,7.079594358419937
1936.0,26.5142765045166,291.2263516507544,10.92238892288783,-296.55995621828185,291.2263516507544,296.55995621828185,202.36247794393836,9.556940073206126,-303.639554860118,88.86387370681604,1.3654488496817039,7.079598641836136
1944.0,26.624170303344727,291.22628931313227,10.922388366686963,-296.5598460811009,291.22628931313227,296.5598460811009,202.36240987714922,9.556939840429557,-303.6394496427803,88.86387943598302,1.3654485262574072,7.079603561679413
1952.0,26.73406410217285,291.2261951834196,10.922393028409129,-296.5597026290364,291.2261951834196,296.5597026290364,202.36231638709026,9.556944667463554,-303.63931003572867,88.86387879632935,1.3654483609455739,7.079607406692297
1960.0,26.843957901000977,291.2260557257042,10.922362196987685,-296.5595649185511,291.2260557257042,296.5595649185511,202.362183696415,9.556914295161285,-303.63917566849364,88.86387202928921,1.3654479018263999,7.079610749942575
1968.0,26.9538516998291,291.22594975042864,10.922333196028408,-296.5594778965234,291.22594975042864,296.5594778965234,202.36208742608275,9.556885987998374,-303.63909026924733,88.86386232434592,1.3654472080300328,7.0796123727239415
1976.0,27.063745498657227,291.2259889328529,10.92230600569981,-296.5594936734267,291.2259889328529,296.5594936734267,202.36213149726478,9.556858991360116,-303.6391079450582,88.86385743558809,1.3654470143396944,7.079614271631505
1984.0,27.17363929748535,291.22619933502267,10.922306820873166,-296.5595814083731,291.22619933502267,296.5595814083731,202.36233314008945,9.556860128317897,-303.639199769493,88.8638661949332,1.365446692555269,7.0796183611199135
1992.0,27.28350257873535,291.2262125487398,10.922340792425107,-296.55948173046033,291.2262125487398,296.55948173046033,202.36233156940418,9.556894896687348,-303.63910512790113,88.86388097933562,1.3654458957377589,7.079623397440778
2000.0,27.393400192260742,291.2261014662449,10.922345492566063,-296.55928271057934,291.2261014662449,296.55928271057934,202.36221649804042,9.556899534431725,-303.6389109575997,88.86388496820447,1.365445958134338,7.079628247020353
2008.0,27.503293991088867,291.22603720420625,10.922330958199435,-296.55918040667785,291.22603720420625,296.55918040667785,202.36215148399026,9.556885690010427,-303.6388129163353,88.86388572021602,1.3654452681890086,7.0796325096574755
2016.0,27.613187789916992,291.22603622446104,10.92231771364475,-296.55912755246476,291.22603622446104,296.55912755246476,202.3621507008689,9.55687274284342,-303.63876393855054,88.8638855235921,1.3654449708013288,7.079636386085758
2024.0,27.723081588745117,291.226053184432,10.92230259359834,-296.5590963494763,291.226053184432,296.5590963494763,202.362162781407,9.556857898261777,-303.6387370098805,88.86389040302495,1.3654446953365633,7.079640660404193
2032.0,27.832975387573242,291.2259935789067,10.922296902155624,-296.55898246415995,291.2259935789067,296.55898246415995,202.36210049788167,9.556853053794859,-303.6386276055841,88.86389308102503,1.365443848360765,7.079645141424113
2040.0,27.942869186401367,291.22593885509787,10.922289940424719,-296.5588423878137,291.22593885509787,296.5588423878137,202.36204667162858,9.5568461860332,-303.6384911725704,88.86389218346929,1.3654437543915199,7.079648784756746
2048.0,28.052762985229492,291.22597341248115,10.92227905580493,-296.55886558768486,291.22597341248115,296.55886558768486,202.3620792579186,9.55683581344817,-303.6385182762094,88.86389415456254,1.36544324235676,7.079652688524581
2056.0,28.162628173828125,291.2260395103534,10.922297277975728,-296.5588190509969,291.2260395103534,296.5588190509969,202.3621394991914,9.55685416156091,-303.6384761560921,88.86390001116206,1.3654431164148182,7.079657105095221
2064.0,28.272520065307617,291.22603535068095,10.922297691619551,-296.5587503257484,291.22603535068095,296.5587503257484,202.36212819254493,9.556855003021722,-303.6384115043369,88.86390715813602,1.3654426885978297,7.079661178588484
2072.0,28.382408142089844,291.22607461940106,10.922317953954076,-296.5586993039178,291.22607461940106,296.5586993039178,202.36216087601872,9.556875652049396,-303.6383647113454,88.86391374338237,1.3654423019046806,7.079665407427587
2080.0,28.492294311523438,291.2260172539922,10.922343089134076,-296.5585842837058,291.2260172539922,296.5585842837058,202.36209833046786,9.556901049165711,-303.63825376860154,88.86391892352435,1.365442039968364,7.079669484895755
2088.0,28.60218620300293,291.22588556423,10.9223335429961,-296.5584156341056,291.22588556423,296.5584156341056,202.36196879389217,9.556891995138049,-303.63808831853487,88.86391677033785,1.3654415478580508,7.07967268442927
2096.0,28.712074279785156,291.2257897731768,10.922311432672771,-296.558320414505,291.2257897731768,296.558320414505,202.36188016075758,9.556870051292506,-303.63799423119116,88.86390961241923,1.3654413813802646,7.079673816686195
2104.0,28.821962356567383,291.22575281043635,10.922293610925383,-296.55825309016063,291.22575281043635,296.55825309016063,202.361848523997,9.556852522364883,-303.6379293566721,88.86390428643938,1.3654410885605002,7.079676266511458
2112.0,28.931852340698242,291.2257998801597,10.922286373874584,-296.5582901323059,291.2257998801597,296.5582901323059,202.36189705871055,9.556845514521731,-303.637968541747,88.8639028214491,1.3654408593528538,7.079678409441128
2120.0,29.04174041748047,291.22578722482916,10.922270250759912,-296.5581723044172,291.22578722482916,296.5581723044172,202.36188210421517,9.556830254402433,-303.63785469071723,88.863905120614,1.365439996357479,7.0796823863000276
2128.0,29.151628494262695,291.2257332633956,10.922251802093736,-296.55812928849105,291.2257332633956,296.55812928849105,202.36182722832075,9.556811976711117,-303.6378141130872,88.86390603507489,1.3654398253826199,7.079684824596115
2136.0,29.261518478393555,291.225681052632,10.92222282434759,-296.5580137568868,291.225681052632,296.5580137568868,202.36177651243344,9.556783571393657,-303.6377021047722,88.8639045401986,1.3654392529539339,7.079688347885399
2144.0,29.37140655517578,291.22570739608494,10.922205741848275,-296.55804980843465,291.22570739608494,296.55804980843465,202.36180325897914,9.556766876707032,-303.63774073932035,88.8639041371058,1.3654388651412435,7.0796909308857225
2152.0,29.481294631958008,291.2258340135275,10.922198603145915,-296.55808758431533,291.2258340135275,296.55808758431533,202.3619220494886,9.556759506273725,-303.6377822803929,88.86391196403888,1.3654390968721906,7.079694696077585
2160.0,29.591184616088867,291.2259441630327,10.922205805969885,-296.5580883450305,291.2259441630327,296.5580883450305,202.36201726735155,9.556767328277632,-303.637787146955,88.86392689568115,1.3654384776922521,7.079698801924519
2168.0,29.701074600219727,291.2259130083684,10.922234998497242,-296.5580294746291,291.2259130083684,296.5580294746291,202.36197425704535,9.556796629632606,-303.63773226807984,88.86393875132309,1.3654383688646354,7.079702793450756
2176.0,29.810964584350586,291.2258201664491,10.922226236432856,-296.5578928745821,291.2258201664491,296.5578928745821,202.3618790809894,9.556788017341695,-303.6375986617511,88.86394108545971,1.365438219091161,7.079705787169
2184.0,29.92087745666504,291.22578359902764,10.922219069932687,-296.55778762085856,291.22578359902764,296.55778762085856,202.36184173138398,9.556780940657404,-303.63749680959023,88.86394186764363,1.3654381292752824,7.0797091887316705
2192.0,30.0307674407959,291.22578467752635,10.92221428423204,-296.5577227483754,291.22578467752635,296.5577227483754,202.36183973054614,9.556776714291567,-303.63743539505845,88.86394494698021,1.3654375699404742,7.079712646683035
2200.0,30.140655517578125,291.2257129328416,10.922217938510268,-296.55763680869313,291.2257129328416,296.55763680869313,202.36176747279353,9.556780757243141,-303.63735283715846,88.86394546004804,1.365437181267128,7.079716028465306
2208.0,30.25054359436035,291.22559503027367,10.922200913148648,-296.5575085948843,291.22559503027367,296.5575085948843,202.36165484990045,9.556764203633506,-303.6372267434166,88.86394018037322,1.3654367095151425,7.079718148532252
2216.0,30.36043357849121,291.2255337251242,10.92218096856009,-296.55746493122365,291.2255337251242,296.55746493122365,202.3616010165631,9.556744574760849,-303.6371842871265,88.8639327085611,1.365436393799241,7.0797193559028315
2224.0,30.470321655273438,291.22556934198144,10.922141466704643,-296.55747718372737,291.22556934198144,296.55747718372737,202.36163943443526,9.556705459702087,-303.63719850640433,88.86392990754615,1.3654360070025562,7.079721322676934
2232.0,30.580209732055664,291.2257342119693,10.922160020084451,-296.55754926251933,291.2257342119693,296.55754926251933,202.361798048465,9.556724251264303,-303.63727363154567,88.86393616350432,1.3654357688201477,7.07972436902631
2240.0,30.690099716186523,291.2257649677456,10.922172356836194,-296.557504164013,291.2257649677456,296.557504164013,202.36181666137122,9.556736801714639,-303.6372316843899,88.86394830637435,1.3654355551215551,7.079727520376939
2248.0,30.79998779296875,291.22565489251633,10.922170576539415,-296.5573429574214,291.22565489251633,296.5573429574214,202.36170378403315,9.556735530876693,-303.6370742213693,88.86395110848318,1.365435045662721,7.079731263947907
2256.0,30.909875869750977,291.2256472626291,10.922176398589558,-296.55729255830414,291.2256472626291,296.55729255830414,202.36169457566317,9.556741591161202,-303.63702689671857,88.86395268696593,1.3654348074283553,7.079734338414431
2264.0,31.01976776123047,291.22560213104987,10.922161953713639,-296.5572487749472,291.22560213104987,296.5572487749472,202.36164863750702,9.55672750454077,-303.63698635562343,88.86395349354288,1.3654344491728676,7.079737580676264
2272.0,31.129655838012695,291.2255127823132,10.922139627628324,-296.5571083674738,291.2255127823132,296.5571083674738,202.3615613546453,9.556705186067708,-303.6368487431514,88.86395142766796,1.365434441560616,7.079740375677598
2280.0,31.239545822143555,291.22547426590137,10.922122088042007,-296.55707456266686,291.22547426590137,296.55707456266686,202.36152619158202,9.556688062058214,-303.6368168358267,88.86394807431937,1.3654340259837938,7.079742273159885
2288.0,31.34943389892578,291.22544631687043,10.922095749906514,-296.55707495781877,291.22544631687043,296.55707495781877,202.36150158498634,9.556661999810018,-303.6368190443609,88.86394473188409,1.3654337500964968,7.079744086542141
2296.0,31.459321975708008,291.22552100062876,10.922067673205863,-296.5570831079621,291.22552100062876,296.5570831079621,202.36157543833457,9.556634308212846,-303.63682970287834,88.86394556229416,1.3654333649930162,7.079746594916231
2304.0,31.569211959838867,291.2256368285198,10.922089290904836,-296.55712771560445,291.2256368285198,296.55712771560445,202.36168145886802,9.556656286593723,-303.63687719756444,88.86395536965176,1.3654330043111131,7.079749481960009
2312.0,31.679122924804688,291.2257209331484,10.922103453755145,-296.55713427274793,291.2257209331484,296.55713427274793,202.36175276615114,9.55667064199,-303.63688707365,88.86396816699728,1.3654328117651455,7.079752800902036
2320.0,31.789011001586914,291.22572722051916,10.92212611567759,-296.55708218328226,291.22572722051916,296.55708218328226,202.36174783041363,9.556693632898584,-303.6368383833756,88.86397939010556,1.3654324827790056,7.079756200093329
2328.0,31.898900985717773,291.22564973221563,10.922141928659778,-296.5569601770229,291.22564973221563,296.5569601770229,202.36166583132558,9.556709573607943,-303.6367189471128,88.86398390089002,1.3654323550518355,7.079758770089891
2336.0,32.0087890625,291.2255538234199,10.922139204626967,-296.5568313683311,291.2255538234199,296.5568313683311,202.36157067260766,9.556707156567498,-303.6365924567177,88.86398315081223,1.365432048059469,7.079761088386622
2344.0,32.11867904663086,291.225499796107,10.92212645227665,-296.55671454122876,291.225499796107,296.55671454122876,202.3615201008073,9.556694823083847,-303.63647788221675,88.8639796952997,1.3654316291928041,7.079763340988009
2352.0,32.22856521606445,291.2255073311154,10.92212348792383,-296.5567103413634,291.2255073311154,296.5567103413634,202.36152806008795,9.55669178327497,-303.6364764118588,88.86397927102749,1.3654317046488618,7.079766070495379
2360.0,32.33845520019531,291.2254738686779,10.92212567199903,-296.5566319065976,291.2254738686779,296.5566319065976,202.36149501783854,9.556694506081573,-303.63640035597246,88.86397885083937,1.365431165917456,7.07976844937487
2368.0,32.44834518432617,291.22540488116715,10.92212992132983,-296.5565763826251,291.22540488116715,296.5565763826251,202.36142890495952,9.556699049053984,-303.63634674964595,88.8639759762076,1.3654308722758461,7.079770367020863
2376.0,32.558231353759766,291.22536074272415,10.922100293342478,-296.55649811743064,291.22536074272415,296.55649811743064,202.3613894974852,9.556669471870531,-303.6362701956416,88.86397124523896,1.3654308214719455,7.079772078210942
2384.0,32.668121337890625,291.2253386687504,10.922093176251694,-296.5564697611954,291.2253386687504,296.5564697611954,202.36137093086177,9.556662838733072,-303.636242601316,88.86396773788866,1.3654303375186232,7.079772840120581
2392.0,32.778011322021484,291.22531342720293,10.92206679129004,-296.5564456750652,291.22531342720293,296.5564456750652,202.3613478502246,9.556636861517903,-303.63622048081015,88.86396557697834,1.3654299297721377,7.079774805744939
2400.0,32.887901306152344,291.2252939512241,10.922052386571686,-296.55637134088363,291.2252939512241,296.55637134088363,202.3613304868733,9.556622865225652,-303.6361479463019,88.8639634643508,1.3654295213460346,7.07977660541825
2408.0,32.9977912902832,291.2254100109563,10.922051683707062,-296.5564527015428,291.2254100109563,296.5564527015428,202.36144197825436,9.556621972755945,-303.6362313951238,88.86396803270195,1.3654297109511166,7.07977869358095
2416.0,33.1076774597168,291.2254585784931,10.92205770898762,-296.55645730803417,291.2254585784931,296.55645730803417,202.3614827147584,9.55662851468298,-303.63623903694156,88.86397586373468,1.3654291943046393,7.079781728907391
2424.0,33.217567443847656,291.2253931196825,10.922060250756015,-296.55635411382826,291.2253931196825,296.55635411382826,202.36141279245183,9.55663111520304,-303.6361388450031,88.86398032723068,1.3654291355529762,7.079784731174835
2432.0,33.327457427978516,291.22534889099455,10.922045564701929,-296.5562916542572,291.22534889099455,296.5562916542572,202.36136742859148,9.556616378432441,-303.6360791406441,88.86398146240309,1.3654291862694883,7.0797874863868415
2440.0,33.4373664855957,291.22531632753606,10.922017639660453,-296.5562436898504,291.22531632753606,296.5562436898504,202.36133458174112,9.556588925529226,-303.63603301304954,88.86398174579493,1.3654287141312267,7.079789323199095
2448.0,33.54725646972656,291.2252825260085,10.921999256110967,-296.55619178408006,291.2252825260085,296.55619178408006,202.36130109333445,9.556571263041313,-303.635983696121,88.8639814326741,1.3654279930696536,7.079791912040968
2456.0,33.65714645385742,291.2252799919685,10.921975838464924,-296.5561972312864,291.2252799919685,296.5561972312864,202.361298367151,9.556547978084833,-303.6359909919848,88.86398162481751,1.3654278603800916,7.079793760698398
2464.0,33.767032623291016,291.2253459940647,10.921968949187947,-296.5562008970557,291.2253459940647,296.5562008970557,202.36136110381563,9.55654121027667,-303.6359968356743,88.86398489024909,1.3654277389112774,7.079795938618566
2472.0,33.876922607421875,291.22535588377593,10.921971181315369,-296.5561556065467,291.22535588377593,296.5561556065467,202.36136463027634,9.556543856230036,-303.6359546609909,88.86399125349956,1.3654273250853335,7.07979905444415
2480.0,33.986812591552734,291.22532069598685,10.921972322306972,-296.55611267896217,291.22532069598685,296.55611267896217,202.36132569561073,9.55654487674065,-303.63591426375706,88.8639950003761,1.3654274455663225,7.079801584794872
2488.0,34.09669876098633,291.2252818737021,10.92195577716337,-296.55604966159467,291.2252818737021,296.55604966159467,202.36128642185363,9.556528538583642,-303.63585337461717,88.86399545184847,1.3654272385797288,7.079803713022491
2496.0,34.20658874511719,291.2252807052238,10.92194899133584,-296.5560382193467,291.2252807052238,296.5560382193467,202.36128466949555,9.556522168939253,-303.6358441922499,88.8639960357282,1.3654268223965869,7.079805972903193
2504.0,34.31647872924805,291.2253245927394,10.92195181245524,-296.5560228955748,291.2253245927394,296.5560228955748,202.36132506254026,9.556524774302309,-303.63583109086045,88.86399953019918,1.3654270381529314,7.079808195285645
2512.0,34.426368713378906,291.2252900941278,10.921949367945386,-296.55597349325245,291.2252900941278,296.55597349325245,202.36128786592673,9.556522552483383,-303.6357837185748,88.86400222820106,1.3654268154620037,7.079810225322371
2520.0,34.536258697509766,291.2252339328086,10.921942053519045,-296.55587099043385,291.2252339328086,296.55587099043385,202.36123058502233,9.556515785040734,-303.635683619859,88.86400334778627,1.3654262684783114,7.079812629425113
2528.0,34.646148681640625,291.22519975185793,10.92194808174967,-296.5558363235697,291.22519975185793,296.5558363235697,202.36119786487643,9.556521901450854,-303.63565056403445,88.8640018869815,1.3654261802988166,7.079814240464768
2536.0,34.756038665771484,291.2251812659724,10.921929808001131,-296.5558168003919,291.2251812659724,296.5558168003919,202.36118025770654,9.556503968886021,-303.63563228727065,88.86400100826592,1.3654258391151106,7.079815486878764
2544.0,34.86592483520508,291.2251581395693,10.921924684553144,-296.5557702462718,291.2251581395693,296.5557702462718,202.36115828202276,9.556498956545713,-303.6355873945044,88.86399985754653,1.36542572800743,7.079817148232646
2552.0,34.97581481933594,291.22515323980826,10.921910459325103,-296.5557482920764,291.22515323980826,296.5557482920764,202.36115431044024,9.556485137952869,-303.6355668421125,88.86399892936804,1.3654253213722343,7.079818550036142
2560.0,35.0857048034668,291.2252109270098,10.921907097314753,-296.55578563596026,291.2252109270098,296.55578563596026,202.36120872154817,9.556481723999326,-303.63560606152134,88.86400220546162,1.3654253733154262,7.079820425561056
2568.0,35.195613861083984,291.22518996858406,10.921917016224214,-296.555687047667,291.22518996858406,296.555687047667,202.36118475970943,9.556491637700272,-303.635510429495,88.86400520887464,1.3654253785239412,7.079823381828007
2576.0,35.305503845214844,291.2251539587208,10.92190370857535,-296.5556429432526,291.2251539587208,296.5556429432526,202.36114742181076,9.556478883522749,-303.6354675955291,88.86400653691004,1.3654248250526022,7.079824652276523
2584.0,35.4153938293457,291.22512417614945,10.921903279397405,-296.5556006116109,291.22512417614945,296.5556006116109,202.36111784068237,9.556478416725724,-303.63542717106066,88.86400633546708,1.3654248626716798,7.079826559449782
2592.0,35.5252799987793,291.22510876363265,10.92188531494659,-296.5555962211568,291.22510876363265,296.5555962211568,202.36110247309193,9.556460818469503,-303.63542408671213,88.86400629054069,1.3654244964770865,7.079827865555355
2600.0,35.635169982910156,291.22510648926834,10.921876983699299,-296.5555802063482,291.22510648926834,296.5555802063482,202.36110084806938,9.556452368735236,-303.6354100545376,88.86400564119899,1.3654246149640628,7.079829848189365
2608.0,35.745059967041016,291.22504196972966,10.921864785402665,-296.5555322983207,291.22504196972966,296.5555322983207,202.36103836807666,9.556440701871152,-303.6353631684882,88.864003601653,1.3654240835315137,7.079830870167468
2616.0,35.854949951171875,291.2250938290208,10.921856104043696,-296.55553854025936,291.2250938290208,296.55553854025936,202.36108943285154,9.556432504984816,-303.63537092733793,88.86400439616926,1.3654235990588803,7.079832387078584
2624.0,35.964839935302734,291.22512093850276,10.921846769475367,-296.5555416074005,291.22512093850276,296.5555416074005,202.36111225970478,9.556423419927405,-303.63537577861837,88.86400867879797,1.3654233495479624,7.079834171217846
2632.0,36.07472610473633,291.22508166882284,10.921845465851149,-296.55546952951244,291.22508166882284,296.55546952951244,202.36107072288013,9.55642229117811,-303.6353056958896,88.86401094594271,1.3654231746730376,7.079836166377166
2640.0,36.18461608886719,291.22506963368124,10.921823883888987,-296.5554856406787,291.22506963368124,296.5554856406787,202.36105871965827,9.55640109219534,-303.6353238997071,88.86401091402297,1.3654227916936472,7.079838259028413
2648.0,36.29450607299805,291.22502919180477,10.921821634929023,-296.55539455637097,291.22502919180477,296.55539455637097,202.36101902438395,9.556399172935938,-303.6352340924375,88.86401016742084,1.3654224619930848,7.079839536066505
2656.0,36.40439224243164,291.22501508963455,10.921808529358403,-296.5553655593132,291.22501508963455,296.5553655593132,202.361004635749,9.556386376366252,-303.63520678365467,88.86401045388557,1.3654221529921517,7.07984122434144
2664.0,36.5142822265625,291.22500910968677,10.921790193250526,-296.5553578223169,291.22500910968677,296.5553578223169,202.3609982626997,9.55636836316177,-303.63520070258954,88.86401084698704,1.365421830088756,7.079842880272614
2672.0,36.62417221069336,291.22499138915225,10.921779928475308,-296.55536672062783,291.22499138915225,296.55536672062783,202.36098008166573,9.5563582048157,-303.63521143054163,88.86401130748652,1.3654217236596078,7.079844709913805
2680.0,36.73405838012695,291.2249820855841,10.921754171082851,-296.55532009018015,291.2249820855841,296.55532009018015,202.36097040368432,9.556332371913115,-303.6351659558302,88.86401168189977,1.3654217991697362,7.079845865650056
2688.0,36.84394836425781,291.2249877074797,10.921748213696743,-296.55533961008723,291.2249877074797,296.55533961008723,202.36097544639586,9.556326770044791,-303.63518722989943,88.86401226108389,1.3654214436519523,7.079847619812173
2696.0,36.953861236572266,291.224972525393,10.921737014944918,-296.55530010257104,291.224972525393,296.55530010257104,202.36095949558444,9.556315761228824,-303.63514897638447,88.8640130298086,1.3654212537160948,7.079848873813451
2704.0,37.063751220703125,291.22496690226995,10.921715537653531,-296.55531781872924,291.22496690226995,296.55531781872924,202.36095279174597,9.556294519221348,-303.6351681953069,88.86401411052398,1.3654210184321829,7.079850376577662
2712.0,37.173641204833984,291.2250111025877,10.921701571003375,-296.55528466749223,291.2250111025877,296.55528466749223,202.3609935128357,9.556281075437383,-303.63513679340804,88.86401758975201,1.3654204955659917,7.079852125915792
2720.0,37.28352737426758,291.22506570613973,10.921713235005766,-296.55528232552444,291.22506570613973,296.55528232552444,202.36104112618682,9.556292815576557,-303.6351364298399,88.86402457995294,1.3654204194292106,7.079854104315463
2728.0,37.39341735839844,291.2250670995321,10.921722450740852,-296.5552824817285,291.2250670995321,296.5552824817285,202.36103654660445,9.55630183107779,-303.63513857374943,88.86403055292766,1.365420619663063,7.079856092020902
2736.0,37.5033073425293,291.2250879045209,10.92171753550815,-296.55527288927425,291.2250879045209,296.55527288927425,202.36105343496908,9.556297618361898,-303.63513066672715,88.86403446955181,1.3654199171462529,7.079857777452884
2744.0,37.61319351196289,291.2250700044146,10.921731164990035,-296.5552196048529,291.2250700044146,296.5552196048529,202.36103210408695,9.556310959194384,-303.6350789901685,88.86403790032766,1.3654202057956506,7.079859385315603
2752.0,37.72308349609375,291.2250746476815,10.921730716731926,-296.5551643064864,291.2250746476815,296.5551643064864,202.36103397388223,9.556310753581297,-303.63502565278577,88.86404067379924,1.3654199631506279,7.079861346299371
2760.0,37.83297348022461,291.22510311459195,10.921746794468868,-296.5551638218235,291.22510311459195,296.5551638218235,202.36105832834477,9.55632700312936,-303.6350263797003,88.86404478624716,1.365419791339509,7.079862557876813
2768.0,37.9428596496582,291.2250472152252,10.921759906770987,-296.555087332874,291.2250472152252,296.555087332874,202.36100061316844,9.556340302110637,-303.6349517293989,88.86404660205672,1.365419604660349,7.079864396524917
2776.0,38.05274963378906,291.22499996800144,10.92175266291863,-296.5550121957571,291.22499996800144,296.5550121957571,202.36095453875814,9.556333105663853,-303.63487787620824,88.8640454292433,1.3654195572547774,7.0798656804511255
2784.0,38.16263961791992,291.22495299800903,10.921756661947692,-296.55494934664625,291.22495299800903,296.55494934664625,202.36091010666843,9.556337372716289,-303.634816042038,88.86404289134059,1.365419289231403,7.07986669539174
2792.0,38.272525787353516,291.2249273725379,10.921760049121602,-296.5549158668939,291.2249273725379,296.5549158668939,202.3608870946552,9.556340514476258,-303.63478320495125,88.86404027788268,1.3654195346453437,7.079867338057315
2800.0,38.38241958618164,291.22491443471836,10.921760187951667,-296.55489022127296,291.22491443471836,296.55489022127296,202.36087651023897,9.55634108213216,-303.6347582020163,88.86403792447936,1.3654191058195069,7.0798679807433365
2808.0,38.492305755615234,291.22490937606426,10.921763447497408,-296.55486689046984,291.22490937606426,296.55486689046984,202.3608725791217,9.556344775495171,-303.63473634344626,88.86403679694257,1.3654186720022374,7.079869452976401
2816.0,38.602195739746094,291.224893893826,10.921759045112529,-296.5548430308193,291.224893893826,296.5548430308193,202.3608578213887,9.556340152858454,-303.6347131800011,88.8640360724373,1.3654188922540755,7.079870149181781
2824.0,38.71210861206055,291.22491267567983,10.921764441803505,-296.5548517238327,291.22491267567983,296.5548517238327,202.3608770776069,9.556345975427897,-303.63472280179656,88.86403559807295,1.3654184663756084,7.079871077963831
2832.0,38.821998596191406,291.2249160096136,10.921767358574039,-296.554814617658,291.2249160096136,296.554814617658,202.36087983963114,9.556349095269457,-303.63468717347814,88.86403616998243,1.3654182633045813,7.079872555820125
2840.0,38.931888580322266,291.22491869138463,10.92175833155204,-296.55478225515344,291.22491869138463,296.55478225515344,202.36088190408327,9.556340383429065,-303.63465606019537,88.86403678730134,1.3654179481229747,7.079873805041929
2848.0,39.041778564453125,291.224919697406,10.921762999863612,-296.55473971623866,291.224919697406,296.55473971623866,202.360881573872,9.55634548957914,-303.6346148448827,88.86403812353402,1.365417510284472,7.079875128644042
2856.0,39.151668548583984,291.2248982668637,10.921773224515551,-296.5547014681207,291.2248982668637,296.5547014681207,202.36085931304632,9.556355197906168,-303.6345783903372,88.86403895381738,1.3654180266093823,7.079876922216518
2864.0,39.26155471801758,291.22490576656185,10.92176781442101,-296.5546954655106,291.22490576656185,296.5546954655106,202.36086531409265,9.55635035575278,-303.6345733124826,88.8640404524692,1.365417458668229,7.079877846972004
2872.0,39.37144470214844,291.2249072486965,10.921762768860019,-296.55466794861127,291.2249072486965,296.55466794861127,202.3608655970564,9.556345337607432,-303.6345471565245,88.86404165164012,1.3654174312525869,7.079879207913222
2880.0,39.4813346862793,291.22488292722727,10.921770868023657,-296.5546296405199,291.22488292722727,296.5546296405199,202.36084069788802,9.556353500797396,-303.6345104495857,88.86404222933926,1.3654173672262604,7.07988080906578
2888.0,39.59122085571289,291.224832689982,10.92175462348111,-296.5545736714842,291.224832689982,296.5545736714842,202.36079164157468,9.55633740242481,-303.634455213438,88.8640410484073,1.3654172210563011,7.079881541953817
2896.0,39.70111083984375,291.2248895891254,10.921753444210136,-296.5546177308172,291.2248895891254,296.5546177308172,202.36084801320231,9.55633643265603,-303.6345004857453,88.86404157592304,1.3654170115541062,7.079882754928113
2904.0,39.81100082397461,291.22490955908955,10.921758095488864,-296.55457124512185,291.22490955908955,296.55457124512185,202.3608645781498,9.556341174371942,-303.63445517539026,88.86404498093975,1.3654169211169207,7.079883930268382
2912.0,39.9208869934082,291.22490036260217,10.921762304564318,-296.5545398932431,291.22490036260217,296.5545398932431,202.36085262656513,9.556345338677183,-303.6344257386157,88.86404773603701,1.3654169658871358,7.0798858453725595
2920.0,40.03077697753906,291.22490121160956,10.92175716793247,-296.5545372252708,291.22490121160956,296.5545372252708,202.36085156218934,9.556340214847985,-303.6344240770033,88.86404964942025,1.365416953084483,7.079886851732483
2928.0,40.14066696166992,291.22486808389823,10.921768433656913,-296.554472717219,291.22486808389823,296.554472717219,202.36081787797124,9.556351782690903,-303.6343606029843,88.86405020592699,1.3654166509660093,7.079887885765275
2936.0,40.25055694580078,291.2248582122819,10.921759905298332,-296.55446001659135,291.2248582122819,296.55446001659135,202.3608077544735,9.556343308812863,-303.6343494513287,88.86405045780842,1.3654165964854685,7.079889434737344
2944.0,40.36044692993164,291.2248438681653,10.92176603933387,-296.55441219683183,291.2248438681653,296.55441219683183,202.36079316371956,9.55634951385285,-303.63430269401726,88.86405070444575,1.3654165254810198,7.079890497185421
2952.0,40.47035598754883,291.224838657831,10.921761918017964,-296.5543974193587,291.224838657831,296.5543974193587,202.3607875827885,9.556345541857995,-303.6342888583175,88.86405107504254,1.3654163761599687,7.079891438958861
2960.0,40.58024597167969,291.22483842699114,10.921772794228717,-296.55436577694667,291.22483842699114,296.55436577694667,202.36078662176297,9.556356647881874,-303.63425809460125,88.8640518052282,1.3654161463468442,7.079892317654564
2968.0,40.69013595581055,291.224835553371,10.921764176560892,-296.554361991862,291.224835553371,296.554361991862,202.36078312278534,9.556348212123222,-303.6342559675723,88.8640524305857,1.3654159644376693,7.0798939757102985
2976.0,40.80002212524414,291.2248321931055,10.92176874945041,-296.55434840612213,291.2248321931055,296.55434840612213,202.36077946140162,9.55635273660885,-303.63424317179613,88.86405273170385,1.3654160128415593,7.079894765673994
2984.0,40.909912109375,291.22482319239214,10.92175618220884,-296.55431271997503,291.22482319239214,296.55431271997503,202.36076938231741,9.556340384819766,-303.6342087913084,88.86405381007471,1.365415797389075,7.079896071333375
2992.0,41.01980209350586,291.22481718247195,10.92175884601697,-296.5542840260432,291.22481718247195,296.5542840260432,202.36076254857215,9.556343351249609,-303.6341812005528,88.86405463389977,1.3654154947673616,7.079897174509578
3000.0,41.12969207763672,291.22483361777836,10.921759789198447,-296.5542880232376,291.22483361777836,296.5542880232376,202.36077836599597,9.556344596326788,-303.63418634975346,88.86405525178242,1.3654151928716587,7.079898326515873
3008.0,41.23958206176758,291.22481019875727,10.921764405157987,-296.55423974989844,291.22481019875727,296.55423974989844,202.36075451582198,9.556349140438048,-303.63413895148244,88.86405568293526,1.3654152647199398,7.079899201583993
3016.0,41.34947204589844,291.22479797045503,10.92177502565345,-296.55420811124395,291.22479797045503,296.55420811124395,202.36074143717448,9.556359737865456,-303.63410845362546,88.86405653328052,1.3654152877879926,7.079900342381512
3024.0,41.4593620300293,291.22479386747136,10.921763337458101,-296.55419285501455,291.22479386747136,296.55419285501455,202.3607370471774,9.556347817415778,-303.6340939195982,88.864056820294,1.365415520042323,7.079901064583606
3032.0,41.56924819946289,291.2247967289718,10.921768833309867,-296.55417121882846,291.2247967289718,296.55417121882846,202.36073948118283,9.556353782262965,-303.6340734325599,88.86405724778894,1.3654150510469028,7.07990221373143
3040.0,41.67913818359375,291.224875727862,10.921774727752577,-296.55421375841934,291.224875727862,296.55421375841934,202.36081561917186,9.556359633232795,-303.6341172752275,88.86406010869018,1.3654150945197823,7.0799035168081295
3048.0,41.78902816772461,291.2249212890896,10.921794550604794,-296.55421129701637,291.2249212890896,296.55421129701637,202.36085532225025,9.556379596436928,-303.6341161830177,88.86406596683936,1.3654149541678664,7.079904886001288
3056.0,41.8989143371582,291.2249330050854,10.921807560801007,-296.55416904916336,291.2249330050854,296.55416904916336,202.3608619942682,9.556392726600787,-303.6340750986574,88.86407101081718,1.36541483420022,7.079906049494038
3064.0,42.00880432128906,291.22492026089776,10.921829070666044,-296.5541129124672,291.22492026089776,296.5541129124672,202.36084602524193,9.556414625442418,-303.63401999963867,88.86407423565582,1.3654144452236263,7.079907087171481
3072.0,42.11869430541992,291.2249060798663,10.92184394828134,-296.5540638406658,291.2249060798663,296.5540638406658,202.36083057947758,9.556429762518128,-303.63397202537897,88.8640755003887,1.365414185763212,7.079908184713182
3080.0,42.228607177734375,291.22488145995817,10.921858486390633,-296.5540193969171,291.22488145995817,296.5540193969171,202.36080482962643,9.556444053020163,-303.63392871105737,88.86407663033171,1.3654144333704705,7.0799093141402505
3088.0,42.338497161865234,291.22488293112036,10.92186988012297,-296.55402099546995,291.22488293112036,296.55402099546995,202.36080661413973,9.556455637941792,-303.6339311326419,88.86407631698061,1.365414242181177,7.079910137171941
3096.0,42.44838333129883,291.2248421141676,10.921877851103904,-296.5538899306942,291.2248421141676,296.5538899306942,202.3607662867537,9.556463374831855,-303.6338008903424,88.86407582741393,1.365414476272048,7.0799109596481795
3104.0,42.55827331542969,291.22484309785807,10.921891501570295,-296.5539122681752,291.22484309785807,296.5539122681752,202.36076784328407,9.556477264662224,-303.63382395828535,88.86407525457398,1.3654142369080706,7.079911690110147
3112.0,42.66816329956055,291.2248316637481,10.921908164971494,-296.55384318396017,291.2248316637481,296.55384318396017,202.36075710721377,9.556494222107695,-303.63375546377284,88.86407455653433,1.3654139428638006,7.079912279812654
3120.0,42.77805709838867,291.22482288118067,10.921923661336788,-296.55379447083817,291.22482288118067,296.55379447083817,202.3607488008517,9.55650934441211,-303.6337074746924,88.86407408032898,1.365414316924678,7.079913003854267
3128.0,42.8879508972168,291.22481151628494,10.921926229724711,-296.5537686955408,291.22481151628494,296.5537686955408,202.36073828120783,9.556512049434655,-303.6336825465117,88.86407323507714,1.365414180290057,7.079913850970905
3136.0,42.99784851074219,291.2247394679016,10.921936657781622,-296.553729332478,291.2247394679016,296.553729332478,202.360668469008,9.556522595324004,-303.63364320377804,88.86407099889358,1.3654140624576172,7.0799138713000325
3144.0,43.10774230957031,291.22457070577855,10.921907747269508,-296.55366720348906,291.22457070577855,296.55366720348906,202.36051228590668,9.556493769802936,-303.63357824683914,88.86405841987187,1.365413977466572,7.079911043350083
3152.0,43.21763610839844,291.2246577252582,10.9218788513063,-296.55379114858556,291.2246577252582,296.55379114858556,202.36060642645128,9.556465187706435,-303.6337006636892,88.86405129880694,1.3654136635998655,7.079909515103623
3160.0,43.32752990722656,291.22489417334964,10.92188335689699,-296.5539377974884,291.22489417334964,296.5539377974884,202.36083539422089,9.556469871285595,-303.63384801650847,88.86405877912878,1.3654134856113949,7.079910219020091
3168.0,43.43742370605469,291.22498696876573,10.921919215845385,-296.55388279901956,291.22498696876573,296.55388279901956,202.36091461078192,9.556505746475276,-303.6337952658196,88.86407235798382,1.3654134693701088,7.079912466800029
3176.0,43.54731750488281,291.2250047343192,10.921938838941568,-296.55388263875545,291.2250047343192,296.55388263875545,202.36092135402498,9.55652535828635,-303.63379749824367,88.86408338029423,1.3654134806552174,7.079914859488195
3184.0,43.65721130371094,291.22499556968734,10.92195130727581,-296.5538231377281,291.22499556968734,296.5538231377281,202.3609059836372,9.556537809730319,-303.6337390784785,88.86408958605014,1.3654134975454908,7.079915940750415
3192.0,43.76710510253906,291.2250382751977,10.921953633513198,-296.5538338833931,291.2250382751977,296.5538338833931,202.36094337925513,9.556540173891069,-303.63375104920755,88.86409489594257,1.3654134596221297,7.0799171658144395
3200.0,43.87699890136719,291.22505439997303,10.921967967278105,-296.55384965211414,291.22505439997303,296.55384965211414,202.3609534026049,9.556554617497214,-303.63376809491757,88.86410099736815,1.3654133497808911,7.0799184428034225
3208.0,43.98685836791992,291.22503755684704,10.92198927336039,-296.5537630423168,291.22503755684704,296.5537630423168,202.36093235104698,9.556576207279036,-303.6336825793318,88.86410520580007,1.3654130660813537,7.079919537014952
3216.0,44.09675216674805,291.2249291148074,10.9219923920042,-296.5537108392121,291.2249291148074,296.5537108392121,202.36082524236298,9.556579311853175,-303.6336309485422,88.86410387244445,1.3654130801510242,7.079920109330082
3224.0,44.20664596557617,291.2249111584845,10.921989573200916,-296.55364647386614,291.2249111584845,296.55364647386614,202.36080983208421,9.556576345996588,-303.6335670288862,88.86410132640027,1.3654132272043278,7.079920555020042
3232.0,44.3165397644043,291.2249504871326,10.922002780328354,-296.55366820543657,291.2249504871326,296.55366820543657,202.3608488081524,9.556589737391711,-303.63359025089613,88.8641016789802,1.3654130429366422,7.079922045459563
3240.0,44.42643356323242,291.2249529960122,10.922017592688242,-296.5536091973646,291.2249529960122,296.5536091973646,202.36085035803632,9.556604716368447,-303.63353210368047,88.86410263797586,1.365412876319794,7.079922906315867
3248.0,44.53632736206055,291.2249460647795,10.92204217811421,-296.5535621234854,291.2249460647795,296.5535621234854,202.3608424930645,9.556629409828568,-303.63348637997615,88.86410357171499,1.3654127682856414,7.079924256490781
3256.0,44.64622116088867,291.22489350953936,10.922053893944952,-296.55351201848674,291.22489350953936,296.55351201848674,202.36079141337987,9.556641428217814,-303.6334364843508,88.86410209615948,1.3654124657271387,7.079924465864061
3264.0,44.7561149597168,291.22491253191527,10.922074684934513,-296.5534656516668,291.22491253191527,296.5534656516668,202.3608106179384,9.556662100070847,-303.63339087972497,88.86410191397687,1.3654125848636656,7.0799252280582
3272.0,44.86600875854492,291.22495043171335,10.922091031204303,-296.5534411641351,291.22495043171335,296.5534411641351,202.36084720188612,9.556678493902256,-303.63336722961833,88.86410322982724,1.3654125373020467,7.079926065483217
3280.0,44.97590255737305,291.2249750023344,10.922125212479166,-296.55341267480577,291.2249750023344,296.55341267480577,202.36086988792042,9.556712643415125,-303.63334003473597,88.864105114414,1.3654125690640404,7.079927359930176
3288.0,45.08579635620117,291.2249904612056,10.92214389344733,-296.5533793498609,291.2249904612056,296.5533793498609,202.36088325905988,9.556731345887881,-303.6333074411962,88.86410720214576,1.365412547559449,7.079928091335328
3296.0,45.1956901550293,291.2249958864953,10.92217823278062,-296.55332153586943,291.2249958864953,296.55332153586943,202.36088670583152,9.556765954214002,-303.63325059257767,88.86410918066377,1.365412278566617,7.0799290567082265
3304.0,45.30558395385742,291.2249169210934,10.92219396881502,-296.55324730172265,291.2249169210934,296.55324730172265,202.3608084110991,9.556781917003452,-303.63317648068534,88.86410850999431,1.3654120518115676,7.079929178962707
3312.0,45.41547775268555,291.2247884418407,10.922188734108696,-296.55316836962066,291.2247884418407,296.55316836962066,202.36068784981836,9.556776621405314,-303.63309649221503,88.86410059202237,1.365412112703382,7.079928122594341
3320.0,45.52537155151367,291.22481005065396,10.922180828978478,-296.5532180627251,291.22481005065396,296.5532180627251,202.36071450667535,9.556769114114193,-303.63314604896476,88.86409554397862,1.3654117148642855,7.079927986239696
3328.0,45.6352653503418,291.2248186161736,10.922172982814509,-296.553187557462,291.2248186161736,296.553187557462,202.3607247851719,9.556761350220917,-303.63311559910653,88.86409383100171,1.3654116325935926,7.07992804164453
3336.0,45.74509811401367,291.224855159555,10.922184977613627,-296.5531874611449,291.224855159555,296.5531874611449,202.3607614826816,9.556773226392366,-303.6331161180263,88.86409367687338,1.3654117512212607,7.079928656881427
3344.0,45.8549919128418,291.22486174496817,10.922197390204412,-296.55315578638437,291.22486174496817,296.55315578638437,202.36076686583633,9.55678623399559,-303.63308546004293,88.86409487913181,1.3654111562088223,7.079929673658565
3352.0,45.96488571166992,291.22488596120974,10.922197953438328,-296.5531381157492,291.22488596120974,296.5531381157492,202.3607899371974,9.556786751164994,-303.6330686691972,88.86409602401233,1.3654112022733333,7.0799305534479595
3360.0,46.07477951049805,291.22489900797876,10.922209326255635,-296.55314839215856,291.22489900797876,296.55314839215856,202.36080108684803,9.556797890262574,-303.633080258642,88.86409792113072,1.36541143599306,7.079931866483457
3368.0,46.18467330932617,291.2249157256466,10.922211150254197,-296.5531200893301,291.2249157256466,296.5531200893301,202.36081612820135,9.556799884766004,-303.6330529336522,88.86409959744529,1.3654112654881938,7.079932844322088
3376.0,46.2945671081543,291.22491285137295,10.922220636421011,-296.553084089324,291.22491285137295,296.553084089324,202.36081113316567,9.556809662672821,-303.633018035356,88.86410171820728,1.3654109737481903,7.079933946031998
3384.0,46.40446090698242,291.22491481884146,10.922229809240822,-296.55305509986465,291.22491481884146,296.55305509986465,202.3608113546041,9.55681915807938,-303.6329898475054,88.86410346423736,1.3654106511614421,7.079934747640758
3392.0,46.51435470581055,291.22491366331974,10.922235057055152,-296.5530323000712,291.22491366331974,296.5530323000712,202.36080895234102,9.556824154109737,-303.63296757513166,88.8641047109787,1.3654109029454147,7.079935275060451
3400.0,46.62424850463867,291.2249291059227,10.922245783633176,-296.5530443481017,291.2249291059227,296.5530443481017,202.36082289826766,9.556834867068934,-303.63298106951004,88.86410620765503,1.3654109165642418,7.0799367214083295
3408.0,46.7341423034668,291.2249121532672,10.922248302732076,-296.5529958095324,291.2249121532672,296.5529958095324,202.36080549143668,9.556837451925823,-303.6329336341105,88.86410666183053,1.3654108508062537,7.079937824578088
3416.0,46.84403610229492,291.22492863670834,10.922257900154499,-296.5529878910399,291.22492863670834,296.5529878910399,202.36082068193343,9.5568471994397,-303.63292635151697,88.86410795477494,1.3654107007147993,7.0799384604770665
3424.0,46.95392990112305,291.22492164344646,10.92226620571548,-296.55296761760343,291.22492164344646,296.55296761760343,202.3608138661979,9.556855601285337,-303.6329067546643,88.86410777724859,1.3654106044301448,7.0799391370608875
3432.0,47.06382369995117,291.22489718481324,10.922269563445084,-296.55289950401703,291.22489718481324,296.55289950401703,202.36078845914562,9.556859241463973,-303.6328393117616,88.86410872566759,1.3654103219811105,7.079939807744578
3440.0,47.1737174987793,291.2248871122895,10.92227150670788,-296.5529097892483,291.2248871122895,296.5529097892483,202.36077776052508,9.55686126844367,-303.63285025061276,88.86410935176437,1.3654102382642088,7.07994046136448
3448.0,47.28361129760742,291.22488508105124,10.922284081011723,-296.5528636171064,291.22488508105124,296.5528636171064,202.36077554077974,9.556874007332144,-303.6328050123619,88.86410954027149,1.3654100736795785,7.079941395255485
3456.0,47.39350509643555,291.2248745024135,10.92228518266922,-296.55283156232485,291.2248745024135,296.55283156232485,202.360764851804,9.556874967719434,-303.6327733137931,88.8641096506095,1.3654102149497869,7.079941751468272
3464.0,47.50334548950195,291.224887447313,10.922299078847123,-296.5528146105455,291.224887447313,296.5528146105455,202.36077740941423,9.556889208206155,-303.6327571441369,88.86411003789877,1.3654098706409692,7.079942533591398
3472.0,47.61323928833008,291.2248884119823,10.922306689881486,-296.5528097161517,291.2248884119823,296.5528097161517,202.36077851369055,9.55689667117863,-303.6327533020529,88.86410989829173,1.3654100187028564,7.079943585901171
3480.0,47.7231330871582,291.2248637737363,10.922309993240543,-296.5527651861773,291.2248637737363,296.5527651861773,202.36075355397747,9.55690012127354,-303.6327091968493,88.8641102197588,1.365409871967004,7.0799440106720315
3488.0,47.83302688598633,291.2248713482669,10.922314707136202,-296.5527500407162,291.2248713482669,296.5527500407162,202.36076144193646,9.556905000452431,-303.63269456654274,88.86410990633047,1.3654097066837716,7.079944525826512
3496.0,47.94292068481445,291.22487427309443,10.922326962552999,-296.5527413609941,291.22487427309443,296.5527413609941,202.36076398541906,9.556917282708909,-303.6326867651851,88.86411028767536,1.3654096798440896,7.079945404190978
3504.0,48.05281448364258,291.2248633153451,10.92232852963483,-296.5527141264325,291.2248633153451,296.5527141264325,202.36075289867762,9.556918956366466,-303.6326602372928,88.86411041666747,1.365409573268364,7.079946110860301
3512.0,48.1627082824707,291.22485785569916,10.922328763790095,-296.55267908910747,291.22485785569916,296.55267908910747,202.36074694939748,9.55691931979283,-303.6326258449764,88.86411090630168,1.3654094439972662,7.079946755868935
3520.0,48.27260208129883,291.2248196883695,10.922342029777965,-296.5526509169082,291.2248196883695,296.5526509169082,202.36070918795428,9.556932475694015,-303.63259771443245,88.8641105004152,1.3654095540839495,7.079946797524284
3528.0,48.38249588012695,291.22472607277075,10.92231804955254,-296.5526272808734,291.22472607277075,296.5526272808734,202.36062209838644,9.55690845628266,-303.6325726498999,88.86410397438432,1.3654095932698813,7.0799453690264755
3536.0,48.49238967895508,291.22471812614174,10.922305409747537,-296.552645125758,291.22471812614174,296.552645125758,202.3606191656267,9.556896014155063,-303.6325897429468,88.86409896051507,1.365409395592474,7.079944617188822
3544.0,48.6022834777832,291.22476172313264,10.922293526672886,-296.55273040959116,291.22476172313264,296.55273040959116,202.36066359414522,9.556884323348132,-303.6326746873067,88.86409812898744,1.365409203324754,7.079944277715552
3552.0,48.71217727661133,291.2247796517162,10.922286249289854,-296.55270686815027,291.2247796517162,296.55270686815027,202.36068108509332,9.556877023922086,-303.6326516209033,88.86409856662287,1.3654092253677694,7.079944752752999
3560.0,48.82207107543945,291.22479033685175,10.922267370231944,-296.55268282028766,291.22479033685175,296.55268282028766,202.3606900562038,9.556858428118606,-303.6326286499333,88.86410028064796,1.3654089421133395,7.0799458296456175
3568.0,48.93196487426758,291.224814250941,10.922268376591324,-296.552683905914,291.224814250941,296.552683905914,202.3607119689521,9.55685948488387,-303.63263091639953,88.86410228198892,1.3654088917074552,7.079947010485484
3576.0,49.0418586730957,291.2248261455159,10.922271767487418,-296.5527121355107,291.2248261455159,296.5527121355107,202.36072159803615,9.556862898194202,-303.6326601015465,88.86410454747978,1.3654088692932151,7.07994796603579
3584.0,49.15175247192383,291.2248369244054,10.922263603270125,-296.55267981675536,291.2248369244054,296.55267981675536,202.36072984321126,9.556854604991374,-303.63262880821253,88.86410708119413,1.3654089982787505,7.0799489914571705
3592.0,49.2615852355957,291.2248468686707,10.922258985697415,-296.55269797614875,291.2248468686707,296.55269797614875,202.36073730856793,9.556849916891926,-303.63264780434054,88.86410956010275,1.3654090688054885,7.079949828191812
3600.0,49.37147903442383,291.2248701672514,10.922255847573288,-296.55273084482803,291.2248701672514,296.55273084482803,202.3607587357827,9.556846965833184,-303.6326810030844,88.86411143146871,1.3654088817401033,7.079950158256342
3608.0,49.48137283325195,291.2248548532667,10.922241843598629,-296.55270310839103,291.2248548532667,296.55270310839103,202.36074162800668,9.556833075580515,-303.6326544276048,88.86411322526007,1.365408768018113,7.079951319213749
3616.0,49.59126663208008,291.2248568016353,10.92223677035108,-296.552701135513,291.2248568016353,296.552701135513,202.36074185360195,9.55682813724847,-303.6326527543098,88.86411494803338,1.3654086331026103,7.07995161879677
3624.0,49.7011604309082,291.2248617692634,10.922238318707656,-296.55270771488017,291.2248617692634,296.55270771488017,202.36074515806973,9.556829502160465,-303.6326602289887,88.86411661119362,1.3654088165471918,7.0799525141085216
3632.0,49.81105422973633,291.224839415516,10.922226596144057,-296.5526731340008,291.224839415516,296.5526731340008,202.3607217093333,9.556817967065045,-303.6326259943239,88.8641177061827,1.365408629079011,7.0799528603230915
3640.0,49.92094802856445,291.22483033068033,10.922222228717228,-296.55264257109366,291.22483033068033,296.55264257109366,202.36071154936727,9.556813547851057,-303.63259597332626,88.86411878131304,1.3654086808661716,7.07995340223261
3648.0,50.03084182739258,291.2248075492829,10.922222140490197,-296.5526303101629,291.2248075492829,296.5526303101629,202.3606881525782,9.55681353688696,-303.6325843483485,88.86411939670472,1.3654086036032378,7.079954038185574
3656.0,50.1407356262207,291.2248230411203,10.922218354208699,-296.5526679653055,291.2248230411203,296.5526679653055,202.36070334602624,9.556810110747058,-303.63262279268906,88.8641196950941,1.3654082434616406,7.079954827383599
3664.0,50.25062942504883,291.2247218859625,10.922200058251263,-296.5526373078506,291.2247218859625,296.5526373078506,202.36060545601296,9.556791809736447,-303.6325916133066,88.86411642994953,1.3654082485148158,7.0799543054560194
3672.0,50.36052322387695,291.22476528162514,10.922181140973178,-296.55268310784857,291.22476528162514,296.55268310784857,202.36065119523195,9.556773022594513,-303.6326374541446,88.86411408639319,1.3654081183786648,7.079954346296032
3680.0,50.47041702270508,291.2248113400489,10.922175606545945,-296.55267925715214,291.2248113400489,296.55267925715214,202.36069505059402,9.556767382748559,-303.6326338670318,88.86411628945488,1.3654082237973866,7.079954609879673
3688.0,50.5803108215332,291.2248497732495,10.922177234178841,-296.55268387694787,291.2248497732495,296.55268387694787,202.36073045479648,9.556769057525715,-303.63263984141736,88.86411931845305,1.365408176653127,7.079955964469483
3696.0,50.69020462036133,291.22488196320893,10.922186570575287,-296.55269809004267,291.22488196320893,296.55269809004267,202.360759188877,9.556778658473775,-303.6326548115254,88.86412277433192,1.365407912101512,7.0799567214827475
3704.0,50.80009841918945,291.2248872566166,10.922194835992546,-296.5526875895762,291.2248872566166,296.5526875895762,202.36076214363447,9.556786884365629,-303.6326450384421,88.86412511298218,1.3654079516269166,7.07995744886591
3712.0,50.90999984741211,291.2248918602461,10.92220154377153,-296.55266123431767,291.2248918602461,296.55266123431767,202.3607639712062,9.556793736553098,-303.63261957749694,88.86412788903985,1.3654078072184315,7.079958343179275
3720.0,51.01983642578125,291.2248798996323,10.922208477407558,-296.55264318460223,291.2248798996323,296.55264318460223,202.3607498104543,9.556800652237715,-303.63260235609846,88.86413008917799,1.3654078251698425,7.07995917149624
3728.0,51.129730224609375,291.2248905507638,10.922223530357666,-296.5526302523636,291.2248905507638,296.5526302523636,202.3607585686855,9.5568155941286,-303.6325897283938,88.86413198207828,1.365407936229066,7.0799594760301625
3736.0,51.2396240234375,291.22489594271485,10.922226774314554,-296.55264785567374,291.22489594271485,296.55264785567374,202.3607622054846,9.556819147064614,-303.63260807546527,88.86413373723022,1.3654076272499407,7.07996021979151
3744.0,51.349517822265625,291.22491187176115,10.922235493822583,-296.55263494843666,291.22491187176115,296.55263494843666,202.36077698550622,9.55682777733725,-303.6325954836857,88.86413488625492,1.3654077164853327,7.079960535249016
3752.0,51.45941162109375,291.2249015051055,10.922243605189657,-296.55260661993697,291.2249015051055,296.55260661993697,202.36076492729822,9.556835993743029,-303.6325674571584,88.86413657780727,1.365407611446627,7.079960837221427
3760.0,51.569305419921875,291.2249053691972,10.922248481236824,-296.5525654100835,291.2249053691972,296.5525654100835,202.36076827737463,9.556840765587415,-303.6325268355884,88.86413709182256,1.3654077156494093,7.07996142550488
3768.0,51.67919921875,291.22489239034337,10.922259277327361,-296.55253244850127,291.22489239034337,296.55253244850127,202.3607546133491,9.556851757924232,-303.6324942918558,88.86413777699428,1.36540751940313,7.079961843354514
3776.0,51.789093017578125,291.224892525277,10.922280905148373,-296.55253385900323,291.224892525277,296.55253385900323,202.36075388447136,9.556873178720531,-303.6324961743612,88.86413864080569,1.3654077264278417,7.079962315357969
3784.0,51.89898681640625,291.22489019001864,10.92228925654543,-296.55249679071176,291.22489019001864,296.55249679071176,202.36075143316702,9.55688180349766,-303.63245963867973,88.86413875685164,1.3654074530477684,7.079962847967963
3792.0,52.008880615234375,291.22487088685705,10.922305253300971,-296.55245039722297,291.22487088685705,296.55245039722297,202.36073201066736,9.556897746013458,-303.63241391402204,88.86413887618967,1.3654075072875131,7.079963516799042
3800.0,52.1187744140625,291.2248615865873,10.922317011956377,-296.5524285541598,291.2248615865873,296.5524285541598,202.36072220240857,9.556909456558891,-303.63239252264253,88.86413938417874,1.3654075553974856,7.079963968482749
3808.0,52.228668212890625,291.22488710179283,10.922335069107563,-296.55242823470115,291.22488710179283,296.55242823470115,202.36074796368084,9.55692778273532,-303.63239227908707,88.864139138112,1.3654072863722422,7.079964044385908
3816.0,52.33856201171875,291.2248732111007,10.922340343528218,-296.55237151720235,291.2248732111007,296.55237151720235,202.36073334794997,9.556932979813823,-303.6323361016787,88.86413986315074,1.3654073637143953,7.079964584476319
3824.0,52.448455810546875,291.22474190766775,10.922339768299226,-296.5523528792207,291.22474190766775,296.5523528792207,202.3606087027826,9.55693221717474,-303.6323161078109,88.86413320488514,1.3654075511244863,7.079963228590193
3832.0,52.558349609375,291.22468181430213,10.9223182413406,-296.55227701004384,291.22468181430213,296.55227701004384,202.36055633539692,9.556911111087173,-303.63223875269904,88.86412547890522,1.3654071302534263,7.079961742655179
3840.0,52.668243408203125,291.22473271966714,10.922305120130016,-296.5523925255156,291.22473271966714,296.5523925255156,202.36061042678116,9.556897944097662,-303.63235372099297,88.86412229288601,1.3654071760323552,7.079961195477381
3848.0,52.778079986572266,291.22474285657574,10.922305644326455,-296.55236808906096,291.22474285657574,296.55236808906096,202.36062031312548,9.556898402137147,-303.63232940261275,88.86412254345028,1.3654072421893075,7.079961313551769
3856.0,52.88797378540039,291.22477257131413,10.922304720317932,-296.5523735974864,291.22477257131413,296.5523735974864,202.36064908133528,9.556897676408491,-303.63233558882087,88.86412348997885,1.3654070439094408,7.0799619913344936
3864.0,52.997867584228516,291.2247826366174,10.922302685202744,-296.55234869000077,291.2247826366174,296.55234869000077,202.3606576704649,9.55689570977648,-303.63231154616204,88.86412496615253,1.3654069754262643,7.079962856161262
3872.0,53.10776138305664,291.22481848217353,10.922308087444048,-296.5523887500613,291.22481848217353,296.5523887500613,202.36069170528884,9.556901085175898,-303.63235185647864,88.8641267768847,1.3654070022681495,7.079963106417317
3880.0,53.217655181884766,291.2248279892699,10.922308949138646,-296.5523734182075,291.2248279892699,296.5523734182075,202.36069921034562,9.55690223258037,-303.6323373591325,88.86412877892431,1.365406716558275,7.0799639409250466
3888.0,53.32754898071289,291.22482572524086,10.922310550377915,-296.5523260460053,291.22482572524086,296.5523260460053,202.36069511055592,9.556903829696752,-303.63229061389757,88.86413061468494,1.3654067206811638,7.079964567892268
3896.0,53.437442779541016,291.2248615301395,10.922309577509122,-296.55240730717105,291.2248615301395,296.55240730717105,202.36072922430748,9.556902595300015,-303.63237253142574,88.86413230583202,1.3654069822091075,7.0799652242546784
3904.0,53.54733657836914,291.224867306833,10.922309799365326,-296.55239812507335,291.224867306833,296.55239812507335,202.36073389885001,9.55690306127693,-303.63236379732984,88.86413340798299,1.3654067380883959,7.079965672256488
3912.0,53.657230377197266,291.2248509055155,10.922315597873329,-296.55234578613494,291.2248509055155,296.55234578613494,202.36071606582055,9.556908734369888,-303.63231175192317,88.86413483969496,1.3654068635034418,7.079965965788256
3920.0,53.76712417602539,291.22485180883064,10.922315997449752,-296.55233743850755,291.22485180883064,296.55233743850755,202.360715739569,9.55690935906382,-303.6323041330776,88.86413606926163,1.3654066383859327,7.079966694570027
3928.0,53.877017974853516,291.22484938133397,10.92232086964722,-296.55234008542357,291.22484938133397,296.55234008542357,202.360712469979,9.556914139428358,-303.6323072843919,88.86413691135495,1.3654067302188615,7.079967198968373
3936.0,53.98691177368164,291.2248532142628,10.92231294488556,-296.5523378104657,291.2248532142628,296.5523378104657,202.36071544515258,9.556906201902203,-303.63230546294903,88.86413776911019,1.3654067429833567,7.07996765248332
3944.0,54.096805572509766,291.22484063964885,10.92231650319053,-296.55230953006355,291.22484063964885,296.55230953006355,202.36070228501717,9.55690991349807,-303.63227765016677,88.86413835463166,1.36540658969246,7.079968120103244
3952.0,54.20669937133789,291.2248443980223,10.922320718115934,-296.5522776878405,291.2248443980223,296.5522776878405,202.36070541950454,9.55691402119961,-303.63224614049693,88.86413897851776,1.3654066969163234,7.079968452656452
3960.0,54.316593170166016,291.22483445804403,10.922320517057958,-296.55228617960023,291.22483445804403,296.55228617960023,202.360695026083,9.556913924875312,-303.632254963209,88.86413943196104,1.3654065921826462,7.079968783608739
3968.0,54.42648696899414,291.22485232624325,10.922329719976757,-296.55230629614925,291.22485232624325,296.55230629614925,202.3607126134907,9.556923152473127,-303.63227538343546,88.86413971275255,1.3654065675036295,7.079969087286194
3976.0,54.536319732666016,291.22483742764757,10.922322638838605,-296.5522653397359,291.22483742764757,296.5522653397359,202.3606974325178,9.556916185959569,-303.6322349763492,88.86413999512976,1.3654064528790353,7.079969636613255
3984.0,54.64621353149414,291.2248381812165,10.92233005080821,-296.5522794347037,291.2248381812165,296.5522794347037,202.36069771881557,9.556923663716132,-303.63224933085877,88.86414046240094,1.365406387092077,7.079969896155103
3992.0,54.756107330322266,291.22482480292183,10.92232650776889,-296.5522486895082,291.22482480292183,296.5522486895082,202.3606843465505,9.556920165193414,-303.6322189074116,88.8641404563713,1.3654063425754752,7.079970217903383
4000.0,54.86600875854492,291.22481740764,10.922338237887345,-296.5522278102209,291.22481740764,296.5522278102209,202.36067680271475,9.556931800258313,-303.6321984624951,88.86414060492527,1.3654064376290325,7.079970652274211
4008.0,54.97590255737305,291.2248180213464,10.922331109509582,-296.55219731483135,291.2248180213464,296.55219731483135,202.36067715214617,9.556924878172321,-303.6321681397636,88.86414086920021,1.365406231337261,7.07997082493225
4016.0,55.08579635620117,291.224823331031,10.922341074454998,-296.5522168664623,291.224823331031,296.5522168664623,202.36068249598048,9.556934797100125,-303.6321877902426,88.86414083505053,1.365406277354873,7.079970923780328
4024.0,55.1956901550293,291.2248356128642,10.92234546282028,-296.55221883174045,291.2248356128642,296.55221883174045,202.36069472218713,9.556939126890517,-303.63219070479744,88.86414089067705,1.3654063359297628,7.079971873057002
4032.0,55.30558395385742,291.2248247551578,10.922346607659945,-296.5521948103313,291.2248247551578,296.5521948103313,202.3606830605888,9.556940288883286,-303.6321667122788,88.864141694569,1.3654063187766585,7.079971901947486
4040.0,55.41547775268555,291.2248286664674,10.922354854329136,-296.55218931903215,291.2248286664674,296.55218931903215,202.36068663062397,9.556948450994291,-303.6321616918058,88.8641420358434,1.3654064033348448,7.079972372773631
4048.0,55.52537155151367,291.22482859962753,10.922357442663236,-296.55215902740855,291.22482859962753,296.55215902740855,202.36068653585886,9.556951039611317,-303.63213188733494,88.86414206376868,1.365406403051919,7.079972859926361
4056.0,55.6352653503418,291.2248434091938,10.92235602331633,-296.5521797909204,291.2248434091938,296.5521797909204,202.36070100729458,9.55694993658348,-303.63215281655255,88.86414240189923,1.3654060867328508,7.079973025632187
4064.0,55.74515914916992,291.22483731373336,10.922370125178306,-296.55215027748903,291.22483731373336,296.55215027748903,202.360694925828,9.55696387096952,-303.6321236035708,88.86414238790539,1.3654062542087861,7.079973326081763
4072.0,55.85505294799805,291.2248435607669,10.92236638228311,-296.5521302455068,291.2248435607669,296.5521302455068,202.36070045639133,9.556960162404053,-303.6321043157616,88.86414310437553,1.365406219879057,7.079974070254739
4080.0,55.96494674682617,291.2248299924662,10.922379224668294,-296.55210539124494,291.2248299924662,296.55210539124494,202.3606860741959,9.556973261896676,-303.6320795934099,88.86414391827029,1.3654059627716189,7.0799742021649985
4088.0,56.0748405456543,291.224857832122,10.922384325050142,-296.5521283837301,291.224857832122,296.5521283837301,202.36071377220955,9.556978376081998,-303.6321029892785,88.8641440599124,1.365405948968144,7.0799746055483785
4096.0,56.18473434448242,291.22484403788803,10.922390139135405,-296.5520970656679,291.22484403788803,296.5520970656679,202.36069922470713,9.556984212034752,-303.63207179838224,88.86414481318087,1.3654059271006533,7.079974732714337
4104.0,56.29453659057617,291.2248513832244,10.922397953524388,-296.5521126071753,291.2248513832244,296.5521126071753,202.36070615086123,9.556992246906228,-303.6320880409304,88.8641452323632,1.3654057066181602,7.079975433755151
4112.0,56.40446853637695,291.22484674357656,10.922414818438686,-296.55208006315456,291.22484674357656,296.55208006315456,202.36070095695794,9.557009285148236,-303.63205553114386,88.86414578661861,1.36540553329045,7.0799754679893105
4120.0,56.51436233520508,291.2248526198689,10.922415230555998,-296.5520722114954,291.2248526198689,296.5520722114954,202.36070635892153,9.557009521233258,-303.6320479335707,88.86414626094736,1.3654057093227396,7.079975722075282
4128.0,56.62424850463867,291.2248552510656,10.922420844451986,-296.55204690873387,291.2248552510656,296.55204690873387,202.36070860874057,9.557015130831585,-303.6320230756609,88.86414664232504,1.3654057136204014,7.079976166927062
4136.0,56.7341423034668,291.2248515556878,10.922432792015679,-296.552030672851,291.2248515556878,296.552030672851,202.3607042179376,9.557027133126049,-303.6320074427512,88.86414733775018,1.3654056588896293,7.079976769900236
4144.0,56.844024658203125,291.2248580145034,10.922440846488616,-296.552031997263,291.2248580145034,296.552031997263,202.36071065192095,9.55703508065617,-303.6320087092651,88.86414736258243,1.3654057658324457,7.079976712002115
4152.0,56.95391845703125,291.2248466449293,10.922452346481831,-296.55201088775664,291.2248466449293,296.55201088775664,202.36069885744445,9.557046857975873,-303.6319877682091,88.86414778748487,1.3654054885059583,7.079976880452467
4160.0,57.06380081176758,291.224849276413,10.922454267994095,-296.5519852676868,291.224849276413,296.5519852676868,202.36070133458435,9.557049054041968,-303.6319621637788,88.86414794182866,1.365405213952127,7.079976896091964
4168.0,57.1736946105957,291.2248429357393,10.922464267442106,-296.55196873426416,291.2248429357393,296.55196873426416,202.36069489900848,9.557058922671285,-303.63194613142826,88.86414803673081,1.3654053447708214,7.079977397164122
4176.0,57.2835807800293,291.2248402749585,10.922465699170877,-296.5519464959458,291.2248402749585,296.5519464959458,202.36069188035262,9.557060351367317,-303.63192414537025,88.86414839460588,1.3654053478035588,7.079977649424424
4184.0,57.39347457885742,291.224857516005,10.922476693508763,-296.55196633069727,291.224857516005,296.55196633069727,202.360709539984,9.557071388875274,-303.6319443430491,88.864147976021,1.365405304633489,7.079978012351846
4192.0,57.50335693359375,291.22484477510307,10.922496119605608,-296.551917826787,291.22484477510307,296.551917826787,202.3606966401356,9.557090881631508,-303.6318960129449,88.86414813496745,1.3654052379741,7.079978186157865
4200.0,57.613250732421875,291.22484336730645,10.922494441372368,-296.5519164061361,291.22484336730645,296.5519164061361,202.36069491317272,9.557089297597143,-303.6318947464545,88.86414845413373,1.3654051437752255,7.079978340318423
4208.0,57.7231330871582,291.2248522377639,10.92250442000536,-296.55189335074374,291.2248522377639,296.55189335074374,202.3607038270933,9.55709941708351,-303.6318720864062,88.86414841067064,1.36540500292185,7.079978735662475
4216.0,57.83302688598633,291.22487078725675,10.922509712924843,-296.55189959197025,291.22487078725675,296.55189959197025,202.36072204341673,9.557104791162827,-303.6318785864612,88.86414874384002,1.3654049217620168,7.079978994490972
4224.0,57.94291305541992,291.2248650778865,10.922521637587865,-296.5518845275209,291.2248650778865,296.5518845275209,202.36071556415953,9.55711681174796,-303.63186376321164,88.86414951372694,1.3654048258399043,7.079979235690771
4232.0,58.05280685424805,291.2248804859254,10.922543886244437,-296.5518587149082,291.2248804859254,296.5518587149082,202.36073081118712,9.557138912756804,-303.631838367077,88.86414967473826,1.3654049734876343,7.079979652168862
4240.0,58.162689208984375,291.2248674945524,10.922543994136486,-296.55183291518034,291.2248674945524,296.55183291518034,202.3607167951033,9.557138984739895,-303.63181251135984,88.86415069944914,1.3654050093965902,7.079979596179501
4248.0,58.272579193115234,291.2248860481957,10.92254982124999,-296.55184317601993,291.2248860481957,296.55184317601993,202.3607351348211,9.55714502466111,-303.6318233865111,88.8641509133746,1.3654047965888794,7.079980210491142
4256.0,58.38246536254883,291.22487340923806,10.922571730315127,-296.55177318199804,291.22487340923806,296.55177318199804,202.36072172935616,9.557166755041496,-303.6317539030526,88.86415167988193,1.3654049752736297,7.079980721054543
4264.0,58.49235916137695,291.22490783242597,10.922589115553192,-296.55179522849795,291.22490783242597,296.55179522849795,202.36075541708465,9.557184458641808,-303.63177607401326,88.86415241534132,1.3654046569113834,7.079980845515318
4272.0,58.60224533081055,291.22489094277347,10.922589159562081,-296.55173780435126,291.22489094277347,296.55173780435126,202.3607378820313,9.557184435468528,-303.6317188030279,88.86415306074218,1.3654047240935523,7.0799809986766595
4280.0,58.71213912963867,291.224900607204,10.922615888905877,-296.5517457419605,291.224900607204,296.5517457419605,202.3607467809964,9.557211048380726,-303.63172715115104,88.86415382620758,1.365404840525152,7.079981409190557
4288.0,58.822021484375,291.22489273042333,10.922628165650838,-296.551689013883,291.22489273042333,296.551689013883,202.3607383950776,9.55722358843189,-303.6316704410994,88.86415433534572,1.365404577218948,7.07998142721642
4296.0,58.931915283203125,291.2249227203209,10.922632036671963,-296.55172214337847,291.2249227203209,296.55172214337847,202.36076765816352,9.557227676844104,-303.6317041594549,88.86415506215735,1.3654043598278598,7.079982016076423
4304.0,59.04179763793945,291.22491572952174,10.922658650572277,-296.55167478967263,291.22491572952174,296.55167478967263,202.36075992098165,9.557254253176453,-303.6316568748808,88.86415580854009,1.3654043973958245,7.079982085208167
4312.0,59.15169143676758,291.22493332943964,10.92266894054026,-296.55169667069777,291.22493332943964,296.55169667069777,202.3607766704019,9.557264414671167,-303.63167848639364,88.86415665903772,1.3654045258690934,7.079981815695894
4320.0,59.26158142089844,291.2249089491572,10.922684595069722,-296.55161055575934,291.2249089491572,296.55161055575934,202.36075168598612,9.55728011663682,-303.6315926943971,88.86415726317112,1.3654044784329016,7.079982138637796
4328.0,59.3714714050293,291.2249364229024,10.922702949063627,-296.5516371909808,291.2249364229024,296.5516371909808,202.36077868579338,9.557298527157174,-303.63161983030227,88.864157737109,1.3654044219064534,7.079982639321475
4336.0,59.48136520385742,291.2249399109735,10.922717836275066,-296.5515995112326,291.2249399109735,296.5515995112326,202.3607814859306,9.557313463305919,-303.63158250313757,88.8641584250429,1.3654043729691465,7.079982991904966
4344.0,59.59124755859375,291.22493655743824,10.922736353361477,-296.5515822221877,291.22493655743824,296.5515822221877,202.36077769946576,9.557332015410097,-303.63156552782647,88.86415885797246,1.365404337951381,7.079983305638766
4352.0,59.701141357421875,291.22494894168426,10.922753645020627,-296.5515675702508,291.22494894168426,296.5515675702508,202.36078983909718,9.55734933021143,-303.6315509847775,88.86415910258711,1.3654043148091968,7.079983414526695
4360.0,59.8110237121582,291.22493950364765,10.922773798272228,-296.55150942561346,291.22493950364765,296.55150942561346,202.36078019249504,9.557369611599238,-303.63149314741776,88.8641593111526,1.3654041866729898,7.079983721804293
4368.0,59.92097091674805,291.22491998813325,10.922787549526628,-296.5514563873562,291.22491998813325,296.5514563873562,202.36076074861435,9.557383172495715,-303.63144000472846,88.86415923951893,1.3654043770309128,7.0799836173722275
4376.0,60.030853271484375,291.22494831792824,10.922817176557857,-296.55147603648703,291.22494831792824,296.55147603648703,202.3607889733727,9.557412801890838,-303.6314599943026,88.86415934455552,1.36540437466702,7.079983957815531
4384.0,60.1407470703125,291.224942500659,10.92282818691999,-296.5514271352904,291.224942500659,296.5514271352904,202.36078351919468,9.5574240288826,-303.6314111974201,88.8641589814643,1.3654041580373888,7.0799840621297365
4392.0,60.25062942504883,291.22495855763816,10.922846401281342,-296.5514460447394,291.22495855763816,296.5514460447394,202.3607988952518,9.557441995479062,-303.6314302223457,88.86415966238633,1.3654044058022805,7.079984177606325
4400.0,60.36052322387695,291.2249597550666,10.92286004474788,-296.5513979354521,291.2249597550666,296.5513979354521,202.36080019929764,9.557455682817999,-303.63138230054795,88.86415955576899,1.365404361929881,7.079984365095855
4408.0,60.47041702270508,291.2249584435791,10.922887135565684,-296.55137653956905,291.2249584435791,296.55137653956905,202.36079864025638,9.55748297757496,-303.63136101965665,88.86415980332276,1.3654041579907235,7.07998448008758
4416.0,60.58030319213867,291.22496040793834,10.922905670946827,-296.5513519365333,291.22496040793834,296.5513519365333,202.36080063358568,9.55750133368374,-303.63133653780653,88.86415977435266,1.365404337263087,7.079984601273242
4424.0,60.6901969909668,291.22496466759026,10.922927701390106,-296.55129972472196,291.22496466759026,296.55129972472196,202.3608047582756,9.557523573798257,-303.63128493339536,88.86415990931468,1.3654041275918503,7.079985208673382
4432.0,60.800079345703125,291.2249755091122,10.922944915690412,-296.5513031712526,291.2249755091122,296.5513031712526,202.36081504629044,9.557540636432831,-303.63128825267864,88.86416046282177,1.3654042792575796,7.079985081426088
4440.0,60.90997314453125,291.2249756320445,10.922962171968802,-296.55127942671396,291.2249756320445,296.55127942671396,202.36081517730494,9.55755779096126,-303.63126456310596,88.86416045473956,1.365404381007541,7.079985136392024
4448.0,61.01985549926758,291.2249785727339,10.922988897800009,-296.55122388051984,291.2249785727339,296.55122388051984,202.36081815041769,9.557584735934284,-303.6312096260232,88.86416042231625,1.3654041618657242,7.07998574550336
4456.0,61.1297492980957,291.2249794792717,10.923013247112529,-296.5512027144713,291.2249794792717,296.5512027144713,202.36081880422043,9.557608852073647,-303.6311881963815,88.86416067505132,1.3654043950388806,7.079985481910233
4464.0,61.2396354675293,291.22498305589505,10.92302857610751,-296.55117336480254,291.22498305589505,296.55117336480254,202.36082255620647,9.557624118059191,-303.6311593957834,88.86416049968857,1.3654044580483191,7.079986030980869
4472.0,61.34952926635742,291.22496161491085,10.923049459225886,-296.5511724730183,291.22496161491085,296.5511724730183,202.3608016155453,9.557645095363831,-303.6311583967164,88.86415999936551,1.3654043638620545,7.0799859236980485
4480.0,61.45941162109375,291.22486642881887,10.923051092846432,-296.55108982005305,291.22486642881887,296.55108982005305,202.36071175636715,9.557646756839763,-303.6310742273658,88.86415467245173,1.36540433600667,7.079984407312758
4488.0,61.569305419921875,291.2248435396356,10.923039863271486,-296.5510735351251,291.2248435396356,296.5510735351251,202.36069458428193,9.557635777355202,-303.6310567947518,88.86414895535363,1.3654040859162837,7.0799832596267
4496.0,61.6791877746582,291.2248695345032,10.923041393105725,-296.55111902195324,291.2248695345032,296.55111902195324,202.36072312427257,9.557637348054978,-303.6311016385056,88.86414641023063,1.365404045050747,7.07998261655232
4504.0,61.78908157348633,291.2248903873441,10.923040003498595,-296.55112303230726,291.2248903873441,296.55112303230726,202.36074436392747,9.557635885808518,-303.6311056547337,88.86414602341665,1.365404117690077,7.079982622426449
4512.0,61.89896774291992,291.2248093310918,10.923043335746932,-296.55109531689453,291.2248093310918,296.55109531689453,202.36066668188167,9.557639526975656,-303.6310771932295,88.86414264921018,1.3654038087712759,7.079981876334972
4520.0,62.00886154174805,291.22473237263335,10.923014141773749,-296.5510562759598,291.22473237263335,296.5510562759598,202.36059760002652,9.557610045162768,-303.63103674064837,88.86413477260683,1.3654040966109813,7.079980464688537
4528.0,62.118743896484375,291.2247745994986,10.923002413076361,-296.55114000933906,291.2247745994986,296.55114000933906,202.36064312958544,9.557598245161085,-303.6311191300957,88.86413146991316,1.3654041679152766,7.079979120756684
4536.0,62.2286376953125,291.22481405485996,10.922996156800533,-296.55114711597224,291.22481405485996,296.55114711597224,202.36068256093824,9.557592387761073,-303.63112595695037,88.86413149392175,1.3654037690394594,7.079978840978144
4544.0,62.33852005004883,291.2248567803722,10.922986424737415,-296.55117567203945,291.2248567803722,296.55117567203945,202.36072295679722,9.557582633236468,-303.6311552054992,88.86413382357497,1.3654037915009467,7.079979533459802
4552.0,62.44841384887695,291.2249143218761,10.922981507124675,-296.5512294502633,291.2249143218761,296.5512294502633,202.3607773107767,9.557577648625834,-303.63120925196745,88.86413701109942,1.3654038584988408,7.079979801704134
4560.0,62.55830001831055,291.2249430959657,10.922976566784353,-296.5512141602691,291.2249430959657,296.5512141602691,202.3608018152288,9.557572797846143,-303.6311953473878,88.86414128073696,1.3654037689382093,7.079981187118689
4568.0,62.66819381713867,291.2249780428775,10.922980869267981,-296.55126994447,291.2249780428775,296.55126994447,202.36083235734716,9.55757697516661,-303.6312520566472,88.86414568553039,1.3654038941013718,7.079982112177209
4576.0,62.778076171875,291.22501417892795,10.922970303800476,-296.55124536326554,291.22501417892795,296.55124536326554,202.3608636126731,9.557566489153439,-303.63122844583415,88.86415056625482,1.3654038146470358,7.079983082568619
4584.0,62.887969970703125,291.2250289035799,10.922966069981639,-296.55125533702295,291.2250289035799,296.55125533702295,202.36087371204835,9.557562769885314,-303.6312392330916,88.8641551915316,1.3654033000963257,7.079983896068635
4592.0,62.99785232543945,291.2250234408786,10.922968883195482,-296.55123818171637,291.2250234408786,296.55123818171637,202.36086448556412,9.557565211640629,-303.63122275209656,88.8641589553145,1.3654036715548532,7.079984570380204
4600.0,63.10774612426758,291.22505321850815,10.922956155294226,-296.5512931245088,291.22505321850815,296.5512931245088,202.36089085261892,9.557552542830575,-303.6312785576162,88.8641623658892,1.365403612463651,7.0799854331074155
4608.0,63.21763229370117,291.2250649735317,10.922952373216733,-296.55130517997765,291.2250649735317,296.55130517997765,202.36090013776678,9.557548863785508,-303.63129083326197,88.86416483576491,1.3654035094312247,7.079985653284313
4616.0,63.3275260925293,291.2250389515474,10.922954341288124,-296.5512462962625,291.2250389515474,296.5512462962625,202.3608727670976,9.557550672556804,-303.63123227240646,88.86416618444977,1.36540366873132,7.079985976143994
4624.0,63.43745803833008,291.2250178887068,10.92295124585622,-296.55126617200403,291.2250178887068,296.55126617200403,202.36085109675804,9.557547640420456,-303.6312523651718,88.8641667919488,1.3654036054357648,7.079986193167748
4632.0,63.5473518371582,291.2250144602525,10.922958789004763,-296.5512619519385,291.2250144602525,296.5512619519385,202.36084729863686,9.557555314116179,-303.6312484165123,88.86416716161563,1.3654034748885842,7.07998646457377
4640.0,63.6572380065918,291.2250119733296,10.922952001829175,-296.55125034041623,291.2250119733296,296.55125034041623,202.36084471012043,9.557548042768271,-303.6312369529221,88.86416726320913,1.3654039590609046,7.079986612505896
4648.0,63.76713180541992,291.2250108002631,10.922947395401343,-296.55126269860824,291.2250108002631,296.55126269860824,202.36084309146125,9.557543596101931,-303.6312493785923,88.86416770880182,1.3654037992994117,7.079986679984077
4656.0,63.877017974853516,291.22502184078894,10.922952543075317,-296.55128163489616,291.22502184078894,296.55128163489616,202.36085418560904,9.557548597678775,-303.63126859682774,88.8641676551799,1.3654039453965428,7.079986961931565
4664.0,63.986907958984375,291.2249947257729,10.922947782253864,-296.55128807271814,291.2249947257729,296.55128807271814,202.3608278510022,9.557543760001844,-303.631275034723,88.86416687477067,1.3654040222520207,7.079986962004873
4672.0,64.09679412841797,291.2250315370394,10.922955351475068,-296.5512726904433,291.2250315370394,296.5512726904433,202.36086392365388,9.557551560250843,-303.6312596520192,88.86416761338549,1.3654037912242243,7.079986961575936
4680.0,64.2066879272461,291.22507184688953,10.92296590922237,-296.5512744706701,291.22507184688953,296.5512744706701,202.3609018942808,9.557561940775345,-303.6312620201294,88.86416995260873,1.3654039684470247,7.079987549459288
4688.0,64.31657409667969,291.22507253690566,10.922975432854768,-296.5512556232341,291.22507253690566,296.5512556232341,202.36089998394792,9.557571460062439,-303.6312433695166,88.86417255295774,1.3654039727923295,7.079987746282496
4696.0,64.42646026611328,291.22507633365944,10.922989987376226,-296.5512420027587,291.22507633365944,296.5512420027587,202.36090202221914,9.5575860417866,-303.6312299336853,88.86417431144032,1.3654039455896267,7.07998793092655
4704.0,64.5363540649414,291.2250861684521,10.922997327967089,-296.5512599097075,291.2250861684521,296.5512599097075,202.36091064967133,9.557593380889701,-303.6312481952416,88.86417551878077,1.365403947077388,7.0799882855341
4712.0,64.646240234375,291.22507609552105,10.923006410808142,-296.5512299517866,291.22507609552105,296.5512299517866,202.36089992850324,9.557602480382009,-303.63121813204043,88.86417616701779,1.365403930426133,7.0799881802538245
4720.0,64.7561264038086,291.2250554234699,10.92301642364124,-296.5511749738562,291.2250554234699,296.5511749738562,202.36087894713245,9.557612204528974,-303.6311635943939,88.86417647633742,1.3654042191122653,7.079988620537749
4728.0,64.86602020263672,291.2250558475282,10.923014893748496,-296.551183946443,291.2250558475282,296.551183946443,202.36087936704197,9.557611093125537,-303.631172743266,88.86417648048621,1.3654038006229592,7.079988796823011
4736.0,64.97590637207031,291.22504675130966,10.92303090316699,-296.55112677695536,291.22504675130966,296.55112677695536,202.360870056364,9.557626905741492,-303.63111516063856,88.86417669494566,1.3654039974255,7.079988383683178
4744.0,65.0857925415039,291.22504662378867,10.923045109916933,-296.5511498060758,291.22504662378867,296.5511498060758,202.3608702863003,9.557640929020222,-303.63113831168386,88.86417633748839,1.3654041808967108,7.079988505608059
4752.0,65.19568634033203,291.22503619328825,10.923047794586296,-296.55113957261256,291.22503619328825,296.55113957261256,202.36086022261753,9.55764365696013,-303.6311283843696,88.86417597067071,1.3654041376261654,7.079988811757079
4760.0,65.30557250976562,291.22503363848557,10.92304642753564,-296.5511250892515,291.22503363848557,296.5511250892515,202.36085833272176,9.557642152320584,-303.6311137740867,88.86417530576378,1.3654042752150555,7.079988684835183
4768.0,65.41545867919922,291.22503433860436,10.92306488269798,-296.55110154944686,291.22503433860436,296.55110154944686,202.3608590093032,9.557660730247875,-303.63109020854836,88.86417532930118,1.365404152450105,7.079988659101489
4776.0,65.52535247802734,291.22503124654344,10.92307231120268,-296.55109153850316,291.22503124654344,296.55109153850316,202.36085662831934,9.557667964074213,-303.6310805613334,88.8641746182241,1.3654043471284676,7.079989022830275
4784.0,65.63523864746094,291.2250204742488,10.92308383171816,-296.5510647005141,291.2250204742488,296.5510647005141,202.360845896603,9.557679595463025,-303.6310537920574,88.8641745776458,1.365404236255134,7.079989091543325
4792.0,65.74512481689453,291.22501826056896,10.923095447212155,-296.55103323945997,291.22501826056896,296.55103323945997,202.36084375491964,9.557691305078148,-303.6310223136117,88.86417450564933,1.365404142134008,7.079989074151765
4800.0,65.85501861572266,291.225036933528,10.923106866014686,-296.5510537429839,291.225036933528,296.5510537429839,202.36086268037388,9.557702750510172,-303.63104307197887,88.86417425315409,1.365404115504514,7.079989328994913
4808.0,65.96490478515625,291.22504337941336,10.923115128800013,-296.55105542882615,291.22504337941336,296.55105542882615,202.36086921868218,9.55771122613565,-303.6310445804306,88.86417416073115,1.3654039026643643,7.079989151604462
4816.0,66.07479858398438,291.2250269635257,10.923121274070567,-296.5510047244289,291.2250269635257,296.5510047244289,202.3608529369565,9.55771725927687,-303.63099428118323,88.86417402656923,1.3654040147936959,7.079989556754377
4824.0,66.18468475341797,291.2250378849394,10.92313213766418,-296.55099894441844,291.2250378849394,296.55099894441844,202.3608640426254,9.557728140792827,-303.6309884195613,88.86417384231399,1.3654039968713527,7.0799894751428285
4832.0,66.2945785522461,291.225034677973,10.92314704421976,-296.55096492971876,291.225034677973,296.55096492971876,202.36086079398797,9.557742939434622,-303.6309546518229,88.86417388398505,1.3654041047851382,7.079989722104127
4840.0,66.40445709228516,291.2250560087196,10.923153527714963,-296.5509984557467,291.2250560087196,296.5509984557467,202.3608818580924,9.55774974883777,-303.63098801790716,88.86417415062719,1.3654037788771936,7.079989562160431
4848.0,66.51435089111328,291.2250570626163,10.923165224384006,-296.5509702032039,291.2250570626163,296.5509702032039,202.36088253148966,9.557761433004448,-303.63096004661844,88.86417453112662,1.3654037913795576,7.079989843414524
4856.0,66.62423706054688,291.2250505864951,10.923187052299758,-296.55092335595805,291.2250505864951,296.55092335595805,202.36087601390096,9.557783070272873,-303.6309133445015,88.86417457259415,1.365403982026886,7.079989988543422
4864.0,66.734130859375,291.2250720905292,10.92318660301857,-296.55094086003345,291.2250720905292,296.55094086003345,202.3608975001705,9.557782764299272,-303.63093106743275,88.86417459035869,1.3654038387192977,7.079990207399308
4872.0,66.8440170288086,291.2250647775739,10.923205172270082,-296.5509040760042,291.2250647775739,296.5509040760042,202.36089004723772,9.557801413199584,-303.6308943917828,88.86417473033617,1.3654037590704977,7.079990315778629
4880.0,66.9539566040039,291.225065621691,10.923216154785644,-296.5508745282831,291.225065621691,296.5508745282831,202.36089055470956,9.557811998184848,-303.63086508213405,88.8641750669814,1.3654041566007955,7.079990553850957
4888.0,67.06385040283203,291.2250687484694,10.923231621675534,-296.5508601972808,291.2250687484694,296.5508601972808,202.36089347256757,9.557827558098541,-303.63085083848205,88.86417527590189,1.3654040635769924,7.079990641201248
4896.0,67.1737289428711,291.2250705459048,10.92324335543361,-296.55084230315873,291.2250705459048,296.55084230315873,202.36089489333074,9.557839691765128,-303.6308333075536,88.86417565257409,1.365403663668482,7.079991004394873
4904.0,67.28362274169922,291.22508527812204,10.923258941459485,-296.5508399138846,291.22508527812204,296.5508399138846,202.3609094630151,9.5578548770596,-303.63083084844357,88.86417581510692,1.3654040643998842,7.079990934558982
4912.0,67.39350891113281,291.2250874599397,10.923273923850054,-296.55083754060644,291.2250874599397,296.55083754060644,202.360911689615,9.557869844219049,-303.63082876980104,88.86417577032466,1.365404079631006,7.079991229194577
4920.0,67.50340270996094,291.22508284622256,10.923275552107915,-296.55080608901045,291.22508284622256,296.55080608901045,202.36090663885852,9.557871581352643,-303.6307971260182,88.86417620736401,1.3654039707552719,7.079991037007768
4928.0,67.61328887939453,291.22510709982623,10.923292984039492,-296.5508287182213,291.22510709982623,296.5508287182213,202.36093053683194,9.557889132595374,-303.63082028809936,88.86417656299432,1.3654038514441182,7.079991569878096
4936.0,67.72318267822266,291.2251056633071,10.923311309063022,-296.5507877787195,291.2251056633071,296.5507877787195,202.36092916125438,9.557907318385759,-303.6307793708512,88.86417650205271,1.365403990677263,7.079991592131689
4944.0,67.83306121826172,291.22508245144434,10.923319206387411,-296.5507172078277,291.22508245144434,296.5507172078277,202.36090597420403,9.557915276240038,-303.6307087904996,88.86417647724028,1.3654039301473722,7.079991582671912
4952.0,67.94295501708984,291.2251007058118,10.923338351701304,-296.550728794247,291.2251007058118,296.550728794247,202.36092396407804,9.557934373175879,-303.63072040200404,88.8641767417338,1.365403978525424,7.07999160775703
4960.0,68.05284118652344,291.2250978777079,10.92334489797042,-296.550694526763,291.2250978777079,296.550694526763,202.3609207123545,9.557941027730367,-303.63068640029894,88.86417716535342,1.365403870240054,7.079991873535954
4968.0,68.16273498535156,291.2251069244552,10.92335949784231,-296.5506952208074,291.2251069244552,296.5506952208074,202.36093007048848,9.557955789386105,-303.6306872727539,88.86417685396674,1.3654037084562045,7.07999205194645
4976.0,68.27262115478516,291.22510166137675,10.92337544530017,-296.55066184060763,291.22510166137675,296.55066184060763,202.3609246857105,9.557971813001027,-303.63065366550416,88.86417697566625,1.3654036322991425,7.079991824896526
4984.0,68.38251495361328,291.22510014148975,10.923388931192367,-296.5506274686648,291.22510014148975,296.5506274686648,202.36092317752696,9.557985448598892,-303.63061960294755,88.86417696396282,1.365403482593475,7.079992134282751
4992.0,68.49239349365234,291.2251148681422,10.923408328288044,-296.5506428466433,291.2251148681422,296.5506428466433,202.36093777057735,9.558004724092456,-303.63063511185493,88.86417709756483,1.3654036041955888,7.079992265211621
5000.0,68.60228729248047,291.22512316922035,10.923422058151356,-296.5506133851232,291.22512316922035,296.5506133851232,202.360945495525,9.55801819872909,-303.63060582018795,88.86417767369537,1.365403859422265,7.0799924350647645
5008.0,68.7121810913086,291.2251045577291,10.923428594000164,-296.55057458336876,291.2251045577291,296.55057458336876,202.36092654289638,9.558024966627004,-303.63056722280976,88.86417801483269,1.3654036273731598,7.079992639440974
5016.0,68.82206726074219,291.22514003006313,10.923455379598417,-296.5506155075207,291.22514003006313,296.5506155075207,202.36096172938863,9.558051938096675,-303.63060801374655,88.86417830067447,1.365403441501742,7.0799925062258104
5024.0,68.93195343017578,291.22512954325094,10.923469437172145,-296.5505520134496,291.22512954325094,296.5505520134496,202.3609509963721,9.558065760797046,-303.63054455009285,88.86417854687882,1.3654036763750979,7.079992536643257
5032.0,69.0418472290039,291.22514693076903,10.9234860083544,-296.55054887782876,291.22514693076903,296.55054887782876,202.36096823254462,9.558082304951727,-303.63054179669086,88.8641786982244,1.3654037034026731,7.079992918862076
5040.0,69.1517333984375,291.225140077413,10.923492241507649,-296.55051953724666,291.225140077413,296.55051953724666,202.36096143568955,9.558088838156419,-303.63051228458585,88.86417864172344,1.3654034033512308,7.0799927473391815
5048.0,69.2616195678711,291.2251454894749,10.923512173416054,-296.5505061918678,291.2251454894749,296.5505061918678,202.36096634529872,9.558108520261733,-303.63049897253006,88.86417914417623,1.3654036531543214,7.079992780662282
5056.0,69.37151336669922,291.22516732854024,10.923527383374942,-296.5505124928824,291.22516732854024,296.5505124928824,202.3609879440994,9.558123768021632,-303.6305055888255,88.8641793844408,1.3654036153533096,7.079993095943106
5064.0,69.48139953613281,291.2251522805248,10.923549275722824,-296.5504585141701,291.2251522805248,296.5504585141701,202.3609730585759,9.558145703880522,-303.6304519021015,88.86417922194892,1.365403571842303,7.079993387931448
5072.0,69.5912857055664,291.22515585267104,10.923569529821282,-296.55042771180365,291.22515585267104,296.55042771180365,202.36097638189167,9.558165895986058,-303.63042144439845,88.86417947077938,1.3654036338352256,7.079993732594782
5080.0,69.70117950439453,291.22516383860716,10.923586717215038,-296.550430131292,291.22516383860716,296.550430131292,202.36098441433916,9.558183246589639,-303.6304232360435,88.864179424268,1.3654034706253984,7.0799931047515035
5088.0,69.81106567382812,291.22514966203147,10.923591803545328,-296.5503579185634,291.22514966203147,296.5503579185634,202.3609697440371,9.558188325514799,-303.63035133189453,88.86417991799438,1.3654034780305302,7.079993413331146
5096.0,69.92095184326172,291.22516619599935,10.923606073963903,-296.5503780537896,291.22516619599935,296.5503780537896,202.3609864613129,9.558202612001406,-303.63037165713826,88.86417973468642,1.365403461962498,7.079993603348696
5104.0,70.03084564208984,291.2251780231584,10.923624870932473,-296.5503654608532,291.2251780231584,296.5503654608532,202.3609981210771,9.558221206271968,-303.6303590107859,88.86417990208126,1.365403664660505,7.079993549932717
5112.0,70.14073181152344,291.2251846964024,10.923655277729543,-296.5503327722362,291.2251846964024,296.5503327722362,202.36100456101786,9.558251650414036,-303.63032680473253,88.86418013538454,1.365403627315507,7.07999403249636
5120.0,70.25061798095703,291.22516734002966,10.923662702029374,-296.55028805513604,291.22516734002966,296.55028805513604,202.36098726792613,9.558259181414451,-303.63028197284416,88.86418007210355,1.3654035206149229,7.0799939177081095
5128.0,70.36051177978516,291.22517618183383,10.92368893094206,-296.55028095464536,291.22517618183383,296.55028095464536,202.360995770851,9.558285432938362,-303.63027516152323,88.86418041098284,1.365403498003698,7.0799942068778625
5136.0,70.47045135498047,291.22518701364197,10.923707968597686,-296.55026330536515,291.22518701364197,296.55026330536515,202.36100667526034,9.558304439748763,-303.63025734601604,88.8641803383816,1.3654035288489235,7.079994040650862
5144.0,70.58033752441406,291.22520156001195,10.923718432376667,-296.55024190095173,291.22520156001195,296.55024190095173,202.36102079895753,9.55831502341183,-303.6302358348119,88.86418076105444,1.365403408964837,7.0799939338602
5152.0,70.69022369384766,291.2251720257674,10.923734604175463,-296.55017657579253,291.2251720257674,296.55017657579253,202.36099134215263,9.558331056831957,-303.63017108903693,88.86418068361475,1.3654035473435058,7.079994513244381
5160.0,70.80011749267578,291.2251901361002,10.923754209451689,-296.5501899551422,291.2251901361002,296.5501899551422,202.3610095928721,9.558350879289728,-303.63018455535433,88.86418054322806,1.3654033301619601,7.0799946002121485
5168.0,70.91000366210938,291.22519740298424,10.923776138580127,-296.55017226129365,291.22519740298424,296.55017226129365,202.36101675087392,9.558372828494551,-303.6301668686217,88.86418065211035,1.365403310085576,7.07999460732803
5176.0,71.01988983154297,291.22519951159785,10.923795707902816,-296.55012822095193,291.22519951159785,296.55012822095193,202.36101851001413,9.558392313545266,-303.63012268009794,88.86418100158373,1.3654033943575508,7.079994459146011
5184.0,71.1297836303711,291.2252085314011,10.923815528983342,-296.55011653307145,291.2252085314011,296.55011653307145,202.36102786898624,9.558412142683192,-303.6301113668245,88.8641806624149,1.3654033863001505,7.079994833753091
5192.0,71.23966979980469,291.22521316245377,10.923827395804718,-296.5501129055541,291.22521316245377,296.5501129055541,202.3610325445262,9.558424148292028,-303.63010756653193,88.86418061792756,1.3654032475126903,7.079994660977838
5200.0,71.34955596923828,291.2252293122669,10.923848093312472,-296.5501082128779,291.2252293122669,296.5501082128779,202.36104838298886,9.558444507452194,-303.63010307952754,88.86418092927804,1.3654035858602782,7.079994866649669
5208.0,71.4594497680664,291.2252227536226,10.923867226999949,-296.5500512770871,291.2252227536226,296.5500512770871,202.36104181874282,9.558463848337109,-303.6300460339236,88.86418093487973,1.3654033786628408,7.079994756836477
5216.0,71.5693359375,291.22522796459657,10.923889903351306,-296.5500270799005,291.22522796459657,296.5500270799005,202.3610468461497,9.558486668991078,-303.63002158266,88.86418111844685,1.3654032343602278,7.079994502759533
5224.0,71.6792221069336,291.22525314665916,10.923912285005187,-296.5500449796564,291.22525314665916,296.5500449796564,202.36107173437284,9.558508842114092,-303.63003990874915,88.86418141228629,1.365403442891096,7.07999492909276
5232.0,71.78911590576172,291.22524730613765,10.923926082343334,-296.5499957601398,291.22524730613765,296.5499957601398,202.3610661330228,9.55852276741182,-303.62999093235516,88.86418117311483,1.3654033149315148,7.0799951722153835
5240.0,71.89900207519531,291.22524618551245,10.92394744980916,-296.54997101916143,291.22524618551245,296.54997101916143,202.36106477172706,9.55854412742562,-303.6299661264717,88.86418141378536,1.365403322383541,7.07999510731024
5248.0,72.00889587402344,291.2252524196874,10.923974861107165,-296.5499416328787,291.2252524196874,296.5499416328787,202.36107095171593,9.558571535056803,-303.6299370138168,88.86418146797148,1.365403326050362,7.0799953809380884
5256.0,72.11878204345703,291.2252570231421,10.923989374348979,-296.5499206289627,291.2252570231421,296.5499206289627,202.36107501763416,9.558586195828342,-303.62991575885974,88.86418200550793,1.3654031785206366,7.0799951298970605
5264.0,72.22867584228516,291.22525134419857,10.924006600935773,-296.5498762273091,291.22525134419857,296.5498762273091,202.36106953879056,9.558603361437868,-303.6298719342258,88.86418180540802,1.3654032394979048,7.079995706916691
5272.0,72.33855438232422,291.225261643512,10.924025280332835,-296.5498657601442,291.225261643512,296.5498657601442,202.36107984573457,9.558622197484457,-303.62986111283766,88.8641817977774,1.3654030828483785,7.079995352693479
5280.0,72.44844818115234,291.22527732424703,10.924049393183957,-296.5498511943823,291.22527732424703,296.5498511943823,202.36109538260553,9.558646254173082,-303.6298467387512,88.86418194164148,1.3654031390108754,7.079995544368879
5288.0,72.55833435058594,291.2252649075324,10.92407081322389,-296.5497945570032,291.2252649075324,296.5497945570032,202.36108255844042,9.5586676729455,-303.62979022363584,88.86418234909198,1.36540314027839,7.079995666632609
5296.0,72.66822814941406,291.22528099243965,10.92409054939119,-296.54978699484246,291.22528099243965,296.54978699484246,202.36109883580093,9.55868764031726,-303.6297826411958,88.86418215663872,1.3654029090739297,7.079995646353309
5304.0,72.77811431884766,291.22527825773625,10.924110498450307,-296.54973382954614,291.22527825773625,296.54973382954614,202.36109623069018,9.558707503415507,-303.6297296832359,88.86418202704607,1.3654029950348003,7.079995853689743
5312.0,72.88800811767578,291.22528632939486,10.924139514587267,-296.5497291449328,291.22528632939486,296.5497291449328,202.3611035586122,9.558736360401696,-303.629725042974,88.86418277078263,1.3654031541855711,7.079995898041174
5320.0,72.99788665771484,291.2252958463572,10.9241512321003,-296.5497107858806,291.2252958463572,296.5497107858806,202.3611130893289,9.55874831611741,-303.62970639184624,88.86418275702829,1.365402915982891,7.079995605965632
5328.0,73.10778045654297,291.2252986922705,10.924168125261236,-296.549661499558,291.2252986922705,296.549661499558,202.3611153721966,9.558765184896467,-303.62965718773853,88.86418332007389,1.3654029403647687,7.079995688180548
5336.0,73.2176742553711,291.22523250451684,10.924185377675986,-296.5496395226287,291.22523250451684,296.5496395226287,202.36105097235605,9.558782529308314,-303.6296347705509,88.86418153216081,1.365402848367672,7.079995247922229
5344.0,73.32756042480469,291.2251766831654,10.924182336670473,-296.5496010114326,291.2251766831654,296.5496010114326,202.3610006085804,9.558779311668697,-303.62959510848657,88.864176074585,1.3654030250017755,7.079994097053941
5352.0,73.43744659423828,291.22516683675315,10.924194003908106,-296.54960815452984,291.22516683675315,296.54960815452984,202.36099504189872,9.558791095183505,-303.62960164843383,88.86417179485444,1.3654029087246,7.079993493904008
5360.0,73.5473403930664,291.2251774772985,10.924194100271668,-296.54962730254385,291.2251774772985,296.54962730254385,202.3610076006716,9.558790914820156,-303.6296200787439,88.86416987662686,1.3654031854515125,7.07999277620006
5368.0,73.6572265625,291.22518244155845,10.924194163783877,-296.54959046761013,291.22518244155845,296.54959046761013,202.36101385586386,9.558791124968607,-303.6295831124726,88.8641685856946,1.3654030388152694,7.07999264486242
5376.0,73.7671127319336,291.22520626137225,10.924207990011409,-296.5495986270339,291.22520626137225,296.5495986270339,202.36103763785934,9.558804892625112,-303.6295909984897,88.86416862351288,1.3654030973862974,7.0799923714557975
5384.0,73.87700653076172,291.22522134651837,10.924205714462591,-296.5496116296673,291.22522134651837,296.5496116296673,202.3610526294221,9.558802514257614,-303.6296045042617,88.86416871709626,1.3654032002049774,7.079992874594362
5392.0,73.98694610595703,291.2252305841009,10.924226466279276,-296.54955833270753,291.2252305841009,296.54955833270753,202.3610612516138,9.558823483667581,-303.62955123261685,88.86416933248711,1.3654029826116953,7.079992899909321
5400.0,74.09683227539062,291.2252339430301,10.9242348112316,-296.5495392372672,291.2252339430301,296.5495392372672,202.3610642477668,9.558831604334468,-303.62953231274867,88.86416969526333,1.3654032068971305,7.079993075481457
5408.0,74.20671844482422,291.2252469536655,10.924241354342152,-296.54954353807074,291.2252469536655,296.54954353807074,202.36107650259902,9.55883839045136,-303.62953700888073,88.86417045106646,1.3654029638907925,7.079993470810007
5416.0,74.31661224365234,291.2252609958942,10.924263572121163,-296.5495423507774,291.2252609958942,296.5495423507774,202.361089487762,9.558860448670691,-303.62953595377223,88.86417150813219,1.365403123450472,7.079993602994825
5424.0,74.42649841308594,291.2252931940687,10.924273722118725,-296.5495333172473,291.2252931940687,296.5495333172473,202.36112065419078,9.558870721613607,-303.6295271247484,88.8641725398779,1.3654030005051179,7.079993807501049
5432.0,74.53638458251953,291.2252923794824,10.92428349276343,-296.5495116556885,291.2252923794824,296.5495116556885,202.36111880683276,9.55888060757232,-303.629505904294,88.86417357264966,1.3654028851911089,7.079994248605512
5440.0,74.64627838134766,291.22530089029624,10.924298797106635,-296.54948579191046,291.22530089029624,296.54948579191046,202.36112628181158,9.558895639053603,-303.6294801963437,88.86417460848465,1.365403158053033,7.079994404433224
5448.0,74.75616455078125,291.2253088156894,10.924305730533717,-296.54950106191814,291.2253088156894,296.54950106191814,202.36113337705302,9.558902808544065,-303.62949586062206,88.86417543863637,1.365402921989653,7.079994798703918
5456.0,74.86605072021484,291.22531792323866,10.924313904299982,-296.5494920748632,291.22531792323866,296.5494920748632,202.36114162963963,9.558911094586295,-303.6294868130195,88.864176293599,1.3654028097136868,7.0799947381562855
5464.0,74.97594451904297,291.22532603955693,10.924334002635907,-296.549486186596,291.22532603955693,296.549486186596,202.3611489943214,9.558931041974809,-303.62948153083994,88.86417704523554,1.3654029606610982,7.0799953442439145
5472.0,75.08583068847656,291.225335093315,10.924342531583008,-296.549452856176,291.225335093315,296.549452856176,202.36115749419625,9.558939670449913,-303.6294481927622,88.86417759911872,1.3654028611330948,7.079995336586176
5480.0,75.19572448730469,291.22531743125126,10.924353711561166,-296.5494042953314,291.22531743125126,296.5494042953314,202.36113910632858,9.55895100761834,-303.62939979504563,88.86417832492269,1.3654027039428256,7.079995499714232
5488.0,75.30561065673828,291.22533665171545,10.92436270792684,-296.54941788338397,291.22533665171545,296.54941788338397,202.36115795037838,9.558959850460639,-303.62941356076743,88.86417870133707,1.3654028574662016,7.079995677383491
5496.0,75.4155044555664,291.22534001469603,10.924380758399042,-296.54940277683824,291.22534001469603,296.54940277683824,202.36116103262097,9.558977925471698,-303.62939830121206,88.86417898207506,1.3654028329273438,7.07999552437384
5504.0,75.52538299560547,291.2253493010512,10.9243872072295,-296.54941344800267,291.2253493010512,296.54941344800267,202.36116984413533,9.558984744002192,-303.62940924418393,88.86417945691585,1.3654024632273094,7.079995796181245
5512.0,75.6352767944336,291.2253459287649,10.92440083470839,-296.54939164365953,291.2253459287649,296.54939164365953,202.36116628850198,9.558998373392143,-303.62938762079193,88.86417964026296,1.3654024613162474,7.079995977132403
5520.0,75.74516296386719,291.2253537851492,10.924411829384127,-296.5493796189,291.2253537851492,296.5493796189,202.36117343337722,9.559009083674642,-303.6293754326673,88.864180351772,1.3654027457094848,7.07999581376733
5528.0,75.85505676269531,291.2253479469432,10.924424753246917,-296.54934758123915,291.2253479469432,296.54934758123915,202.36116746378687,9.559022041314767,-303.629343610369,88.86418048315633,1.3654027119321492,7.079996029129844
5536.0,75.9649429321289,291.2253557845701,10.92443330027085,-296.54932594041423,291.2253557845701,296.54932594041423,202.36117516728223,9.55903071335126,-303.6293222784317,88.8641806172879,1.3654025869195896,7.079996338017476
5544.0,76.07483673095703,291.2253481488382,10.924455393146488,-296.54930547328064,291.2253481488382,296.54930547328064,202.36116747273147,9.559052635574787,-303.62930158504287,88.8641806761067,1.3654027575717016,7.079996111762201
5552.0,76.1847152709961,291.2253530263527,10.924461669411095,-296.5492920910946,291.2253530263527,296.5492920910946,202.3611718811968,9.55905928720621,-303.6292881185567,88.86418114515588,1.365402382204885,7.079996027462069
5560.0,76.29460906982422,291.22537569268115,10.924476982374042,-296.5493047566082,291.22537569268115,296.5493047566082,202.36119468777034,9.559074359166672,-303.629301029242,88.86418100491085,1.3654026232073706,7.0799962726338075
5568.0,76.40449523925781,291.2253746666569,10.924491051842637,-296.5492971338337,291.2253746666569,296.5492971338337,202.36119353831708,9.55908863224775,-303.6292932114723,88.86418112833977,1.365402419594886,7.0799960776386355
5576.0,76.51438903808594,291.2253660213104,10.924506295535062,-296.5492581710704,291.2253660213104,296.5492581710704,202.3611847246964,9.559103963328392,-303.62925451750806,88.86418129661398,1.3654023322066702,7.079996346437691
5584.0,76.62427520751953,291.2253722673239,10.92451872906424,-296.54925284406903,291.2253722673239,296.54925284406903,202.3611911153983,9.559116214512452,-303.62924882455883,88.86418115192559,1.3654025145517874,7.079995980489791
5592.0,76.73416900634766,291.2252831158674,10.924516400059638,-296.54919297930854,291.2252831158674,296.54919297930854,202.36110371757368,9.559113899677476,-303.629188992073,88.8641793982937,1.3654025003821613,7.079996012764475
5600.0,76.84405517578125,291.22519326388317,10.924501170966913,-296.5491673542979,291.22519326388317,296.5491673542979,202.36102244581298,9.559098779188096,-303.6291611522465,88.86417081807019,1.365402391778817,7.07999379794863
5608.0,76.95394134521484,291.22521055463244,10.924488778104468,-296.54920702237547,291.22521055463244,296.54920702237547,202.3610444174293,9.559086186558282,-303.6292003272665,88.86416613720314,1.3654025915461854,7.079993304891042
5616.0,77.06383514404297,291.2252409802945,10.924486818634405,-296.549229994682,291.2252409802945,296.549229994682,202.36107613711084,9.559084166988617,-303.6292226566751,88.86416484318363,1.365402651645788,7.079992661993132
5624.0,77.17372131347656,291.2252560335029,10.924479753766818,-296.5492346806768,291.2252560335029,296.5492346806768,202.3610904881995,9.559077509915934,-303.62922776614187,88.86416554530336,1.3654022438508844,7.079993085465064
5632.0,77.28360748291016,291.22528831140636,10.924490075378614,-296.54927201908487,291.22528831140636,296.54927201908487,202.3611217207222,9.559087643505594,-303.6292650037588,88.86416659068416,1.3654024318730202,7.079992984673913
5640.0,77.39350128173828,291.2253040903795,10.924495489998908,-296.54925073353377,291.2253040903795,296.54925073353377,202.36113632434547,9.559092842099737,-303.6292442878827,88.864167766034,1.3654026478991708,7.079993554348982
5648.0,77.5034408569336,291.225320256283,10.924495430877387,-296.5492565860619,291.225320256283,296.5492565860619,202.3611510279446,9.559092978902289,-303.62925045834504,88.8641692283384,1.3654024519750991,7.079993872283121
5656.0,77.61332702636719,291.2253507630974,10.92450228779454,-296.54927795356457,291.2253507630974,296.54927795356457,202.3611804737951,9.559099615484373,-303.62927196289456,88.86417028930234,1.3654026723101675,7.07999400932998
5664.0,77.72321319580078,291.2253425991505,10.924500771523068,-296.5492374249508,291.2253425991505,296.5492374249508,202.36117066231395,9.55909825765546,-303.62923200259627,88.86417193683658,1.3654025138676076,7.079994577645518
5672.0,77.8331069946289,291.225363307083,10.924507361581254,-296.54926724770394,291.225363307083,296.54926724770394,202.36118988984234,9.559105019995059,-303.62926183136517,88.86417341724065,1.365402341586195,7.079994583661239
5680.0,77.94300079345703,291.2253708324197,10.92450853860353,-296.5492392124592,291.2253708324197,296.5492392124592,202.3611962540392,9.559106315806808,-303.6292343271783,88.86417457838049,1.3654022227967215,7.0799951147191384
5688.0,78.0528793334961,291.22538558171675,10.924512798686816,-296.5492597934411,291.22538558171675,296.5492597934411,202.36120963878545,9.559110180184014,-303.62925520153965,88.86417594293133,1.365402618502803,7.079995408098589
5696.0,78.16277313232422,291.2253727049068,10.924513151594082,-296.54923743481726,291.2253727049068,296.54923743481726,202.3611957830019,9.55911067178991,-303.6292329745311,88.86417692190491,1.3654024798041733,7.079995539713795
5704.0,78.27265930175781,291.22538905449886,10.924519614012116,-296.549249924753,291.22538905449886,296.549249924753,202.36121132673043,9.559117396301675,-303.6292455692894,88.86417772776845,1.3654022177104408,7.079995644536452
5712.0,78.38255310058594,291.22537295140614,10.924520012175261,-296.5492237629958,291.22537295140614,296.5492237629958,202.36119470293855,9.55911734255026,-303.6292197349387,88.86417824846762,1.3654026696250012,7.079995971942958
5720.0,78.49243927001953,291.2253737131948,10.924526694293567,-296.5492194960122,291.2253737131948,296.5492194960122,202.36119502768548,9.559124229696339,-303.6292153729437,88.8641786855093,1.3654024645972282,7.079995876931469
5728.0,78.60233306884766,291.2253820414111,10.924533803922202,-296.54923726358976,291.2253820414111,296.54923726358976,202.3612031812887,9.559131529657273,-303.6292336669036,88.86417886012241,1.365402274264929,7.079996403313823
5736.0,78.71221923828125,291.2253884242349,10.92452563717088,-296.54922726091036,291.2253884242349,296.54922726091036,202.36120909463648,9.559123239477394,-303.62922354843784,88.86417932959841,1.3654023976934861,7.079996287527454
5744.0,78.82210540771484,291.2253764251353,10.924536978393245,-296.5491983434629,291.2253764251353,296.5491983434629,202.36119703680032,9.55913442348892,-303.62919484610245,88.86417938833503,1.3654025549043256,7.0799965026395615
5752.0,78.93199920654297,291.22537768165245,10.924537765792525,-296.54920610202873,291.22537768165245,296.54920610202873,202.3611981229285,9.559135399948834,-303.6292025796349,88.86417955872396,1.3654023658436911,7.079996477606161
5760.0,79.04188537597656,291.22537748136926,10.924539060727486,-296.5492127588643,291.22537748136926,296.5492127588643,202.36119786953347,9.559136555490564,-303.62920907018713,88.86417961183582,1.365402505236922,7.079996311322804
5768.0,79.15177154541016,291.22535683526877,10.92454548464355,-296.54915698272094,291.22535683526877,296.54915698272094,202.36117715811764,9.559143125190841,-303.6291534085655,88.86417967715114,1.365402359452709,7.079996425844568
5776.0,79.26166534423828,291.22537912722805,10.924551825230685,-296.5491874187359,291.22537912722805,296.5491874187359,202.36119946840836,9.559149158808806,-303.62918420335484,88.86417965881967,1.3654026664218797,7.079996784618925
5784.0,79.37155151367188,291.2253812521311,10.924547632255294,-296.5492039415402,291.2253812521311,296.5492039415402,202.36120138397882,9.559145120275561,-303.6292006189586,88.86417986815232,1.3654025119797337,7.079996677418365
5792.0,79.48143768310547,291.2253760892884,10.924546700265914,-296.5491426812637,291.2253760892884,296.5491426812637,202.36119605074143,9.559144316168648,-303.6291394720612,88.86418003854695,1.3654023840972662,7.07999679079749
5800.0,79.5913314819336,291.2253845752475,10.924558661416874,-296.5491687525768,291.2253845752475,296.5491687525768,202.3612046462123,9.559156227451966,-303.6291650648099,88.86417992903525,1.3654024339649076,7.079996312233116
5808.0,79.70121765136719,291.22538472401476,10.924561191802137,-296.5491757460986,291.22538472401476,296.5491757460986,202.36120428573122,9.55915876088214,-303.6291725011791,88.86418043828354,1.3654024309199975,7.079996755080445
5816.0,79.81110382080078,291.2253857289374,10.924557817942684,-296.54916297921596,291.2253857289374,296.54916297921596,202.3612050112246,9.559155454421825,-303.62916002261164,88.8641807177128,1.3654023635208596,7.07999704339569
5824.0,79.9209976196289,291.22537385196125,10.924567818902254,-296.5491471177404,291.22537385196125,296.5491471177404,202.36119315960934,9.559165428161293,-303.62914423244433,88.86418069235191,1.3654023907409614,7.07999711470393
5832.0,80.0308837890625,291.22537191261904,10.924569886362434,-296.54911459363535,291.22537191261904,296.54911459363535,202.36119088322042,9.559167528906197,-303.62911159231066,88.8641810293986,1.3654023574562375,7.0799969986753055
5840.0,80.1407699584961,291.22540007874534,10.924579104781142,-296.5491738346798,291.22540007874534,296.5491738346798,202.36121891721402,9.559176927349755,-303.6291706959328,88.86418116153129,1.3654021774313865,7.079996861253056
5848.0,80.25066375732422,291.2253778205511,10.924583237820569,-296.54914924233907,291.2253778205511,296.54914924233907,202.36119662080534,9.559181457863302,-303.6291462611157,88.86418119974579,1.3654017799572664,7.0799970187766075
5856.0,80.36054992675781,291.22538276250515,10.924588536662103,-296.5491307720858,291.22538276250515,296.5491307720858,202.36120132005053,9.55918636160241,-303.62912789062403,88.86418144245462,1.3654021750596916,7.079997118538242
5864.0,80.4704360961914,291.22539188104975,10.924598863516255,-296.5491183793602,291.22539188104975,296.5491183793602,202.361210074455,9.559196882707024,-303.62911554968014,88.86418180659479,1.3654019808092321,7.079997170319924
5872.0,80.58032989501953,291.2253786261655,10.924595669277416,-296.54912117730356,291.2253786261655,296.54912117730356,202.36119668707113,9.55919354693484,-303.629118476808,88.86418193909434,1.3654021223425759,7.079997299504428
5880.0,80.69021606445312,291.22538077500514,10.924603315314787,-296.5491063554457,291.22538077500514,296.5491063554457,202.36119855534207,9.55920144839476,-303.6291037016266,88.86418221966305,1.3654018669200267,7.079997346180914
5888.0,80.80010986328125,291.22538447076647,10.924609390553204,-296.5490943921019,291.22538447076647,296.5490943921019,202.36120228417445,9.55920731220567,-303.6290917877721,88.864182186592,1.3654020783475338,7.079997395670227
5896.0,80.90999603271484,291.2253823979274,10.92461840712502,-296.54909101975903,291.2253823979274,296.54909101975903,202.361200099852,9.559216316967397,-303.62908815593926,88.86418229807538,1.3654020901576236,7.079997136180228
5904.0,81.01993560791016,291.2253804931504,10.924619176974154,-296.54907110371107,291.2253804931504,296.54907110371107,202.36119812032797,9.559217335847558,-303.62906821601194,88.86418237282246,1.3654018411265958,7.079997112300894
5912.0,81.12982177734375,291.2253838526741,10.924628125219398,-296.54907163630975,291.2253838526741,296.54907163630975,202.36120123994328,9.559225874017704,-303.62906895831327,88.86418261273081,1.3654022512016932,7.0799973220034955
5920.0,81.23970794677734,291.22538131133103,10.924632455011944,-296.5490530474004,291.22538131133103,296.5490530474004,202.36119836532845,9.55923030593555,-303.6290501027976,88.86418294600259,1.3654021490763937,7.07999705539718
5928.0,81.34960174560547,291.2254018266699,10.924631924876469,-296.54907446282283,291.2254018266699,296.54907446282283,202.3612187604372,9.559229968063065,-303.6290721491611,88.86418306623267,1.3654019568134048,7.079997686338313
5936.0,81.45948791503906,291.22539371816003,10.92463629440451,-296.54904565926785,291.22539371816003,296.54904565926785,202.36121049930705,9.55923421915513,-303.62904323438937,88.86418321885297,1.3654020752493792,7.079997575121546
5944.0,81.56937408447266,291.22541048958135,10.924647745981868,-296.5490621193096,291.22541048958135,296.5490621193096,202.36122713589265,9.559245590131287,-303.62905960674186,88.86418335368873,1.3654021558505822,7.079997487432243
5952.0,81.67926788330078,291.2254108450023,10.92465939098679,-296.549039060783,291.2254108450023,296.549039060783,202.36122741442065,9.559257642431795,-303.6290365572312,88.86418343058162,1.3654017485549952,7.0799974964481605
5960.0,81.78915405273438,291.22540691254716,10.92465655548576,-296.5490400053771,291.22540691254716,296.5490400053771,202.361223434324,9.559254695458549,-303.62903797426304,88.86418347822315,1.365401860027211,7.0799979688859604
5968.0,81.89904022216797,291.2254145111409,10.92466561355997,-296.54906588047567,291.2254145111409,296.54906588047567,202.36123069906586,9.559263571102136,-303.62906382926735,88.86418381207504,1.3654020424578335,7.079997948791659
5976.0,82.0089340209961,291.2254361509005,10.924666528564419,-296.5490717088014,291.2254361509005,296.5490717088014,202.36125218394957,9.55926433942642,-303.62906938516767,88.86418396695096,1.3654021891379997,7.079997676366224
5984.0,82.11882019042969,291.2254242938152,10.924684333633543,-296.5490559030627,291.2254242938152,296.5490559030627,202.36124011446802,9.559282502980519,-303.62905413293055,88.86418417934715,1.3654018306530245,7.079998229867832
5992.0,82.22870635986328,291.2254363335654,10.924683759685163,-296.54905450329886,291.2254363335654,296.54905450329886,202.3612520257342,9.559281527825936,-303.629052507021,88.86418430783122,1.365402231859226,7.07999800372214
6000.0,82.3386001586914,291.2254256445507,10.924691848553643,-296.54902331708865,291.2254256445507,296.54902331708865,202.36124117014347,9.559289879289835,-303.62902115716287,88.86418447440721,1.3654019692638082,7.07999784007421
6008.0,82.448486328125,291.22541182157784,10.924703412547228,-296.54898171776216,291.22541182157784,296.54898171776216,202.3612273111587,9.559301403364906,-303.6289796717857,88.86418451041916,1.3654020091823225,7.079997954023567
6016.0,82.55838012695312,291.2254223296157,10.924716852046604,-296.5489660927344,291.2254223296157,296.5489660927344,202.36123720045424,9.559314727861874,-303.62896450239515,88.86418512916146,1.36540212418473,7.079998409660705
6024.0,82.66826629638672,291.22543457864083,10.924713975219271,-296.54896828704545,291.22543457864083,296.54896828704545,202.3612489739352,9.559312143609855,-303.62896666907636,88.86418560470565,1.3654018316094159,7.079998382030922
6032.0,82.77816009521484,291.2254209037351,10.924724624229546,-296.5489517131762,291.2254209037351,296.5489517131762,202.36123569397125,9.55932254065407,-303.6289501620572,88.86418520976383,1.3654020835754745,7.079998448880989
6040.0,82.8880386352539,291.22543537842665,10.92473579514561,-296.5489605647717,291.22543537842665,296.5489605647717,202.3612498067483,9.559333950635775,-303.62895878479816,88.86418557167835,1.3654018445098348,7.079998220026508
6048.0,82.99793243408203,291.2254431285062,10.924731619698406,-296.54895834429044,291.2254431285062,296.54895834429044,202.36125736628654,9.559329661574212,-303.62895660749064,88.86418576221962,1.3654019581241927,7.079998263200181
6056.0,83.10781860351562,291.22544231931533,10.924743393186082,-296.54895786736756,291.22544231931533,296.54895786736756,202.36125635433302,9.559341305923164,-303.62895634593525,88.86418596498231,1.3654020872629182,7.079998478567689
6064.0,83.21771240234375,291.225439177237,10.92475735260109,-296.54892112723167,291.225439177237,296.54892112723167,202.36125291881564,9.55935533016473,-303.62891923392,88.86418625842133,1.36540202243636,7.079998106688309
6072.0,83.32759857177734,291.225444617355,10.924767951154507,-296.5489203356853,291.225444617355,296.5489203356853,202.36125823244276,9.559365958926442,-303.6289188746407,88.86418638491222,1.365401992228065,7.079998538955399
6080.0,83.43749237060547,291.22544070606665,10.924771205560294,-296.5489085100877,291.22544070606665,296.5489085100877,202.36125454485133,9.559369169346322,-303.62890708125303,88.86418616121531,1.3654020362139714,7.07999857116535
6088.0,83.54737854003906,291.22544739629274,10.924783513427652,-296.54890946401457,291.22544739629274,296.54890946401457,202.36126067163406,9.559381697951029,-303.62890803224514,88.86418672465868,1.3654018154766239,7.079998568230548
6096.0,83.65726470947266,291.22543833829445,10.924788567282505,-296.54886781841924,291.22543833829445,296.54886781841924,202.3612513639716,9.55938668386271,-303.62886630813006,88.86418697432288,1.3654018834197952,7.079998489710843
6104.0,83.76715850830078,291.2254587221155,10.924799185081847,-296.5488819792443,291.2254587221155,296.5488819792443,202.36127161617193,9.559397360750875,-303.6288804983993,88.86418710594357,1.3654018243309718,7.079998519155018
6112.0,83.87704467773438,291.2254726302027,10.924811330666149,-296.5489032285423,291.2254726302027,296.5489032285423,202.36128503622757,9.559409502833862,-303.6289015636491,88.86418759397515,1.3654018278322857,7.0799983351067635
6120.0,83.98693084716797,291.22546984812857,10.924814133688503,-296.54886903984595,291.22546984812857,296.54886903984595,202.36128206345143,9.55941263956254,-303.6288675790122,88.86418778467711,1.365401494125963,7.079998539166221
6128.0,84.0968246459961,291.2254599036728,10.924831375959334,-296.5488454504875,291.2254599036728,296.5488454504875,202.36127207644464,9.559429792823686,-303.6288441403739,88.86418782722819,1.365401583135649,7.079998689886406
6136.0,84.20671081542969,291.2254735767776,10.924841472884156,-296.54884693147386,291.2254735767776,296.54884693147386,202.36128557625915,9.55943988337951,-303.628845575376,88.86418800051844,1.3654015895046463,7.079998643902098
6144.0,84.31659698486328,291.2254670609046,10.92485064062458,-296.5488177241728,291.2254670609046,296.5488177241728,202.36127909096717,9.559448711768962,-303.62881636426795,88.86418796993739,1.3654019288556194,7.079998640095126
6152.0,84.4264907836914,291.22545722763266,10.92486292974536,-296.54878929562614,291.22545722763266,296.54878929562614,202.36126903489344,9.559461035980616,-303.62878834595097,88.86418819273919,1.3654018937647439,7.079999050324806
6160.0,84.53643035888672,291.2254736073628,10.924869619123951,-296.54880151490596,291.2254736073628,296.54880151490596,202.361285019275,9.559467913423259,-303.6288002569871,88.86418858808779,1.3654017057006929,7.079998742081168
6168.0,84.64632415771484,291.22546559574494,10.924874043377434,-296.54874058298725,291.22546559574494,296.54874058298725,202.36127716876598,9.55947209842952,-303.6287396479761,88.86418842697893,1.365401944947914,7.079999064988833
6176.0,84.75621032714844,291.22547264349976,10.924879833562542,-296.54878010126424,291.22547264349976,296.54878010126424,202.36128384283836,9.559478270799731,-303.6287789580576,88.86418880066142,1.3654015627628118,7.079998856793314
6184.0,84.86609649658203,291.22548082522724,10.924900761095035,-296.54876110220056,291.22548082522724,296.54876110220056,202.36129204081496,9.559499202966453,-303.62876033551163,88.8641887844123,1.3654015581285819,7.079999233311054
6192.0,84.97599029541016,291.2254852606013,10.924912302215581,-296.54875883683707,291.2254852606013,296.54875883683707,202.3612963275438,9.559510488738118,-303.6287579482618,88.86418893305753,1.365401813477464,7.079999111424758
6200.0,85.08587646484375,291.2254861276191,10.924911205123927,-296.5487101079636,291.2254861276191,296.5487101079636,202.3612971182435,9.559509416616802,-303.62870870878726,88.86418900937556,1.3654017885071255,7.0799986008236875
6208.0,85.19576263427734,291.2254861961053,10.924928736570092,-296.54871858831683,291.2254861961053,296.54871858831683,202.36129675530293,9.559526971569476,-303.6287178123076,88.86418944080236,1.3654017650006163,7.079999223990786
6216.0,85.30565643310547,291.2255006435223,10.924940891423425,-296.5487274233009,291.2255006435223,296.5487274233009,202.3613111701594,9.559538997485014,-303.628726606011,88.86418947336291,1.3654018939384123,7.079999182710131
6224.0,85.4155502319336,291.2255048308941,10.924948908879038,-296.5486928554154,291.2255048308941,296.5486928554154,202.3613150302662,9.559546922664062,-303.6286915727155,88.86418980062791,1.3654019862149764,7.079998717300084
6232.0,85.52544403076172,291.2255206836801,10.924964694572047,-296.54869945287896,291.2255206836801,296.54869945287896,202.36133081638678,9.55956286773138,-303.6286983982279,88.86418986729328,1.3654018268406678,7.079998945348972
6240.0,85.63533782958984,291.22549174879157,10.924981822979175,-296.5486511351482,291.22549174879157,296.5486511351482,202.3613015710156,9.559579956362919,-303.6286502919045,88.86419017777595,1.3654018666162564,7.079999156756296
6248.0,85.74523162841797,291.2255203684823,10.924987476076987,-296.5486657705854,291.2255203684823,296.5486657705854,202.361330093721,9.559585678528464,-303.62866522001354,88.86419027476128,1.365401797548524,7.079999449428182
6256.0,85.8551254272461,291.2255161870286,10.925010091578963,-296.5486374129978,291.2255161870286,296.5486374129978,202.36132601063645,9.559608259103996,-303.6286365340762,88.8641901763921,1.3654018324749682,7.079999121078427
6264.0,85.96501922607422,291.22551518733655,10.925010192989145,-296.5485959147211,291.22551518733655,296.5485959147211,202.36132469060806,9.559608425270604,-303.62859508938755,88.8641904967285,1.3654017677185415,7.079999174666483
6272.0,86.07491302490234,291.2255362125953,10.925026211429554,-296.5486430777355,291.2255362125953,296.5486430777355,202.36134563414694,9.559624359852114,-303.62864219182376,88.86419057844833,1.365401851577439,7.07999911408826
6280.0,86.18480682373047,291.2255321996549,10.925036944329463,-296.54859620137455,291.2255321996549,296.54859620137455,202.3613413368767,9.559635259632644,-303.6285956591003,88.86419086277819,1.3654016846968196,7.079999457725787
6288.0,86.2947006225586,291.22554091926867,10.925055153131414,-296.5485865749357,291.22554091926867,296.5485865749357,202.3613500478298,9.55965355970827,-303.6285855443865,88.86419087143888,1.3654015934231447,7.07999896945081
6296.0,86.40459442138672,291.2255462009828,10.925064117934355,-296.54855896578147,291.2255462009828,296.54855896578147,202.36135498637987,9.559662649872188,-303.62855817730065,88.86419121460294,1.365401468062168,7.079999211519183
6304.0,86.51448822021484,291.22554969736285,10.925070249421763,-296.54856758939366,291.22554969736285,296.54856758939366,202.36135821516692,9.559668502782468,-303.62856669396217,88.86419148219593,1.3654017466392951,7.079999104568525
6312.0,86.62438201904297,291.2255685661629,10.925094412825565,-296.54858886146394,291.2255685661629,296.54858886146394,202.36137696339335,9.559692710253913,-303.62858795538676,88.86419160276952,1.3654017025716527,7.07999909392282
6320.0,86.7342758178711,291.22555137538234,10.925108116036837,-296.5485257159064,291.22555137538234,296.5485257159064,202.361359936901,9.559706608702147,-303.62852503539494,88.86419143848131,1.3654015073346897,7.079999319488527
6328.0,86.84416961669922,291.22556118837406,10.925116805770166,-296.5485278794785,291.22556118837406,296.5485278794785,202.36136969576125,9.559715101688093,-303.6285270140471,88.8641914926128,1.365401704082073,7.0799991345686095
6336.0,86.95406341552734,291.2255607297943,10.925131986685685,-296.5484890745757,291.2255607297943,296.5484890745757,202.36136904267101,9.559730094448266,-303.62848850351963,88.86419168712334,1.3654018922374185,7.079999428943976
6344.0,87.06395721435547,291.2255611307037,10.92514376188647,-296.54847344133844,291.2255611307037,296.54847344133844,202.36136936805013,9.559741918812664,-303.62847265514534,88.86419176265353,1.3654018430738075,7.0799992138069126
6352.0,87.1738510131836,291.22555385264064,10.925157332383955,-296.5484391400484,291.22555385264064,296.5484391400484,202.36136192569285,9.559755464364477,-303.6284387266741,88.86419192694781,1.3654018680194784,7.079999586625703
6360.0,87.28374481201172,291.2255655600655,10.92517734323141,-296.54844005971074,291.2255655600655,296.54844005971074,202.36137392208812,9.559775703359945,-303.62843929480505,88.86419163797738,1.3654016398714646,7.07999923509428
6368.0,87.39363861083984,291.22557710024944,10.925187076954089,-296.54845289475526,291.22557710024944,296.54845289475526,202.361385127549,9.5597854185495,-303.62845204809594,88.86419197270047,1.3654016584045885,7.079999153340656
6376.0,87.50353240966797,291.2255707692364,10.925202840473865,-296.548416962946,291.2255707692364,296.548416962946,202.36137897682343,9.559801210376872,-303.6284161499256,88.86419179241298,1.3654016300969944,7.0799991869796
6384.0,87.6134262084961,291.2255751252578,10.925214280429977,-296.54840598216555,291.2255751252578,296.54840598216555,202.36138320075614,9.559812370801856,-303.62840503171174,88.86419192450165,1.3654019096281211,7.079999049546183
6392.0,87.72332000732422,291.22557696474837,10.925227257153127,-296.5483827628762,291.22557696474837,296.5483827628762,202.36138510643596,9.55982573764176,-303.6283819217664,88.86419185831242,1.365401519511368,7.079999158890185
6400.0,87.83321380615234,291.22558138245086,10.925243407818481,-296.54835177540303,291.22558138245086,296.54835177540303,202.3613891754704,9.559841754993252,-303.6283510968377,88.86419220698042,1.3654016528252284,7.0799993214347
6408.0,87.94310760498047,291.22559116936486,10.9252576768179,-296.548350816323,291.22559116936486,296.548350816323,202.3613991702889,9.559856050341963,-303.6283503263966,88.86419199907593,1.3654016264759363,7.079999510073577
6416.0,88.05292510986328,291.2255906221069,10.925279618111379,-296.5483216284706,291.2255906221069,296.5483216284706,202.36139820526577,9.55987800389414,-303.6283211133116,88.8641924168411,1.365401614217239,7.079999484840973
6424.0,88.16281127929688,291.2255983204179,10.925287398747683,-296.54831857139646,291.2255983204179,296.54831857139646,202.36140583116156,9.55988559092975,-303.6283180088408,88.86419248925631,1.3654018078179315,7.079999437444293
6432.0,88.27271270751953,291.22560840471374,10.925305227612693,-296.548295807553,291.22560840471374,296.548295807553,202.36141580968678,9.55990350257833,-303.6282951512639,88.86419259502698,1.365401725034364,7.0799993437108615
6440.0,88.38259887695312,291.2256085430143,10.92531900218069,-296.54829971551476,291.2256085430143,296.54829971551476,202.36141580323374,9.559917604849007,-303.62829907297777,88.86419273978055,1.3654013973316825,7.079999357462984
6448.0,88.49250030517578,291.2255957435541,10.925336377006827,-296.54822177188504,291.2255957435541,296.54822177188504,202.36140272764882,9.559934754378629,-303.6282213244555,88.86419301590529,1.3654016226281982,7.079999552570474
6456.0,88.60238647460938,291.22560532964,10.92534615724489,-296.5482309825784,291.22560532964,296.5482309825784,202.36141245687952,9.559944400733546,-303.62823030232926,88.8641928727605,1.365401756511345,7.079999319750888
6464.0,88.71228790283203,291.2256118660069,10.925358643332025,-296.5482414347115,291.2256118660069,296.5482414347115,202.36141899263708,9.55995689746933,-303.6282408210791,88.8641928733698,1.365401745862695,7.079999386367611
6472.0,88.82217407226562,291.2256135434904,10.925377446731865,-296.5481943015766,291.2256135434904,296.5481943015766,202.36142080271105,9.559976029768917,-303.62819385283535,88.86419274077936,1.3654014169629476,7.079999551258749
6480.0,88.93207550048828,291.2256172777184,10.925403488040187,-296.5481838261238,291.2256172777184,296.5481838261238,202.36142419675792,9.560001816067011,-303.6281832902824,88.86419308096049,1.3654016719731754,7.079999464158566
6488.0,89.04196166992188,291.225646540767,10.925409631153125,-296.5482064221455,291.225646540767,296.5482064221455,202.36145359087868,9.560008169271423,-303.62820582833467,88.86419294988833,1.3654014618817008,7.079999406189172
6496.0,89.15186309814453,291.22563102257084,10.925430754820862,-296.5481638113053,291.22563102257084,296.5481638113053,202.3614379910412,9.560029279242002,-303.6281633613316,88.86419303152962,1.3654014755788606,7.07999955002627
6504.0,89.26174926757812,291.22562472373875,10.925444668174574,-296.5481189546279,291.22562472373875,296.5481189546279,202.36143177726444,9.560043240699716,-303.62811846818323,88.86419294647433,1.365401427474858,7.07999951355533
6512.0,89.37165069580078,291.2256374781714,10.925454685283416,-296.54811574686397,291.2256374781714,296.54811574686397,202.36144427229652,9.56005322010652,-303.628115226094,88.86419320587484,1.3654014651768973,7.079999479230008
6520.0,89.48153686523438,291.2256471578851,10.92547171163401,-296.548099706728,291.2256471578851,296.548099706728,202.36145407948607,9.560070327233115,-303.62809927884314,88.86419307839903,1.3654013844008945,7.079999572115129
6528.0,89.59143829345703,291.22564954646026,10.925486648831686,-296.5480845098104,291.22564954646026,296.5480845098104,202.36145635441926,9.560085293688756,-303.6280841995374,88.864193192041,1.36540135514293,7.079999689727025
6536.0,89.70132446289062,291.2256513608602,10.92550912412338,-296.54805885993454,291.2256513608602,296.54805885993454,202.36145798921547,9.560107509469715,-303.62805872207264,88.86419337164473,1.365401614653666,7.079999862138072
6544.0,89.81122589111328,291.22565371874964,10.925518330632343,-296.54805183177405,291.22565371874964,296.54805183177405,202.36146030884652,9.560116602545374,-303.6280513171288,88.86419340990314,1.3654017280869692,7.079999485354749
6552.0,89.92111206054688,291.22564338719013,10.925533775011921,-296.54798366960057,291.22564338719013,296.54798366960057,202.3614501920933,9.560132197128103,-303.6279834650111,88.86419319509685,1.365401577883817,7.079999795410491
6560.0,90.03101348876953,291.22565261290464,10.9255594306021,-296.5479859116684,291.22565261290464,296.5479859116684,202.36145966777724,9.560157796760992,-303.6279855214857,88.8641929451274,1.3654016338411084,7.079999609817319
6568.0,90.14089965820312,291.22567383528934,10.925563545224048,-296.54799975865376,291.22567383528934,296.54799975865376,202.36148029562744,9.560161927773866,-303.6279994047887,88.8641935396619,1.3654016174501817,7.079999646134902
6576.0,90.25080108642578,291.22566884287386,10.92558535162727,-296.54796886867297,291.22566884287386,296.54796886867297,202.36147533906208,9.560183861645159,-303.6279685026815,88.86419350381178,1.3654014899821099,7.079999634008543
6584.0,90.36068725585938,291.2256793851984,10.925608343934414,-296.54796587863586,291.2256793851984,296.54796587863586,202.36148604434183,9.560206756192652,-303.6279654729581,88.86419334085657,1.3654015877417616,7.079999594322244
6592.0,90.47058868408203,291.22566147340535,10.925614274822538,-296.54789145360195,291.22566147340535,296.54789145360195,202.3614679500007,9.560212768703263,-303.62789107571655,88.86419352340468,1.3654015061192752,7.0799996221146255
6600.0,90.58047485351562,291.2256779431168,10.925632722853646,-296.5479138659871,291.2256779431168,296.5479138659871,202.36148448666336,9.560231084721552,-303.627913660793,88.86419345645342,1.3654016381320933,7.079999794805921
6608.0,90.69037628173828,291.22567457164126,10.92564987932952,-296.54789397938873,291.22567457164126,296.54789397938873,202.3614809207275,9.560248289092788,-303.62789353742244,88.86419365091375,1.3654015902367318,7.079999558033701
6616.0,90.80026245117188,291.22567097960666,10.925666259518955,-296.5478196712501,291.22567097960666,296.5478196712501,202.3614774980885,9.560264734846255,-303.62781943510197,88.86419348151813,1.3654015246726998,7.079999763851832
6624.0,90.91016387939453,291.22568179290613,10.925680960309139,-296.5478136709115,291.22568179290613,296.5478136709115,202.3614881617177,9.560279520107537,-303.62781371184735,88.86419363118847,1.365401440201602,7.080000040935853
6632.0,91.02005004882812,291.225687004958,10.925701828123625,-296.547805362478,291.225687004958,296.547805362478,202.36149368235567,9.560300224380885,-303.6278050807875,88.8641933226023,1.36540160374274,7.079999718309446
6640.0,91.12995147705078,291.22568853713346,10.925716482083052,-296.54778593982985,291.22568853713346,296.54778593982985,202.36149519025548,9.560314941842282,-303.62778581633745,88.86419334687798,1.3654015402407702,7.07999987650758
6648.0,91.23983764648438,291.22568955650314,10.925735586385862,-296.5477569302289,291.22568955650314,296.5477569302289,202.3614962014192,9.56033392124985,-303.6277563926315,88.86419335508396,1.3654016651360115,7.079999462402638
6656.0,91.34973907470703,291.2256977932823,10.925749489971139,-296.54775566876185,291.2256977932823,296.54775566876185,202.36150442003708,9.56034785301331,-303.6277553882113,88.86419337324523,1.3654016369578281,7.079999719449471
6664.0,91.45962524414062,291.22569951108835,10.92576594292777,-296.54772070201864,291.22569951108835,296.54772070201864,202.36150638577402,9.560364365774628,-303.627720515256,88.86419312531434,1.3654015771531416,7.079999813237335
6672.0,91.56940460205078,291.22568742524413,10.925784310031464,-296.5476954534142,291.22568742524413,296.5476954534142,202.36149375524235,9.560382598564981,-303.6276953660374,88.86419367000175,1.3654017114664816,7.079999912623251
6680.0,91.67931365966797,291.2257284345103,10.925802472596505,-296.54771099075725,291.2257284345103,296.54771099075725,202.36153509701253,9.560400827038064,-303.62771066163333,88.8641933374978,1.3654016455584403,7.079999670876097
6688.0,91.78919219970703,291.2257357813178,10.92582049741095,-296.5477043631434,291.2257357813178,296.5477043631434,202.36154224735265,9.560418931573977,-303.62770425252785,88.8641935339651,1.3654015658369718,7.079999889384449
6696.0,91.89910125732422,291.2257102690885,10.925830540215538,-296.54762367413997,291.2257102690885,296.54762367413997,202.36151659908666,9.560428750999503,-303.62762391827374,88.86419367000187,1.365401789216035,7.0800002441337675
6704.0,92.00897979736328,291.2257204295972,10.925847394794523,-296.5476187347481,291.2257204295972,296.5476187347481,202.36152671058335,9.560445578524542,-303.6276184404803,88.86419371901383,1.3654018162699821,7.079999705732253
6712.0,92.11888885498047,291.2257382791155,10.925866358640324,-296.5476350020411,291.2257382791155,296.5476350020411,202.36154426006067,9.560464625627427,-303.6276350427231,88.86419401905485,1.365401733012897,7.0800000406820045
6720.0,92.22876739501953,291.2257444280733,10.925883390849005,-296.5476034451269,291.2257444280733,296.5476034451269,202.36155018116057,9.560481707612118,-303.6276035484957,88.86419424691277,1.3654016832368874,7.080000103368785
6728.0,92.33867645263672,291.2257462431537,10.92589086724677,-296.54758527287174,291.2257462431537,296.54758527287174,202.36155209225214,9.560489262886689,-303.6275853899376,88.86419415090157,1.3654016043600805,7.080000117065861
6736.0,92.44855499267578,291.2257585104177,10.92591966965671,-296.5475717434037,291.2257585104177,296.5475717434037,202.3615642023463,9.560517938504095,-303.62757168534904,88.86419430807139,1.3654017311526137,7.079999941945319
6744.0,92.55846405029297,291.22575258878385,10.925935314373508,-296.5475236896335,291.22575258878385,296.5475236896335,202.3615582480162,9.560533642092496,-303.62752371444606,88.86419434076768,1.3654016722810112,7.080000024812506
6752.0,92.66834259033203,291.22576668160707,10.925957147962766,-296.5475136217897,291.22576668160707,296.5475136217897,202.36157208065958,9.560555543798106,-303.62751365736165,88.86419460094747,1.3654016041646608,7.080000035571977
6760.0,92.77825164794922,291.2257726439238,10.925973302032315,-296.54750440677975,291.2257726439238,296.54750440677975,202.36157793225686,9.560571713498373,-303.6275045304119,88.86419471166693,1.3654015885339421,7.080000123632174
6768.0,92.88813018798828,291.2257761637893,10.92599403904266,-296.5474564339659,291.2257761637893,296.5474564339659,202.3615815428199,9.560592474855437,-303.62745685203845,88.86419462096941,1.3654015641872226,7.080000418072554
6776.0,92.99803924560547,291.225773149171,10.926010543252024,-296.5474514573249,291.225773149171,296.5474514573249,202.36157821142206,9.560608835569248,-303.6274516110234,88.86419493774898,1.3654017076827765,7.080000153698497
6784.0,93.10791778564453,291.2257994232054,10.926034713069695,-296.5474607833028,291.2257994232054,296.5474607833028,202.36160428534785,9.56063298444663,-303.6274608232268,88.86419513785754,1.3654017286230666,7.08000003992396
6792.0,93.21782684326172,291.2257790490485,10.92604715056197,-296.5473942573734,291.2257790490485,296.5473942573734,202.36158386784598,9.560645356252023,-303.62739474709224,88.86419518120255,1.3654017943099481,7.080000489718801
6800.0,93.32770538330078,291.2258088664647,10.926060140875034,-296.54740922940334,291.2258088664647,296.54740922940334,202.3616137160525,9.560658512401297,-303.6274094371753,88.8641951504122,1.3654016284737367,7.080000207771927
6808.0,93.43761444091797,291.22577630762197,10.926086338635564,-296.5473214578701,291.22577630762197,296.5473214578701,202.36158096941372,9.560684675513013,-303.6273215711342,88.86419533820823,1.3654016631225514,7.080000113264105
6816.0,93.54749298095703,291.22580014210126,10.926105439859356,-296.5473373925626,291.22580014210126,296.5473373925626,202.36160469510668,9.560703905777423,-303.62733755190203,88.86419544699459,1.3654015340819332,7.080000159339417
6824.0,93.65740203857422,291.22582132504283,10.926121942150264,-296.54734497766236,291.22582132504283,296.54734497766236,202.36162572526086,9.560720260651868,-303.62734538180473,88.864195599782,1.3654016814983967,7.080000404142351
6832.0,93.76728057861328,291.22582209717046,10.926138836314859,-296.5473047958764,291.22582209717046,296.5473047958764,202.3616263174443,9.560737077462715,-303.62730469497427,88.86419577972617,1.3654017588521437,7.07999989909784
6840.0,93.87718963623047,291.22580379026454,10.926155025095124,-296.5472375122024,291.22580379026454,296.5472375122024,202.36160823861388,9.560753697587305,-303.6272379465605,88.86419555165068,1.3654013275078194,7.080000434358135
6848.0,93.98706817626953,291.2258232292963,10.92617821307227,-296.5472645498356,291.2258232292963,296.5472645498356,202.36162765475922,9.560776297827303,-303.6272647640606,88.86419557453708,1.3654019152449668,7.0800002142250555
6856.0,94.09697723388672,291.22582968938775,10.926191964539985,-296.54724707375925,291.22582968938775,296.54724707375925,202.36163393218737,9.56079017531906,-303.62724750085715,88.86419575720036,1.3654017892209245,7.080000427097919
6864.0,94.20685577392578,291.22582544670655,10.926215947679182,-296.54719859777873,291.22582544670655,296.54719859777873,202.36162951658767,9.560814027402774,-303.62719912865737,88.86419593011888,1.365401920276409,7.080000530878641
6872.0,94.31676483154297,291.2258363615563,10.926229070179689,-296.5471763446934,291.2258363615563,296.5471763446934,202.36164069063767,9.56082715259896,-303.6271766299842,88.86419567091863,1.3654019175807286,7.080000285290782
6880.0,94.42664337158203,291.2258460913963,10.92625562020353,-296.5471832181294,291.2258460913963,296.5471832181294,202.361650198628,9.560853693241278,-303.62718363036856,88.86419589276832,1.3654019269622535,7.080000412239148
6888.0,94.53655242919922,291.2258327648217,10.926265573486917,-296.5471302253505,291.2258327648217,296.5471302253505,202.36163681707063,9.560864035769278,-303.6271306111298,88.86419594775103,1.365401537717639,7.080000385779304
6896.0,94.64643096923828,291.2258534666312,10.92629005207425,-296.5471258130856,291.2258534666312,296.5471258130856,202.36165732627177,9.560888270417571,-303.6271263332406,88.86419614035938,1.3654017816566784,7.080000520154999
6904.0,94.75634002685547,291.22583630659153,10.926310950210757,-296.5470632491912,291.22583630659153,296.5470632491912,202.361640285585,9.56090922287119,-303.6270635029499,88.86419602100656,1.3654017273395669,7.080000253758714
6912.0,94.86621856689453,291.2258626719792,10.926339428578041,-296.5470951805031,291.2258626719792,296.5470951805031,202.36166682370316,9.560937508774831,-303.62709556571855,88.86419584827604,1.3654019198032095,7.080000385215419
6920.0,94.97612762451172,291.2258534864149,10.926353567548073,-296.5470376596197,291.2258534864149,296.5470376596197,202.36165740594498,9.560951668276068,-303.6270379284636,88.86419608046992,1.3654018992720054,7.080000268843874
6928.0,95.08590698242188,291.22586200932824,10.926373670185477,-296.547011026122,291.22586200932824,296.547011026122,202.36166587291555,9.560971942982015,-303.62701117496465,88.86419613641266,1.3654017272034618,7.080000148842636
6936.0,95.19579315185547,291.2258743187291,10.926393849778467,-296.5469951947554,291.2258743187291,296.5469951947554,202.3616780305049,9.56099209372619,-303.62699560723024,88.86419628822424,1.3654017560522766,7.080000412474799
6944.0,95.30569458007812,291.2258714490478,10.926407567534238,-296.5469657684473,291.2258714490478,296.5469657684473,202.36167506072258,9.561005700743602,-303.6269660973173,88.86419638832524,1.3654018667906362,7.080000328869998
6952.0,95.41558074951172,291.22588755135166,10.926431289782926,-296.5469615168582,291.22588755135166,296.5469615168582,202.3616915581853,9.561029479568132,-303.62696203356,88.86419599316639,1.3654018102147938,7.080000516701819
6960.0,95.52548217773438,291.2258964027958,10.926450136805709,-296.546925009699,291.2258964027958,296.546925009699,202.3617001021729,9.561048524997565,-303.62692519625165,88.8641963006229,1.365401611808145,7.0800001865526125
6968.0,95.63536834716797,291.22590820118995,10.926476764765814,-296.54691277121526,291.22590820118995,296.54691277121526,202.3617116944788,9.561074951993032,-303.6269130855027,88.86419650671115,1.3654018127727823,7.080000314287429
6976.0,95.74526977539062,291.2258953428558,10.926497268965718,-296.5468746746905,291.2258953428558,296.5468746746905,202.36169863598332,9.561095439729849,-303.6268750510761,88.86419670687248,1.3654018292358705,7.080000376385597
6984.0,95.85515594482422,291.2259029865699,10.926513318057662,-296.5468641794049,291.2259029865699,296.5468641794049,202.3617064730986,9.561111531615868,-303.62686467599434,88.86419651347131,1.365401786441794,7.080000496589427
6992.0,95.96505737304688,291.2259142856143,10.926527638558868,-296.546822163854,291.2259142856143,296.546822163854,202.36171762826845,9.56112591067554,-303.62682260965744,88.86419665734584,1.3654017278833273,7.080000445803424
7000.0,96.07494354248047,291.2259057368693,10.926552386980468,-296.54679693829905,291.2259057368693,296.54679693829905,202.361708968376,9.561150652777526,-303.6267970674036,88.86419676849334,1.3654017342029432,7.080000129104511
7008.0,96.18484497070312,291.22591935638326,10.92658067355817,-296.5467805139122,291.22591935638326,296.5467805139122,202.36172257134257,9.56117887093315,-303.6267810314518,88.86419678504069,1.365401802625021,7.08000051753959
7016.0,96.29473114013672,291.2259298560325,10.926595382551831,-296.5467614320648,291.2259298560325,296.5467614320648,202.3617325457816,9.56119362597509,-303.62676168756764,88.86419731025089,1.3654017565767411,7.080000255502837
7024.0,96.40463256835938,291.22594194205186,10.926619483446729,-296.5467511826602,291.22594194205186,296.5467511826602,202.3617448928882,9.561217942213972,-303.6267517758327,88.86419704916368,1.3654015412327558,7.0800005931724606
7032.0,96.51451873779297,291.2259423013255,10.926641592559832,-296.54670940497607,291.2259423013255,296.54670940497607,202.36174515011567,9.56123982148457,-303.62670930097386,88.86419715120982,1.3654017710752617,7.079999895997785
7040.0,96.62442016601562,291.22594999187254,10.926659879437508,-296.54668210743563,291.22594999187254,296.54668210743563,202.36175265267536,9.561257905916118,-303.62668250616537,88.86419733919719,1.3654019735213896,7.080000398729722
7048.0,96.73430633544922,291.22594723663076,10.926680795526982,-296.54667946016195,291.22594723663076,296.54667946016195,202.36174990199208,9.561279284097646,-303.62667990701306,88.86419733463865,1.3654015114293365,7.080000446851091
7056.0,96.84420776367188,291.22596174338946,10.926702835739768,-296.546650623526,291.22596174338946,296.546650623526,202.36176453536615,9.561301177707259,-303.62665122507923,88.86419720802333,1.3654016580325097,7.080000601553262
7064.0,96.95409393310547,291.22596672482223,10.926726635299723,-296.5466203328541,291.22596672482223,296.5466203328541,202.36176933287624,9.561324767112282,-303.6266207449103,88.86419739194602,1.365401868187441,7.080000412056202
7072.0,97.06399536132812,291.225963113385,10.926746542343551,-296.54659318122907,291.225963113385,296.54659318122907,202.3617658714439,9.561344714863282,-303.626593866186,88.86419724194104,1.36540182748027,7.080000684956922
7080.0,97.17388153076172,291.2259637756249,10.926769447637946,-296.5465597676727,291.2259637756249,296.5465597676727,202.36176668907893,9.56136752905761,-303.6265599685473,88.864197086546,1.365401918580336,7.080000200874596
7088.0,97.28378295898438,291.22597393120736,10.926783636305007,-296.5465369372736,291.22597393120736,296.5465369372736,202.36177691363264,9.56138167499697,-303.62653737331055,88.86419701757472,1.3654019613080384,7.080000436037003
7096.0,97.39366912841797,291.2259879239982,10.926814891143303,-296.5465408123464,291.2259879239982,296.5465408123464,202.36179095744598,9.561413085206503,-303.6265410803861,88.86419696655227,1.3654018059367998,7.080000268039725
7104.0,97.50357055664062,291.2259894846887,10.92683119780307,-296.5464980490673,291.2259894846887,296.5464980490673,202.3617926266519,9.561429336351782,-303.6264984489593,88.86419685803679,1.365401861451287,7.080000399892009
7112.0,97.61345672607422,291.22598730592836,10.926849214873688,-296.5464431985656,291.22598730592836,296.5464431985656,202.3617902274492,9.561447301508839,-303.6264435247216,88.86419707847918,1.3654019133648496,7.080000326156001
7120.0,97.72335815429688,291.2260052526765,10.92686971529982,-296.5464554450194,291.2260052526765,296.5464554450194,202.3618081639916,9.561468101427572,-303.62645573181527,88.86419708868488,1.3654016138722476,7.080000286795912
7128.0,97.83324432373047,291.2259956684006,10.926894002529096,-296.54639978757933,291.2259956684006,296.54639978757933,202.36179848646896,9.561492175016953,-303.62640030061584,88.86419718193167,1.3654018275121427,7.080000513036489
7136.0,97.94314575195312,291.2260057583251,10.926914243564589,-296.5463796855162,291.2260057583251,296.5463796855162,202.36180852505103,9.561512361519842,-303.62638007000027,88.86419723327404,1.3654018820447469,7.080000384484068
7144.0,98.05303192138672,291.22601184968255,10.926939419866505,-296.5463700418622,291.22601184968255,296.5463700418622,202.36181446511068,9.561537566705644,-303.62637052290444,88.86419738457184,1.3654018531608614,7.0800004810422505
7152.0,98.16293334960938,291.226012358139,10.926962242733493,-296.54631080059573,291.226012358139,296.54631080059573,202.3618153684094,9.561560364709885,-303.62631097155764,88.86419698972955,1.365401878023608,7.080000170961903
7160.0,98.27281951904297,291.22600312397924,10.926981440386214,-296.54629335120393,291.22600312397924,296.54629335120393,202.36180607840933,9.561579665502357,-303.6262936776332,88.86419704556994,1.365401774883856,7.080000326429295
7168.0,98.38272094726562,291.226027646902,10.927004150963118,-296.5462738587733,291.226027646902,296.5462738587733,202.36183052432813,9.56160213601614,-303.6262741658653,88.86419712257393,1.3654020149469774,7.08000030709199
7176.0,98.49260711669922,291.22602738650517,10.927023511805885,-296.5462559184836,291.22602738650517,296.5462559184836,202.36183017342896,9.561621760899321,-303.6262562809309,88.86419721307618,1.3654017509065635,7.080000362447253
7184.0,98.60238647460938,291.2260228272787,10.92704801796072,-296.546205119463,291.2260228272787,296.546205119463,202.36182581777393,9.561646111126258,-303.6262053604783,88.86419700950476,1.3654019068344623,7.080000241015286
7192.0,98.7122802734375,291.2260360987094,10.927069417553014,-296.54618919094156,291.2260360987094,296.54618919094156,202.3618391547048,9.561667410336295,-303.626189593943,88.86419694400459,1.3654020072167197,7.080000403001449
7200.0,98.82217407226562,291.2260545502256,10.927089501960795,-296.5461960562116,291.2260545502256,296.5461960562116,202.3618572097435,9.561687749440878,-303.6261962581367,88.86419734048214,1.365401752519917,7.080000201925071
7208.0,98.93206787109375,291.22606134310035,10.927126866240684,-296.5461548998417,291.22606134310035,296.5461548998417,202.36186395622747,9.561724843914758,-303.6261548490069,88.86419738687292,1.3654020223259247,7.0799999491652
7216.0,99.04196166992188,291.2260528596268,10.927139029578228,-296.5461096290287,291.2260528596268,296.5461096290287,202.3618551638076,9.56173708710377,-303.6261097049487,88.8641976958192,1.3654019424744575,7.080000075919993
7224.0,99.15185546875,291.2260698339122,10.927156263522148,-296.5461180413047,291.2260698339122,296.5461180413047,202.36187207056702,9.561754366584875,-303.62611823705254,88.86419776334522,1.365401896937273,7.080000195747838
7232.0,99.26174926757812,291.2260627351328,10.927178865986912,-296.54604368400373,291.2260627351328,296.54604368400373,202.36186497666324,9.56177715757331,-303.62604380117034,88.86419775846954,1.3654017084136014,7.080000117166622
7240.0,99.37164306640625,291.2260917604689,10.927216506686134,-296.54608480505135,291.2260917604689,296.54608480505135,202.36189390440677,9.561814571506833,-303.626085258794,88.8641978560621,1.365401935179302,7.080000453742611
7248.0,99.48153686523438,291.22609868358586,10.927231692148428,-296.54604282622756,291.22609868358586,296.54604282622756,202.36190086358033,9.561829583647217,-303.6260431096546,88.86419782000554,1.3654021085012116,7.08000028342701
7256.0,99.5914306640625,291.22609543233966,10.927249956468591,-296.5459953511162,291.22609543233966,296.5459953511162,202.361897704376,9.5618480240155,-303.6259956957713,88.8641977279637,1.365401932453091,7.080000344655118
7264.0,99.70132446289062,291.22609625486706,10.927274000676757,-296.54597674057493,291.22609625486706,296.54597674057493,202.36189826416395,9.56187232938565,-303.62597705135795,88.86419799070312,1.365401671291106,7.080000310783023
7272.0,99.81121826171875,291.22610587412186,10.927304948443947,-296.54594071207913,291.22610587412186,296.54594071207913,202.36190771218492,9.561903118258115,-303.62594093357995,88.86419816193693,1.3654018301858315,7.080000221500833
7280.0,99.92111206054688,291.22610839298693,10.927321308741238,-296.545907824268,291.22610839298693,296.545907824268,202.36191033921264,9.561919647772324,-303.6259080346781,88.86419805377426,1.3654016609689146,7.080000210410123
7288.0,100.031005859375,291.22611590932416,10.927350679049908,-296.5458799147232,291.22611590932416,296.5458799147232,202.36191796976067,9.561948978274748,-303.62588026222716,88.8641979395635,1.3654017007751604,7.0800003475039945
7296.0,100.14089965820312,291.22611659368647,10.927365922614609,-296.5458526785141,291.22611659368647,296.5458526785141,202.36191850205648,9.561964151321506,-303.6258531185798,88.86419809163002,1.365401771293103,7.0800004400657235
7304.0,100.25079345703125,291.2261231512514,10.927384992897904,-296.5458180437491,291.2261231512514,296.5458180437491,202.3619249855103,9.561983344754047,-303.6258186391734,88.86419816574107,1.3654016481438571,7.080000595424334
7312.0,100.36068725585938,291.2261395889948,10.927411534455853,-296.5458069009374,291.2261395889948,296.5458069009374,202.36194137441595,9.56200973228284,-303.6258074989306,88.8641982145788,1.3654018021730125,7.080000597993223
7320.0,100.4705810546875,291.22615635576574,10.927438047575556,-296.54580185033086,291.22615635576574,296.54580185033086,202.3619581624215,9.562036246623785,-303.62580239545946,88.86419819334427,1.3654018009517717,7.080000545128619
7328.0,100.58047485351562,291.2261510514875,10.927459232640548,-296.5457551740085,291.2261510514875,296.5457551740085,202.36195279350832,9.562057469956947,-303.62575539714067,88.86419825797918,1.3654017626835993,7.080000223132166
7336.0,100.69036865234375,291.22614853624736,10.927484913295643,-296.5457281481824,291.22614853624736,296.5457281481824,202.3619501205431,9.562083272269012,-303.62572861798117,88.86419841570424,1.3654016410266303,7.0800004697987635
7344.0,100.80026245117188,291.2261427064506,10.927498296499666,-296.54569206437594,291.2261427064506,296.54569206437594,202.3619445576443,9.562096651321,-303.62569257983,88.86419814880631,1.3654016451786661,7.080000515454079
7352.0,100.91016387939453,291.2261661880955,10.927528817388666,-296.54567997715907,291.2261661880955,296.54567997715907,202.3619679225946,9.562127205929619,-303.62568019858514,88.86419826550085,1.3654016114590473,7.080000221426072
7360.0,101.02005004882812,291.22618708018695,10.927553096404955,-296.5456804539455,291.22618708018695,296.5456804539455,202.36198857030516,9.562151288402148,-303.62568070030636,88.86419850988182,1.3654018080028059,7.080000246360822
7368.0,101.12995147705078,291.2261710949832,10.927575356760848,-296.5456229582861,291.2261710949832,296.5456229582861,202.36197293120424,9.562173628391122,-303.62562350818735,88.864198163779,1.3654017283697253,7.080000549901205
7376.0,101.23983764648438,291.22618979284977,10.927606184417574,-296.54560021348044,291.22618979284977,296.54560021348044,202.36199159607818,9.562204456060556,-303.62560050549126,88.8641981967716,1.365401728357018,7.080000292010799
7384.0,101.34973907470703,291.22618811583845,10.927627489251824,-296.5455561039299,291.22618811583845,296.5455561039299,202.36198980247445,9.56222566896746,-303.62555646769533,88.86419831336397,1.3654018202843639,7.080000363765384
7392.0,101.45962524414062,291.22618696265374,10.927650704857882,-296.5455257164375,291.22618696265374,296.5455257164375,202.36198879063502,9.56224888241132,-303.6255259633356,88.86419817201872,1.365401822446563,7.080000246898058
7400.0,101.56952667236328,291.2261864325874,10.927669429283323,-296.5454862261292,291.2261864325874,296.5454862261292,202.36198813613095,9.562267632144572,-303.625486442941,88.86419829645641,1.3654017971387509,7.080000216811817
7408.0,101.67941284179688,291.2262034938192,10.92769571399343,-296.545473857165,291.2262034938192,296.545473857165,202.3620049700031,9.56229397617963,-303.6254741086095,88.86419852381609,1.3654017378137993,7.080000251444515
7416.0,101.78931427001953,291.22621326994613,10.927713465041228,-296.5454462596855,291.22621326994613,296.5454462596855,202.36201460297298,9.562311780932848,-303.6254465563544,88.86419866697318,1.3654016841083796,7.0800002966689055
7424.0,101.89920806884766,291.2262206556759,10.927734354124432,-296.5454181930183,291.2262206556759,296.5454181930183,202.36202193693117,9.5623325693819,-303.62541864428823,88.86419871874473,1.3654017847425317,7.0800004512699495
7432.0,102.00910186767578,291.2262169882635,10.927769596904565,-296.54539105388636,291.2262169882635,296.54539105388636,202.3620182596525,9.562367833887407,-303.62539161016787,88.864198728611,1.3654017630171567,7.080000556281482
7440.0,102.11888885498047,291.2262122629521,10.927789599343772,-296.54534453368456,291.2262122629521,296.54534453368456,202.36201362380697,9.562387850775112,-303.6253446616749,88.86419863914517,1.3654017485686607,7.0800001279903535
7448.0,102.22876739501953,291.226234941318,10.927812657849401,-296.5453369087875,291.226234941318,296.5453369087875,202.3620362585948,9.562410823005115,-303.62533728609344,88.86419868272321,1.3654018348442856,7.080000377305964
7456.0,102.33867645263672,291.22624403491034,10.92783790075953,-296.54532695175425,291.22624403491034,296.54532695175425,202.36204557292496,9.562436248661747,-303.6253272335422,88.86419846198535,1.365401652097783,7.080000281787958
7464.0,102.44855499267578,291.22624500310553,10.927862120485127,-296.54527742349893,291.22624500310553,296.54527742349893,202.36204622191133,9.562460491663892,-303.62527783840017,88.86419878119418,1.3654016288212345,7.080000414901219
7472.0,102.55846405029297,291.22624784928115,10.927886400355444,-296.5452443717016,291.22624784928115,296.5452443717016,202.36204905229846,9.56248472924975,-303.6252448769107,88.86419879698269,1.365401671105693,7.08000050520912
7480.0,102.6683578491211,291.22625077797727,10.927909630481652,-296.5452004855661,291.22625077797727,296.5452004855661,202.36205217584197,9.562508148857663,-303.62520079073727,88.86419860213527,1.3654014816239886,7.080000305171134
7488.0,102.77825164794922,291.2262659503167,10.92793598754882,-296.54517598555867,291.2262659503167,296.54517598555867,202.3620672609144,9.562534291131321,-303.62517639798256,88.86419868940234,1.3654016964174982,7.080000412423887
7496.0,102.88814544677734,291.22626346749587,10.927954697240036,-296.5451687742647,291.22626346749587,296.5451687742647,202.36206493738138,9.562552986601645,-303.62516924176464,88.86419853011446,1.3654017106383916,7.080000467499949
7504.0,102.99803924560547,291.22626099213255,10.927995676887022,-296.54512453373826,291.22626099213255,296.54512453373826,202.36206239142078,9.562594140661659,-303.62512512890726,88.8641986007118,1.3654015362253635,7.080000595168983
7512.0,103.1079330444336,291.22625999674983,10.928002119634026,-296.5450716844305,291.22625999674983,296.5450716844305,202.36206138384418,9.562600764361957,-303.62507232345814,88.86419861290562,1.3654013552720703,7.08000063902762
7520.0,103.21782684326172,291.2262860752619,10.928029119664686,-296.54506927267687,291.2262860752619,296.54506927267687,202.36208778915795,9.562627599175531,-303.6250696860785,88.86419828610391,1.3654015204891539,7.080000413401657
7528.0,103.32772064208984,291.22628322502004,10.928057570629754,-296.54503499748057,291.22628322502004,296.54503499748057,202.3620846369272,9.56265590374346,-303.6250354252853,88.86419858809286,1.365401666886295,7.080000427804744
7536.0,103.43761444091797,291.2262962158029,10.928077829245169,-296.5449925981547,291.2262962158029,296.5449925981547,202.36209767693362,9.562676208088217,-303.624993002973,88.86419853886929,1.365401621156952,7.080000404818304
7544.0,103.5475082397461,291.2262869030186,10.928115438801635,-296.54493632003783,291.2262869030186,296.54493632003783,202.3620883047484,9.562713449458933,-303.624936805753,88.8641985982702,1.3654019893427023,7.080000485715149
7552.0,103.65740203857422,291.22629972975835,10.928124949139926,-296.54492944158295,291.22629972975835,296.54492944158295,202.36210108493685,9.56272323918226,-303.62492974633113,88.86419864482147,1.3654017099576667,7.080000304748184
7560.0,103.76729583740234,291.22631203139196,10.928153101870857,-296.5449332912897,291.22631203139196,296.5449332912897,202.3621132572372,9.562751553933218,-303.62493368423793,88.86419877415474,1.3654015479376391,7.080000392948275
7568.0,103.87718963623047,291.2263165863925,10.928188037789472,-296.54488469559817,291.2263165863925,296.54488469559817,202.3621180136928,9.562786137487844,-303.62488517321316,88.86419857269968,1.3654019003016276,7.08000047761501
7576.0,103.9870834350586,291.2263169654011,10.928204674667056,-296.544850139933,291.2263169654011,296.544850139933,202.362118417204,9.562803165544493,-303.6248505971381,88.86419854819712,1.3654015091225624,7.080000457205119
7584.0,104.09697723388672,291.2263319343872,10.928226340275433,-296.54482932454516,291.2263319343872,296.54482932454516,202.36213326304153,9.5628249372934,-303.62482970843644,88.86419867134568,1.3654014029820347,7.080000383891302
7592.0,104.20687103271484,291.2263420233906,10.92825458587341,-296.5448189926375,291.2263420233906,296.5448189926375,202.36214321479684,9.562852864982544,-303.6248190765127,88.86419880859374,1.365401720890866,7.080000083875223
7600.0,104.31676483154297,291.2263502808555,10.928274329485555,-296.5447787466663,291.2263502808555,296.5447787466663,202.36215165486527,9.562872796519088,-303.6247792612684,88.86419862599024,1.3654015329664677,7.080000514602082
7608.0,104.4266586303711,291.22635511499027,10.928292684351494,-296.5447559015458,291.22635511499027,296.5447559015458,202.36215610404963,9.562891150995979,-303.6247561227989,88.86419901094061,1.3654015333555154,7.080000221253121
7616.0,104.53655242919922,291.2263460663666,10.928329033784635,-296.54469350420305,291.2263460663666,296.54469350420305,202.36214713487604,9.562927555172339,-303.6246938023723,88.86419893149055,1.3654014786122968,7.080000298169242
7624.0,104.64644622802734,291.22636692930917,10.928346382963444,-296.5446791814312,291.22636692930917,296.5446791814312,202.36216802395217,9.562945120090365,-303.6246796633133,88.864198905357,1.3654012628730778,7.080000481882134
7632.0,104.75634002685547,291.22636982256563,10.928377280644867,-296.54466507320535,291.22636982256563,296.54466507320535,202.36217086635565,9.562975645142549,-303.62466562799216,88.86419895620995,1.3654016355023177,7.0800005547868
7640.0,104.8662338256836,291.2263913436685,10.92839800102011,-296.544651691286,291.2263913436685,296.544651691286,202.36219243256974,9.562996588746113,-303.6246519790824,88.86419891109877,1.365401412273997,7.080000287796392
7648.0,104.97612762451172,291.2263863164645,10.928425670030363,-296.54459276228306,291.2263863164645,296.54459276228306,202.362187731372,9.563024257611698,-303.6245929154075,88.86419858509257,1.3654014124186653,7.080000153124465
7656.0,105.08602142333984,291.2263755867366,10.928454177551423,-296.54453993400034,291.2263755867366,296.54453993400034,202.36217664844492,9.563052463053733,-303.62454071494653,88.86419893829165,1.3654017144976904,7.080000780946216
7664.0,105.19591522216797,291.2263956259353,10.928475630109387,-296.5445332836616,291.2263956259353,296.5445332836616,202.3621965945341,9.563074079079774,-303.6245338110152,88.86419903140118,1.3654015510296131,7.080000527353577
7672.0,105.3058090209961,291.2264017655671,10.928497252297888,-296.5445178249285,291.2264017655671,296.5445178249285,202.36220263606154,9.563095710376153,-303.62451835817694,88.86419912950556,1.3654015419217336,7.080000533248461
7680.0,105.41570281982422,291.2263976983844,10.928526380383161,-296.5444519135767,291.2263976983844,296.5444519135767,202.36219847979584,9.56312475355659,-303.6244524368649,88.8641992185886,1.3654016268265714,7.080000523288137
7688.0,105.52559661865234,291.2264157450249,10.928556178848787,-296.5444491198355,291.2264157450249,296.5444491198355,202.3622165136753,9.563154739401408,-303.6244491721824,88.8641992313496,1.365401439447378,7.08000005234686
7696.0,105.6353759765625,291.2264039839001,10.928583308899174,-296.5444004061234,291.2264039839001,296.5444004061234,202.36220458550156,9.563181891638209,-303.6244005556617,88.86419939839855,1.3654014172609656,7.08000014953833
7704.0,105.74526977539062,291.2264247937992,10.928606069604669,-296.54438316904344,291.2264247937992,296.54438316904344,202.36222533631883,9.563204377611925,-303.624383687216,88.86419945748038,1.3654016919927447,7.080000518172552
7712.0,105.85516357421875,291.22642630672004,10.928626070963638,-296.54434802013776,291.22642630672004,296.54434802013776,202.36222687247528,9.563224585127161,-303.62434843968686,88.86419943424478,1.365401485836478,7.080000419549119
7720.0,105.96505737304688,291.22643818964445,10.928654387547523,-296.544335588406,291.22643818964445,296.544335588406,202.36223857549868,9.563252675589212,-303.6243361626126,88.8641996141458,1.3654017119583106,7.080000574206634
7728.0,106.074951171875,291.2264275625913,10.9286747762805,-296.5443183192722,291.2264275625913,296.5443183192722,202.36222819833756,9.563272975366733,-303.6243187566079,88.86419936425375,1.3654018009137672,7.080000437335746
7736.0,106.18484497070312,291.22634672678896,10.92869078334055,-296.5442331781661,291.22634672678896,296.5442331781661,202.36215177419228,9.563289250887705,-303.6242326170103,88.86419495259668,1.3654015324528446,7.079999438844187
7744.0,106.29473876953125,291.22631082507104,10.928697175606509,-296.5442053681075,291.22631082507104,296.5442053681075,202.36211996210895,9.563295218137325,-303.62420437095506,88.86419086296209,1.3654019574691825,7.079999002847548
7752.0,106.40463256835938,291.22632633254295,10.928705407543694,-296.5442356007229,291.22632633254295,296.5442356007229,202.3621388301124,9.563303804534758,-303.62423350326696,88.86418750243055,1.3654016030089349,7.0799979025440365
7760.0,106.5145263671875,291.22633460818446,10.92871566161568,-296.54422502292925,291.22633460818446,296.54422502292925,202.3621482955649,9.563313931401424,-303.6242224210784,88.86418631261955,1.3654017302142563,7.079997398149139
7768.0,106.62442016601562,291.22633936425945,10.9287303627679,-296.5441779518859,291.22633936425945,296.5441779518859,202.3621542520124,9.563328629136105,-303.62417528721005,88.86418511224704,1.3654017336317958,7.079997335324168
7776.0,106.73431396484375,291.22635386721504,10.928744724759024,-296.5441923306575,291.22635386721504,296.5441923306575,202.3621690416697,9.563343085191475,-303.6241897868336,88.86418482554534,1.36540163956755,7.079997456176074
7784.0,106.84420776367188,291.22636941060284,10.928756879032353,-296.544182983086,291.22636941060284,296.544182983086,202.36218446380343,9.563355459857885,-303.62418003881055,88.8641849467994,1.365401419174467,7.07999705572458
7792.0,106.9541015625,291.22637580668436,10.928771287054275,-296.54415479465916,291.22637580668436,296.54415479465916,202.36219093488936,9.563369919226187,-303.62415228065515,88.864184871795,1.3654013678280883,7.079997485996001
7800.0,107.06399536132812,291.22639195837075,10.928792071026812,-296.5441325041595,291.22639195837075,296.5441325041595,202.3622065427794,9.563390579644913,-303.6241298442941,88.86418541559138,1.3654014913819,7.079997340134567
7808.0,107.17388916015625,291.22639679959144,10.928806929557771,-296.5441080162327,291.22639679959144,296.5441080162327,202.36221077920266,9.563405343223435,-303.6241055594866,88.86418602038877,1.3654015863343365,7.079997543253924
7816.0,107.28378295898438,291.22639176023165,10.928817187052813,-296.54407421277216,291.22639176023165,296.54407421277216,202.3622052716082,9.563415420564095,-303.624071945294,88.86418648862346,1.3654017664887177,7.079997732521852
7824.0,107.3936767578125,291.2264298771529,10.928839158998858,-296.5441060912476,291.2264298771529,296.5441060912476,202.36224261899733,9.563437606305506,-303.62410379069394,88.86418725815557,1.3654015526933527,7.079997699446307
7832.0,107.50357055664062,291.2264201559906,10.92884495943664,-296.54404680604836,291.2264201559906,296.54404680604836,202.36223229510014,9.56344350050811,-303.62404491667655,88.86418786089044,1.365401458928529,7.0799981106281935
7840.0,107.61346435546875,291.22645138365533,10.928859289786674,-296.54409562093366,291.22645138365533,296.54409562093366,202.3622633155693,9.563457791232583,-303.62409360596763,88.86418806808601,1.365401498554091,7.079997985033991
7848.0,107.72335815429688,291.226450167701,10.928876674842929,-296.544043526308,291.226450167701,296.544043526308,202.36226127421878,9.563475370293018,-303.62404149698943,88.86418889348221,1.3654013045499114,7.079997970681483
7856.0,107.833251953125,291.2264541455856,10.928899987759893,-296.5440167228076,291.2264541455856,296.5440167228076,202.36226497996796,9.563498363699408,-303.6240151549023,88.86418916561765,1.3654016240604858,7.079998432094647
7864.0,107.94314575195312,291.226464674253,10.928904615809124,-296.54399587321944,291.226464674253,296.54399587321944,202.3622747617146,9.563503142873378,-303.6239942473333,88.86418991253842,1.3654014729357455,7.079998374113884
7872.0,108.05303955078125,291.2264797858043,10.92891831151898,-296.54401962278274,291.2264797858043,296.54401962278274,202.36228969729495,9.563516946030445,-303.6240183321188,88.86419008850936,1.3654013654885357,7.079998709336071
7880.0,108.16293334960938,291.2264775025219,10.928938579549593,-296.54397146158465,291.2264775025219,296.54397146158465,202.3622870372112,9.563536945740347,-303.6239701801082,88.86419046531073,1.3654016338092452,7.079998718523526
7888.0,108.2728271484375,291.22648531222416,10.928954400243505,-296.5439614673956,291.22648531222416,296.5439614673956,202.36229446952711,9.563552640260276,-303.6239599119416,88.86419084269704,1.3654017599832282,7.079998444546013
7896.0,108.38272094726562,291.2264835303731,10.92896841576815,-296.54393203385763,291.2264835303731,296.54393203385763,202.36229242931677,9.563567065235056,-303.6239309964144,88.86419110105632,1.365401350533094,7.07999896255675
7904.0,108.49261474609375,291.22650477827074,10.928986686381657,-296.54393926218023,291.22650477827074,296.54393926218023,202.36231288092964,9.563585016972947,-303.62393789782925,88.86419189734113,1.3654016694087103,7.079998635649013
7912.0,108.60250854492188,291.2265046169979,10.92899766836283,-296.54391258758494,291.2265046169979,296.54391258758494,202.3623125243587,9.563595810995038,-303.6239118268584,88.8641920926392,1.365401857367793,7.079999239273433
7920.0,108.71240234375,291.22650525991463,10.929014162095942,-296.54389405088335,291.22650525991463,296.54389405088335,202.3623130186624,9.56361234805101,-303.62389288323146,88.86419224125223,1.3654018140449327,7.07999883234809
7928.0,108.82229614257812,291.2265121703615,10.929029153197801,-296.5438791353093,291.2265121703615,296.5438791353093,202.36231969697172,9.56362739981162,-303.62387837750146,88.86419247338978,1.3654017533861809,7.079999242192172
7936.0,108.93218994140625,291.22652222685423,10.929040519097953,-296.5438745850668,291.22652222685423,296.5438745850668,202.36232944512903,9.563638829727346,-303.623873765233,88.86419278172521,1.3654016893706062,7.079999180166197
7944.0,109.04208374023438,291.2265296949579,10.92906329512565,-296.54384891562836,291.2265296949579,296.54384891562836,202.3623366876663,9.563661803094288,-303.62384816301784,88.86419300729156,1.3654014920313613,7.079999247389456
7952.0,109.15185546875,291.22653549588915,10.929079151911399,-296.54382665613326,291.22653549588915,296.54382665613326,202.36234230934033,9.563677192212854,-303.6238259265855,88.86419318654879,1.365401959698545,7.079999270452209
7960.0,109.26175689697266,291.2265337972535,10.929092503927697,-296.54379026207994,291.2265337972535,296.54379026207994,202.36234037409332,9.56369070416439,-303.6237898121914,88.8641934231602,1.3654017997633072,7.079999550111428
7968.0,109.37164306640625,291.2265231941594,10.92911541412308,-296.54376475900256,291.2265231941594,296.54376475900256,202.36232980307776,9.563714033678881,-303.62376412663593,88.86419339108164,1.3654013804441993,7.079999367633395
7976.0,109.4815444946289,291.22653906847586,10.929125019221802,-296.54376950964615,291.22653906847586,296.54376950964615,202.3623455806893,9.563723432801293,-303.6237690332279,88.8641934877866,1.365401586420509,7.07999952358175
7984.0,109.5914306640625,291.22653422619754,10.929142751435206,-296.54374317194686,291.22653422619754,296.54374317194686,202.36234039605324,9.563741071699557,-303.6237428097396,88.86419383014429,1.365401679735649,7.079999637792771
7992.0,109.70133209228516,291.2265332364858,10.92916296590494,-296.54370484056193,291.2265332364858,296.54370484056193,202.3623395882467,9.563761187287396,-303.623704542584,88.86419364823911,1.365401778617545,7.079999702022072
8000.0,109.81122589111328,291.22653785621554,10.92916569042987,-296.54369773891824,291.22653785621554,296.54369773891824,202.36234412946473,9.563764145331886,-303.6236974264997,88.86419372675083,1.3654015450979842,7.079999687581459
8008.0,109.9211196899414,291.2265578861616,10.929187997846345,-296.5436823544142,291.2265578861616,296.5436823544142,202.36236387554226,9.563786397385238,-303.6236820891128,88.86419401061929,1.3654016004611063,7.079999734698576
8016.0,110.03101348876953,291.2265766177495,10.929205909929031,-296.5437017084729,291.2265766177495,296.5437017084729,202.3623826727422,9.563804223432163,-303.62370122692437,88.86419394500729,1.3654016864968692,7.079999518451488
8024.0,110.14090728759766,291.22654737100083,10.929224132992966,-296.5436135467588,291.22654737100083,296.5436135467588,202.36235332908973,9.563822244440226,-303.62361301313086,88.8641940419111,1.3654018885527393,7.079999466372072
8032.0,110.25080108642578,291.2265751216746,10.929236716446292,-296.5436488754427,291.2265751216746,296.5436488754427,202.36238092981392,9.56383512434689,-303.62364867845827,88.86419419186066,1.3654015920994027,7.079999803015554
8040.0,110.3606948852539,291.22657378493335,10.929246568812264,-296.5436076966772,291.22657378493335,296.5436076966772,202.36237913457575,9.563845242709636,-303.6236070821607,88.86419465035762,1.365401326102627,7.079999385483461
8048.0,110.47058868408203,291.22656007499893,10.929266641178149,-296.54355479530386,291.22656007499893,296.54355479530386,202.36236568240238,9.563865131519993,-303.6235545177859,88.86419439259654,1.365401509658156,7.079999722482061
8056.0,110.58048248291016,291.2265617977352,10.9292852513951,-296.5435349437349,291.2265617977352,296.5435349437349,202.36236715497958,9.563883742776142,-303.6235347749572,88.8641946427556,1.3654015086189597,7.079999831222257
8064.0,110.69037628173828,291.22657914257786,10.92930676750154,-296.5435542076579,291.22657914257786,296.5435542076579,202.36238435862555,9.56390525448774,-303.6235537083674,88.86419478395231,1.3654015130138006,7.079999500709511
8072.0,110.8002700805664,291.2265938301143,10.929315202755447,-296.54352984591844,291.2265938301143,296.54352984591844,202.36239894207725,9.563913600453848,-303.6235298568092,88.8641948880371,1.3654016023015998,7.080000010890766
8080.0,110.91016387939453,291.2265985474058,10.929346613280657,-296.54351482265184,291.2265985474058,296.54351482265184,202.3624034442782,9.563945026270748,-303.62351495970245,88.8641951031276,1.365401587009909,7.080000137050607
8088.0,111.02005767822266,291.2265931021259,10.92935712886091,-296.5434726079589,291.2265931021259,296.5434726079589,202.36239795013955,9.563955441070938,-303.623472437935,88.86419515198632,1.3654016877899722,7.079999829976071
8096.0,111.12995147705078,291.2265907510664,10.929372089818534,-296.54344803330804,291.2265907510664,296.54344803330804,202.36239543398813,9.563970389244439,-303.62344794723526,88.8641953170783,1.3654017005740946,7.079999913927251
8104.0,111.2398452758789,291.22660454939455,10.929386971077198,-296.5434438776961,291.22660454939455,296.5434438776961,202.36240878590513,9.563985370001086,-303.6234441473881,88.86419576348939,1.3654016010761116,7.080000269691982
8112.0,111.34973907470703,291.2266089231173,10.929408285632134,-296.5434312652484,291.2266089231173,296.5434312652484,202.36241338449176,9.564006794030815,-303.62343124564126,88.86419553862552,1.3654014916013189,7.079999980392884
8120.0,111.45963287353516,291.22660554293196,10.929423825721376,-296.5433797306267,291.22660554293196,296.5433797306267,202.3624098110954,9.564022185442672,-303.62337971544133,88.86419573183656,1.3654016402787024,7.079999984814622
8128.0,111.56952667236328,291.2266189256669,10.929447767912684,-296.54335742507294,291.2266189256669,296.54335742507294,202.36242293821618,9.564046224677002,-303.6233577022962,88.86419598745073,1.365401543235683,7.080000277223206
8136.0,111.6794204711914,291.2266210397919,10.929459854825902,-296.543359528121,291.2266210397919,296.543359528121,202.36242484244616,9.564058317992611,-303.62335973595066,88.86419619734573,1.365401536833291,7.080000207829623
8144.0,111.78931427001953,291.22662809210277,10.92948223972363,-296.54330744970883,291.22662809210277,296.54330744970883,202.36243176446862,9.564080637681577,-303.62330739502283,88.86419632763415,1.365401602042052,7.079999945314009
8152.0,111.89920806884766,291.22662022810357,10.929492913477254,-296.54329316031146,291.22662022810357,296.54329316031146,202.3624240655534,9.564091388699266,-303.6232933476365,88.8641961625502,1.365401524777989,7.080000187325013
8160.0,112.00910186767578,291.22664406851254,10.929508018778284,-296.5433024106775,291.22664406851254,296.5433024106775,202.362447866818,9.564106429843394,-303.62330258535985,88.86419620169451,1.36540158893489,7.080000174682354
8168.0,112.1189956665039,291.22664575828674,10.929527710991042,-296.5432861659305,291.22664575828674,296.5432861659305,202.3624493761053,9.564126303175163,-303.62328648726805,88.86419638218142,1.3654014078158787,7.08000032133756
8176.0,112.22888946533203,291.2266495605922,10.929543238101013,-296.54325941647,291.2266495605922,296.54325941647,202.3624530612078,9.564141827493584,-303.62325964702995,88.86419649938439,1.36540141060743,7.080000230559946
8184.0,112.33878326416016,291.22667076886813,10.929565238952597,-296.5432694506668,291.22667076886813,296.5432694506668,202.3624740796296,9.564163371254093,-303.62326976089486,88.86419668923853,1.3654018676985036,7.080000310228037
8192.0,112.44867706298828,291.22665576198506,10.929586204525815,-296.5432223296261,291.22665576198506,296.5432223296261,202.3624589454788,9.564184533871735,-303.6232223395886,88.86419681650624,1.3654016706540792,7.0800000099625535
8200.0,112.55838775634766,291.226669929756,10.92959721807813,-296.5432144651236,291.226669929756,296.5432144651236,202.36247339019502,9.564195426836054,-303.6232146366667,88.86419653956096,1.365401791242074,7.080000171543124
8208.0,112.66828155517578,291.226673923014,10.929620376849677,-296.5431772784473,291.226673923014,296.5431772784473,202.36247700464912,9.56421872679638,-303.62317751727886,88.86419691836485,1.3654016500532977,7.080000238831572
8216.0,112.7782211303711,291.2266714278352,10.929633346541516,-296.54313730947047,291.2266714278352,296.54313730947047,202.36247440700927,9.564231590570135,-303.6231377745551,88.86419702082591,1.3654017559713814,7.080000465084652
8224.0,112.8881607055664,291.22667026849473,10.929646368294934,-296.54310703354935,291.22667026849473,296.54310703354935,202.3624730178562,9.564244708380961,-303.6231076062694,88.86419725063853,1.365401659913972,7.080000572720055
8232.0,112.99805450439453,291.2266828435186,10.929671282186069,-296.54309941383156,291.2266828435186,296.54309941383156,202.36248540149904,9.564269689143183,-303.62309985437986,88.86419744201956,1.3654015930428856,7.0800004405482975
8240.0,113.10794067382812,291.2266918996746,10.929691605127239,-296.54309735858243,291.2266918996746,296.54309735858243,202.36249395529686,9.56429000078502,-303.62309729067954,88.86419794437774,1.36540160434222,7.079999932097125
8248.0,113.21782684326172,291.2266904723556,10.929717749746537,-296.5430624993422,291.2266904723556,296.5430624993422,202.36249284590247,9.564315903785197,-303.6230633121661,88.86419762645312,1.3654018459613404,7.080000812823857
8256.0,113.32772064208984,291.226686635959,10.92973378816989,-296.54301557587473,291.226686635959,296.54301557587473,202.3624888379622,9.564331900443078,-303.6230160444995,88.86419779799682,1.3654018877268128,7.080000468624728
8264.0,113.4375991821289,291.2267136065195,10.92975291754226,-296.5430425119581,291.2267136065195,296.5430425119581,202.36251553717992,9.564351103129997,-303.6230429679498,88.86419806933958,1.3654018144122624,7.0800004559917
8272.0,113.54749298095703,291.2267091828821,10.929764582697164,-296.54300576978216,291.2267091828821,296.54300576978216,202.36251125110167,9.56436274845007,-303.6230059734895,88.86419793178041,1.3654018342470926,7.080000203707351
8280.0,113.65737915039062,291.22671529219747,10.929784032746525,-296.5429702454367,291.22671529219747,296.5429702454367,202.36251712148214,9.564382450567233,-303.6229706236409,88.86419817071533,1.3654015821792922,7.080000378204209
8288.0,113.76727294921875,291.22672493410573,10.929806255039125,-296.54297459757447,291.22672493410573,296.54297459757447,202.36252647275256,9.564404390654893,-303.622975192857,88.86419846135314,1.365401864384232,7.080000595282485
8296.0,113.87715911865234,291.2267328422019,10.929820214106742,-296.5429353816069,291.2267328422019,296.5429353816069,202.36253436118204,9.56441844524122,-303.6229356784285,88.86419848101986,1.3654017688655222,7.080000296821572
8304.0,113.98705291748047,291.22673439752646,10.929840960415074,-296.5429181251853,291.22673439752646,296.5429181251853,202.36253588903247,9.5644393083863,-303.6229186547347,88.86419850849401,1.3654016520287753,7.080000529549411
8312.0,114.09693145751953,291.22673951722845,10.929862780256205,-296.54288093724824,291.22673951722845,296.54288093724824,202.3625407921384,9.564461141186241,-303.6228812951902,88.86419872509009,1.365401639069964,7.080000357941993
8320.0,114.20682525634766,291.22675910397686,10.929889130858518,-296.54290970886666,291.22675910397686,296.54290970886666,202.36255984771918,9.564487574022442,-303.62291020442717,88.8641992562577,1.3654015568360764,7.080000495560487
8328.0,114.31671142578125,291.2267517430987,10.92990496265493,-296.54283501902734,291.2267517430987,296.54283501902734,202.36255225651692,9.564503315240838,-303.6228353770715,88.86419948658181,1.3654016474140915,7.080000358044156
8336.0,114.42660522460938,291.2267692207732,10.929916975852993,-296.54286469630625,291.2267692207732,296.54286469630625,202.36256958827818,9.564515387616904,-303.62286515708416,88.864199632495,1.36540158823609,7.0800004607779075
8344.0,114.53649139404297,291.22675485970757,10.929944236969254,-296.5427996515663,291.22675485970757,296.5427996515663,202.36255532002033,9.56454252995542,-303.6228005958251,88.86419953968725,1.3654017070138342,7.080000944258759
8352.0,114.6463851928711,291.2267768422604,10.929965413151804,-296.5427931597555,291.2267768422604,296.5427931597555,202.3625771765,9.564563939684984,-303.6227939777692,88.86419966576037,1.3654014734668203,7.080000818013753
8360.0,114.75626373291016,291.2267786375571,10.929975881508643,-296.54276143548964,291.2267786375571,296.54276143548964,202.3625789469769,9.564574372682962,-303.6227624023504,88.8641996905802,1.36540150882568,7.0800009668607915
8368.0,114.86615753173828,291.22679928704486,10.930007047372055,-296.54275652636795,291.22679928704486,296.54275652636795,202.3625994029241,9.564605702157293,-303.6227573318926,88.86419988412078,1.365401345214761,7.08000080552467
8376.0,114.97604370117188,291.22679147222743,10.930022510087037,-296.54270738059944,291.22679147222743,296.54270738059944,202.3625912446896,9.56462089880893,-303.6227080024523,88.8642002275378,1.3654016112781076,7.080000621852864
8384.0,115.0859375,291.2267913871766,10.93003885509892,-296.5426948854294,291.2267913871766,296.5426948854294,202.3625911849963,9.564637496209304,-303.6226957825415,88.86420020218034,1.3654013588896157,7.080000897112077
8392.0,115.1958236694336,291.2267967137195,10.930071784205584,-296.542657421852,291.2267967137195,296.542657421852,202.36259620916059,9.564670263940897,-303.62265815676335,88.86420050455894,1.3654015202646876,7.080000734911345
8400.0,115.30571746826172,291.226810835287,10.930081585095131,-296.54263514460763,291.226810835287,296.54263514460763,202.3626102327656,9.564680230537105,-303.62263595043214,88.86420060252136,1.3654013545580255,7.080000805824528
8408.0,115.41559600830078,291.2268038952627,10.930102176252982,-296.5426041174123,291.2268038952627,296.5426041174123,202.3626033125633,9.5647007890311,-303.6226048793777,88.86420058269943,1.3654013872218822,7.080000761965431
8416.0,115.5254898071289,291.2268102533894,10.930125406688756,-296.54258636581983,291.2268102533894,296.54258636581983,202.36260953788835,9.564723943419505,-303.62258722435024,88.86420071550103,1.3654014632692517,7.080000858530429
8424.0,115.6353759765625,291.2268229287961,10.930138265002167,-296.54257438817774,291.2268229287961,296.54257438817774,202.36262202943632,9.564736701484403,-303.62257536486356,88.86420089935979,1.3654015635177645,7.0800009766858185
8432.0,115.74526977539062,291.2268260898385,10.930163492114023,-296.54254378326715,291.2268260898385,296.54254378326715,202.362625026157,9.56476218683558,-303.62254468095676,88.86420106368146,1.365401305278442,7.080000897689639
8440.0,115.85515594482422,291.2268239809674,10.930182327108845,-296.5425226946613,291.2268239809674,296.5425226946613,202.36262310589424,9.564780698399291,-303.6225236912384,88.86420087507318,1.365401628709555,7.0800009965771755
8448.0,115.96504974365234,291.22682849495214,10.930199633466406,-296.54247886892836,291.22682849495214,296.54247886892836,202.36262751423382,9.564798158030234,-303.6224798170846,88.86420098071832,1.365401475436172,7.080000948156214
8456.0,116.0749282836914,291.2268485020472,10.930226665047659,-296.5424629062697,291.2268485020472,296.5424629062697,202.36264750927862,9.564824981315615,-303.62246395984306,88.86420099276856,1.3654016837320435,7.080001053573389
8464.0,116.18482208251953,291.22684417960454,10.930238494561141,-296.54246265588085,291.22684417960454,296.54246265588085,202.36264321857925,9.564837193528074,-303.6224634962181,88.86420096102528,1.365401301033067,7.080000840337232
8472.0,116.29470825195312,291.2268542907953,10.930264899419345,-296.54244493356254,291.2268542907953,296.54244493356254,202.3626530545838,9.564863564803462,-303.62244569861116,88.8642012362115,1.3654013346158829,7.0800007650486325
8480.0,116.40460205078125,291.22684828669253,10.930288786319206,-296.54238097641826,291.22684828669253,296.54238097641826,202.36264675613694,9.564887658453538,-303.6223818010726,88.86420153055562,1.3654011278656686,7.0800008246543715
8488.0,116.51448822021484,291.22687545371366,10.930314779846245,-296.54237175852506,291.22687545371366,296.54237175852506,202.36267369945233,9.564913587682803,-303.6223728403746,88.86420175426136,1.3654011921634426,7.080001081849575
8496.0,116.6243667602539,291.22685916599784,10.930330862463094,-296.5423415643044,291.22685916599784,296.5423415643044,202.36265743673084,9.564929594676697,-303.62234275260295,88.864201729267,1.3654012677863983,7.080001188298502
8504.0,116.73426055908203,291.2268694037166,10.93035401448816,-296.5423060621387,291.2268694037166,296.5423060621387,202.36266760355915,9.564952824504854,-303.6223071878161,88.86420180015742,1.365401189983305,7.080001125677381
8512.0,116.84415435791016,291.22687779992924,10.930372616414443,-296.54231349104845,291.22687779992924,296.54231349104845,202.36267585073244,9.564971547707414,-303.62231465973355,88.8642019491968,1.365401068707029,7.080001168685121
8520.0,116.95404052734375,291.22688086366134,10.930399723963799,-296.54226367979203,291.22688086366134,296.54226367979203,202.36267900559173,9.564998441835586,-303.62226453047913,88.86420185806963,1.3654012821282118,7.080000850687084
8528.0,117.06393432617188,291.2268741365697,10.930420309049152,-296.54222911282017,291.2268741365697,296.54222911282017,202.36267233324082,9.56501918622077,-303.622230136768,88.86420180332884,1.3654011228283829,7.080001023947836
8536.0,117.17382049560547,291.226888362506,10.93043125719938,-296.5422149196784,291.226888362506,296.5422149196784,202.36268652467444,9.565030113614586,-303.6222160584996,88.86420183783156,1.3654011435847941,7.080001138821199
8544.0,117.2837142944336,291.2268943690263,10.930463378396148,-296.54216662651567,291.2268943690263,296.54216662651567,202.3626925765157,9.565061867508282,-303.6221677131221,88.8642017925106,1.365401510887866,7.0800010866064325
8552.0,117.39359283447266,291.2269126375735,10.930487804169049,-296.5421702736379,291.2269126375735,296.5421702736379,202.3627107203307,9.565086510484432,-303.62217132912735,88.86420191724281,1.3654012936846158,7.080001055489471
8560.0,117.50348663330078,291.2269219284465,10.930507419153713,-296.542170236305,291.2269219284465,296.542170236305,202.36271971102832,9.565106074798432,-303.6221712270219,88.86420221741814,1.3654013443552806,7.080000990716888
8568.0,117.61337280273438,291.22690569934474,10.930526173514673,-296.5421162276761,291.22690569934474,296.5421162276761,202.36270330595073,9.565124762433372,-303.62211732004613,88.86420239339401,1.3654014110813006,7.080001092370038
8576.0,117.7232666015625,291.2269201145124,10.930544479397906,-296.54210964623576,291.2269201145124,296.54210964623576,202.36271771910936,9.56514343212208,-303.6221107145651,88.864202395403,1.365401047275827,7.080001068329359
8584.0,117.8331527709961,291.2269263685991,10.930566901641628,-296.5420658031722,291.2269263685991,296.5420658031722,202.36272401534708,9.565165706484613,-303.6220667344422,88.86420235325201,1.3654011951570149,7.080000931270037
8592.0,117.94304656982422,291.22692528931094,10.930586822201935,-296.5420330844977,291.22692528931094,296.5420330844977,202.3627231094897,9.56518549335011,-303.6220337572114,88.86420217982125,1.3654013288518243,7.080000672713708
8600.0,118.05292510986328,291.22695968852446,10.930619619287853,-296.542061019583,291.22695968852446,296.542061019583,202.36275750760262,9.565218330462077,-303.62206229655004,88.86420218092182,1.3654012888257752,7.080001276967028
8608.0,118.1628189086914,291.2269275503201,10.930634385988636,-296.54195532195814,291.2269275503201,296.54195532195814,202.36272500717607,9.56523293394673,-303.6219562633125,88.86420254314405,1.3654014520419073,7.080000941354328
8616.0,118.272705078125,291.22694650538335,10.930660481554359,-296.5419711292137,291.22694650538335,296.5419711292137,202.36274422047734,9.565259197002698,-303.6219721937213,88.86420228490599,1.3654012845516614,7.080001064507607
8624.0,118.38259887695312,291.22693448096925,10.930676898013669,-296.54191015114736,291.22693448096925,296.54191015114736,202.36273211370798,9.565275510840806,-303.62191122723345,88.86420236726124,1.3654013871728636,7.08000107608607
8632.0,118.49248504638672,291.22695274696537,10.930695450180536,-296.54189576030933,291.22695274696537,296.54189576030933,202.36275043041994,9.565294188474786,-303.621897134831,88.86420231654543,1.3654012617057516,7.0800013745216575
8640.0,118.60237884521484,291.2269643240538,10.93071565773325,-296.5418927967234,291.2269643240538,296.5418927967234,202.3627619507691,9.565314453441736,-303.6218938444089,88.8642023732847,1.3654012042915138,7.080001047685456
8648.0,118.71227264404297,291.2269752709584,10.930745796896122,-296.5418620121839,291.2269752709584,296.5418620121839,202.3627726839086,9.565344703334624,-303.62186307004254,88.86420258704985,1.365401093561498,7.080001057858641
8656.0,118.82215118408203,291.2269726129109,10.93076754336126,-296.54184516831305,291.2269726129109,296.54184516831305,202.3627702852061,9.565366215466456,-303.6218460682119,88.86420232770479,1.3654013278948034,7.080000899898818
8664.0,118.93203735351562,291.22695921336356,10.930784000430371,-296.5417708612823,291.22695921336356,296.5417708612823,202.36275686774752,9.565382744515938,-303.62177209289445,88.86420234561601,1.365401255914434,7.080001231612144
8672.0,119.04193115234375,291.22698172459786,10.930806422922897,-296.5418047247716,291.22698172459786,296.5418047247716,202.36277943245568,9.565405058943556,-303.6218058817477,88.86420229214217,1.3654013639793408,7.080001156976075
8680.0,119.15182495117188,291.22698769731244,10.930829683049462,-296.5417435984543,291.22698769731244,296.5417435984543,202.36278546216886,9.565428448972625,-303.62174438575846,88.86420223514358,1.365401234076836,7.0800007873042095
8688.0,119.26171112060547,291.2269922143735,10.930852535397442,-296.5417158793253,291.2269922143735,296.5417158793253,202.3627898796845,9.565451207566152,-303.6217166972391,88.86420233468903,1.3654013278312904,7.080000817913792
8696.0,119.37158966064453,291.22700009280436,10.930881134332846,-296.54170300227497,291.22700009280436,296.54170300227497,202.36279792853924,9.565479938292668,-303.62170384763,88.86420216426512,1.365401196040179,7.080000845355018
8704.0,119.48149871826172,291.2269984399279,10.930897218053918,-296.5416541629841,291.2269984399279,296.5416541629841,202.3627962054272,9.565495804497202,-303.6216549972827,88.86420223450074,1.3654014135567172,7.080000834298573
8712.0,119.59137725830078,291.2270089138723,10.930920891486194,-296.5416332356504,291.2270089138723,296.5416332356504,202.36280663293493,9.56551959160406,-303.6216340655803,88.86420228093736,1.3654012998821339,7.080000829929874
8720.0,119.70126342773438,291.2270259507233,10.930946996080332,-296.5416395526537,291.2270259507233,296.5416395526537,202.36282367261987,9.56554578662143,-303.6216404164089,88.86420227810343,1.3654012094589016,7.080000863755246
8728.0,119.81121063232422,291.22703398711946,10.930966626322952,-296.5416069988801,291.22703398711946,296.5416069988801,202.36283168710196,9.565565434043283,-303.6216080479833,88.8642023000175,1.365401192279669,7.080001049103129
8736.0,119.92115020751953,291.22702944595267,10.930993259249107,-296.54158608344653,291.22702944595267,296.54158608344653,202.36282731025085,9.565591819453578,-303.62158707928916,88.86420213570183,1.3654014397955287,7.080000995842605
8742.0,120.0035629272461,291.2270223165335,10.931004985584893,-296.54154323341294,291.2270223165335,296.54154323341294,202.36282034185368,9.565603472400227,-303.62154412446256,88.86420197467982,1.3654015131846662,7.080000891049598
